[2026-05-30T10:16:31.210+0000] {processor.py:161} INFO - Started process (PID=65) to work on /home/airflow/.local/lib/python3.8/site-packages/airflow/example_dags/example_subdag_operator.py
[2026-05-30T10:16:31.217+0000] {processor.py:830} INFO - Processing file /home/airflow/.local/lib/python3.8/site-packages/airflow/example_dags/example_subdag_operator.py for tasks to queue
[2026-05-30T10:16:31.225+0000] {logging_mixin.py:188} INFO - [2026-05-30T10:16:31.223+0000] {dagbag.py:540} INFO - Filling up the DagBag from /home/airflow/.local/lib/python3.8/site-packages/airflow/example_dags/example_subdag_operator.py
[2026-05-30T10:16:31.329+0000] {processor.py:840} INFO - DAG(s) 'example_subdag_operator.section-1', 'example_subdag_operator.section-2', 'example_subdag_operator' retrieved from /home/airflow/.local/lib/python3.8/site-packages/airflow/example_dags/example_subdag_operator.py
[2026-05-30T10:16:31.402+0000] {logging_mixin.py:188} INFO - [2026-05-30T10:16:31.401+0000] {dag.py:3047} INFO - Sync 3 DAGs
[2026-05-30T10:16:31.489+0000] {logging_mixin.py:188} INFO - [2026-05-30T10:16:31.488+0000] {dag.py:3834} INFO - Setting next_dagrun for example_subdag_operator to 2022-01-01 00:00:00+00:00, run_after=2022-01-01 00:00:00+00:00
[2026-05-30T10:16:31.501+0000] {logging_mixin.py:188} INFO - [2026-05-30T10:16:31.501+0000] {dag.py:3834} INFO - Setting next_dagrun for example_subdag_operator.section-1 to None, run_after=None
[2026-05-30T10:16:31.509+0000] {logging_mixin.py:188} INFO - [2026-05-30T10:16:31.509+0000] {dag.py:3834} INFO - Setting next_dagrun for example_subdag_operator.section-2 to None, run_after=None
[2026-05-30T10:16:31.546+0000] {logging_mixin.py:188} INFO - [2026-05-30T10:16:31.546+0000] {dag.py:3047} INFO - Sync 2 DAGs
[2026-05-30T10:16:31.567+0000] {logging_mixin.py:188} INFO - [2026-05-30T10:16:31.567+0000] {dag.py:3834} INFO - Setting next_dagrun for example_subdag_operator.section-1 to None, run_after=None
[2026-05-30T10:16:31.570+0000] {logging_mixin.py:188} INFO - [2026-05-30T10:16:31.569+0000] {dag.py:3834} INFO - Setting next_dagrun for example_subdag_operator.section-2 to None, run_after=None
[2026-05-30T10:16:31.613+0000] {processor.py:183} INFO - Processing /home/airflow/.local/lib/python3.8/site-packages/airflow/example_dags/example_subdag_operator.py took 0.418 seconds
[2026-05-30T10:17:01.786+0000] {processor.py:161} INFO - Started process (PID=120) to work on /home/airflow/.local/lib/python3.8/site-packages/airflow/example_dags/example_subdag_operator.py
[2026-05-30T10:17:01.787+0000] {processor.py:830} INFO - Processing file /home/airflow/.local/lib/python3.8/site-packages/airflow/example_dags/example_subdag_operator.py for tasks to queue
[2026-05-30T10:17:01.789+0000] {logging_mixin.py:188} INFO - [2026-05-30T10:17:01.789+0000] {dagbag.py:540} INFO - Filling up the DagBag from /home/airflow/.local/lib/python3.8/site-packages/airflow/example_dags/example_subdag_operator.py
[2026-05-30T10:17:01.812+0000] {processor.py:840} INFO - DAG(s) 'example_subdag_operator.section-1', 'example_subdag_operator.section-2', 'example_subdag_operator' retrieved from /home/airflow/.local/lib/python3.8/site-packages/airflow/example_dags/example_subdag_operator.py
[2026-05-30T10:17:01.824+0000] {logging_mixin.py:188} INFO - [2026-05-30T10:17:01.824+0000] {dag.py:3047} INFO - Sync 3 DAGs
[2026-05-30T10:17:01.842+0000] {logging_mixin.py:188} INFO - [2026-05-30T10:17:01.842+0000] {dag.py:3834} INFO - Setting next_dagrun for example_subdag_operator to 2022-01-01 00:00:00+00:00, run_after=2022-01-01 00:00:00+00:00
[2026-05-30T10:17:01.845+0000] {logging_mixin.py:188} INFO - [2026-05-30T10:17:01.845+0000] {dag.py:3834} INFO - Setting next_dagrun for example_subdag_operator.section-1 to None, run_after=None
[2026-05-30T10:17:01.847+0000] {logging_mixin.py:188} INFO - [2026-05-30T10:17:01.847+0000] {dag.py:3834} INFO - Setting next_dagrun for example_subdag_operator.section-2 to None, run_after=None
[2026-05-30T10:17:01.855+0000] {logging_mixin.py:188} INFO - [2026-05-30T10:17:01.855+0000] {dag.py:3047} INFO - Sync 2 DAGs
[2026-05-30T10:17:01.860+0000] {logging_mixin.py:188} INFO - [2026-05-30T10:17:01.859+0000] {dag.py:3834} INFO - Setting next_dagrun for example_subdag_operator.section-1 to None, run_after=None
[2026-05-30T10:17:01.860+0000] {logging_mixin.py:188} INFO - [2026-05-30T10:17:01.860+0000] {dag.py:3834} INFO - Setting next_dagrun for example_subdag_operator.section-2 to None, run_after=None
[2026-05-30T10:17:01.871+0000] {processor.py:183} INFO - Processing /home/airflow/.local/lib/python3.8/site-packages/airflow/example_dags/example_subdag_operator.py took 0.088 seconds
[2026-05-30T10:17:32.177+0000] {processor.py:161} INFO - Started process (PID=181) to work on /home/airflow/.local/lib/python3.8/site-packages/airflow/example_dags/example_subdag_operator.py
[2026-05-30T10:17:32.179+0000] {processor.py:830} INFO - Processing file /home/airflow/.local/lib/python3.8/site-packages/airflow/example_dags/example_subdag_operator.py for tasks to queue
[2026-05-30T10:17:32.181+0000] {logging_mixin.py:188} INFO - [2026-05-30T10:17:32.181+0000] {dagbag.py:540} INFO - Filling up the DagBag from /home/airflow/.local/lib/python3.8/site-packages/airflow/example_dags/example_subdag_operator.py
[2026-05-30T10:17:32.211+0000] {processor.py:840} INFO - DAG(s) 'example_subdag_operator.section-1', 'example_subdag_operator.section-2', 'example_subdag_operator' retrieved from /home/airflow/.local/lib/python3.8/site-packages/airflow/example_dags/example_subdag_operator.py
[2026-05-30T10:17:32.225+0000] {logging_mixin.py:188} INFO - [2026-05-30T10:17:32.225+0000] {dag.py:3047} INFO - Sync 3 DAGs
[2026-05-30T10:17:32.251+0000] {logging_mixin.py:188} INFO - [2026-05-30T10:17:32.251+0000] {dag.py:3834} INFO - Setting next_dagrun for example_subdag_operator to 2022-01-01 00:00:00+00:00, run_after=2022-01-01 00:00:00+00:00
[2026-05-30T10:17:32.259+0000] {logging_mixin.py:188} INFO - [2026-05-30T10:17:32.259+0000] {dag.py:3834} INFO - Setting next_dagrun for example_subdag_operator.section-1 to None, run_after=None
[2026-05-30T10:17:32.261+0000] {logging_mixin.py:188} INFO - [2026-05-30T10:17:32.261+0000] {dag.py:3834} INFO - Setting next_dagrun for example_subdag_operator.section-2 to None, run_after=None
[2026-05-30T10:17:32.268+0000] {logging_mixin.py:188} INFO - [2026-05-30T10:17:32.268+0000] {dag.py:3047} INFO - Sync 2 DAGs
[2026-05-30T10:17:32.275+0000] {logging_mixin.py:188} INFO - [2026-05-30T10:17:32.274+0000] {dag.py:3834} INFO - Setting next_dagrun for example_subdag_operator.section-1 to None, run_after=None
[2026-05-30T10:17:32.276+0000] {logging_mixin.py:188} INFO - [2026-05-30T10:17:32.276+0000] {dag.py:3834} INFO - Setting next_dagrun for example_subdag_operator.section-2 to None, run_after=None
[2026-05-30T10:17:32.291+0000] {processor.py:183} INFO - Processing /home/airflow/.local/lib/python3.8/site-packages/airflow/example_dags/example_subdag_operator.py took 0.117 seconds
[2026-05-30T10:18:03.532+0000] {processor.py:161} INFO - Started process (PID=236) to work on /home/airflow/.local/lib/python3.8/site-packages/airflow/example_dags/example_subdag_operator.py
[2026-05-30T10:18:03.534+0000] {processor.py:830} INFO - Processing file /home/airflow/.local/lib/python3.8/site-packages/airflow/example_dags/example_subdag_operator.py for tasks to queue
[2026-05-30T10:18:03.536+0000] {logging_mixin.py:188} INFO - [2026-05-30T10:18:03.536+0000] {dagbag.py:540} INFO - Filling up the DagBag from /home/airflow/.local/lib/python3.8/site-packages/airflow/example_dags/example_subdag_operator.py
[2026-05-30T10:18:03.561+0000] {processor.py:840} INFO - DAG(s) 'example_subdag_operator.section-1', 'example_subdag_operator.section-2', 'example_subdag_operator' retrieved from /home/airflow/.local/lib/python3.8/site-packages/airflow/example_dags/example_subdag_operator.py
[2026-05-30T10:18:03.575+0000] {logging_mixin.py:188} INFO - [2026-05-30T10:18:03.575+0000] {dag.py:3047} INFO - Sync 3 DAGs
[2026-05-30T10:18:03.596+0000] {logging_mixin.py:188} INFO - [2026-05-30T10:18:03.596+0000] {dag.py:3834} INFO - Setting next_dagrun for example_subdag_operator to 2022-01-01 00:00:00+00:00, run_after=2022-01-01 00:00:00+00:00
[2026-05-30T10:18:03.602+0000] {logging_mixin.py:188} INFO - [2026-05-30T10:18:03.601+0000] {dag.py:3834} INFO - Setting next_dagrun for example_subdag_operator.section-1 to None, run_after=None
[2026-05-30T10:18:03.605+0000] {logging_mixin.py:188} INFO - [2026-05-30T10:18:03.605+0000] {dag.py:3834} INFO - Setting next_dagrun for example_subdag_operator.section-2 to None, run_after=None
[2026-05-30T10:18:03.611+0000] {logging_mixin.py:188} INFO - [2026-05-30T10:18:03.611+0000] {dag.py:3047} INFO - Sync 2 DAGs
[2026-05-30T10:18:03.615+0000] {logging_mixin.py:188} INFO - [2026-05-30T10:18:03.615+0000] {dag.py:3834} INFO - Setting next_dagrun for example_subdag_operator.section-1 to None, run_after=None
[2026-05-30T10:18:03.616+0000] {logging_mixin.py:188} INFO - [2026-05-30T10:18:03.616+0000] {dag.py:3834} INFO - Setting next_dagrun for example_subdag_operator.section-2 to None, run_after=None
[2026-05-30T10:18:03.626+0000] {processor.py:183} INFO - Processing /home/airflow/.local/lib/python3.8/site-packages/airflow/example_dags/example_subdag_operator.py took 0.097 seconds
[2026-05-30T10:18:34.555+0000] {processor.py:161} INFO - Started process (PID=291) to work on /home/airflow/.local/lib/python3.8/site-packages/airflow/example_dags/example_subdag_operator.py
[2026-05-30T10:18:34.557+0000] {processor.py:830} INFO - Processing file /home/airflow/.local/lib/python3.8/site-packages/airflow/example_dags/example_subdag_operator.py for tasks to queue
[2026-05-30T10:18:34.560+0000] {logging_mixin.py:188} INFO - [2026-05-30T10:18:34.559+0000] {dagbag.py:540} INFO - Filling up the DagBag from /home/airflow/.local/lib/python3.8/site-packages/airflow/example_dags/example_subdag_operator.py
[2026-05-30T10:18:34.594+0000] {processor.py:840} INFO - DAG(s) 'example_subdag_operator.section-1', 'example_subdag_operator.section-2', 'example_subdag_operator' retrieved from /home/airflow/.local/lib/python3.8/site-packages/airflow/example_dags/example_subdag_operator.py
[2026-05-30T10:18:34.609+0000] {logging_mixin.py:188} INFO - [2026-05-30T10:18:34.608+0000] {dag.py:3047} INFO - Sync 3 DAGs
[2026-05-30T10:18:34.639+0000] {logging_mixin.py:188} INFO - [2026-05-30T10:18:34.638+0000] {dag.py:3834} INFO - Setting next_dagrun for example_subdag_operator to 2022-01-01 00:00:00+00:00, run_after=2022-01-01 00:00:00+00:00
[2026-05-30T10:18:34.642+0000] {logging_mixin.py:188} INFO - [2026-05-30T10:18:34.642+0000] {dag.py:3834} INFO - Setting next_dagrun for example_subdag_operator.section-1 to None, run_after=None
[2026-05-30T10:18:34.644+0000] {logging_mixin.py:188} INFO - [2026-05-30T10:18:34.644+0000] {dag.py:3834} INFO - Setting next_dagrun for example_subdag_operator.section-2 to None, run_after=None
[2026-05-30T10:18:34.655+0000] {logging_mixin.py:188} INFO - [2026-05-30T10:18:34.655+0000] {dag.py:3047} INFO - Sync 2 DAGs
[2026-05-30T10:18:34.660+0000] {logging_mixin.py:188} INFO - [2026-05-30T10:18:34.660+0000] {dag.py:3834} INFO - Setting next_dagrun for example_subdag_operator.section-1 to None, run_after=None
[2026-05-30T10:18:34.661+0000] {logging_mixin.py:188} INFO - [2026-05-30T10:18:34.661+0000] {dag.py:3834} INFO - Setting next_dagrun for example_subdag_operator.section-2 to None, run_after=None
[2026-05-30T10:18:34.676+0000] {processor.py:183} INFO - Processing /home/airflow/.local/lib/python3.8/site-packages/airflow/example_dags/example_subdag_operator.py took 0.124 seconds
[2026-05-30T10:19:05.428+0000] {processor.py:161} INFO - Started process (PID=346) to work on /home/airflow/.local/lib/python3.8/site-packages/airflow/example_dags/example_subdag_operator.py
[2026-05-30T10:19:05.430+0000] {processor.py:830} INFO - Processing file /home/airflow/.local/lib/python3.8/site-packages/airflow/example_dags/example_subdag_operator.py for tasks to queue
[2026-05-30T10:19:05.433+0000] {logging_mixin.py:188} INFO - [2026-05-30T10:19:05.432+0000] {dagbag.py:540} INFO - Filling up the DagBag from /home/airflow/.local/lib/python3.8/site-packages/airflow/example_dags/example_subdag_operator.py
[2026-05-30T10:19:05.454+0000] {processor.py:840} INFO - DAG(s) 'example_subdag_operator.section-1', 'example_subdag_operator.section-2', 'example_subdag_operator' retrieved from /home/airflow/.local/lib/python3.8/site-packages/airflow/example_dags/example_subdag_operator.py
[2026-05-30T10:19:05.467+0000] {logging_mixin.py:188} INFO - [2026-05-30T10:19:05.467+0000] {dag.py:3047} INFO - Sync 3 DAGs
[2026-05-30T10:19:05.487+0000] {logging_mixin.py:188} INFO - [2026-05-30T10:19:05.487+0000] {dag.py:3834} INFO - Setting next_dagrun for example_subdag_operator to 2022-01-01 00:00:00+00:00, run_after=2022-01-01 00:00:00+00:00
[2026-05-30T10:19:05.490+0000] {logging_mixin.py:188} INFO - [2026-05-30T10:19:05.490+0000] {dag.py:3834} INFO - Setting next_dagrun for example_subdag_operator.section-1 to None, run_after=None
[2026-05-30T10:19:05.493+0000] {logging_mixin.py:188} INFO - [2026-05-30T10:19:05.493+0000] {dag.py:3834} INFO - Setting next_dagrun for example_subdag_operator.section-2 to None, run_after=None
[2026-05-30T10:19:05.499+0000] {logging_mixin.py:188} INFO - [2026-05-30T10:19:05.499+0000] {dag.py:3047} INFO - Sync 2 DAGs
[2026-05-30T10:19:05.508+0000] {logging_mixin.py:188} INFO - [2026-05-30T10:19:05.508+0000] {dag.py:3834} INFO - Setting next_dagrun for example_subdag_operator.section-1 to None, run_after=None
[2026-05-30T10:19:05.510+0000] {logging_mixin.py:188} INFO - [2026-05-30T10:19:05.510+0000] {dag.py:3834} INFO - Setting next_dagrun for example_subdag_operator.section-2 to None, run_after=None
[2026-05-30T10:19:05.528+0000] {processor.py:183} INFO - Processing /home/airflow/.local/lib/python3.8/site-packages/airflow/example_dags/example_subdag_operator.py took 0.103 seconds
[2026-05-30T10:19:35.811+0000] {processor.py:161} INFO - Started process (PID=401) to work on /home/airflow/.local/lib/python3.8/site-packages/airflow/example_dags/example_subdag_operator.py
[2026-05-30T10:19:35.812+0000] {processor.py:830} INFO - Processing file /home/airflow/.local/lib/python3.8/site-packages/airflow/example_dags/example_subdag_operator.py for tasks to queue
[2026-05-30T10:19:35.814+0000] {logging_mixin.py:188} INFO - [2026-05-30T10:19:35.814+0000] {dagbag.py:540} INFO - Filling up the DagBag from /home/airflow/.local/lib/python3.8/site-packages/airflow/example_dags/example_subdag_operator.py
[2026-05-30T10:19:35.834+0000] {processor.py:840} INFO - DAG(s) 'example_subdag_operator.section-1', 'example_subdag_operator.section-2', 'example_subdag_operator' retrieved from /home/airflow/.local/lib/python3.8/site-packages/airflow/example_dags/example_subdag_operator.py
[2026-05-30T10:19:35.847+0000] {logging_mixin.py:188} INFO - [2026-05-30T10:19:35.846+0000] {dag.py:3047} INFO - Sync 3 DAGs
[2026-05-30T10:19:35.865+0000] {logging_mixin.py:188} INFO - [2026-05-30T10:19:35.865+0000] {dag.py:3834} INFO - Setting next_dagrun for example_subdag_operator to 2022-01-01 00:00:00+00:00, run_after=2022-01-01 00:00:00+00:00
[2026-05-30T10:19:35.868+0000] {logging_mixin.py:188} INFO - [2026-05-30T10:19:35.868+0000] {dag.py:3834} INFO - Setting next_dagrun for example_subdag_operator.section-1 to None, run_after=None
[2026-05-30T10:19:35.870+0000] {logging_mixin.py:188} INFO - [2026-05-30T10:19:35.870+0000] {dag.py:3834} INFO - Setting next_dagrun for example_subdag_operator.section-2 to None, run_after=None
[2026-05-30T10:19:35.876+0000] {logging_mixin.py:188} INFO - [2026-05-30T10:19:35.876+0000] {dag.py:3047} INFO - Sync 2 DAGs
[2026-05-30T10:19:35.881+0000] {logging_mixin.py:188} INFO - [2026-05-30T10:19:35.880+0000] {dag.py:3834} INFO - Setting next_dagrun for example_subdag_operator.section-1 to None, run_after=None
[2026-05-30T10:19:35.882+0000] {logging_mixin.py:188} INFO - [2026-05-30T10:19:35.881+0000] {dag.py:3834} INFO - Setting next_dagrun for example_subdag_operator.section-2 to None, run_after=None
[2026-05-30T10:19:35.893+0000] {processor.py:183} INFO - Processing /home/airflow/.local/lib/python3.8/site-packages/airflow/example_dags/example_subdag_operator.py took 0.084 seconds
[2026-05-30T10:20:06.256+0000] {processor.py:161} INFO - Started process (PID=456) to work on /home/airflow/.local/lib/python3.8/site-packages/airflow/example_dags/example_subdag_operator.py
[2026-05-30T10:20:06.257+0000] {processor.py:830} INFO - Processing file /home/airflow/.local/lib/python3.8/site-packages/airflow/example_dags/example_subdag_operator.py for tasks to queue
[2026-05-30T10:20:06.259+0000] {logging_mixin.py:188} INFO - [2026-05-30T10:20:06.259+0000] {dagbag.py:540} INFO - Filling up the DagBag from /home/airflow/.local/lib/python3.8/site-packages/airflow/example_dags/example_subdag_operator.py
[2026-05-30T10:20:06.285+0000] {processor.py:840} INFO - DAG(s) 'example_subdag_operator.section-1', 'example_subdag_operator.section-2', 'example_subdag_operator' retrieved from /home/airflow/.local/lib/python3.8/site-packages/airflow/example_dags/example_subdag_operator.py
[2026-05-30T10:20:06.300+0000] {logging_mixin.py:188} INFO - [2026-05-30T10:20:06.300+0000] {dag.py:3047} INFO - Sync 3 DAGs
[2026-05-30T10:20:06.325+0000] {logging_mixin.py:188} INFO - [2026-05-30T10:20:06.325+0000] {dag.py:3834} INFO - Setting next_dagrun for example_subdag_operator to 2022-01-01 00:00:00+00:00, run_after=2022-01-01 00:00:00+00:00
[2026-05-30T10:20:06.329+0000] {logging_mixin.py:188} INFO - [2026-05-30T10:20:06.329+0000] {dag.py:3834} INFO - Setting next_dagrun for example_subdag_operator.section-1 to None, run_after=None
[2026-05-30T10:20:06.331+0000] {logging_mixin.py:188} INFO - [2026-05-30T10:20:06.331+0000] {dag.py:3834} INFO - Setting next_dagrun for example_subdag_operator.section-2 to None, run_after=None
[2026-05-30T10:20:06.342+0000] {logging_mixin.py:188} INFO - [2026-05-30T10:20:06.342+0000] {dag.py:3047} INFO - Sync 2 DAGs
[2026-05-30T10:20:06.348+0000] {logging_mixin.py:188} INFO - [2026-05-30T10:20:06.348+0000] {dag.py:3834} INFO - Setting next_dagrun for example_subdag_operator.section-1 to None, run_after=None
[2026-05-30T10:20:06.349+0000] {logging_mixin.py:188} INFO - [2026-05-30T10:20:06.349+0000] {dag.py:3834} INFO - Setting next_dagrun for example_subdag_operator.section-2 to None, run_after=None
[2026-05-30T10:20:06.367+0000] {processor.py:183} INFO - Processing /home/airflow/.local/lib/python3.8/site-packages/airflow/example_dags/example_subdag_operator.py took 0.113 seconds
[2026-05-30T10:20:36.613+0000] {processor.py:161} INFO - Started process (PID=511) to work on /home/airflow/.local/lib/python3.8/site-packages/airflow/example_dags/example_subdag_operator.py
[2026-05-30T10:20:36.615+0000] {processor.py:830} INFO - Processing file /home/airflow/.local/lib/python3.8/site-packages/airflow/example_dags/example_subdag_operator.py for tasks to queue
[2026-05-30T10:20:36.617+0000] {logging_mixin.py:188} INFO - [2026-05-30T10:20:36.617+0000] {dagbag.py:540} INFO - Filling up the DagBag from /home/airflow/.local/lib/python3.8/site-packages/airflow/example_dags/example_subdag_operator.py
[2026-05-30T10:20:36.636+0000] {processor.py:840} INFO - DAG(s) 'example_subdag_operator.section-1', 'example_subdag_operator.section-2', 'example_subdag_operator' retrieved from /home/airflow/.local/lib/python3.8/site-packages/airflow/example_dags/example_subdag_operator.py
[2026-05-30T10:20:36.646+0000] {logging_mixin.py:188} INFO - [2026-05-30T10:20:36.646+0000] {dag.py:3047} INFO - Sync 3 DAGs
[2026-05-30T10:20:36.664+0000] {logging_mixin.py:188} INFO - [2026-05-30T10:20:36.663+0000] {dag.py:3834} INFO - Setting next_dagrun for example_subdag_operator to 2022-01-01 00:00:00+00:00, run_after=2022-01-01 00:00:00+00:00
[2026-05-30T10:20:36.667+0000] {logging_mixin.py:188} INFO - [2026-05-30T10:20:36.667+0000] {dag.py:3834} INFO - Setting next_dagrun for example_subdag_operator.section-1 to None, run_after=None
[2026-05-30T10:20:36.668+0000] {logging_mixin.py:188} INFO - [2026-05-30T10:20:36.668+0000] {dag.py:3834} INFO - Setting next_dagrun for example_subdag_operator.section-2 to None, run_after=None
[2026-05-30T10:20:36.675+0000] {logging_mixin.py:188} INFO - [2026-05-30T10:20:36.675+0000] {dag.py:3047} INFO - Sync 2 DAGs
[2026-05-30T10:20:36.679+0000] {logging_mixin.py:188} INFO - [2026-05-30T10:20:36.679+0000] {dag.py:3834} INFO - Setting next_dagrun for example_subdag_operator.section-1 to None, run_after=None
[2026-05-30T10:20:36.680+0000] {logging_mixin.py:188} INFO - [2026-05-30T10:20:36.680+0000] {dag.py:3834} INFO - Setting next_dagrun for example_subdag_operator.section-2 to None, run_after=None
[2026-05-30T10:20:36.690+0000] {processor.py:183} INFO - Processing /home/airflow/.local/lib/python3.8/site-packages/airflow/example_dags/example_subdag_operator.py took 0.079 seconds
[2026-05-30T10:21:06.874+0000] {processor.py:161} INFO - Started process (PID=566) to work on /home/airflow/.local/lib/python3.8/site-packages/airflow/example_dags/example_subdag_operator.py
[2026-05-30T10:21:06.877+0000] {processor.py:830} INFO - Processing file /home/airflow/.local/lib/python3.8/site-packages/airflow/example_dags/example_subdag_operator.py for tasks to queue
[2026-05-30T10:21:06.881+0000] {logging_mixin.py:188} INFO - [2026-05-30T10:21:06.880+0000] {dagbag.py:540} INFO - Filling up the DagBag from /home/airflow/.local/lib/python3.8/site-packages/airflow/example_dags/example_subdag_operator.py
[2026-05-30T10:21:06.905+0000] {processor.py:840} INFO - DAG(s) 'example_subdag_operator.section-1', 'example_subdag_operator.section-2', 'example_subdag_operator' retrieved from /home/airflow/.local/lib/python3.8/site-packages/airflow/example_dags/example_subdag_operator.py
[2026-05-30T10:21:06.919+0000] {logging_mixin.py:188} INFO - [2026-05-30T10:21:06.918+0000] {dag.py:3047} INFO - Sync 3 DAGs
[2026-05-30T10:21:06.935+0000] {logging_mixin.py:188} INFO - [2026-05-30T10:21:06.935+0000] {dag.py:3834} INFO - Setting next_dagrun for example_subdag_operator to 2022-01-01 00:00:00+00:00, run_after=2022-01-01 00:00:00+00:00
[2026-05-30T10:21:06.938+0000] {logging_mixin.py:188} INFO - [2026-05-30T10:21:06.938+0000] {dag.py:3834} INFO - Setting next_dagrun for example_subdag_operator.section-1 to None, run_after=None
[2026-05-30T10:21:06.939+0000] {logging_mixin.py:188} INFO - [2026-05-30T10:21:06.939+0000] {dag.py:3834} INFO - Setting next_dagrun for example_subdag_operator.section-2 to None, run_after=None
[2026-05-30T10:21:06.945+0000] {logging_mixin.py:188} INFO - [2026-05-30T10:21:06.945+0000] {dag.py:3047} INFO - Sync 2 DAGs
[2026-05-30T10:21:06.949+0000] {logging_mixin.py:188} INFO - [2026-05-30T10:21:06.949+0000] {dag.py:3834} INFO - Setting next_dagrun for example_subdag_operator.section-1 to None, run_after=None
[2026-05-30T10:21:06.950+0000] {logging_mixin.py:188} INFO - [2026-05-30T10:21:06.950+0000] {dag.py:3834} INFO - Setting next_dagrun for example_subdag_operator.section-2 to None, run_after=None
[2026-05-30T10:21:06.963+0000] {processor.py:183} INFO - Processing /home/airflow/.local/lib/python3.8/site-packages/airflow/example_dags/example_subdag_operator.py took 0.092 seconds
[2026-05-30T10:21:37.169+0000] {processor.py:161} INFO - Started process (PID=621) to work on /home/airflow/.local/lib/python3.8/site-packages/airflow/example_dags/example_subdag_operator.py
[2026-05-30T10:21:37.171+0000] {processor.py:830} INFO - Processing file /home/airflow/.local/lib/python3.8/site-packages/airflow/example_dags/example_subdag_operator.py for tasks to queue
[2026-05-30T10:21:37.174+0000] {logging_mixin.py:188} INFO - [2026-05-30T10:21:37.173+0000] {dagbag.py:540} INFO - Filling up the DagBag from /home/airflow/.local/lib/python3.8/site-packages/airflow/example_dags/example_subdag_operator.py
[2026-05-30T10:21:37.203+0000] {processor.py:840} INFO - DAG(s) 'example_subdag_operator.section-1', 'example_subdag_operator.section-2', 'example_subdag_operator' retrieved from /home/airflow/.local/lib/python3.8/site-packages/airflow/example_dags/example_subdag_operator.py
[2026-05-30T10:21:37.220+0000] {logging_mixin.py:188} INFO - [2026-05-30T10:21:37.219+0000] {dag.py:3047} INFO - Sync 3 DAGs
[2026-05-30T10:21:37.239+0000] {logging_mixin.py:188} INFO - [2026-05-30T10:21:37.239+0000] {dag.py:3834} INFO - Setting next_dagrun for example_subdag_operator to 2022-01-01 00:00:00+00:00, run_after=2022-01-01 00:00:00+00:00
[2026-05-30T10:21:37.243+0000] {logging_mixin.py:188} INFO - [2026-05-30T10:21:37.243+0000] {dag.py:3834} INFO - Setting next_dagrun for example_subdag_operator.section-1 to None, run_after=None
[2026-05-30T10:21:37.244+0000] {logging_mixin.py:188} INFO - [2026-05-30T10:21:37.244+0000] {dag.py:3834} INFO - Setting next_dagrun for example_subdag_operator.section-2 to None, run_after=None
[2026-05-30T10:21:37.251+0000] {logging_mixin.py:188} INFO - [2026-05-30T10:21:37.251+0000] {dag.py:3047} INFO - Sync 2 DAGs
[2026-05-30T10:21:37.261+0000] {logging_mixin.py:188} INFO - [2026-05-30T10:21:37.261+0000] {dag.py:3834} INFO - Setting next_dagrun for example_subdag_operator.section-1 to None, run_after=None
[2026-05-30T10:21:37.262+0000] {logging_mixin.py:188} INFO - [2026-05-30T10:21:37.262+0000] {dag.py:3834} INFO - Setting next_dagrun for example_subdag_operator.section-2 to None, run_after=None
[2026-05-30T10:21:37.276+0000] {processor.py:183} INFO - Processing /home/airflow/.local/lib/python3.8/site-packages/airflow/example_dags/example_subdag_operator.py took 0.110 seconds
[2026-05-30T10:22:07.526+0000] {processor.py:161} INFO - Started process (PID=676) to work on /home/airflow/.local/lib/python3.8/site-packages/airflow/example_dags/example_subdag_operator.py
[2026-05-30T10:22:07.527+0000] {processor.py:830} INFO - Processing file /home/airflow/.local/lib/python3.8/site-packages/airflow/example_dags/example_subdag_operator.py for tasks to queue
[2026-05-30T10:22:07.529+0000] {logging_mixin.py:188} INFO - [2026-05-30T10:22:07.529+0000] {dagbag.py:540} INFO - Filling up the DagBag from /home/airflow/.local/lib/python3.8/site-packages/airflow/example_dags/example_subdag_operator.py
[2026-05-30T10:22:07.551+0000] {processor.py:840} INFO - DAG(s) 'example_subdag_operator.section-1', 'example_subdag_operator.section-2', 'example_subdag_operator' retrieved from /home/airflow/.local/lib/python3.8/site-packages/airflow/example_dags/example_subdag_operator.py
[2026-05-30T10:22:07.577+0000] {logging_mixin.py:188} INFO - [2026-05-30T10:22:07.576+0000] {dag.py:3047} INFO - Sync 3 DAGs
[2026-05-30T10:22:07.604+0000] {logging_mixin.py:188} INFO - [2026-05-30T10:22:07.604+0000] {dag.py:3834} INFO - Setting next_dagrun for example_subdag_operator to 2022-01-01 00:00:00+00:00, run_after=2022-01-01 00:00:00+00:00
[2026-05-30T10:22:07.609+0000] {logging_mixin.py:188} INFO - [2026-05-30T10:22:07.608+0000] {dag.py:3834} INFO - Setting next_dagrun for example_subdag_operator.section-1 to None, run_after=None
[2026-05-30T10:22:07.611+0000] {logging_mixin.py:188} INFO - [2026-05-30T10:22:07.610+0000] {dag.py:3834} INFO - Setting next_dagrun for example_subdag_operator.section-2 to None, run_after=None
[2026-05-30T10:22:07.620+0000] {logging_mixin.py:188} INFO - [2026-05-30T10:22:07.620+0000] {dag.py:3047} INFO - Sync 2 DAGs
[2026-05-30T10:22:07.627+0000] {logging_mixin.py:188} INFO - [2026-05-30T10:22:07.626+0000] {dag.py:3834} INFO - Setting next_dagrun for example_subdag_operator.section-1 to None, run_after=None
[2026-05-30T10:22:07.628+0000] {logging_mixin.py:188} INFO - [2026-05-30T10:22:07.627+0000] {dag.py:3834} INFO - Setting next_dagrun for example_subdag_operator.section-2 to None, run_after=None
[2026-05-30T10:22:07.644+0000] {processor.py:183} INFO - Processing /home/airflow/.local/lib/python3.8/site-packages/airflow/example_dags/example_subdag_operator.py took 0.121 seconds
[2026-05-30T10:22:37.808+0000] {processor.py:161} INFO - Started process (PID=732) to work on /home/airflow/.local/lib/python3.8/site-packages/airflow/example_dags/example_subdag_operator.py
[2026-05-30T10:22:37.810+0000] {processor.py:830} INFO - Processing file /home/airflow/.local/lib/python3.8/site-packages/airflow/example_dags/example_subdag_operator.py for tasks to queue
[2026-05-30T10:22:37.812+0000] {logging_mixin.py:188} INFO - [2026-05-30T10:22:37.811+0000] {dagbag.py:540} INFO - Filling up the DagBag from /home/airflow/.local/lib/python3.8/site-packages/airflow/example_dags/example_subdag_operator.py
[2026-05-30T10:22:37.835+0000] {processor.py:840} INFO - DAG(s) 'example_subdag_operator.section-1', 'example_subdag_operator.section-2', 'example_subdag_operator' retrieved from /home/airflow/.local/lib/python3.8/site-packages/airflow/example_dags/example_subdag_operator.py
[2026-05-30T10:22:37.848+0000] {logging_mixin.py:188} INFO - [2026-05-30T10:22:37.847+0000] {dag.py:3047} INFO - Sync 3 DAGs
[2026-05-30T10:22:37.865+0000] {logging_mixin.py:188} INFO - [2026-05-30T10:22:37.865+0000] {dag.py:3834} INFO - Setting next_dagrun for example_subdag_operator to 2022-01-01 00:00:00+00:00, run_after=2022-01-01 00:00:00+00:00
[2026-05-30T10:22:37.869+0000] {logging_mixin.py:188} INFO - [2026-05-30T10:22:37.868+0000] {dag.py:3834} INFO - Setting next_dagrun for example_subdag_operator.section-1 to None, run_after=None
[2026-05-30T10:22:37.871+0000] {logging_mixin.py:188} INFO - [2026-05-30T10:22:37.870+0000] {dag.py:3834} INFO - Setting next_dagrun for example_subdag_operator.section-2 to None, run_after=None
[2026-05-30T10:22:37.878+0000] {logging_mixin.py:188} INFO - [2026-05-30T10:22:37.878+0000] {dag.py:3047} INFO - Sync 2 DAGs
[2026-05-30T10:22:37.883+0000] {logging_mixin.py:188} INFO - [2026-05-30T10:22:37.883+0000] {dag.py:3834} INFO - Setting next_dagrun for example_subdag_operator.section-1 to None, run_after=None
[2026-05-30T10:22:37.884+0000] {logging_mixin.py:188} INFO - [2026-05-30T10:22:37.884+0000] {dag.py:3834} INFO - Setting next_dagrun for example_subdag_operator.section-2 to None, run_after=None
[2026-05-30T10:22:37.893+0000] {processor.py:183} INFO - Processing /home/airflow/.local/lib/python3.8/site-packages/airflow/example_dags/example_subdag_operator.py took 0.088 seconds
[2026-05-30T10:23:08.374+0000] {processor.py:161} INFO - Started process (PID=786) to work on /home/airflow/.local/lib/python3.8/site-packages/airflow/example_dags/example_subdag_operator.py
[2026-05-30T10:23:08.376+0000] {processor.py:830} INFO - Processing file /home/airflow/.local/lib/python3.8/site-packages/airflow/example_dags/example_subdag_operator.py for tasks to queue
[2026-05-30T10:23:08.378+0000] {logging_mixin.py:188} INFO - [2026-05-30T10:23:08.378+0000] {dagbag.py:540} INFO - Filling up the DagBag from /home/airflow/.local/lib/python3.8/site-packages/airflow/example_dags/example_subdag_operator.py
[2026-05-30T10:23:08.400+0000] {processor.py:840} INFO - DAG(s) 'example_subdag_operator.section-1', 'example_subdag_operator.section-2', 'example_subdag_operator' retrieved from /home/airflow/.local/lib/python3.8/site-packages/airflow/example_dags/example_subdag_operator.py
[2026-05-30T10:23:08.413+0000] {logging_mixin.py:188} INFO - [2026-05-30T10:23:08.413+0000] {dag.py:3047} INFO - Sync 3 DAGs
[2026-05-30T10:23:08.431+0000] {logging_mixin.py:188} INFO - [2026-05-30T10:23:08.431+0000] {dag.py:3834} INFO - Setting next_dagrun for example_subdag_operator to 2022-01-01 00:00:00+00:00, run_after=2022-01-01 00:00:00+00:00
[2026-05-30T10:23:08.435+0000] {logging_mixin.py:188} INFO - [2026-05-30T10:23:08.435+0000] {dag.py:3834} INFO - Setting next_dagrun for example_subdag_operator.section-1 to None, run_after=None
[2026-05-30T10:23:08.437+0000] {logging_mixin.py:188} INFO - [2026-05-30T10:23:08.437+0000] {dag.py:3834} INFO - Setting next_dagrun for example_subdag_operator.section-2 to None, run_after=None
[2026-05-30T10:23:08.445+0000] {logging_mixin.py:188} INFO - [2026-05-30T10:23:08.445+0000] {dag.py:3047} INFO - Sync 2 DAGs
[2026-05-30T10:23:08.452+0000] {logging_mixin.py:188} INFO - [2026-05-30T10:23:08.451+0000] {dag.py:3834} INFO - Setting next_dagrun for example_subdag_operator.section-1 to None, run_after=None
[2026-05-30T10:23:08.452+0000] {logging_mixin.py:188} INFO - [2026-05-30T10:23:08.452+0000] {dag.py:3834} INFO - Setting next_dagrun for example_subdag_operator.section-2 to None, run_after=None
[2026-05-30T10:23:08.461+0000] {processor.py:183} INFO - Processing /home/airflow/.local/lib/python3.8/site-packages/airflow/example_dags/example_subdag_operator.py took 0.089 seconds
[2026-05-30T10:23:38.898+0000] {processor.py:161} INFO - Started process (PID=841) to work on /home/airflow/.local/lib/python3.8/site-packages/airflow/example_dags/example_subdag_operator.py
[2026-05-30T10:23:38.900+0000] {processor.py:830} INFO - Processing file /home/airflow/.local/lib/python3.8/site-packages/airflow/example_dags/example_subdag_operator.py for tasks to queue
[2026-05-30T10:23:38.902+0000] {logging_mixin.py:188} INFO - [2026-05-30T10:23:38.902+0000] {dagbag.py:540} INFO - Filling up the DagBag from /home/airflow/.local/lib/python3.8/site-packages/airflow/example_dags/example_subdag_operator.py
[2026-05-30T10:23:38.926+0000] {processor.py:840} INFO - DAG(s) 'example_subdag_operator.section-1', 'example_subdag_operator.section-2', 'example_subdag_operator' retrieved from /home/airflow/.local/lib/python3.8/site-packages/airflow/example_dags/example_subdag_operator.py
[2026-05-30T10:23:38.938+0000] {logging_mixin.py:188} INFO - [2026-05-30T10:23:38.938+0000] {dag.py:3047} INFO - Sync 3 DAGs
[2026-05-30T10:23:38.956+0000] {logging_mixin.py:188} INFO - [2026-05-30T10:23:38.955+0000] {dag.py:3834} INFO - Setting next_dagrun for example_subdag_operator to 2022-01-01 00:00:00+00:00, run_after=2022-01-01 00:00:00+00:00
[2026-05-30T10:23:38.960+0000] {logging_mixin.py:188} INFO - [2026-05-30T10:23:38.960+0000] {dag.py:3834} INFO - Setting next_dagrun for example_subdag_operator.section-1 to None, run_after=None
[2026-05-30T10:23:38.962+0000] {logging_mixin.py:188} INFO - [2026-05-30T10:23:38.962+0000] {dag.py:3834} INFO - Setting next_dagrun for example_subdag_operator.section-2 to None, run_after=None
[2026-05-30T10:23:38.969+0000] {logging_mixin.py:188} INFO - [2026-05-30T10:23:38.968+0000] {dag.py:3047} INFO - Sync 2 DAGs
[2026-05-30T10:23:38.976+0000] {logging_mixin.py:188} INFO - [2026-05-30T10:23:38.976+0000] {dag.py:3834} INFO - Setting next_dagrun for example_subdag_operator.section-1 to None, run_after=None
[2026-05-30T10:23:38.977+0000] {logging_mixin.py:188} INFO - [2026-05-30T10:23:38.977+0000] {dag.py:3834} INFO - Setting next_dagrun for example_subdag_operator.section-2 to None, run_after=None
[2026-05-30T10:23:38.988+0000] {processor.py:183} INFO - Processing /home/airflow/.local/lib/python3.8/site-packages/airflow/example_dags/example_subdag_operator.py took 0.092 seconds
[2026-05-30T10:24:09.234+0000] {processor.py:161} INFO - Started process (PID=896) to work on /home/airflow/.local/lib/python3.8/site-packages/airflow/example_dags/example_subdag_operator.py
[2026-05-30T10:24:09.235+0000] {processor.py:830} INFO - Processing file /home/airflow/.local/lib/python3.8/site-packages/airflow/example_dags/example_subdag_operator.py for tasks to queue
[2026-05-30T10:24:09.237+0000] {logging_mixin.py:188} INFO - [2026-05-30T10:24:09.237+0000] {dagbag.py:540} INFO - Filling up the DagBag from /home/airflow/.local/lib/python3.8/site-packages/airflow/example_dags/example_subdag_operator.py
[2026-05-30T10:24:09.255+0000] {processor.py:840} INFO - DAG(s) 'example_subdag_operator.section-1', 'example_subdag_operator.section-2', 'example_subdag_operator' retrieved from /home/airflow/.local/lib/python3.8/site-packages/airflow/example_dags/example_subdag_operator.py
[2026-05-30T10:24:09.266+0000] {logging_mixin.py:188} INFO - [2026-05-30T10:24:09.265+0000] {dag.py:3047} INFO - Sync 3 DAGs
[2026-05-30T10:24:09.282+0000] {logging_mixin.py:188} INFO - [2026-05-30T10:24:09.282+0000] {dag.py:3834} INFO - Setting next_dagrun for example_subdag_operator to 2022-01-01 00:00:00+00:00, run_after=2022-01-01 00:00:00+00:00
[2026-05-30T10:24:09.285+0000] {logging_mixin.py:188} INFO - [2026-05-30T10:24:09.285+0000] {dag.py:3834} INFO - Setting next_dagrun for example_subdag_operator.section-1 to None, run_after=None
[2026-05-30T10:24:09.287+0000] {logging_mixin.py:188} INFO - [2026-05-30T10:24:09.287+0000] {dag.py:3834} INFO - Setting next_dagrun for example_subdag_operator.section-2 to None, run_after=None
[2026-05-30T10:24:09.293+0000] {logging_mixin.py:188} INFO - [2026-05-30T10:24:09.293+0000] {dag.py:3047} INFO - Sync 2 DAGs
[2026-05-30T10:24:09.298+0000] {logging_mixin.py:188} INFO - [2026-05-30T10:24:09.298+0000] {dag.py:3834} INFO - Setting next_dagrun for example_subdag_operator.section-1 to None, run_after=None
[2026-05-30T10:24:09.299+0000] {logging_mixin.py:188} INFO - [2026-05-30T10:24:09.299+0000] {dag.py:3834} INFO - Setting next_dagrun for example_subdag_operator.section-2 to None, run_after=None
[2026-05-30T10:24:09.309+0000] {processor.py:183} INFO - Processing /home/airflow/.local/lib/python3.8/site-packages/airflow/example_dags/example_subdag_operator.py took 0.079 seconds
[2026-05-30T10:24:39.846+0000] {processor.py:161} INFO - Started process (PID=951) to work on /home/airflow/.local/lib/python3.8/site-packages/airflow/example_dags/example_subdag_operator.py
[2026-05-30T10:24:39.847+0000] {processor.py:830} INFO - Processing file /home/airflow/.local/lib/python3.8/site-packages/airflow/example_dags/example_subdag_operator.py for tasks to queue
[2026-05-30T10:24:39.850+0000] {logging_mixin.py:188} INFO - [2026-05-30T10:24:39.849+0000] {dagbag.py:540} INFO - Filling up the DagBag from /home/airflow/.local/lib/python3.8/site-packages/airflow/example_dags/example_subdag_operator.py
[2026-05-30T10:24:39.875+0000] {processor.py:840} INFO - DAG(s) 'example_subdag_operator.section-1', 'example_subdag_operator.section-2', 'example_subdag_operator' retrieved from /home/airflow/.local/lib/python3.8/site-packages/airflow/example_dags/example_subdag_operator.py
[2026-05-30T10:24:39.891+0000] {logging_mixin.py:188} INFO - [2026-05-30T10:24:39.891+0000] {dag.py:3047} INFO - Sync 3 DAGs
[2026-05-30T10:24:39.915+0000] {logging_mixin.py:188} INFO - [2026-05-30T10:24:39.915+0000] {dag.py:3834} INFO - Setting next_dagrun for example_subdag_operator to 2022-01-01 00:00:00+00:00, run_after=2022-01-01 00:00:00+00:00
[2026-05-30T10:24:39.920+0000] {logging_mixin.py:188} INFO - [2026-05-30T10:24:39.919+0000] {dag.py:3834} INFO - Setting next_dagrun for example_subdag_operator.section-1 to None, run_after=None
[2026-05-30T10:24:39.921+0000] {logging_mixin.py:188} INFO - [2026-05-30T10:24:39.921+0000] {dag.py:3834} INFO - Setting next_dagrun for example_subdag_operator.section-2 to None, run_after=None
[2026-05-30T10:24:39.927+0000] {logging_mixin.py:188} INFO - [2026-05-30T10:24:39.927+0000] {dag.py:3047} INFO - Sync 2 DAGs
[2026-05-30T10:24:39.933+0000] {logging_mixin.py:188} INFO - [2026-05-30T10:24:39.933+0000] {dag.py:3834} INFO - Setting next_dagrun for example_subdag_operator.section-1 to None, run_after=None
[2026-05-30T10:24:39.934+0000] {logging_mixin.py:188} INFO - [2026-05-30T10:24:39.933+0000] {dag.py:3834} INFO - Setting next_dagrun for example_subdag_operator.section-2 to None, run_after=None
[2026-05-30T10:24:39.945+0000] {processor.py:183} INFO - Processing /home/airflow/.local/lib/python3.8/site-packages/airflow/example_dags/example_subdag_operator.py took 0.102 seconds
[2026-05-30T10:25:10.369+0000] {processor.py:161} INFO - Started process (PID=1006) to work on /home/airflow/.local/lib/python3.8/site-packages/airflow/example_dags/example_subdag_operator.py
[2026-05-30T10:25:10.370+0000] {processor.py:830} INFO - Processing file /home/airflow/.local/lib/python3.8/site-packages/airflow/example_dags/example_subdag_operator.py for tasks to queue
[2026-05-30T10:25:10.372+0000] {logging_mixin.py:188} INFO - [2026-05-30T10:25:10.372+0000] {dagbag.py:540} INFO - Filling up the DagBag from /home/airflow/.local/lib/python3.8/site-packages/airflow/example_dags/example_subdag_operator.py
[2026-05-30T10:25:10.391+0000] {processor.py:840} INFO - DAG(s) 'example_subdag_operator.section-1', 'example_subdag_operator.section-2', 'example_subdag_operator' retrieved from /home/airflow/.local/lib/python3.8/site-packages/airflow/example_dags/example_subdag_operator.py
[2026-05-30T10:25:10.401+0000] {logging_mixin.py:188} INFO - [2026-05-30T10:25:10.401+0000] {dag.py:3047} INFO - Sync 3 DAGs
[2026-05-30T10:25:10.416+0000] {logging_mixin.py:188} INFO - [2026-05-30T10:25:10.416+0000] {dag.py:3834} INFO - Setting next_dagrun for example_subdag_operator to 2022-01-01 00:00:00+00:00, run_after=2022-01-01 00:00:00+00:00
[2026-05-30T10:25:10.419+0000] {logging_mixin.py:188} INFO - [2026-05-30T10:25:10.418+0000] {dag.py:3834} INFO - Setting next_dagrun for example_subdag_operator.section-1 to None, run_after=None
[2026-05-30T10:25:10.420+0000] {logging_mixin.py:188} INFO - [2026-05-30T10:25:10.420+0000] {dag.py:3834} INFO - Setting next_dagrun for example_subdag_operator.section-2 to None, run_after=None
[2026-05-30T10:25:10.425+0000] {logging_mixin.py:188} INFO - [2026-05-30T10:25:10.425+0000] {dag.py:3047} INFO - Sync 2 DAGs
[2026-05-30T10:25:10.429+0000] {logging_mixin.py:188} INFO - [2026-05-30T10:25:10.429+0000] {dag.py:3834} INFO - Setting next_dagrun for example_subdag_operator.section-1 to None, run_after=None
[2026-05-30T10:25:10.430+0000] {logging_mixin.py:188} INFO - [2026-05-30T10:25:10.430+0000] {dag.py:3834} INFO - Setting next_dagrun for example_subdag_operator.section-2 to None, run_after=None
[2026-05-30T10:25:10.443+0000] {processor.py:183} INFO - Processing /home/airflow/.local/lib/python3.8/site-packages/airflow/example_dags/example_subdag_operator.py took 0.076 seconds
[2026-05-30T10:25:41.148+0000] {processor.py:161} INFO - Started process (PID=1061) to work on /home/airflow/.local/lib/python3.8/site-packages/airflow/example_dags/example_subdag_operator.py
[2026-05-30T10:25:41.149+0000] {processor.py:830} INFO - Processing file /home/airflow/.local/lib/python3.8/site-packages/airflow/example_dags/example_subdag_operator.py for tasks to queue
[2026-05-30T10:25:41.151+0000] {logging_mixin.py:188} INFO - [2026-05-30T10:25:41.151+0000] {dagbag.py:540} INFO - Filling up the DagBag from /home/airflow/.local/lib/python3.8/site-packages/airflow/example_dags/example_subdag_operator.py
[2026-05-30T10:25:41.171+0000] {processor.py:840} INFO - DAG(s) 'example_subdag_operator.section-1', 'example_subdag_operator.section-2', 'example_subdag_operator' retrieved from /home/airflow/.local/lib/python3.8/site-packages/airflow/example_dags/example_subdag_operator.py
[2026-05-30T10:25:41.183+0000] {logging_mixin.py:188} INFO - [2026-05-30T10:25:41.183+0000] {dag.py:3047} INFO - Sync 3 DAGs
[2026-05-30T10:25:41.200+0000] {logging_mixin.py:188} INFO - [2026-05-30T10:25:41.200+0000] {dag.py:3834} INFO - Setting next_dagrun for example_subdag_operator to 2022-01-01 00:00:00+00:00, run_after=2022-01-01 00:00:00+00:00
[2026-05-30T10:25:41.203+0000] {logging_mixin.py:188} INFO - [2026-05-30T10:25:41.203+0000] {dag.py:3834} INFO - Setting next_dagrun for example_subdag_operator.section-1 to None, run_after=None
[2026-05-30T10:25:41.205+0000] {logging_mixin.py:188} INFO - [2026-05-30T10:25:41.205+0000] {dag.py:3834} INFO - Setting next_dagrun for example_subdag_operator.section-2 to None, run_after=None
[2026-05-30T10:25:41.211+0000] {logging_mixin.py:188} INFO - [2026-05-30T10:25:41.211+0000] {dag.py:3047} INFO - Sync 2 DAGs
[2026-05-30T10:25:41.215+0000] {logging_mixin.py:188} INFO - [2026-05-30T10:25:41.215+0000] {dag.py:3834} INFO - Setting next_dagrun for example_subdag_operator.section-1 to None, run_after=None
[2026-05-30T10:25:41.216+0000] {logging_mixin.py:188} INFO - [2026-05-30T10:25:41.216+0000] {dag.py:3834} INFO - Setting next_dagrun for example_subdag_operator.section-2 to None, run_after=None
[2026-05-30T10:25:41.225+0000] {processor.py:183} INFO - Processing /home/airflow/.local/lib/python3.8/site-packages/airflow/example_dags/example_subdag_operator.py took 0.080 seconds
[2026-05-30T10:26:11.794+0000] {processor.py:161} INFO - Started process (PID=1116) to work on /home/airflow/.local/lib/python3.8/site-packages/airflow/example_dags/example_subdag_operator.py
[2026-05-30T10:26:11.796+0000] {processor.py:830} INFO - Processing file /home/airflow/.local/lib/python3.8/site-packages/airflow/example_dags/example_subdag_operator.py for tasks to queue
[2026-05-30T10:26:11.798+0000] {logging_mixin.py:188} INFO - [2026-05-30T10:26:11.798+0000] {dagbag.py:540} INFO - Filling up the DagBag from /home/airflow/.local/lib/python3.8/site-packages/airflow/example_dags/example_subdag_operator.py
[2026-05-30T10:26:11.819+0000] {processor.py:840} INFO - DAG(s) 'example_subdag_operator.section-1', 'example_subdag_operator.section-2', 'example_subdag_operator' retrieved from /home/airflow/.local/lib/python3.8/site-packages/airflow/example_dags/example_subdag_operator.py
[2026-05-30T10:26:11.830+0000] {logging_mixin.py:188} INFO - [2026-05-30T10:26:11.830+0000] {dag.py:3047} INFO - Sync 3 DAGs
[2026-05-30T10:26:11.846+0000] {logging_mixin.py:188} INFO - [2026-05-30T10:26:11.846+0000] {dag.py:3834} INFO - Setting next_dagrun for example_subdag_operator to 2022-01-01 00:00:00+00:00, run_after=2022-01-01 00:00:00+00:00
[2026-05-30T10:26:11.850+0000] {logging_mixin.py:188} INFO - [2026-05-30T10:26:11.849+0000] {dag.py:3834} INFO - Setting next_dagrun for example_subdag_operator.section-1 to None, run_after=None
[2026-05-30T10:26:11.851+0000] {logging_mixin.py:188} INFO - [2026-05-30T10:26:11.851+0000] {dag.py:3834} INFO - Setting next_dagrun for example_subdag_operator.section-2 to None, run_after=None
[2026-05-30T10:26:11.858+0000] {logging_mixin.py:188} INFO - [2026-05-30T10:26:11.858+0000] {dag.py:3047} INFO - Sync 2 DAGs
[2026-05-30T10:26:11.862+0000] {logging_mixin.py:188} INFO - [2026-05-30T10:26:11.862+0000] {dag.py:3834} INFO - Setting next_dagrun for example_subdag_operator.section-1 to None, run_after=None
[2026-05-30T10:26:11.863+0000] {logging_mixin.py:188} INFO - [2026-05-30T10:26:11.863+0000] {dag.py:3834} INFO - Setting next_dagrun for example_subdag_operator.section-2 to None, run_after=None
[2026-05-30T10:26:11.876+0000] {processor.py:183} INFO - Processing /home/airflow/.local/lib/python3.8/site-packages/airflow/example_dags/example_subdag_operator.py took 0.086 seconds
[2026-05-30T10:26:42.704+0000] {processor.py:161} INFO - Started process (PID=1171) to work on /home/airflow/.local/lib/python3.8/site-packages/airflow/example_dags/example_subdag_operator.py
[2026-05-30T10:26:42.705+0000] {processor.py:830} INFO - Processing file /home/airflow/.local/lib/python3.8/site-packages/airflow/example_dags/example_subdag_operator.py for tasks to queue
[2026-05-30T10:26:42.707+0000] {logging_mixin.py:188} INFO - [2026-05-30T10:26:42.707+0000] {dagbag.py:540} INFO - Filling up the DagBag from /home/airflow/.local/lib/python3.8/site-packages/airflow/example_dags/example_subdag_operator.py
[2026-05-30T10:26:42.728+0000] {processor.py:840} INFO - DAG(s) 'example_subdag_operator.section-1', 'example_subdag_operator.section-2', 'example_subdag_operator' retrieved from /home/airflow/.local/lib/python3.8/site-packages/airflow/example_dags/example_subdag_operator.py
[2026-05-30T10:26:42.741+0000] {logging_mixin.py:188} INFO - [2026-05-30T10:26:42.740+0000] {dag.py:3047} INFO - Sync 3 DAGs
[2026-05-30T10:26:42.760+0000] {logging_mixin.py:188} INFO - [2026-05-30T10:26:42.760+0000] {dag.py:3834} INFO - Setting next_dagrun for example_subdag_operator to 2022-01-01 00:00:00+00:00, run_after=2022-01-01 00:00:00+00:00
[2026-05-30T10:26:42.764+0000] {logging_mixin.py:188} INFO - [2026-05-30T10:26:42.764+0000] {dag.py:3834} INFO - Setting next_dagrun for example_subdag_operator.section-1 to None, run_after=None
[2026-05-30T10:26:42.767+0000] {logging_mixin.py:188} INFO - [2026-05-30T10:26:42.767+0000] {dag.py:3834} INFO - Setting next_dagrun for example_subdag_operator.section-2 to None, run_after=None
[2026-05-30T10:26:42.776+0000] {logging_mixin.py:188} INFO - [2026-05-30T10:26:42.775+0000] {dag.py:3047} INFO - Sync 2 DAGs
[2026-05-30T10:26:42.780+0000] {logging_mixin.py:188} INFO - [2026-05-30T10:26:42.780+0000] {dag.py:3834} INFO - Setting next_dagrun for example_subdag_operator.section-1 to None, run_after=None
[2026-05-30T10:26:42.781+0000] {logging_mixin.py:188} INFO - [2026-05-30T10:26:42.781+0000] {dag.py:3834} INFO - Setting next_dagrun for example_subdag_operator.section-2 to None, run_after=None
[2026-05-30T10:26:42.794+0000] {processor.py:183} INFO - Processing /home/airflow/.local/lib/python3.8/site-packages/airflow/example_dags/example_subdag_operator.py took 0.095 seconds
[2026-05-30T10:27:13.319+0000] {processor.py:161} INFO - Started process (PID=1226) to work on /home/airflow/.local/lib/python3.8/site-packages/airflow/example_dags/example_subdag_operator.py
[2026-05-30T10:27:13.321+0000] {processor.py:830} INFO - Processing file /home/airflow/.local/lib/python3.8/site-packages/airflow/example_dags/example_subdag_operator.py for tasks to queue
[2026-05-30T10:27:13.325+0000] {logging_mixin.py:188} INFO - [2026-05-30T10:27:13.324+0000] {dagbag.py:540} INFO - Filling up the DagBag from /home/airflow/.local/lib/python3.8/site-packages/airflow/example_dags/example_subdag_operator.py
[2026-05-30T10:27:13.364+0000] {processor.py:840} INFO - DAG(s) 'example_subdag_operator.section-1', 'example_subdag_operator.section-2', 'example_subdag_operator' retrieved from /home/airflow/.local/lib/python3.8/site-packages/airflow/example_dags/example_subdag_operator.py
[2026-05-30T10:27:13.396+0000] {logging_mixin.py:188} INFO - [2026-05-30T10:27:13.396+0000] {dag.py:3047} INFO - Sync 3 DAGs
[2026-05-30T10:27:13.435+0000] {logging_mixin.py:188} INFO - [2026-05-30T10:27:13.434+0000] {dag.py:3834} INFO - Setting next_dagrun for example_subdag_operator to 2022-01-01 00:00:00+00:00, run_after=2022-01-01 00:00:00+00:00
[2026-05-30T10:27:13.443+0000] {logging_mixin.py:188} INFO - [2026-05-30T10:27:13.443+0000] {dag.py:3834} INFO - Setting next_dagrun for example_subdag_operator.section-1 to None, run_after=None
[2026-05-30T10:27:13.448+0000] {logging_mixin.py:188} INFO - [2026-05-30T10:27:13.447+0000] {dag.py:3834} INFO - Setting next_dagrun for example_subdag_operator.section-2 to None, run_after=None
[2026-05-30T10:27:13.463+0000] {logging_mixin.py:188} INFO - [2026-05-30T10:27:13.462+0000] {dag.py:3047} INFO - Sync 2 DAGs
[2026-05-30T10:27:13.475+0000] {logging_mixin.py:188} INFO - [2026-05-30T10:27:13.475+0000] {dag.py:3834} INFO - Setting next_dagrun for example_subdag_operator.section-1 to None, run_after=None
[2026-05-30T10:27:13.477+0000] {logging_mixin.py:188} INFO - [2026-05-30T10:27:13.476+0000] {dag.py:3834} INFO - Setting next_dagrun for example_subdag_operator.section-2 to None, run_after=None
[2026-05-30T10:27:13.510+0000] {processor.py:183} INFO - Processing /home/airflow/.local/lib/python3.8/site-packages/airflow/example_dags/example_subdag_operator.py took 0.195 seconds
[2026-05-30T10:27:43.649+0000] {processor.py:161} INFO - Started process (PID=1282) to work on /home/airflow/.local/lib/python3.8/site-packages/airflow/example_dags/example_subdag_operator.py
[2026-05-30T10:27:43.651+0000] {processor.py:830} INFO - Processing file /home/airflow/.local/lib/python3.8/site-packages/airflow/example_dags/example_subdag_operator.py for tasks to queue
[2026-05-30T10:27:43.653+0000] {logging_mixin.py:188} INFO - [2026-05-30T10:27:43.653+0000] {dagbag.py:540} INFO - Filling up the DagBag from /home/airflow/.local/lib/python3.8/site-packages/airflow/example_dags/example_subdag_operator.py
[2026-05-30T10:27:43.680+0000] {processor.py:840} INFO - DAG(s) 'example_subdag_operator.section-1', 'example_subdag_operator.section-2', 'example_subdag_operator' retrieved from /home/airflow/.local/lib/python3.8/site-packages/airflow/example_dags/example_subdag_operator.py
[2026-05-30T10:27:43.696+0000] {logging_mixin.py:188} INFO - [2026-05-30T10:27:43.696+0000] {dag.py:3047} INFO - Sync 3 DAGs
[2026-05-30T10:27:43.714+0000] {logging_mixin.py:188} INFO - [2026-05-30T10:27:43.714+0000] {dag.py:3834} INFO - Setting next_dagrun for example_subdag_operator to 2022-01-01 00:00:00+00:00, run_after=2022-01-01 00:00:00+00:00
[2026-05-30T10:27:43.718+0000] {logging_mixin.py:188} INFO - [2026-05-30T10:27:43.717+0000] {dag.py:3834} INFO - Setting next_dagrun for example_subdag_operator.section-1 to None, run_after=None
[2026-05-30T10:27:43.720+0000] {logging_mixin.py:188} INFO - [2026-05-30T10:27:43.720+0000] {dag.py:3834} INFO - Setting next_dagrun for example_subdag_operator.section-2 to None, run_after=None
[2026-05-30T10:27:43.730+0000] {logging_mixin.py:188} INFO - [2026-05-30T10:27:43.729+0000] {dag.py:3047} INFO - Sync 2 DAGs
[2026-05-30T10:27:43.736+0000] {logging_mixin.py:188} INFO - [2026-05-30T10:27:43.736+0000] {dag.py:3834} INFO - Setting next_dagrun for example_subdag_operator.section-1 to None, run_after=None
[2026-05-30T10:27:43.737+0000] {logging_mixin.py:188} INFO - [2026-05-30T10:27:43.737+0000] {dag.py:3834} INFO - Setting next_dagrun for example_subdag_operator.section-2 to None, run_after=None
[2026-05-30T10:27:43.751+0000] {processor.py:183} INFO - Processing /home/airflow/.local/lib/python3.8/site-packages/airflow/example_dags/example_subdag_operator.py took 0.105 seconds
[2026-05-30T10:28:13.815+0000] {processor.py:161} INFO - Started process (PID=1337) to work on /home/airflow/.local/lib/python3.8/site-packages/airflow/example_dags/example_subdag_operator.py
[2026-05-30T10:28:13.816+0000] {processor.py:830} INFO - Processing file /home/airflow/.local/lib/python3.8/site-packages/airflow/example_dags/example_subdag_operator.py for tasks to queue
[2026-05-30T10:28:13.819+0000] {logging_mixin.py:188} INFO - [2026-05-30T10:28:13.818+0000] {dagbag.py:540} INFO - Filling up the DagBag from /home/airflow/.local/lib/python3.8/site-packages/airflow/example_dags/example_subdag_operator.py
[2026-05-30T10:28:13.850+0000] {processor.py:840} INFO - DAG(s) 'example_subdag_operator.section-1', 'example_subdag_operator.section-2', 'example_subdag_operator' retrieved from /home/airflow/.local/lib/python3.8/site-packages/airflow/example_dags/example_subdag_operator.py
[2026-05-30T10:28:13.866+0000] {logging_mixin.py:188} INFO - [2026-05-30T10:28:13.866+0000] {dag.py:3047} INFO - Sync 3 DAGs
[2026-05-30T10:28:13.892+0000] {logging_mixin.py:188} INFO - [2026-05-30T10:28:13.892+0000] {dag.py:3834} INFO - Setting next_dagrun for example_subdag_operator to 2022-01-01 00:00:00+00:00, run_after=2022-01-01 00:00:00+00:00
[2026-05-30T10:28:13.896+0000] {logging_mixin.py:188} INFO - [2026-05-30T10:28:13.896+0000] {dag.py:3834} INFO - Setting next_dagrun for example_subdag_operator.section-1 to None, run_after=None
[2026-05-30T10:28:13.898+0000] {logging_mixin.py:188} INFO - [2026-05-30T10:28:13.898+0000] {dag.py:3834} INFO - Setting next_dagrun for example_subdag_operator.section-2 to None, run_after=None
[2026-05-30T10:28:13.905+0000] {logging_mixin.py:188} INFO - [2026-05-30T10:28:13.904+0000] {dag.py:3047} INFO - Sync 2 DAGs
[2026-05-30T10:28:13.910+0000] {logging_mixin.py:188} INFO - [2026-05-30T10:28:13.910+0000] {dag.py:3834} INFO - Setting next_dagrun for example_subdag_operator.section-1 to None, run_after=None
[2026-05-30T10:28:13.911+0000] {logging_mixin.py:188} INFO - [2026-05-30T10:28:13.911+0000] {dag.py:3834} INFO - Setting next_dagrun for example_subdag_operator.section-2 to None, run_after=None
[2026-05-30T10:28:13.925+0000] {processor.py:183} INFO - Processing /home/airflow/.local/lib/python3.8/site-packages/airflow/example_dags/example_subdag_operator.py took 0.113 seconds
[2026-05-30T10:28:44.152+0000] {processor.py:161} INFO - Started process (PID=1391) to work on /home/airflow/.local/lib/python3.8/site-packages/airflow/example_dags/example_subdag_operator.py
[2026-05-30T10:28:44.153+0000] {processor.py:830} INFO - Processing file /home/airflow/.local/lib/python3.8/site-packages/airflow/example_dags/example_subdag_operator.py for tasks to queue
[2026-05-30T10:28:44.155+0000] {logging_mixin.py:188} INFO - [2026-05-30T10:28:44.155+0000] {dagbag.py:540} INFO - Filling up the DagBag from /home/airflow/.local/lib/python3.8/site-packages/airflow/example_dags/example_subdag_operator.py
[2026-05-30T10:28:44.178+0000] {processor.py:840} INFO - DAG(s) 'example_subdag_operator.section-1', 'example_subdag_operator.section-2', 'example_subdag_operator' retrieved from /home/airflow/.local/lib/python3.8/site-packages/airflow/example_dags/example_subdag_operator.py
[2026-05-30T10:28:44.189+0000] {logging_mixin.py:188} INFO - [2026-05-30T10:28:44.189+0000] {dag.py:3047} INFO - Sync 3 DAGs
[2026-05-30T10:28:44.207+0000] {logging_mixin.py:188} INFO - [2026-05-30T10:28:44.206+0000] {dag.py:3834} INFO - Setting next_dagrun for example_subdag_operator to 2022-01-01 00:00:00+00:00, run_after=2022-01-01 00:00:00+00:00
[2026-05-30T10:28:44.210+0000] {logging_mixin.py:188} INFO - [2026-05-30T10:28:44.210+0000] {dag.py:3834} INFO - Setting next_dagrun for example_subdag_operator.section-1 to None, run_after=None
[2026-05-30T10:28:44.212+0000] {logging_mixin.py:188} INFO - [2026-05-30T10:28:44.211+0000] {dag.py:3834} INFO - Setting next_dagrun for example_subdag_operator.section-2 to None, run_after=None
[2026-05-30T10:28:44.219+0000] {logging_mixin.py:188} INFO - [2026-05-30T10:28:44.218+0000] {dag.py:3047} INFO - Sync 2 DAGs
[2026-05-30T10:28:44.225+0000] {logging_mixin.py:188} INFO - [2026-05-30T10:28:44.224+0000] {dag.py:3834} INFO - Setting next_dagrun for example_subdag_operator.section-1 to None, run_after=None
[2026-05-30T10:28:44.226+0000] {logging_mixin.py:188} INFO - [2026-05-30T10:28:44.226+0000] {dag.py:3834} INFO - Setting next_dagrun for example_subdag_operator.section-2 to None, run_after=None
[2026-05-30T10:28:44.238+0000] {processor.py:183} INFO - Processing /home/airflow/.local/lib/python3.8/site-packages/airflow/example_dags/example_subdag_operator.py took 0.090 seconds
[2026-05-30T10:29:14.641+0000] {processor.py:161} INFO - Started process (PID=1445) to work on /home/airflow/.local/lib/python3.8/site-packages/airflow/example_dags/example_subdag_operator.py
[2026-05-30T10:29:14.642+0000] {processor.py:830} INFO - Processing file /home/airflow/.local/lib/python3.8/site-packages/airflow/example_dags/example_subdag_operator.py for tasks to queue
[2026-05-30T10:29:14.644+0000] {logging_mixin.py:188} INFO - [2026-05-30T10:29:14.643+0000] {dagbag.py:540} INFO - Filling up the DagBag from /home/airflow/.local/lib/python3.8/site-packages/airflow/example_dags/example_subdag_operator.py
[2026-05-30T10:29:14.666+0000] {processor.py:840} INFO - DAG(s) 'example_subdag_operator.section-1', 'example_subdag_operator.section-2', 'example_subdag_operator' retrieved from /home/airflow/.local/lib/python3.8/site-packages/airflow/example_dags/example_subdag_operator.py
[2026-05-30T10:29:14.679+0000] {logging_mixin.py:188} INFO - [2026-05-30T10:29:14.679+0000] {dag.py:3047} INFO - Sync 3 DAGs
[2026-05-30T10:29:14.699+0000] {logging_mixin.py:188} INFO - [2026-05-30T10:29:14.699+0000] {dag.py:3834} INFO - Setting next_dagrun for example_subdag_operator to 2022-01-01 00:00:00+00:00, run_after=2022-01-01 00:00:00+00:00
[2026-05-30T10:29:14.703+0000] {logging_mixin.py:188} INFO - [2026-05-30T10:29:14.703+0000] {dag.py:3834} INFO - Setting next_dagrun for example_subdag_operator.section-1 to None, run_after=None
[2026-05-30T10:29:14.705+0000] {logging_mixin.py:188} INFO - [2026-05-30T10:29:14.705+0000] {dag.py:3834} INFO - Setting next_dagrun for example_subdag_operator.section-2 to None, run_after=None
[2026-05-30T10:29:14.711+0000] {logging_mixin.py:188} INFO - [2026-05-30T10:29:14.711+0000] {dag.py:3047} INFO - Sync 2 DAGs
[2026-05-30T10:29:14.717+0000] {logging_mixin.py:188} INFO - [2026-05-30T10:29:14.717+0000] {dag.py:3834} INFO - Setting next_dagrun for example_subdag_operator.section-1 to None, run_after=None
[2026-05-30T10:29:14.718+0000] {logging_mixin.py:188} INFO - [2026-05-30T10:29:14.718+0000] {dag.py:3834} INFO - Setting next_dagrun for example_subdag_operator.section-2 to None, run_after=None
[2026-05-30T10:29:14.735+0000] {processor.py:183} INFO - Processing /home/airflow/.local/lib/python3.8/site-packages/airflow/example_dags/example_subdag_operator.py took 0.097 seconds
[2026-05-30T10:29:44.885+0000] {processor.py:161} INFO - Started process (PID=1500) to work on /home/airflow/.local/lib/python3.8/site-packages/airflow/example_dags/example_subdag_operator.py
[2026-05-30T10:29:44.886+0000] {processor.py:830} INFO - Processing file /home/airflow/.local/lib/python3.8/site-packages/airflow/example_dags/example_subdag_operator.py for tasks to queue
[2026-05-30T10:29:44.889+0000] {logging_mixin.py:188} INFO - [2026-05-30T10:29:44.888+0000] {dagbag.py:540} INFO - Filling up the DagBag from /home/airflow/.local/lib/python3.8/site-packages/airflow/example_dags/example_subdag_operator.py
[2026-05-30T10:29:44.907+0000] {processor.py:840} INFO - DAG(s) 'example_subdag_operator.section-1', 'example_subdag_operator.section-2', 'example_subdag_operator' retrieved from /home/airflow/.local/lib/python3.8/site-packages/airflow/example_dags/example_subdag_operator.py
[2026-05-30T10:29:44.919+0000] {logging_mixin.py:188} INFO - [2026-05-30T10:29:44.918+0000] {dag.py:3047} INFO - Sync 3 DAGs
[2026-05-30T10:29:44.940+0000] {logging_mixin.py:188} INFO - [2026-05-30T10:29:44.940+0000] {dag.py:3834} INFO - Setting next_dagrun for example_subdag_operator to 2022-01-01 00:00:00+00:00, run_after=2022-01-01 00:00:00+00:00
[2026-05-30T10:29:44.944+0000] {logging_mixin.py:188} INFO - [2026-05-30T10:29:44.943+0000] {dag.py:3834} INFO - Setting next_dagrun for example_subdag_operator.section-1 to None, run_after=None
[2026-05-30T10:29:44.947+0000] {logging_mixin.py:188} INFO - [2026-05-30T10:29:44.946+0000] {dag.py:3834} INFO - Setting next_dagrun for example_subdag_operator.section-2 to None, run_after=None
[2026-05-30T10:29:44.954+0000] {logging_mixin.py:188} INFO - [2026-05-30T10:29:44.954+0000] {dag.py:3047} INFO - Sync 2 DAGs
[2026-05-30T10:29:44.958+0000] {logging_mixin.py:188} INFO - [2026-05-30T10:29:44.958+0000] {dag.py:3834} INFO - Setting next_dagrun for example_subdag_operator.section-1 to None, run_after=None
[2026-05-30T10:29:44.959+0000] {logging_mixin.py:188} INFO - [2026-05-30T10:29:44.959+0000] {dag.py:3834} INFO - Setting next_dagrun for example_subdag_operator.section-2 to None, run_after=None
[2026-05-30T10:29:44.971+0000] {processor.py:183} INFO - Processing /home/airflow/.local/lib/python3.8/site-packages/airflow/example_dags/example_subdag_operator.py took 0.089 seconds
[2026-05-30T10:30:15.355+0000] {processor.py:161} INFO - Started process (PID=1555) to work on /home/airflow/.local/lib/python3.8/site-packages/airflow/example_dags/example_subdag_operator.py
[2026-05-30T10:30:15.356+0000] {processor.py:830} INFO - Processing file /home/airflow/.local/lib/python3.8/site-packages/airflow/example_dags/example_subdag_operator.py for tasks to queue
[2026-05-30T10:30:15.358+0000] {logging_mixin.py:188} INFO - [2026-05-30T10:30:15.358+0000] {dagbag.py:540} INFO - Filling up the DagBag from /home/airflow/.local/lib/python3.8/site-packages/airflow/example_dags/example_subdag_operator.py
[2026-05-30T10:30:15.378+0000] {processor.py:840} INFO - DAG(s) 'example_subdag_operator.section-1', 'example_subdag_operator.section-2', 'example_subdag_operator' retrieved from /home/airflow/.local/lib/python3.8/site-packages/airflow/example_dags/example_subdag_operator.py
[2026-05-30T10:30:15.392+0000] {logging_mixin.py:188} INFO - [2026-05-30T10:30:15.392+0000] {dag.py:3047} INFO - Sync 3 DAGs
[2026-05-30T10:30:15.413+0000] {logging_mixin.py:188} INFO - [2026-05-30T10:30:15.413+0000] {dag.py:3834} INFO - Setting next_dagrun for example_subdag_operator to 2022-01-01 00:00:00+00:00, run_after=2022-01-01 00:00:00+00:00
[2026-05-30T10:30:15.417+0000] {logging_mixin.py:188} INFO - [2026-05-30T10:30:15.417+0000] {dag.py:3834} INFO - Setting next_dagrun for example_subdag_operator.section-1 to None, run_after=None
[2026-05-30T10:30:15.419+0000] {logging_mixin.py:188} INFO - [2026-05-30T10:30:15.419+0000] {dag.py:3834} INFO - Setting next_dagrun for example_subdag_operator.section-2 to None, run_after=None
[2026-05-30T10:30:15.429+0000] {logging_mixin.py:188} INFO - [2026-05-30T10:30:15.429+0000] {dag.py:3047} INFO - Sync 2 DAGs
[2026-05-30T10:30:15.434+0000] {logging_mixin.py:188} INFO - [2026-05-30T10:30:15.434+0000] {dag.py:3834} INFO - Setting next_dagrun for example_subdag_operator.section-1 to None, run_after=None
[2026-05-30T10:30:15.434+0000] {logging_mixin.py:188} INFO - [2026-05-30T10:30:15.434+0000] {dag.py:3834} INFO - Setting next_dagrun for example_subdag_operator.section-2 to None, run_after=None
[2026-05-30T10:30:15.450+0000] {processor.py:183} INFO - Processing /home/airflow/.local/lib/python3.8/site-packages/airflow/example_dags/example_subdag_operator.py took 0.099 seconds
[2026-05-30T10:30:45.899+0000] {processor.py:161} INFO - Started process (PID=1610) to work on /home/airflow/.local/lib/python3.8/site-packages/airflow/example_dags/example_subdag_operator.py
[2026-05-30T10:30:45.900+0000] {processor.py:830} INFO - Processing file /home/airflow/.local/lib/python3.8/site-packages/airflow/example_dags/example_subdag_operator.py for tasks to queue
[2026-05-30T10:30:45.902+0000] {logging_mixin.py:188} INFO - [2026-05-30T10:30:45.902+0000] {dagbag.py:540} INFO - Filling up the DagBag from /home/airflow/.local/lib/python3.8/site-packages/airflow/example_dags/example_subdag_operator.py
[2026-05-30T10:30:45.922+0000] {processor.py:840} INFO - DAG(s) 'example_subdag_operator.section-1', 'example_subdag_operator.section-2', 'example_subdag_operator' retrieved from /home/airflow/.local/lib/python3.8/site-packages/airflow/example_dags/example_subdag_operator.py
[2026-05-30T10:30:45.933+0000] {logging_mixin.py:188} INFO - [2026-05-30T10:30:45.933+0000] {dag.py:3047} INFO - Sync 3 DAGs
[2026-05-30T10:30:45.949+0000] {logging_mixin.py:188} INFO - [2026-05-30T10:30:45.949+0000] {dag.py:3834} INFO - Setting next_dagrun for example_subdag_operator to 2022-01-01 00:00:00+00:00, run_after=2022-01-01 00:00:00+00:00
[2026-05-30T10:30:45.953+0000] {logging_mixin.py:188} INFO - [2026-05-30T10:30:45.953+0000] {dag.py:3834} INFO - Setting next_dagrun for example_subdag_operator.section-1 to None, run_after=None
[2026-05-30T10:30:45.955+0000] {logging_mixin.py:188} INFO - [2026-05-30T10:30:45.955+0000] {dag.py:3834} INFO - Setting next_dagrun for example_subdag_operator.section-2 to None, run_after=None
[2026-05-30T10:30:45.962+0000] {logging_mixin.py:188} INFO - [2026-05-30T10:30:45.961+0000] {dag.py:3047} INFO - Sync 2 DAGs
[2026-05-30T10:30:45.966+0000] {logging_mixin.py:188} INFO - [2026-05-30T10:30:45.965+0000] {dag.py:3834} INFO - Setting next_dagrun for example_subdag_operator.section-1 to None, run_after=None
[2026-05-30T10:30:45.966+0000] {logging_mixin.py:188} INFO - [2026-05-30T10:30:45.966+0000] {dag.py:3834} INFO - Setting next_dagrun for example_subdag_operator.section-2 to None, run_after=None
[2026-05-30T10:30:45.977+0000] {processor.py:183} INFO - Processing /home/airflow/.local/lib/python3.8/site-packages/airflow/example_dags/example_subdag_operator.py took 0.081 seconds
[2026-05-30T10:31:16.385+0000] {processor.py:161} INFO - Started process (PID=1665) to work on /home/airflow/.local/lib/python3.8/site-packages/airflow/example_dags/example_subdag_operator.py
[2026-05-30T10:31:16.387+0000] {processor.py:830} INFO - Processing file /home/airflow/.local/lib/python3.8/site-packages/airflow/example_dags/example_subdag_operator.py for tasks to queue
[2026-05-30T10:31:16.389+0000] {logging_mixin.py:188} INFO - [2026-05-30T10:31:16.389+0000] {dagbag.py:540} INFO - Filling up the DagBag from /home/airflow/.local/lib/python3.8/site-packages/airflow/example_dags/example_subdag_operator.py
[2026-05-30T10:31:16.409+0000] {processor.py:840} INFO - DAG(s) 'example_subdag_operator.section-1', 'example_subdag_operator.section-2', 'example_subdag_operator' retrieved from /home/airflow/.local/lib/python3.8/site-packages/airflow/example_dags/example_subdag_operator.py
[2026-05-30T10:31:16.420+0000] {logging_mixin.py:188} INFO - [2026-05-30T10:31:16.420+0000] {dag.py:3047} INFO - Sync 3 DAGs
[2026-05-30T10:31:16.438+0000] {logging_mixin.py:188} INFO - [2026-05-30T10:31:16.437+0000] {dag.py:3834} INFO - Setting next_dagrun for example_subdag_operator to 2022-01-01 00:00:00+00:00, run_after=2022-01-01 00:00:00+00:00
[2026-05-30T10:31:16.441+0000] {logging_mixin.py:188} INFO - [2026-05-30T10:31:16.441+0000] {dag.py:3834} INFO - Setting next_dagrun for example_subdag_operator.section-1 to None, run_after=None
[2026-05-30T10:31:16.442+0000] {logging_mixin.py:188} INFO - [2026-05-30T10:31:16.442+0000] {dag.py:3834} INFO - Setting next_dagrun for example_subdag_operator.section-2 to None, run_after=None
[2026-05-30T10:31:16.448+0000] {logging_mixin.py:188} INFO - [2026-05-30T10:31:16.448+0000] {dag.py:3047} INFO - Sync 2 DAGs
[2026-05-30T10:31:16.453+0000] {logging_mixin.py:188} INFO - [2026-05-30T10:31:16.452+0000] {dag.py:3834} INFO - Setting next_dagrun for example_subdag_operator.section-1 to None, run_after=None
[2026-05-30T10:31:16.453+0000] {logging_mixin.py:188} INFO - [2026-05-30T10:31:16.453+0000] {dag.py:3834} INFO - Setting next_dagrun for example_subdag_operator.section-2 to None, run_after=None
[2026-05-30T10:31:16.464+0000] {processor.py:183} INFO - Processing /home/airflow/.local/lib/python3.8/site-packages/airflow/example_dags/example_subdag_operator.py took 0.083 seconds
[2026-05-30T10:31:46.780+0000] {processor.py:161} INFO - Started process (PID=1720) to work on /home/airflow/.local/lib/python3.8/site-packages/airflow/example_dags/example_subdag_operator.py
[2026-05-30T10:31:46.782+0000] {processor.py:830} INFO - Processing file /home/airflow/.local/lib/python3.8/site-packages/airflow/example_dags/example_subdag_operator.py for tasks to queue
[2026-05-30T10:31:46.783+0000] {logging_mixin.py:188} INFO - [2026-05-30T10:31:46.783+0000] {dagbag.py:540} INFO - Filling up the DagBag from /home/airflow/.local/lib/python3.8/site-packages/airflow/example_dags/example_subdag_operator.py
[2026-05-30T10:31:46.802+0000] {processor.py:840} INFO - DAG(s) 'example_subdag_operator.section-1', 'example_subdag_operator.section-2', 'example_subdag_operator' retrieved from /home/airflow/.local/lib/python3.8/site-packages/airflow/example_dags/example_subdag_operator.py
[2026-05-30T10:31:46.814+0000] {logging_mixin.py:188} INFO - [2026-05-30T10:31:46.814+0000] {dag.py:3047} INFO - Sync 3 DAGs
[2026-05-30T10:31:46.830+0000] {logging_mixin.py:188} INFO - [2026-05-30T10:31:46.830+0000] {dag.py:3834} INFO - Setting next_dagrun for example_subdag_operator to 2022-01-01 00:00:00+00:00, run_after=2022-01-01 00:00:00+00:00
[2026-05-30T10:31:46.833+0000] {logging_mixin.py:188} INFO - [2026-05-30T10:31:46.833+0000] {dag.py:3834} INFO - Setting next_dagrun for example_subdag_operator.section-1 to None, run_after=None
[2026-05-30T10:31:46.834+0000] {logging_mixin.py:188} INFO - [2026-05-30T10:31:46.834+0000] {dag.py:3834} INFO - Setting next_dagrun for example_subdag_operator.section-2 to None, run_after=None
[2026-05-30T10:31:46.839+0000] {logging_mixin.py:188} INFO - [2026-05-30T10:31:46.839+0000] {dag.py:3047} INFO - Sync 2 DAGs
[2026-05-30T10:31:46.843+0000] {logging_mixin.py:188} INFO - [2026-05-30T10:31:46.843+0000] {dag.py:3834} INFO - Setting next_dagrun for example_subdag_operator.section-1 to None, run_after=None
[2026-05-30T10:31:46.844+0000] {logging_mixin.py:188} INFO - [2026-05-30T10:31:46.844+0000] {dag.py:3834} INFO - Setting next_dagrun for example_subdag_operator.section-2 to None, run_after=None
[2026-05-30T10:31:46.853+0000] {processor.py:183} INFO - Processing /home/airflow/.local/lib/python3.8/site-packages/airflow/example_dags/example_subdag_operator.py took 0.075 seconds
[2026-05-30T10:32:16.958+0000] {processor.py:161} INFO - Started process (PID=1775) to work on /home/airflow/.local/lib/python3.8/site-packages/airflow/example_dags/example_subdag_operator.py
[2026-05-30T10:32:16.960+0000] {processor.py:830} INFO - Processing file /home/airflow/.local/lib/python3.8/site-packages/airflow/example_dags/example_subdag_operator.py for tasks to queue
[2026-05-30T10:32:16.962+0000] {logging_mixin.py:188} INFO - [2026-05-30T10:32:16.962+0000] {dagbag.py:540} INFO - Filling up the DagBag from /home/airflow/.local/lib/python3.8/site-packages/airflow/example_dags/example_subdag_operator.py
[2026-05-30T10:32:16.987+0000] {processor.py:840} INFO - DAG(s) 'example_subdag_operator.section-1', 'example_subdag_operator.section-2', 'example_subdag_operator' retrieved from /home/airflow/.local/lib/python3.8/site-packages/airflow/example_dags/example_subdag_operator.py
[2026-05-30T10:32:17.000+0000] {logging_mixin.py:188} INFO - [2026-05-30T10:32:17.000+0000] {dag.py:3047} INFO - Sync 3 DAGs
[2026-05-30T10:32:17.017+0000] {logging_mixin.py:188} INFO - [2026-05-30T10:32:17.017+0000] {dag.py:3834} INFO - Setting next_dagrun for example_subdag_operator to 2022-01-01 00:00:00+00:00, run_after=2022-01-01 00:00:00+00:00
[2026-05-30T10:32:17.020+0000] {logging_mixin.py:188} INFO - [2026-05-30T10:32:17.020+0000] {dag.py:3834} INFO - Setting next_dagrun for example_subdag_operator.section-1 to None, run_after=None
[2026-05-30T10:32:17.022+0000] {logging_mixin.py:188} INFO - [2026-05-30T10:32:17.021+0000] {dag.py:3834} INFO - Setting next_dagrun for example_subdag_operator.section-2 to None, run_after=None
[2026-05-30T10:32:17.031+0000] {logging_mixin.py:188} INFO - [2026-05-30T10:32:17.031+0000] {dag.py:3047} INFO - Sync 2 DAGs
[2026-05-30T10:32:17.035+0000] {logging_mixin.py:188} INFO - [2026-05-30T10:32:17.035+0000] {dag.py:3834} INFO - Setting next_dagrun for example_subdag_operator.section-1 to None, run_after=None
[2026-05-30T10:32:17.036+0000] {logging_mixin.py:188} INFO - [2026-05-30T10:32:17.036+0000] {dag.py:3834} INFO - Setting next_dagrun for example_subdag_operator.section-2 to None, run_after=None
[2026-05-30T10:32:17.045+0000] {processor.py:183} INFO - Processing /home/airflow/.local/lib/python3.8/site-packages/airflow/example_dags/example_subdag_operator.py took 0.089 seconds
[2026-05-30T10:32:47.267+0000] {processor.py:161} INFO - Started process (PID=1830) to work on /home/airflow/.local/lib/python3.8/site-packages/airflow/example_dags/example_subdag_operator.py
[2026-05-30T10:32:47.269+0000] {processor.py:830} INFO - Processing file /home/airflow/.local/lib/python3.8/site-packages/airflow/example_dags/example_subdag_operator.py for tasks to queue
[2026-05-30T10:32:47.275+0000] {logging_mixin.py:188} INFO - [2026-05-30T10:32:47.275+0000] {dagbag.py:540} INFO - Filling up the DagBag from /home/airflow/.local/lib/python3.8/site-packages/airflow/example_dags/example_subdag_operator.py
[2026-05-30T10:32:47.311+0000] {processor.py:840} INFO - DAG(s) 'example_subdag_operator.section-1', 'example_subdag_operator.section-2', 'example_subdag_operator' retrieved from /home/airflow/.local/lib/python3.8/site-packages/airflow/example_dags/example_subdag_operator.py
[2026-05-30T10:32:47.334+0000] {logging_mixin.py:188} INFO - [2026-05-30T10:32:47.333+0000] {dag.py:3047} INFO - Sync 3 DAGs
[2026-05-30T10:32:47.361+0000] {logging_mixin.py:188} INFO - [2026-05-30T10:32:47.361+0000] {dag.py:3834} INFO - Setting next_dagrun for example_subdag_operator to 2022-01-01 00:00:00+00:00, run_after=2022-01-01 00:00:00+00:00
[2026-05-30T10:32:47.366+0000] {logging_mixin.py:188} INFO - [2026-05-30T10:32:47.365+0000] {dag.py:3834} INFO - Setting next_dagrun for example_subdag_operator.section-1 to None, run_after=None
[2026-05-30T10:32:47.369+0000] {logging_mixin.py:188} INFO - [2026-05-30T10:32:47.369+0000] {dag.py:3834} INFO - Setting next_dagrun for example_subdag_operator.section-2 to None, run_after=None
[2026-05-30T10:32:47.380+0000] {logging_mixin.py:188} INFO - [2026-05-30T10:32:47.379+0000] {dag.py:3047} INFO - Sync 2 DAGs
[2026-05-30T10:32:47.387+0000] {logging_mixin.py:188} INFO - [2026-05-30T10:32:47.387+0000] {dag.py:3834} INFO - Setting next_dagrun for example_subdag_operator.section-1 to None, run_after=None
[2026-05-30T10:32:47.388+0000] {logging_mixin.py:188} INFO - [2026-05-30T10:32:47.388+0000] {dag.py:3834} INFO - Setting next_dagrun for example_subdag_operator.section-2 to None, run_after=None
[2026-05-30T10:32:47.409+0000] {processor.py:183} INFO - Processing /home/airflow/.local/lib/python3.8/site-packages/airflow/example_dags/example_subdag_operator.py took 0.146 seconds
[2026-05-30T10:33:17.889+0000] {processor.py:161} INFO - Started process (PID=1885) to work on /home/airflow/.local/lib/python3.8/site-packages/airflow/example_dags/example_subdag_operator.py
[2026-05-30T10:33:17.890+0000] {processor.py:830} INFO - Processing file /home/airflow/.local/lib/python3.8/site-packages/airflow/example_dags/example_subdag_operator.py for tasks to queue
[2026-05-30T10:33:17.893+0000] {logging_mixin.py:188} INFO - [2026-05-30T10:33:17.892+0000] {dagbag.py:540} INFO - Filling up the DagBag from /home/airflow/.local/lib/python3.8/site-packages/airflow/example_dags/example_subdag_operator.py
[2026-05-30T10:33:17.915+0000] {processor.py:840} INFO - DAG(s) 'example_subdag_operator.section-1', 'example_subdag_operator.section-2', 'example_subdag_operator' retrieved from /home/airflow/.local/lib/python3.8/site-packages/airflow/example_dags/example_subdag_operator.py
[2026-05-30T10:33:17.928+0000] {logging_mixin.py:188} INFO - [2026-05-30T10:33:17.928+0000] {dag.py:3047} INFO - Sync 3 DAGs
[2026-05-30T10:33:17.948+0000] {logging_mixin.py:188} INFO - [2026-05-30T10:33:17.948+0000] {dag.py:3834} INFO - Setting next_dagrun for example_subdag_operator to 2022-01-01 00:00:00+00:00, run_after=2022-01-01 00:00:00+00:00
[2026-05-30T10:33:17.952+0000] {logging_mixin.py:188} INFO - [2026-05-30T10:33:17.952+0000] {dag.py:3834} INFO - Setting next_dagrun for example_subdag_operator.section-1 to None, run_after=None
[2026-05-30T10:33:17.954+0000] {logging_mixin.py:188} INFO - [2026-05-30T10:33:17.954+0000] {dag.py:3834} INFO - Setting next_dagrun for example_subdag_operator.section-2 to None, run_after=None
[2026-05-30T10:33:17.963+0000] {logging_mixin.py:188} INFO - [2026-05-30T10:33:17.963+0000] {dag.py:3047} INFO - Sync 2 DAGs
[2026-05-30T10:33:17.971+0000] {logging_mixin.py:188} INFO - [2026-05-30T10:33:17.971+0000] {dag.py:3834} INFO - Setting next_dagrun for example_subdag_operator.section-1 to None, run_after=None
[2026-05-30T10:33:17.972+0000] {logging_mixin.py:188} INFO - [2026-05-30T10:33:17.972+0000] {dag.py:3834} INFO - Setting next_dagrun for example_subdag_operator.section-2 to None, run_after=None
[2026-05-30T10:33:17.985+0000] {processor.py:183} INFO - Processing /home/airflow/.local/lib/python3.8/site-packages/airflow/example_dags/example_subdag_operator.py took 0.099 seconds
[2026-05-30T10:33:48.187+0000] {processor.py:161} INFO - Started process (PID=1940) to work on /home/airflow/.local/lib/python3.8/site-packages/airflow/example_dags/example_subdag_operator.py
[2026-05-30T10:33:48.188+0000] {processor.py:830} INFO - Processing file /home/airflow/.local/lib/python3.8/site-packages/airflow/example_dags/example_subdag_operator.py for tasks to queue
[2026-05-30T10:33:48.190+0000] {logging_mixin.py:188} INFO - [2026-05-30T10:33:48.190+0000] {dagbag.py:540} INFO - Filling up the DagBag from /home/airflow/.local/lib/python3.8/site-packages/airflow/example_dags/example_subdag_operator.py
[2026-05-30T10:33:48.210+0000] {processor.py:840} INFO - DAG(s) 'example_subdag_operator.section-1', 'example_subdag_operator.section-2', 'example_subdag_operator' retrieved from /home/airflow/.local/lib/python3.8/site-packages/airflow/example_dags/example_subdag_operator.py
[2026-05-30T10:33:48.224+0000] {logging_mixin.py:188} INFO - [2026-05-30T10:33:48.223+0000] {dag.py:3047} INFO - Sync 3 DAGs
[2026-05-30T10:33:48.245+0000] {logging_mixin.py:188} INFO - [2026-05-30T10:33:48.245+0000] {dag.py:3834} INFO - Setting next_dagrun for example_subdag_operator to 2022-01-01 00:00:00+00:00, run_after=2022-01-01 00:00:00+00:00
[2026-05-30T10:33:48.250+0000] {logging_mixin.py:188} INFO - [2026-05-30T10:33:48.250+0000] {dag.py:3834} INFO - Setting next_dagrun for example_subdag_operator.section-1 to None, run_after=None
[2026-05-30T10:33:48.252+0000] {logging_mixin.py:188} INFO - [2026-05-30T10:33:48.252+0000] {dag.py:3834} INFO - Setting next_dagrun for example_subdag_operator.section-2 to None, run_after=None
[2026-05-30T10:33:48.259+0000] {logging_mixin.py:188} INFO - [2026-05-30T10:33:48.259+0000] {dag.py:3047} INFO - Sync 2 DAGs
[2026-05-30T10:33:48.268+0000] {logging_mixin.py:188} INFO - [2026-05-30T10:33:48.267+0000] {dag.py:3834} INFO - Setting next_dagrun for example_subdag_operator.section-1 to None, run_after=None
[2026-05-30T10:33:48.268+0000] {logging_mixin.py:188} INFO - [2026-05-30T10:33:48.268+0000] {dag.py:3834} INFO - Setting next_dagrun for example_subdag_operator.section-2 to None, run_after=None
[2026-05-30T10:33:48.283+0000] {processor.py:183} INFO - Processing /home/airflow/.local/lib/python3.8/site-packages/airflow/example_dags/example_subdag_operator.py took 0.100 seconds
[2026-05-30T10:34:18.385+0000] {processor.py:161} INFO - Started process (PID=1995) to work on /home/airflow/.local/lib/python3.8/site-packages/airflow/example_dags/example_subdag_operator.py
[2026-05-30T10:34:18.386+0000] {processor.py:830} INFO - Processing file /home/airflow/.local/lib/python3.8/site-packages/airflow/example_dags/example_subdag_operator.py for tasks to queue
[2026-05-30T10:34:18.388+0000] {logging_mixin.py:188} INFO - [2026-05-30T10:34:18.388+0000] {dagbag.py:540} INFO - Filling up the DagBag from /home/airflow/.local/lib/python3.8/site-packages/airflow/example_dags/example_subdag_operator.py
[2026-05-30T10:34:18.407+0000] {processor.py:840} INFO - DAG(s) 'example_subdag_operator.section-1', 'example_subdag_operator.section-2', 'example_subdag_operator' retrieved from /home/airflow/.local/lib/python3.8/site-packages/airflow/example_dags/example_subdag_operator.py
[2026-05-30T10:34:18.418+0000] {logging_mixin.py:188} INFO - [2026-05-30T10:34:18.418+0000] {dag.py:3047} INFO - Sync 3 DAGs
[2026-05-30T10:34:18.437+0000] {logging_mixin.py:188} INFO - [2026-05-30T10:34:18.437+0000] {dag.py:3834} INFO - Setting next_dagrun for example_subdag_operator to 2022-01-01 00:00:00+00:00, run_after=2022-01-01 00:00:00+00:00
[2026-05-30T10:34:18.442+0000] {logging_mixin.py:188} INFO - [2026-05-30T10:34:18.442+0000] {dag.py:3834} INFO - Setting next_dagrun for example_subdag_operator.section-1 to None, run_after=None
[2026-05-30T10:34:18.443+0000] {logging_mixin.py:188} INFO - [2026-05-30T10:34:18.443+0000] {dag.py:3834} INFO - Setting next_dagrun for example_subdag_operator.section-2 to None, run_after=None
[2026-05-30T10:34:18.449+0000] {logging_mixin.py:188} INFO - [2026-05-30T10:34:18.449+0000] {dag.py:3047} INFO - Sync 2 DAGs
[2026-05-30T10:34:18.453+0000] {logging_mixin.py:188} INFO - [2026-05-30T10:34:18.453+0000] {dag.py:3834} INFO - Setting next_dagrun for example_subdag_operator.section-1 to None, run_after=None
[2026-05-30T10:34:18.454+0000] {logging_mixin.py:188} INFO - [2026-05-30T10:34:18.454+0000] {dag.py:3834} INFO - Setting next_dagrun for example_subdag_operator.section-2 to None, run_after=None
[2026-05-30T10:34:18.465+0000] {processor.py:183} INFO - Processing /home/airflow/.local/lib/python3.8/site-packages/airflow/example_dags/example_subdag_operator.py took 0.084 seconds
[2026-05-30T10:34:49.035+0000] {processor.py:161} INFO - Started process (PID=2050) to work on /home/airflow/.local/lib/python3.8/site-packages/airflow/example_dags/example_subdag_operator.py
[2026-05-30T10:34:49.036+0000] {processor.py:830} INFO - Processing file /home/airflow/.local/lib/python3.8/site-packages/airflow/example_dags/example_subdag_operator.py for tasks to queue
[2026-05-30T10:34:49.041+0000] {logging_mixin.py:188} INFO - [2026-05-30T10:34:49.040+0000] {dagbag.py:540} INFO - Filling up the DagBag from /home/airflow/.local/lib/python3.8/site-packages/airflow/example_dags/example_subdag_operator.py
[2026-05-30T10:34:49.066+0000] {processor.py:840} INFO - DAG(s) 'example_subdag_operator.section-1', 'example_subdag_operator.section-2', 'example_subdag_operator' retrieved from /home/airflow/.local/lib/python3.8/site-packages/airflow/example_dags/example_subdag_operator.py
[2026-05-30T10:34:49.084+0000] {logging_mixin.py:188} INFO - [2026-05-30T10:34:49.084+0000] {dag.py:3047} INFO - Sync 3 DAGs
[2026-05-30T10:34:49.111+0000] {logging_mixin.py:188} INFO - [2026-05-30T10:34:49.111+0000] {dag.py:3834} INFO - Setting next_dagrun for example_subdag_operator to 2022-01-01 00:00:00+00:00, run_after=2022-01-01 00:00:00+00:00
[2026-05-30T10:34:49.115+0000] {logging_mixin.py:188} INFO - [2026-05-30T10:34:49.114+0000] {dag.py:3834} INFO - Setting next_dagrun for example_subdag_operator.section-1 to None, run_after=None
[2026-05-30T10:34:49.116+0000] {logging_mixin.py:188} INFO - [2026-05-30T10:34:49.116+0000] {dag.py:3834} INFO - Setting next_dagrun for example_subdag_operator.section-2 to None, run_after=None
[2026-05-30T10:34:49.126+0000] {logging_mixin.py:188} INFO - [2026-05-30T10:34:49.126+0000] {dag.py:3047} INFO - Sync 2 DAGs
[2026-05-30T10:34:49.132+0000] {logging_mixin.py:188} INFO - [2026-05-30T10:34:49.131+0000] {dag.py:3834} INFO - Setting next_dagrun for example_subdag_operator.section-1 to None, run_after=None
[2026-05-30T10:34:49.133+0000] {logging_mixin.py:188} INFO - [2026-05-30T10:34:49.132+0000] {dag.py:3834} INFO - Setting next_dagrun for example_subdag_operator.section-2 to None, run_after=None
[2026-05-30T10:34:49.151+0000] {processor.py:183} INFO - Processing /home/airflow/.local/lib/python3.8/site-packages/airflow/example_dags/example_subdag_operator.py took 0.119 seconds
[2026-05-30T10:35:19.295+0000] {processor.py:161} INFO - Started process (PID=2105) to work on /home/airflow/.local/lib/python3.8/site-packages/airflow/example_dags/example_subdag_operator.py
[2026-05-30T10:35:19.297+0000] {processor.py:830} INFO - Processing file /home/airflow/.local/lib/python3.8/site-packages/airflow/example_dags/example_subdag_operator.py for tasks to queue
[2026-05-30T10:35:19.303+0000] {logging_mixin.py:188} INFO - [2026-05-30T10:35:19.302+0000] {dagbag.py:540} INFO - Filling up the DagBag from /home/airflow/.local/lib/python3.8/site-packages/airflow/example_dags/example_subdag_operator.py
[2026-05-30T10:35:19.331+0000] {processor.py:840} INFO - DAG(s) 'example_subdag_operator.section-1', 'example_subdag_operator.section-2', 'example_subdag_operator' retrieved from /home/airflow/.local/lib/python3.8/site-packages/airflow/example_dags/example_subdag_operator.py
[2026-05-30T10:35:19.346+0000] {logging_mixin.py:188} INFO - [2026-05-30T10:35:19.345+0000] {dag.py:3047} INFO - Sync 3 DAGs
[2026-05-30T10:35:19.372+0000] {logging_mixin.py:188} INFO - [2026-05-30T10:35:19.372+0000] {dag.py:3834} INFO - Setting next_dagrun for example_subdag_operator to 2022-01-01 00:00:00+00:00, run_after=2022-01-01 00:00:00+00:00
[2026-05-30T10:35:19.376+0000] {logging_mixin.py:188} INFO - [2026-05-30T10:35:19.376+0000] {dag.py:3834} INFO - Setting next_dagrun for example_subdag_operator.section-1 to None, run_after=None
[2026-05-30T10:35:19.378+0000] {logging_mixin.py:188} INFO - [2026-05-30T10:35:19.377+0000] {dag.py:3834} INFO - Setting next_dagrun for example_subdag_operator.section-2 to None, run_after=None
[2026-05-30T10:35:19.385+0000] {logging_mixin.py:188} INFO - [2026-05-30T10:35:19.385+0000] {dag.py:3047} INFO - Sync 2 DAGs
[2026-05-30T10:35:19.391+0000] {logging_mixin.py:188} INFO - [2026-05-30T10:35:19.391+0000] {dag.py:3834} INFO - Setting next_dagrun for example_subdag_operator.section-1 to None, run_after=None
[2026-05-30T10:35:19.392+0000] {logging_mixin.py:188} INFO - [2026-05-30T10:35:19.392+0000] {dag.py:3834} INFO - Setting next_dagrun for example_subdag_operator.section-2 to None, run_after=None
[2026-05-30T10:35:19.408+0000] {processor.py:183} INFO - Processing /home/airflow/.local/lib/python3.8/site-packages/airflow/example_dags/example_subdag_operator.py took 0.117 seconds
[2026-05-30T10:35:49.564+0000] {processor.py:161} INFO - Started process (PID=2160) to work on /home/airflow/.local/lib/python3.8/site-packages/airflow/example_dags/example_subdag_operator.py
[2026-05-30T10:35:49.567+0000] {processor.py:830} INFO - Processing file /home/airflow/.local/lib/python3.8/site-packages/airflow/example_dags/example_subdag_operator.py for tasks to queue
[2026-05-30T10:35:49.571+0000] {logging_mixin.py:188} INFO - [2026-05-30T10:35:49.570+0000] {dagbag.py:540} INFO - Filling up the DagBag from /home/airflow/.local/lib/python3.8/site-packages/airflow/example_dags/example_subdag_operator.py
[2026-05-30T10:35:49.613+0000] {processor.py:840} INFO - DAG(s) 'example_subdag_operator.section-1', 'example_subdag_operator.section-2', 'example_subdag_operator' retrieved from /home/airflow/.local/lib/python3.8/site-packages/airflow/example_dags/example_subdag_operator.py
[2026-05-30T10:35:49.633+0000] {logging_mixin.py:188} INFO - [2026-05-30T10:35:49.632+0000] {dag.py:3047} INFO - Sync 3 DAGs
[2026-05-30T10:35:49.656+0000] {logging_mixin.py:188} INFO - [2026-05-30T10:35:49.656+0000] {dag.py:3834} INFO - Setting next_dagrun for example_subdag_operator to 2022-01-01 00:00:00+00:00, run_after=2022-01-01 00:00:00+00:00
[2026-05-30T10:35:49.659+0000] {logging_mixin.py:188} INFO - [2026-05-30T10:35:49.659+0000] {dag.py:3834} INFO - Setting next_dagrun for example_subdag_operator.section-1 to None, run_after=None
[2026-05-30T10:35:49.661+0000] {logging_mixin.py:188} INFO - [2026-05-30T10:35:49.661+0000] {dag.py:3834} INFO - Setting next_dagrun for example_subdag_operator.section-2 to None, run_after=None
[2026-05-30T10:35:49.668+0000] {logging_mixin.py:188} INFO - [2026-05-30T10:35:49.667+0000] {dag.py:3047} INFO - Sync 2 DAGs
[2026-05-30T10:35:49.675+0000] {logging_mixin.py:188} INFO - [2026-05-30T10:35:49.675+0000] {dag.py:3834} INFO - Setting next_dagrun for example_subdag_operator.section-1 to None, run_after=None
[2026-05-30T10:35:49.676+0000] {logging_mixin.py:188} INFO - [2026-05-30T10:35:49.675+0000] {dag.py:3834} INFO - Setting next_dagrun for example_subdag_operator.section-2 to None, run_after=None
[2026-05-30T10:35:49.690+0000] {processor.py:183} INFO - Processing /home/airflow/.local/lib/python3.8/site-packages/airflow/example_dags/example_subdag_operator.py took 0.135 seconds
[2026-05-30T10:36:19.941+0000] {processor.py:161} INFO - Started process (PID=2215) to work on /home/airflow/.local/lib/python3.8/site-packages/airflow/example_dags/example_subdag_operator.py
[2026-05-30T10:36:19.942+0000] {processor.py:830} INFO - Processing file /home/airflow/.local/lib/python3.8/site-packages/airflow/example_dags/example_subdag_operator.py for tasks to queue
[2026-05-30T10:36:19.945+0000] {logging_mixin.py:188} INFO - [2026-05-30T10:36:19.945+0000] {dagbag.py:540} INFO - Filling up the DagBag from /home/airflow/.local/lib/python3.8/site-packages/airflow/example_dags/example_subdag_operator.py
[2026-05-30T10:36:19.967+0000] {processor.py:840} INFO - DAG(s) 'example_subdag_operator.section-1', 'example_subdag_operator.section-2', 'example_subdag_operator' retrieved from /home/airflow/.local/lib/python3.8/site-packages/airflow/example_dags/example_subdag_operator.py
[2026-05-30T10:36:19.980+0000] {logging_mixin.py:188} INFO - [2026-05-30T10:36:19.980+0000] {dag.py:3047} INFO - Sync 3 DAGs
[2026-05-30T10:36:20.130+0000] {logging_mixin.py:188} INFO - [2026-05-30T10:36:20.130+0000] {dag.py:3834} INFO - Setting next_dagrun for example_subdag_operator to 2022-01-01 00:00:00+00:00, run_after=2022-01-01 00:00:00+00:00
[2026-05-30T10:36:20.133+0000] {logging_mixin.py:188} INFO - [2026-05-30T10:36:20.133+0000] {dag.py:3834} INFO - Setting next_dagrun for example_subdag_operator.section-1 to None, run_after=None
[2026-05-30T10:36:20.135+0000] {logging_mixin.py:188} INFO - [2026-05-30T10:36:20.135+0000] {dag.py:3834} INFO - Setting next_dagrun for example_subdag_operator.section-2 to None, run_after=None
[2026-05-30T10:36:20.141+0000] {logging_mixin.py:188} INFO - [2026-05-30T10:36:20.140+0000] {dag.py:3047} INFO - Sync 2 DAGs
[2026-05-30T10:36:20.145+0000] {logging_mixin.py:188} INFO - [2026-05-30T10:36:20.145+0000] {dag.py:3834} INFO - Setting next_dagrun for example_subdag_operator.section-1 to None, run_after=None
[2026-05-30T10:36:20.146+0000] {logging_mixin.py:188} INFO - [2026-05-30T10:36:20.146+0000] {dag.py:3834} INFO - Setting next_dagrun for example_subdag_operator.section-2 to None, run_after=None
[2026-05-30T10:36:20.161+0000] {processor.py:183} INFO - Processing /home/airflow/.local/lib/python3.8/site-packages/airflow/example_dags/example_subdag_operator.py took 0.223 seconds
[2026-05-30T10:36:50.215+0000] {processor.py:161} INFO - Started process (PID=2270) to work on /home/airflow/.local/lib/python3.8/site-packages/airflow/example_dags/example_subdag_operator.py
[2026-05-30T10:36:50.217+0000] {processor.py:830} INFO - Processing file /home/airflow/.local/lib/python3.8/site-packages/airflow/example_dags/example_subdag_operator.py for tasks to queue
[2026-05-30T10:36:50.219+0000] {logging_mixin.py:188} INFO - [2026-05-30T10:36:50.218+0000] {dagbag.py:540} INFO - Filling up the DagBag from /home/airflow/.local/lib/python3.8/site-packages/airflow/example_dags/example_subdag_operator.py
[2026-05-30T10:36:50.242+0000] {processor.py:840} INFO - DAG(s) 'example_subdag_operator.section-1', 'example_subdag_operator.section-2', 'example_subdag_operator' retrieved from /home/airflow/.local/lib/python3.8/site-packages/airflow/example_dags/example_subdag_operator.py
[2026-05-30T10:36:50.256+0000] {logging_mixin.py:188} INFO - [2026-05-30T10:36:50.256+0000] {dag.py:3047} INFO - Sync 3 DAGs
[2026-05-30T10:36:50.460+0000] {logging_mixin.py:188} INFO - [2026-05-30T10:36:50.460+0000] {dag.py:3834} INFO - Setting next_dagrun for example_subdag_operator to 2022-01-01 00:00:00+00:00, run_after=2022-01-01 00:00:00+00:00
[2026-05-30T10:36:50.466+0000] {logging_mixin.py:188} INFO - [2026-05-30T10:36:50.466+0000] {dag.py:3834} INFO - Setting next_dagrun for example_subdag_operator.section-1 to None, run_after=None
[2026-05-30T10:36:50.470+0000] {logging_mixin.py:188} INFO - [2026-05-30T10:36:50.469+0000] {dag.py:3834} INFO - Setting next_dagrun for example_subdag_operator.section-2 to None, run_after=None
[2026-05-30T10:36:50.485+0000] {logging_mixin.py:188} INFO - [2026-05-30T10:36:50.485+0000] {dag.py:3047} INFO - Sync 2 DAGs
[2026-05-30T10:36:50.501+0000] {logging_mixin.py:188} INFO - [2026-05-30T10:36:50.500+0000] {dag.py:3834} INFO - Setting next_dagrun for example_subdag_operator.section-1 to None, run_after=None
[2026-05-30T10:36:50.507+0000] {logging_mixin.py:188} INFO - [2026-05-30T10:36:50.507+0000] {dag.py:3834} INFO - Setting next_dagrun for example_subdag_operator.section-2 to None, run_after=None
[2026-05-30T10:36:50.531+0000] {processor.py:183} INFO - Processing /home/airflow/.local/lib/python3.8/site-packages/airflow/example_dags/example_subdag_operator.py took 0.319 seconds
[2026-05-30T10:37:21.145+0000] {processor.py:161} INFO - Started process (PID=2325) to work on /home/airflow/.local/lib/python3.8/site-packages/airflow/example_dags/example_subdag_operator.py
[2026-05-30T10:37:21.146+0000] {processor.py:830} INFO - Processing file /home/airflow/.local/lib/python3.8/site-packages/airflow/example_dags/example_subdag_operator.py for tasks to queue
[2026-05-30T10:37:21.148+0000] {logging_mixin.py:188} INFO - [2026-05-30T10:37:21.148+0000] {dagbag.py:540} INFO - Filling up the DagBag from /home/airflow/.local/lib/python3.8/site-packages/airflow/example_dags/example_subdag_operator.py
[2026-05-30T10:37:21.174+0000] {processor.py:840} INFO - DAG(s) 'example_subdag_operator.section-1', 'example_subdag_operator.section-2', 'example_subdag_operator' retrieved from /home/airflow/.local/lib/python3.8/site-packages/airflow/example_dags/example_subdag_operator.py
[2026-05-30T10:37:21.187+0000] {logging_mixin.py:188} INFO - [2026-05-30T10:37:21.187+0000] {dag.py:3047} INFO - Sync 3 DAGs
[2026-05-30T10:37:21.349+0000] {logging_mixin.py:188} INFO - [2026-05-30T10:37:21.349+0000] {dag.py:3834} INFO - Setting next_dagrun for example_subdag_operator to 2022-01-01 00:00:00+00:00, run_after=2022-01-01 00:00:00+00:00
[2026-05-30T10:37:21.353+0000] {logging_mixin.py:188} INFO - [2026-05-30T10:37:21.353+0000] {dag.py:3834} INFO - Setting next_dagrun for example_subdag_operator.section-1 to None, run_after=None
[2026-05-30T10:37:21.355+0000] {logging_mixin.py:188} INFO - [2026-05-30T10:37:21.355+0000] {dag.py:3834} INFO - Setting next_dagrun for example_subdag_operator.section-2 to None, run_after=None
[2026-05-30T10:37:21.363+0000] {logging_mixin.py:188} INFO - [2026-05-30T10:37:21.363+0000] {dag.py:3047} INFO - Sync 2 DAGs
[2026-05-30T10:37:21.370+0000] {logging_mixin.py:188} INFO - [2026-05-30T10:37:21.369+0000] {dag.py:3834} INFO - Setting next_dagrun for example_subdag_operator.section-1 to None, run_after=None
[2026-05-30T10:37:21.370+0000] {logging_mixin.py:188} INFO - [2026-05-30T10:37:21.370+0000] {dag.py:3834} INFO - Setting next_dagrun for example_subdag_operator.section-2 to None, run_after=None
[2026-05-30T10:37:21.383+0000] {processor.py:183} INFO - Processing /home/airflow/.local/lib/python3.8/site-packages/airflow/example_dags/example_subdag_operator.py took 0.243 seconds
[2026-05-30T10:37:52.230+0000] {processor.py:161} INFO - Started process (PID=2378) to work on /home/airflow/.local/lib/python3.8/site-packages/airflow/example_dags/example_subdag_operator.py
[2026-05-30T10:37:52.232+0000] {processor.py:830} INFO - Processing file /home/airflow/.local/lib/python3.8/site-packages/airflow/example_dags/example_subdag_operator.py for tasks to queue
[2026-05-30T10:37:52.235+0000] {logging_mixin.py:188} INFO - [2026-05-30T10:37:52.234+0000] {dagbag.py:540} INFO - Filling up the DagBag from /home/airflow/.local/lib/python3.8/site-packages/airflow/example_dags/example_subdag_operator.py
[2026-05-30T10:37:52.264+0000] {processor.py:840} INFO - DAG(s) 'example_subdag_operator.section-1', 'example_subdag_operator.section-2', 'example_subdag_operator' retrieved from /home/airflow/.local/lib/python3.8/site-packages/airflow/example_dags/example_subdag_operator.py
[2026-05-30T10:37:52.281+0000] {logging_mixin.py:188} INFO - [2026-05-30T10:37:52.280+0000] {dag.py:3047} INFO - Sync 3 DAGs
[2026-05-30T10:37:52.440+0000] {logging_mixin.py:188} INFO - [2026-05-30T10:37:52.440+0000] {dag.py:3834} INFO - Setting next_dagrun for example_subdag_operator to 2022-01-01 00:00:00+00:00, run_after=2022-01-01 00:00:00+00:00
[2026-05-30T10:37:52.444+0000] {logging_mixin.py:188} INFO - [2026-05-30T10:37:52.444+0000] {dag.py:3834} INFO - Setting next_dagrun for example_subdag_operator.section-1 to None, run_after=None
[2026-05-30T10:37:52.446+0000] {logging_mixin.py:188} INFO - [2026-05-30T10:37:52.446+0000] {dag.py:3834} INFO - Setting next_dagrun for example_subdag_operator.section-2 to None, run_after=None
[2026-05-30T10:37:52.453+0000] {logging_mixin.py:188} INFO - [2026-05-30T10:37:52.453+0000] {dag.py:3047} INFO - Sync 2 DAGs
[2026-05-30T10:37:52.462+0000] {logging_mixin.py:188} INFO - [2026-05-30T10:37:52.462+0000] {dag.py:3834} INFO - Setting next_dagrun for example_subdag_operator.section-1 to None, run_after=None
[2026-05-30T10:37:52.463+0000] {logging_mixin.py:188} INFO - [2026-05-30T10:37:52.463+0000] {dag.py:3834} INFO - Setting next_dagrun for example_subdag_operator.section-2 to None, run_after=None
[2026-05-30T10:37:52.478+0000] {processor.py:183} INFO - Processing /home/airflow/.local/lib/python3.8/site-packages/airflow/example_dags/example_subdag_operator.py took 0.253 seconds
[2026-05-30T10:38:23.223+0000] {processor.py:161} INFO - Started process (PID=2433) to work on /home/airflow/.local/lib/python3.8/site-packages/airflow/example_dags/example_subdag_operator.py
[2026-05-30T10:38:23.226+0000] {processor.py:830} INFO - Processing file /home/airflow/.local/lib/python3.8/site-packages/airflow/example_dags/example_subdag_operator.py for tasks to queue
[2026-05-30T10:38:23.231+0000] {logging_mixin.py:188} INFO - [2026-05-30T10:38:23.230+0000] {dagbag.py:540} INFO - Filling up the DagBag from /home/airflow/.local/lib/python3.8/site-packages/airflow/example_dags/example_subdag_operator.py
[2026-05-30T10:38:23.287+0000] {processor.py:840} INFO - DAG(s) 'example_subdag_operator.section-1', 'example_subdag_operator.section-2', 'example_subdag_operator' retrieved from /home/airflow/.local/lib/python3.8/site-packages/airflow/example_dags/example_subdag_operator.py
[2026-05-30T10:38:23.316+0000] {logging_mixin.py:188} INFO - [2026-05-30T10:38:23.316+0000] {dag.py:3047} INFO - Sync 3 DAGs
[2026-05-30T10:38:23.350+0000] {logging_mixin.py:188} INFO - [2026-05-30T10:38:23.350+0000] {dag.py:3834} INFO - Setting next_dagrun for example_subdag_operator to 2022-01-01 00:00:00+00:00, run_after=2022-01-01 00:00:00+00:00
[2026-05-30T10:38:23.356+0000] {logging_mixin.py:188} INFO - [2026-05-30T10:38:23.356+0000] {dag.py:3834} INFO - Setting next_dagrun for example_subdag_operator.section-1 to None, run_after=None
[2026-05-30T10:38:23.359+0000] {logging_mixin.py:188} INFO - [2026-05-30T10:38:23.359+0000] {dag.py:3834} INFO - Setting next_dagrun for example_subdag_operator.section-2 to None, run_after=None
[2026-05-30T10:38:23.549+0000] {logging_mixin.py:188} INFO - [2026-05-30T10:38:23.549+0000] {dag.py:3047} INFO - Sync 2 DAGs
[2026-05-30T10:38:23.557+0000] {logging_mixin.py:188} INFO - [2026-05-30T10:38:23.557+0000] {dag.py:3834} INFO - Setting next_dagrun for example_subdag_operator.section-1 to None, run_after=None
[2026-05-30T10:38:23.558+0000] {logging_mixin.py:188} INFO - [2026-05-30T10:38:23.558+0000] {dag.py:3834} INFO - Setting next_dagrun for example_subdag_operator.section-2 to None, run_after=None
[2026-05-30T10:38:23.573+0000] {processor.py:183} INFO - Processing /home/airflow/.local/lib/python3.8/site-packages/airflow/example_dags/example_subdag_operator.py took 0.356 seconds
[2026-05-30T10:38:53.862+0000] {processor.py:161} INFO - Started process (PID=2489) to work on /home/airflow/.local/lib/python3.8/site-packages/airflow/example_dags/example_subdag_operator.py
[2026-05-30T10:38:53.864+0000] {processor.py:830} INFO - Processing file /home/airflow/.local/lib/python3.8/site-packages/airflow/example_dags/example_subdag_operator.py for tasks to queue
[2026-05-30T10:38:53.867+0000] {logging_mixin.py:188} INFO - [2026-05-30T10:38:53.866+0000] {dagbag.py:540} INFO - Filling up the DagBag from /home/airflow/.local/lib/python3.8/site-packages/airflow/example_dags/example_subdag_operator.py
[2026-05-30T10:38:53.898+0000] {processor.py:840} INFO - DAG(s) 'example_subdag_operator.section-1', 'example_subdag_operator.section-2', 'example_subdag_operator' retrieved from /home/airflow/.local/lib/python3.8/site-packages/airflow/example_dags/example_subdag_operator.py
[2026-05-30T10:38:53.915+0000] {logging_mixin.py:188} INFO - [2026-05-30T10:38:53.914+0000] {dag.py:3047} INFO - Sync 3 DAGs
[2026-05-30T10:38:53.938+0000] {logging_mixin.py:188} INFO - [2026-05-30T10:38:53.937+0000] {dag.py:3834} INFO - Setting next_dagrun for example_subdag_operator to 2022-01-01 00:00:00+00:00, run_after=2022-01-01 00:00:00+00:00
[2026-05-30T10:38:53.944+0000] {logging_mixin.py:188} INFO - [2026-05-30T10:38:53.944+0000] {dag.py:3834} INFO - Setting next_dagrun for example_subdag_operator.section-1 to None, run_after=None
[2026-05-30T10:38:53.947+0000] {logging_mixin.py:188} INFO - [2026-05-30T10:38:53.947+0000] {dag.py:3834} INFO - Setting next_dagrun for example_subdag_operator.section-2 to None, run_after=None
[2026-05-30T10:38:53.959+0000] {logging_mixin.py:188} INFO - [2026-05-30T10:38:53.959+0000] {dag.py:3047} INFO - Sync 2 DAGs
[2026-05-30T10:38:53.965+0000] {logging_mixin.py:188} INFO - [2026-05-30T10:38:53.965+0000] {dag.py:3834} INFO - Setting next_dagrun for example_subdag_operator.section-1 to None, run_after=None
[2026-05-30T10:38:53.966+0000] {logging_mixin.py:188} INFO - [2026-05-30T10:38:53.966+0000] {dag.py:3834} INFO - Setting next_dagrun for example_subdag_operator.section-2 to None, run_after=None
[2026-05-30T10:38:53.987+0000] {processor.py:183} INFO - Processing /home/airflow/.local/lib/python3.8/site-packages/airflow/example_dags/example_subdag_operator.py took 0.128 seconds
[2026-05-30T10:39:24.048+0000] {processor.py:161} INFO - Started process (PID=2545) to work on /home/airflow/.local/lib/python3.8/site-packages/airflow/example_dags/example_subdag_operator.py
[2026-05-30T10:39:24.050+0000] {processor.py:830} INFO - Processing file /home/airflow/.local/lib/python3.8/site-packages/airflow/example_dags/example_subdag_operator.py for tasks to queue
[2026-05-30T10:39:24.054+0000] {logging_mixin.py:188} INFO - [2026-05-30T10:39:24.053+0000] {dagbag.py:540} INFO - Filling up the DagBag from /home/airflow/.local/lib/python3.8/site-packages/airflow/example_dags/example_subdag_operator.py
[2026-05-30T10:39:24.082+0000] {processor.py:840} INFO - DAG(s) 'example_subdag_operator.section-1', 'example_subdag_operator.section-2', 'example_subdag_operator' retrieved from /home/airflow/.local/lib/python3.8/site-packages/airflow/example_dags/example_subdag_operator.py
[2026-05-30T10:39:24.099+0000] {logging_mixin.py:188} INFO - [2026-05-30T10:39:24.099+0000] {dag.py:3047} INFO - Sync 3 DAGs
[2026-05-30T10:39:24.118+0000] {logging_mixin.py:188} INFO - [2026-05-30T10:39:24.118+0000] {dag.py:3834} INFO - Setting next_dagrun for example_subdag_operator to 2022-01-01 00:00:00+00:00, run_after=2022-01-01 00:00:00+00:00
[2026-05-30T10:39:24.122+0000] {logging_mixin.py:188} INFO - [2026-05-30T10:39:24.122+0000] {dag.py:3834} INFO - Setting next_dagrun for example_subdag_operator.section-1 to None, run_after=None
[2026-05-30T10:39:24.123+0000] {logging_mixin.py:188} INFO - [2026-05-30T10:39:24.123+0000] {dag.py:3834} INFO - Setting next_dagrun for example_subdag_operator.section-2 to None, run_after=None
[2026-05-30T10:39:24.130+0000] {logging_mixin.py:188} INFO - [2026-05-30T10:39:24.129+0000] {dag.py:3047} INFO - Sync 2 DAGs
[2026-05-30T10:39:24.134+0000] {logging_mixin.py:188} INFO - [2026-05-30T10:39:24.133+0000] {dag.py:3834} INFO - Setting next_dagrun for example_subdag_operator.section-1 to None, run_after=None
[2026-05-30T10:39:24.135+0000] {logging_mixin.py:188} INFO - [2026-05-30T10:39:24.135+0000] {dag.py:3834} INFO - Setting next_dagrun for example_subdag_operator.section-2 to None, run_after=None
[2026-05-30T10:39:24.146+0000] {processor.py:183} INFO - Processing /home/airflow/.local/lib/python3.8/site-packages/airflow/example_dags/example_subdag_operator.py took 0.101 seconds
[2026-05-30T10:39:54.225+0000] {processor.py:161} INFO - Started process (PID=2599) to work on /home/airflow/.local/lib/python3.8/site-packages/airflow/example_dags/example_subdag_operator.py
[2026-05-30T10:39:54.226+0000] {processor.py:830} INFO - Processing file /home/airflow/.local/lib/python3.8/site-packages/airflow/example_dags/example_subdag_operator.py for tasks to queue
[2026-05-30T10:39:54.228+0000] {logging_mixin.py:188} INFO - [2026-05-30T10:39:54.228+0000] {dagbag.py:540} INFO - Filling up the DagBag from /home/airflow/.local/lib/python3.8/site-packages/airflow/example_dags/example_subdag_operator.py
[2026-05-30T10:39:54.251+0000] {processor.py:840} INFO - DAG(s) 'example_subdag_operator.section-1', 'example_subdag_operator.section-2', 'example_subdag_operator' retrieved from /home/airflow/.local/lib/python3.8/site-packages/airflow/example_dags/example_subdag_operator.py
[2026-05-30T10:39:54.264+0000] {logging_mixin.py:188} INFO - [2026-05-30T10:39:54.264+0000] {dag.py:3047} INFO - Sync 3 DAGs
[2026-05-30T10:39:54.281+0000] {logging_mixin.py:188} INFO - [2026-05-30T10:39:54.280+0000] {dag.py:3834} INFO - Setting next_dagrun for example_subdag_operator to 2022-01-01 00:00:00+00:00, run_after=2022-01-01 00:00:00+00:00
[2026-05-30T10:39:54.284+0000] {logging_mixin.py:188} INFO - [2026-05-30T10:39:54.284+0000] {dag.py:3834} INFO - Setting next_dagrun for example_subdag_operator.section-1 to None, run_after=None
[2026-05-30T10:39:54.286+0000] {logging_mixin.py:188} INFO - [2026-05-30T10:39:54.286+0000] {dag.py:3834} INFO - Setting next_dagrun for example_subdag_operator.section-2 to None, run_after=None
[2026-05-30T10:39:54.293+0000] {logging_mixin.py:188} INFO - [2026-05-30T10:39:54.293+0000] {dag.py:3047} INFO - Sync 2 DAGs
[2026-05-30T10:39:54.299+0000] {logging_mixin.py:188} INFO - [2026-05-30T10:39:54.299+0000] {dag.py:3834} INFO - Setting next_dagrun for example_subdag_operator.section-1 to None, run_after=None
[2026-05-30T10:39:54.300+0000] {logging_mixin.py:188} INFO - [2026-05-30T10:39:54.300+0000] {dag.py:3834} INFO - Setting next_dagrun for example_subdag_operator.section-2 to None, run_after=None
[2026-05-30T10:39:54.314+0000] {processor.py:183} INFO - Processing /home/airflow/.local/lib/python3.8/site-packages/airflow/example_dags/example_subdag_operator.py took 0.092 seconds
[2026-05-30T10:40:24.360+0000] {processor.py:161} INFO - Started process (PID=2654) to work on /home/airflow/.local/lib/python3.8/site-packages/airflow/example_dags/example_subdag_operator.py
[2026-05-30T10:40:24.361+0000] {processor.py:830} INFO - Processing file /home/airflow/.local/lib/python3.8/site-packages/airflow/example_dags/example_subdag_operator.py for tasks to queue
[2026-05-30T10:40:24.363+0000] {logging_mixin.py:188} INFO - [2026-05-30T10:40:24.363+0000] {dagbag.py:540} INFO - Filling up the DagBag from /home/airflow/.local/lib/python3.8/site-packages/airflow/example_dags/example_subdag_operator.py
[2026-05-30T10:40:24.386+0000] {processor.py:840} INFO - DAG(s) 'example_subdag_operator.section-1', 'example_subdag_operator.section-2', 'example_subdag_operator' retrieved from /home/airflow/.local/lib/python3.8/site-packages/airflow/example_dags/example_subdag_operator.py
[2026-05-30T10:40:24.399+0000] {logging_mixin.py:188} INFO - [2026-05-30T10:40:24.399+0000] {dag.py:3047} INFO - Sync 3 DAGs
[2026-05-30T10:40:24.418+0000] {logging_mixin.py:188} INFO - [2026-05-30T10:40:24.417+0000] {dag.py:3834} INFO - Setting next_dagrun for example_subdag_operator to 2022-01-01 00:00:00+00:00, run_after=2022-01-01 00:00:00+00:00
[2026-05-30T10:40:24.422+0000] {logging_mixin.py:188} INFO - [2026-05-30T10:40:24.421+0000] {dag.py:3834} INFO - Setting next_dagrun for example_subdag_operator.section-1 to None, run_after=None
[2026-05-30T10:40:24.424+0000] {logging_mixin.py:188} INFO - [2026-05-30T10:40:24.423+0000] {dag.py:3834} INFO - Setting next_dagrun for example_subdag_operator.section-2 to None, run_after=None
[2026-05-30T10:40:24.432+0000] {logging_mixin.py:188} INFO - [2026-05-30T10:40:24.432+0000] {dag.py:3047} INFO - Sync 2 DAGs
[2026-05-30T10:40:24.437+0000] {logging_mixin.py:188} INFO - [2026-05-30T10:40:24.437+0000] {dag.py:3834} INFO - Setting next_dagrun for example_subdag_operator.section-1 to None, run_after=None
[2026-05-30T10:40:24.438+0000] {logging_mixin.py:188} INFO - [2026-05-30T10:40:24.438+0000] {dag.py:3834} INFO - Setting next_dagrun for example_subdag_operator.section-2 to None, run_after=None
[2026-05-30T10:40:24.447+0000] {processor.py:183} INFO - Processing /home/airflow/.local/lib/python3.8/site-packages/airflow/example_dags/example_subdag_operator.py took 0.091 seconds
[2026-05-30T10:40:54.599+0000] {processor.py:161} INFO - Started process (PID=2708) to work on /home/airflow/.local/lib/python3.8/site-packages/airflow/example_dags/example_subdag_operator.py
[2026-05-30T10:40:54.600+0000] {processor.py:830} INFO - Processing file /home/airflow/.local/lib/python3.8/site-packages/airflow/example_dags/example_subdag_operator.py for tasks to queue
[2026-05-30T10:40:54.602+0000] {logging_mixin.py:188} INFO - [2026-05-30T10:40:54.602+0000] {dagbag.py:540} INFO - Filling up the DagBag from /home/airflow/.local/lib/python3.8/site-packages/airflow/example_dags/example_subdag_operator.py
[2026-05-30T10:40:54.624+0000] {processor.py:840} INFO - DAG(s) 'example_subdag_operator.section-1', 'example_subdag_operator.section-2', 'example_subdag_operator' retrieved from /home/airflow/.local/lib/python3.8/site-packages/airflow/example_dags/example_subdag_operator.py
[2026-05-30T10:40:54.638+0000] {logging_mixin.py:188} INFO - [2026-05-30T10:40:54.637+0000] {dag.py:3047} INFO - Sync 3 DAGs
[2026-05-30T10:40:54.655+0000] {logging_mixin.py:188} INFO - [2026-05-30T10:40:54.655+0000] {dag.py:3834} INFO - Setting next_dagrun for example_subdag_operator to 2022-01-01 00:00:00+00:00, run_after=2022-01-01 00:00:00+00:00
[2026-05-30T10:40:54.658+0000] {logging_mixin.py:188} INFO - [2026-05-30T10:40:54.658+0000] {dag.py:3834} INFO - Setting next_dagrun for example_subdag_operator.section-1 to None, run_after=None
[2026-05-30T10:40:54.661+0000] {logging_mixin.py:188} INFO - [2026-05-30T10:40:54.660+0000] {dag.py:3834} INFO - Setting next_dagrun for example_subdag_operator.section-2 to None, run_after=None
[2026-05-30T10:40:54.669+0000] {logging_mixin.py:188} INFO - [2026-05-30T10:40:54.669+0000] {dag.py:3047} INFO - Sync 2 DAGs
[2026-05-30T10:40:54.676+0000] {logging_mixin.py:188} INFO - [2026-05-30T10:40:54.676+0000] {dag.py:3834} INFO - Setting next_dagrun for example_subdag_operator.section-1 to None, run_after=None
[2026-05-30T10:40:54.676+0000] {logging_mixin.py:188} INFO - [2026-05-30T10:40:54.676+0000] {dag.py:3834} INFO - Setting next_dagrun for example_subdag_operator.section-2 to None, run_after=None
[2026-05-30T10:40:54.689+0000] {processor.py:183} INFO - Processing /home/airflow/.local/lib/python3.8/site-packages/airflow/example_dags/example_subdag_operator.py took 0.093 seconds
[2026-05-30T10:41:24.894+0000] {processor.py:161} INFO - Started process (PID=2763) to work on /home/airflow/.local/lib/python3.8/site-packages/airflow/example_dags/example_subdag_operator.py
[2026-05-30T10:41:24.895+0000] {processor.py:830} INFO - Processing file /home/airflow/.local/lib/python3.8/site-packages/airflow/example_dags/example_subdag_operator.py for tasks to queue
[2026-05-30T10:41:24.897+0000] {logging_mixin.py:188} INFO - [2026-05-30T10:41:24.896+0000] {dagbag.py:540} INFO - Filling up the DagBag from /home/airflow/.local/lib/python3.8/site-packages/airflow/example_dags/example_subdag_operator.py
[2026-05-30T10:41:24.918+0000] {processor.py:840} INFO - DAG(s) 'example_subdag_operator.section-1', 'example_subdag_operator.section-2', 'example_subdag_operator' retrieved from /home/airflow/.local/lib/python3.8/site-packages/airflow/example_dags/example_subdag_operator.py
[2026-05-30T10:41:24.930+0000] {logging_mixin.py:188} INFO - [2026-05-30T10:41:24.930+0000] {dag.py:3047} INFO - Sync 3 DAGs
[2026-05-30T10:41:24.950+0000] {logging_mixin.py:188} INFO - [2026-05-30T10:41:24.950+0000] {dag.py:3834} INFO - Setting next_dagrun for example_subdag_operator to 2022-01-01 00:00:00+00:00, run_after=2022-01-01 00:00:00+00:00
[2026-05-30T10:41:24.954+0000] {logging_mixin.py:188} INFO - [2026-05-30T10:41:24.954+0000] {dag.py:3834} INFO - Setting next_dagrun for example_subdag_operator.section-1 to None, run_after=None
[2026-05-30T10:41:24.957+0000] {logging_mixin.py:188} INFO - [2026-05-30T10:41:24.956+0000] {dag.py:3834} INFO - Setting next_dagrun for example_subdag_operator.section-2 to None, run_after=None
[2026-05-30T10:41:24.965+0000] {logging_mixin.py:188} INFO - [2026-05-30T10:41:24.965+0000] {dag.py:3047} INFO - Sync 2 DAGs
[2026-05-30T10:41:24.970+0000] {logging_mixin.py:188} INFO - [2026-05-30T10:41:24.970+0000] {dag.py:3834} INFO - Setting next_dagrun for example_subdag_operator.section-1 to None, run_after=None
[2026-05-30T10:41:24.971+0000] {logging_mixin.py:188} INFO - [2026-05-30T10:41:24.970+0000] {dag.py:3834} INFO - Setting next_dagrun for example_subdag_operator.section-2 to None, run_after=None
[2026-05-30T10:41:24.980+0000] {processor.py:183} INFO - Processing /home/airflow/.local/lib/python3.8/site-packages/airflow/example_dags/example_subdag_operator.py took 0.090 seconds
[2026-05-30T10:41:55.133+0000] {processor.py:161} INFO - Started process (PID=2818) to work on /home/airflow/.local/lib/python3.8/site-packages/airflow/example_dags/example_subdag_operator.py
[2026-05-30T10:41:55.134+0000] {processor.py:830} INFO - Processing file /home/airflow/.local/lib/python3.8/site-packages/airflow/example_dags/example_subdag_operator.py for tasks to queue
[2026-05-30T10:41:55.136+0000] {logging_mixin.py:188} INFO - [2026-05-30T10:41:55.136+0000] {dagbag.py:540} INFO - Filling up the DagBag from /home/airflow/.local/lib/python3.8/site-packages/airflow/example_dags/example_subdag_operator.py
[2026-05-30T10:41:55.158+0000] {processor.py:840} INFO - DAG(s) 'example_subdag_operator.section-1', 'example_subdag_operator.section-2', 'example_subdag_operator' retrieved from /home/airflow/.local/lib/python3.8/site-packages/airflow/example_dags/example_subdag_operator.py
[2026-05-30T10:41:55.171+0000] {logging_mixin.py:188} INFO - [2026-05-30T10:41:55.171+0000] {dag.py:3047} INFO - Sync 3 DAGs
[2026-05-30T10:41:55.189+0000] {logging_mixin.py:188} INFO - [2026-05-30T10:41:55.189+0000] {dag.py:3834} INFO - Setting next_dagrun for example_subdag_operator to 2022-01-01 00:00:00+00:00, run_after=2022-01-01 00:00:00+00:00
[2026-05-30T10:41:55.192+0000] {logging_mixin.py:188} INFO - [2026-05-30T10:41:55.192+0000] {dag.py:3834} INFO - Setting next_dagrun for example_subdag_operator.section-1 to None, run_after=None
[2026-05-30T10:41:55.194+0000] {logging_mixin.py:188} INFO - [2026-05-30T10:41:55.194+0000] {dag.py:3834} INFO - Setting next_dagrun for example_subdag_operator.section-2 to None, run_after=None
[2026-05-30T10:41:55.202+0000] {logging_mixin.py:188} INFO - [2026-05-30T10:41:55.202+0000] {dag.py:3047} INFO - Sync 2 DAGs
[2026-05-30T10:41:55.210+0000] {logging_mixin.py:188} INFO - [2026-05-30T10:41:55.210+0000] {dag.py:3834} INFO - Setting next_dagrun for example_subdag_operator.section-1 to None, run_after=None
[2026-05-30T10:41:55.212+0000] {logging_mixin.py:188} INFO - [2026-05-30T10:41:55.211+0000] {dag.py:3834} INFO - Setting next_dagrun for example_subdag_operator.section-2 to None, run_after=None
[2026-05-30T10:41:55.224+0000] {processor.py:183} INFO - Processing /home/airflow/.local/lib/python3.8/site-packages/airflow/example_dags/example_subdag_operator.py took 0.094 seconds
[2026-05-30T10:42:25.511+0000] {processor.py:161} INFO - Started process (PID=2874) to work on /home/airflow/.local/lib/python3.8/site-packages/airflow/example_dags/example_subdag_operator.py
[2026-05-30T10:42:25.512+0000] {processor.py:830} INFO - Processing file /home/airflow/.local/lib/python3.8/site-packages/airflow/example_dags/example_subdag_operator.py for tasks to queue
[2026-05-30T10:42:25.514+0000] {logging_mixin.py:188} INFO - [2026-05-30T10:42:25.514+0000] {dagbag.py:540} INFO - Filling up the DagBag from /home/airflow/.local/lib/python3.8/site-packages/airflow/example_dags/example_subdag_operator.py
[2026-05-30T10:42:25.538+0000] {processor.py:840} INFO - DAG(s) 'example_subdag_operator.section-1', 'example_subdag_operator.section-2', 'example_subdag_operator' retrieved from /home/airflow/.local/lib/python3.8/site-packages/airflow/example_dags/example_subdag_operator.py
[2026-05-30T10:42:25.552+0000] {logging_mixin.py:188} INFO - [2026-05-30T10:42:25.552+0000] {dag.py:3047} INFO - Sync 3 DAGs
[2026-05-30T10:42:25.571+0000] {logging_mixin.py:188} INFO - [2026-05-30T10:42:25.571+0000] {dag.py:3834} INFO - Setting next_dagrun for example_subdag_operator to 2022-01-01 00:00:00+00:00, run_after=2022-01-01 00:00:00+00:00
[2026-05-30T10:42:25.579+0000] {logging_mixin.py:188} INFO - [2026-05-30T10:42:25.579+0000] {dag.py:3834} INFO - Setting next_dagrun for example_subdag_operator.section-1 to None, run_after=None
[2026-05-30T10:42:25.582+0000] {logging_mixin.py:188} INFO - [2026-05-30T10:42:25.582+0000] {dag.py:3834} INFO - Setting next_dagrun for example_subdag_operator.section-2 to None, run_after=None
[2026-05-30T10:42:25.593+0000] {logging_mixin.py:188} INFO - [2026-05-30T10:42:25.593+0000] {dag.py:3047} INFO - Sync 2 DAGs
[2026-05-30T10:42:25.600+0000] {logging_mixin.py:188} INFO - [2026-05-30T10:42:25.599+0000] {dag.py:3834} INFO - Setting next_dagrun for example_subdag_operator.section-1 to None, run_after=None
[2026-05-30T10:42:25.600+0000] {logging_mixin.py:188} INFO - [2026-05-30T10:42:25.600+0000] {dag.py:3834} INFO - Setting next_dagrun for example_subdag_operator.section-2 to None, run_after=None
[2026-05-30T10:42:25.613+0000] {processor.py:183} INFO - Processing /home/airflow/.local/lib/python3.8/site-packages/airflow/example_dags/example_subdag_operator.py took 0.106 seconds
[2026-05-30T10:42:56.303+0000] {processor.py:161} INFO - Started process (PID=2928) to work on /home/airflow/.local/lib/python3.8/site-packages/airflow/example_dags/example_subdag_operator.py
[2026-05-30T10:42:56.305+0000] {processor.py:830} INFO - Processing file /home/airflow/.local/lib/python3.8/site-packages/airflow/example_dags/example_subdag_operator.py for tasks to queue
[2026-05-30T10:42:56.307+0000] {logging_mixin.py:188} INFO - [2026-05-30T10:42:56.307+0000] {dagbag.py:540} INFO - Filling up the DagBag from /home/airflow/.local/lib/python3.8/site-packages/airflow/example_dags/example_subdag_operator.py
[2026-05-30T10:42:56.330+0000] {processor.py:840} INFO - DAG(s) 'example_subdag_operator.section-1', 'example_subdag_operator.section-2', 'example_subdag_operator' retrieved from /home/airflow/.local/lib/python3.8/site-packages/airflow/example_dags/example_subdag_operator.py
[2026-05-30T10:42:56.344+0000] {logging_mixin.py:188} INFO - [2026-05-30T10:42:56.344+0000] {dag.py:3047} INFO - Sync 3 DAGs
[2026-05-30T10:42:56.365+0000] {logging_mixin.py:188} INFO - [2026-05-30T10:42:56.365+0000] {dag.py:3834} INFO - Setting next_dagrun for example_subdag_operator to 2022-01-01 00:00:00+00:00, run_after=2022-01-01 00:00:00+00:00
[2026-05-30T10:42:56.371+0000] {logging_mixin.py:188} INFO - [2026-05-30T10:42:56.370+0000] {dag.py:3834} INFO - Setting next_dagrun for example_subdag_operator.section-1 to None, run_after=None
[2026-05-30T10:42:56.374+0000] {logging_mixin.py:188} INFO - [2026-05-30T10:42:56.374+0000] {dag.py:3834} INFO - Setting next_dagrun for example_subdag_operator.section-2 to None, run_after=None
[2026-05-30T10:42:56.383+0000] {logging_mixin.py:188} INFO - [2026-05-30T10:42:56.382+0000] {dag.py:3047} INFO - Sync 2 DAGs
[2026-05-30T10:42:56.391+0000] {logging_mixin.py:188} INFO - [2026-05-30T10:42:56.391+0000] {dag.py:3834} INFO - Setting next_dagrun for example_subdag_operator.section-1 to None, run_after=None
[2026-05-30T10:42:56.392+0000] {logging_mixin.py:188} INFO - [2026-05-30T10:42:56.392+0000] {dag.py:3834} INFO - Setting next_dagrun for example_subdag_operator.section-2 to None, run_after=None
[2026-05-30T10:42:56.412+0000] {processor.py:183} INFO - Processing /home/airflow/.local/lib/python3.8/site-packages/airflow/example_dags/example_subdag_operator.py took 0.111 seconds
[2026-05-30T10:43:27.130+0000] {processor.py:161} INFO - Started process (PID=2983) to work on /home/airflow/.local/lib/python3.8/site-packages/airflow/example_dags/example_subdag_operator.py
[2026-05-30T10:43:27.131+0000] {processor.py:830} INFO - Processing file /home/airflow/.local/lib/python3.8/site-packages/airflow/example_dags/example_subdag_operator.py for tasks to queue
[2026-05-30T10:43:27.133+0000] {logging_mixin.py:188} INFO - [2026-05-30T10:43:27.133+0000] {dagbag.py:540} INFO - Filling up the DagBag from /home/airflow/.local/lib/python3.8/site-packages/airflow/example_dags/example_subdag_operator.py
[2026-05-30T10:43:27.158+0000] {processor.py:840} INFO - DAG(s) 'example_subdag_operator.section-1', 'example_subdag_operator.section-2', 'example_subdag_operator' retrieved from /home/airflow/.local/lib/python3.8/site-packages/airflow/example_dags/example_subdag_operator.py
[2026-05-30T10:43:27.172+0000] {logging_mixin.py:188} INFO - [2026-05-30T10:43:27.172+0000] {dag.py:3047} INFO - Sync 3 DAGs
[2026-05-30T10:43:27.193+0000] {logging_mixin.py:188} INFO - [2026-05-30T10:43:27.192+0000] {dag.py:3834} INFO - Setting next_dagrun for example_subdag_operator to 2022-01-01 00:00:00+00:00, run_after=2022-01-01 00:00:00+00:00
[2026-05-30T10:43:27.197+0000] {logging_mixin.py:188} INFO - [2026-05-30T10:43:27.196+0000] {dag.py:3834} INFO - Setting next_dagrun for example_subdag_operator.section-1 to None, run_after=None
[2026-05-30T10:43:27.199+0000] {logging_mixin.py:188} INFO - [2026-05-30T10:43:27.199+0000] {dag.py:3834} INFO - Setting next_dagrun for example_subdag_operator.section-2 to None, run_after=None
[2026-05-30T10:43:27.208+0000] {logging_mixin.py:188} INFO - [2026-05-30T10:43:27.208+0000] {dag.py:3047} INFO - Sync 2 DAGs
[2026-05-30T10:43:27.216+0000] {logging_mixin.py:188} INFO - [2026-05-30T10:43:27.215+0000] {dag.py:3834} INFO - Setting next_dagrun for example_subdag_operator.section-1 to None, run_after=None
[2026-05-30T10:43:27.216+0000] {logging_mixin.py:188} INFO - [2026-05-30T10:43:27.216+0000] {dag.py:3834} INFO - Setting next_dagrun for example_subdag_operator.section-2 to None, run_after=None
[2026-05-30T10:43:27.232+0000] {processor.py:183} INFO - Processing /home/airflow/.local/lib/python3.8/site-packages/airflow/example_dags/example_subdag_operator.py took 0.105 seconds
[2026-05-30T10:43:57.844+0000] {processor.py:161} INFO - Started process (PID=3037) to work on /home/airflow/.local/lib/python3.8/site-packages/airflow/example_dags/example_subdag_operator.py
[2026-05-30T10:43:57.846+0000] {processor.py:830} INFO - Processing file /home/airflow/.local/lib/python3.8/site-packages/airflow/example_dags/example_subdag_operator.py for tasks to queue
[2026-05-30T10:43:57.848+0000] {logging_mixin.py:188} INFO - [2026-05-30T10:43:57.848+0000] {dagbag.py:540} INFO - Filling up the DagBag from /home/airflow/.local/lib/python3.8/site-packages/airflow/example_dags/example_subdag_operator.py
[2026-05-30T10:43:57.878+0000] {processor.py:840} INFO - DAG(s) 'example_subdag_operator.section-1', 'example_subdag_operator.section-2', 'example_subdag_operator' retrieved from /home/airflow/.local/lib/python3.8/site-packages/airflow/example_dags/example_subdag_operator.py
[2026-05-30T10:43:57.893+0000] {logging_mixin.py:188} INFO - [2026-05-30T10:43:57.892+0000] {dag.py:3047} INFO - Sync 3 DAGs
[2026-05-30T10:43:57.911+0000] {logging_mixin.py:188} INFO - [2026-05-30T10:43:57.911+0000] {dag.py:3834} INFO - Setting next_dagrun for example_subdag_operator to 2022-01-01 00:00:00+00:00, run_after=2022-01-01 00:00:00+00:00
[2026-05-30T10:43:57.915+0000] {logging_mixin.py:188} INFO - [2026-05-30T10:43:57.915+0000] {dag.py:3834} INFO - Setting next_dagrun for example_subdag_operator.section-1 to None, run_after=None
[2026-05-30T10:43:57.916+0000] {logging_mixin.py:188} INFO - [2026-05-30T10:43:57.916+0000] {dag.py:3834} INFO - Setting next_dagrun for example_subdag_operator.section-2 to None, run_after=None
[2026-05-30T10:43:57.923+0000] {logging_mixin.py:188} INFO - [2026-05-30T10:43:57.923+0000] {dag.py:3047} INFO - Sync 2 DAGs
[2026-05-30T10:43:57.928+0000] {logging_mixin.py:188} INFO - [2026-05-30T10:43:57.928+0000] {dag.py:3834} INFO - Setting next_dagrun for example_subdag_operator.section-1 to None, run_after=None
[2026-05-30T10:43:57.929+0000] {logging_mixin.py:188} INFO - [2026-05-30T10:43:57.929+0000] {dag.py:3834} INFO - Setting next_dagrun for example_subdag_operator.section-2 to None, run_after=None
[2026-05-30T10:43:57.945+0000] {processor.py:183} INFO - Processing /home/airflow/.local/lib/python3.8/site-packages/airflow/example_dags/example_subdag_operator.py took 0.104 seconds
[2026-05-30T10:44:28.708+0000] {processor.py:161} INFO - Started process (PID=3093) to work on /home/airflow/.local/lib/python3.8/site-packages/airflow/example_dags/example_subdag_operator.py
[2026-05-30T10:44:28.709+0000] {processor.py:830} INFO - Processing file /home/airflow/.local/lib/python3.8/site-packages/airflow/example_dags/example_subdag_operator.py for tasks to queue
[2026-05-30T10:44:28.711+0000] {logging_mixin.py:188} INFO - [2026-05-30T10:44:28.711+0000] {dagbag.py:540} INFO - Filling up the DagBag from /home/airflow/.local/lib/python3.8/site-packages/airflow/example_dags/example_subdag_operator.py
[2026-05-30T10:44:28.736+0000] {processor.py:840} INFO - DAG(s) 'example_subdag_operator.section-1', 'example_subdag_operator.section-2', 'example_subdag_operator' retrieved from /home/airflow/.local/lib/python3.8/site-packages/airflow/example_dags/example_subdag_operator.py
[2026-05-30T10:44:28.748+0000] {logging_mixin.py:188} INFO - [2026-05-30T10:44:28.748+0000] {dag.py:3047} INFO - Sync 3 DAGs
[2026-05-30T10:44:28.765+0000] {logging_mixin.py:188} INFO - [2026-05-30T10:44:28.765+0000] {dag.py:3834} INFO - Setting next_dagrun for example_subdag_operator to 2022-01-01 00:00:00+00:00, run_after=2022-01-01 00:00:00+00:00
[2026-05-30T10:44:28.768+0000] {logging_mixin.py:188} INFO - [2026-05-30T10:44:28.768+0000] {dag.py:3834} INFO - Setting next_dagrun for example_subdag_operator.section-1 to None, run_after=None
[2026-05-30T10:44:28.770+0000] {logging_mixin.py:188} INFO - [2026-05-30T10:44:28.769+0000] {dag.py:3834} INFO - Setting next_dagrun for example_subdag_operator.section-2 to None, run_after=None
[2026-05-30T10:44:28.779+0000] {logging_mixin.py:188} INFO - [2026-05-30T10:44:28.779+0000] {dag.py:3047} INFO - Sync 2 DAGs
[2026-05-30T10:44:28.784+0000] {logging_mixin.py:188} INFO - [2026-05-30T10:44:28.784+0000] {dag.py:3834} INFO - Setting next_dagrun for example_subdag_operator.section-1 to None, run_after=None
[2026-05-30T10:44:28.785+0000] {logging_mixin.py:188} INFO - [2026-05-30T10:44:28.785+0000] {dag.py:3834} INFO - Setting next_dagrun for example_subdag_operator.section-2 to None, run_after=None
[2026-05-30T10:44:28.799+0000] {processor.py:183} INFO - Processing /home/airflow/.local/lib/python3.8/site-packages/airflow/example_dags/example_subdag_operator.py took 0.094 seconds
[2026-05-30T10:44:59.053+0000] {processor.py:161} INFO - Started process (PID=3148) to work on /home/airflow/.local/lib/python3.8/site-packages/airflow/example_dags/example_subdag_operator.py
[2026-05-30T10:44:59.054+0000] {processor.py:830} INFO - Processing file /home/airflow/.local/lib/python3.8/site-packages/airflow/example_dags/example_subdag_operator.py for tasks to queue
[2026-05-30T10:44:59.056+0000] {logging_mixin.py:188} INFO - [2026-05-30T10:44:59.056+0000] {dagbag.py:540} INFO - Filling up the DagBag from /home/airflow/.local/lib/python3.8/site-packages/airflow/example_dags/example_subdag_operator.py
[2026-05-30T10:44:59.079+0000] {processor.py:840} INFO - DAG(s) 'example_subdag_operator.section-1', 'example_subdag_operator.section-2', 'example_subdag_operator' retrieved from /home/airflow/.local/lib/python3.8/site-packages/airflow/example_dags/example_subdag_operator.py
[2026-05-30T10:44:59.091+0000] {logging_mixin.py:188} INFO - [2026-05-30T10:44:59.091+0000] {dag.py:3047} INFO - Sync 3 DAGs
[2026-05-30T10:44:59.109+0000] {logging_mixin.py:188} INFO - [2026-05-30T10:44:59.108+0000] {dag.py:3834} INFO - Setting next_dagrun for example_subdag_operator to 2022-01-01 00:00:00+00:00, run_after=2022-01-01 00:00:00+00:00
[2026-05-30T10:44:59.112+0000] {logging_mixin.py:188} INFO - [2026-05-30T10:44:59.112+0000] {dag.py:3834} INFO - Setting next_dagrun for example_subdag_operator.section-1 to None, run_after=None
[2026-05-30T10:44:59.114+0000] {logging_mixin.py:188} INFO - [2026-05-30T10:44:59.113+0000] {dag.py:3834} INFO - Setting next_dagrun for example_subdag_operator.section-2 to None, run_after=None
[2026-05-30T10:44:59.120+0000] {logging_mixin.py:188} INFO - [2026-05-30T10:44:59.119+0000] {dag.py:3047} INFO - Sync 2 DAGs
[2026-05-30T10:44:59.124+0000] {logging_mixin.py:188} INFO - [2026-05-30T10:44:59.124+0000] {dag.py:3834} INFO - Setting next_dagrun for example_subdag_operator.section-1 to None, run_after=None
[2026-05-30T10:44:59.125+0000] {logging_mixin.py:188} INFO - [2026-05-30T10:44:59.125+0000] {dag.py:3834} INFO - Setting next_dagrun for example_subdag_operator.section-2 to None, run_after=None
[2026-05-30T10:44:59.138+0000] {processor.py:183} INFO - Processing /home/airflow/.local/lib/python3.8/site-packages/airflow/example_dags/example_subdag_operator.py took 0.088 seconds
[2026-05-30T10:45:29.212+0000] {processor.py:161} INFO - Started process (PID=3204) to work on /home/airflow/.local/lib/python3.8/site-packages/airflow/example_dags/example_subdag_operator.py
[2026-05-30T10:45:29.214+0000] {processor.py:830} INFO - Processing file /home/airflow/.local/lib/python3.8/site-packages/airflow/example_dags/example_subdag_operator.py for tasks to queue
[2026-05-30T10:45:29.215+0000] {logging_mixin.py:188} INFO - [2026-05-30T10:45:29.215+0000] {dagbag.py:540} INFO - Filling up the DagBag from /home/airflow/.local/lib/python3.8/site-packages/airflow/example_dags/example_subdag_operator.py
[2026-05-30T10:45:29.239+0000] {processor.py:840} INFO - DAG(s) 'example_subdag_operator.section-1', 'example_subdag_operator.section-2', 'example_subdag_operator' retrieved from /home/airflow/.local/lib/python3.8/site-packages/airflow/example_dags/example_subdag_operator.py
[2026-05-30T10:45:29.253+0000] {logging_mixin.py:188} INFO - [2026-05-30T10:45:29.253+0000] {dag.py:3047} INFO - Sync 3 DAGs
[2026-05-30T10:45:29.273+0000] {logging_mixin.py:188} INFO - [2026-05-30T10:45:29.272+0000] {dag.py:3834} INFO - Setting next_dagrun for example_subdag_operator to 2022-01-01 00:00:00+00:00, run_after=2022-01-01 00:00:00+00:00
[2026-05-30T10:45:29.277+0000] {logging_mixin.py:188} INFO - [2026-05-30T10:45:29.277+0000] {dag.py:3834} INFO - Setting next_dagrun for example_subdag_operator.section-1 to None, run_after=None
[2026-05-30T10:45:29.278+0000] {logging_mixin.py:188} INFO - [2026-05-30T10:45:29.278+0000] {dag.py:3834} INFO - Setting next_dagrun for example_subdag_operator.section-2 to None, run_after=None
[2026-05-30T10:45:29.285+0000] {logging_mixin.py:188} INFO - [2026-05-30T10:45:29.284+0000] {dag.py:3047} INFO - Sync 2 DAGs
[2026-05-30T10:45:29.290+0000] {logging_mixin.py:188} INFO - [2026-05-30T10:45:29.290+0000] {dag.py:3834} INFO - Setting next_dagrun for example_subdag_operator.section-1 to None, run_after=None
[2026-05-30T10:45:29.291+0000] {logging_mixin.py:188} INFO - [2026-05-30T10:45:29.290+0000] {dag.py:3834} INFO - Setting next_dagrun for example_subdag_operator.section-2 to None, run_after=None
[2026-05-30T10:45:29.304+0000] {processor.py:183} INFO - Processing /home/airflow/.local/lib/python3.8/site-packages/airflow/example_dags/example_subdag_operator.py took 0.095 seconds
[2026-05-30T10:45:59.358+0000] {processor.py:161} INFO - Started process (PID=3259) to work on /home/airflow/.local/lib/python3.8/site-packages/airflow/example_dags/example_subdag_operator.py
[2026-05-30T10:45:59.359+0000] {processor.py:830} INFO - Processing file /home/airflow/.local/lib/python3.8/site-packages/airflow/example_dags/example_subdag_operator.py for tasks to queue
[2026-05-30T10:45:59.361+0000] {logging_mixin.py:188} INFO - [2026-05-30T10:45:59.361+0000] {dagbag.py:540} INFO - Filling up the DagBag from /home/airflow/.local/lib/python3.8/site-packages/airflow/example_dags/example_subdag_operator.py
[2026-05-30T10:45:59.384+0000] {processor.py:840} INFO - DAG(s) 'example_subdag_operator.section-1', 'example_subdag_operator.section-2', 'example_subdag_operator' retrieved from /home/airflow/.local/lib/python3.8/site-packages/airflow/example_dags/example_subdag_operator.py
[2026-05-30T10:45:59.398+0000] {logging_mixin.py:188} INFO - [2026-05-30T10:45:59.397+0000] {dag.py:3047} INFO - Sync 3 DAGs
[2026-05-30T10:45:59.415+0000] {logging_mixin.py:188} INFO - [2026-05-30T10:45:59.414+0000] {dag.py:3834} INFO - Setting next_dagrun for example_subdag_operator to 2022-01-01 00:00:00+00:00, run_after=2022-01-01 00:00:00+00:00
[2026-05-30T10:45:59.418+0000] {logging_mixin.py:188} INFO - [2026-05-30T10:45:59.417+0000] {dag.py:3834} INFO - Setting next_dagrun for example_subdag_operator.section-1 to None, run_after=None
[2026-05-30T10:45:59.419+0000] {logging_mixin.py:188} INFO - [2026-05-30T10:45:59.419+0000] {dag.py:3834} INFO - Setting next_dagrun for example_subdag_operator.section-2 to None, run_after=None
[2026-05-30T10:45:59.425+0000] {logging_mixin.py:188} INFO - [2026-05-30T10:45:59.425+0000] {dag.py:3047} INFO - Sync 2 DAGs
[2026-05-30T10:45:59.431+0000] {logging_mixin.py:188} INFO - [2026-05-30T10:45:59.430+0000] {dag.py:3834} INFO - Setting next_dagrun for example_subdag_operator.section-1 to None, run_after=None
[2026-05-30T10:45:59.432+0000] {logging_mixin.py:188} INFO - [2026-05-30T10:45:59.431+0000] {dag.py:3834} INFO - Setting next_dagrun for example_subdag_operator.section-2 to None, run_after=None
[2026-05-30T10:45:59.446+0000] {processor.py:183} INFO - Processing /home/airflow/.local/lib/python3.8/site-packages/airflow/example_dags/example_subdag_operator.py took 0.091 seconds
[2026-05-30T10:46:29.538+0000] {processor.py:161} INFO - Started process (PID=3314) to work on /home/airflow/.local/lib/python3.8/site-packages/airflow/example_dags/example_subdag_operator.py
[2026-05-30T10:46:29.539+0000] {processor.py:830} INFO - Processing file /home/airflow/.local/lib/python3.8/site-packages/airflow/example_dags/example_subdag_operator.py for tasks to queue
[2026-05-30T10:46:29.541+0000] {logging_mixin.py:188} INFO - [2026-05-30T10:46:29.540+0000] {dagbag.py:540} INFO - Filling up the DagBag from /home/airflow/.local/lib/python3.8/site-packages/airflow/example_dags/example_subdag_operator.py
[2026-05-30T10:46:29.567+0000] {processor.py:840} INFO - DAG(s) 'example_subdag_operator.section-1', 'example_subdag_operator.section-2', 'example_subdag_operator' retrieved from /home/airflow/.local/lib/python3.8/site-packages/airflow/example_dags/example_subdag_operator.py
[2026-05-30T10:46:29.581+0000] {logging_mixin.py:188} INFO - [2026-05-30T10:46:29.580+0000] {dag.py:3047} INFO - Sync 3 DAGs
[2026-05-30T10:46:29.600+0000] {logging_mixin.py:188} INFO - [2026-05-30T10:46:29.600+0000] {dag.py:3834} INFO - Setting next_dagrun for example_subdag_operator to 2022-01-01 00:00:00+00:00, run_after=2022-01-01 00:00:00+00:00
[2026-05-30T10:46:29.603+0000] {logging_mixin.py:188} INFO - [2026-05-30T10:46:29.603+0000] {dag.py:3834} INFO - Setting next_dagrun for example_subdag_operator.section-1 to None, run_after=None
[2026-05-30T10:46:29.605+0000] {logging_mixin.py:188} INFO - [2026-05-30T10:46:29.605+0000] {dag.py:3834} INFO - Setting next_dagrun for example_subdag_operator.section-2 to None, run_after=None
[2026-05-30T10:46:29.613+0000] {logging_mixin.py:188} INFO - [2026-05-30T10:46:29.613+0000] {dag.py:3047} INFO - Sync 2 DAGs
[2026-05-30T10:46:29.618+0000] {logging_mixin.py:188} INFO - [2026-05-30T10:46:29.618+0000] {dag.py:3834} INFO - Setting next_dagrun for example_subdag_operator.section-1 to None, run_after=None
[2026-05-30T10:46:29.619+0000] {logging_mixin.py:188} INFO - [2026-05-30T10:46:29.618+0000] {dag.py:3834} INFO - Setting next_dagrun for example_subdag_operator.section-2 to None, run_after=None
[2026-05-30T10:46:29.634+0000] {processor.py:183} INFO - Processing /home/airflow/.local/lib/python3.8/site-packages/airflow/example_dags/example_subdag_operator.py took 0.100 seconds
[2026-05-30T10:46:59.810+0000] {processor.py:161} INFO - Started process (PID=3369) to work on /home/airflow/.local/lib/python3.8/site-packages/airflow/example_dags/example_subdag_operator.py
[2026-05-30T10:46:59.811+0000] {processor.py:830} INFO - Processing file /home/airflow/.local/lib/python3.8/site-packages/airflow/example_dags/example_subdag_operator.py for tasks to queue
[2026-05-30T10:46:59.813+0000] {logging_mixin.py:188} INFO - [2026-05-30T10:46:59.813+0000] {dagbag.py:540} INFO - Filling up the DagBag from /home/airflow/.local/lib/python3.8/site-packages/airflow/example_dags/example_subdag_operator.py
[2026-05-30T10:46:59.837+0000] {processor.py:840} INFO - DAG(s) 'example_subdag_operator.section-1', 'example_subdag_operator.section-2', 'example_subdag_operator' retrieved from /home/airflow/.local/lib/python3.8/site-packages/airflow/example_dags/example_subdag_operator.py
[2026-05-30T10:46:59.849+0000] {logging_mixin.py:188} INFO - [2026-05-30T10:46:59.849+0000] {dag.py:3047} INFO - Sync 3 DAGs
[2026-05-30T10:46:59.867+0000] {logging_mixin.py:188} INFO - [2026-05-30T10:46:59.867+0000] {dag.py:3834} INFO - Setting next_dagrun for example_subdag_operator to 2022-01-01 00:00:00+00:00, run_after=2022-01-01 00:00:00+00:00
[2026-05-30T10:46:59.870+0000] {logging_mixin.py:188} INFO - [2026-05-30T10:46:59.870+0000] {dag.py:3834} INFO - Setting next_dagrun for example_subdag_operator.section-1 to None, run_after=None
[2026-05-30T10:46:59.872+0000] {logging_mixin.py:188} INFO - [2026-05-30T10:46:59.872+0000] {dag.py:3834} INFO - Setting next_dagrun for example_subdag_operator.section-2 to None, run_after=None
[2026-05-30T10:46:59.877+0000] {logging_mixin.py:188} INFO - [2026-05-30T10:46:59.877+0000] {dag.py:3047} INFO - Sync 2 DAGs
[2026-05-30T10:46:59.882+0000] {logging_mixin.py:188} INFO - [2026-05-30T10:46:59.882+0000] {dag.py:3834} INFO - Setting next_dagrun for example_subdag_operator.section-1 to None, run_after=None
[2026-05-30T10:46:59.883+0000] {logging_mixin.py:188} INFO - [2026-05-30T10:46:59.883+0000] {dag.py:3834} INFO - Setting next_dagrun for example_subdag_operator.section-2 to None, run_after=None
[2026-05-30T10:46:59.895+0000] {processor.py:183} INFO - Processing /home/airflow/.local/lib/python3.8/site-packages/airflow/example_dags/example_subdag_operator.py took 0.088 seconds
[2026-05-30T10:47:30.241+0000] {processor.py:161} INFO - Started process (PID=3424) to work on /home/airflow/.local/lib/python3.8/site-packages/airflow/example_dags/example_subdag_operator.py
[2026-05-30T10:47:30.242+0000] {processor.py:830} INFO - Processing file /home/airflow/.local/lib/python3.8/site-packages/airflow/example_dags/example_subdag_operator.py for tasks to queue
[2026-05-30T10:47:30.245+0000] {logging_mixin.py:188} INFO - [2026-05-30T10:47:30.244+0000] {dagbag.py:540} INFO - Filling up the DagBag from /home/airflow/.local/lib/python3.8/site-packages/airflow/example_dags/example_subdag_operator.py
[2026-05-30T10:47:30.275+0000] {processor.py:840} INFO - DAG(s) 'example_subdag_operator.section-1', 'example_subdag_operator.section-2', 'example_subdag_operator' retrieved from /home/airflow/.local/lib/python3.8/site-packages/airflow/example_dags/example_subdag_operator.py
[2026-05-30T10:47:30.293+0000] {logging_mixin.py:188} INFO - [2026-05-30T10:47:30.292+0000] {dag.py:3047} INFO - Sync 3 DAGs
[2026-05-30T10:47:30.318+0000] {logging_mixin.py:188} INFO - [2026-05-30T10:47:30.318+0000] {dag.py:3834} INFO - Setting next_dagrun for example_subdag_operator to 2022-01-01 00:00:00+00:00, run_after=2022-01-01 00:00:00+00:00
[2026-05-30T10:47:30.325+0000] {logging_mixin.py:188} INFO - [2026-05-30T10:47:30.325+0000] {dag.py:3834} INFO - Setting next_dagrun for example_subdag_operator.section-1 to None, run_after=None
[2026-05-30T10:47:30.327+0000] {logging_mixin.py:188} INFO - [2026-05-30T10:47:30.327+0000] {dag.py:3834} INFO - Setting next_dagrun for example_subdag_operator.section-2 to None, run_after=None
[2026-05-30T10:47:30.335+0000] {logging_mixin.py:188} INFO - [2026-05-30T10:47:30.335+0000] {dag.py:3047} INFO - Sync 2 DAGs
[2026-05-30T10:47:30.341+0000] {logging_mixin.py:188} INFO - [2026-05-30T10:47:30.341+0000] {dag.py:3834} INFO - Setting next_dagrun for example_subdag_operator.section-1 to None, run_after=None
[2026-05-30T10:47:30.342+0000] {logging_mixin.py:188} INFO - [2026-05-30T10:47:30.342+0000] {dag.py:3834} INFO - Setting next_dagrun for example_subdag_operator.section-2 to None, run_after=None
[2026-05-30T10:47:30.356+0000] {processor.py:183} INFO - Processing /home/airflow/.local/lib/python3.8/site-packages/airflow/example_dags/example_subdag_operator.py took 0.119 seconds
[2026-05-30T10:48:00.508+0000] {processor.py:161} INFO - Started process (PID=3479) to work on /home/airflow/.local/lib/python3.8/site-packages/airflow/example_dags/example_subdag_operator.py
[2026-05-30T10:48:00.511+0000] {processor.py:830} INFO - Processing file /home/airflow/.local/lib/python3.8/site-packages/airflow/example_dags/example_subdag_operator.py for tasks to queue
[2026-05-30T10:48:00.514+0000] {logging_mixin.py:188} INFO - [2026-05-30T10:48:00.514+0000] {dagbag.py:540} INFO - Filling up the DagBag from /home/airflow/.local/lib/python3.8/site-packages/airflow/example_dags/example_subdag_operator.py
[2026-05-30T10:48:00.552+0000] {processor.py:840} INFO - DAG(s) 'example_subdag_operator.section-1', 'example_subdag_operator.section-2', 'example_subdag_operator' retrieved from /home/airflow/.local/lib/python3.8/site-packages/airflow/example_dags/example_subdag_operator.py
[2026-05-30T10:48:00.575+0000] {logging_mixin.py:188} INFO - [2026-05-30T10:48:00.574+0000] {dag.py:3047} INFO - Sync 3 DAGs
[2026-05-30T10:48:00.605+0000] {logging_mixin.py:188} INFO - [2026-05-30T10:48:00.605+0000] {dag.py:3834} INFO - Setting next_dagrun for example_subdag_operator to 2022-01-01 00:00:00+00:00, run_after=2022-01-01 00:00:00+00:00
[2026-05-30T10:48:00.612+0000] {logging_mixin.py:188} INFO - [2026-05-30T10:48:00.611+0000] {dag.py:3834} INFO - Setting next_dagrun for example_subdag_operator.section-1 to None, run_after=None
[2026-05-30T10:48:00.614+0000] {logging_mixin.py:188} INFO - [2026-05-30T10:48:00.614+0000] {dag.py:3834} INFO - Setting next_dagrun for example_subdag_operator.section-2 to None, run_after=None
[2026-05-30T10:48:00.624+0000] {logging_mixin.py:188} INFO - [2026-05-30T10:48:00.624+0000] {dag.py:3047} INFO - Sync 2 DAGs
[2026-05-30T10:48:00.632+0000] {logging_mixin.py:188} INFO - [2026-05-30T10:48:00.632+0000] {dag.py:3834} INFO - Setting next_dagrun for example_subdag_operator.section-1 to None, run_after=None
[2026-05-30T10:48:00.633+0000] {logging_mixin.py:188} INFO - [2026-05-30T10:48:00.633+0000] {dag.py:3834} INFO - Setting next_dagrun for example_subdag_operator.section-2 to None, run_after=None
[2026-05-30T10:48:00.656+0000] {processor.py:183} INFO - Processing /home/airflow/.local/lib/python3.8/site-packages/airflow/example_dags/example_subdag_operator.py took 0.154 seconds
[2026-05-30T10:48:31.526+0000] {processor.py:161} INFO - Started process (PID=3534) to work on /home/airflow/.local/lib/python3.8/site-packages/airflow/example_dags/example_subdag_operator.py
[2026-05-30T10:48:31.527+0000] {processor.py:830} INFO - Processing file /home/airflow/.local/lib/python3.8/site-packages/airflow/example_dags/example_subdag_operator.py for tasks to queue
[2026-05-30T10:48:31.531+0000] {logging_mixin.py:188} INFO - [2026-05-30T10:48:31.531+0000] {dagbag.py:540} INFO - Filling up the DagBag from /home/airflow/.local/lib/python3.8/site-packages/airflow/example_dags/example_subdag_operator.py
[2026-05-30T10:48:31.563+0000] {processor.py:840} INFO - DAG(s) 'example_subdag_operator.section-1', 'example_subdag_operator.section-2', 'example_subdag_operator' retrieved from /home/airflow/.local/lib/python3.8/site-packages/airflow/example_dags/example_subdag_operator.py
[2026-05-30T10:48:31.581+0000] {logging_mixin.py:188} INFO - [2026-05-30T10:48:31.581+0000] {dag.py:3047} INFO - Sync 3 DAGs
[2026-05-30T10:48:31.607+0000] {logging_mixin.py:188} INFO - [2026-05-30T10:48:31.606+0000] {dag.py:3834} INFO - Setting next_dagrun for example_subdag_operator to 2022-01-01 00:00:00+00:00, run_after=2022-01-01 00:00:00+00:00
[2026-05-30T10:48:31.612+0000] {logging_mixin.py:188} INFO - [2026-05-30T10:48:31.612+0000] {dag.py:3834} INFO - Setting next_dagrun for example_subdag_operator.section-1 to None, run_after=None
[2026-05-30T10:48:31.614+0000] {logging_mixin.py:188} INFO - [2026-05-30T10:48:31.614+0000] {dag.py:3834} INFO - Setting next_dagrun for example_subdag_operator.section-2 to None, run_after=None
[2026-05-30T10:48:31.621+0000] {logging_mixin.py:188} INFO - [2026-05-30T10:48:31.621+0000] {dag.py:3047} INFO - Sync 2 DAGs
[2026-05-30T10:48:31.628+0000] {logging_mixin.py:188} INFO - [2026-05-30T10:48:31.627+0000] {dag.py:3834} INFO - Setting next_dagrun for example_subdag_operator.section-1 to None, run_after=None
[2026-05-30T10:48:31.629+0000] {logging_mixin.py:188} INFO - [2026-05-30T10:48:31.629+0000] {dag.py:3834} INFO - Setting next_dagrun for example_subdag_operator.section-2 to None, run_after=None
[2026-05-30T10:48:31.648+0000] {processor.py:183} INFO - Processing /home/airflow/.local/lib/python3.8/site-packages/airflow/example_dags/example_subdag_operator.py took 0.127 seconds
[2026-05-30T10:49:01.742+0000] {processor.py:161} INFO - Started process (PID=3589) to work on /home/airflow/.local/lib/python3.8/site-packages/airflow/example_dags/example_subdag_operator.py
[2026-05-30T10:49:01.744+0000] {processor.py:830} INFO - Processing file /home/airflow/.local/lib/python3.8/site-packages/airflow/example_dags/example_subdag_operator.py for tasks to queue
[2026-05-30T10:49:01.746+0000] {logging_mixin.py:188} INFO - [2026-05-30T10:49:01.745+0000] {dagbag.py:540} INFO - Filling up the DagBag from /home/airflow/.local/lib/python3.8/site-packages/airflow/example_dags/example_subdag_operator.py
[2026-05-30T10:49:01.769+0000] {processor.py:840} INFO - DAG(s) 'example_subdag_operator.section-1', 'example_subdag_operator.section-2', 'example_subdag_operator' retrieved from /home/airflow/.local/lib/python3.8/site-packages/airflow/example_dags/example_subdag_operator.py
[2026-05-30T10:49:01.784+0000] {logging_mixin.py:188} INFO - [2026-05-30T10:49:01.783+0000] {dag.py:3047} INFO - Sync 3 DAGs
[2026-05-30T10:49:01.803+0000] {logging_mixin.py:188} INFO - [2026-05-30T10:49:01.802+0000] {dag.py:3834} INFO - Setting next_dagrun for example_subdag_operator to 2022-01-01 00:00:00+00:00, run_after=2022-01-01 00:00:00+00:00
[2026-05-30T10:49:01.806+0000] {logging_mixin.py:188} INFO - [2026-05-30T10:49:01.806+0000] {dag.py:3834} INFO - Setting next_dagrun for example_subdag_operator.section-1 to None, run_after=None
[2026-05-30T10:49:01.808+0000] {logging_mixin.py:188} INFO - [2026-05-30T10:49:01.808+0000] {dag.py:3834} INFO - Setting next_dagrun for example_subdag_operator.section-2 to None, run_after=None
[2026-05-30T10:49:01.815+0000] {logging_mixin.py:188} INFO - [2026-05-30T10:49:01.815+0000] {dag.py:3047} INFO - Sync 2 DAGs
[2026-05-30T10:49:01.820+0000] {logging_mixin.py:188} INFO - [2026-05-30T10:49:01.820+0000] {dag.py:3834} INFO - Setting next_dagrun for example_subdag_operator.section-1 to None, run_after=None
[2026-05-30T10:49:01.821+0000] {logging_mixin.py:188} INFO - [2026-05-30T10:49:01.821+0000] {dag.py:3834} INFO - Setting next_dagrun for example_subdag_operator.section-2 to None, run_after=None
[2026-05-30T10:49:01.832+0000] {processor.py:183} INFO - Processing /home/airflow/.local/lib/python3.8/site-packages/airflow/example_dags/example_subdag_operator.py took 0.093 seconds
[2026-05-30T10:49:32.564+0000] {processor.py:161} INFO - Started process (PID=3644) to work on /home/airflow/.local/lib/python3.8/site-packages/airflow/example_dags/example_subdag_operator.py
[2026-05-30T10:49:32.565+0000] {processor.py:830} INFO - Processing file /home/airflow/.local/lib/python3.8/site-packages/airflow/example_dags/example_subdag_operator.py for tasks to queue
[2026-05-30T10:49:32.575+0000] {logging_mixin.py:188} INFO - [2026-05-30T10:49:32.575+0000] {dagbag.py:540} INFO - Filling up the DagBag from /home/airflow/.local/lib/python3.8/site-packages/airflow/example_dags/example_subdag_operator.py
[2026-05-30T10:49:32.603+0000] {processor.py:840} INFO - DAG(s) 'example_subdag_operator.section-1', 'example_subdag_operator.section-2', 'example_subdag_operator' retrieved from /home/airflow/.local/lib/python3.8/site-packages/airflow/example_dags/example_subdag_operator.py
[2026-05-30T10:49:32.619+0000] {logging_mixin.py:188} INFO - [2026-05-30T10:49:32.619+0000] {dag.py:3047} INFO - Sync 3 DAGs
[2026-05-30T10:49:32.641+0000] {logging_mixin.py:188} INFO - [2026-05-30T10:49:32.641+0000] {dag.py:3834} INFO - Setting next_dagrun for example_subdag_operator to 2022-01-01 00:00:00+00:00, run_after=2022-01-01 00:00:00+00:00
[2026-05-30T10:49:32.645+0000] {logging_mixin.py:188} INFO - [2026-05-30T10:49:32.645+0000] {dag.py:3834} INFO - Setting next_dagrun for example_subdag_operator.section-1 to None, run_after=None
[2026-05-30T10:49:32.647+0000] {logging_mixin.py:188} INFO - [2026-05-30T10:49:32.646+0000] {dag.py:3834} INFO - Setting next_dagrun for example_subdag_operator.section-2 to None, run_after=None
[2026-05-30T10:49:32.654+0000] {logging_mixin.py:188} INFO - [2026-05-30T10:49:32.654+0000] {dag.py:3047} INFO - Sync 2 DAGs
[2026-05-30T10:49:32.662+0000] {logging_mixin.py:188} INFO - [2026-05-30T10:49:32.661+0000] {dag.py:3834} INFO - Setting next_dagrun for example_subdag_operator.section-1 to None, run_after=None
[2026-05-30T10:49:32.663+0000] {logging_mixin.py:188} INFO - [2026-05-30T10:49:32.662+0000] {dag.py:3834} INFO - Setting next_dagrun for example_subdag_operator.section-2 to None, run_after=None
[2026-05-30T10:49:32.679+0000] {processor.py:183} INFO - Processing /home/airflow/.local/lib/python3.8/site-packages/airflow/example_dags/example_subdag_operator.py took 0.117 seconds
[2026-05-30T10:50:02.854+0000] {processor.py:161} INFO - Started process (PID=3699) to work on /home/airflow/.local/lib/python3.8/site-packages/airflow/example_dags/example_subdag_operator.py
[2026-05-30T10:50:02.855+0000] {processor.py:830} INFO - Processing file /home/airflow/.local/lib/python3.8/site-packages/airflow/example_dags/example_subdag_operator.py for tasks to queue
[2026-05-30T10:50:02.857+0000] {logging_mixin.py:188} INFO - [2026-05-30T10:50:02.857+0000] {dagbag.py:540} INFO - Filling up the DagBag from /home/airflow/.local/lib/python3.8/site-packages/airflow/example_dags/example_subdag_operator.py
[2026-05-30T10:50:02.879+0000] {processor.py:840} INFO - DAG(s) 'example_subdag_operator.section-1', 'example_subdag_operator.section-2', 'example_subdag_operator' retrieved from /home/airflow/.local/lib/python3.8/site-packages/airflow/example_dags/example_subdag_operator.py
[2026-05-30T10:50:02.894+0000] {logging_mixin.py:188} INFO - [2026-05-30T10:50:02.894+0000] {dag.py:3047} INFO - Sync 3 DAGs
[2026-05-30T10:50:02.913+0000] {logging_mixin.py:188} INFO - [2026-05-30T10:50:02.913+0000] {dag.py:3834} INFO - Setting next_dagrun for example_subdag_operator to 2022-01-01 00:00:00+00:00, run_after=2022-01-01 00:00:00+00:00
[2026-05-30T10:50:02.917+0000] {logging_mixin.py:188} INFO - [2026-05-30T10:50:02.917+0000] {dag.py:3834} INFO - Setting next_dagrun for example_subdag_operator.section-1 to None, run_after=None
[2026-05-30T10:50:02.919+0000] {logging_mixin.py:188} INFO - [2026-05-30T10:50:02.919+0000] {dag.py:3834} INFO - Setting next_dagrun for example_subdag_operator.section-2 to None, run_after=None
[2026-05-30T10:50:02.926+0000] {logging_mixin.py:188} INFO - [2026-05-30T10:50:02.926+0000] {dag.py:3047} INFO - Sync 2 DAGs
[2026-05-30T10:50:02.931+0000] {logging_mixin.py:188} INFO - [2026-05-30T10:50:02.930+0000] {dag.py:3834} INFO - Setting next_dagrun for example_subdag_operator.section-1 to None, run_after=None
[2026-05-30T10:50:02.931+0000] {logging_mixin.py:188} INFO - [2026-05-30T10:50:02.931+0000] {dag.py:3834} INFO - Setting next_dagrun for example_subdag_operator.section-2 to None, run_after=None
[2026-05-30T10:50:02.943+0000] {processor.py:183} INFO - Processing /home/airflow/.local/lib/python3.8/site-packages/airflow/example_dags/example_subdag_operator.py took 0.092 seconds
[2026-05-30T10:50:33.568+0000] {processor.py:161} INFO - Started process (PID=3754) to work on /home/airflow/.local/lib/python3.8/site-packages/airflow/example_dags/example_subdag_operator.py
[2026-05-30T10:50:33.570+0000] {processor.py:830} INFO - Processing file /home/airflow/.local/lib/python3.8/site-packages/airflow/example_dags/example_subdag_operator.py for tasks to queue
[2026-05-30T10:50:33.572+0000] {logging_mixin.py:188} INFO - [2026-05-30T10:50:33.572+0000] {dagbag.py:540} INFO - Filling up the DagBag from /home/airflow/.local/lib/python3.8/site-packages/airflow/example_dags/example_subdag_operator.py
[2026-05-30T10:50:33.596+0000] {processor.py:840} INFO - DAG(s) 'example_subdag_operator.section-1', 'example_subdag_operator.section-2', 'example_subdag_operator' retrieved from /home/airflow/.local/lib/python3.8/site-packages/airflow/example_dags/example_subdag_operator.py
[2026-05-30T10:50:33.610+0000] {logging_mixin.py:188} INFO - [2026-05-30T10:50:33.610+0000] {dag.py:3047} INFO - Sync 3 DAGs
[2026-05-30T10:50:33.630+0000] {logging_mixin.py:188} INFO - [2026-05-30T10:50:33.629+0000] {dag.py:3834} INFO - Setting next_dagrun for example_subdag_operator to 2022-01-01 00:00:00+00:00, run_after=2022-01-01 00:00:00+00:00
[2026-05-30T10:50:33.633+0000] {logging_mixin.py:188} INFO - [2026-05-30T10:50:33.633+0000] {dag.py:3834} INFO - Setting next_dagrun for example_subdag_operator.section-1 to None, run_after=None
[2026-05-30T10:50:33.635+0000] {logging_mixin.py:188} INFO - [2026-05-30T10:50:33.635+0000] {dag.py:3834} INFO - Setting next_dagrun for example_subdag_operator.section-2 to None, run_after=None
[2026-05-30T10:50:33.645+0000] {logging_mixin.py:188} INFO - [2026-05-30T10:50:33.645+0000] {dag.py:3047} INFO - Sync 2 DAGs
[2026-05-30T10:50:33.650+0000] {logging_mixin.py:188} INFO - [2026-05-30T10:50:33.650+0000] {dag.py:3834} INFO - Setting next_dagrun for example_subdag_operator.section-1 to None, run_after=None
[2026-05-30T10:50:33.651+0000] {logging_mixin.py:188} INFO - [2026-05-30T10:50:33.650+0000] {dag.py:3834} INFO - Setting next_dagrun for example_subdag_operator.section-2 to None, run_after=None
[2026-05-30T10:50:33.665+0000] {processor.py:183} INFO - Processing /home/airflow/.local/lib/python3.8/site-packages/airflow/example_dags/example_subdag_operator.py took 0.100 seconds
[2026-05-30T10:51:04.356+0000] {processor.py:161} INFO - Started process (PID=3809) to work on /home/airflow/.local/lib/python3.8/site-packages/airflow/example_dags/example_subdag_operator.py
[2026-05-30T10:51:04.357+0000] {processor.py:830} INFO - Processing file /home/airflow/.local/lib/python3.8/site-packages/airflow/example_dags/example_subdag_operator.py for tasks to queue
[2026-05-30T10:51:04.359+0000] {logging_mixin.py:188} INFO - [2026-05-30T10:51:04.358+0000] {dagbag.py:540} INFO - Filling up the DagBag from /home/airflow/.local/lib/python3.8/site-packages/airflow/example_dags/example_subdag_operator.py
[2026-05-30T10:51:04.380+0000] {processor.py:840} INFO - DAG(s) 'example_subdag_operator.section-1', 'example_subdag_operator.section-2', 'example_subdag_operator' retrieved from /home/airflow/.local/lib/python3.8/site-packages/airflow/example_dags/example_subdag_operator.py
[2026-05-30T10:51:04.394+0000] {logging_mixin.py:188} INFO - [2026-05-30T10:51:04.394+0000] {dag.py:3047} INFO - Sync 3 DAGs
[2026-05-30T10:51:04.412+0000] {logging_mixin.py:188} INFO - [2026-05-30T10:51:04.412+0000] {dag.py:3834} INFO - Setting next_dagrun for example_subdag_operator to 2022-01-01 00:00:00+00:00, run_after=2022-01-01 00:00:00+00:00
[2026-05-30T10:51:04.417+0000] {logging_mixin.py:188} INFO - [2026-05-30T10:51:04.417+0000] {dag.py:3834} INFO - Setting next_dagrun for example_subdag_operator.section-1 to None, run_after=None
[2026-05-30T10:51:04.420+0000] {logging_mixin.py:188} INFO - [2026-05-30T10:51:04.419+0000] {dag.py:3834} INFO - Setting next_dagrun for example_subdag_operator.section-2 to None, run_after=None
[2026-05-30T10:51:04.425+0000] {logging_mixin.py:188} INFO - [2026-05-30T10:51:04.425+0000] {dag.py:3047} INFO - Sync 2 DAGs
[2026-05-30T10:51:04.430+0000] {logging_mixin.py:188} INFO - [2026-05-30T10:51:04.430+0000] {dag.py:3834} INFO - Setting next_dagrun for example_subdag_operator.section-1 to None, run_after=None
[2026-05-30T10:51:04.431+0000] {logging_mixin.py:188} INFO - [2026-05-30T10:51:04.431+0000] {dag.py:3834} INFO - Setting next_dagrun for example_subdag_operator.section-2 to None, run_after=None
[2026-05-30T10:51:04.443+0000] {processor.py:183} INFO - Processing /home/airflow/.local/lib/python3.8/site-packages/airflow/example_dags/example_subdag_operator.py took 0.090 seconds
[2026-05-30T10:51:34.528+0000] {processor.py:161} INFO - Started process (PID=3864) to work on /home/airflow/.local/lib/python3.8/site-packages/airflow/example_dags/example_subdag_operator.py
[2026-05-30T10:51:34.529+0000] {processor.py:830} INFO - Processing file /home/airflow/.local/lib/python3.8/site-packages/airflow/example_dags/example_subdag_operator.py for tasks to queue
[2026-05-30T10:51:34.531+0000] {logging_mixin.py:188} INFO - [2026-05-30T10:51:34.531+0000] {dagbag.py:540} INFO - Filling up the DagBag from /home/airflow/.local/lib/python3.8/site-packages/airflow/example_dags/example_subdag_operator.py
[2026-05-30T10:51:34.552+0000] {processor.py:840} INFO - DAG(s) 'example_subdag_operator.section-1', 'example_subdag_operator.section-2', 'example_subdag_operator' retrieved from /home/airflow/.local/lib/python3.8/site-packages/airflow/example_dags/example_subdag_operator.py
[2026-05-30T10:51:34.566+0000] {logging_mixin.py:188} INFO - [2026-05-30T10:51:34.566+0000] {dag.py:3047} INFO - Sync 3 DAGs
[2026-05-30T10:51:34.585+0000] {logging_mixin.py:188} INFO - [2026-05-30T10:51:34.585+0000] {dag.py:3834} INFO - Setting next_dagrun for example_subdag_operator to 2022-01-01 00:00:00+00:00, run_after=2022-01-01 00:00:00+00:00
[2026-05-30T10:51:34.589+0000] {logging_mixin.py:188} INFO - [2026-05-30T10:51:34.589+0000] {dag.py:3834} INFO - Setting next_dagrun for example_subdag_operator.section-1 to None, run_after=None
[2026-05-30T10:51:34.591+0000] {logging_mixin.py:188} INFO - [2026-05-30T10:51:34.591+0000] {dag.py:3834} INFO - Setting next_dagrun for example_subdag_operator.section-2 to None, run_after=None
[2026-05-30T10:51:34.598+0000] {logging_mixin.py:188} INFO - [2026-05-30T10:51:34.598+0000] {dag.py:3047} INFO - Sync 2 DAGs
[2026-05-30T10:51:34.603+0000] {logging_mixin.py:188} INFO - [2026-05-30T10:51:34.603+0000] {dag.py:3834} INFO - Setting next_dagrun for example_subdag_operator.section-1 to None, run_after=None
[2026-05-30T10:51:34.604+0000] {logging_mixin.py:188} INFO - [2026-05-30T10:51:34.604+0000] {dag.py:3834} INFO - Setting next_dagrun for example_subdag_operator.section-2 to None, run_after=None
[2026-05-30T10:51:34.617+0000] {processor.py:183} INFO - Processing /home/airflow/.local/lib/python3.8/site-packages/airflow/example_dags/example_subdag_operator.py took 0.092 seconds
[2026-05-30T10:52:04.660+0000] {processor.py:161} INFO - Started process (PID=3919) to work on /home/airflow/.local/lib/python3.8/site-packages/airflow/example_dags/example_subdag_operator.py
[2026-05-30T10:52:04.662+0000] {processor.py:830} INFO - Processing file /home/airflow/.local/lib/python3.8/site-packages/airflow/example_dags/example_subdag_operator.py for tasks to queue
[2026-05-30T10:52:04.664+0000] {logging_mixin.py:188} INFO - [2026-05-30T10:52:04.664+0000] {dagbag.py:540} INFO - Filling up the DagBag from /home/airflow/.local/lib/python3.8/site-packages/airflow/example_dags/example_subdag_operator.py
[2026-05-30T10:52:04.689+0000] {processor.py:840} INFO - DAG(s) 'example_subdag_operator.section-1', 'example_subdag_operator.section-2', 'example_subdag_operator' retrieved from /home/airflow/.local/lib/python3.8/site-packages/airflow/example_dags/example_subdag_operator.py
[2026-05-30T10:52:04.702+0000] {logging_mixin.py:188} INFO - [2026-05-30T10:52:04.702+0000] {dag.py:3047} INFO - Sync 3 DAGs
[2026-05-30T10:52:04.722+0000] {logging_mixin.py:188} INFO - [2026-05-30T10:52:04.722+0000] {dag.py:3834} INFO - Setting next_dagrun for example_subdag_operator to 2022-01-01 00:00:00+00:00, run_after=2022-01-01 00:00:00+00:00
[2026-05-30T10:52:04.726+0000] {logging_mixin.py:188} INFO - [2026-05-30T10:52:04.726+0000] {dag.py:3834} INFO - Setting next_dagrun for example_subdag_operator.section-1 to None, run_after=None
[2026-05-30T10:52:04.727+0000] {logging_mixin.py:188} INFO - [2026-05-30T10:52:04.727+0000] {dag.py:3834} INFO - Setting next_dagrun for example_subdag_operator.section-2 to None, run_after=None
[2026-05-30T10:52:04.734+0000] {logging_mixin.py:188} INFO - [2026-05-30T10:52:04.733+0000] {dag.py:3047} INFO - Sync 2 DAGs
[2026-05-30T10:52:04.741+0000] {logging_mixin.py:188} INFO - [2026-05-30T10:52:04.741+0000] {dag.py:3834} INFO - Setting next_dagrun for example_subdag_operator.section-1 to None, run_after=None
[2026-05-30T10:52:04.742+0000] {logging_mixin.py:188} INFO - [2026-05-30T10:52:04.742+0000] {dag.py:3834} INFO - Setting next_dagrun for example_subdag_operator.section-2 to None, run_after=None
[2026-05-30T10:52:04.757+0000] {processor.py:183} INFO - Processing /home/airflow/.local/lib/python3.8/site-packages/airflow/example_dags/example_subdag_operator.py took 0.100 seconds
[2026-05-30T10:52:35.184+0000] {processor.py:161} INFO - Started process (PID=3974) to work on /home/airflow/.local/lib/python3.8/site-packages/airflow/example_dags/example_subdag_operator.py
[2026-05-30T10:52:35.187+0000] {processor.py:830} INFO - Processing file /home/airflow/.local/lib/python3.8/site-packages/airflow/example_dags/example_subdag_operator.py for tasks to queue
[2026-05-30T10:52:35.189+0000] {logging_mixin.py:188} INFO - [2026-05-30T10:52:35.189+0000] {dagbag.py:540} INFO - Filling up the DagBag from /home/airflow/.local/lib/python3.8/site-packages/airflow/example_dags/example_subdag_operator.py
[2026-05-30T10:52:35.215+0000] {processor.py:840} INFO - DAG(s) 'example_subdag_operator.section-1', 'example_subdag_operator.section-2', 'example_subdag_operator' retrieved from /home/airflow/.local/lib/python3.8/site-packages/airflow/example_dags/example_subdag_operator.py
[2026-05-30T10:52:35.228+0000] {logging_mixin.py:188} INFO - [2026-05-30T10:52:35.228+0000] {dag.py:3047} INFO - Sync 3 DAGs
[2026-05-30T10:52:35.246+0000] {logging_mixin.py:188} INFO - [2026-05-30T10:52:35.246+0000] {dag.py:3834} INFO - Setting next_dagrun for example_subdag_operator to 2022-01-01 00:00:00+00:00, run_after=2022-01-01 00:00:00+00:00
[2026-05-30T10:52:35.250+0000] {logging_mixin.py:188} INFO - [2026-05-30T10:52:35.250+0000] {dag.py:3834} INFO - Setting next_dagrun for example_subdag_operator.section-1 to None, run_after=None
[2026-05-30T10:52:35.252+0000] {logging_mixin.py:188} INFO - [2026-05-30T10:52:35.251+0000] {dag.py:3834} INFO - Setting next_dagrun for example_subdag_operator.section-2 to None, run_after=None
[2026-05-30T10:52:35.259+0000] {logging_mixin.py:188} INFO - [2026-05-30T10:52:35.258+0000] {dag.py:3047} INFO - Sync 2 DAGs
[2026-05-30T10:52:35.264+0000] {logging_mixin.py:188} INFO - [2026-05-30T10:52:35.264+0000] {dag.py:3834} INFO - Setting next_dagrun for example_subdag_operator.section-1 to None, run_after=None
[2026-05-30T10:52:35.265+0000] {logging_mixin.py:188} INFO - [2026-05-30T10:52:35.264+0000] {dag.py:3834} INFO - Setting next_dagrun for example_subdag_operator.section-2 to None, run_after=None
[2026-05-30T10:52:35.279+0000] {processor.py:183} INFO - Processing /home/airflow/.local/lib/python3.8/site-packages/airflow/example_dags/example_subdag_operator.py took 0.098 seconds
[2026-05-30T10:53:05.426+0000] {processor.py:161} INFO - Started process (PID=4029) to work on /home/airflow/.local/lib/python3.8/site-packages/airflow/example_dags/example_subdag_operator.py
[2026-05-30T10:53:05.431+0000] {processor.py:830} INFO - Processing file /home/airflow/.local/lib/python3.8/site-packages/airflow/example_dags/example_subdag_operator.py for tasks to queue
[2026-05-30T10:53:05.434+0000] {logging_mixin.py:188} INFO - [2026-05-30T10:53:05.433+0000] {dagbag.py:540} INFO - Filling up the DagBag from /home/airflow/.local/lib/python3.8/site-packages/airflow/example_dags/example_subdag_operator.py
[2026-05-30T10:53:05.456+0000] {processor.py:840} INFO - DAG(s) 'example_subdag_operator.section-1', 'example_subdag_operator.section-2', 'example_subdag_operator' retrieved from /home/airflow/.local/lib/python3.8/site-packages/airflow/example_dags/example_subdag_operator.py
[2026-05-30T10:53:05.470+0000] {logging_mixin.py:188} INFO - [2026-05-30T10:53:05.469+0000] {dag.py:3047} INFO - Sync 3 DAGs
[2026-05-30T10:53:05.489+0000] {logging_mixin.py:188} INFO - [2026-05-30T10:53:05.488+0000] {dag.py:3834} INFO - Setting next_dagrun for example_subdag_operator to 2022-01-01 00:00:00+00:00, run_after=2022-01-01 00:00:00+00:00
[2026-05-30T10:53:05.492+0000] {logging_mixin.py:188} INFO - [2026-05-30T10:53:05.492+0000] {dag.py:3834} INFO - Setting next_dagrun for example_subdag_operator.section-1 to None, run_after=None
[2026-05-30T10:53:05.494+0000] {logging_mixin.py:188} INFO - [2026-05-30T10:53:05.494+0000] {dag.py:3834} INFO - Setting next_dagrun for example_subdag_operator.section-2 to None, run_after=None
[2026-05-30T10:53:05.500+0000] {logging_mixin.py:188} INFO - [2026-05-30T10:53:05.500+0000] {dag.py:3047} INFO - Sync 2 DAGs
[2026-05-30T10:53:05.504+0000] {logging_mixin.py:188} INFO - [2026-05-30T10:53:05.504+0000] {dag.py:3834} INFO - Setting next_dagrun for example_subdag_operator.section-1 to None, run_after=None
[2026-05-30T10:53:05.505+0000] {logging_mixin.py:188} INFO - [2026-05-30T10:53:05.505+0000] {dag.py:3834} INFO - Setting next_dagrun for example_subdag_operator.section-2 to None, run_after=None
[2026-05-30T10:53:05.520+0000] {processor.py:183} INFO - Processing /home/airflow/.local/lib/python3.8/site-packages/airflow/example_dags/example_subdag_operator.py took 0.096 seconds
[2026-05-30T10:53:35.562+0000] {processor.py:161} INFO - Started process (PID=4084) to work on /home/airflow/.local/lib/python3.8/site-packages/airflow/example_dags/example_subdag_operator.py
[2026-05-30T10:53:35.564+0000] {processor.py:830} INFO - Processing file /home/airflow/.local/lib/python3.8/site-packages/airflow/example_dags/example_subdag_operator.py for tasks to queue
[2026-05-30T10:53:35.567+0000] {logging_mixin.py:188} INFO - [2026-05-30T10:53:35.566+0000] {dagbag.py:540} INFO - Filling up the DagBag from /home/airflow/.local/lib/python3.8/site-packages/airflow/example_dags/example_subdag_operator.py
[2026-05-30T10:53:35.618+0000] {processor.py:840} INFO - DAG(s) 'example_subdag_operator.section-1', 'example_subdag_operator.section-2', 'example_subdag_operator' retrieved from /home/airflow/.local/lib/python3.8/site-packages/airflow/example_dags/example_subdag_operator.py
[2026-05-30T10:53:35.643+0000] {logging_mixin.py:188} INFO - [2026-05-30T10:53:35.642+0000] {dag.py:3047} INFO - Sync 3 DAGs
[2026-05-30T10:53:35.681+0000] {logging_mixin.py:188} INFO - [2026-05-30T10:53:35.680+0000] {dag.py:3834} INFO - Setting next_dagrun for example_subdag_operator to 2022-01-01 00:00:00+00:00, run_after=2022-01-01 00:00:00+00:00
[2026-05-30T10:53:35.685+0000] {logging_mixin.py:188} INFO - [2026-05-30T10:53:35.685+0000] {dag.py:3834} INFO - Setting next_dagrun for example_subdag_operator.section-1 to None, run_after=None
[2026-05-30T10:53:35.687+0000] {logging_mixin.py:188} INFO - [2026-05-30T10:53:35.687+0000] {dag.py:3834} INFO - Setting next_dagrun for example_subdag_operator.section-2 to None, run_after=None
[2026-05-30T10:53:35.700+0000] {logging_mixin.py:188} INFO - [2026-05-30T10:53:35.700+0000] {dag.py:3047} INFO - Sync 2 DAGs
[2026-05-30T10:53:35.706+0000] {logging_mixin.py:188} INFO - [2026-05-30T10:53:35.705+0000] {dag.py:3834} INFO - Setting next_dagrun for example_subdag_operator.section-1 to None, run_after=None
[2026-05-30T10:53:35.707+0000] {logging_mixin.py:188} INFO - [2026-05-30T10:53:35.707+0000] {dag.py:3834} INFO - Setting next_dagrun for example_subdag_operator.section-2 to None, run_after=None
[2026-05-30T10:53:35.721+0000] {processor.py:183} INFO - Processing /home/airflow/.local/lib/python3.8/site-packages/airflow/example_dags/example_subdag_operator.py took 0.168 seconds
[2026-05-30T10:54:05.806+0000] {processor.py:161} INFO - Started process (PID=4139) to work on /home/airflow/.local/lib/python3.8/site-packages/airflow/example_dags/example_subdag_operator.py
[2026-05-30T10:54:05.807+0000] {processor.py:830} INFO - Processing file /home/airflow/.local/lib/python3.8/site-packages/airflow/example_dags/example_subdag_operator.py for tasks to queue
[2026-05-30T10:54:05.809+0000] {logging_mixin.py:188} INFO - [2026-05-30T10:54:05.809+0000] {dagbag.py:540} INFO - Filling up the DagBag from /home/airflow/.local/lib/python3.8/site-packages/airflow/example_dags/example_subdag_operator.py
[2026-05-30T10:54:05.835+0000] {processor.py:840} INFO - DAG(s) 'example_subdag_operator.section-1', 'example_subdag_operator.section-2', 'example_subdag_operator' retrieved from /home/airflow/.local/lib/python3.8/site-packages/airflow/example_dags/example_subdag_operator.py
[2026-05-30T10:54:05.852+0000] {logging_mixin.py:188} INFO - [2026-05-30T10:54:05.851+0000] {dag.py:3047} INFO - Sync 3 DAGs
[2026-05-30T10:54:05.871+0000] {logging_mixin.py:188} INFO - [2026-05-30T10:54:05.871+0000] {dag.py:3834} INFO - Setting next_dagrun for example_subdag_operator to 2022-01-01 00:00:00+00:00, run_after=2022-01-01 00:00:00+00:00
[2026-05-30T10:54:05.875+0000] {logging_mixin.py:188} INFO - [2026-05-30T10:54:05.875+0000] {dag.py:3834} INFO - Setting next_dagrun for example_subdag_operator.section-1 to None, run_after=None
[2026-05-30T10:54:05.877+0000] {logging_mixin.py:188} INFO - [2026-05-30T10:54:05.877+0000] {dag.py:3834} INFO - Setting next_dagrun for example_subdag_operator.section-2 to None, run_after=None
[2026-05-30T10:54:05.883+0000] {logging_mixin.py:188} INFO - [2026-05-30T10:54:05.883+0000] {dag.py:3047} INFO - Sync 2 DAGs
[2026-05-30T10:54:05.888+0000] {logging_mixin.py:188} INFO - [2026-05-30T10:54:05.888+0000] {dag.py:3834} INFO - Setting next_dagrun for example_subdag_operator.section-1 to None, run_after=None
[2026-05-30T10:54:05.889+0000] {logging_mixin.py:188} INFO - [2026-05-30T10:54:05.889+0000] {dag.py:3834} INFO - Setting next_dagrun for example_subdag_operator.section-2 to None, run_after=None
[2026-05-30T10:54:05.902+0000] {processor.py:183} INFO - Processing /home/airflow/.local/lib/python3.8/site-packages/airflow/example_dags/example_subdag_operator.py took 0.099 seconds
[2026-05-30T10:54:36.575+0000] {processor.py:161} INFO - Started process (PID=4194) to work on /home/airflow/.local/lib/python3.8/site-packages/airflow/example_dags/example_subdag_operator.py
[2026-05-30T10:54:36.576+0000] {processor.py:830} INFO - Processing file /home/airflow/.local/lib/python3.8/site-packages/airflow/example_dags/example_subdag_operator.py for tasks to queue
[2026-05-30T10:54:36.578+0000] {logging_mixin.py:188} INFO - [2026-05-30T10:54:36.578+0000] {dagbag.py:540} INFO - Filling up the DagBag from /home/airflow/.local/lib/python3.8/site-packages/airflow/example_dags/example_subdag_operator.py
[2026-05-30T10:54:36.598+0000] {processor.py:840} INFO - DAG(s) 'example_subdag_operator.section-1', 'example_subdag_operator.section-2', 'example_subdag_operator' retrieved from /home/airflow/.local/lib/python3.8/site-packages/airflow/example_dags/example_subdag_operator.py
[2026-05-30T10:54:36.611+0000] {logging_mixin.py:188} INFO - [2026-05-30T10:54:36.611+0000] {dag.py:3047} INFO - Sync 3 DAGs
[2026-05-30T10:54:36.632+0000] {logging_mixin.py:188} INFO - [2026-05-30T10:54:36.632+0000] {dag.py:3834} INFO - Setting next_dagrun for example_subdag_operator to 2022-01-01 00:00:00+00:00, run_after=2022-01-01 00:00:00+00:00
[2026-05-30T10:54:36.636+0000] {logging_mixin.py:188} INFO - [2026-05-30T10:54:36.636+0000] {dag.py:3834} INFO - Setting next_dagrun for example_subdag_operator.section-1 to None, run_after=None
[2026-05-30T10:54:36.637+0000] {logging_mixin.py:188} INFO - [2026-05-30T10:54:36.637+0000] {dag.py:3834} INFO - Setting next_dagrun for example_subdag_operator.section-2 to None, run_after=None
[2026-05-30T10:54:36.644+0000] {logging_mixin.py:188} INFO - [2026-05-30T10:54:36.643+0000] {dag.py:3047} INFO - Sync 2 DAGs
[2026-05-30T10:54:36.649+0000] {logging_mixin.py:188} INFO - [2026-05-30T10:54:36.649+0000] {dag.py:3834} INFO - Setting next_dagrun for example_subdag_operator.section-1 to None, run_after=None
[2026-05-30T10:54:36.650+0000] {logging_mixin.py:188} INFO - [2026-05-30T10:54:36.649+0000] {dag.py:3834} INFO - Setting next_dagrun for example_subdag_operator.section-2 to None, run_after=None
[2026-05-30T10:54:36.665+0000] {processor.py:183} INFO - Processing /home/airflow/.local/lib/python3.8/site-packages/airflow/example_dags/example_subdag_operator.py took 0.093 seconds
[2026-05-30T10:55:07.107+0000] {processor.py:161} INFO - Started process (PID=4249) to work on /home/airflow/.local/lib/python3.8/site-packages/airflow/example_dags/example_subdag_operator.py
[2026-05-30T10:55:07.109+0000] {processor.py:830} INFO - Processing file /home/airflow/.local/lib/python3.8/site-packages/airflow/example_dags/example_subdag_operator.py for tasks to queue
[2026-05-30T10:55:07.111+0000] {logging_mixin.py:188} INFO - [2026-05-30T10:55:07.111+0000] {dagbag.py:540} INFO - Filling up the DagBag from /home/airflow/.local/lib/python3.8/site-packages/airflow/example_dags/example_subdag_operator.py
[2026-05-30T10:55:07.136+0000] {processor.py:840} INFO - DAG(s) 'example_subdag_operator.section-1', 'example_subdag_operator.section-2', 'example_subdag_operator' retrieved from /home/airflow/.local/lib/python3.8/site-packages/airflow/example_dags/example_subdag_operator.py
[2026-05-30T10:55:07.148+0000] {logging_mixin.py:188} INFO - [2026-05-30T10:55:07.147+0000] {dag.py:3047} INFO - Sync 3 DAGs
[2026-05-30T10:55:07.165+0000] {logging_mixin.py:188} INFO - [2026-05-30T10:55:07.164+0000] {dag.py:3834} INFO - Setting next_dagrun for example_subdag_operator to 2022-01-01 00:00:00+00:00, run_after=2022-01-01 00:00:00+00:00
[2026-05-30T10:55:07.168+0000] {logging_mixin.py:188} INFO - [2026-05-30T10:55:07.168+0000] {dag.py:3834} INFO - Setting next_dagrun for example_subdag_operator.section-1 to None, run_after=None
[2026-05-30T10:55:07.170+0000] {logging_mixin.py:188} INFO - [2026-05-30T10:55:07.170+0000] {dag.py:3834} INFO - Setting next_dagrun for example_subdag_operator.section-2 to None, run_after=None
[2026-05-30T10:55:07.176+0000] {logging_mixin.py:188} INFO - [2026-05-30T10:55:07.176+0000] {dag.py:3047} INFO - Sync 2 DAGs
[2026-05-30T10:55:07.181+0000] {logging_mixin.py:188} INFO - [2026-05-30T10:55:07.181+0000] {dag.py:3834} INFO - Setting next_dagrun for example_subdag_operator.section-1 to None, run_after=None
[2026-05-30T10:55:07.182+0000] {logging_mixin.py:188} INFO - [2026-05-30T10:55:07.182+0000] {dag.py:3834} INFO - Setting next_dagrun for example_subdag_operator.section-2 to None, run_after=None
[2026-05-30T10:55:07.198+0000] {processor.py:183} INFO - Processing /home/airflow/.local/lib/python3.8/site-packages/airflow/example_dags/example_subdag_operator.py took 0.094 seconds
[2026-05-30T10:55:37.876+0000] {processor.py:161} INFO - Started process (PID=4310) to work on /home/airflow/.local/lib/python3.8/site-packages/airflow/example_dags/example_subdag_operator.py
[2026-05-30T10:55:37.877+0000] {processor.py:830} INFO - Processing file /home/airflow/.local/lib/python3.8/site-packages/airflow/example_dags/example_subdag_operator.py for tasks to queue
[2026-05-30T10:55:37.879+0000] {logging_mixin.py:188} INFO - [2026-05-30T10:55:37.879+0000] {dagbag.py:540} INFO - Filling up the DagBag from /home/airflow/.local/lib/python3.8/site-packages/airflow/example_dags/example_subdag_operator.py
[2026-05-30T10:55:37.903+0000] {processor.py:840} INFO - DAG(s) 'example_subdag_operator.section-1', 'example_subdag_operator.section-2', 'example_subdag_operator' retrieved from /home/airflow/.local/lib/python3.8/site-packages/airflow/example_dags/example_subdag_operator.py
[2026-05-30T10:55:37.916+0000] {logging_mixin.py:188} INFO - [2026-05-30T10:55:37.916+0000] {dag.py:3047} INFO - Sync 3 DAGs
[2026-05-30T10:55:37.936+0000] {logging_mixin.py:188} INFO - [2026-05-30T10:55:37.936+0000] {dag.py:3834} INFO - Setting next_dagrun for example_subdag_operator to 2022-01-01 00:00:00+00:00, run_after=2022-01-01 00:00:00+00:00
[2026-05-30T10:55:37.940+0000] {logging_mixin.py:188} INFO - [2026-05-30T10:55:37.940+0000] {dag.py:3834} INFO - Setting next_dagrun for example_subdag_operator.section-1 to None, run_after=None
[2026-05-30T10:55:37.942+0000] {logging_mixin.py:188} INFO - [2026-05-30T10:55:37.942+0000] {dag.py:3834} INFO - Setting next_dagrun for example_subdag_operator.section-2 to None, run_after=None
[2026-05-30T10:55:37.948+0000] {logging_mixin.py:188} INFO - [2026-05-30T10:55:37.948+0000] {dag.py:3047} INFO - Sync 2 DAGs
[2026-05-30T10:55:37.953+0000] {logging_mixin.py:188} INFO - [2026-05-30T10:55:37.953+0000] {dag.py:3834} INFO - Setting next_dagrun for example_subdag_operator.section-1 to None, run_after=None
[2026-05-30T10:55:37.954+0000] {logging_mixin.py:188} INFO - [2026-05-30T10:55:37.954+0000] {dag.py:3834} INFO - Setting next_dagrun for example_subdag_operator.section-2 to None, run_after=None
[2026-05-30T10:55:37.969+0000] {processor.py:183} INFO - Processing /home/airflow/.local/lib/python3.8/site-packages/airflow/example_dags/example_subdag_operator.py took 0.097 seconds
[2026-05-30T10:56:08.595+0000] {processor.py:161} INFO - Started process (PID=4365) to work on /home/airflow/.local/lib/python3.8/site-packages/airflow/example_dags/example_subdag_operator.py
[2026-05-30T10:56:08.597+0000] {processor.py:830} INFO - Processing file /home/airflow/.local/lib/python3.8/site-packages/airflow/example_dags/example_subdag_operator.py for tasks to queue
[2026-05-30T10:56:08.599+0000] {logging_mixin.py:188} INFO - [2026-05-30T10:56:08.598+0000] {dagbag.py:540} INFO - Filling up the DagBag from /home/airflow/.local/lib/python3.8/site-packages/airflow/example_dags/example_subdag_operator.py
[2026-05-30T10:56:08.619+0000] {processor.py:840} INFO - DAG(s) 'example_subdag_operator.section-1', 'example_subdag_operator.section-2', 'example_subdag_operator' retrieved from /home/airflow/.local/lib/python3.8/site-packages/airflow/example_dags/example_subdag_operator.py
[2026-05-30T10:56:08.634+0000] {logging_mixin.py:188} INFO - [2026-05-30T10:56:08.634+0000] {dag.py:3047} INFO - Sync 3 DAGs
[2026-05-30T10:56:08.651+0000] {logging_mixin.py:188} INFO - [2026-05-30T10:56:08.651+0000] {dag.py:3834} INFO - Setting next_dagrun for example_subdag_operator to 2022-01-01 00:00:00+00:00, run_after=2022-01-01 00:00:00+00:00
[2026-05-30T10:56:08.655+0000] {logging_mixin.py:188} INFO - [2026-05-30T10:56:08.655+0000] {dag.py:3834} INFO - Setting next_dagrun for example_subdag_operator.section-1 to None, run_after=None
[2026-05-30T10:56:08.657+0000] {logging_mixin.py:188} INFO - [2026-05-30T10:56:08.657+0000] {dag.py:3834} INFO - Setting next_dagrun for example_subdag_operator.section-2 to None, run_after=None
[2026-05-30T10:56:08.665+0000] {logging_mixin.py:188} INFO - [2026-05-30T10:56:08.665+0000] {dag.py:3047} INFO - Sync 2 DAGs
[2026-05-30T10:56:08.671+0000] {logging_mixin.py:188} INFO - [2026-05-30T10:56:08.670+0000] {dag.py:3834} INFO - Setting next_dagrun for example_subdag_operator.section-1 to None, run_after=None
[2026-05-30T10:56:08.671+0000] {logging_mixin.py:188} INFO - [2026-05-30T10:56:08.671+0000] {dag.py:3834} INFO - Setting next_dagrun for example_subdag_operator.section-2 to None, run_after=None
[2026-05-30T10:56:08.686+0000] {processor.py:183} INFO - Processing /home/airflow/.local/lib/python3.8/site-packages/airflow/example_dags/example_subdag_operator.py took 0.094 seconds
[2026-05-30T10:56:39.224+0000] {processor.py:161} INFO - Started process (PID=4419) to work on /home/airflow/.local/lib/python3.8/site-packages/airflow/example_dags/example_subdag_operator.py
[2026-05-30T10:56:39.228+0000] {processor.py:830} INFO - Processing file /home/airflow/.local/lib/python3.8/site-packages/airflow/example_dags/example_subdag_operator.py for tasks to queue
[2026-05-30T10:56:39.229+0000] {logging_mixin.py:188} INFO - [2026-05-30T10:56:39.229+0000] {dagbag.py:540} INFO - Filling up the DagBag from /home/airflow/.local/lib/python3.8/site-packages/airflow/example_dags/example_subdag_operator.py
[2026-05-30T10:56:39.257+0000] {processor.py:840} INFO - DAG(s) 'example_subdag_operator.section-1', 'example_subdag_operator.section-2', 'example_subdag_operator' retrieved from /home/airflow/.local/lib/python3.8/site-packages/airflow/example_dags/example_subdag_operator.py
[2026-05-30T10:56:39.270+0000] {logging_mixin.py:188} INFO - [2026-05-30T10:56:39.270+0000] {dag.py:3047} INFO - Sync 3 DAGs
[2026-05-30T10:56:39.287+0000] {logging_mixin.py:188} INFO - [2026-05-30T10:56:39.287+0000] {dag.py:3834} INFO - Setting next_dagrun for example_subdag_operator to 2022-01-01 00:00:00+00:00, run_after=2022-01-01 00:00:00+00:00
[2026-05-30T10:56:39.291+0000] {logging_mixin.py:188} INFO - [2026-05-30T10:56:39.290+0000] {dag.py:3834} INFO - Setting next_dagrun for example_subdag_operator.section-1 to None, run_after=None
[2026-05-30T10:56:39.292+0000] {logging_mixin.py:188} INFO - [2026-05-30T10:56:39.292+0000] {dag.py:3834} INFO - Setting next_dagrun for example_subdag_operator.section-2 to None, run_after=None
[2026-05-30T10:56:39.299+0000] {logging_mixin.py:188} INFO - [2026-05-30T10:56:39.299+0000] {dag.py:3047} INFO - Sync 2 DAGs
[2026-05-30T10:56:39.304+0000] {logging_mixin.py:188} INFO - [2026-05-30T10:56:39.304+0000] {dag.py:3834} INFO - Setting next_dagrun for example_subdag_operator.section-1 to None, run_after=None
[2026-05-30T10:56:39.305+0000] {logging_mixin.py:188} INFO - [2026-05-30T10:56:39.304+0000] {dag.py:3834} INFO - Setting next_dagrun for example_subdag_operator.section-2 to None, run_after=None
[2026-05-30T10:56:39.320+0000] {processor.py:183} INFO - Processing /home/airflow/.local/lib/python3.8/site-packages/airflow/example_dags/example_subdag_operator.py took 0.098 seconds
[2026-05-30T10:57:10.047+0000] {processor.py:161} INFO - Started process (PID=4474) to work on /home/airflow/.local/lib/python3.8/site-packages/airflow/example_dags/example_subdag_operator.py
[2026-05-30T10:57:10.049+0000] {processor.py:830} INFO - Processing file /home/airflow/.local/lib/python3.8/site-packages/airflow/example_dags/example_subdag_operator.py for tasks to queue
[2026-05-30T10:57:10.050+0000] {logging_mixin.py:188} INFO - [2026-05-30T10:57:10.050+0000] {dagbag.py:540} INFO - Filling up the DagBag from /home/airflow/.local/lib/python3.8/site-packages/airflow/example_dags/example_subdag_operator.py
[2026-05-30T10:57:10.073+0000] {processor.py:840} INFO - DAG(s) 'example_subdag_operator.section-1', 'example_subdag_operator.section-2', 'example_subdag_operator' retrieved from /home/airflow/.local/lib/python3.8/site-packages/airflow/example_dags/example_subdag_operator.py
[2026-05-30T10:57:10.085+0000] {logging_mixin.py:188} INFO - [2026-05-30T10:57:10.085+0000] {dag.py:3047} INFO - Sync 3 DAGs
[2026-05-30T10:57:10.105+0000] {logging_mixin.py:188} INFO - [2026-05-30T10:57:10.105+0000] {dag.py:3834} INFO - Setting next_dagrun for example_subdag_operator to 2022-01-01 00:00:00+00:00, run_after=2022-01-01 00:00:00+00:00
[2026-05-30T10:57:10.109+0000] {logging_mixin.py:188} INFO - [2026-05-30T10:57:10.109+0000] {dag.py:3834} INFO - Setting next_dagrun for example_subdag_operator.section-1 to None, run_after=None
[2026-05-30T10:57:10.112+0000] {logging_mixin.py:188} INFO - [2026-05-30T10:57:10.111+0000] {dag.py:3834} INFO - Setting next_dagrun for example_subdag_operator.section-2 to None, run_after=None
[2026-05-30T10:57:10.120+0000] {logging_mixin.py:188} INFO - [2026-05-30T10:57:10.120+0000] {dag.py:3047} INFO - Sync 2 DAGs
[2026-05-30T10:57:10.125+0000] {logging_mixin.py:188} INFO - [2026-05-30T10:57:10.125+0000] {dag.py:3834} INFO - Setting next_dagrun for example_subdag_operator.section-1 to None, run_after=None
[2026-05-30T10:57:10.126+0000] {logging_mixin.py:188} INFO - [2026-05-30T10:57:10.126+0000] {dag.py:3834} INFO - Setting next_dagrun for example_subdag_operator.section-2 to None, run_after=None
[2026-05-30T10:57:10.141+0000] {processor.py:183} INFO - Processing /home/airflow/.local/lib/python3.8/site-packages/airflow/example_dags/example_subdag_operator.py took 0.096 seconds
[2026-05-30T10:57:40.703+0000] {processor.py:161} INFO - Started process (PID=4529) to work on /home/airflow/.local/lib/python3.8/site-packages/airflow/example_dags/example_subdag_operator.py
[2026-05-30T10:57:40.704+0000] {processor.py:830} INFO - Processing file /home/airflow/.local/lib/python3.8/site-packages/airflow/example_dags/example_subdag_operator.py for tasks to queue
[2026-05-30T10:57:40.707+0000] {logging_mixin.py:188} INFO - [2026-05-30T10:57:40.706+0000] {dagbag.py:540} INFO - Filling up the DagBag from /home/airflow/.local/lib/python3.8/site-packages/airflow/example_dags/example_subdag_operator.py
[2026-05-30T10:57:40.737+0000] {processor.py:840} INFO - DAG(s) 'example_subdag_operator.section-1', 'example_subdag_operator.section-2', 'example_subdag_operator' retrieved from /home/airflow/.local/lib/python3.8/site-packages/airflow/example_dags/example_subdag_operator.py
[2026-05-30T10:57:40.751+0000] {logging_mixin.py:188} INFO - [2026-05-30T10:57:40.751+0000] {dag.py:3047} INFO - Sync 3 DAGs
[2026-05-30T10:57:40.772+0000] {logging_mixin.py:188} INFO - [2026-05-30T10:57:40.772+0000] {dag.py:3834} INFO - Setting next_dagrun for example_subdag_operator to 2022-01-01 00:00:00+00:00, run_after=2022-01-01 00:00:00+00:00
[2026-05-30T10:57:40.776+0000] {logging_mixin.py:188} INFO - [2026-05-30T10:57:40.776+0000] {dag.py:3834} INFO - Setting next_dagrun for example_subdag_operator.section-1 to None, run_after=None
[2026-05-30T10:57:40.778+0000] {logging_mixin.py:188} INFO - [2026-05-30T10:57:40.778+0000] {dag.py:3834} INFO - Setting next_dagrun for example_subdag_operator.section-2 to None, run_after=None
[2026-05-30T10:57:40.786+0000] {logging_mixin.py:188} INFO - [2026-05-30T10:57:40.786+0000] {dag.py:3047} INFO - Sync 2 DAGs
[2026-05-30T10:57:40.791+0000] {logging_mixin.py:188} INFO - [2026-05-30T10:57:40.791+0000] {dag.py:3834} INFO - Setting next_dagrun for example_subdag_operator.section-1 to None, run_after=None
[2026-05-30T10:57:40.792+0000] {logging_mixin.py:188} INFO - [2026-05-30T10:57:40.792+0000] {dag.py:3834} INFO - Setting next_dagrun for example_subdag_operator.section-2 to None, run_after=None
[2026-05-30T10:57:40.808+0000] {processor.py:183} INFO - Processing /home/airflow/.local/lib/python3.8/site-packages/airflow/example_dags/example_subdag_operator.py took 0.107 seconds
[2026-05-30T10:58:11.390+0000] {processor.py:161} INFO - Started process (PID=4584) to work on /home/airflow/.local/lib/python3.8/site-packages/airflow/example_dags/example_subdag_operator.py
[2026-05-30T10:58:11.392+0000] {processor.py:830} INFO - Processing file /home/airflow/.local/lib/python3.8/site-packages/airflow/example_dags/example_subdag_operator.py for tasks to queue
[2026-05-30T10:58:11.395+0000] {logging_mixin.py:188} INFO - [2026-05-30T10:58:11.395+0000] {dagbag.py:540} INFO - Filling up the DagBag from /home/airflow/.local/lib/python3.8/site-packages/airflow/example_dags/example_subdag_operator.py
[2026-05-30T10:58:11.431+0000] {processor.py:840} INFO - DAG(s) 'example_subdag_operator.section-1', 'example_subdag_operator.section-2', 'example_subdag_operator' retrieved from /home/airflow/.local/lib/python3.8/site-packages/airflow/example_dags/example_subdag_operator.py
[2026-05-30T10:58:11.449+0000] {logging_mixin.py:188} INFO - [2026-05-30T10:58:11.449+0000] {dag.py:3047} INFO - Sync 3 DAGs
[2026-05-30T10:58:11.476+0000] {logging_mixin.py:188} INFO - [2026-05-30T10:58:11.476+0000] {dag.py:3834} INFO - Setting next_dagrun for example_subdag_operator to 2022-01-01 00:00:00+00:00, run_after=2022-01-01 00:00:00+00:00
[2026-05-30T10:58:11.480+0000] {logging_mixin.py:188} INFO - [2026-05-30T10:58:11.479+0000] {dag.py:3834} INFO - Setting next_dagrun for example_subdag_operator.section-1 to None, run_after=None
[2026-05-30T10:58:11.482+0000] {logging_mixin.py:188} INFO - [2026-05-30T10:58:11.482+0000] {dag.py:3834} INFO - Setting next_dagrun for example_subdag_operator.section-2 to None, run_after=None
[2026-05-30T10:58:11.491+0000] {logging_mixin.py:188} INFO - [2026-05-30T10:58:11.490+0000] {dag.py:3047} INFO - Sync 2 DAGs
[2026-05-30T10:58:11.496+0000] {logging_mixin.py:188} INFO - [2026-05-30T10:58:11.496+0000] {dag.py:3834} INFO - Setting next_dagrun for example_subdag_operator.section-1 to None, run_after=None
[2026-05-30T10:58:11.497+0000] {logging_mixin.py:188} INFO - [2026-05-30T10:58:11.497+0000] {dag.py:3834} INFO - Setting next_dagrun for example_subdag_operator.section-2 to None, run_after=None
[2026-05-30T10:58:11.514+0000] {processor.py:183} INFO - Processing /home/airflow/.local/lib/python3.8/site-packages/airflow/example_dags/example_subdag_operator.py took 0.128 seconds
[2026-05-30T10:58:41.723+0000] {processor.py:161} INFO - Started process (PID=4640) to work on /home/airflow/.local/lib/python3.8/site-packages/airflow/example_dags/example_subdag_operator.py
[2026-05-30T10:58:41.726+0000] {processor.py:830} INFO - Processing file /home/airflow/.local/lib/python3.8/site-packages/airflow/example_dags/example_subdag_operator.py for tasks to queue
[2026-05-30T10:58:41.731+0000] {logging_mixin.py:188} INFO - [2026-05-30T10:58:41.730+0000] {dagbag.py:540} INFO - Filling up the DagBag from /home/airflow/.local/lib/python3.8/site-packages/airflow/example_dags/example_subdag_operator.py
[2026-05-30T10:58:41.788+0000] {processor.py:840} INFO - DAG(s) 'example_subdag_operator.section-1', 'example_subdag_operator.section-2', 'example_subdag_operator' retrieved from /home/airflow/.local/lib/python3.8/site-packages/airflow/example_dags/example_subdag_operator.py
[2026-05-30T10:58:41.825+0000] {logging_mixin.py:188} INFO - [2026-05-30T10:58:41.825+0000] {dag.py:3047} INFO - Sync 3 DAGs
[2026-05-30T10:58:41.866+0000] {logging_mixin.py:188} INFO - [2026-05-30T10:58:41.866+0000] {dag.py:3834} INFO - Setting next_dagrun for example_subdag_operator to 2022-01-01 00:00:00+00:00, run_after=2022-01-01 00:00:00+00:00
[2026-05-30T10:58:41.875+0000] {logging_mixin.py:188} INFO - [2026-05-30T10:58:41.874+0000] {dag.py:3834} INFO - Setting next_dagrun for example_subdag_operator.section-1 to None, run_after=None
[2026-05-30T10:58:41.877+0000] {logging_mixin.py:188} INFO - [2026-05-30T10:58:41.877+0000] {dag.py:3834} INFO - Setting next_dagrun for example_subdag_operator.section-2 to None, run_after=None
[2026-05-30T10:58:41.894+0000] {logging_mixin.py:188} INFO - [2026-05-30T10:58:41.893+0000] {dag.py:3047} INFO - Sync 2 DAGs
[2026-05-30T10:58:41.904+0000] {logging_mixin.py:188} INFO - [2026-05-30T10:58:41.904+0000] {dag.py:3834} INFO - Setting next_dagrun for example_subdag_operator.section-1 to None, run_after=None
[2026-05-30T10:58:41.906+0000] {logging_mixin.py:188} INFO - [2026-05-30T10:58:41.905+0000] {dag.py:3834} INFO - Setting next_dagrun for example_subdag_operator.section-2 to None, run_after=None
[2026-05-30T10:58:41.932+0000] {processor.py:183} INFO - Processing /home/airflow/.local/lib/python3.8/site-packages/airflow/example_dags/example_subdag_operator.py took 0.221 seconds
[2026-05-30T10:59:12.080+0000] {processor.py:161} INFO - Started process (PID=4695) to work on /home/airflow/.local/lib/python3.8/site-packages/airflow/example_dags/example_subdag_operator.py
[2026-05-30T10:59:12.082+0000] {processor.py:830} INFO - Processing file /home/airflow/.local/lib/python3.8/site-packages/airflow/example_dags/example_subdag_operator.py for tasks to queue
[2026-05-30T10:59:12.085+0000] {logging_mixin.py:188} INFO - [2026-05-30T10:59:12.084+0000] {dagbag.py:540} INFO - Filling up the DagBag from /home/airflow/.local/lib/python3.8/site-packages/airflow/example_dags/example_subdag_operator.py
[2026-05-30T10:59:12.128+0000] {processor.py:840} INFO - DAG(s) 'example_subdag_operator.section-1', 'example_subdag_operator.section-2', 'example_subdag_operator' retrieved from /home/airflow/.local/lib/python3.8/site-packages/airflow/example_dags/example_subdag_operator.py
[2026-05-30T10:59:12.155+0000] {logging_mixin.py:188} INFO - [2026-05-30T10:59:12.155+0000] {dag.py:3047} INFO - Sync 3 DAGs
[2026-05-30T10:59:12.186+0000] {logging_mixin.py:188} INFO - [2026-05-30T10:59:12.186+0000] {dag.py:3834} INFO - Setting next_dagrun for example_subdag_operator to 2022-01-01 00:00:00+00:00, run_after=2022-01-01 00:00:00+00:00
[2026-05-30T10:59:12.192+0000] {logging_mixin.py:188} INFO - [2026-05-30T10:59:12.192+0000] {dag.py:3834} INFO - Setting next_dagrun for example_subdag_operator.section-1 to None, run_after=None
[2026-05-30T10:59:12.196+0000] {logging_mixin.py:188} INFO - [2026-05-30T10:59:12.195+0000] {dag.py:3834} INFO - Setting next_dagrun for example_subdag_operator.section-2 to None, run_after=None
[2026-05-30T10:59:12.207+0000] {logging_mixin.py:188} INFO - [2026-05-30T10:59:12.207+0000] {dag.py:3047} INFO - Sync 2 DAGs
[2026-05-30T10:59:12.216+0000] {logging_mixin.py:188} INFO - [2026-05-30T10:59:12.216+0000] {dag.py:3834} INFO - Setting next_dagrun for example_subdag_operator.section-1 to None, run_after=None
[2026-05-30T10:59:12.218+0000] {logging_mixin.py:188} INFO - [2026-05-30T10:59:12.217+0000] {dag.py:3834} INFO - Setting next_dagrun for example_subdag_operator.section-2 to None, run_after=None
[2026-05-30T10:59:12.245+0000] {processor.py:183} INFO - Processing /home/airflow/.local/lib/python3.8/site-packages/airflow/example_dags/example_subdag_operator.py took 0.170 seconds
[2026-05-30T10:59:42.434+0000] {processor.py:161} INFO - Started process (PID=4750) to work on /home/airflow/.local/lib/python3.8/site-packages/airflow/example_dags/example_subdag_operator.py
[2026-05-30T10:59:42.436+0000] {processor.py:830} INFO - Processing file /home/airflow/.local/lib/python3.8/site-packages/airflow/example_dags/example_subdag_operator.py for tasks to queue
[2026-05-30T10:59:42.442+0000] {logging_mixin.py:188} INFO - [2026-05-30T10:59:42.441+0000] {dagbag.py:540} INFO - Filling up the DagBag from /home/airflow/.local/lib/python3.8/site-packages/airflow/example_dags/example_subdag_operator.py
[2026-05-30T10:59:42.493+0000] {processor.py:840} INFO - DAG(s) 'example_subdag_operator.section-1', 'example_subdag_operator.section-2', 'example_subdag_operator' retrieved from /home/airflow/.local/lib/python3.8/site-packages/airflow/example_dags/example_subdag_operator.py
[2026-05-30T10:59:42.521+0000] {logging_mixin.py:188} INFO - [2026-05-30T10:59:42.521+0000] {dag.py:3047} INFO - Sync 3 DAGs
[2026-05-30T10:59:42.557+0000] {logging_mixin.py:188} INFO - [2026-05-30T10:59:42.556+0000] {dag.py:3834} INFO - Setting next_dagrun for example_subdag_operator to 2022-01-01 00:00:00+00:00, run_after=2022-01-01 00:00:00+00:00
[2026-05-30T10:59:42.564+0000] {logging_mixin.py:188} INFO - [2026-05-30T10:59:42.564+0000] {dag.py:3834} INFO - Setting next_dagrun for example_subdag_operator.section-1 to None, run_after=None
[2026-05-30T10:59:42.567+0000] {logging_mixin.py:188} INFO - [2026-05-30T10:59:42.567+0000] {dag.py:3834} INFO - Setting next_dagrun for example_subdag_operator.section-2 to None, run_after=None
[2026-05-30T10:59:42.584+0000] {logging_mixin.py:188} INFO - [2026-05-30T10:59:42.584+0000] {dag.py:3047} INFO - Sync 2 DAGs
[2026-05-30T10:59:42.598+0000] {logging_mixin.py:188} INFO - [2026-05-30T10:59:42.597+0000] {dag.py:3834} INFO - Setting next_dagrun for example_subdag_operator.section-1 to None, run_after=None
[2026-05-30T10:59:42.600+0000] {logging_mixin.py:188} INFO - [2026-05-30T10:59:42.599+0000] {dag.py:3834} INFO - Setting next_dagrun for example_subdag_operator.section-2 to None, run_after=None
[2026-05-30T10:59:42.633+0000] {processor.py:183} INFO - Processing /home/airflow/.local/lib/python3.8/site-packages/airflow/example_dags/example_subdag_operator.py took 0.204 seconds
[2026-05-30T11:00:13.082+0000] {processor.py:161} INFO - Started process (PID=4805) to work on /home/airflow/.local/lib/python3.8/site-packages/airflow/example_dags/example_subdag_operator.py
[2026-05-30T11:00:13.084+0000] {processor.py:830} INFO - Processing file /home/airflow/.local/lib/python3.8/site-packages/airflow/example_dags/example_subdag_operator.py for tasks to queue
[2026-05-30T11:00:13.086+0000] {logging_mixin.py:188} INFO - [2026-05-30T11:00:13.086+0000] {dagbag.py:540} INFO - Filling up the DagBag from /home/airflow/.local/lib/python3.8/site-packages/airflow/example_dags/example_subdag_operator.py
[2026-05-30T11:00:13.118+0000] {processor.py:840} INFO - DAG(s) 'example_subdag_operator.section-1', 'example_subdag_operator.section-2', 'example_subdag_operator' retrieved from /home/airflow/.local/lib/python3.8/site-packages/airflow/example_dags/example_subdag_operator.py
[2026-05-30T11:00:13.136+0000] {logging_mixin.py:188} INFO - [2026-05-30T11:00:13.136+0000] {dag.py:3047} INFO - Sync 3 DAGs
[2026-05-30T11:00:13.158+0000] {logging_mixin.py:188} INFO - [2026-05-30T11:00:13.158+0000] {dag.py:3834} INFO - Setting next_dagrun for example_subdag_operator to 2022-01-01 00:00:00+00:00, run_after=2022-01-01 00:00:00+00:00
[2026-05-30T11:00:13.163+0000] {logging_mixin.py:188} INFO - [2026-05-30T11:00:13.163+0000] {dag.py:3834} INFO - Setting next_dagrun for example_subdag_operator.section-1 to None, run_after=None
[2026-05-30T11:00:13.166+0000] {logging_mixin.py:188} INFO - [2026-05-30T11:00:13.166+0000] {dag.py:3834} INFO - Setting next_dagrun for example_subdag_operator.section-2 to None, run_after=None
[2026-05-30T11:00:13.175+0000] {logging_mixin.py:188} INFO - [2026-05-30T11:00:13.175+0000] {dag.py:3047} INFO - Sync 2 DAGs
[2026-05-30T11:00:13.182+0000] {logging_mixin.py:188} INFO - [2026-05-30T11:00:13.182+0000] {dag.py:3834} INFO - Setting next_dagrun for example_subdag_operator.section-1 to None, run_after=None
[2026-05-30T11:00:13.183+0000] {logging_mixin.py:188} INFO - [2026-05-30T11:00:13.183+0000] {dag.py:3834} INFO - Setting next_dagrun for example_subdag_operator.section-2 to None, run_after=None
[2026-05-30T11:00:13.202+0000] {processor.py:183} INFO - Processing /home/airflow/.local/lib/python3.8/site-packages/airflow/example_dags/example_subdag_operator.py took 0.125 seconds
[2026-05-30T11:38:53.695+0000] {processor.py:161} INFO - Started process (PID=65) to work on /home/airflow/.local/lib/python3.8/site-packages/airflow/example_dags/example_subdag_operator.py
[2026-05-30T11:38:53.698+0000] {processor.py:830} INFO - Processing file /home/airflow/.local/lib/python3.8/site-packages/airflow/example_dags/example_subdag_operator.py for tasks to queue
[2026-05-30T11:38:53.703+0000] {logging_mixin.py:188} INFO - [2026-05-30T11:38:53.702+0000] {dagbag.py:540} INFO - Filling up the DagBag from /home/airflow/.local/lib/python3.8/site-packages/airflow/example_dags/example_subdag_operator.py
[2026-05-30T11:38:53.780+0000] {processor.py:840} INFO - DAG(s) 'example_subdag_operator.section-1', 'example_subdag_operator.section-2', 'example_subdag_operator' retrieved from /home/airflow/.local/lib/python3.8/site-packages/airflow/example_dags/example_subdag_operator.py
[2026-05-30T11:38:53.882+0000] {logging_mixin.py:188} INFO - [2026-05-30T11:38:53.881+0000] {dag.py:3047} INFO - Sync 3 DAGs
[2026-05-30T11:38:53.961+0000] {logging_mixin.py:188} INFO - [2026-05-30T11:38:53.961+0000] {dag.py:3834} INFO - Setting next_dagrun for example_subdag_operator to 2022-01-01 00:00:00+00:00, run_after=2022-01-01 00:00:00+00:00
[2026-05-30T11:38:53.972+0000] {logging_mixin.py:188} INFO - [2026-05-30T11:38:53.971+0000] {dag.py:3834} INFO - Setting next_dagrun for example_subdag_operator.section-1 to None, run_after=None
[2026-05-30T11:38:53.976+0000] {logging_mixin.py:188} INFO - [2026-05-30T11:38:53.975+0000] {dag.py:3834} INFO - Setting next_dagrun for example_subdag_operator.section-2 to None, run_after=None
[2026-05-30T11:38:53.996+0000] {logging_mixin.py:188} INFO - [2026-05-30T11:38:53.996+0000] {dag.py:3047} INFO - Sync 2 DAGs
[2026-05-30T11:38:54.008+0000] {logging_mixin.py:188} INFO - [2026-05-30T11:38:54.008+0000] {dag.py:3834} INFO - Setting next_dagrun for example_subdag_operator.section-1 to None, run_after=None
[2026-05-30T11:38:54.010+0000] {logging_mixin.py:188} INFO - [2026-05-30T11:38:54.010+0000] {dag.py:3834} INFO - Setting next_dagrun for example_subdag_operator.section-2 to None, run_after=None
[2026-05-30T11:38:54.048+0000] {processor.py:183} INFO - Processing /home/airflow/.local/lib/python3.8/site-packages/airflow/example_dags/example_subdag_operator.py took 0.361 seconds
[2026-05-30T11:39:24.585+0000] {processor.py:161} INFO - Started process (PID=120) to work on /home/airflow/.local/lib/python3.8/site-packages/airflow/example_dags/example_subdag_operator.py
[2026-05-30T11:39:24.587+0000] {processor.py:830} INFO - Processing file /home/airflow/.local/lib/python3.8/site-packages/airflow/example_dags/example_subdag_operator.py for tasks to queue
[2026-05-30T11:39:24.588+0000] {logging_mixin.py:188} INFO - [2026-05-30T11:39:24.588+0000] {dagbag.py:540} INFO - Filling up the DagBag from /home/airflow/.local/lib/python3.8/site-packages/airflow/example_dags/example_subdag_operator.py
[2026-05-30T11:39:24.609+0000] {processor.py:840} INFO - DAG(s) 'example_subdag_operator.section-1', 'example_subdag_operator.section-2', 'example_subdag_operator' retrieved from /home/airflow/.local/lib/python3.8/site-packages/airflow/example_dags/example_subdag_operator.py
[2026-05-30T11:39:24.621+0000] {logging_mixin.py:188} INFO - [2026-05-30T11:39:24.620+0000] {dag.py:3047} INFO - Sync 3 DAGs
[2026-05-30T11:39:24.637+0000] {logging_mixin.py:188} INFO - [2026-05-30T11:39:24.637+0000] {dag.py:3834} INFO - Setting next_dagrun for example_subdag_operator to 2022-01-01 00:00:00+00:00, run_after=2022-01-01 00:00:00+00:00
[2026-05-30T11:39:24.641+0000] {logging_mixin.py:188} INFO - [2026-05-30T11:39:24.640+0000] {dag.py:3834} INFO - Setting next_dagrun for example_subdag_operator.section-1 to None, run_after=None
[2026-05-30T11:39:24.642+0000] {logging_mixin.py:188} INFO - [2026-05-30T11:39:24.642+0000] {dag.py:3834} INFO - Setting next_dagrun for example_subdag_operator.section-2 to None, run_after=None
[2026-05-30T11:39:24.648+0000] {logging_mixin.py:188} INFO - [2026-05-30T11:39:24.648+0000] {dag.py:3047} INFO - Sync 2 DAGs
[2026-05-30T11:39:24.653+0000] {logging_mixin.py:188} INFO - [2026-05-30T11:39:24.653+0000] {dag.py:3834} INFO - Setting next_dagrun for example_subdag_operator.section-1 to None, run_after=None
[2026-05-30T11:39:24.654+0000] {logging_mixin.py:188} INFO - [2026-05-30T11:39:24.654+0000] {dag.py:3834} INFO - Setting next_dagrun for example_subdag_operator.section-2 to None, run_after=None
[2026-05-30T11:39:24.665+0000] {processor.py:183} INFO - Processing /home/airflow/.local/lib/python3.8/site-packages/airflow/example_dags/example_subdag_operator.py took 0.083 seconds
[2026-05-30T11:39:54.954+0000] {processor.py:161} INFO - Started process (PID=175) to work on /home/airflow/.local/lib/python3.8/site-packages/airflow/example_dags/example_subdag_operator.py
[2026-05-30T11:39:54.955+0000] {processor.py:830} INFO - Processing file /home/airflow/.local/lib/python3.8/site-packages/airflow/example_dags/example_subdag_operator.py for tasks to queue
[2026-05-30T11:39:54.957+0000] {logging_mixin.py:188} INFO - [2026-05-30T11:39:54.957+0000] {dagbag.py:540} INFO - Filling up the DagBag from /home/airflow/.local/lib/python3.8/site-packages/airflow/example_dags/example_subdag_operator.py
[2026-05-30T11:39:54.978+0000] {processor.py:840} INFO - DAG(s) 'example_subdag_operator.section-1', 'example_subdag_operator.section-2', 'example_subdag_operator' retrieved from /home/airflow/.local/lib/python3.8/site-packages/airflow/example_dags/example_subdag_operator.py
[2026-05-30T11:39:54.988+0000] {logging_mixin.py:188} INFO - [2026-05-30T11:39:54.988+0000] {dag.py:3047} INFO - Sync 3 DAGs
[2026-05-30T11:39:55.003+0000] {logging_mixin.py:188} INFO - [2026-05-30T11:39:55.003+0000] {dag.py:3834} INFO - Setting next_dagrun for example_subdag_operator to 2022-01-01 00:00:00+00:00, run_after=2022-01-01 00:00:00+00:00
[2026-05-30T11:39:55.006+0000] {logging_mixin.py:188} INFO - [2026-05-30T11:39:55.006+0000] {dag.py:3834} INFO - Setting next_dagrun for example_subdag_operator.section-1 to None, run_after=None
[2026-05-30T11:39:55.008+0000] {logging_mixin.py:188} INFO - [2026-05-30T11:39:55.008+0000] {dag.py:3834} INFO - Setting next_dagrun for example_subdag_operator.section-2 to None, run_after=None
[2026-05-30T11:39:55.015+0000] {logging_mixin.py:188} INFO - [2026-05-30T11:39:55.015+0000] {dag.py:3047} INFO - Sync 2 DAGs
[2026-05-30T11:39:55.020+0000] {logging_mixin.py:188} INFO - [2026-05-30T11:39:55.020+0000] {dag.py:3834} INFO - Setting next_dagrun for example_subdag_operator.section-1 to None, run_after=None
[2026-05-30T11:39:55.021+0000] {logging_mixin.py:188} INFO - [2026-05-30T11:39:55.020+0000] {dag.py:3834} INFO - Setting next_dagrun for example_subdag_operator.section-2 to None, run_after=None
[2026-05-30T11:39:55.033+0000] {processor.py:183} INFO - Processing /home/airflow/.local/lib/python3.8/site-packages/airflow/example_dags/example_subdag_operator.py took 0.082 seconds
[2026-05-30T11:40:25.559+0000] {processor.py:161} INFO - Started process (PID=229) to work on /home/airflow/.local/lib/python3.8/site-packages/airflow/example_dags/example_subdag_operator.py
[2026-05-30T11:40:25.561+0000] {processor.py:830} INFO - Processing file /home/airflow/.local/lib/python3.8/site-packages/airflow/example_dags/example_subdag_operator.py for tasks to queue
[2026-05-30T11:40:25.563+0000] {logging_mixin.py:188} INFO - [2026-05-30T11:40:25.563+0000] {dagbag.py:540} INFO - Filling up the DagBag from /home/airflow/.local/lib/python3.8/site-packages/airflow/example_dags/example_subdag_operator.py
[2026-05-30T11:40:25.588+0000] {processor.py:840} INFO - DAG(s) 'example_subdag_operator.section-1', 'example_subdag_operator.section-2', 'example_subdag_operator' retrieved from /home/airflow/.local/lib/python3.8/site-packages/airflow/example_dags/example_subdag_operator.py
[2026-05-30T11:40:25.606+0000] {logging_mixin.py:188} INFO - [2026-05-30T11:40:25.606+0000] {dag.py:3047} INFO - Sync 3 DAGs
[2026-05-30T11:40:25.629+0000] {logging_mixin.py:188} INFO - [2026-05-30T11:40:25.629+0000] {dag.py:3834} INFO - Setting next_dagrun for example_subdag_operator to 2022-01-01 00:00:00+00:00, run_after=2022-01-01 00:00:00+00:00
[2026-05-30T11:40:25.633+0000] {logging_mixin.py:188} INFO - [2026-05-30T11:40:25.633+0000] {dag.py:3834} INFO - Setting next_dagrun for example_subdag_operator.section-1 to None, run_after=None
[2026-05-30T11:40:25.634+0000] {logging_mixin.py:188} INFO - [2026-05-30T11:40:25.634+0000] {dag.py:3834} INFO - Setting next_dagrun for example_subdag_operator.section-2 to None, run_after=None
[2026-05-30T11:40:25.642+0000] {logging_mixin.py:188} INFO - [2026-05-30T11:40:25.642+0000] {dag.py:3047} INFO - Sync 2 DAGs
[2026-05-30T11:40:25.648+0000] {logging_mixin.py:188} INFO - [2026-05-30T11:40:25.648+0000] {dag.py:3834} INFO - Setting next_dagrun for example_subdag_operator.section-1 to None, run_after=None
[2026-05-30T11:40:25.649+0000] {logging_mixin.py:188} INFO - [2026-05-30T11:40:25.649+0000] {dag.py:3834} INFO - Setting next_dagrun for example_subdag_operator.section-2 to None, run_after=None
[2026-05-30T11:40:25.663+0000] {processor.py:183} INFO - Processing /home/airflow/.local/lib/python3.8/site-packages/airflow/example_dags/example_subdag_operator.py took 0.107 seconds
[2026-05-30T11:40:55.850+0000] {processor.py:161} INFO - Started process (PID=285) to work on /home/airflow/.local/lib/python3.8/site-packages/airflow/example_dags/example_subdag_operator.py
[2026-05-30T11:40:55.852+0000] {processor.py:830} INFO - Processing file /home/airflow/.local/lib/python3.8/site-packages/airflow/example_dags/example_subdag_operator.py for tasks to queue
[2026-05-30T11:40:55.855+0000] {logging_mixin.py:188} INFO - [2026-05-30T11:40:55.855+0000] {dagbag.py:540} INFO - Filling up the DagBag from /home/airflow/.local/lib/python3.8/site-packages/airflow/example_dags/example_subdag_operator.py
[2026-05-30T11:40:55.877+0000] {processor.py:840} INFO - DAG(s) 'example_subdag_operator.section-1', 'example_subdag_operator.section-2', 'example_subdag_operator' retrieved from /home/airflow/.local/lib/python3.8/site-packages/airflow/example_dags/example_subdag_operator.py
[2026-05-30T11:40:55.895+0000] {logging_mixin.py:188} INFO - [2026-05-30T11:40:55.894+0000] {dag.py:3047} INFO - Sync 3 DAGs
[2026-05-30T11:40:55.913+0000] {logging_mixin.py:188} INFO - [2026-05-30T11:40:55.912+0000] {dag.py:3834} INFO - Setting next_dagrun for example_subdag_operator to 2022-01-01 00:00:00+00:00, run_after=2022-01-01 00:00:00+00:00
[2026-05-30T11:40:55.917+0000] {logging_mixin.py:188} INFO - [2026-05-30T11:40:55.916+0000] {dag.py:3834} INFO - Setting next_dagrun for example_subdag_operator.section-1 to None, run_after=None
[2026-05-30T11:40:55.919+0000] {logging_mixin.py:188} INFO - [2026-05-30T11:40:55.919+0000] {dag.py:3834} INFO - Setting next_dagrun for example_subdag_operator.section-2 to None, run_after=None
[2026-05-30T11:40:55.927+0000] {logging_mixin.py:188} INFO - [2026-05-30T11:40:55.926+0000] {dag.py:3047} INFO - Sync 2 DAGs
[2026-05-30T11:40:55.932+0000] {logging_mixin.py:188} INFO - [2026-05-30T11:40:55.932+0000] {dag.py:3834} INFO - Setting next_dagrun for example_subdag_operator.section-1 to None, run_after=None
[2026-05-30T11:40:55.933+0000] {logging_mixin.py:188} INFO - [2026-05-30T11:40:55.933+0000] {dag.py:3834} INFO - Setting next_dagrun for example_subdag_operator.section-2 to None, run_after=None
[2026-05-30T11:40:55.949+0000] {processor.py:183} INFO - Processing /home/airflow/.local/lib/python3.8/site-packages/airflow/example_dags/example_subdag_operator.py took 0.102 seconds
[2026-05-30T11:41:26.061+0000] {processor.py:161} INFO - Started process (PID=340) to work on /home/airflow/.local/lib/python3.8/site-packages/airflow/example_dags/example_subdag_operator.py
[2026-05-30T11:41:26.062+0000] {processor.py:830} INFO - Processing file /home/airflow/.local/lib/python3.8/site-packages/airflow/example_dags/example_subdag_operator.py for tasks to queue
[2026-05-30T11:41:26.064+0000] {logging_mixin.py:188} INFO - [2026-05-30T11:41:26.064+0000] {dagbag.py:540} INFO - Filling up the DagBag from /home/airflow/.local/lib/python3.8/site-packages/airflow/example_dags/example_subdag_operator.py
[2026-05-30T11:41:26.084+0000] {processor.py:840} INFO - DAG(s) 'example_subdag_operator.section-1', 'example_subdag_operator.section-2', 'example_subdag_operator' retrieved from /home/airflow/.local/lib/python3.8/site-packages/airflow/example_dags/example_subdag_operator.py
[2026-05-30T11:41:26.096+0000] {logging_mixin.py:188} INFO - [2026-05-30T11:41:26.096+0000] {dag.py:3047} INFO - Sync 3 DAGs
[2026-05-30T11:41:26.111+0000] {logging_mixin.py:188} INFO - [2026-05-30T11:41:26.111+0000] {dag.py:3834} INFO - Setting next_dagrun for example_subdag_operator to 2022-01-01 00:00:00+00:00, run_after=2022-01-01 00:00:00+00:00
[2026-05-30T11:41:26.115+0000] {logging_mixin.py:188} INFO - [2026-05-30T11:41:26.115+0000] {dag.py:3834} INFO - Setting next_dagrun for example_subdag_operator.section-1 to None, run_after=None
[2026-05-30T11:41:26.117+0000] {logging_mixin.py:188} INFO - [2026-05-30T11:41:26.117+0000] {dag.py:3834} INFO - Setting next_dagrun for example_subdag_operator.section-2 to None, run_after=None
[2026-05-30T11:41:26.124+0000] {logging_mixin.py:188} INFO - [2026-05-30T11:41:26.124+0000] {dag.py:3047} INFO - Sync 2 DAGs
[2026-05-30T11:41:26.129+0000] {logging_mixin.py:188} INFO - [2026-05-30T11:41:26.129+0000] {dag.py:3834} INFO - Setting next_dagrun for example_subdag_operator.section-1 to None, run_after=None
[2026-05-30T11:41:26.132+0000] {logging_mixin.py:188} INFO - [2026-05-30T11:41:26.132+0000] {dag.py:3834} INFO - Setting next_dagrun for example_subdag_operator.section-2 to None, run_after=None
[2026-05-30T11:41:26.144+0000] {processor.py:183} INFO - Processing /home/airflow/.local/lib/python3.8/site-packages/airflow/example_dags/example_subdag_operator.py took 0.086 seconds
[2026-05-30T11:41:56.195+0000] {processor.py:161} INFO - Started process (PID=395) to work on /home/airflow/.local/lib/python3.8/site-packages/airflow/example_dags/example_subdag_operator.py
[2026-05-30T11:41:56.196+0000] {processor.py:830} INFO - Processing file /home/airflow/.local/lib/python3.8/site-packages/airflow/example_dags/example_subdag_operator.py for tasks to queue
[2026-05-30T11:41:56.199+0000] {logging_mixin.py:188} INFO - [2026-05-30T11:41:56.198+0000] {dagbag.py:540} INFO - Filling up the DagBag from /home/airflow/.local/lib/python3.8/site-packages/airflow/example_dags/example_subdag_operator.py
[2026-05-30T11:41:56.220+0000] {processor.py:840} INFO - DAG(s) 'example_subdag_operator.section-1', 'example_subdag_operator.section-2', 'example_subdag_operator' retrieved from /home/airflow/.local/lib/python3.8/site-packages/airflow/example_dags/example_subdag_operator.py
[2026-05-30T11:41:56.231+0000] {logging_mixin.py:188} INFO - [2026-05-30T11:41:56.231+0000] {dag.py:3047} INFO - Sync 3 DAGs
[2026-05-30T11:41:56.247+0000] {logging_mixin.py:188} INFO - [2026-05-30T11:41:56.246+0000] {dag.py:3834} INFO - Setting next_dagrun for example_subdag_operator to 2022-01-01 00:00:00+00:00, run_after=2022-01-01 00:00:00+00:00
[2026-05-30T11:41:56.249+0000] {logging_mixin.py:188} INFO - [2026-05-30T11:41:56.249+0000] {dag.py:3834} INFO - Setting next_dagrun for example_subdag_operator.section-1 to None, run_after=None
[2026-05-30T11:41:56.251+0000] {logging_mixin.py:188} INFO - [2026-05-30T11:41:56.251+0000] {dag.py:3834} INFO - Setting next_dagrun for example_subdag_operator.section-2 to None, run_after=None
[2026-05-30T11:41:56.257+0000] {logging_mixin.py:188} INFO - [2026-05-30T11:41:56.256+0000] {dag.py:3047} INFO - Sync 2 DAGs
[2026-05-30T11:41:56.261+0000] {logging_mixin.py:188} INFO - [2026-05-30T11:41:56.260+0000] {dag.py:3834} INFO - Setting next_dagrun for example_subdag_operator.section-1 to None, run_after=None
[2026-05-30T11:41:56.262+0000] {logging_mixin.py:188} INFO - [2026-05-30T11:41:56.261+0000] {dag.py:3834} INFO - Setting next_dagrun for example_subdag_operator.section-2 to None, run_after=None
[2026-05-30T11:41:56.276+0000] {processor.py:183} INFO - Processing /home/airflow/.local/lib/python3.8/site-packages/airflow/example_dags/example_subdag_operator.py took 0.085 seconds
[2026-05-30T11:42:27.181+0000] {processor.py:161} INFO - Started process (PID=450) to work on /home/airflow/.local/lib/python3.8/site-packages/airflow/example_dags/example_subdag_operator.py
[2026-05-30T11:42:27.183+0000] {processor.py:830} INFO - Processing file /home/airflow/.local/lib/python3.8/site-packages/airflow/example_dags/example_subdag_operator.py for tasks to queue
[2026-05-30T11:42:27.185+0000] {logging_mixin.py:188} INFO - [2026-05-30T11:42:27.185+0000] {dagbag.py:540} INFO - Filling up the DagBag from /home/airflow/.local/lib/python3.8/site-packages/airflow/example_dags/example_subdag_operator.py
[2026-05-30T11:42:27.211+0000] {processor.py:840} INFO - DAG(s) 'example_subdag_operator.section-1', 'example_subdag_operator.section-2', 'example_subdag_operator' retrieved from /home/airflow/.local/lib/python3.8/site-packages/airflow/example_dags/example_subdag_operator.py
[2026-05-30T11:42:27.229+0000] {logging_mixin.py:188} INFO - [2026-05-30T11:42:27.228+0000] {dag.py:3047} INFO - Sync 3 DAGs
[2026-05-30T11:42:27.256+0000] {logging_mixin.py:188} INFO - [2026-05-30T11:42:27.255+0000] {dag.py:3834} INFO - Setting next_dagrun for example_subdag_operator to 2022-01-01 00:00:00+00:00, run_after=2022-01-01 00:00:00+00:00
[2026-05-30T11:42:27.263+0000] {logging_mixin.py:188} INFO - [2026-05-30T11:42:27.263+0000] {dag.py:3834} INFO - Setting next_dagrun for example_subdag_operator.section-1 to None, run_after=None
[2026-05-30T11:42:27.265+0000] {logging_mixin.py:188} INFO - [2026-05-30T11:42:27.264+0000] {dag.py:3834} INFO - Setting next_dagrun for example_subdag_operator.section-2 to None, run_after=None
[2026-05-30T11:42:27.270+0000] {logging_mixin.py:188} INFO - [2026-05-30T11:42:27.270+0000] {dag.py:3047} INFO - Sync 2 DAGs
[2026-05-30T11:42:27.281+0000] {logging_mixin.py:188} INFO - [2026-05-30T11:42:27.281+0000] {dag.py:3834} INFO - Setting next_dagrun for example_subdag_operator.section-1 to None, run_after=None
[2026-05-30T11:42:27.282+0000] {logging_mixin.py:188} INFO - [2026-05-30T11:42:27.282+0000] {dag.py:3834} INFO - Setting next_dagrun for example_subdag_operator.section-2 to None, run_after=None
[2026-05-30T11:42:27.300+0000] {processor.py:183} INFO - Processing /home/airflow/.local/lib/python3.8/site-packages/airflow/example_dags/example_subdag_operator.py took 0.122 seconds
[2026-05-30T11:42:57.438+0000] {processor.py:161} INFO - Started process (PID=511) to work on /home/airflow/.local/lib/python3.8/site-packages/airflow/example_dags/example_subdag_operator.py
[2026-05-30T11:42:57.439+0000] {processor.py:830} INFO - Processing file /home/airflow/.local/lib/python3.8/site-packages/airflow/example_dags/example_subdag_operator.py for tasks to queue
[2026-05-30T11:42:57.441+0000] {logging_mixin.py:188} INFO - [2026-05-30T11:42:57.441+0000] {dagbag.py:540} INFO - Filling up the DagBag from /home/airflow/.local/lib/python3.8/site-packages/airflow/example_dags/example_subdag_operator.py
[2026-05-30T11:42:57.465+0000] {processor.py:840} INFO - DAG(s) 'example_subdag_operator.section-1', 'example_subdag_operator.section-2', 'example_subdag_operator' retrieved from /home/airflow/.local/lib/python3.8/site-packages/airflow/example_dags/example_subdag_operator.py
[2026-05-30T11:42:57.476+0000] {logging_mixin.py:188} INFO - [2026-05-30T11:42:57.476+0000] {dag.py:3047} INFO - Sync 3 DAGs
[2026-05-30T11:42:57.492+0000] {logging_mixin.py:188} INFO - [2026-05-30T11:42:57.492+0000] {dag.py:3834} INFO - Setting next_dagrun for example_subdag_operator to 2022-01-01 00:00:00+00:00, run_after=2022-01-01 00:00:00+00:00
[2026-05-30T11:42:57.495+0000] {logging_mixin.py:188} INFO - [2026-05-30T11:42:57.495+0000] {dag.py:3834} INFO - Setting next_dagrun for example_subdag_operator.section-1 to None, run_after=None
[2026-05-30T11:42:57.496+0000] {logging_mixin.py:188} INFO - [2026-05-30T11:42:57.496+0000] {dag.py:3834} INFO - Setting next_dagrun for example_subdag_operator.section-2 to None, run_after=None
[2026-05-30T11:42:57.502+0000] {logging_mixin.py:188} INFO - [2026-05-30T11:42:57.501+0000] {dag.py:3047} INFO - Sync 2 DAGs
[2026-05-30T11:42:57.505+0000] {logging_mixin.py:188} INFO - [2026-05-30T11:42:57.505+0000] {dag.py:3834} INFO - Setting next_dagrun for example_subdag_operator.section-1 to None, run_after=None
[2026-05-30T11:42:57.506+0000] {logging_mixin.py:188} INFO - [2026-05-30T11:42:57.506+0000] {dag.py:3834} INFO - Setting next_dagrun for example_subdag_operator.section-2 to None, run_after=None
[2026-05-30T11:42:57.515+0000] {processor.py:183} INFO - Processing /home/airflow/.local/lib/python3.8/site-packages/airflow/example_dags/example_subdag_operator.py took 0.079 seconds
[2026-05-30T11:43:28.213+0000] {processor.py:161} INFO - Started process (PID=566) to work on /home/airflow/.local/lib/python3.8/site-packages/airflow/example_dags/example_subdag_operator.py
[2026-05-30T11:43:28.216+0000] {processor.py:830} INFO - Processing file /home/airflow/.local/lib/python3.8/site-packages/airflow/example_dags/example_subdag_operator.py for tasks to queue
[2026-05-30T11:43:28.219+0000] {logging_mixin.py:188} INFO - [2026-05-30T11:43:28.218+0000] {dagbag.py:540} INFO - Filling up the DagBag from /home/airflow/.local/lib/python3.8/site-packages/airflow/example_dags/example_subdag_operator.py
[2026-05-30T11:43:28.241+0000] {processor.py:840} INFO - DAG(s) 'example_subdag_operator.section-1', 'example_subdag_operator.section-2', 'example_subdag_operator' retrieved from /home/airflow/.local/lib/python3.8/site-packages/airflow/example_dags/example_subdag_operator.py
[2026-05-30T11:43:28.255+0000] {logging_mixin.py:188} INFO - [2026-05-30T11:43:28.255+0000] {dag.py:3047} INFO - Sync 3 DAGs
[2026-05-30T11:43:28.275+0000] {logging_mixin.py:188} INFO - [2026-05-30T11:43:28.275+0000] {dag.py:3834} INFO - Setting next_dagrun for example_subdag_operator to 2022-01-01 00:00:00+00:00, run_after=2022-01-01 00:00:00+00:00
[2026-05-30T11:43:28.279+0000] {logging_mixin.py:188} INFO - [2026-05-30T11:43:28.278+0000] {dag.py:3834} INFO - Setting next_dagrun for example_subdag_operator.section-1 to None, run_after=None
[2026-05-30T11:43:28.280+0000] {logging_mixin.py:188} INFO - [2026-05-30T11:43:28.280+0000] {dag.py:3834} INFO - Setting next_dagrun for example_subdag_operator.section-2 to None, run_after=None
[2026-05-30T11:43:28.291+0000] {logging_mixin.py:188} INFO - [2026-05-30T11:43:28.290+0000] {dag.py:3047} INFO - Sync 2 DAGs
[2026-05-30T11:43:28.298+0000] {logging_mixin.py:188} INFO - [2026-05-30T11:43:28.298+0000] {dag.py:3834} INFO - Setting next_dagrun for example_subdag_operator.section-1 to None, run_after=None
[2026-05-30T11:43:28.300+0000] {logging_mixin.py:188} INFO - [2026-05-30T11:43:28.299+0000] {dag.py:3834} INFO - Setting next_dagrun for example_subdag_operator.section-2 to None, run_after=None
[2026-05-30T11:43:28.312+0000] {processor.py:183} INFO - Processing /home/airflow/.local/lib/python3.8/site-packages/airflow/example_dags/example_subdag_operator.py took 0.102 seconds
[2026-05-30T11:43:58.520+0000] {processor.py:161} INFO - Started process (PID=621) to work on /home/airflow/.local/lib/python3.8/site-packages/airflow/example_dags/example_subdag_operator.py
[2026-05-30T11:43:58.522+0000] {processor.py:830} INFO - Processing file /home/airflow/.local/lib/python3.8/site-packages/airflow/example_dags/example_subdag_operator.py for tasks to queue
[2026-05-30T11:43:58.524+0000] {logging_mixin.py:188} INFO - [2026-05-30T11:43:58.523+0000] {dagbag.py:540} INFO - Filling up the DagBag from /home/airflow/.local/lib/python3.8/site-packages/airflow/example_dags/example_subdag_operator.py
[2026-05-30T11:43:58.543+0000] {processor.py:840} INFO - DAG(s) 'example_subdag_operator.section-1', 'example_subdag_operator.section-2', 'example_subdag_operator' retrieved from /home/airflow/.local/lib/python3.8/site-packages/airflow/example_dags/example_subdag_operator.py
[2026-05-30T11:43:58.555+0000] {logging_mixin.py:188} INFO - [2026-05-30T11:43:58.555+0000] {dag.py:3047} INFO - Sync 3 DAGs
[2026-05-30T11:43:58.575+0000] {logging_mixin.py:188} INFO - [2026-05-30T11:43:58.575+0000] {dag.py:3834} INFO - Setting next_dagrun for example_subdag_operator to 2022-01-01 00:00:00+00:00, run_after=2022-01-01 00:00:00+00:00
[2026-05-30T11:43:58.578+0000] {logging_mixin.py:188} INFO - [2026-05-30T11:43:58.578+0000] {dag.py:3834} INFO - Setting next_dagrun for example_subdag_operator.section-1 to None, run_after=None
[2026-05-30T11:43:58.580+0000] {logging_mixin.py:188} INFO - [2026-05-30T11:43:58.580+0000] {dag.py:3834} INFO - Setting next_dagrun for example_subdag_operator.section-2 to None, run_after=None
[2026-05-30T11:43:58.587+0000] {logging_mixin.py:188} INFO - [2026-05-30T11:43:58.587+0000] {dag.py:3047} INFO - Sync 2 DAGs
[2026-05-30T11:43:58.595+0000] {logging_mixin.py:188} INFO - [2026-05-30T11:43:58.595+0000] {dag.py:3834} INFO - Setting next_dagrun for example_subdag_operator.section-1 to None, run_after=None
[2026-05-30T11:43:58.596+0000] {logging_mixin.py:188} INFO - [2026-05-30T11:43:58.596+0000] {dag.py:3834} INFO - Setting next_dagrun for example_subdag_operator.section-2 to None, run_after=None
[2026-05-30T11:43:58.607+0000] {processor.py:183} INFO - Processing /home/airflow/.local/lib/python3.8/site-packages/airflow/example_dags/example_subdag_operator.py took 0.089 seconds
[2026-05-30T11:44:29.114+0000] {processor.py:161} INFO - Started process (PID=676) to work on /home/airflow/.local/lib/python3.8/site-packages/airflow/example_dags/example_subdag_operator.py
[2026-05-30T11:44:29.115+0000] {processor.py:830} INFO - Processing file /home/airflow/.local/lib/python3.8/site-packages/airflow/example_dags/example_subdag_operator.py for tasks to queue
[2026-05-30T11:44:29.117+0000] {logging_mixin.py:188} INFO - [2026-05-30T11:44:29.117+0000] {dagbag.py:540} INFO - Filling up the DagBag from /home/airflow/.local/lib/python3.8/site-packages/airflow/example_dags/example_subdag_operator.py
[2026-05-30T11:44:29.137+0000] {processor.py:840} INFO - DAG(s) 'example_subdag_operator.section-1', 'example_subdag_operator.section-2', 'example_subdag_operator' retrieved from /home/airflow/.local/lib/python3.8/site-packages/airflow/example_dags/example_subdag_operator.py
[2026-05-30T11:44:29.148+0000] {logging_mixin.py:188} INFO - [2026-05-30T11:44:29.148+0000] {dag.py:3047} INFO - Sync 3 DAGs
[2026-05-30T11:44:29.167+0000] {logging_mixin.py:188} INFO - [2026-05-30T11:44:29.167+0000] {dag.py:3834} INFO - Setting next_dagrun for example_subdag_operator to 2022-01-01 00:00:00+00:00, run_after=2022-01-01 00:00:00+00:00
[2026-05-30T11:44:29.171+0000] {logging_mixin.py:188} INFO - [2026-05-30T11:44:29.171+0000] {dag.py:3834} INFO - Setting next_dagrun for example_subdag_operator.section-1 to None, run_after=None
[2026-05-30T11:44:29.173+0000] {logging_mixin.py:188} INFO - [2026-05-30T11:44:29.173+0000] {dag.py:3834} INFO - Setting next_dagrun for example_subdag_operator.section-2 to None, run_after=None
[2026-05-30T11:44:29.179+0000] {logging_mixin.py:188} INFO - [2026-05-30T11:44:29.179+0000] {dag.py:3047} INFO - Sync 2 DAGs
[2026-05-30T11:44:29.184+0000] {logging_mixin.py:188} INFO - [2026-05-30T11:44:29.184+0000] {dag.py:3834} INFO - Setting next_dagrun for example_subdag_operator.section-1 to None, run_after=None
[2026-05-30T11:44:29.185+0000] {logging_mixin.py:188} INFO - [2026-05-30T11:44:29.185+0000] {dag.py:3834} INFO - Setting next_dagrun for example_subdag_operator.section-2 to None, run_after=None
[2026-05-30T11:44:29.196+0000] {processor.py:183} INFO - Processing /home/airflow/.local/lib/python3.8/site-packages/airflow/example_dags/example_subdag_operator.py took 0.085 seconds
[2026-05-30T11:44:59.607+0000] {processor.py:161} INFO - Started process (PID=731) to work on /home/airflow/.local/lib/python3.8/site-packages/airflow/example_dags/example_subdag_operator.py
[2026-05-30T11:44:59.608+0000] {processor.py:830} INFO - Processing file /home/airflow/.local/lib/python3.8/site-packages/airflow/example_dags/example_subdag_operator.py for tasks to queue
[2026-05-30T11:44:59.610+0000] {logging_mixin.py:188} INFO - [2026-05-30T11:44:59.610+0000] {dagbag.py:540} INFO - Filling up the DagBag from /home/airflow/.local/lib/python3.8/site-packages/airflow/example_dags/example_subdag_operator.py
[2026-05-30T11:44:59.637+0000] {processor.py:840} INFO - DAG(s) 'example_subdag_operator.section-1', 'example_subdag_operator.section-2', 'example_subdag_operator' retrieved from /home/airflow/.local/lib/python3.8/site-packages/airflow/example_dags/example_subdag_operator.py
[2026-05-30T11:44:59.652+0000] {logging_mixin.py:188} INFO - [2026-05-30T11:44:59.652+0000] {dag.py:3047} INFO - Sync 3 DAGs
[2026-05-30T11:44:59.670+0000] {logging_mixin.py:188} INFO - [2026-05-30T11:44:59.670+0000] {dag.py:3834} INFO - Setting next_dagrun for example_subdag_operator to 2022-01-01 00:00:00+00:00, run_after=2022-01-01 00:00:00+00:00
[2026-05-30T11:44:59.673+0000] {logging_mixin.py:188} INFO - [2026-05-30T11:44:59.673+0000] {dag.py:3834} INFO - Setting next_dagrun for example_subdag_operator.section-1 to None, run_after=None
[2026-05-30T11:44:59.675+0000] {logging_mixin.py:188} INFO - [2026-05-30T11:44:59.675+0000] {dag.py:3834} INFO - Setting next_dagrun for example_subdag_operator.section-2 to None, run_after=None
[2026-05-30T11:44:59.681+0000] {logging_mixin.py:188} INFO - [2026-05-30T11:44:59.681+0000] {dag.py:3047} INFO - Sync 2 DAGs
[2026-05-30T11:44:59.685+0000] {logging_mixin.py:188} INFO - [2026-05-30T11:44:59.685+0000] {dag.py:3834} INFO - Setting next_dagrun for example_subdag_operator.section-1 to None, run_after=None
[2026-05-30T11:44:59.686+0000] {logging_mixin.py:188} INFO - [2026-05-30T11:44:59.686+0000] {dag.py:3834} INFO - Setting next_dagrun for example_subdag_operator.section-2 to None, run_after=None
[2026-05-30T11:44:59.700+0000] {processor.py:183} INFO - Processing /home/airflow/.local/lib/python3.8/site-packages/airflow/example_dags/example_subdag_operator.py took 0.097 seconds
[2026-05-30T11:45:30.049+0000] {processor.py:161} INFO - Started process (PID=786) to work on /home/airflow/.local/lib/python3.8/site-packages/airflow/example_dags/example_subdag_operator.py
[2026-05-30T11:45:30.050+0000] {processor.py:830} INFO - Processing file /home/airflow/.local/lib/python3.8/site-packages/airflow/example_dags/example_subdag_operator.py for tasks to queue
[2026-05-30T11:45:30.052+0000] {logging_mixin.py:188} INFO - [2026-05-30T11:45:30.052+0000] {dagbag.py:540} INFO - Filling up the DagBag from /home/airflow/.local/lib/python3.8/site-packages/airflow/example_dags/example_subdag_operator.py
[2026-05-30T11:45:30.070+0000] {processor.py:840} INFO - DAG(s) 'example_subdag_operator.section-1', 'example_subdag_operator.section-2', 'example_subdag_operator' retrieved from /home/airflow/.local/lib/python3.8/site-packages/airflow/example_dags/example_subdag_operator.py
[2026-05-30T11:45:30.081+0000] {logging_mixin.py:188} INFO - [2026-05-30T11:45:30.081+0000] {dag.py:3047} INFO - Sync 3 DAGs
[2026-05-30T11:45:30.097+0000] {logging_mixin.py:188} INFO - [2026-05-30T11:45:30.097+0000] {dag.py:3834} INFO - Setting next_dagrun for example_subdag_operator to 2022-01-01 00:00:00+00:00, run_after=2022-01-01 00:00:00+00:00
[2026-05-30T11:45:30.100+0000] {logging_mixin.py:188} INFO - [2026-05-30T11:45:30.100+0000] {dag.py:3834} INFO - Setting next_dagrun for example_subdag_operator.section-1 to None, run_after=None
[2026-05-30T11:45:30.102+0000] {logging_mixin.py:188} INFO - [2026-05-30T11:45:30.101+0000] {dag.py:3834} INFO - Setting next_dagrun for example_subdag_operator.section-2 to None, run_after=None
[2026-05-30T11:45:30.107+0000] {logging_mixin.py:188} INFO - [2026-05-30T11:45:30.107+0000] {dag.py:3047} INFO - Sync 2 DAGs
[2026-05-30T11:45:30.111+0000] {logging_mixin.py:188} INFO - [2026-05-30T11:45:30.110+0000] {dag.py:3834} INFO - Setting next_dagrun for example_subdag_operator.section-1 to None, run_after=None
[2026-05-30T11:45:30.111+0000] {logging_mixin.py:188} INFO - [2026-05-30T11:45:30.111+0000] {dag.py:3834} INFO - Setting next_dagrun for example_subdag_operator.section-2 to None, run_after=None
[2026-05-30T11:45:30.119+0000] {processor.py:183} INFO - Processing /home/airflow/.local/lib/python3.8/site-packages/airflow/example_dags/example_subdag_operator.py took 0.073 seconds
[2026-05-30T11:46:00.221+0000] {processor.py:161} INFO - Started process (PID=841) to work on /home/airflow/.local/lib/python3.8/site-packages/airflow/example_dags/example_subdag_operator.py
[2026-05-30T11:46:00.222+0000] {processor.py:830} INFO - Processing file /home/airflow/.local/lib/python3.8/site-packages/airflow/example_dags/example_subdag_operator.py for tasks to queue
[2026-05-30T11:46:00.224+0000] {logging_mixin.py:188} INFO - [2026-05-30T11:46:00.223+0000] {dagbag.py:540} INFO - Filling up the DagBag from /home/airflow/.local/lib/python3.8/site-packages/airflow/example_dags/example_subdag_operator.py
[2026-05-30T11:46:00.242+0000] {processor.py:840} INFO - DAG(s) 'example_subdag_operator.section-1', 'example_subdag_operator.section-2', 'example_subdag_operator' retrieved from /home/airflow/.local/lib/python3.8/site-packages/airflow/example_dags/example_subdag_operator.py
[2026-05-30T11:46:00.253+0000] {logging_mixin.py:188} INFO - [2026-05-30T11:46:00.253+0000] {dag.py:3047} INFO - Sync 3 DAGs
[2026-05-30T11:46:00.269+0000] {logging_mixin.py:188} INFO - [2026-05-30T11:46:00.268+0000] {dag.py:3834} INFO - Setting next_dagrun for example_subdag_operator to 2022-01-01 00:00:00+00:00, run_after=2022-01-01 00:00:00+00:00
[2026-05-30T11:46:00.272+0000] {logging_mixin.py:188} INFO - [2026-05-30T11:46:00.272+0000] {dag.py:3834} INFO - Setting next_dagrun for example_subdag_operator.section-1 to None, run_after=None
[2026-05-30T11:46:00.274+0000] {logging_mixin.py:188} INFO - [2026-05-30T11:46:00.274+0000] {dag.py:3834} INFO - Setting next_dagrun for example_subdag_operator.section-2 to None, run_after=None
[2026-05-30T11:46:00.281+0000] {logging_mixin.py:188} INFO - [2026-05-30T11:46:00.281+0000] {dag.py:3047} INFO - Sync 2 DAGs
[2026-05-30T11:46:00.286+0000] {logging_mixin.py:188} INFO - [2026-05-30T11:46:00.286+0000] {dag.py:3834} INFO - Setting next_dagrun for example_subdag_operator.section-1 to None, run_after=None
[2026-05-30T11:46:00.287+0000] {logging_mixin.py:188} INFO - [2026-05-30T11:46:00.287+0000] {dag.py:3834} INFO - Setting next_dagrun for example_subdag_operator.section-2 to None, run_after=None
[2026-05-30T11:46:00.296+0000] {processor.py:183} INFO - Processing /home/airflow/.local/lib/python3.8/site-packages/airflow/example_dags/example_subdag_operator.py took 0.079 seconds
[2026-05-30T11:46:30.777+0000] {processor.py:161} INFO - Started process (PID=896) to work on /home/airflow/.local/lib/python3.8/site-packages/airflow/example_dags/example_subdag_operator.py
[2026-05-30T11:46:30.778+0000] {processor.py:830} INFO - Processing file /home/airflow/.local/lib/python3.8/site-packages/airflow/example_dags/example_subdag_operator.py for tasks to queue
[2026-05-30T11:46:30.780+0000] {logging_mixin.py:188} INFO - [2026-05-30T11:46:30.780+0000] {dagbag.py:540} INFO - Filling up the DagBag from /home/airflow/.local/lib/python3.8/site-packages/airflow/example_dags/example_subdag_operator.py
[2026-05-30T11:46:30.802+0000] {processor.py:840} INFO - DAG(s) 'example_subdag_operator.section-1', 'example_subdag_operator.section-2', 'example_subdag_operator' retrieved from /home/airflow/.local/lib/python3.8/site-packages/airflow/example_dags/example_subdag_operator.py
[2026-05-30T11:46:30.814+0000] {logging_mixin.py:188} INFO - [2026-05-30T11:46:30.814+0000] {dag.py:3047} INFO - Sync 3 DAGs
[2026-05-30T11:46:30.832+0000] {logging_mixin.py:188} INFO - [2026-05-30T11:46:30.832+0000] {dag.py:3834} INFO - Setting next_dagrun for example_subdag_operator to 2022-01-01 00:00:00+00:00, run_after=2022-01-01 00:00:00+00:00
[2026-05-30T11:46:30.837+0000] {logging_mixin.py:188} INFO - [2026-05-30T11:46:30.837+0000] {dag.py:3834} INFO - Setting next_dagrun for example_subdag_operator.section-1 to None, run_after=None
[2026-05-30T11:46:30.839+0000] {logging_mixin.py:188} INFO - [2026-05-30T11:46:30.839+0000] {dag.py:3834} INFO - Setting next_dagrun for example_subdag_operator.section-2 to None, run_after=None
[2026-05-30T11:46:30.845+0000] {logging_mixin.py:188} INFO - [2026-05-30T11:46:30.845+0000] {dag.py:3047} INFO - Sync 2 DAGs
[2026-05-30T11:46:30.849+0000] {logging_mixin.py:188} INFO - [2026-05-30T11:46:30.849+0000] {dag.py:3834} INFO - Setting next_dagrun for example_subdag_operator.section-1 to None, run_after=None
[2026-05-30T11:46:30.850+0000] {logging_mixin.py:188} INFO - [2026-05-30T11:46:30.850+0000] {dag.py:3834} INFO - Setting next_dagrun for example_subdag_operator.section-2 to None, run_after=None
[2026-05-30T11:46:30.862+0000] {processor.py:183} INFO - Processing /home/airflow/.local/lib/python3.8/site-packages/airflow/example_dags/example_subdag_operator.py took 0.088 seconds
[2026-05-30T11:47:01.260+0000] {processor.py:161} INFO - Started process (PID=950) to work on /home/airflow/.local/lib/python3.8/site-packages/airflow/example_dags/example_subdag_operator.py
[2026-05-30T11:47:01.261+0000] {processor.py:830} INFO - Processing file /home/airflow/.local/lib/python3.8/site-packages/airflow/example_dags/example_subdag_operator.py for tasks to queue
[2026-05-30T11:47:01.262+0000] {logging_mixin.py:188} INFO - [2026-05-30T11:47:01.262+0000] {dagbag.py:540} INFO - Filling up the DagBag from /home/airflow/.local/lib/python3.8/site-packages/airflow/example_dags/example_subdag_operator.py
[2026-05-30T11:47:01.283+0000] {processor.py:840} INFO - DAG(s) 'example_subdag_operator.section-1', 'example_subdag_operator.section-2', 'example_subdag_operator' retrieved from /home/airflow/.local/lib/python3.8/site-packages/airflow/example_dags/example_subdag_operator.py
[2026-05-30T11:47:01.296+0000] {logging_mixin.py:188} INFO - [2026-05-30T11:47:01.296+0000] {dag.py:3047} INFO - Sync 3 DAGs
[2026-05-30T11:47:01.313+0000] {logging_mixin.py:188} INFO - [2026-05-30T11:47:01.313+0000] {dag.py:3834} INFO - Setting next_dagrun for example_subdag_operator to 2022-01-01 00:00:00+00:00, run_after=2022-01-01 00:00:00+00:00
[2026-05-30T11:47:01.316+0000] {logging_mixin.py:188} INFO - [2026-05-30T11:47:01.316+0000] {dag.py:3834} INFO - Setting next_dagrun for example_subdag_operator.section-1 to None, run_after=None
[2026-05-30T11:47:01.318+0000] {logging_mixin.py:188} INFO - [2026-05-30T11:47:01.318+0000] {dag.py:3834} INFO - Setting next_dagrun for example_subdag_operator.section-2 to None, run_after=None
[2026-05-30T11:47:01.323+0000] {logging_mixin.py:188} INFO - [2026-05-30T11:47:01.323+0000] {dag.py:3047} INFO - Sync 2 DAGs
[2026-05-30T11:47:01.330+0000] {logging_mixin.py:188} INFO - [2026-05-30T11:47:01.329+0000] {dag.py:3834} INFO - Setting next_dagrun for example_subdag_operator.section-1 to None, run_after=None
[2026-05-30T11:47:01.330+0000] {logging_mixin.py:188} INFO - [2026-05-30T11:47:01.330+0000] {dag.py:3834} INFO - Setting next_dagrun for example_subdag_operator.section-2 to None, run_after=None
[2026-05-30T11:47:01.342+0000] {processor.py:183} INFO - Processing /home/airflow/.local/lib/python3.8/site-packages/airflow/example_dags/example_subdag_operator.py took 0.085 seconds
[2026-05-30T11:47:31.510+0000] {processor.py:161} INFO - Started process (PID=1006) to work on /home/airflow/.local/lib/python3.8/site-packages/airflow/example_dags/example_subdag_operator.py
[2026-05-30T11:47:31.512+0000] {processor.py:830} INFO - Processing file /home/airflow/.local/lib/python3.8/site-packages/airflow/example_dags/example_subdag_operator.py for tasks to queue
[2026-05-30T11:47:31.514+0000] {logging_mixin.py:188} INFO - [2026-05-30T11:47:31.513+0000] {dagbag.py:540} INFO - Filling up the DagBag from /home/airflow/.local/lib/python3.8/site-packages/airflow/example_dags/example_subdag_operator.py
[2026-05-30T11:47:31.533+0000] {processor.py:840} INFO - DAG(s) 'example_subdag_operator.section-1', 'example_subdag_operator.section-2', 'example_subdag_operator' retrieved from /home/airflow/.local/lib/python3.8/site-packages/airflow/example_dags/example_subdag_operator.py
[2026-05-30T11:47:31.543+0000] {logging_mixin.py:188} INFO - [2026-05-30T11:47:31.543+0000] {dag.py:3047} INFO - Sync 3 DAGs
[2026-05-30T11:47:31.557+0000] {logging_mixin.py:188} INFO - [2026-05-30T11:47:31.557+0000] {dag.py:3834} INFO - Setting next_dagrun for example_subdag_operator to 2022-01-01 00:00:00+00:00, run_after=2022-01-01 00:00:00+00:00
[2026-05-30T11:47:31.560+0000] {logging_mixin.py:188} INFO - [2026-05-30T11:47:31.560+0000] {dag.py:3834} INFO - Setting next_dagrun for example_subdag_operator.section-1 to None, run_after=None
[2026-05-30T11:47:31.562+0000] {logging_mixin.py:188} INFO - [2026-05-30T11:47:31.562+0000] {dag.py:3834} INFO - Setting next_dagrun for example_subdag_operator.section-2 to None, run_after=None
[2026-05-30T11:47:31.567+0000] {logging_mixin.py:188} INFO - [2026-05-30T11:47:31.567+0000] {dag.py:3047} INFO - Sync 2 DAGs
[2026-05-30T11:47:31.571+0000] {logging_mixin.py:188} INFO - [2026-05-30T11:47:31.571+0000] {dag.py:3834} INFO - Setting next_dagrun for example_subdag_operator.section-1 to None, run_after=None
[2026-05-30T11:47:31.572+0000] {logging_mixin.py:188} INFO - [2026-05-30T11:47:31.572+0000] {dag.py:3834} INFO - Setting next_dagrun for example_subdag_operator.section-2 to None, run_after=None
[2026-05-30T11:47:31.585+0000] {processor.py:183} INFO - Processing /home/airflow/.local/lib/python3.8/site-packages/airflow/example_dags/example_subdag_operator.py took 0.077 seconds
[2026-05-30T11:48:01.975+0000] {processor.py:161} INFO - Started process (PID=1061) to work on /home/airflow/.local/lib/python3.8/site-packages/airflow/example_dags/example_subdag_operator.py
[2026-05-30T11:48:01.977+0000] {processor.py:830} INFO - Processing file /home/airflow/.local/lib/python3.8/site-packages/airflow/example_dags/example_subdag_operator.py for tasks to queue
[2026-05-30T11:48:01.979+0000] {logging_mixin.py:188} INFO - [2026-05-30T11:48:01.979+0000] {dagbag.py:540} INFO - Filling up the DagBag from /home/airflow/.local/lib/python3.8/site-packages/airflow/example_dags/example_subdag_operator.py
[2026-05-30T11:48:02.002+0000] {processor.py:840} INFO - DAG(s) 'example_subdag_operator.section-1', 'example_subdag_operator.section-2', 'example_subdag_operator' retrieved from /home/airflow/.local/lib/python3.8/site-packages/airflow/example_dags/example_subdag_operator.py
[2026-05-30T11:48:02.015+0000] {logging_mixin.py:188} INFO - [2026-05-30T11:48:02.015+0000] {dag.py:3047} INFO - Sync 3 DAGs
[2026-05-30T11:48:02.032+0000] {logging_mixin.py:188} INFO - [2026-05-30T11:48:02.032+0000] {dag.py:3834} INFO - Setting next_dagrun for example_subdag_operator to 2022-01-01 00:00:00+00:00, run_after=2022-01-01 00:00:00+00:00
[2026-05-30T11:48:02.035+0000] {logging_mixin.py:188} INFO - [2026-05-30T11:48:02.035+0000] {dag.py:3834} INFO - Setting next_dagrun for example_subdag_operator.section-1 to None, run_after=None
[2026-05-30T11:48:02.038+0000] {logging_mixin.py:188} INFO - [2026-05-30T11:48:02.037+0000] {dag.py:3834} INFO - Setting next_dagrun for example_subdag_operator.section-2 to None, run_after=None
[2026-05-30T11:48:02.044+0000] {logging_mixin.py:188} INFO - [2026-05-30T11:48:02.044+0000] {dag.py:3047} INFO - Sync 2 DAGs
[2026-05-30T11:48:02.049+0000] {logging_mixin.py:188} INFO - [2026-05-30T11:48:02.048+0000] {dag.py:3834} INFO - Setting next_dagrun for example_subdag_operator.section-1 to None, run_after=None
[2026-05-30T11:48:02.050+0000] {logging_mixin.py:188} INFO - [2026-05-30T11:48:02.050+0000] {dag.py:3834} INFO - Setting next_dagrun for example_subdag_operator.section-2 to None, run_after=None
[2026-05-30T11:48:02.066+0000] {processor.py:183} INFO - Processing /home/airflow/.local/lib/python3.8/site-packages/airflow/example_dags/example_subdag_operator.py took 0.093 seconds
[2026-05-30T11:48:32.434+0000] {processor.py:161} INFO - Started process (PID=1116) to work on /home/airflow/.local/lib/python3.8/site-packages/airflow/example_dags/example_subdag_operator.py
[2026-05-30T11:48:32.436+0000] {processor.py:830} INFO - Processing file /home/airflow/.local/lib/python3.8/site-packages/airflow/example_dags/example_subdag_operator.py for tasks to queue
[2026-05-30T11:48:32.438+0000] {logging_mixin.py:188} INFO - [2026-05-30T11:48:32.437+0000] {dagbag.py:540} INFO - Filling up the DagBag from /home/airflow/.local/lib/python3.8/site-packages/airflow/example_dags/example_subdag_operator.py
[2026-05-30T11:48:32.460+0000] {processor.py:840} INFO - DAG(s) 'example_subdag_operator.section-1', 'example_subdag_operator.section-2', 'example_subdag_operator' retrieved from /home/airflow/.local/lib/python3.8/site-packages/airflow/example_dags/example_subdag_operator.py
[2026-05-30T11:48:32.472+0000] {logging_mixin.py:188} INFO - [2026-05-30T11:48:32.472+0000] {dag.py:3047} INFO - Sync 3 DAGs
[2026-05-30T11:48:32.489+0000] {logging_mixin.py:188} INFO - [2026-05-30T11:48:32.489+0000] {dag.py:3834} INFO - Setting next_dagrun for example_subdag_operator to 2022-01-01 00:00:00+00:00, run_after=2022-01-01 00:00:00+00:00
[2026-05-30T11:48:32.492+0000] {logging_mixin.py:188} INFO - [2026-05-30T11:48:32.492+0000] {dag.py:3834} INFO - Setting next_dagrun for example_subdag_operator.section-1 to None, run_after=None
[2026-05-30T11:48:32.494+0000] {logging_mixin.py:188} INFO - [2026-05-30T11:48:32.494+0000] {dag.py:3834} INFO - Setting next_dagrun for example_subdag_operator.section-2 to None, run_after=None
[2026-05-30T11:48:32.500+0000] {logging_mixin.py:188} INFO - [2026-05-30T11:48:32.500+0000] {dag.py:3047} INFO - Sync 2 DAGs
[2026-05-30T11:48:32.504+0000] {logging_mixin.py:188} INFO - [2026-05-30T11:48:32.504+0000] {dag.py:3834} INFO - Setting next_dagrun for example_subdag_operator.section-1 to None, run_after=None
[2026-05-30T11:48:32.505+0000] {logging_mixin.py:188} INFO - [2026-05-30T11:48:32.505+0000] {dag.py:3834} INFO - Setting next_dagrun for example_subdag_operator.section-2 to None, run_after=None
[2026-05-30T11:48:32.517+0000] {processor.py:183} INFO - Processing /home/airflow/.local/lib/python3.8/site-packages/airflow/example_dags/example_subdag_operator.py took 0.086 seconds
[2026-05-30T11:49:02.890+0000] {processor.py:161} INFO - Started process (PID=1170) to work on /home/airflow/.local/lib/python3.8/site-packages/airflow/example_dags/example_subdag_operator.py
[2026-05-30T11:49:02.892+0000] {processor.py:830} INFO - Processing file /home/airflow/.local/lib/python3.8/site-packages/airflow/example_dags/example_subdag_operator.py for tasks to queue
[2026-05-30T11:49:02.896+0000] {logging_mixin.py:188} INFO - [2026-05-30T11:49:02.896+0000] {dagbag.py:540} INFO - Filling up the DagBag from /home/airflow/.local/lib/python3.8/site-packages/airflow/example_dags/example_subdag_operator.py
[2026-05-30T11:49:02.930+0000] {processor.py:840} INFO - DAG(s) 'example_subdag_operator.section-1', 'example_subdag_operator.section-2', 'example_subdag_operator' retrieved from /home/airflow/.local/lib/python3.8/site-packages/airflow/example_dags/example_subdag_operator.py
[2026-05-30T11:49:02.949+0000] {logging_mixin.py:188} INFO - [2026-05-30T11:49:02.949+0000] {dag.py:3047} INFO - Sync 3 DAGs
[2026-05-30T11:49:02.979+0000] {logging_mixin.py:188} INFO - [2026-05-30T11:49:02.979+0000] {dag.py:3834} INFO - Setting next_dagrun for example_subdag_operator to 2022-01-01 00:00:00+00:00, run_after=2022-01-01 00:00:00+00:00
[2026-05-30T11:49:02.983+0000] {logging_mixin.py:188} INFO - [2026-05-30T11:49:02.983+0000] {dag.py:3834} INFO - Setting next_dagrun for example_subdag_operator.section-1 to None, run_after=None
[2026-05-30T11:49:02.985+0000] {logging_mixin.py:188} INFO - [2026-05-30T11:49:02.985+0000] {dag.py:3834} INFO - Setting next_dagrun for example_subdag_operator.section-2 to None, run_after=None
[2026-05-30T11:49:02.996+0000] {logging_mixin.py:188} INFO - [2026-05-30T11:49:02.995+0000] {dag.py:3047} INFO - Sync 2 DAGs
[2026-05-30T11:49:03.002+0000] {logging_mixin.py:188} INFO - [2026-05-30T11:49:03.001+0000] {dag.py:3834} INFO - Setting next_dagrun for example_subdag_operator.section-1 to None, run_after=None
[2026-05-30T11:49:03.003+0000] {logging_mixin.py:188} INFO - [2026-05-30T11:49:03.003+0000] {dag.py:3834} INFO - Setting next_dagrun for example_subdag_operator.section-2 to None, run_after=None
[2026-05-30T11:49:03.022+0000] {processor.py:183} INFO - Processing /home/airflow/.local/lib/python3.8/site-packages/airflow/example_dags/example_subdag_operator.py took 0.136 seconds
[2026-05-30T11:49:33.194+0000] {processor.py:161} INFO - Started process (PID=1225) to work on /home/airflow/.local/lib/python3.8/site-packages/airflow/example_dags/example_subdag_operator.py
[2026-05-30T11:49:33.195+0000] {processor.py:830} INFO - Processing file /home/airflow/.local/lib/python3.8/site-packages/airflow/example_dags/example_subdag_operator.py for tasks to queue
[2026-05-30T11:49:33.198+0000] {logging_mixin.py:188} INFO - [2026-05-30T11:49:33.197+0000] {dagbag.py:540} INFO - Filling up the DagBag from /home/airflow/.local/lib/python3.8/site-packages/airflow/example_dags/example_subdag_operator.py
[2026-05-30T11:49:33.222+0000] {processor.py:840} INFO - DAG(s) 'example_subdag_operator.section-1', 'example_subdag_operator.section-2', 'example_subdag_operator' retrieved from /home/airflow/.local/lib/python3.8/site-packages/airflow/example_dags/example_subdag_operator.py
[2026-05-30T11:49:33.235+0000] {logging_mixin.py:188} INFO - [2026-05-30T11:49:33.235+0000] {dag.py:3047} INFO - Sync 3 DAGs
[2026-05-30T11:49:33.256+0000] {logging_mixin.py:188} INFO - [2026-05-30T11:49:33.256+0000] {dag.py:3834} INFO - Setting next_dagrun for example_subdag_operator to 2022-01-01 00:00:00+00:00, run_after=2022-01-01 00:00:00+00:00
[2026-05-30T11:49:33.261+0000] {logging_mixin.py:188} INFO - [2026-05-30T11:49:33.261+0000] {dag.py:3834} INFO - Setting next_dagrun for example_subdag_operator.section-1 to None, run_after=None
[2026-05-30T11:49:33.264+0000] {logging_mixin.py:188} INFO - [2026-05-30T11:49:33.264+0000] {dag.py:3834} INFO - Setting next_dagrun for example_subdag_operator.section-2 to None, run_after=None
[2026-05-30T11:49:33.273+0000] {logging_mixin.py:188} INFO - [2026-05-30T11:49:33.272+0000] {dag.py:3047} INFO - Sync 2 DAGs
[2026-05-30T11:49:33.279+0000] {logging_mixin.py:188} INFO - [2026-05-30T11:49:33.279+0000] {dag.py:3834} INFO - Setting next_dagrun for example_subdag_operator.section-1 to None, run_after=None
[2026-05-30T11:49:33.280+0000] {logging_mixin.py:188} INFO - [2026-05-30T11:49:33.280+0000] {dag.py:3834} INFO - Setting next_dagrun for example_subdag_operator.section-2 to None, run_after=None
[2026-05-30T11:49:33.302+0000] {processor.py:183} INFO - Processing /home/airflow/.local/lib/python3.8/site-packages/airflow/example_dags/example_subdag_operator.py took 0.111 seconds
[2026-05-30T11:50:03.543+0000] {processor.py:161} INFO - Started process (PID=1280) to work on /home/airflow/.local/lib/python3.8/site-packages/airflow/example_dags/example_subdag_operator.py
[2026-05-30T11:50:03.544+0000] {processor.py:830} INFO - Processing file /home/airflow/.local/lib/python3.8/site-packages/airflow/example_dags/example_subdag_operator.py for tasks to queue
[2026-05-30T11:50:03.546+0000] {logging_mixin.py:188} INFO - [2026-05-30T11:50:03.546+0000] {dagbag.py:540} INFO - Filling up the DagBag from /home/airflow/.local/lib/python3.8/site-packages/airflow/example_dags/example_subdag_operator.py
[2026-05-30T11:50:03.569+0000] {processor.py:840} INFO - DAG(s) 'example_subdag_operator.section-1', 'example_subdag_operator.section-2', 'example_subdag_operator' retrieved from /home/airflow/.local/lib/python3.8/site-packages/airflow/example_dags/example_subdag_operator.py
[2026-05-30T11:50:03.580+0000] {logging_mixin.py:188} INFO - [2026-05-30T11:50:03.580+0000] {dag.py:3047} INFO - Sync 3 DAGs
[2026-05-30T11:50:03.596+0000] {logging_mixin.py:188} INFO - [2026-05-30T11:50:03.595+0000] {dag.py:3834} INFO - Setting next_dagrun for example_subdag_operator to 2022-01-01 00:00:00+00:00, run_after=2022-01-01 00:00:00+00:00
[2026-05-30T11:50:03.600+0000] {logging_mixin.py:188} INFO - [2026-05-30T11:50:03.600+0000] {dag.py:3834} INFO - Setting next_dagrun for example_subdag_operator.section-1 to None, run_after=None
[2026-05-30T11:50:03.601+0000] {logging_mixin.py:188} INFO - [2026-05-30T11:50:03.601+0000] {dag.py:3834} INFO - Setting next_dagrun for example_subdag_operator.section-2 to None, run_after=None
[2026-05-30T11:50:03.607+0000] {logging_mixin.py:188} INFO - [2026-05-30T11:50:03.607+0000] {dag.py:3047} INFO - Sync 2 DAGs
[2026-05-30T11:50:03.611+0000] {logging_mixin.py:188} INFO - [2026-05-30T11:50:03.610+0000] {dag.py:3834} INFO - Setting next_dagrun for example_subdag_operator.section-1 to None, run_after=None
[2026-05-30T11:50:03.611+0000] {logging_mixin.py:188} INFO - [2026-05-30T11:50:03.611+0000] {dag.py:3834} INFO - Setting next_dagrun for example_subdag_operator.section-2 to None, run_after=None
[2026-05-30T11:50:03.621+0000] {processor.py:183} INFO - Processing /home/airflow/.local/lib/python3.8/site-packages/airflow/example_dags/example_subdag_operator.py took 0.081 seconds
[2026-05-30T11:50:34.211+0000] {processor.py:161} INFO - Started process (PID=1335) to work on /home/airflow/.local/lib/python3.8/site-packages/airflow/example_dags/example_subdag_operator.py
[2026-05-30T11:50:34.215+0000] {processor.py:830} INFO - Processing file /home/airflow/.local/lib/python3.8/site-packages/airflow/example_dags/example_subdag_operator.py for tasks to queue
[2026-05-30T11:50:34.217+0000] {logging_mixin.py:188} INFO - [2026-05-30T11:50:34.217+0000] {dagbag.py:540} INFO - Filling up the DagBag from /home/airflow/.local/lib/python3.8/site-packages/airflow/example_dags/example_subdag_operator.py
[2026-05-30T11:50:34.243+0000] {processor.py:840} INFO - DAG(s) 'example_subdag_operator.section-1', 'example_subdag_operator.section-2', 'example_subdag_operator' retrieved from /home/airflow/.local/lib/python3.8/site-packages/airflow/example_dags/example_subdag_operator.py
[2026-05-30T11:50:34.258+0000] {logging_mixin.py:188} INFO - [2026-05-30T11:50:34.257+0000] {dag.py:3047} INFO - Sync 3 DAGs
[2026-05-30T11:50:34.275+0000] {logging_mixin.py:188} INFO - [2026-05-30T11:50:34.275+0000] {dag.py:3834} INFO - Setting next_dagrun for example_subdag_operator to 2022-01-01 00:00:00+00:00, run_after=2022-01-01 00:00:00+00:00
[2026-05-30T11:50:34.278+0000] {logging_mixin.py:188} INFO - [2026-05-30T11:50:34.278+0000] {dag.py:3834} INFO - Setting next_dagrun for example_subdag_operator.section-1 to None, run_after=None
[2026-05-30T11:50:34.280+0000] {logging_mixin.py:188} INFO - [2026-05-30T11:50:34.280+0000] {dag.py:3834} INFO - Setting next_dagrun for example_subdag_operator.section-2 to None, run_after=None
[2026-05-30T11:50:34.285+0000] {logging_mixin.py:188} INFO - [2026-05-30T11:50:34.285+0000] {dag.py:3047} INFO - Sync 2 DAGs
[2026-05-30T11:50:34.291+0000] {logging_mixin.py:188} INFO - [2026-05-30T11:50:34.291+0000] {dag.py:3834} INFO - Setting next_dagrun for example_subdag_operator.section-1 to None, run_after=None
[2026-05-30T11:50:34.292+0000] {logging_mixin.py:188} INFO - [2026-05-30T11:50:34.292+0000] {dag.py:3834} INFO - Setting next_dagrun for example_subdag_operator.section-2 to None, run_after=None
[2026-05-30T11:50:34.304+0000] {processor.py:183} INFO - Processing /home/airflow/.local/lib/python3.8/site-packages/airflow/example_dags/example_subdag_operator.py took 0.098 seconds
[2026-05-30T11:51:04.608+0000] {processor.py:161} INFO - Started process (PID=1390) to work on /home/airflow/.local/lib/python3.8/site-packages/airflow/example_dags/example_subdag_operator.py
[2026-05-30T11:51:04.610+0000] {processor.py:830} INFO - Processing file /home/airflow/.local/lib/python3.8/site-packages/airflow/example_dags/example_subdag_operator.py for tasks to queue
[2026-05-30T11:51:04.611+0000] {logging_mixin.py:188} INFO - [2026-05-30T11:51:04.611+0000] {dagbag.py:540} INFO - Filling up the DagBag from /home/airflow/.local/lib/python3.8/site-packages/airflow/example_dags/example_subdag_operator.py
[2026-05-30T11:51:04.632+0000] {processor.py:840} INFO - DAG(s) 'example_subdag_operator.section-1', 'example_subdag_operator.section-2', 'example_subdag_operator' retrieved from /home/airflow/.local/lib/python3.8/site-packages/airflow/example_dags/example_subdag_operator.py
[2026-05-30T11:51:04.643+0000] {logging_mixin.py:188} INFO - [2026-05-30T11:51:04.643+0000] {dag.py:3047} INFO - Sync 3 DAGs
[2026-05-30T11:51:04.659+0000] {logging_mixin.py:188} INFO - [2026-05-30T11:51:04.659+0000] {dag.py:3834} INFO - Setting next_dagrun for example_subdag_operator to 2022-01-01 00:00:00+00:00, run_after=2022-01-01 00:00:00+00:00
[2026-05-30T11:51:04.662+0000] {logging_mixin.py:188} INFO - [2026-05-30T11:51:04.662+0000] {dag.py:3834} INFO - Setting next_dagrun for example_subdag_operator.section-1 to None, run_after=None
[2026-05-30T11:51:04.663+0000] {logging_mixin.py:188} INFO - [2026-05-30T11:51:04.663+0000] {dag.py:3834} INFO - Setting next_dagrun for example_subdag_operator.section-2 to None, run_after=None
[2026-05-30T11:51:04.670+0000] {logging_mixin.py:188} INFO - [2026-05-30T11:51:04.670+0000] {dag.py:3047} INFO - Sync 2 DAGs
[2026-05-30T11:51:04.675+0000] {logging_mixin.py:188} INFO - [2026-05-30T11:51:04.675+0000] {dag.py:3834} INFO - Setting next_dagrun for example_subdag_operator.section-1 to None, run_after=None
[2026-05-30T11:51:04.676+0000] {logging_mixin.py:188} INFO - [2026-05-30T11:51:04.676+0000] {dag.py:3834} INFO - Setting next_dagrun for example_subdag_operator.section-2 to None, run_after=None
[2026-05-30T11:51:04.687+0000] {processor.py:183} INFO - Processing /home/airflow/.local/lib/python3.8/site-packages/airflow/example_dags/example_subdag_operator.py took 0.081 seconds
[2026-05-30T11:51:35.458+0000] {processor.py:161} INFO - Started process (PID=1445) to work on /home/airflow/.local/lib/python3.8/site-packages/airflow/example_dags/example_subdag_operator.py
[2026-05-30T11:51:35.460+0000] {processor.py:830} INFO - Processing file /home/airflow/.local/lib/python3.8/site-packages/airflow/example_dags/example_subdag_operator.py for tasks to queue
[2026-05-30T11:51:35.463+0000] {logging_mixin.py:188} INFO - [2026-05-30T11:51:35.463+0000] {dagbag.py:540} INFO - Filling up the DagBag from /home/airflow/.local/lib/python3.8/site-packages/airflow/example_dags/example_subdag_operator.py
[2026-05-30T11:51:35.483+0000] {processor.py:840} INFO - DAG(s) 'example_subdag_operator.section-1', 'example_subdag_operator.section-2', 'example_subdag_operator' retrieved from /home/airflow/.local/lib/python3.8/site-packages/airflow/example_dags/example_subdag_operator.py
[2026-05-30T11:51:35.496+0000] {logging_mixin.py:188} INFO - [2026-05-30T11:51:35.495+0000] {dag.py:3047} INFO - Sync 3 DAGs
[2026-05-30T11:51:35.515+0000] {logging_mixin.py:188} INFO - [2026-05-30T11:51:35.515+0000] {dag.py:3834} INFO - Setting next_dagrun for example_subdag_operator to 2022-01-01 00:00:00+00:00, run_after=2022-01-01 00:00:00+00:00
[2026-05-30T11:51:35.519+0000] {logging_mixin.py:188} INFO - [2026-05-30T11:51:35.519+0000] {dag.py:3834} INFO - Setting next_dagrun for example_subdag_operator.section-1 to None, run_after=None
[2026-05-30T11:51:35.521+0000] {logging_mixin.py:188} INFO - [2026-05-30T11:51:35.521+0000] {dag.py:3834} INFO - Setting next_dagrun for example_subdag_operator.section-2 to None, run_after=None
[2026-05-30T11:51:35.528+0000] {logging_mixin.py:188} INFO - [2026-05-30T11:51:35.528+0000] {dag.py:3047} INFO - Sync 2 DAGs
[2026-05-30T11:51:35.533+0000] {logging_mixin.py:188} INFO - [2026-05-30T11:51:35.533+0000] {dag.py:3834} INFO - Setting next_dagrun for example_subdag_operator.section-1 to None, run_after=None
[2026-05-30T11:51:35.534+0000] {logging_mixin.py:188} INFO - [2026-05-30T11:51:35.534+0000] {dag.py:3834} INFO - Setting next_dagrun for example_subdag_operator.section-2 to None, run_after=None
[2026-05-30T11:51:35.545+0000] {processor.py:183} INFO - Processing /home/airflow/.local/lib/python3.8/site-packages/airflow/example_dags/example_subdag_operator.py took 0.091 seconds
[2026-05-30T11:52:05.934+0000] {processor.py:161} INFO - Started process (PID=1500) to work on /home/airflow/.local/lib/python3.8/site-packages/airflow/example_dags/example_subdag_operator.py
[2026-05-30T11:52:05.936+0000] {processor.py:830} INFO - Processing file /home/airflow/.local/lib/python3.8/site-packages/airflow/example_dags/example_subdag_operator.py for tasks to queue
[2026-05-30T11:52:05.938+0000] {logging_mixin.py:188} INFO - [2026-05-30T11:52:05.938+0000] {dagbag.py:540} INFO - Filling up the DagBag from /home/airflow/.local/lib/python3.8/site-packages/airflow/example_dags/example_subdag_operator.py
[2026-05-30T11:52:05.963+0000] {processor.py:840} INFO - DAG(s) 'example_subdag_operator.section-1', 'example_subdag_operator.section-2', 'example_subdag_operator' retrieved from /home/airflow/.local/lib/python3.8/site-packages/airflow/example_dags/example_subdag_operator.py
[2026-05-30T11:52:05.976+0000] {logging_mixin.py:188} INFO - [2026-05-30T11:52:05.976+0000] {dag.py:3047} INFO - Sync 3 DAGs
[2026-05-30T11:52:05.997+0000] {logging_mixin.py:188} INFO - [2026-05-30T11:52:05.997+0000] {dag.py:3834} INFO - Setting next_dagrun for example_subdag_operator to 2022-01-01 00:00:00+00:00, run_after=2022-01-01 00:00:00+00:00
[2026-05-30T11:52:06.001+0000] {logging_mixin.py:188} INFO - [2026-05-30T11:52:06.000+0000] {dag.py:3834} INFO - Setting next_dagrun for example_subdag_operator.section-1 to None, run_after=None
[2026-05-30T11:52:06.004+0000] {logging_mixin.py:188} INFO - [2026-05-30T11:52:06.003+0000] {dag.py:3834} INFO - Setting next_dagrun for example_subdag_operator.section-2 to None, run_after=None
[2026-05-30T11:52:06.011+0000] {logging_mixin.py:188} INFO - [2026-05-30T11:52:06.011+0000] {dag.py:3047} INFO - Sync 2 DAGs
[2026-05-30T11:52:06.017+0000] {logging_mixin.py:188} INFO - [2026-05-30T11:52:06.016+0000] {dag.py:3834} INFO - Setting next_dagrun for example_subdag_operator.section-1 to None, run_after=None
[2026-05-30T11:52:06.018+0000] {logging_mixin.py:188} INFO - [2026-05-30T11:52:06.018+0000] {dag.py:3834} INFO - Setting next_dagrun for example_subdag_operator.section-2 to None, run_after=None
[2026-05-30T11:52:06.036+0000] {processor.py:183} INFO - Processing /home/airflow/.local/lib/python3.8/site-packages/airflow/example_dags/example_subdag_operator.py took 0.105 seconds
[2026-05-30T11:52:36.431+0000] {processor.py:161} INFO - Started process (PID=1555) to work on /home/airflow/.local/lib/python3.8/site-packages/airflow/example_dags/example_subdag_operator.py
[2026-05-30T11:52:36.432+0000] {processor.py:830} INFO - Processing file /home/airflow/.local/lib/python3.8/site-packages/airflow/example_dags/example_subdag_operator.py for tasks to queue
[2026-05-30T11:52:36.434+0000] {logging_mixin.py:188} INFO - [2026-05-30T11:52:36.434+0000] {dagbag.py:540} INFO - Filling up the DagBag from /home/airflow/.local/lib/python3.8/site-packages/airflow/example_dags/example_subdag_operator.py
[2026-05-30T11:52:36.454+0000] {processor.py:840} INFO - DAG(s) 'example_subdag_operator.section-1', 'example_subdag_operator.section-2', 'example_subdag_operator' retrieved from /home/airflow/.local/lib/python3.8/site-packages/airflow/example_dags/example_subdag_operator.py
[2026-05-30T11:52:36.465+0000] {logging_mixin.py:188} INFO - [2026-05-30T11:52:36.465+0000] {dag.py:3047} INFO - Sync 3 DAGs
[2026-05-30T11:52:36.480+0000] {logging_mixin.py:188} INFO - [2026-05-30T11:52:36.480+0000] {dag.py:3834} INFO - Setting next_dagrun for example_subdag_operator to 2022-01-01 00:00:00+00:00, run_after=2022-01-01 00:00:00+00:00
[2026-05-30T11:52:36.483+0000] {logging_mixin.py:188} INFO - [2026-05-30T11:52:36.483+0000] {dag.py:3834} INFO - Setting next_dagrun for example_subdag_operator.section-1 to None, run_after=None
[2026-05-30T11:52:36.485+0000] {logging_mixin.py:188} INFO - [2026-05-30T11:52:36.485+0000] {dag.py:3834} INFO - Setting next_dagrun for example_subdag_operator.section-2 to None, run_after=None
[2026-05-30T11:52:36.490+0000] {logging_mixin.py:188} INFO - [2026-05-30T11:52:36.490+0000] {dag.py:3047} INFO - Sync 2 DAGs
[2026-05-30T11:52:36.494+0000] {logging_mixin.py:188} INFO - [2026-05-30T11:52:36.494+0000] {dag.py:3834} INFO - Setting next_dagrun for example_subdag_operator.section-1 to None, run_after=None
[2026-05-30T11:52:36.495+0000] {logging_mixin.py:188} INFO - [2026-05-30T11:52:36.495+0000] {dag.py:3834} INFO - Setting next_dagrun for example_subdag_operator.section-2 to None, run_after=None
[2026-05-30T11:52:36.506+0000] {processor.py:183} INFO - Processing /home/airflow/.local/lib/python3.8/site-packages/airflow/example_dags/example_subdag_operator.py took 0.078 seconds
[2026-05-30T11:53:06.831+0000] {processor.py:161} INFO - Started process (PID=1610) to work on /home/airflow/.local/lib/python3.8/site-packages/airflow/example_dags/example_subdag_operator.py
[2026-05-30T11:53:06.832+0000] {processor.py:830} INFO - Processing file /home/airflow/.local/lib/python3.8/site-packages/airflow/example_dags/example_subdag_operator.py for tasks to queue
[2026-05-30T11:53:06.834+0000] {logging_mixin.py:188} INFO - [2026-05-30T11:53:06.834+0000] {dagbag.py:540} INFO - Filling up the DagBag from /home/airflow/.local/lib/python3.8/site-packages/airflow/example_dags/example_subdag_operator.py
[2026-05-30T11:53:06.853+0000] {processor.py:840} INFO - DAG(s) 'example_subdag_operator.section-1', 'example_subdag_operator.section-2', 'example_subdag_operator' retrieved from /home/airflow/.local/lib/python3.8/site-packages/airflow/example_dags/example_subdag_operator.py
[2026-05-30T11:53:06.863+0000] {logging_mixin.py:188} INFO - [2026-05-30T11:53:06.863+0000] {dag.py:3047} INFO - Sync 3 DAGs
[2026-05-30T11:53:06.878+0000] {logging_mixin.py:188} INFO - [2026-05-30T11:53:06.878+0000] {dag.py:3834} INFO - Setting next_dagrun for example_subdag_operator to 2022-01-01 00:00:00+00:00, run_after=2022-01-01 00:00:00+00:00
[2026-05-30T11:53:06.881+0000] {logging_mixin.py:188} INFO - [2026-05-30T11:53:06.881+0000] {dag.py:3834} INFO - Setting next_dagrun for example_subdag_operator.section-1 to None, run_after=None
[2026-05-30T11:53:06.882+0000] {logging_mixin.py:188} INFO - [2026-05-30T11:53:06.882+0000] {dag.py:3834} INFO - Setting next_dagrun for example_subdag_operator.section-2 to None, run_after=None
[2026-05-30T11:53:06.888+0000] {logging_mixin.py:188} INFO - [2026-05-30T11:53:06.888+0000] {dag.py:3047} INFO - Sync 2 DAGs
[2026-05-30T11:53:06.892+0000] {logging_mixin.py:188} INFO - [2026-05-30T11:53:06.892+0000] {dag.py:3834} INFO - Setting next_dagrun for example_subdag_operator.section-1 to None, run_after=None
[2026-05-30T11:53:06.893+0000] {logging_mixin.py:188} INFO - [2026-05-30T11:53:06.893+0000] {dag.py:3834} INFO - Setting next_dagrun for example_subdag_operator.section-2 to None, run_after=None
[2026-05-30T11:53:06.906+0000] {processor.py:183} INFO - Processing /home/airflow/.local/lib/python3.8/site-packages/airflow/example_dags/example_subdag_operator.py took 0.078 seconds
[2026-05-30T11:53:37.238+0000] {processor.py:161} INFO - Started process (PID=1665) to work on /home/airflow/.local/lib/python3.8/site-packages/airflow/example_dags/example_subdag_operator.py
[2026-05-30T11:53:37.239+0000] {processor.py:830} INFO - Processing file /home/airflow/.local/lib/python3.8/site-packages/airflow/example_dags/example_subdag_operator.py for tasks to queue
[2026-05-30T11:53:37.241+0000] {logging_mixin.py:188} INFO - [2026-05-30T11:53:37.241+0000] {dagbag.py:540} INFO - Filling up the DagBag from /home/airflow/.local/lib/python3.8/site-packages/airflow/example_dags/example_subdag_operator.py
[2026-05-30T11:53:37.260+0000] {processor.py:840} INFO - DAG(s) 'example_subdag_operator.section-1', 'example_subdag_operator.section-2', 'example_subdag_operator' retrieved from /home/airflow/.local/lib/python3.8/site-packages/airflow/example_dags/example_subdag_operator.py
[2026-05-30T11:53:37.271+0000] {logging_mixin.py:188} INFO - [2026-05-30T11:53:37.271+0000] {dag.py:3047} INFO - Sync 3 DAGs
[2026-05-30T11:53:37.286+0000] {logging_mixin.py:188} INFO - [2026-05-30T11:53:37.286+0000] {dag.py:3834} INFO - Setting next_dagrun for example_subdag_operator to 2022-01-01 00:00:00+00:00, run_after=2022-01-01 00:00:00+00:00
[2026-05-30T11:53:37.289+0000] {logging_mixin.py:188} INFO - [2026-05-30T11:53:37.289+0000] {dag.py:3834} INFO - Setting next_dagrun for example_subdag_operator.section-1 to None, run_after=None
[2026-05-30T11:53:37.290+0000] {logging_mixin.py:188} INFO - [2026-05-30T11:53:37.290+0000] {dag.py:3834} INFO - Setting next_dagrun for example_subdag_operator.section-2 to None, run_after=None
[2026-05-30T11:53:37.296+0000] {logging_mixin.py:188} INFO - [2026-05-30T11:53:37.296+0000] {dag.py:3047} INFO - Sync 2 DAGs
[2026-05-30T11:53:37.313+0000] {logging_mixin.py:188} INFO - [2026-05-30T11:53:37.313+0000] {dag.py:3834} INFO - Setting next_dagrun for example_subdag_operator.section-1 to None, run_after=None
[2026-05-30T11:53:37.314+0000] {logging_mixin.py:188} INFO - [2026-05-30T11:53:37.313+0000] {dag.py:3834} INFO - Setting next_dagrun for example_subdag_operator.section-2 to None, run_after=None
[2026-05-30T11:53:37.341+0000] {processor.py:183} INFO - Processing /home/airflow/.local/lib/python3.8/site-packages/airflow/example_dags/example_subdag_operator.py took 0.106 seconds
[2026-05-30T11:54:07.468+0000] {processor.py:161} INFO - Started process (PID=1719) to work on /home/airflow/.local/lib/python3.8/site-packages/airflow/example_dags/example_subdag_operator.py
[2026-05-30T11:54:07.470+0000] {processor.py:830} INFO - Processing file /home/airflow/.local/lib/python3.8/site-packages/airflow/example_dags/example_subdag_operator.py for tasks to queue
[2026-05-30T11:54:07.472+0000] {logging_mixin.py:188} INFO - [2026-05-30T11:54:07.472+0000] {dagbag.py:540} INFO - Filling up the DagBag from /home/airflow/.local/lib/python3.8/site-packages/airflow/example_dags/example_subdag_operator.py
[2026-05-30T11:54:07.491+0000] {processor.py:840} INFO - DAG(s) 'example_subdag_operator.section-1', 'example_subdag_operator.section-2', 'example_subdag_operator' retrieved from /home/airflow/.local/lib/python3.8/site-packages/airflow/example_dags/example_subdag_operator.py
[2026-05-30T11:54:07.501+0000] {logging_mixin.py:188} INFO - [2026-05-30T11:54:07.501+0000] {dag.py:3047} INFO - Sync 3 DAGs
[2026-05-30T11:54:07.517+0000] {logging_mixin.py:188} INFO - [2026-05-30T11:54:07.517+0000] {dag.py:3834} INFO - Setting next_dagrun for example_subdag_operator to 2022-01-01 00:00:00+00:00, run_after=2022-01-01 00:00:00+00:00
[2026-05-30T11:54:07.520+0000] {logging_mixin.py:188} INFO - [2026-05-30T11:54:07.520+0000] {dag.py:3834} INFO - Setting next_dagrun for example_subdag_operator.section-1 to None, run_after=None
[2026-05-30T11:54:07.521+0000] {logging_mixin.py:188} INFO - [2026-05-30T11:54:07.521+0000] {dag.py:3834} INFO - Setting next_dagrun for example_subdag_operator.section-2 to None, run_after=None
[2026-05-30T11:54:07.527+0000] {logging_mixin.py:188} INFO - [2026-05-30T11:54:07.527+0000] {dag.py:3047} INFO - Sync 2 DAGs
[2026-05-30T11:54:07.530+0000] {logging_mixin.py:188} INFO - [2026-05-30T11:54:07.530+0000] {dag.py:3834} INFO - Setting next_dagrun for example_subdag_operator.section-1 to None, run_after=None
[2026-05-30T11:54:07.531+0000] {logging_mixin.py:188} INFO - [2026-05-30T11:54:07.531+0000] {dag.py:3834} INFO - Setting next_dagrun for example_subdag_operator.section-2 to None, run_after=None
[2026-05-30T11:54:07.541+0000] {processor.py:183} INFO - Processing /home/airflow/.local/lib/python3.8/site-packages/airflow/example_dags/example_subdag_operator.py took 0.076 seconds
[2026-05-30T11:54:37.791+0000] {processor.py:161} INFO - Started process (PID=1774) to work on /home/airflow/.local/lib/python3.8/site-packages/airflow/example_dags/example_subdag_operator.py
[2026-05-30T11:54:37.792+0000] {processor.py:830} INFO - Processing file /home/airflow/.local/lib/python3.8/site-packages/airflow/example_dags/example_subdag_operator.py for tasks to queue
[2026-05-30T11:54:37.794+0000] {logging_mixin.py:188} INFO - [2026-05-30T11:54:37.794+0000] {dagbag.py:540} INFO - Filling up the DagBag from /home/airflow/.local/lib/python3.8/site-packages/airflow/example_dags/example_subdag_operator.py
[2026-05-30T11:54:37.815+0000] {processor.py:840} INFO - DAG(s) 'example_subdag_operator.section-1', 'example_subdag_operator.section-2', 'example_subdag_operator' retrieved from /home/airflow/.local/lib/python3.8/site-packages/airflow/example_dags/example_subdag_operator.py
[2026-05-30T11:54:37.827+0000] {logging_mixin.py:188} INFO - [2026-05-30T11:54:37.827+0000] {dag.py:3047} INFO - Sync 3 DAGs
[2026-05-30T11:54:37.843+0000] {logging_mixin.py:188} INFO - [2026-05-30T11:54:37.843+0000] {dag.py:3834} INFO - Setting next_dagrun for example_subdag_operator to 2022-01-01 00:00:00+00:00, run_after=2022-01-01 00:00:00+00:00
[2026-05-30T11:54:37.846+0000] {logging_mixin.py:188} INFO - [2026-05-30T11:54:37.846+0000] {dag.py:3834} INFO - Setting next_dagrun for example_subdag_operator.section-1 to None, run_after=None
[2026-05-30T11:54:37.848+0000] {logging_mixin.py:188} INFO - [2026-05-30T11:54:37.848+0000] {dag.py:3834} INFO - Setting next_dagrun for example_subdag_operator.section-2 to None, run_after=None
[2026-05-30T11:54:37.855+0000] {logging_mixin.py:188} INFO - [2026-05-30T11:54:37.854+0000] {dag.py:3047} INFO - Sync 2 DAGs
[2026-05-30T11:54:37.860+0000] {logging_mixin.py:188} INFO - [2026-05-30T11:54:37.860+0000] {dag.py:3834} INFO - Setting next_dagrun for example_subdag_operator.section-1 to None, run_after=None
[2026-05-30T11:54:37.861+0000] {logging_mixin.py:188} INFO - [2026-05-30T11:54:37.860+0000] {dag.py:3834} INFO - Setting next_dagrun for example_subdag_operator.section-2 to None, run_after=None
[2026-05-30T11:54:37.871+0000] {processor.py:183} INFO - Processing /home/airflow/.local/lib/python3.8/site-packages/airflow/example_dags/example_subdag_operator.py took 0.082 seconds
[2026-05-30T11:55:08.162+0000] {processor.py:161} INFO - Started process (PID=1830) to work on /home/airflow/.local/lib/python3.8/site-packages/airflow/example_dags/example_subdag_operator.py
[2026-05-30T11:55:08.163+0000] {processor.py:830} INFO - Processing file /home/airflow/.local/lib/python3.8/site-packages/airflow/example_dags/example_subdag_operator.py for tasks to queue
[2026-05-30T11:55:08.165+0000] {logging_mixin.py:188} INFO - [2026-05-30T11:55:08.165+0000] {dagbag.py:540} INFO - Filling up the DagBag from /home/airflow/.local/lib/python3.8/site-packages/airflow/example_dags/example_subdag_operator.py
[2026-05-30T11:55:08.189+0000] {processor.py:840} INFO - DAG(s) 'example_subdag_operator.section-1', 'example_subdag_operator.section-2', 'example_subdag_operator' retrieved from /home/airflow/.local/lib/python3.8/site-packages/airflow/example_dags/example_subdag_operator.py
[2026-05-30T11:55:08.202+0000] {logging_mixin.py:188} INFO - [2026-05-30T11:55:08.202+0000] {dag.py:3047} INFO - Sync 3 DAGs
[2026-05-30T11:55:08.221+0000] {logging_mixin.py:188} INFO - [2026-05-30T11:55:08.220+0000] {dag.py:3834} INFO - Setting next_dagrun for example_subdag_operator to 2022-01-01 00:00:00+00:00, run_after=2022-01-01 00:00:00+00:00
[2026-05-30T11:55:08.224+0000] {logging_mixin.py:188} INFO - [2026-05-30T11:55:08.224+0000] {dag.py:3834} INFO - Setting next_dagrun for example_subdag_operator.section-1 to None, run_after=None
[2026-05-30T11:55:08.226+0000] {logging_mixin.py:188} INFO - [2026-05-30T11:55:08.226+0000] {dag.py:3834} INFO - Setting next_dagrun for example_subdag_operator.section-2 to None, run_after=None
[2026-05-30T11:55:08.232+0000] {logging_mixin.py:188} INFO - [2026-05-30T11:55:08.232+0000] {dag.py:3047} INFO - Sync 2 DAGs
[2026-05-30T11:55:08.237+0000] {logging_mixin.py:188} INFO - [2026-05-30T11:55:08.237+0000] {dag.py:3834} INFO - Setting next_dagrun for example_subdag_operator.section-1 to None, run_after=None
[2026-05-30T11:55:08.238+0000] {logging_mixin.py:188} INFO - [2026-05-30T11:55:08.238+0000] {dag.py:3834} INFO - Setting next_dagrun for example_subdag_operator.section-2 to None, run_after=None
[2026-05-30T11:55:08.252+0000] {processor.py:183} INFO - Processing /home/airflow/.local/lib/python3.8/site-packages/airflow/example_dags/example_subdag_operator.py took 0.093 seconds
[2026-05-30T11:55:38.468+0000] {processor.py:161} INFO - Started process (PID=1885) to work on /home/airflow/.local/lib/python3.8/site-packages/airflow/example_dags/example_subdag_operator.py
[2026-05-30T11:55:38.469+0000] {processor.py:830} INFO - Processing file /home/airflow/.local/lib/python3.8/site-packages/airflow/example_dags/example_subdag_operator.py for tasks to queue
[2026-05-30T11:55:38.471+0000] {logging_mixin.py:188} INFO - [2026-05-30T11:55:38.471+0000] {dagbag.py:540} INFO - Filling up the DagBag from /home/airflow/.local/lib/python3.8/site-packages/airflow/example_dags/example_subdag_operator.py
[2026-05-30T11:55:38.491+0000] {processor.py:840} INFO - DAG(s) 'example_subdag_operator.section-1', 'example_subdag_operator.section-2', 'example_subdag_operator' retrieved from /home/airflow/.local/lib/python3.8/site-packages/airflow/example_dags/example_subdag_operator.py
[2026-05-30T11:55:38.503+0000] {logging_mixin.py:188} INFO - [2026-05-30T11:55:38.503+0000] {dag.py:3047} INFO - Sync 3 DAGs
[2026-05-30T11:55:38.520+0000] {logging_mixin.py:188} INFO - [2026-05-30T11:55:38.519+0000] {dag.py:3834} INFO - Setting next_dagrun for example_subdag_operator to 2022-01-01 00:00:00+00:00, run_after=2022-01-01 00:00:00+00:00
[2026-05-30T11:55:38.523+0000] {logging_mixin.py:188} INFO - [2026-05-30T11:55:38.523+0000] {dag.py:3834} INFO - Setting next_dagrun for example_subdag_operator.section-1 to None, run_after=None
[2026-05-30T11:55:38.524+0000] {logging_mixin.py:188} INFO - [2026-05-30T11:55:38.524+0000] {dag.py:3834} INFO - Setting next_dagrun for example_subdag_operator.section-2 to None, run_after=None
[2026-05-30T11:55:38.530+0000] {logging_mixin.py:188} INFO - [2026-05-30T11:55:38.530+0000] {dag.py:3047} INFO - Sync 2 DAGs
[2026-05-30T11:55:38.535+0000] {logging_mixin.py:188} INFO - [2026-05-30T11:55:38.535+0000] {dag.py:3834} INFO - Setting next_dagrun for example_subdag_operator.section-1 to None, run_after=None
[2026-05-30T11:55:38.537+0000] {logging_mixin.py:188} INFO - [2026-05-30T11:55:38.537+0000] {dag.py:3834} INFO - Setting next_dagrun for example_subdag_operator.section-2 to None, run_after=None
[2026-05-30T11:55:38.548+0000] {processor.py:183} INFO - Processing /home/airflow/.local/lib/python3.8/site-packages/airflow/example_dags/example_subdag_operator.py took 0.083 seconds
[2026-05-30T11:56:08.801+0000] {processor.py:161} INFO - Started process (PID=1941) to work on /home/airflow/.local/lib/python3.8/site-packages/airflow/example_dags/example_subdag_operator.py
[2026-05-30T11:56:08.802+0000] {processor.py:830} INFO - Processing file /home/airflow/.local/lib/python3.8/site-packages/airflow/example_dags/example_subdag_operator.py for tasks to queue
[2026-05-30T11:56:08.804+0000] {logging_mixin.py:188} INFO - [2026-05-30T11:56:08.804+0000] {dagbag.py:540} INFO - Filling up the DagBag from /home/airflow/.local/lib/python3.8/site-packages/airflow/example_dags/example_subdag_operator.py
[2026-05-30T11:56:08.827+0000] {processor.py:840} INFO - DAG(s) 'example_subdag_operator.section-1', 'example_subdag_operator.section-2', 'example_subdag_operator' retrieved from /home/airflow/.local/lib/python3.8/site-packages/airflow/example_dags/example_subdag_operator.py
[2026-05-30T11:56:08.839+0000] {logging_mixin.py:188} INFO - [2026-05-30T11:56:08.839+0000] {dag.py:3047} INFO - Sync 3 DAGs
[2026-05-30T11:56:08.970+0000] {logging_mixin.py:188} INFO - [2026-05-30T11:56:08.969+0000] {dag.py:3834} INFO - Setting next_dagrun for example_subdag_operator to 2022-01-01 00:00:00+00:00, run_after=2022-01-01 00:00:00+00:00
[2026-05-30T11:56:08.973+0000] {logging_mixin.py:188} INFO - [2026-05-30T11:56:08.972+0000] {dag.py:3834} INFO - Setting next_dagrun for example_subdag_operator.section-1 to None, run_after=None
[2026-05-30T11:56:08.974+0000] {logging_mixin.py:188} INFO - [2026-05-30T11:56:08.974+0000] {dag.py:3834} INFO - Setting next_dagrun for example_subdag_operator.section-2 to None, run_after=None
[2026-05-30T11:56:08.979+0000] {logging_mixin.py:188} INFO - [2026-05-30T11:56:08.979+0000] {dag.py:3047} INFO - Sync 2 DAGs
[2026-05-30T11:56:08.986+0000] {logging_mixin.py:188} INFO - [2026-05-30T11:56:08.985+0000] {dag.py:3834} INFO - Setting next_dagrun for example_subdag_operator.section-1 to None, run_after=None
[2026-05-30T11:56:08.986+0000] {logging_mixin.py:188} INFO - [2026-05-30T11:56:08.986+0000] {dag.py:3834} INFO - Setting next_dagrun for example_subdag_operator.section-2 to None, run_after=None
[2026-05-30T11:56:08.997+0000] {processor.py:183} INFO - Processing /home/airflow/.local/lib/python3.8/site-packages/airflow/example_dags/example_subdag_operator.py took 0.199 seconds
[2026-05-30T11:56:39.664+0000] {processor.py:161} INFO - Started process (PID=1995) to work on /home/airflow/.local/lib/python3.8/site-packages/airflow/example_dags/example_subdag_operator.py
[2026-05-30T11:56:39.665+0000] {processor.py:830} INFO - Processing file /home/airflow/.local/lib/python3.8/site-packages/airflow/example_dags/example_subdag_operator.py for tasks to queue
[2026-05-30T11:56:39.667+0000] {logging_mixin.py:188} INFO - [2026-05-30T11:56:39.667+0000] {dagbag.py:540} INFO - Filling up the DagBag from /home/airflow/.local/lib/python3.8/site-packages/airflow/example_dags/example_subdag_operator.py
[2026-05-30T11:56:39.685+0000] {processor.py:840} INFO - DAG(s) 'example_subdag_operator.section-1', 'example_subdag_operator.section-2', 'example_subdag_operator' retrieved from /home/airflow/.local/lib/python3.8/site-packages/airflow/example_dags/example_subdag_operator.py
[2026-05-30T11:56:39.696+0000] {logging_mixin.py:188} INFO - [2026-05-30T11:56:39.695+0000] {dag.py:3047} INFO - Sync 3 DAGs
[2026-05-30T11:56:39.809+0000] {logging_mixin.py:188} INFO - [2026-05-30T11:56:39.808+0000] {dag.py:3834} INFO - Setting next_dagrun for example_subdag_operator to 2022-01-01 00:00:00+00:00, run_after=2022-01-01 00:00:00+00:00
[2026-05-30T11:56:39.812+0000] {logging_mixin.py:188} INFO - [2026-05-30T11:56:39.812+0000] {dag.py:3834} INFO - Setting next_dagrun for example_subdag_operator.section-1 to None, run_after=None
[2026-05-30T11:56:39.813+0000] {logging_mixin.py:188} INFO - [2026-05-30T11:56:39.813+0000] {dag.py:3834} INFO - Setting next_dagrun for example_subdag_operator.section-2 to None, run_after=None
[2026-05-30T11:56:39.818+0000] {logging_mixin.py:188} INFO - [2026-05-30T11:56:39.818+0000] {dag.py:3047} INFO - Sync 2 DAGs
[2026-05-30T11:56:39.822+0000] {logging_mixin.py:188} INFO - [2026-05-30T11:56:39.822+0000] {dag.py:3834} INFO - Setting next_dagrun for example_subdag_operator.section-1 to None, run_after=None
[2026-05-30T11:56:39.823+0000] {logging_mixin.py:188} INFO - [2026-05-30T11:56:39.823+0000] {dag.py:3834} INFO - Setting next_dagrun for example_subdag_operator.section-2 to None, run_after=None
[2026-05-30T11:56:39.834+0000] {processor.py:183} INFO - Processing /home/airflow/.local/lib/python3.8/site-packages/airflow/example_dags/example_subdag_operator.py took 0.173 seconds
[2026-05-30T11:57:10.805+0000] {processor.py:161} INFO - Started process (PID=2050) to work on /home/airflow/.local/lib/python3.8/site-packages/airflow/example_dags/example_subdag_operator.py
[2026-05-30T11:57:10.807+0000] {processor.py:830} INFO - Processing file /home/airflow/.local/lib/python3.8/site-packages/airflow/example_dags/example_subdag_operator.py for tasks to queue
[2026-05-30T11:57:10.809+0000] {logging_mixin.py:188} INFO - [2026-05-30T11:57:10.809+0000] {dagbag.py:540} INFO - Filling up the DagBag from /home/airflow/.local/lib/python3.8/site-packages/airflow/example_dags/example_subdag_operator.py
[2026-05-30T11:57:10.872+0000] {processor.py:840} INFO - DAG(s) 'example_subdag_operator.section-1', 'example_subdag_operator.section-2', 'example_subdag_operator' retrieved from /home/airflow/.local/lib/python3.8/site-packages/airflow/example_dags/example_subdag_operator.py
[2026-05-30T11:57:10.904+0000] {logging_mixin.py:188} INFO - [2026-05-30T11:57:10.904+0000] {dag.py:3047} INFO - Sync 3 DAGs
[2026-05-30T11:57:11.158+0000] {logging_mixin.py:188} INFO - [2026-05-30T11:57:11.157+0000] {dag.py:3834} INFO - Setting next_dagrun for example_subdag_operator to 2022-01-01 00:00:00+00:00, run_after=2022-01-01 00:00:00+00:00
[2026-05-30T11:57:11.166+0000] {logging_mixin.py:188} INFO - [2026-05-30T11:57:11.165+0000] {dag.py:3834} INFO - Setting next_dagrun for example_subdag_operator.section-1 to None, run_after=None
[2026-05-30T11:57:11.169+0000] {logging_mixin.py:188} INFO - [2026-05-30T11:57:11.168+0000] {dag.py:3834} INFO - Setting next_dagrun for example_subdag_operator.section-2 to None, run_after=None
[2026-05-30T11:57:11.181+0000] {logging_mixin.py:188} INFO - [2026-05-30T11:57:11.181+0000] {dag.py:3047} INFO - Sync 2 DAGs
[2026-05-30T11:57:11.190+0000] {logging_mixin.py:188} INFO - [2026-05-30T11:57:11.190+0000] {dag.py:3834} INFO - Setting next_dagrun for example_subdag_operator.section-1 to None, run_after=None
[2026-05-30T11:57:11.191+0000] {logging_mixin.py:188} INFO - [2026-05-30T11:57:11.191+0000] {dag.py:3834} INFO - Setting next_dagrun for example_subdag_operator.section-2 to None, run_after=None
[2026-05-30T11:57:11.218+0000] {processor.py:183} INFO - Processing /home/airflow/.local/lib/python3.8/site-packages/airflow/example_dags/example_subdag_operator.py took 0.416 seconds
[2026-05-30T11:57:42.073+0000] {processor.py:161} INFO - Started process (PID=2106) to work on /home/airflow/.local/lib/python3.8/site-packages/airflow/example_dags/example_subdag_operator.py
[2026-05-30T11:57:42.075+0000] {processor.py:830} INFO - Processing file /home/airflow/.local/lib/python3.8/site-packages/airflow/example_dags/example_subdag_operator.py for tasks to queue
[2026-05-30T11:57:42.077+0000] {logging_mixin.py:188} INFO - [2026-05-30T11:57:42.076+0000] {dagbag.py:540} INFO - Filling up the DagBag from /home/airflow/.local/lib/python3.8/site-packages/airflow/example_dags/example_subdag_operator.py
[2026-05-30T11:57:42.098+0000] {processor.py:840} INFO - DAG(s) 'example_subdag_operator.section-1', 'example_subdag_operator.section-2', 'example_subdag_operator' retrieved from /home/airflow/.local/lib/python3.8/site-packages/airflow/example_dags/example_subdag_operator.py
[2026-05-30T11:57:42.109+0000] {logging_mixin.py:188} INFO - [2026-05-30T11:57:42.109+0000] {dag.py:3047} INFO - Sync 3 DAGs
[2026-05-30T11:57:42.127+0000] {logging_mixin.py:188} INFO - [2026-05-30T11:57:42.126+0000] {dag.py:3834} INFO - Setting next_dagrun for example_subdag_operator to 2022-01-01 00:00:00+00:00, run_after=2022-01-01 00:00:00+00:00
[2026-05-30T11:57:42.130+0000] {logging_mixin.py:188} INFO - [2026-05-30T11:57:42.130+0000] {dag.py:3834} INFO - Setting next_dagrun for example_subdag_operator.section-1 to None, run_after=None
[2026-05-30T11:57:42.131+0000] {logging_mixin.py:188} INFO - [2026-05-30T11:57:42.131+0000] {dag.py:3834} INFO - Setting next_dagrun for example_subdag_operator.section-2 to None, run_after=None
[2026-05-30T11:57:42.247+0000] {logging_mixin.py:188} INFO - [2026-05-30T11:57:42.247+0000] {dag.py:3047} INFO - Sync 2 DAGs
[2026-05-30T11:57:42.253+0000] {logging_mixin.py:188} INFO - [2026-05-30T11:57:42.253+0000] {dag.py:3834} INFO - Setting next_dagrun for example_subdag_operator.section-1 to None, run_after=None
[2026-05-30T11:57:42.254+0000] {logging_mixin.py:188} INFO - [2026-05-30T11:57:42.254+0000] {dag.py:3834} INFO - Setting next_dagrun for example_subdag_operator.section-2 to None, run_after=None
[2026-05-30T11:57:42.266+0000] {processor.py:183} INFO - Processing /home/airflow/.local/lib/python3.8/site-packages/airflow/example_dags/example_subdag_operator.py took 0.195 seconds
[2026-05-30T11:58:12.600+0000] {processor.py:161} INFO - Started process (PID=2161) to work on /home/airflow/.local/lib/python3.8/site-packages/airflow/example_dags/example_subdag_operator.py
[2026-05-30T11:58:12.601+0000] {processor.py:830} INFO - Processing file /home/airflow/.local/lib/python3.8/site-packages/airflow/example_dags/example_subdag_operator.py for tasks to queue
[2026-05-30T11:58:12.604+0000] {logging_mixin.py:188} INFO - [2026-05-30T11:58:12.604+0000] {dagbag.py:540} INFO - Filling up the DagBag from /home/airflow/.local/lib/python3.8/site-packages/airflow/example_dags/example_subdag_operator.py
[2026-05-30T11:58:12.627+0000] {processor.py:840} INFO - DAG(s) 'example_subdag_operator.section-1', 'example_subdag_operator.section-2', 'example_subdag_operator' retrieved from /home/airflow/.local/lib/python3.8/site-packages/airflow/example_dags/example_subdag_operator.py
[2026-05-30T11:58:12.641+0000] {logging_mixin.py:188} INFO - [2026-05-30T11:58:12.641+0000] {dag.py:3047} INFO - Sync 3 DAGs
[2026-05-30T11:58:12.659+0000] {logging_mixin.py:188} INFO - [2026-05-30T11:58:12.658+0000] {dag.py:3834} INFO - Setting next_dagrun for example_subdag_operator to 2022-01-01 00:00:00+00:00, run_after=2022-01-01 00:00:00+00:00
[2026-05-30T11:58:12.662+0000] {logging_mixin.py:188} INFO - [2026-05-30T11:58:12.662+0000] {dag.py:3834} INFO - Setting next_dagrun for example_subdag_operator.section-1 to None, run_after=None
[2026-05-30T11:58:12.664+0000] {logging_mixin.py:188} INFO - [2026-05-30T11:58:12.664+0000] {dag.py:3834} INFO - Setting next_dagrun for example_subdag_operator.section-2 to None, run_after=None
[2026-05-30T11:58:12.673+0000] {logging_mixin.py:188} INFO - [2026-05-30T11:58:12.673+0000] {dag.py:3047} INFO - Sync 2 DAGs
[2026-05-30T11:58:12.678+0000] {logging_mixin.py:188} INFO - [2026-05-30T11:58:12.678+0000] {dag.py:3834} INFO - Setting next_dagrun for example_subdag_operator.section-1 to None, run_after=None
[2026-05-30T11:58:12.680+0000] {logging_mixin.py:188} INFO - [2026-05-30T11:58:12.680+0000] {dag.py:3834} INFO - Setting next_dagrun for example_subdag_operator.section-2 to None, run_after=None
[2026-05-30T11:58:12.691+0000] {processor.py:183} INFO - Processing /home/airflow/.local/lib/python3.8/site-packages/airflow/example_dags/example_subdag_operator.py took 0.094 seconds
[2026-05-30T11:58:43.294+0000] {processor.py:161} INFO - Started process (PID=2216) to work on /home/airflow/.local/lib/python3.8/site-packages/airflow/example_dags/example_subdag_operator.py
[2026-05-30T11:58:43.295+0000] {processor.py:830} INFO - Processing file /home/airflow/.local/lib/python3.8/site-packages/airflow/example_dags/example_subdag_operator.py for tasks to queue
[2026-05-30T11:58:43.297+0000] {logging_mixin.py:188} INFO - [2026-05-30T11:58:43.297+0000] {dagbag.py:540} INFO - Filling up the DagBag from /home/airflow/.local/lib/python3.8/site-packages/airflow/example_dags/example_subdag_operator.py
[2026-05-30T11:58:43.321+0000] {processor.py:840} INFO - DAG(s) 'example_subdag_operator.section-1', 'example_subdag_operator.section-2', 'example_subdag_operator' retrieved from /home/airflow/.local/lib/python3.8/site-packages/airflow/example_dags/example_subdag_operator.py
[2026-05-30T11:58:43.334+0000] {logging_mixin.py:188} INFO - [2026-05-30T11:58:43.334+0000] {dag.py:3047} INFO - Sync 3 DAGs
[2026-05-30T11:58:43.351+0000] {logging_mixin.py:188} INFO - [2026-05-30T11:58:43.351+0000] {dag.py:3834} INFO - Setting next_dagrun for example_subdag_operator to 2022-01-01 00:00:00+00:00, run_after=2022-01-01 00:00:00+00:00
[2026-05-30T11:58:43.355+0000] {logging_mixin.py:188} INFO - [2026-05-30T11:58:43.355+0000] {dag.py:3834} INFO - Setting next_dagrun for example_subdag_operator.section-1 to None, run_after=None
[2026-05-30T11:58:43.357+0000] {logging_mixin.py:188} INFO - [2026-05-30T11:58:43.357+0000] {dag.py:3834} INFO - Setting next_dagrun for example_subdag_operator.section-2 to None, run_after=None
[2026-05-30T11:58:43.366+0000] {logging_mixin.py:188} INFO - [2026-05-30T11:58:43.366+0000] {dag.py:3047} INFO - Sync 2 DAGs
[2026-05-30T11:58:43.372+0000] {logging_mixin.py:188} INFO - [2026-05-30T11:58:43.371+0000] {dag.py:3834} INFO - Setting next_dagrun for example_subdag_operator.section-1 to None, run_after=None
[2026-05-30T11:58:43.373+0000] {logging_mixin.py:188} INFO - [2026-05-30T11:58:43.373+0000] {dag.py:3834} INFO - Setting next_dagrun for example_subdag_operator.section-2 to None, run_after=None
[2026-05-30T11:58:43.388+0000] {processor.py:183} INFO - Processing /home/airflow/.local/lib/python3.8/site-packages/airflow/example_dags/example_subdag_operator.py took 0.097 seconds
[2026-05-30T11:59:13.477+0000] {processor.py:161} INFO - Started process (PID=2271) to work on /home/airflow/.local/lib/python3.8/site-packages/airflow/example_dags/example_subdag_operator.py
[2026-05-30T11:59:13.478+0000] {processor.py:830} INFO - Processing file /home/airflow/.local/lib/python3.8/site-packages/airflow/example_dags/example_subdag_operator.py for tasks to queue
[2026-05-30T11:59:13.480+0000] {logging_mixin.py:188} INFO - [2026-05-30T11:59:13.480+0000] {dagbag.py:540} INFO - Filling up the DagBag from /home/airflow/.local/lib/python3.8/site-packages/airflow/example_dags/example_subdag_operator.py
[2026-05-30T11:59:13.502+0000] {processor.py:840} INFO - DAG(s) 'example_subdag_operator.section-1', 'example_subdag_operator.section-2', 'example_subdag_operator' retrieved from /home/airflow/.local/lib/python3.8/site-packages/airflow/example_dags/example_subdag_operator.py
[2026-05-30T11:59:13.513+0000] {logging_mixin.py:188} INFO - [2026-05-30T11:59:13.513+0000] {dag.py:3047} INFO - Sync 3 DAGs
[2026-05-30T11:59:13.528+0000] {logging_mixin.py:188} INFO - [2026-05-30T11:59:13.528+0000] {dag.py:3834} INFO - Setting next_dagrun for example_subdag_operator to 2022-01-01 00:00:00+00:00, run_after=2022-01-01 00:00:00+00:00
[2026-05-30T11:59:13.532+0000] {logging_mixin.py:188} INFO - [2026-05-30T11:59:13.532+0000] {dag.py:3834} INFO - Setting next_dagrun for example_subdag_operator.section-1 to None, run_after=None
[2026-05-30T11:59:13.534+0000] {logging_mixin.py:188} INFO - [2026-05-30T11:59:13.534+0000] {dag.py:3834} INFO - Setting next_dagrun for example_subdag_operator.section-2 to None, run_after=None
[2026-05-30T11:59:13.542+0000] {logging_mixin.py:188} INFO - [2026-05-30T11:59:13.542+0000] {dag.py:3047} INFO - Sync 2 DAGs
[2026-05-30T11:59:13.547+0000] {logging_mixin.py:188} INFO - [2026-05-30T11:59:13.547+0000] {dag.py:3834} INFO - Setting next_dagrun for example_subdag_operator.section-1 to None, run_after=None
[2026-05-30T11:59:13.548+0000] {logging_mixin.py:188} INFO - [2026-05-30T11:59:13.548+0000] {dag.py:3834} INFO - Setting next_dagrun for example_subdag_operator.section-2 to None, run_after=None
[2026-05-30T11:59:13.562+0000] {processor.py:183} INFO - Processing /home/airflow/.local/lib/python3.8/site-packages/airflow/example_dags/example_subdag_operator.py took 0.088 seconds
[2026-05-30T11:59:43.742+0000] {processor.py:161} INFO - Started process (PID=2326) to work on /home/airflow/.local/lib/python3.8/site-packages/airflow/example_dags/example_subdag_operator.py
[2026-05-30T11:59:43.743+0000] {processor.py:830} INFO - Processing file /home/airflow/.local/lib/python3.8/site-packages/airflow/example_dags/example_subdag_operator.py for tasks to queue
[2026-05-30T11:59:43.744+0000] {logging_mixin.py:188} INFO - [2026-05-30T11:59:43.744+0000] {dagbag.py:540} INFO - Filling up the DagBag from /home/airflow/.local/lib/python3.8/site-packages/airflow/example_dags/example_subdag_operator.py
[2026-05-30T11:59:43.766+0000] {processor.py:840} INFO - DAG(s) 'example_subdag_operator.section-1', 'example_subdag_operator.section-2', 'example_subdag_operator' retrieved from /home/airflow/.local/lib/python3.8/site-packages/airflow/example_dags/example_subdag_operator.py
[2026-05-30T11:59:43.778+0000] {logging_mixin.py:188} INFO - [2026-05-30T11:59:43.778+0000] {dag.py:3047} INFO - Sync 3 DAGs
[2026-05-30T11:59:43.796+0000] {logging_mixin.py:188} INFO - [2026-05-30T11:59:43.795+0000] {dag.py:3834} INFO - Setting next_dagrun for example_subdag_operator to 2022-01-01 00:00:00+00:00, run_after=2022-01-01 00:00:00+00:00
[2026-05-30T11:59:43.800+0000] {logging_mixin.py:188} INFO - [2026-05-30T11:59:43.800+0000] {dag.py:3834} INFO - Setting next_dagrun for example_subdag_operator.section-1 to None, run_after=None
[2026-05-30T11:59:43.802+0000] {logging_mixin.py:188} INFO - [2026-05-30T11:59:43.801+0000] {dag.py:3834} INFO - Setting next_dagrun for example_subdag_operator.section-2 to None, run_after=None
[2026-05-30T11:59:43.808+0000] {logging_mixin.py:188} INFO - [2026-05-30T11:59:43.807+0000] {dag.py:3047} INFO - Sync 2 DAGs
[2026-05-30T11:59:43.812+0000] {logging_mixin.py:188} INFO - [2026-05-30T11:59:43.812+0000] {dag.py:3834} INFO - Setting next_dagrun for example_subdag_operator.section-1 to None, run_after=None
[2026-05-30T11:59:43.814+0000] {logging_mixin.py:188} INFO - [2026-05-30T11:59:43.813+0000] {dag.py:3834} INFO - Setting next_dagrun for example_subdag_operator.section-2 to None, run_after=None
[2026-05-30T11:59:43.828+0000] {processor.py:183} INFO - Processing /home/airflow/.local/lib/python3.8/site-packages/airflow/example_dags/example_subdag_operator.py took 0.089 seconds
[2026-05-30T12:00:14.037+0000] {processor.py:161} INFO - Started process (PID=2381) to work on /home/airflow/.local/lib/python3.8/site-packages/airflow/example_dags/example_subdag_operator.py
[2026-05-30T12:00:14.038+0000] {processor.py:830} INFO - Processing file /home/airflow/.local/lib/python3.8/site-packages/airflow/example_dags/example_subdag_operator.py for tasks to queue
[2026-05-30T12:00:14.041+0000] {logging_mixin.py:188} INFO - [2026-05-30T12:00:14.040+0000] {dagbag.py:540} INFO - Filling up the DagBag from /home/airflow/.local/lib/python3.8/site-packages/airflow/example_dags/example_subdag_operator.py
[2026-05-30T12:00:14.064+0000] {processor.py:840} INFO - DAG(s) 'example_subdag_operator.section-1', 'example_subdag_operator.section-2', 'example_subdag_operator' retrieved from /home/airflow/.local/lib/python3.8/site-packages/airflow/example_dags/example_subdag_operator.py
[2026-05-30T12:00:14.087+0000] {logging_mixin.py:188} INFO - [2026-05-30T12:00:14.086+0000] {dag.py:3047} INFO - Sync 3 DAGs
[2026-05-30T12:00:14.105+0000] {logging_mixin.py:188} INFO - [2026-05-30T12:00:14.105+0000] {dag.py:3834} INFO - Setting next_dagrun for example_subdag_operator to 2022-01-01 00:00:00+00:00, run_after=2022-01-01 00:00:00+00:00
[2026-05-30T12:00:14.110+0000] {logging_mixin.py:188} INFO - [2026-05-30T12:00:14.110+0000] {dag.py:3834} INFO - Setting next_dagrun for example_subdag_operator.section-1 to None, run_after=None
[2026-05-30T12:00:14.115+0000] {logging_mixin.py:188} INFO - [2026-05-30T12:00:14.114+0000] {dag.py:3834} INFO - Setting next_dagrun for example_subdag_operator.section-2 to None, run_after=None
[2026-05-30T12:00:14.126+0000] {logging_mixin.py:188} INFO - [2026-05-30T12:00:14.125+0000] {dag.py:3047} INFO - Sync 2 DAGs
[2026-05-30T12:00:14.132+0000] {logging_mixin.py:188} INFO - [2026-05-30T12:00:14.132+0000] {dag.py:3834} INFO - Setting next_dagrun for example_subdag_operator.section-1 to None, run_after=None
[2026-05-30T12:00:14.133+0000] {logging_mixin.py:188} INFO - [2026-05-30T12:00:14.133+0000] {dag.py:3834} INFO - Setting next_dagrun for example_subdag_operator.section-2 to None, run_after=None
[2026-05-30T12:00:14.143+0000] {processor.py:183} INFO - Processing /home/airflow/.local/lib/python3.8/site-packages/airflow/example_dags/example_subdag_operator.py took 0.109 seconds
[2026-05-30T12:00:44.388+0000] {processor.py:161} INFO - Started process (PID=2436) to work on /home/airflow/.local/lib/python3.8/site-packages/airflow/example_dags/example_subdag_operator.py
[2026-05-30T12:00:44.389+0000] {processor.py:830} INFO - Processing file /home/airflow/.local/lib/python3.8/site-packages/airflow/example_dags/example_subdag_operator.py for tasks to queue
[2026-05-30T12:00:44.392+0000] {logging_mixin.py:188} INFO - [2026-05-30T12:00:44.391+0000] {dagbag.py:540} INFO - Filling up the DagBag from /home/airflow/.local/lib/python3.8/site-packages/airflow/example_dags/example_subdag_operator.py
[2026-05-30T12:00:44.412+0000] {processor.py:840} INFO - DAG(s) 'example_subdag_operator.section-1', 'example_subdag_operator.section-2', 'example_subdag_operator' retrieved from /home/airflow/.local/lib/python3.8/site-packages/airflow/example_dags/example_subdag_operator.py
[2026-05-30T12:00:44.424+0000] {logging_mixin.py:188} INFO - [2026-05-30T12:00:44.423+0000] {dag.py:3047} INFO - Sync 3 DAGs
[2026-05-30T12:00:44.442+0000] {logging_mixin.py:188} INFO - [2026-05-30T12:00:44.442+0000] {dag.py:3834} INFO - Setting next_dagrun for example_subdag_operator to 2022-01-01 00:00:00+00:00, run_after=2022-01-01 00:00:00+00:00
[2026-05-30T12:00:44.446+0000] {logging_mixin.py:188} INFO - [2026-05-30T12:00:44.446+0000] {dag.py:3834} INFO - Setting next_dagrun for example_subdag_operator.section-1 to None, run_after=None
[2026-05-30T12:00:44.448+0000] {logging_mixin.py:188} INFO - [2026-05-30T12:00:44.448+0000] {dag.py:3834} INFO - Setting next_dagrun for example_subdag_operator.section-2 to None, run_after=None
[2026-05-30T12:00:44.455+0000] {logging_mixin.py:188} INFO - [2026-05-30T12:00:44.455+0000] {dag.py:3047} INFO - Sync 2 DAGs
[2026-05-30T12:00:44.460+0000] {logging_mixin.py:188} INFO - [2026-05-30T12:00:44.460+0000] {dag.py:3834} INFO - Setting next_dagrun for example_subdag_operator.section-1 to None, run_after=None
[2026-05-30T12:00:44.461+0000] {logging_mixin.py:188} INFO - [2026-05-30T12:00:44.461+0000] {dag.py:3834} INFO - Setting next_dagrun for example_subdag_operator.section-2 to None, run_after=None
[2026-05-30T12:00:44.472+0000] {processor.py:183} INFO - Processing /home/airflow/.local/lib/python3.8/site-packages/airflow/example_dags/example_subdag_operator.py took 0.086 seconds
[2026-05-30T12:01:14.619+0000] {processor.py:161} INFO - Started process (PID=2491) to work on /home/airflow/.local/lib/python3.8/site-packages/airflow/example_dags/example_subdag_operator.py
[2026-05-30T12:01:14.621+0000] {processor.py:830} INFO - Processing file /home/airflow/.local/lib/python3.8/site-packages/airflow/example_dags/example_subdag_operator.py for tasks to queue
[2026-05-30T12:01:14.623+0000] {logging_mixin.py:188} INFO - [2026-05-30T12:01:14.623+0000] {dagbag.py:540} INFO - Filling up the DagBag from /home/airflow/.local/lib/python3.8/site-packages/airflow/example_dags/example_subdag_operator.py
[2026-05-30T12:01:14.650+0000] {processor.py:840} INFO - DAG(s) 'example_subdag_operator.section-1', 'example_subdag_operator.section-2', 'example_subdag_operator' retrieved from /home/airflow/.local/lib/python3.8/site-packages/airflow/example_dags/example_subdag_operator.py
[2026-05-30T12:01:14.666+0000] {logging_mixin.py:188} INFO - [2026-05-30T12:01:14.666+0000] {dag.py:3047} INFO - Sync 3 DAGs
[2026-05-30T12:01:14.685+0000] {logging_mixin.py:188} INFO - [2026-05-30T12:01:14.685+0000] {dag.py:3834} INFO - Setting next_dagrun for example_subdag_operator to 2022-01-01 00:00:00+00:00, run_after=2022-01-01 00:00:00+00:00
[2026-05-30T12:01:14.689+0000] {logging_mixin.py:188} INFO - [2026-05-30T12:01:14.689+0000] {dag.py:3834} INFO - Setting next_dagrun for example_subdag_operator.section-1 to None, run_after=None
[2026-05-30T12:01:14.691+0000] {logging_mixin.py:188} INFO - [2026-05-30T12:01:14.691+0000] {dag.py:3834} INFO - Setting next_dagrun for example_subdag_operator.section-2 to None, run_after=None
[2026-05-30T12:01:14.700+0000] {logging_mixin.py:188} INFO - [2026-05-30T12:01:14.700+0000] {dag.py:3047} INFO - Sync 2 DAGs
[2026-05-30T12:01:14.707+0000] {logging_mixin.py:188} INFO - [2026-05-30T12:01:14.707+0000] {dag.py:3834} INFO - Setting next_dagrun for example_subdag_operator.section-1 to None, run_after=None
[2026-05-30T12:01:14.708+0000] {logging_mixin.py:188} INFO - [2026-05-30T12:01:14.708+0000] {dag.py:3834} INFO - Setting next_dagrun for example_subdag_operator.section-2 to None, run_after=None
[2026-05-30T12:01:14.720+0000] {processor.py:183} INFO - Processing /home/airflow/.local/lib/python3.8/site-packages/airflow/example_dags/example_subdag_operator.py took 0.104 seconds
[2026-05-30T12:01:44.905+0000] {processor.py:161} INFO - Started process (PID=2546) to work on /home/airflow/.local/lib/python3.8/site-packages/airflow/example_dags/example_subdag_operator.py
[2026-05-30T12:01:44.906+0000] {processor.py:830} INFO - Processing file /home/airflow/.local/lib/python3.8/site-packages/airflow/example_dags/example_subdag_operator.py for tasks to queue
[2026-05-30T12:01:44.908+0000] {logging_mixin.py:188} INFO - [2026-05-30T12:01:44.907+0000] {dagbag.py:540} INFO - Filling up the DagBag from /home/airflow/.local/lib/python3.8/site-packages/airflow/example_dags/example_subdag_operator.py
[2026-05-30T12:01:44.931+0000] {processor.py:840} INFO - DAG(s) 'example_subdag_operator.section-1', 'example_subdag_operator.section-2', 'example_subdag_operator' retrieved from /home/airflow/.local/lib/python3.8/site-packages/airflow/example_dags/example_subdag_operator.py
[2026-05-30T12:01:44.943+0000] {logging_mixin.py:188} INFO - [2026-05-30T12:01:44.943+0000] {dag.py:3047} INFO - Sync 3 DAGs
[2026-05-30T12:01:44.959+0000] {logging_mixin.py:188} INFO - [2026-05-30T12:01:44.959+0000] {dag.py:3834} INFO - Setting next_dagrun for example_subdag_operator to 2022-01-01 00:00:00+00:00, run_after=2022-01-01 00:00:00+00:00
[2026-05-30T12:01:44.963+0000] {logging_mixin.py:188} INFO - [2026-05-30T12:01:44.963+0000] {dag.py:3834} INFO - Setting next_dagrun for example_subdag_operator.section-1 to None, run_after=None
[2026-05-30T12:01:44.965+0000] {logging_mixin.py:188} INFO - [2026-05-30T12:01:44.964+0000] {dag.py:3834} INFO - Setting next_dagrun for example_subdag_operator.section-2 to None, run_after=None
[2026-05-30T12:01:44.973+0000] {logging_mixin.py:188} INFO - [2026-05-30T12:01:44.973+0000] {dag.py:3047} INFO - Sync 2 DAGs
[2026-05-30T12:01:44.981+0000] {logging_mixin.py:188} INFO - [2026-05-30T12:01:44.981+0000] {dag.py:3834} INFO - Setting next_dagrun for example_subdag_operator.section-1 to None, run_after=None
[2026-05-30T12:01:44.989+0000] {logging_mixin.py:188} INFO - [2026-05-30T12:01:44.989+0000] {dag.py:3834} INFO - Setting next_dagrun for example_subdag_operator.section-2 to None, run_after=None
[2026-05-30T12:01:45.000+0000] {processor.py:183} INFO - Processing /home/airflow/.local/lib/python3.8/site-packages/airflow/example_dags/example_subdag_operator.py took 0.098 seconds
[2026-05-30T12:02:15.244+0000] {processor.py:161} INFO - Started process (PID=2602) to work on /home/airflow/.local/lib/python3.8/site-packages/airflow/example_dags/example_subdag_operator.py
[2026-05-30T12:02:15.246+0000] {processor.py:830} INFO - Processing file /home/airflow/.local/lib/python3.8/site-packages/airflow/example_dags/example_subdag_operator.py for tasks to queue
[2026-05-30T12:02:15.247+0000] {logging_mixin.py:188} INFO - [2026-05-30T12:02:15.247+0000] {dagbag.py:540} INFO - Filling up the DagBag from /home/airflow/.local/lib/python3.8/site-packages/airflow/example_dags/example_subdag_operator.py
[2026-05-30T12:02:15.273+0000] {processor.py:840} INFO - DAG(s) 'example_subdag_operator.section-1', 'example_subdag_operator.section-2', 'example_subdag_operator' retrieved from /home/airflow/.local/lib/python3.8/site-packages/airflow/example_dags/example_subdag_operator.py
[2026-05-30T12:02:15.288+0000] {logging_mixin.py:188} INFO - [2026-05-30T12:02:15.288+0000] {dag.py:3047} INFO - Sync 3 DAGs
[2026-05-30T12:02:15.315+0000] {logging_mixin.py:188} INFO - [2026-05-30T12:02:15.315+0000] {dag.py:3834} INFO - Setting next_dagrun for example_subdag_operator to 2022-01-01 00:00:00+00:00, run_after=2022-01-01 00:00:00+00:00
[2026-05-30T12:02:15.319+0000] {logging_mixin.py:188} INFO - [2026-05-30T12:02:15.319+0000] {dag.py:3834} INFO - Setting next_dagrun for example_subdag_operator.section-1 to None, run_after=None
[2026-05-30T12:02:15.324+0000] {logging_mixin.py:188} INFO - [2026-05-30T12:02:15.323+0000] {dag.py:3834} INFO - Setting next_dagrun for example_subdag_operator.section-2 to None, run_after=None
[2026-05-30T12:02:15.332+0000] {logging_mixin.py:188} INFO - [2026-05-30T12:02:15.332+0000] {dag.py:3047} INFO - Sync 2 DAGs
[2026-05-30T12:02:15.340+0000] {logging_mixin.py:188} INFO - [2026-05-30T12:02:15.339+0000] {dag.py:3834} INFO - Setting next_dagrun for example_subdag_operator.section-1 to None, run_after=None
[2026-05-30T12:02:15.341+0000] {logging_mixin.py:188} INFO - [2026-05-30T12:02:15.340+0000] {dag.py:3834} INFO - Setting next_dagrun for example_subdag_operator.section-2 to None, run_after=None
[2026-05-30T12:02:15.357+0000] {processor.py:183} INFO - Processing /home/airflow/.local/lib/python3.8/site-packages/airflow/example_dags/example_subdag_operator.py took 0.115 seconds
[2026-05-30T12:02:45.942+0000] {processor.py:161} INFO - Started process (PID=2657) to work on /home/airflow/.local/lib/python3.8/site-packages/airflow/example_dags/example_subdag_operator.py
[2026-05-30T12:02:45.944+0000] {processor.py:830} INFO - Processing file /home/airflow/.local/lib/python3.8/site-packages/airflow/example_dags/example_subdag_operator.py for tasks to queue
[2026-05-30T12:02:45.946+0000] {logging_mixin.py:188} INFO - [2026-05-30T12:02:45.945+0000] {dagbag.py:540} INFO - Filling up the DagBag from /home/airflow/.local/lib/python3.8/site-packages/airflow/example_dags/example_subdag_operator.py
[2026-05-30T12:02:45.971+0000] {processor.py:840} INFO - DAG(s) 'example_subdag_operator.section-1', 'example_subdag_operator.section-2', 'example_subdag_operator' retrieved from /home/airflow/.local/lib/python3.8/site-packages/airflow/example_dags/example_subdag_operator.py
[2026-05-30T12:02:45.986+0000] {logging_mixin.py:188} INFO - [2026-05-30T12:02:45.985+0000] {dag.py:3047} INFO - Sync 3 DAGs
[2026-05-30T12:02:46.006+0000] {logging_mixin.py:188} INFO - [2026-05-30T12:02:46.005+0000] {dag.py:3834} INFO - Setting next_dagrun for example_subdag_operator to 2022-01-01 00:00:00+00:00, run_after=2022-01-01 00:00:00+00:00
[2026-05-30T12:02:46.009+0000] {logging_mixin.py:188} INFO - [2026-05-30T12:02:46.009+0000] {dag.py:3834} INFO - Setting next_dagrun for example_subdag_operator.section-1 to None, run_after=None
[2026-05-30T12:02:46.011+0000] {logging_mixin.py:188} INFO - [2026-05-30T12:02:46.011+0000] {dag.py:3834} INFO - Setting next_dagrun for example_subdag_operator.section-2 to None, run_after=None
[2026-05-30T12:02:46.020+0000] {logging_mixin.py:188} INFO - [2026-05-30T12:02:46.020+0000] {dag.py:3047} INFO - Sync 2 DAGs
[2026-05-30T12:02:46.027+0000] {logging_mixin.py:188} INFO - [2026-05-30T12:02:46.026+0000] {dag.py:3834} INFO - Setting next_dagrun for example_subdag_operator.section-1 to None, run_after=None
[2026-05-30T12:02:46.028+0000] {logging_mixin.py:188} INFO - [2026-05-30T12:02:46.027+0000] {dag.py:3834} INFO - Setting next_dagrun for example_subdag_operator.section-2 to None, run_after=None
[2026-05-30T12:02:46.042+0000] {processor.py:183} INFO - Processing /home/airflow/.local/lib/python3.8/site-packages/airflow/example_dags/example_subdag_operator.py took 0.103 seconds
[2026-05-30T12:03:16.638+0000] {processor.py:161} INFO - Started process (PID=2712) to work on /home/airflow/.local/lib/python3.8/site-packages/airflow/example_dags/example_subdag_operator.py
[2026-05-30T12:03:16.639+0000] {processor.py:830} INFO - Processing file /home/airflow/.local/lib/python3.8/site-packages/airflow/example_dags/example_subdag_operator.py for tasks to queue
[2026-05-30T12:03:16.641+0000] {logging_mixin.py:188} INFO - [2026-05-30T12:03:16.641+0000] {dagbag.py:540} INFO - Filling up the DagBag from /home/airflow/.local/lib/python3.8/site-packages/airflow/example_dags/example_subdag_operator.py
[2026-05-30T12:03:16.666+0000] {processor.py:840} INFO - DAG(s) 'example_subdag_operator.section-1', 'example_subdag_operator.section-2', 'example_subdag_operator' retrieved from /home/airflow/.local/lib/python3.8/site-packages/airflow/example_dags/example_subdag_operator.py
[2026-05-30T12:03:16.679+0000] {logging_mixin.py:188} INFO - [2026-05-30T12:03:16.679+0000] {dag.py:3047} INFO - Sync 3 DAGs
[2026-05-30T12:03:16.698+0000] {logging_mixin.py:188} INFO - [2026-05-30T12:03:16.697+0000] {dag.py:3834} INFO - Setting next_dagrun for example_subdag_operator to 2022-01-01 00:00:00+00:00, run_after=2022-01-01 00:00:00+00:00
[2026-05-30T12:03:16.702+0000] {logging_mixin.py:188} INFO - [2026-05-30T12:03:16.701+0000] {dag.py:3834} INFO - Setting next_dagrun for example_subdag_operator.section-1 to None, run_after=None
[2026-05-30T12:03:16.704+0000] {logging_mixin.py:188} INFO - [2026-05-30T12:03:16.703+0000] {dag.py:3834} INFO - Setting next_dagrun for example_subdag_operator.section-2 to None, run_after=None
[2026-05-30T12:03:16.711+0000] {logging_mixin.py:188} INFO - [2026-05-30T12:03:16.711+0000] {dag.py:3047} INFO - Sync 2 DAGs
[2026-05-30T12:03:16.719+0000] {logging_mixin.py:188} INFO - [2026-05-30T12:03:16.719+0000] {dag.py:3834} INFO - Setting next_dagrun for example_subdag_operator.section-1 to None, run_after=None
[2026-05-30T12:03:16.720+0000] {logging_mixin.py:188} INFO - [2026-05-30T12:03:16.720+0000] {dag.py:3834} INFO - Setting next_dagrun for example_subdag_operator.section-2 to None, run_after=None
[2026-05-30T12:03:16.732+0000] {processor.py:183} INFO - Processing /home/airflow/.local/lib/python3.8/site-packages/airflow/example_dags/example_subdag_operator.py took 0.097 seconds
[2026-05-30T12:03:47.123+0000] {processor.py:161} INFO - Started process (PID=2767) to work on /home/airflow/.local/lib/python3.8/site-packages/airflow/example_dags/example_subdag_operator.py
[2026-05-30T12:03:47.125+0000] {processor.py:830} INFO - Processing file /home/airflow/.local/lib/python3.8/site-packages/airflow/example_dags/example_subdag_operator.py for tasks to queue
[2026-05-30T12:03:47.128+0000] {logging_mixin.py:188} INFO - [2026-05-30T12:03:47.127+0000] {dagbag.py:540} INFO - Filling up the DagBag from /home/airflow/.local/lib/python3.8/site-packages/airflow/example_dags/example_subdag_operator.py
[2026-05-30T12:03:47.157+0000] {processor.py:840} INFO - DAG(s) 'example_subdag_operator.section-1', 'example_subdag_operator.section-2', 'example_subdag_operator' retrieved from /home/airflow/.local/lib/python3.8/site-packages/airflow/example_dags/example_subdag_operator.py
[2026-05-30T12:03:47.179+0000] {logging_mixin.py:188} INFO - [2026-05-30T12:03:47.178+0000] {dag.py:3047} INFO - Sync 3 DAGs
[2026-05-30T12:03:47.200+0000] {logging_mixin.py:188} INFO - [2026-05-30T12:03:47.200+0000] {dag.py:3834} INFO - Setting next_dagrun for example_subdag_operator to 2022-01-01 00:00:00+00:00, run_after=2022-01-01 00:00:00+00:00
[2026-05-30T12:03:47.204+0000] {logging_mixin.py:188} INFO - [2026-05-30T12:03:47.204+0000] {dag.py:3834} INFO - Setting next_dagrun for example_subdag_operator.section-1 to None, run_after=None
[2026-05-30T12:03:47.205+0000] {logging_mixin.py:188} INFO - [2026-05-30T12:03:47.205+0000] {dag.py:3834} INFO - Setting next_dagrun for example_subdag_operator.section-2 to None, run_after=None
[2026-05-30T12:03:47.214+0000] {logging_mixin.py:188} INFO - [2026-05-30T12:03:47.214+0000] {dag.py:3047} INFO - Sync 2 DAGs
[2026-05-30T12:03:47.222+0000] {logging_mixin.py:188} INFO - [2026-05-30T12:03:47.221+0000] {dag.py:3834} INFO - Setting next_dagrun for example_subdag_operator.section-1 to None, run_after=None
[2026-05-30T12:03:47.223+0000] {logging_mixin.py:188} INFO - [2026-05-30T12:03:47.223+0000] {dag.py:3834} INFO - Setting next_dagrun for example_subdag_operator.section-2 to None, run_after=None
[2026-05-30T12:03:47.237+0000] {processor.py:183} INFO - Processing /home/airflow/.local/lib/python3.8/site-packages/airflow/example_dags/example_subdag_operator.py took 0.116 seconds
[2026-05-30T12:04:17.551+0000] {processor.py:161} INFO - Started process (PID=2822) to work on /home/airflow/.local/lib/python3.8/site-packages/airflow/example_dags/example_subdag_operator.py
[2026-05-30T12:04:17.553+0000] {processor.py:830} INFO - Processing file /home/airflow/.local/lib/python3.8/site-packages/airflow/example_dags/example_subdag_operator.py for tasks to queue
[2026-05-30T12:04:17.556+0000] {logging_mixin.py:188} INFO - [2026-05-30T12:04:17.555+0000] {dagbag.py:540} INFO - Filling up the DagBag from /home/airflow/.local/lib/python3.8/site-packages/airflow/example_dags/example_subdag_operator.py
[2026-05-30T12:04:17.584+0000] {processor.py:840} INFO - DAG(s) 'example_subdag_operator.section-1', 'example_subdag_operator.section-2', 'example_subdag_operator' retrieved from /home/airflow/.local/lib/python3.8/site-packages/airflow/example_dags/example_subdag_operator.py
[2026-05-30T12:04:17.601+0000] {logging_mixin.py:188} INFO - [2026-05-30T12:04:17.600+0000] {dag.py:3047} INFO - Sync 3 DAGs
[2026-05-30T12:04:17.622+0000] {logging_mixin.py:188} INFO - [2026-05-30T12:04:17.622+0000] {dag.py:3834} INFO - Setting next_dagrun for example_subdag_operator to 2022-01-01 00:00:00+00:00, run_after=2022-01-01 00:00:00+00:00
[2026-05-30T12:04:17.626+0000] {logging_mixin.py:188} INFO - [2026-05-30T12:04:17.626+0000] {dag.py:3834} INFO - Setting next_dagrun for example_subdag_operator.section-1 to None, run_after=None
[2026-05-30T12:04:17.628+0000] {logging_mixin.py:188} INFO - [2026-05-30T12:04:17.627+0000] {dag.py:3834} INFO - Setting next_dagrun for example_subdag_operator.section-2 to None, run_after=None
[2026-05-30T12:04:17.637+0000] {logging_mixin.py:188} INFO - [2026-05-30T12:04:17.636+0000] {dag.py:3047} INFO - Sync 2 DAGs
[2026-05-30T12:04:17.644+0000] {logging_mixin.py:188} INFO - [2026-05-30T12:04:17.644+0000] {dag.py:3834} INFO - Setting next_dagrun for example_subdag_operator.section-1 to None, run_after=None
[2026-05-30T12:04:17.645+0000] {logging_mixin.py:188} INFO - [2026-05-30T12:04:17.645+0000] {dag.py:3834} INFO - Setting next_dagrun for example_subdag_operator.section-2 to None, run_after=None
[2026-05-30T12:04:17.660+0000] {processor.py:183} INFO - Processing /home/airflow/.local/lib/python3.8/site-packages/airflow/example_dags/example_subdag_operator.py took 0.112 seconds
[2026-05-30T12:04:48.056+0000] {processor.py:161} INFO - Started process (PID=2877) to work on /home/airflow/.local/lib/python3.8/site-packages/airflow/example_dags/example_subdag_operator.py
[2026-05-30T12:04:48.057+0000] {processor.py:830} INFO - Processing file /home/airflow/.local/lib/python3.8/site-packages/airflow/example_dags/example_subdag_operator.py for tasks to queue
[2026-05-30T12:04:48.059+0000] {logging_mixin.py:188} INFO - [2026-05-30T12:04:48.059+0000] {dagbag.py:540} INFO - Filling up the DagBag from /home/airflow/.local/lib/python3.8/site-packages/airflow/example_dags/example_subdag_operator.py
[2026-05-30T12:04:48.079+0000] {processor.py:840} INFO - DAG(s) 'example_subdag_operator.section-1', 'example_subdag_operator.section-2', 'example_subdag_operator' retrieved from /home/airflow/.local/lib/python3.8/site-packages/airflow/example_dags/example_subdag_operator.py
[2026-05-30T12:04:48.092+0000] {logging_mixin.py:188} INFO - [2026-05-30T12:04:48.091+0000] {dag.py:3047} INFO - Sync 3 DAGs
[2026-05-30T12:04:48.109+0000] {logging_mixin.py:188} INFO - [2026-05-30T12:04:48.109+0000] {dag.py:3834} INFO - Setting next_dagrun for example_subdag_operator to 2022-01-01 00:00:00+00:00, run_after=2022-01-01 00:00:00+00:00
[2026-05-30T12:04:48.112+0000] {logging_mixin.py:188} INFO - [2026-05-30T12:04:48.112+0000] {dag.py:3834} INFO - Setting next_dagrun for example_subdag_operator.section-1 to None, run_after=None
[2026-05-30T12:04:48.114+0000] {logging_mixin.py:188} INFO - [2026-05-30T12:04:48.114+0000] {dag.py:3834} INFO - Setting next_dagrun for example_subdag_operator.section-2 to None, run_after=None
[2026-05-30T12:04:48.121+0000] {logging_mixin.py:188} INFO - [2026-05-30T12:04:48.121+0000] {dag.py:3047} INFO - Sync 2 DAGs
[2026-05-30T12:04:48.128+0000] {logging_mixin.py:188} INFO - [2026-05-30T12:04:48.127+0000] {dag.py:3834} INFO - Setting next_dagrun for example_subdag_operator.section-1 to None, run_after=None
[2026-05-30T12:04:48.128+0000] {logging_mixin.py:188} INFO - [2026-05-30T12:04:48.128+0000] {dag.py:3834} INFO - Setting next_dagrun for example_subdag_operator.section-2 to None, run_after=None
[2026-05-30T12:04:48.140+0000] {processor.py:183} INFO - Processing /home/airflow/.local/lib/python3.8/site-packages/airflow/example_dags/example_subdag_operator.py took 0.087 seconds
[2026-05-30T12:05:18.304+0000] {processor.py:161} INFO - Started process (PID=2932) to work on /home/airflow/.local/lib/python3.8/site-packages/airflow/example_dags/example_subdag_operator.py
[2026-05-30T12:05:18.308+0000] {processor.py:830} INFO - Processing file /home/airflow/.local/lib/python3.8/site-packages/airflow/example_dags/example_subdag_operator.py for tasks to queue
[2026-05-30T12:05:18.310+0000] {logging_mixin.py:188} INFO - [2026-05-30T12:05:18.310+0000] {dagbag.py:540} INFO - Filling up the DagBag from /home/airflow/.local/lib/python3.8/site-packages/airflow/example_dags/example_subdag_operator.py
[2026-05-30T12:05:18.332+0000] {processor.py:840} INFO - DAG(s) 'example_subdag_operator.section-1', 'example_subdag_operator.section-2', 'example_subdag_operator' retrieved from /home/airflow/.local/lib/python3.8/site-packages/airflow/example_dags/example_subdag_operator.py
[2026-05-30T12:05:18.345+0000] {logging_mixin.py:188} INFO - [2026-05-30T12:05:18.344+0000] {dag.py:3047} INFO - Sync 3 DAGs
[2026-05-30T12:05:18.363+0000] {logging_mixin.py:188} INFO - [2026-05-30T12:05:18.362+0000] {dag.py:3834} INFO - Setting next_dagrun for example_subdag_operator to 2022-01-01 00:00:00+00:00, run_after=2022-01-01 00:00:00+00:00
[2026-05-30T12:05:18.367+0000] {logging_mixin.py:188} INFO - [2026-05-30T12:05:18.367+0000] {dag.py:3834} INFO - Setting next_dagrun for example_subdag_operator.section-1 to None, run_after=None
[2026-05-30T12:05:18.369+0000] {logging_mixin.py:188} INFO - [2026-05-30T12:05:18.369+0000] {dag.py:3834} INFO - Setting next_dagrun for example_subdag_operator.section-2 to None, run_after=None
[2026-05-30T12:05:18.376+0000] {logging_mixin.py:188} INFO - [2026-05-30T12:05:18.376+0000] {dag.py:3047} INFO - Sync 2 DAGs
[2026-05-30T12:05:18.383+0000] {logging_mixin.py:188} INFO - [2026-05-30T12:05:18.383+0000] {dag.py:3834} INFO - Setting next_dagrun for example_subdag_operator.section-1 to None, run_after=None
[2026-05-30T12:05:18.384+0000] {logging_mixin.py:188} INFO - [2026-05-30T12:05:18.384+0000] {dag.py:3834} INFO - Setting next_dagrun for example_subdag_operator.section-2 to None, run_after=None
[2026-05-30T12:05:18.398+0000] {processor.py:183} INFO - Processing /home/airflow/.local/lib/python3.8/site-packages/airflow/example_dags/example_subdag_operator.py took 0.097 seconds
[2026-05-30T12:05:48.447+0000] {processor.py:161} INFO - Started process (PID=2987) to work on /home/airflow/.local/lib/python3.8/site-packages/airflow/example_dags/example_subdag_operator.py
[2026-05-30T12:05:48.448+0000] {processor.py:830} INFO - Processing file /home/airflow/.local/lib/python3.8/site-packages/airflow/example_dags/example_subdag_operator.py for tasks to queue
[2026-05-30T12:05:48.450+0000] {logging_mixin.py:188} INFO - [2026-05-30T12:05:48.450+0000] {dagbag.py:540} INFO - Filling up the DagBag from /home/airflow/.local/lib/python3.8/site-packages/airflow/example_dags/example_subdag_operator.py
[2026-05-30T12:05:48.473+0000] {processor.py:840} INFO - DAG(s) 'example_subdag_operator.section-1', 'example_subdag_operator.section-2', 'example_subdag_operator' retrieved from /home/airflow/.local/lib/python3.8/site-packages/airflow/example_dags/example_subdag_operator.py
[2026-05-30T12:05:48.485+0000] {logging_mixin.py:188} INFO - [2026-05-30T12:05:48.485+0000] {dag.py:3047} INFO - Sync 3 DAGs
[2026-05-30T12:05:48.502+0000] {logging_mixin.py:188} INFO - [2026-05-30T12:05:48.502+0000] {dag.py:3834} INFO - Setting next_dagrun for example_subdag_operator to 2022-01-01 00:00:00+00:00, run_after=2022-01-01 00:00:00+00:00
[2026-05-30T12:05:48.507+0000] {logging_mixin.py:188} INFO - [2026-05-30T12:05:48.507+0000] {dag.py:3834} INFO - Setting next_dagrun for example_subdag_operator.section-1 to None, run_after=None
[2026-05-30T12:05:48.509+0000] {logging_mixin.py:188} INFO - [2026-05-30T12:05:48.509+0000] {dag.py:3834} INFO - Setting next_dagrun for example_subdag_operator.section-2 to None, run_after=None
[2026-05-30T12:05:48.516+0000] {logging_mixin.py:188} INFO - [2026-05-30T12:05:48.516+0000] {dag.py:3047} INFO - Sync 2 DAGs
[2026-05-30T12:05:48.521+0000] {logging_mixin.py:188} INFO - [2026-05-30T12:05:48.521+0000] {dag.py:3834} INFO - Setting next_dagrun for example_subdag_operator.section-1 to None, run_after=None
[2026-05-30T12:05:48.522+0000] {logging_mixin.py:188} INFO - [2026-05-30T12:05:48.522+0000] {dag.py:3834} INFO - Setting next_dagrun for example_subdag_operator.section-2 to None, run_after=None
[2026-05-30T12:05:48.535+0000] {processor.py:183} INFO - Processing /home/airflow/.local/lib/python3.8/site-packages/airflow/example_dags/example_subdag_operator.py took 0.092 seconds
[2026-05-30T12:06:18.576+0000] {processor.py:161} INFO - Started process (PID=3042) to work on /home/airflow/.local/lib/python3.8/site-packages/airflow/example_dags/example_subdag_operator.py
[2026-05-30T12:06:18.578+0000] {processor.py:830} INFO - Processing file /home/airflow/.local/lib/python3.8/site-packages/airflow/example_dags/example_subdag_operator.py for tasks to queue
[2026-05-30T12:06:18.580+0000] {logging_mixin.py:188} INFO - [2026-05-30T12:06:18.579+0000] {dagbag.py:540} INFO - Filling up the DagBag from /home/airflow/.local/lib/python3.8/site-packages/airflow/example_dags/example_subdag_operator.py
[2026-05-30T12:06:18.601+0000] {processor.py:840} INFO - DAG(s) 'example_subdag_operator.section-1', 'example_subdag_operator.section-2', 'example_subdag_operator' retrieved from /home/airflow/.local/lib/python3.8/site-packages/airflow/example_dags/example_subdag_operator.py
[2026-05-30T12:06:18.614+0000] {logging_mixin.py:188} INFO - [2026-05-30T12:06:18.613+0000] {dag.py:3047} INFO - Sync 3 DAGs
[2026-05-30T12:06:18.631+0000] {logging_mixin.py:188} INFO - [2026-05-30T12:06:18.631+0000] {dag.py:3834} INFO - Setting next_dagrun for example_subdag_operator to 2022-01-01 00:00:00+00:00, run_after=2022-01-01 00:00:00+00:00
[2026-05-30T12:06:18.635+0000] {logging_mixin.py:188} INFO - [2026-05-30T12:06:18.635+0000] {dag.py:3834} INFO - Setting next_dagrun for example_subdag_operator.section-1 to None, run_after=None
[2026-05-30T12:06:18.637+0000] {logging_mixin.py:188} INFO - [2026-05-30T12:06:18.636+0000] {dag.py:3834} INFO - Setting next_dagrun for example_subdag_operator.section-2 to None, run_after=None
[2026-05-30T12:06:18.644+0000] {logging_mixin.py:188} INFO - [2026-05-30T12:06:18.644+0000] {dag.py:3047} INFO - Sync 2 DAGs
[2026-05-30T12:06:18.651+0000] {logging_mixin.py:188} INFO - [2026-05-30T12:06:18.651+0000] {dag.py:3834} INFO - Setting next_dagrun for example_subdag_operator.section-1 to None, run_after=None
[2026-05-30T12:06:18.652+0000] {logging_mixin.py:188} INFO - [2026-05-30T12:06:18.652+0000] {dag.py:3834} INFO - Setting next_dagrun for example_subdag_operator.section-2 to None, run_after=None
[2026-05-30T12:06:18.664+0000] {processor.py:183} INFO - Processing /home/airflow/.local/lib/python3.8/site-packages/airflow/example_dags/example_subdag_operator.py took 0.091 seconds
[2026-05-30T12:06:48.755+0000] {processor.py:161} INFO - Started process (PID=3097) to work on /home/airflow/.local/lib/python3.8/site-packages/airflow/example_dags/example_subdag_operator.py
[2026-05-30T12:06:48.757+0000] {processor.py:830} INFO - Processing file /home/airflow/.local/lib/python3.8/site-packages/airflow/example_dags/example_subdag_operator.py for tasks to queue
[2026-05-30T12:06:48.761+0000] {logging_mixin.py:188} INFO - [2026-05-30T12:06:48.761+0000] {dagbag.py:540} INFO - Filling up the DagBag from /home/airflow/.local/lib/python3.8/site-packages/airflow/example_dags/example_subdag_operator.py
[2026-05-30T12:06:48.786+0000] {processor.py:840} INFO - DAG(s) 'example_subdag_operator.section-1', 'example_subdag_operator.section-2', 'example_subdag_operator' retrieved from /home/airflow/.local/lib/python3.8/site-packages/airflow/example_dags/example_subdag_operator.py
[2026-05-30T12:06:48.798+0000] {logging_mixin.py:188} INFO - [2026-05-30T12:06:48.798+0000] {dag.py:3047} INFO - Sync 3 DAGs
[2026-05-30T12:06:48.816+0000] {logging_mixin.py:188} INFO - [2026-05-30T12:06:48.816+0000] {dag.py:3834} INFO - Setting next_dagrun for example_subdag_operator to 2022-01-01 00:00:00+00:00, run_after=2022-01-01 00:00:00+00:00
[2026-05-30T12:06:48.820+0000] {logging_mixin.py:188} INFO - [2026-05-30T12:06:48.820+0000] {dag.py:3834} INFO - Setting next_dagrun for example_subdag_operator.section-1 to None, run_after=None
[2026-05-30T12:06:48.822+0000] {logging_mixin.py:188} INFO - [2026-05-30T12:06:48.822+0000] {dag.py:3834} INFO - Setting next_dagrun for example_subdag_operator.section-2 to None, run_after=None
[2026-05-30T12:06:48.829+0000] {logging_mixin.py:188} INFO - [2026-05-30T12:06:48.828+0000] {dag.py:3047} INFO - Sync 2 DAGs
[2026-05-30T12:06:48.838+0000] {logging_mixin.py:188} INFO - [2026-05-30T12:06:48.837+0000] {dag.py:3834} INFO - Setting next_dagrun for example_subdag_operator.section-1 to None, run_after=None
[2026-05-30T12:06:48.838+0000] {logging_mixin.py:188} INFO - [2026-05-30T12:06:48.838+0000] {dag.py:3834} INFO - Setting next_dagrun for example_subdag_operator.section-2 to None, run_after=None
[2026-05-30T12:06:48.850+0000] {processor.py:183} INFO - Processing /home/airflow/.local/lib/python3.8/site-packages/airflow/example_dags/example_subdag_operator.py took 0.098 seconds
[2026-05-30T12:07:19.460+0000] {processor.py:161} INFO - Started process (PID=3152) to work on /home/airflow/.local/lib/python3.8/site-packages/airflow/example_dags/example_subdag_operator.py
[2026-05-30T12:07:19.461+0000] {processor.py:830} INFO - Processing file /home/airflow/.local/lib/python3.8/site-packages/airflow/example_dags/example_subdag_operator.py for tasks to queue
[2026-05-30T12:07:19.463+0000] {logging_mixin.py:188} INFO - [2026-05-30T12:07:19.463+0000] {dagbag.py:540} INFO - Filling up the DagBag from /home/airflow/.local/lib/python3.8/site-packages/airflow/example_dags/example_subdag_operator.py
[2026-05-30T12:07:19.494+0000] {processor.py:840} INFO - DAG(s) 'example_subdag_operator.section-1', 'example_subdag_operator.section-2', 'example_subdag_operator' retrieved from /home/airflow/.local/lib/python3.8/site-packages/airflow/example_dags/example_subdag_operator.py
[2026-05-30T12:07:19.509+0000] {logging_mixin.py:188} INFO - [2026-05-30T12:07:19.509+0000] {dag.py:3047} INFO - Sync 3 DAGs
[2026-05-30T12:07:19.529+0000] {logging_mixin.py:188} INFO - [2026-05-30T12:07:19.528+0000] {dag.py:3834} INFO - Setting next_dagrun for example_subdag_operator to 2022-01-01 00:00:00+00:00, run_after=2022-01-01 00:00:00+00:00
[2026-05-30T12:07:19.532+0000] {logging_mixin.py:188} INFO - [2026-05-30T12:07:19.532+0000] {dag.py:3834} INFO - Setting next_dagrun for example_subdag_operator.section-1 to None, run_after=None
[2026-05-30T12:07:19.536+0000] {logging_mixin.py:188} INFO - [2026-05-30T12:07:19.536+0000] {dag.py:3834} INFO - Setting next_dagrun for example_subdag_operator.section-2 to None, run_after=None
[2026-05-30T12:07:19.551+0000] {logging_mixin.py:188} INFO - [2026-05-30T12:07:19.551+0000] {dag.py:3047} INFO - Sync 2 DAGs
[2026-05-30T12:07:19.559+0000] {logging_mixin.py:188} INFO - [2026-05-30T12:07:19.559+0000] {dag.py:3834} INFO - Setting next_dagrun for example_subdag_operator.section-1 to None, run_after=None
[2026-05-30T12:07:19.560+0000] {logging_mixin.py:188} INFO - [2026-05-30T12:07:19.560+0000] {dag.py:3834} INFO - Setting next_dagrun for example_subdag_operator.section-2 to None, run_after=None
[2026-05-30T12:07:19.574+0000] {processor.py:183} INFO - Processing /home/airflow/.local/lib/python3.8/site-packages/airflow/example_dags/example_subdag_operator.py took 0.117 seconds
[2026-05-30T12:07:50.029+0000] {processor.py:161} INFO - Started process (PID=3207) to work on /home/airflow/.local/lib/python3.8/site-packages/airflow/example_dags/example_subdag_operator.py
[2026-05-30T12:07:50.030+0000] {processor.py:830} INFO - Processing file /home/airflow/.local/lib/python3.8/site-packages/airflow/example_dags/example_subdag_operator.py for tasks to queue
[2026-05-30T12:07:50.032+0000] {logging_mixin.py:188} INFO - [2026-05-30T12:07:50.032+0000] {dagbag.py:540} INFO - Filling up the DagBag from /home/airflow/.local/lib/python3.8/site-packages/airflow/example_dags/example_subdag_operator.py
[2026-05-30T12:07:50.052+0000] {processor.py:840} INFO - DAG(s) 'example_subdag_operator.section-1', 'example_subdag_operator.section-2', 'example_subdag_operator' retrieved from /home/airflow/.local/lib/python3.8/site-packages/airflow/example_dags/example_subdag_operator.py
[2026-05-30T12:07:50.069+0000] {logging_mixin.py:188} INFO - [2026-05-30T12:07:50.069+0000] {dag.py:3047} INFO - Sync 3 DAGs
[2026-05-30T12:07:50.087+0000] {logging_mixin.py:188} INFO - [2026-05-30T12:07:50.087+0000] {dag.py:3834} INFO - Setting next_dagrun for example_subdag_operator to 2022-01-01 00:00:00+00:00, run_after=2022-01-01 00:00:00+00:00
[2026-05-30T12:07:50.090+0000] {logging_mixin.py:188} INFO - [2026-05-30T12:07:50.090+0000] {dag.py:3834} INFO - Setting next_dagrun for example_subdag_operator.section-1 to None, run_after=None
[2026-05-30T12:07:50.092+0000] {logging_mixin.py:188} INFO - [2026-05-30T12:07:50.092+0000] {dag.py:3834} INFO - Setting next_dagrun for example_subdag_operator.section-2 to None, run_after=None
[2026-05-30T12:07:50.100+0000] {logging_mixin.py:188} INFO - [2026-05-30T12:07:50.100+0000] {dag.py:3047} INFO - Sync 2 DAGs
[2026-05-30T12:07:50.104+0000] {logging_mixin.py:188} INFO - [2026-05-30T12:07:50.104+0000] {dag.py:3834} INFO - Setting next_dagrun for example_subdag_operator.section-1 to None, run_after=None
[2026-05-30T12:07:50.105+0000] {logging_mixin.py:188} INFO - [2026-05-30T12:07:50.105+0000] {dag.py:3834} INFO - Setting next_dagrun for example_subdag_operator.section-2 to None, run_after=None
[2026-05-30T12:07:50.114+0000] {processor.py:183} INFO - Processing /home/airflow/.local/lib/python3.8/site-packages/airflow/example_dags/example_subdag_operator.py took 0.088 seconds
[2026-05-30T12:08:20.627+0000] {processor.py:161} INFO - Started process (PID=3262) to work on /home/airflow/.local/lib/python3.8/site-packages/airflow/example_dags/example_subdag_operator.py
[2026-05-30T12:08:20.629+0000] {processor.py:830} INFO - Processing file /home/airflow/.local/lib/python3.8/site-packages/airflow/example_dags/example_subdag_operator.py for tasks to queue
[2026-05-30T12:08:20.630+0000] {logging_mixin.py:188} INFO - [2026-05-30T12:08:20.630+0000] {dagbag.py:540} INFO - Filling up the DagBag from /home/airflow/.local/lib/python3.8/site-packages/airflow/example_dags/example_subdag_operator.py
[2026-05-30T12:08:20.654+0000] {processor.py:840} INFO - DAG(s) 'example_subdag_operator.section-1', 'example_subdag_operator.section-2', 'example_subdag_operator' retrieved from /home/airflow/.local/lib/python3.8/site-packages/airflow/example_dags/example_subdag_operator.py
[2026-05-30T12:08:20.667+0000] {logging_mixin.py:188} INFO - [2026-05-30T12:08:20.667+0000] {dag.py:3047} INFO - Sync 3 DAGs
[2026-05-30T12:08:20.686+0000] {logging_mixin.py:188} INFO - [2026-05-30T12:08:20.685+0000] {dag.py:3834} INFO - Setting next_dagrun for example_subdag_operator to 2022-01-01 00:00:00+00:00, run_after=2022-01-01 00:00:00+00:00
[2026-05-30T12:08:20.690+0000] {logging_mixin.py:188} INFO - [2026-05-30T12:08:20.690+0000] {dag.py:3834} INFO - Setting next_dagrun for example_subdag_operator.section-1 to None, run_after=None
[2026-05-30T12:08:20.693+0000] {logging_mixin.py:188} INFO - [2026-05-30T12:08:20.692+0000] {dag.py:3834} INFO - Setting next_dagrun for example_subdag_operator.section-2 to None, run_after=None
[2026-05-30T12:08:20.700+0000] {logging_mixin.py:188} INFO - [2026-05-30T12:08:20.700+0000] {dag.py:3047} INFO - Sync 2 DAGs
[2026-05-30T12:08:20.706+0000] {logging_mixin.py:188} INFO - [2026-05-30T12:08:20.705+0000] {dag.py:3834} INFO - Setting next_dagrun for example_subdag_operator.section-1 to None, run_after=None
[2026-05-30T12:08:20.706+0000] {logging_mixin.py:188} INFO - [2026-05-30T12:08:20.706+0000] {dag.py:3834} INFO - Setting next_dagrun for example_subdag_operator.section-2 to None, run_after=None
[2026-05-30T12:08:20.717+0000] {processor.py:183} INFO - Processing /home/airflow/.local/lib/python3.8/site-packages/airflow/example_dags/example_subdag_operator.py took 0.092 seconds
[2026-05-30T12:08:51.354+0000] {processor.py:161} INFO - Started process (PID=3316) to work on /home/airflow/.local/lib/python3.8/site-packages/airflow/example_dags/example_subdag_operator.py
[2026-05-30T12:08:51.355+0000] {processor.py:830} INFO - Processing file /home/airflow/.local/lib/python3.8/site-packages/airflow/example_dags/example_subdag_operator.py for tasks to queue
[2026-05-30T12:08:51.357+0000] {logging_mixin.py:188} INFO - [2026-05-30T12:08:51.357+0000] {dagbag.py:540} INFO - Filling up the DagBag from /home/airflow/.local/lib/python3.8/site-packages/airflow/example_dags/example_subdag_operator.py
[2026-05-30T12:08:51.382+0000] {processor.py:840} INFO - DAG(s) 'example_subdag_operator.section-1', 'example_subdag_operator.section-2', 'example_subdag_operator' retrieved from /home/airflow/.local/lib/python3.8/site-packages/airflow/example_dags/example_subdag_operator.py
[2026-05-30T12:08:51.401+0000] {logging_mixin.py:188} INFO - [2026-05-30T12:08:51.401+0000] {dag.py:3047} INFO - Sync 3 DAGs
[2026-05-30T12:08:51.423+0000] {logging_mixin.py:188} INFO - [2026-05-30T12:08:51.423+0000] {dag.py:3834} INFO - Setting next_dagrun for example_subdag_operator to 2022-01-01 00:00:00+00:00, run_after=2022-01-01 00:00:00+00:00
[2026-05-30T12:08:51.427+0000] {logging_mixin.py:188} INFO - [2026-05-30T12:08:51.427+0000] {dag.py:3834} INFO - Setting next_dagrun for example_subdag_operator.section-1 to None, run_after=None
[2026-05-30T12:08:51.430+0000] {logging_mixin.py:188} INFO - [2026-05-30T12:08:51.429+0000] {dag.py:3834} INFO - Setting next_dagrun for example_subdag_operator.section-2 to None, run_after=None
[2026-05-30T12:08:51.437+0000] {logging_mixin.py:188} INFO - [2026-05-30T12:08:51.437+0000] {dag.py:3047} INFO - Sync 2 DAGs
[2026-05-30T12:08:51.443+0000] {logging_mixin.py:188} INFO - [2026-05-30T12:08:51.443+0000] {dag.py:3834} INFO - Setting next_dagrun for example_subdag_operator.section-1 to None, run_after=None
[2026-05-30T12:08:51.444+0000] {logging_mixin.py:188} INFO - [2026-05-30T12:08:51.444+0000] {dag.py:3834} INFO - Setting next_dagrun for example_subdag_operator.section-2 to None, run_after=None
[2026-05-30T12:08:51.455+0000] {processor.py:183} INFO - Processing /home/airflow/.local/lib/python3.8/site-packages/airflow/example_dags/example_subdag_operator.py took 0.105 seconds
[2026-05-30T12:09:21.649+0000] {processor.py:161} INFO - Started process (PID=3371) to work on /home/airflow/.local/lib/python3.8/site-packages/airflow/example_dags/example_subdag_operator.py
[2026-05-30T12:09:21.651+0000] {processor.py:830} INFO - Processing file /home/airflow/.local/lib/python3.8/site-packages/airflow/example_dags/example_subdag_operator.py for tasks to queue
[2026-05-30T12:09:21.652+0000] {logging_mixin.py:188} INFO - [2026-05-30T12:09:21.652+0000] {dagbag.py:540} INFO - Filling up the DagBag from /home/airflow/.local/lib/python3.8/site-packages/airflow/example_dags/example_subdag_operator.py
[2026-05-30T12:09:21.680+0000] {processor.py:840} INFO - DAG(s) 'example_subdag_operator.section-1', 'example_subdag_operator.section-2', 'example_subdag_operator' retrieved from /home/airflow/.local/lib/python3.8/site-packages/airflow/example_dags/example_subdag_operator.py
[2026-05-30T12:09:21.694+0000] {logging_mixin.py:188} INFO - [2026-05-30T12:09:21.693+0000] {dag.py:3047} INFO - Sync 3 DAGs
[2026-05-30T12:09:21.710+0000] {logging_mixin.py:188} INFO - [2026-05-30T12:09:21.710+0000] {dag.py:3834} INFO - Setting next_dagrun for example_subdag_operator to 2022-01-01 00:00:00+00:00, run_after=2022-01-01 00:00:00+00:00
[2026-05-30T12:09:21.714+0000] {logging_mixin.py:188} INFO - [2026-05-30T12:09:21.714+0000] {dag.py:3834} INFO - Setting next_dagrun for example_subdag_operator.section-1 to None, run_after=None
[2026-05-30T12:09:21.716+0000] {logging_mixin.py:188} INFO - [2026-05-30T12:09:21.716+0000] {dag.py:3834} INFO - Setting next_dagrun for example_subdag_operator.section-2 to None, run_after=None
[2026-05-30T12:09:21.723+0000] {logging_mixin.py:188} INFO - [2026-05-30T12:09:21.723+0000] {dag.py:3047} INFO - Sync 2 DAGs
[2026-05-30T12:09:21.729+0000] {logging_mixin.py:188} INFO - [2026-05-30T12:09:21.729+0000] {dag.py:3834} INFO - Setting next_dagrun for example_subdag_operator.section-1 to None, run_after=None
[2026-05-30T12:09:21.729+0000] {logging_mixin.py:188} INFO - [2026-05-30T12:09:21.729+0000] {dag.py:3834} INFO - Setting next_dagrun for example_subdag_operator.section-2 to None, run_after=None
[2026-05-30T12:09:21.741+0000] {processor.py:183} INFO - Processing /home/airflow/.local/lib/python3.8/site-packages/airflow/example_dags/example_subdag_operator.py took 0.096 seconds
[2026-05-30T12:09:52.070+0000] {processor.py:161} INFO - Started process (PID=3426) to work on /home/airflow/.local/lib/python3.8/site-packages/airflow/example_dags/example_subdag_operator.py
[2026-05-30T12:09:52.071+0000] {processor.py:830} INFO - Processing file /home/airflow/.local/lib/python3.8/site-packages/airflow/example_dags/example_subdag_operator.py for tasks to queue
[2026-05-30T12:09:52.073+0000] {logging_mixin.py:188} INFO - [2026-05-30T12:09:52.073+0000] {dagbag.py:540} INFO - Filling up the DagBag from /home/airflow/.local/lib/python3.8/site-packages/airflow/example_dags/example_subdag_operator.py
[2026-05-30T12:09:52.097+0000] {processor.py:840} INFO - DAG(s) 'example_subdag_operator.section-1', 'example_subdag_operator.section-2', 'example_subdag_operator' retrieved from /home/airflow/.local/lib/python3.8/site-packages/airflow/example_dags/example_subdag_operator.py
[2026-05-30T12:09:52.111+0000] {logging_mixin.py:188} INFO - [2026-05-30T12:09:52.111+0000] {dag.py:3047} INFO - Sync 3 DAGs
[2026-05-30T12:09:52.128+0000] {logging_mixin.py:188} INFO - [2026-05-30T12:09:52.128+0000] {dag.py:3834} INFO - Setting next_dagrun for example_subdag_operator to 2022-01-01 00:00:00+00:00, run_after=2022-01-01 00:00:00+00:00
[2026-05-30T12:09:52.132+0000] {logging_mixin.py:188} INFO - [2026-05-30T12:09:52.131+0000] {dag.py:3834} INFO - Setting next_dagrun for example_subdag_operator.section-1 to None, run_after=None
[2026-05-30T12:09:52.133+0000] {logging_mixin.py:188} INFO - [2026-05-30T12:09:52.133+0000] {dag.py:3834} INFO - Setting next_dagrun for example_subdag_operator.section-2 to None, run_after=None
[2026-05-30T12:09:52.138+0000] {logging_mixin.py:188} INFO - [2026-05-30T12:09:52.138+0000] {dag.py:3047} INFO - Sync 2 DAGs
[2026-05-30T12:09:52.144+0000] {logging_mixin.py:188} INFO - [2026-05-30T12:09:52.143+0000] {dag.py:3834} INFO - Setting next_dagrun for example_subdag_operator.section-1 to None, run_after=None
[2026-05-30T12:09:52.145+0000] {logging_mixin.py:188} INFO - [2026-05-30T12:09:52.145+0000] {dag.py:3834} INFO - Setting next_dagrun for example_subdag_operator.section-2 to None, run_after=None
[2026-05-30T12:09:52.159+0000] {processor.py:183} INFO - Processing /home/airflow/.local/lib/python3.8/site-packages/airflow/example_dags/example_subdag_operator.py took 0.091 seconds
[2026-05-30T12:10:22.427+0000] {processor.py:161} INFO - Started process (PID=3481) to work on /home/airflow/.local/lib/python3.8/site-packages/airflow/example_dags/example_subdag_operator.py
[2026-05-30T12:10:22.429+0000] {processor.py:830} INFO - Processing file /home/airflow/.local/lib/python3.8/site-packages/airflow/example_dags/example_subdag_operator.py for tasks to queue
[2026-05-30T12:10:22.431+0000] {logging_mixin.py:188} INFO - [2026-05-30T12:10:22.431+0000] {dagbag.py:540} INFO - Filling up the DagBag from /home/airflow/.local/lib/python3.8/site-packages/airflow/example_dags/example_subdag_operator.py
[2026-05-30T12:10:22.455+0000] {processor.py:840} INFO - DAG(s) 'example_subdag_operator.section-1', 'example_subdag_operator.section-2', 'example_subdag_operator' retrieved from /home/airflow/.local/lib/python3.8/site-packages/airflow/example_dags/example_subdag_operator.py
[2026-05-30T12:10:22.470+0000] {logging_mixin.py:188} INFO - [2026-05-30T12:10:22.470+0000] {dag.py:3047} INFO - Sync 3 DAGs
[2026-05-30T12:10:22.487+0000] {logging_mixin.py:188} INFO - [2026-05-30T12:10:22.487+0000] {dag.py:3834} INFO - Setting next_dagrun for example_subdag_operator to 2022-01-01 00:00:00+00:00, run_after=2022-01-01 00:00:00+00:00
[2026-05-30T12:10:22.491+0000] {logging_mixin.py:188} INFO - [2026-05-30T12:10:22.491+0000] {dag.py:3834} INFO - Setting next_dagrun for example_subdag_operator.section-1 to None, run_after=None
[2026-05-30T12:10:22.493+0000] {logging_mixin.py:188} INFO - [2026-05-30T12:10:22.493+0000] {dag.py:3834} INFO - Setting next_dagrun for example_subdag_operator.section-2 to None, run_after=None
[2026-05-30T12:10:22.501+0000] {logging_mixin.py:188} INFO - [2026-05-30T12:10:22.501+0000] {dag.py:3047} INFO - Sync 2 DAGs
[2026-05-30T12:10:22.508+0000] {logging_mixin.py:188} INFO - [2026-05-30T12:10:22.508+0000] {dag.py:3834} INFO - Setting next_dagrun for example_subdag_operator.section-1 to None, run_after=None
[2026-05-30T12:10:22.509+0000] {logging_mixin.py:188} INFO - [2026-05-30T12:10:22.509+0000] {dag.py:3834} INFO - Setting next_dagrun for example_subdag_operator.section-2 to None, run_after=None
[2026-05-30T12:10:22.520+0000] {processor.py:183} INFO - Processing /home/airflow/.local/lib/python3.8/site-packages/airflow/example_dags/example_subdag_operator.py took 0.096 seconds
[2026-05-30T12:10:52.874+0000] {processor.py:161} INFO - Started process (PID=3536) to work on /home/airflow/.local/lib/python3.8/site-packages/airflow/example_dags/example_subdag_operator.py
[2026-05-30T12:10:52.875+0000] {processor.py:830} INFO - Processing file /home/airflow/.local/lib/python3.8/site-packages/airflow/example_dags/example_subdag_operator.py for tasks to queue
[2026-05-30T12:10:52.877+0000] {logging_mixin.py:188} INFO - [2026-05-30T12:10:52.877+0000] {dagbag.py:540} INFO - Filling up the DagBag from /home/airflow/.local/lib/python3.8/site-packages/airflow/example_dags/example_subdag_operator.py
[2026-05-30T12:10:52.898+0000] {processor.py:840} INFO - DAG(s) 'example_subdag_operator.section-1', 'example_subdag_operator.section-2', 'example_subdag_operator' retrieved from /home/airflow/.local/lib/python3.8/site-packages/airflow/example_dags/example_subdag_operator.py
[2026-05-30T12:10:52.910+0000] {logging_mixin.py:188} INFO - [2026-05-30T12:10:52.910+0000] {dag.py:3047} INFO - Sync 3 DAGs
[2026-05-30T12:10:52.927+0000] {logging_mixin.py:188} INFO - [2026-05-30T12:10:52.927+0000] {dag.py:3834} INFO - Setting next_dagrun for example_subdag_operator to 2022-01-01 00:00:00+00:00, run_after=2022-01-01 00:00:00+00:00
[2026-05-30T12:10:52.930+0000] {logging_mixin.py:188} INFO - [2026-05-30T12:10:52.930+0000] {dag.py:3834} INFO - Setting next_dagrun for example_subdag_operator.section-1 to None, run_after=None
[2026-05-30T12:10:52.932+0000] {logging_mixin.py:188} INFO - [2026-05-30T12:10:52.932+0000] {dag.py:3834} INFO - Setting next_dagrun for example_subdag_operator.section-2 to None, run_after=None
[2026-05-30T12:10:52.939+0000] {logging_mixin.py:188} INFO - [2026-05-30T12:10:52.939+0000] {dag.py:3047} INFO - Sync 2 DAGs
[2026-05-30T12:10:52.945+0000] {logging_mixin.py:188} INFO - [2026-05-30T12:10:52.944+0000] {dag.py:3834} INFO - Setting next_dagrun for example_subdag_operator.section-1 to None, run_after=None
[2026-05-30T12:10:52.945+0000] {logging_mixin.py:188} INFO - [2026-05-30T12:10:52.945+0000] {dag.py:3834} INFO - Setting next_dagrun for example_subdag_operator.section-2 to None, run_after=None
[2026-05-30T12:10:52.958+0000] {processor.py:183} INFO - Processing /home/airflow/.local/lib/python3.8/site-packages/airflow/example_dags/example_subdag_operator.py took 0.087 seconds
[2026-05-30T12:11:23.097+0000] {processor.py:161} INFO - Started process (PID=3590) to work on /home/airflow/.local/lib/python3.8/site-packages/airflow/example_dags/example_subdag_operator.py
[2026-05-30T12:11:23.098+0000] {processor.py:830} INFO - Processing file /home/airflow/.local/lib/python3.8/site-packages/airflow/example_dags/example_subdag_operator.py for tasks to queue
[2026-05-30T12:11:23.100+0000] {logging_mixin.py:188} INFO - [2026-05-30T12:11:23.100+0000] {dagbag.py:540} INFO - Filling up the DagBag from /home/airflow/.local/lib/python3.8/site-packages/airflow/example_dags/example_subdag_operator.py
[2026-05-30T12:11:23.124+0000] {processor.py:840} INFO - DAG(s) 'example_subdag_operator.section-1', 'example_subdag_operator.section-2', 'example_subdag_operator' retrieved from /home/airflow/.local/lib/python3.8/site-packages/airflow/example_dags/example_subdag_operator.py
[2026-05-30T12:11:23.139+0000] {logging_mixin.py:188} INFO - [2026-05-30T12:11:23.139+0000] {dag.py:3047} INFO - Sync 3 DAGs
[2026-05-30T12:11:23.157+0000] {logging_mixin.py:188} INFO - [2026-05-30T12:11:23.157+0000] {dag.py:3834} INFO - Setting next_dagrun for example_subdag_operator to 2022-01-01 00:00:00+00:00, run_after=2022-01-01 00:00:00+00:00
[2026-05-30T12:11:23.161+0000] {logging_mixin.py:188} INFO - [2026-05-30T12:11:23.161+0000] {dag.py:3834} INFO - Setting next_dagrun for example_subdag_operator.section-1 to None, run_after=None
[2026-05-30T12:11:23.163+0000] {logging_mixin.py:188} INFO - [2026-05-30T12:11:23.163+0000] {dag.py:3834} INFO - Setting next_dagrun for example_subdag_operator.section-2 to None, run_after=None
[2026-05-30T12:11:23.171+0000] {logging_mixin.py:188} INFO - [2026-05-30T12:11:23.171+0000] {dag.py:3047} INFO - Sync 2 DAGs
[2026-05-30T12:11:23.177+0000] {logging_mixin.py:188} INFO - [2026-05-30T12:11:23.176+0000] {dag.py:3834} INFO - Setting next_dagrun for example_subdag_operator.section-1 to None, run_after=None
[2026-05-30T12:11:23.178+0000] {logging_mixin.py:188} INFO - [2026-05-30T12:11:23.178+0000] {dag.py:3834} INFO - Setting next_dagrun for example_subdag_operator.section-2 to None, run_after=None
[2026-05-30T12:11:23.189+0000] {processor.py:183} INFO - Processing /home/airflow/.local/lib/python3.8/site-packages/airflow/example_dags/example_subdag_operator.py took 0.095 seconds
[2026-05-30T12:11:53.539+0000] {processor.py:161} INFO - Started process (PID=3645) to work on /home/airflow/.local/lib/python3.8/site-packages/airflow/example_dags/example_subdag_operator.py
[2026-05-30T12:11:53.540+0000] {processor.py:830} INFO - Processing file /home/airflow/.local/lib/python3.8/site-packages/airflow/example_dags/example_subdag_operator.py for tasks to queue
[2026-05-30T12:11:53.542+0000] {logging_mixin.py:188} INFO - [2026-05-30T12:11:53.541+0000] {dagbag.py:540} INFO - Filling up the DagBag from /home/airflow/.local/lib/python3.8/site-packages/airflow/example_dags/example_subdag_operator.py
[2026-05-30T12:11:53.563+0000] {processor.py:840} INFO - DAG(s) 'example_subdag_operator.section-1', 'example_subdag_operator.section-2', 'example_subdag_operator' retrieved from /home/airflow/.local/lib/python3.8/site-packages/airflow/example_dags/example_subdag_operator.py
[2026-05-30T12:11:53.578+0000] {logging_mixin.py:188} INFO - [2026-05-30T12:11:53.578+0000] {dag.py:3047} INFO - Sync 3 DAGs
[2026-05-30T12:11:53.595+0000] {logging_mixin.py:188} INFO - [2026-05-30T12:11:53.594+0000] {dag.py:3834} INFO - Setting next_dagrun for example_subdag_operator to 2022-01-01 00:00:00+00:00, run_after=2022-01-01 00:00:00+00:00
[2026-05-30T12:11:53.603+0000] {logging_mixin.py:188} INFO - [2026-05-30T12:11:53.602+0000] {dag.py:3834} INFO - Setting next_dagrun for example_subdag_operator.section-1 to None, run_after=None
[2026-05-30T12:11:53.605+0000] {logging_mixin.py:188} INFO - [2026-05-30T12:11:53.605+0000] {dag.py:3834} INFO - Setting next_dagrun for example_subdag_operator.section-2 to None, run_after=None
[2026-05-30T12:11:53.614+0000] {logging_mixin.py:188} INFO - [2026-05-30T12:11:53.613+0000] {dag.py:3047} INFO - Sync 2 DAGs
[2026-05-30T12:11:53.619+0000] {logging_mixin.py:188} INFO - [2026-05-30T12:11:53.618+0000] {dag.py:3834} INFO - Setting next_dagrun for example_subdag_operator.section-1 to None, run_after=None
[2026-05-30T12:11:53.620+0000] {logging_mixin.py:188} INFO - [2026-05-30T12:11:53.619+0000] {dag.py:3834} INFO - Setting next_dagrun for example_subdag_operator.section-2 to None, run_after=None
[2026-05-30T12:11:53.630+0000] {processor.py:183} INFO - Processing /home/airflow/.local/lib/python3.8/site-packages/airflow/example_dags/example_subdag_operator.py took 0.093 seconds
[2026-05-30T12:12:23.878+0000] {processor.py:161} INFO - Started process (PID=3700) to work on /home/airflow/.local/lib/python3.8/site-packages/airflow/example_dags/example_subdag_operator.py
[2026-05-30T12:12:23.879+0000] {processor.py:830} INFO - Processing file /home/airflow/.local/lib/python3.8/site-packages/airflow/example_dags/example_subdag_operator.py for tasks to queue
[2026-05-30T12:12:23.881+0000] {logging_mixin.py:188} INFO - [2026-05-30T12:12:23.881+0000] {dagbag.py:540} INFO - Filling up the DagBag from /home/airflow/.local/lib/python3.8/site-packages/airflow/example_dags/example_subdag_operator.py
[2026-05-30T12:12:23.904+0000] {processor.py:840} INFO - DAG(s) 'example_subdag_operator.section-1', 'example_subdag_operator.section-2', 'example_subdag_operator' retrieved from /home/airflow/.local/lib/python3.8/site-packages/airflow/example_dags/example_subdag_operator.py
[2026-05-30T12:12:23.916+0000] {logging_mixin.py:188} INFO - [2026-05-30T12:12:23.916+0000] {dag.py:3047} INFO - Sync 3 DAGs
[2026-05-30T12:12:23.933+0000] {logging_mixin.py:188} INFO - [2026-05-30T12:12:23.933+0000] {dag.py:3834} INFO - Setting next_dagrun for example_subdag_operator to 2022-01-01 00:00:00+00:00, run_after=2022-01-01 00:00:00+00:00
[2026-05-30T12:12:23.937+0000] {logging_mixin.py:188} INFO - [2026-05-30T12:12:23.937+0000] {dag.py:3834} INFO - Setting next_dagrun for example_subdag_operator.section-1 to None, run_after=None
[2026-05-30T12:12:23.939+0000] {logging_mixin.py:188} INFO - [2026-05-30T12:12:23.939+0000] {dag.py:3834} INFO - Setting next_dagrun for example_subdag_operator.section-2 to None, run_after=None
[2026-05-30T12:12:23.947+0000] {logging_mixin.py:188} INFO - [2026-05-30T12:12:23.947+0000] {dag.py:3047} INFO - Sync 2 DAGs
[2026-05-30T12:12:23.952+0000] {logging_mixin.py:188} INFO - [2026-05-30T12:12:23.952+0000] {dag.py:3834} INFO - Setting next_dagrun for example_subdag_operator.section-1 to None, run_after=None
[2026-05-30T12:12:23.954+0000] {logging_mixin.py:188} INFO - [2026-05-30T12:12:23.954+0000] {dag.py:3834} INFO - Setting next_dagrun for example_subdag_operator.section-2 to None, run_after=None
[2026-05-30T12:12:23.968+0000] {processor.py:183} INFO - Processing /home/airflow/.local/lib/python3.8/site-packages/airflow/example_dags/example_subdag_operator.py took 0.093 seconds
[2026-05-30T12:12:54.361+0000] {processor.py:161} INFO - Started process (PID=3754) to work on /home/airflow/.local/lib/python3.8/site-packages/airflow/example_dags/example_subdag_operator.py
[2026-05-30T12:12:54.362+0000] {processor.py:830} INFO - Processing file /home/airflow/.local/lib/python3.8/site-packages/airflow/example_dags/example_subdag_operator.py for tasks to queue
[2026-05-30T12:12:54.364+0000] {logging_mixin.py:188} INFO - [2026-05-30T12:12:54.363+0000] {dagbag.py:540} INFO - Filling up the DagBag from /home/airflow/.local/lib/python3.8/site-packages/airflow/example_dags/example_subdag_operator.py
[2026-05-30T12:12:54.389+0000] {processor.py:840} INFO - DAG(s) 'example_subdag_operator.section-1', 'example_subdag_operator.section-2', 'example_subdag_operator' retrieved from /home/airflow/.local/lib/python3.8/site-packages/airflow/example_dags/example_subdag_operator.py
[2026-05-30T12:12:54.404+0000] {logging_mixin.py:188} INFO - [2026-05-30T12:12:54.404+0000] {dag.py:3047} INFO - Sync 3 DAGs
[2026-05-30T12:12:54.420+0000] {logging_mixin.py:188} INFO - [2026-05-30T12:12:54.419+0000] {dag.py:3834} INFO - Setting next_dagrun for example_subdag_operator to 2022-01-01 00:00:00+00:00, run_after=2022-01-01 00:00:00+00:00
[2026-05-30T12:12:54.424+0000] {logging_mixin.py:188} INFO - [2026-05-30T12:12:54.424+0000] {dag.py:3834} INFO - Setting next_dagrun for example_subdag_operator.section-1 to None, run_after=None
[2026-05-30T12:12:54.427+0000] {logging_mixin.py:188} INFO - [2026-05-30T12:12:54.427+0000] {dag.py:3834} INFO - Setting next_dagrun for example_subdag_operator.section-2 to None, run_after=None
[2026-05-30T12:12:54.433+0000] {logging_mixin.py:188} INFO - [2026-05-30T12:12:54.433+0000] {dag.py:3047} INFO - Sync 2 DAGs
[2026-05-30T12:12:54.437+0000] {logging_mixin.py:188} INFO - [2026-05-30T12:12:54.437+0000] {dag.py:3834} INFO - Setting next_dagrun for example_subdag_operator.section-1 to None, run_after=None
[2026-05-30T12:12:54.438+0000] {logging_mixin.py:188} INFO - [2026-05-30T12:12:54.438+0000] {dag.py:3834} INFO - Setting next_dagrun for example_subdag_operator.section-2 to None, run_after=None
[2026-05-30T12:12:54.447+0000] {processor.py:183} INFO - Processing /home/airflow/.local/lib/python3.8/site-packages/airflow/example_dags/example_subdag_operator.py took 0.089 seconds
[2026-05-30T12:13:24.600+0000] {processor.py:161} INFO - Started process (PID=3809) to work on /home/airflow/.local/lib/python3.8/site-packages/airflow/example_dags/example_subdag_operator.py
[2026-05-30T12:13:24.601+0000] {processor.py:830} INFO - Processing file /home/airflow/.local/lib/python3.8/site-packages/airflow/example_dags/example_subdag_operator.py for tasks to queue
[2026-05-30T12:13:24.603+0000] {logging_mixin.py:188} INFO - [2026-05-30T12:13:24.603+0000] {dagbag.py:540} INFO - Filling up the DagBag from /home/airflow/.local/lib/python3.8/site-packages/airflow/example_dags/example_subdag_operator.py
[2026-05-30T12:13:24.624+0000] {processor.py:840} INFO - DAG(s) 'example_subdag_operator.section-1', 'example_subdag_operator.section-2', 'example_subdag_operator' retrieved from /home/airflow/.local/lib/python3.8/site-packages/airflow/example_dags/example_subdag_operator.py
[2026-05-30T12:13:24.637+0000] {logging_mixin.py:188} INFO - [2026-05-30T12:13:24.636+0000] {dag.py:3047} INFO - Sync 3 DAGs
[2026-05-30T12:13:24.653+0000] {logging_mixin.py:188} INFO - [2026-05-30T12:13:24.653+0000] {dag.py:3834} INFO - Setting next_dagrun for example_subdag_operator to 2022-01-01 00:00:00+00:00, run_after=2022-01-01 00:00:00+00:00
[2026-05-30T12:13:24.657+0000] {logging_mixin.py:188} INFO - [2026-05-30T12:13:24.656+0000] {dag.py:3834} INFO - Setting next_dagrun for example_subdag_operator.section-1 to None, run_after=None
[2026-05-30T12:13:24.658+0000] {logging_mixin.py:188} INFO - [2026-05-30T12:13:24.658+0000] {dag.py:3834} INFO - Setting next_dagrun for example_subdag_operator.section-2 to None, run_after=None
[2026-05-30T12:13:24.665+0000] {logging_mixin.py:188} INFO - [2026-05-30T12:13:24.665+0000] {dag.py:3047} INFO - Sync 2 DAGs
[2026-05-30T12:13:24.670+0000] {logging_mixin.py:188} INFO - [2026-05-30T12:13:24.670+0000] {dag.py:3834} INFO - Setting next_dagrun for example_subdag_operator.section-1 to None, run_after=None
[2026-05-30T12:13:24.671+0000] {logging_mixin.py:188} INFO - [2026-05-30T12:13:24.671+0000] {dag.py:3834} INFO - Setting next_dagrun for example_subdag_operator.section-2 to None, run_after=None
[2026-05-30T12:13:24.683+0000] {processor.py:183} INFO - Processing /home/airflow/.local/lib/python3.8/site-packages/airflow/example_dags/example_subdag_operator.py took 0.086 seconds
[2026-05-30T12:13:54.976+0000] {processor.py:161} INFO - Started process (PID=3864) to work on /home/airflow/.local/lib/python3.8/site-packages/airflow/example_dags/example_subdag_operator.py
[2026-05-30T12:13:54.978+0000] {processor.py:830} INFO - Processing file /home/airflow/.local/lib/python3.8/site-packages/airflow/example_dags/example_subdag_operator.py for tasks to queue
[2026-05-30T12:13:54.980+0000] {logging_mixin.py:188} INFO - [2026-05-30T12:13:54.979+0000] {dagbag.py:540} INFO - Filling up the DagBag from /home/airflow/.local/lib/python3.8/site-packages/airflow/example_dags/example_subdag_operator.py
[2026-05-30T12:13:55.000+0000] {processor.py:840} INFO - DAG(s) 'example_subdag_operator.section-1', 'example_subdag_operator.section-2', 'example_subdag_operator' retrieved from /home/airflow/.local/lib/python3.8/site-packages/airflow/example_dags/example_subdag_operator.py
[2026-05-30T12:13:55.013+0000] {logging_mixin.py:188} INFO - [2026-05-30T12:13:55.013+0000] {dag.py:3047} INFO - Sync 3 DAGs
[2026-05-30T12:13:55.032+0000] {logging_mixin.py:188} INFO - [2026-05-30T12:13:55.031+0000] {dag.py:3834} INFO - Setting next_dagrun for example_subdag_operator to 2022-01-01 00:00:00+00:00, run_after=2022-01-01 00:00:00+00:00
[2026-05-30T12:13:55.036+0000] {logging_mixin.py:188} INFO - [2026-05-30T12:13:55.035+0000] {dag.py:3834} INFO - Setting next_dagrun for example_subdag_operator.section-1 to None, run_after=None
[2026-05-30T12:13:55.038+0000] {logging_mixin.py:188} INFO - [2026-05-30T12:13:55.037+0000] {dag.py:3834} INFO - Setting next_dagrun for example_subdag_operator.section-2 to None, run_after=None
[2026-05-30T12:13:55.045+0000] {logging_mixin.py:188} INFO - [2026-05-30T12:13:55.045+0000] {dag.py:3047} INFO - Sync 2 DAGs
[2026-05-30T12:13:55.052+0000] {logging_mixin.py:188} INFO - [2026-05-30T12:13:55.052+0000] {dag.py:3834} INFO - Setting next_dagrun for example_subdag_operator.section-1 to None, run_after=None
[2026-05-30T12:13:55.053+0000] {logging_mixin.py:188} INFO - [2026-05-30T12:13:55.052+0000] {dag.py:3834} INFO - Setting next_dagrun for example_subdag_operator.section-2 to None, run_after=None
[2026-05-30T12:13:55.063+0000] {processor.py:183} INFO - Processing /home/airflow/.local/lib/python3.8/site-packages/airflow/example_dags/example_subdag_operator.py took 0.089 seconds
[2026-05-30T12:14:25.232+0000] {processor.py:161} INFO - Started process (PID=3919) to work on /home/airflow/.local/lib/python3.8/site-packages/airflow/example_dags/example_subdag_operator.py
[2026-05-30T12:14:25.234+0000] {processor.py:830} INFO - Processing file /home/airflow/.local/lib/python3.8/site-packages/airflow/example_dags/example_subdag_operator.py for tasks to queue
[2026-05-30T12:14:25.236+0000] {logging_mixin.py:188} INFO - [2026-05-30T12:14:25.236+0000] {dagbag.py:540} INFO - Filling up the DagBag from /home/airflow/.local/lib/python3.8/site-packages/airflow/example_dags/example_subdag_operator.py
[2026-05-30T12:14:25.267+0000] {processor.py:840} INFO - DAG(s) 'example_subdag_operator.section-1', 'example_subdag_operator.section-2', 'example_subdag_operator' retrieved from /home/airflow/.local/lib/python3.8/site-packages/airflow/example_dags/example_subdag_operator.py
[2026-05-30T12:14:25.287+0000] {logging_mixin.py:188} INFO - [2026-05-30T12:14:25.286+0000] {dag.py:3047} INFO - Sync 3 DAGs
[2026-05-30T12:14:25.310+0000] {logging_mixin.py:188} INFO - [2026-05-30T12:14:25.310+0000] {dag.py:3834} INFO - Setting next_dagrun for example_subdag_operator to 2022-01-01 00:00:00+00:00, run_after=2022-01-01 00:00:00+00:00
[2026-05-30T12:14:25.317+0000] {logging_mixin.py:188} INFO - [2026-05-30T12:14:25.316+0000] {dag.py:3834} INFO - Setting next_dagrun for example_subdag_operator.section-1 to None, run_after=None
[2026-05-30T12:14:25.319+0000] {logging_mixin.py:188} INFO - [2026-05-30T12:14:25.319+0000] {dag.py:3834} INFO - Setting next_dagrun for example_subdag_operator.section-2 to None, run_after=None
[2026-05-30T12:14:25.333+0000] {logging_mixin.py:188} INFO - [2026-05-30T12:14:25.333+0000] {dag.py:3047} INFO - Sync 2 DAGs
[2026-05-30T12:14:25.339+0000] {logging_mixin.py:188} INFO - [2026-05-30T12:14:25.339+0000] {dag.py:3834} INFO - Setting next_dagrun for example_subdag_operator.section-1 to None, run_after=None
[2026-05-30T12:14:25.340+0000] {logging_mixin.py:188} INFO - [2026-05-30T12:14:25.340+0000] {dag.py:3834} INFO - Setting next_dagrun for example_subdag_operator.section-2 to None, run_after=None
[2026-05-30T12:14:25.359+0000] {processor.py:183} INFO - Processing /home/airflow/.local/lib/python3.8/site-packages/airflow/example_dags/example_subdag_operator.py took 0.130 seconds
[2026-05-30T12:14:55.513+0000] {processor.py:161} INFO - Started process (PID=3974) to work on /home/airflow/.local/lib/python3.8/site-packages/airflow/example_dags/example_subdag_operator.py
[2026-05-30T12:14:55.514+0000] {processor.py:830} INFO - Processing file /home/airflow/.local/lib/python3.8/site-packages/airflow/example_dags/example_subdag_operator.py for tasks to queue
[2026-05-30T12:14:55.516+0000] {logging_mixin.py:188} INFO - [2026-05-30T12:14:55.516+0000] {dagbag.py:540} INFO - Filling up the DagBag from /home/airflow/.local/lib/python3.8/site-packages/airflow/example_dags/example_subdag_operator.py
[2026-05-30T12:14:55.542+0000] {processor.py:840} INFO - DAG(s) 'example_subdag_operator.section-1', 'example_subdag_operator.section-2', 'example_subdag_operator' retrieved from /home/airflow/.local/lib/python3.8/site-packages/airflow/example_dags/example_subdag_operator.py
[2026-05-30T12:14:55.557+0000] {logging_mixin.py:188} INFO - [2026-05-30T12:14:55.556+0000] {dag.py:3047} INFO - Sync 3 DAGs
[2026-05-30T12:14:55.573+0000] {logging_mixin.py:188} INFO - [2026-05-30T12:14:55.572+0000] {dag.py:3834} INFO - Setting next_dagrun for example_subdag_operator to 2022-01-01 00:00:00+00:00, run_after=2022-01-01 00:00:00+00:00
[2026-05-30T12:14:55.576+0000] {logging_mixin.py:188} INFO - [2026-05-30T12:14:55.575+0000] {dag.py:3834} INFO - Setting next_dagrun for example_subdag_operator.section-1 to None, run_after=None
[2026-05-30T12:14:55.577+0000] {logging_mixin.py:188} INFO - [2026-05-30T12:14:55.577+0000] {dag.py:3834} INFO - Setting next_dagrun for example_subdag_operator.section-2 to None, run_after=None
[2026-05-30T12:14:55.586+0000] {logging_mixin.py:188} INFO - [2026-05-30T12:14:55.586+0000] {dag.py:3047} INFO - Sync 2 DAGs
[2026-05-30T12:14:55.591+0000] {logging_mixin.py:188} INFO - [2026-05-30T12:14:55.591+0000] {dag.py:3834} INFO - Setting next_dagrun for example_subdag_operator.section-1 to None, run_after=None
[2026-05-30T12:14:55.592+0000] {logging_mixin.py:188} INFO - [2026-05-30T12:14:55.592+0000] {dag.py:3834} INFO - Setting next_dagrun for example_subdag_operator.section-2 to None, run_after=None
[2026-05-30T12:14:55.605+0000] {processor.py:183} INFO - Processing /home/airflow/.local/lib/python3.8/site-packages/airflow/example_dags/example_subdag_operator.py took 0.096 seconds
[2026-05-30T12:15:25.789+0000] {processor.py:161} INFO - Started process (PID=4029) to work on /home/airflow/.local/lib/python3.8/site-packages/airflow/example_dags/example_subdag_operator.py
[2026-05-30T12:15:25.791+0000] {processor.py:830} INFO - Processing file /home/airflow/.local/lib/python3.8/site-packages/airflow/example_dags/example_subdag_operator.py for tasks to queue
[2026-05-30T12:15:25.794+0000] {logging_mixin.py:188} INFO - [2026-05-30T12:15:25.794+0000] {dagbag.py:540} INFO - Filling up the DagBag from /home/airflow/.local/lib/python3.8/site-packages/airflow/example_dags/example_subdag_operator.py
[2026-05-30T12:15:25.821+0000] {processor.py:840} INFO - DAG(s) 'example_subdag_operator.section-1', 'example_subdag_operator.section-2', 'example_subdag_operator' retrieved from /home/airflow/.local/lib/python3.8/site-packages/airflow/example_dags/example_subdag_operator.py
[2026-05-30T12:15:25.837+0000] {logging_mixin.py:188} INFO - [2026-05-30T12:15:25.836+0000] {dag.py:3047} INFO - Sync 3 DAGs
[2026-05-30T12:15:25.858+0000] {logging_mixin.py:188} INFO - [2026-05-30T12:15:25.858+0000] {dag.py:3834} INFO - Setting next_dagrun for example_subdag_operator to 2022-01-01 00:00:00+00:00, run_after=2022-01-01 00:00:00+00:00
[2026-05-30T12:15:25.862+0000] {logging_mixin.py:188} INFO - [2026-05-30T12:15:25.862+0000] {dag.py:3834} INFO - Setting next_dagrun for example_subdag_operator.section-1 to None, run_after=None
[2026-05-30T12:15:25.864+0000] {logging_mixin.py:188} INFO - [2026-05-30T12:15:25.864+0000] {dag.py:3834} INFO - Setting next_dagrun for example_subdag_operator.section-2 to None, run_after=None
[2026-05-30T12:15:25.871+0000] {logging_mixin.py:188} INFO - [2026-05-30T12:15:25.871+0000] {dag.py:3047} INFO - Sync 2 DAGs
[2026-05-30T12:15:25.878+0000] {logging_mixin.py:188} INFO - [2026-05-30T12:15:25.878+0000] {dag.py:3834} INFO - Setting next_dagrun for example_subdag_operator.section-1 to None, run_after=None
[2026-05-30T12:15:25.879+0000] {logging_mixin.py:188} INFO - [2026-05-30T12:15:25.879+0000] {dag.py:3834} INFO - Setting next_dagrun for example_subdag_operator.section-2 to None, run_after=None
[2026-05-30T12:15:25.896+0000] {processor.py:183} INFO - Processing /home/airflow/.local/lib/python3.8/site-packages/airflow/example_dags/example_subdag_operator.py took 0.111 seconds
[2026-05-30T12:15:55.948+0000] {processor.py:161} INFO - Started process (PID=4084) to work on /home/airflow/.local/lib/python3.8/site-packages/airflow/example_dags/example_subdag_operator.py
[2026-05-30T12:15:55.949+0000] {processor.py:830} INFO - Processing file /home/airflow/.local/lib/python3.8/site-packages/airflow/example_dags/example_subdag_operator.py for tasks to queue
[2026-05-30T12:15:55.952+0000] {logging_mixin.py:188} INFO - [2026-05-30T12:15:55.952+0000] {dagbag.py:540} INFO - Filling up the DagBag from /home/airflow/.local/lib/python3.8/site-packages/airflow/example_dags/example_subdag_operator.py
[2026-05-30T12:15:55.974+0000] {processor.py:840} INFO - DAG(s) 'example_subdag_operator.section-1', 'example_subdag_operator.section-2', 'example_subdag_operator' retrieved from /home/airflow/.local/lib/python3.8/site-packages/airflow/example_dags/example_subdag_operator.py
[2026-05-30T12:15:55.987+0000] {logging_mixin.py:188} INFO - [2026-05-30T12:15:55.987+0000] {dag.py:3047} INFO - Sync 3 DAGs
[2026-05-30T12:15:56.006+0000] {logging_mixin.py:188} INFO - [2026-05-30T12:15:56.005+0000] {dag.py:3834} INFO - Setting next_dagrun for example_subdag_operator to 2022-01-01 00:00:00+00:00, run_after=2022-01-01 00:00:00+00:00
[2026-05-30T12:15:56.011+0000] {logging_mixin.py:188} INFO - [2026-05-30T12:15:56.010+0000] {dag.py:3834} INFO - Setting next_dagrun for example_subdag_operator.section-1 to None, run_after=None
[2026-05-30T12:15:56.012+0000] {logging_mixin.py:188} INFO - [2026-05-30T12:15:56.012+0000] {dag.py:3834} INFO - Setting next_dagrun for example_subdag_operator.section-2 to None, run_after=None
[2026-05-30T12:15:56.019+0000] {logging_mixin.py:188} INFO - [2026-05-30T12:15:56.019+0000] {dag.py:3047} INFO - Sync 2 DAGs
[2026-05-30T12:15:56.028+0000] {logging_mixin.py:188} INFO - [2026-05-30T12:15:56.027+0000] {dag.py:3834} INFO - Setting next_dagrun for example_subdag_operator.section-1 to None, run_after=None
[2026-05-30T12:15:56.028+0000] {logging_mixin.py:188} INFO - [2026-05-30T12:15:56.028+0000] {dag.py:3834} INFO - Setting next_dagrun for example_subdag_operator.section-2 to None, run_after=None
[2026-05-30T12:15:56.039+0000] {processor.py:183} INFO - Processing /home/airflow/.local/lib/python3.8/site-packages/airflow/example_dags/example_subdag_operator.py took 0.094 seconds
[2026-05-30T12:16:26.289+0000] {processor.py:161} INFO - Started process (PID=4139) to work on /home/airflow/.local/lib/python3.8/site-packages/airflow/example_dags/example_subdag_operator.py
[2026-05-30T12:16:26.290+0000] {processor.py:830} INFO - Processing file /home/airflow/.local/lib/python3.8/site-packages/airflow/example_dags/example_subdag_operator.py for tasks to queue
[2026-05-30T12:16:26.293+0000] {logging_mixin.py:188} INFO - [2026-05-30T12:16:26.293+0000] {dagbag.py:540} INFO - Filling up the DagBag from /home/airflow/.local/lib/python3.8/site-packages/airflow/example_dags/example_subdag_operator.py
[2026-05-30T12:16:26.318+0000] {processor.py:840} INFO - DAG(s) 'example_subdag_operator.section-1', 'example_subdag_operator.section-2', 'example_subdag_operator' retrieved from /home/airflow/.local/lib/python3.8/site-packages/airflow/example_dags/example_subdag_operator.py
[2026-05-30T12:16:26.331+0000] {logging_mixin.py:188} INFO - [2026-05-30T12:16:26.331+0000] {dag.py:3047} INFO - Sync 3 DAGs
[2026-05-30T12:16:26.349+0000] {logging_mixin.py:188} INFO - [2026-05-30T12:16:26.349+0000] {dag.py:3834} INFO - Setting next_dagrun for example_subdag_operator to 2022-01-01 00:00:00+00:00, run_after=2022-01-01 00:00:00+00:00
[2026-05-30T12:16:26.353+0000] {logging_mixin.py:188} INFO - [2026-05-30T12:16:26.352+0000] {dag.py:3834} INFO - Setting next_dagrun for example_subdag_operator.section-1 to None, run_after=None
[2026-05-30T12:16:26.355+0000] {logging_mixin.py:188} INFO - [2026-05-30T12:16:26.355+0000] {dag.py:3834} INFO - Setting next_dagrun for example_subdag_operator.section-2 to None, run_after=None
[2026-05-30T12:16:26.362+0000] {logging_mixin.py:188} INFO - [2026-05-30T12:16:26.362+0000] {dag.py:3047} INFO - Sync 2 DAGs
[2026-05-30T12:16:26.368+0000] {logging_mixin.py:188} INFO - [2026-05-30T12:16:26.368+0000] {dag.py:3834} INFO - Setting next_dagrun for example_subdag_operator.section-1 to None, run_after=None
[2026-05-30T12:16:26.370+0000] {logging_mixin.py:188} INFO - [2026-05-30T12:16:26.369+0000] {dag.py:3834} INFO - Setting next_dagrun for example_subdag_operator.section-2 to None, run_after=None
[2026-05-30T12:16:26.382+0000] {processor.py:183} INFO - Processing /home/airflow/.local/lib/python3.8/site-packages/airflow/example_dags/example_subdag_operator.py took 0.096 seconds
[2026-05-30T12:16:56.525+0000] {processor.py:161} INFO - Started process (PID=4194) to work on /home/airflow/.local/lib/python3.8/site-packages/airflow/example_dags/example_subdag_operator.py
[2026-05-30T12:16:56.528+0000] {processor.py:830} INFO - Processing file /home/airflow/.local/lib/python3.8/site-packages/airflow/example_dags/example_subdag_operator.py for tasks to queue
[2026-05-30T12:16:56.530+0000] {logging_mixin.py:188} INFO - [2026-05-30T12:16:56.529+0000] {dagbag.py:540} INFO - Filling up the DagBag from /home/airflow/.local/lib/python3.8/site-packages/airflow/example_dags/example_subdag_operator.py
[2026-05-30T12:16:56.553+0000] {processor.py:840} INFO - DAG(s) 'example_subdag_operator.section-1', 'example_subdag_operator.section-2', 'example_subdag_operator' retrieved from /home/airflow/.local/lib/python3.8/site-packages/airflow/example_dags/example_subdag_operator.py
[2026-05-30T12:16:56.567+0000] {logging_mixin.py:188} INFO - [2026-05-30T12:16:56.567+0000] {dag.py:3047} INFO - Sync 3 DAGs
[2026-05-30T12:16:56.586+0000] {logging_mixin.py:188} INFO - [2026-05-30T12:16:56.586+0000] {dag.py:3834} INFO - Setting next_dagrun for example_subdag_operator to 2022-01-01 00:00:00+00:00, run_after=2022-01-01 00:00:00+00:00
[2026-05-30T12:16:56.591+0000] {logging_mixin.py:188} INFO - [2026-05-30T12:16:56.590+0000] {dag.py:3834} INFO - Setting next_dagrun for example_subdag_operator.section-1 to None, run_after=None
[2026-05-30T12:16:56.593+0000] {logging_mixin.py:188} INFO - [2026-05-30T12:16:56.593+0000] {dag.py:3834} INFO - Setting next_dagrun for example_subdag_operator.section-2 to None, run_after=None
[2026-05-30T12:16:56.602+0000] {logging_mixin.py:188} INFO - [2026-05-30T12:16:56.601+0000] {dag.py:3047} INFO - Sync 2 DAGs
[2026-05-30T12:16:56.607+0000] {logging_mixin.py:188} INFO - [2026-05-30T12:16:56.606+0000] {dag.py:3834} INFO - Setting next_dagrun for example_subdag_operator.section-1 to None, run_after=None
[2026-05-30T12:16:56.608+0000] {logging_mixin.py:188} INFO - [2026-05-30T12:16:56.608+0000] {dag.py:3834} INFO - Setting next_dagrun for example_subdag_operator.section-2 to None, run_after=None
[2026-05-30T12:16:56.619+0000] {processor.py:183} INFO - Processing /home/airflow/.local/lib/python3.8/site-packages/airflow/example_dags/example_subdag_operator.py took 0.097 seconds
[2026-05-30T12:17:26.762+0000] {processor.py:161} INFO - Started process (PID=4249) to work on /home/airflow/.local/lib/python3.8/site-packages/airflow/example_dags/example_subdag_operator.py
[2026-05-30T12:17:26.763+0000] {processor.py:830} INFO - Processing file /home/airflow/.local/lib/python3.8/site-packages/airflow/example_dags/example_subdag_operator.py for tasks to queue
[2026-05-30T12:17:26.765+0000] {logging_mixin.py:188} INFO - [2026-05-30T12:17:26.765+0000] {dagbag.py:540} INFO - Filling up the DagBag from /home/airflow/.local/lib/python3.8/site-packages/airflow/example_dags/example_subdag_operator.py
[2026-05-30T12:17:26.788+0000] {processor.py:840} INFO - DAG(s) 'example_subdag_operator.section-1', 'example_subdag_operator.section-2', 'example_subdag_operator' retrieved from /home/airflow/.local/lib/python3.8/site-packages/airflow/example_dags/example_subdag_operator.py
[2026-05-30T12:17:26.803+0000] {logging_mixin.py:188} INFO - [2026-05-30T12:17:26.803+0000] {dag.py:3047} INFO - Sync 3 DAGs
[2026-05-30T12:17:26.827+0000] {logging_mixin.py:188} INFO - [2026-05-30T12:17:26.827+0000] {dag.py:3834} INFO - Setting next_dagrun for example_subdag_operator to 2022-01-01 00:00:00+00:00, run_after=2022-01-01 00:00:00+00:00
[2026-05-30T12:17:26.831+0000] {logging_mixin.py:188} INFO - [2026-05-30T12:17:26.831+0000] {dag.py:3834} INFO - Setting next_dagrun for example_subdag_operator.section-1 to None, run_after=None
[2026-05-30T12:17:26.839+0000] {logging_mixin.py:188} INFO - [2026-05-30T12:17:26.838+0000] {dag.py:3834} INFO - Setting next_dagrun for example_subdag_operator.section-2 to None, run_after=None
[2026-05-30T12:17:26.848+0000] {logging_mixin.py:188} INFO - [2026-05-30T12:17:26.848+0000] {dag.py:3047} INFO - Sync 2 DAGs
[2026-05-30T12:17:26.858+0000] {logging_mixin.py:188} INFO - [2026-05-30T12:17:26.858+0000] {dag.py:3834} INFO - Setting next_dagrun for example_subdag_operator.section-1 to None, run_after=None
[2026-05-30T12:17:26.860+0000] {logging_mixin.py:188} INFO - [2026-05-30T12:17:26.859+0000] {dag.py:3834} INFO - Setting next_dagrun for example_subdag_operator.section-2 to None, run_after=None
[2026-05-30T12:17:26.881+0000] {processor.py:183} INFO - Processing /home/airflow/.local/lib/python3.8/site-packages/airflow/example_dags/example_subdag_operator.py took 0.122 seconds
[2026-05-30T12:17:57.128+0000] {processor.py:161} INFO - Started process (PID=4304) to work on /home/airflow/.local/lib/python3.8/site-packages/airflow/example_dags/example_subdag_operator.py
[2026-05-30T12:17:57.129+0000] {processor.py:830} INFO - Processing file /home/airflow/.local/lib/python3.8/site-packages/airflow/example_dags/example_subdag_operator.py for tasks to queue
[2026-05-30T12:17:57.131+0000] {logging_mixin.py:188} INFO - [2026-05-30T12:17:57.131+0000] {dagbag.py:540} INFO - Filling up the DagBag from /home/airflow/.local/lib/python3.8/site-packages/airflow/example_dags/example_subdag_operator.py
[2026-05-30T12:17:57.159+0000] {processor.py:840} INFO - DAG(s) 'example_subdag_operator.section-1', 'example_subdag_operator.section-2', 'example_subdag_operator' retrieved from /home/airflow/.local/lib/python3.8/site-packages/airflow/example_dags/example_subdag_operator.py
[2026-05-30T12:17:57.171+0000] {logging_mixin.py:188} INFO - [2026-05-30T12:17:57.171+0000] {dag.py:3047} INFO - Sync 3 DAGs
[2026-05-30T12:17:57.191+0000] {logging_mixin.py:188} INFO - [2026-05-30T12:17:57.191+0000] {dag.py:3834} INFO - Setting next_dagrun for example_subdag_operator to 2022-01-01 00:00:00+00:00, run_after=2022-01-01 00:00:00+00:00
[2026-05-30T12:17:57.195+0000] {logging_mixin.py:188} INFO - [2026-05-30T12:17:57.195+0000] {dag.py:3834} INFO - Setting next_dagrun for example_subdag_operator.section-1 to None, run_after=None
[2026-05-30T12:17:57.197+0000] {logging_mixin.py:188} INFO - [2026-05-30T12:17:57.197+0000] {dag.py:3834} INFO - Setting next_dagrun for example_subdag_operator.section-2 to None, run_after=None
[2026-05-30T12:17:57.208+0000] {logging_mixin.py:188} INFO - [2026-05-30T12:17:57.208+0000] {dag.py:3047} INFO - Sync 2 DAGs
[2026-05-30T12:17:57.214+0000] {logging_mixin.py:188} INFO - [2026-05-30T12:17:57.214+0000] {dag.py:3834} INFO - Setting next_dagrun for example_subdag_operator.section-1 to None, run_after=None
[2026-05-30T12:17:57.216+0000] {logging_mixin.py:188} INFO - [2026-05-30T12:17:57.215+0000] {dag.py:3834} INFO - Setting next_dagrun for example_subdag_operator.section-2 to None, run_after=None
[2026-05-30T12:17:57.228+0000] {processor.py:183} INFO - Processing /home/airflow/.local/lib/python3.8/site-packages/airflow/example_dags/example_subdag_operator.py took 0.103 seconds
[2026-05-30T12:18:27.349+0000] {processor.py:161} INFO - Started process (PID=4360) to work on /home/airflow/.local/lib/python3.8/site-packages/airflow/example_dags/example_subdag_operator.py
[2026-05-30T12:18:27.351+0000] {processor.py:830} INFO - Processing file /home/airflow/.local/lib/python3.8/site-packages/airflow/example_dags/example_subdag_operator.py for tasks to queue
[2026-05-30T12:18:27.353+0000] {logging_mixin.py:188} INFO - [2026-05-30T12:18:27.353+0000] {dagbag.py:540} INFO - Filling up the DagBag from /home/airflow/.local/lib/python3.8/site-packages/airflow/example_dags/example_subdag_operator.py
[2026-05-30T12:18:27.376+0000] {processor.py:840} INFO - DAG(s) 'example_subdag_operator.section-1', 'example_subdag_operator.section-2', 'example_subdag_operator' retrieved from /home/airflow/.local/lib/python3.8/site-packages/airflow/example_dags/example_subdag_operator.py
[2026-05-30T12:18:27.389+0000] {logging_mixin.py:188} INFO - [2026-05-30T12:18:27.389+0000] {dag.py:3047} INFO - Sync 3 DAGs
[2026-05-30T12:18:27.407+0000] {logging_mixin.py:188} INFO - [2026-05-30T12:18:27.407+0000] {dag.py:3834} INFO - Setting next_dagrun for example_subdag_operator to 2022-01-01 00:00:00+00:00, run_after=2022-01-01 00:00:00+00:00
[2026-05-30T12:18:27.412+0000] {logging_mixin.py:188} INFO - [2026-05-30T12:18:27.411+0000] {dag.py:3834} INFO - Setting next_dagrun for example_subdag_operator.section-1 to None, run_after=None
[2026-05-30T12:18:27.415+0000] {logging_mixin.py:188} INFO - [2026-05-30T12:18:27.414+0000] {dag.py:3834} INFO - Setting next_dagrun for example_subdag_operator.section-2 to None, run_after=None
[2026-05-30T12:18:27.424+0000] {logging_mixin.py:188} INFO - [2026-05-30T12:18:27.424+0000] {dag.py:3047} INFO - Sync 2 DAGs
[2026-05-30T12:18:27.433+0000] {logging_mixin.py:188} INFO - [2026-05-30T12:18:27.433+0000] {dag.py:3834} INFO - Setting next_dagrun for example_subdag_operator.section-1 to None, run_after=None
[2026-05-30T12:18:27.434+0000] {logging_mixin.py:188} INFO - [2026-05-30T12:18:27.434+0000] {dag.py:3834} INFO - Setting next_dagrun for example_subdag_operator.section-2 to None, run_after=None
[2026-05-30T12:18:27.446+0000] {processor.py:183} INFO - Processing /home/airflow/.local/lib/python3.8/site-packages/airflow/example_dags/example_subdag_operator.py took 0.101 seconds
[2026-05-30T12:18:58.099+0000] {processor.py:161} INFO - Started process (PID=4416) to work on /home/airflow/.local/lib/python3.8/site-packages/airflow/example_dags/example_subdag_operator.py
[2026-05-30T12:18:58.101+0000] {processor.py:830} INFO - Processing file /home/airflow/.local/lib/python3.8/site-packages/airflow/example_dags/example_subdag_operator.py for tasks to queue
[2026-05-30T12:18:58.103+0000] {logging_mixin.py:188} INFO - [2026-05-30T12:18:58.103+0000] {dagbag.py:540} INFO - Filling up the DagBag from /home/airflow/.local/lib/python3.8/site-packages/airflow/example_dags/example_subdag_operator.py
[2026-05-30T12:18:58.129+0000] {processor.py:840} INFO - DAG(s) 'example_subdag_operator.section-1', 'example_subdag_operator.section-2', 'example_subdag_operator' retrieved from /home/airflow/.local/lib/python3.8/site-packages/airflow/example_dags/example_subdag_operator.py
[2026-05-30T12:18:58.146+0000] {logging_mixin.py:188} INFO - [2026-05-30T12:18:58.146+0000] {dag.py:3047} INFO - Sync 3 DAGs
[2026-05-30T12:18:58.167+0000] {logging_mixin.py:188} INFO - [2026-05-30T12:18:58.167+0000] {dag.py:3834} INFO - Setting next_dagrun for example_subdag_operator to 2022-01-01 00:00:00+00:00, run_after=2022-01-01 00:00:00+00:00
[2026-05-30T12:18:58.171+0000] {logging_mixin.py:188} INFO - [2026-05-30T12:18:58.171+0000] {dag.py:3834} INFO - Setting next_dagrun for example_subdag_operator.section-1 to None, run_after=None
[2026-05-30T12:18:58.173+0000] {logging_mixin.py:188} INFO - [2026-05-30T12:18:58.173+0000] {dag.py:3834} INFO - Setting next_dagrun for example_subdag_operator.section-2 to None, run_after=None
[2026-05-30T12:18:58.182+0000] {logging_mixin.py:188} INFO - [2026-05-30T12:18:58.182+0000] {dag.py:3047} INFO - Sync 2 DAGs
[2026-05-30T12:18:58.188+0000] {logging_mixin.py:188} INFO - [2026-05-30T12:18:58.188+0000] {dag.py:3834} INFO - Setting next_dagrun for example_subdag_operator.section-1 to None, run_after=None
[2026-05-30T12:18:58.189+0000] {logging_mixin.py:188} INFO - [2026-05-30T12:18:58.189+0000] {dag.py:3834} INFO - Setting next_dagrun for example_subdag_operator.section-2 to None, run_after=None
[2026-05-30T12:18:58.203+0000] {processor.py:183} INFO - Processing /home/airflow/.local/lib/python3.8/site-packages/airflow/example_dags/example_subdag_operator.py took 0.106 seconds
[2026-05-30T12:19:28.872+0000] {processor.py:161} INFO - Started process (PID=4471) to work on /home/airflow/.local/lib/python3.8/site-packages/airflow/example_dags/example_subdag_operator.py
[2026-05-30T12:19:28.873+0000] {processor.py:830} INFO - Processing file /home/airflow/.local/lib/python3.8/site-packages/airflow/example_dags/example_subdag_operator.py for tasks to queue
[2026-05-30T12:19:28.875+0000] {logging_mixin.py:188} INFO - [2026-05-30T12:19:28.875+0000] {dagbag.py:540} INFO - Filling up the DagBag from /home/airflow/.local/lib/python3.8/site-packages/airflow/example_dags/example_subdag_operator.py
[2026-05-30T12:19:28.897+0000] {processor.py:840} INFO - DAG(s) 'example_subdag_operator.section-1', 'example_subdag_operator.section-2', 'example_subdag_operator' retrieved from /home/airflow/.local/lib/python3.8/site-packages/airflow/example_dags/example_subdag_operator.py
[2026-05-30T12:19:28.911+0000] {logging_mixin.py:188} INFO - [2026-05-30T12:19:28.911+0000] {dag.py:3047} INFO - Sync 3 DAGs
[2026-05-30T12:19:28.930+0000] {logging_mixin.py:188} INFO - [2026-05-30T12:19:28.929+0000] {dag.py:3834} INFO - Setting next_dagrun for example_subdag_operator to 2022-01-01 00:00:00+00:00, run_after=2022-01-01 00:00:00+00:00
[2026-05-30T12:19:28.934+0000] {logging_mixin.py:188} INFO - [2026-05-30T12:19:28.934+0000] {dag.py:3834} INFO - Setting next_dagrun for example_subdag_operator.section-1 to None, run_after=None
[2026-05-30T12:19:28.937+0000] {logging_mixin.py:188} INFO - [2026-05-30T12:19:28.936+0000] {dag.py:3834} INFO - Setting next_dagrun for example_subdag_operator.section-2 to None, run_after=None
[2026-05-30T12:19:28.946+0000] {logging_mixin.py:188} INFO - [2026-05-30T12:19:28.945+0000] {dag.py:3047} INFO - Sync 2 DAGs
[2026-05-30T12:19:28.951+0000] {logging_mixin.py:188} INFO - [2026-05-30T12:19:28.950+0000] {dag.py:3834} INFO - Setting next_dagrun for example_subdag_operator.section-1 to None, run_after=None
[2026-05-30T12:19:28.951+0000] {logging_mixin.py:188} INFO - [2026-05-30T12:19:28.951+0000] {dag.py:3834} INFO - Setting next_dagrun for example_subdag_operator.section-2 to None, run_after=None
[2026-05-30T12:19:28.963+0000] {processor.py:183} INFO - Processing /home/airflow/.local/lib/python3.8/site-packages/airflow/example_dags/example_subdag_operator.py took 0.095 seconds
[2026-05-30T12:19:59.544+0000] {processor.py:161} INFO - Started process (PID=4526) to work on /home/airflow/.local/lib/python3.8/site-packages/airflow/example_dags/example_subdag_operator.py
[2026-05-30T12:19:59.545+0000] {processor.py:830} INFO - Processing file /home/airflow/.local/lib/python3.8/site-packages/airflow/example_dags/example_subdag_operator.py for tasks to queue
[2026-05-30T12:19:59.547+0000] {logging_mixin.py:188} INFO - [2026-05-30T12:19:59.547+0000] {dagbag.py:540} INFO - Filling up the DagBag from /home/airflow/.local/lib/python3.8/site-packages/airflow/example_dags/example_subdag_operator.py
[2026-05-30T12:19:59.572+0000] {processor.py:840} INFO - DAG(s) 'example_subdag_operator.section-1', 'example_subdag_operator.section-2', 'example_subdag_operator' retrieved from /home/airflow/.local/lib/python3.8/site-packages/airflow/example_dags/example_subdag_operator.py
[2026-05-30T12:19:59.586+0000] {logging_mixin.py:188} INFO - [2026-05-30T12:19:59.586+0000] {dag.py:3047} INFO - Sync 3 DAGs
[2026-05-30T12:19:59.607+0000] {logging_mixin.py:188} INFO - [2026-05-30T12:19:59.607+0000] {dag.py:3834} INFO - Setting next_dagrun for example_subdag_operator to 2022-01-01 00:00:00+00:00, run_after=2022-01-01 00:00:00+00:00
[2026-05-30T12:19:59.612+0000] {logging_mixin.py:188} INFO - [2026-05-30T12:19:59.612+0000] {dag.py:3834} INFO - Setting next_dagrun for example_subdag_operator.section-1 to None, run_after=None
[2026-05-30T12:19:59.614+0000] {logging_mixin.py:188} INFO - [2026-05-30T12:19:59.614+0000] {dag.py:3834} INFO - Setting next_dagrun for example_subdag_operator.section-2 to None, run_after=None
[2026-05-30T12:19:59.623+0000] {logging_mixin.py:188} INFO - [2026-05-30T12:19:59.623+0000] {dag.py:3047} INFO - Sync 2 DAGs
[2026-05-30T12:19:59.632+0000] {logging_mixin.py:188} INFO - [2026-05-30T12:19:59.631+0000] {dag.py:3834} INFO - Setting next_dagrun for example_subdag_operator.section-1 to None, run_after=None
[2026-05-30T12:19:59.634+0000] {logging_mixin.py:188} INFO - [2026-05-30T12:19:59.633+0000] {dag.py:3834} INFO - Setting next_dagrun for example_subdag_operator.section-2 to None, run_after=None
[2026-05-30T12:19:59.645+0000] {processor.py:183} INFO - Processing /home/airflow/.local/lib/python3.8/site-packages/airflow/example_dags/example_subdag_operator.py took 0.104 seconds
[2026-05-30T12:20:30.051+0000] {processor.py:161} INFO - Started process (PID=4582) to work on /home/airflow/.local/lib/python3.8/site-packages/airflow/example_dags/example_subdag_operator.py
[2026-05-30T12:20:30.053+0000] {processor.py:830} INFO - Processing file /home/airflow/.local/lib/python3.8/site-packages/airflow/example_dags/example_subdag_operator.py for tasks to queue
[2026-05-30T12:20:30.054+0000] {logging_mixin.py:188} INFO - [2026-05-30T12:20:30.054+0000] {dagbag.py:540} INFO - Filling up the DagBag from /home/airflow/.local/lib/python3.8/site-packages/airflow/example_dags/example_subdag_operator.py
[2026-05-30T12:20:30.077+0000] {processor.py:840} INFO - DAG(s) 'example_subdag_operator.section-1', 'example_subdag_operator.section-2', 'example_subdag_operator' retrieved from /home/airflow/.local/lib/python3.8/site-packages/airflow/example_dags/example_subdag_operator.py
[2026-05-30T12:20:30.091+0000] {logging_mixin.py:188} INFO - [2026-05-30T12:20:30.091+0000] {dag.py:3047} INFO - Sync 3 DAGs
[2026-05-30T12:20:30.111+0000] {logging_mixin.py:188} INFO - [2026-05-30T12:20:30.111+0000] {dag.py:3834} INFO - Setting next_dagrun for example_subdag_operator to 2022-01-01 00:00:00+00:00, run_after=2022-01-01 00:00:00+00:00
[2026-05-30T12:20:30.115+0000] {logging_mixin.py:188} INFO - [2026-05-30T12:20:30.115+0000] {dag.py:3834} INFO - Setting next_dagrun for example_subdag_operator.section-1 to None, run_after=None
[2026-05-30T12:20:30.117+0000] {logging_mixin.py:188} INFO - [2026-05-30T12:20:30.117+0000] {dag.py:3834} INFO - Setting next_dagrun for example_subdag_operator.section-2 to None, run_after=None
[2026-05-30T12:20:30.127+0000] {logging_mixin.py:188} INFO - [2026-05-30T12:20:30.126+0000] {dag.py:3047} INFO - Sync 2 DAGs
[2026-05-30T12:20:30.135+0000] {logging_mixin.py:188} INFO - [2026-05-30T12:20:30.134+0000] {dag.py:3834} INFO - Setting next_dagrun for example_subdag_operator.section-1 to None, run_after=None
[2026-05-30T12:20:30.136+0000] {logging_mixin.py:188} INFO - [2026-05-30T12:20:30.136+0000] {dag.py:3834} INFO - Setting next_dagrun for example_subdag_operator.section-2 to None, run_after=None
[2026-05-30T12:20:30.148+0000] {processor.py:183} INFO - Processing /home/airflow/.local/lib/python3.8/site-packages/airflow/example_dags/example_subdag_operator.py took 0.100 seconds
[2026-05-30T12:21:00.650+0000] {processor.py:161} INFO - Started process (PID=4637) to work on /home/airflow/.local/lib/python3.8/site-packages/airflow/example_dags/example_subdag_operator.py
[2026-05-30T12:21:00.655+0000] {processor.py:830} INFO - Processing file /home/airflow/.local/lib/python3.8/site-packages/airflow/example_dags/example_subdag_operator.py for tasks to queue
[2026-05-30T12:21:00.657+0000] {logging_mixin.py:188} INFO - [2026-05-30T12:21:00.656+0000] {dagbag.py:540} INFO - Filling up the DagBag from /home/airflow/.local/lib/python3.8/site-packages/airflow/example_dags/example_subdag_operator.py
[2026-05-30T12:21:00.679+0000] {processor.py:840} INFO - DAG(s) 'example_subdag_operator.section-1', 'example_subdag_operator.section-2', 'example_subdag_operator' retrieved from /home/airflow/.local/lib/python3.8/site-packages/airflow/example_dags/example_subdag_operator.py
[2026-05-30T12:21:00.694+0000] {logging_mixin.py:188} INFO - [2026-05-30T12:21:00.693+0000] {dag.py:3047} INFO - Sync 3 DAGs
[2026-05-30T12:21:00.716+0000] {logging_mixin.py:188} INFO - [2026-05-30T12:21:00.716+0000] {dag.py:3834} INFO - Setting next_dagrun for example_subdag_operator to 2022-01-01 00:00:00+00:00, run_after=2022-01-01 00:00:00+00:00
[2026-05-30T12:21:00.720+0000] {logging_mixin.py:188} INFO - [2026-05-30T12:21:00.720+0000] {dag.py:3834} INFO - Setting next_dagrun for example_subdag_operator.section-1 to None, run_after=None
[2026-05-30T12:21:00.722+0000] {logging_mixin.py:188} INFO - [2026-05-30T12:21:00.722+0000] {dag.py:3834} INFO - Setting next_dagrun for example_subdag_operator.section-2 to None, run_after=None
[2026-05-30T12:21:00.731+0000] {logging_mixin.py:188} INFO - [2026-05-30T12:21:00.731+0000] {dag.py:3047} INFO - Sync 2 DAGs
[2026-05-30T12:21:00.736+0000] {logging_mixin.py:188} INFO - [2026-05-30T12:21:00.735+0000] {dag.py:3834} INFO - Setting next_dagrun for example_subdag_operator.section-1 to None, run_after=None
[2026-05-30T12:21:00.736+0000] {logging_mixin.py:188} INFO - [2026-05-30T12:21:00.736+0000] {dag.py:3834} INFO - Setting next_dagrun for example_subdag_operator.section-2 to None, run_after=None
[2026-05-30T12:21:00.752+0000] {processor.py:183} INFO - Processing /home/airflow/.local/lib/python3.8/site-packages/airflow/example_dags/example_subdag_operator.py took 0.105 seconds
[2026-05-30T12:21:31.269+0000] {processor.py:161} INFO - Started process (PID=4692) to work on /home/airflow/.local/lib/python3.8/site-packages/airflow/example_dags/example_subdag_operator.py
[2026-05-30T12:21:31.270+0000] {processor.py:830} INFO - Processing file /home/airflow/.local/lib/python3.8/site-packages/airflow/example_dags/example_subdag_operator.py for tasks to queue
[2026-05-30T12:21:31.273+0000] {logging_mixin.py:188} INFO - [2026-05-30T12:21:31.273+0000] {dagbag.py:540} INFO - Filling up the DagBag from /home/airflow/.local/lib/python3.8/site-packages/airflow/example_dags/example_subdag_operator.py
[2026-05-30T12:21:31.297+0000] {processor.py:840} INFO - DAG(s) 'example_subdag_operator.section-1', 'example_subdag_operator.section-2', 'example_subdag_operator' retrieved from /home/airflow/.local/lib/python3.8/site-packages/airflow/example_dags/example_subdag_operator.py
[2026-05-30T12:21:31.311+0000] {logging_mixin.py:188} INFO - [2026-05-30T12:21:31.311+0000] {dag.py:3047} INFO - Sync 3 DAGs
[2026-05-30T12:21:31.330+0000] {logging_mixin.py:188} INFO - [2026-05-30T12:21:31.329+0000] {dag.py:3834} INFO - Setting next_dagrun for example_subdag_operator to 2022-01-01 00:00:00+00:00, run_after=2022-01-01 00:00:00+00:00
[2026-05-30T12:21:31.333+0000] {logging_mixin.py:188} INFO - [2026-05-30T12:21:31.333+0000] {dag.py:3834} INFO - Setting next_dagrun for example_subdag_operator.section-1 to None, run_after=None
[2026-05-30T12:21:31.335+0000] {logging_mixin.py:188} INFO - [2026-05-30T12:21:31.335+0000] {dag.py:3834} INFO - Setting next_dagrun for example_subdag_operator.section-2 to None, run_after=None
[2026-05-30T12:21:31.345+0000] {logging_mixin.py:188} INFO - [2026-05-30T12:21:31.345+0000] {dag.py:3047} INFO - Sync 2 DAGs
[2026-05-30T12:21:31.351+0000] {logging_mixin.py:188} INFO - [2026-05-30T12:21:31.350+0000] {dag.py:3834} INFO - Setting next_dagrun for example_subdag_operator.section-1 to None, run_after=None
[2026-05-30T12:21:31.352+0000] {logging_mixin.py:188} INFO - [2026-05-30T12:21:31.352+0000] {dag.py:3834} INFO - Setting next_dagrun for example_subdag_operator.section-2 to None, run_after=None
[2026-05-30T12:21:31.363+0000] {processor.py:183} INFO - Processing /home/airflow/.local/lib/python3.8/site-packages/airflow/example_dags/example_subdag_operator.py took 0.096 seconds
[2026-05-30T12:22:02.057+0000] {processor.py:161} INFO - Started process (PID=4747) to work on /home/airflow/.local/lib/python3.8/site-packages/airflow/example_dags/example_subdag_operator.py
[2026-05-30T12:22:02.058+0000] {processor.py:830} INFO - Processing file /home/airflow/.local/lib/python3.8/site-packages/airflow/example_dags/example_subdag_operator.py for tasks to queue
[2026-05-30T12:22:02.061+0000] {logging_mixin.py:188} INFO - [2026-05-30T12:22:02.060+0000] {dagbag.py:540} INFO - Filling up the DagBag from /home/airflow/.local/lib/python3.8/site-packages/airflow/example_dags/example_subdag_operator.py
[2026-05-30T12:22:02.088+0000] {processor.py:840} INFO - DAG(s) 'example_subdag_operator.section-1', 'example_subdag_operator.section-2', 'example_subdag_operator' retrieved from /home/airflow/.local/lib/python3.8/site-packages/airflow/example_dags/example_subdag_operator.py
[2026-05-30T12:22:02.108+0000] {logging_mixin.py:188} INFO - [2026-05-30T12:22:02.108+0000] {dag.py:3047} INFO - Sync 3 DAGs
[2026-05-30T12:22:02.128+0000] {logging_mixin.py:188} INFO - [2026-05-30T12:22:02.127+0000] {dag.py:3834} INFO - Setting next_dagrun for example_subdag_operator to 2022-01-01 00:00:00+00:00, run_after=2022-01-01 00:00:00+00:00
[2026-05-30T12:22:02.132+0000] {logging_mixin.py:188} INFO - [2026-05-30T12:22:02.132+0000] {dag.py:3834} INFO - Setting next_dagrun for example_subdag_operator.section-1 to None, run_after=None
[2026-05-30T12:22:02.134+0000] {logging_mixin.py:188} INFO - [2026-05-30T12:22:02.133+0000] {dag.py:3834} INFO - Setting next_dagrun for example_subdag_operator.section-2 to None, run_after=None
[2026-05-30T12:22:02.143+0000] {logging_mixin.py:188} INFO - [2026-05-30T12:22:02.142+0000] {dag.py:3047} INFO - Sync 2 DAGs
[2026-05-30T12:22:02.147+0000] {logging_mixin.py:188} INFO - [2026-05-30T12:22:02.147+0000] {dag.py:3834} INFO - Setting next_dagrun for example_subdag_operator.section-1 to None, run_after=None
[2026-05-30T12:22:02.148+0000] {logging_mixin.py:188} INFO - [2026-05-30T12:22:02.148+0000] {dag.py:3834} INFO - Setting next_dagrun for example_subdag_operator.section-2 to None, run_after=None
[2026-05-30T12:22:02.161+0000] {processor.py:183} INFO - Processing /home/airflow/.local/lib/python3.8/site-packages/airflow/example_dags/example_subdag_operator.py took 0.107 seconds
[2026-05-30T12:22:32.770+0000] {processor.py:161} INFO - Started process (PID=4802) to work on /home/airflow/.local/lib/python3.8/site-packages/airflow/example_dags/example_subdag_operator.py
[2026-05-30T12:22:32.773+0000] {processor.py:830} INFO - Processing file /home/airflow/.local/lib/python3.8/site-packages/airflow/example_dags/example_subdag_operator.py for tasks to queue
[2026-05-30T12:22:32.775+0000] {logging_mixin.py:188} INFO - [2026-05-30T12:22:32.775+0000] {dagbag.py:540} INFO - Filling up the DagBag from /home/airflow/.local/lib/python3.8/site-packages/airflow/example_dags/example_subdag_operator.py
[2026-05-30T12:22:32.806+0000] {processor.py:840} INFO - DAG(s) 'example_subdag_operator.section-1', 'example_subdag_operator.section-2', 'example_subdag_operator' retrieved from /home/airflow/.local/lib/python3.8/site-packages/airflow/example_dags/example_subdag_operator.py
[2026-05-30T12:22:32.822+0000] {logging_mixin.py:188} INFO - [2026-05-30T12:22:32.822+0000] {dag.py:3047} INFO - Sync 3 DAGs
[2026-05-30T12:22:32.842+0000] {logging_mixin.py:188} INFO - [2026-05-30T12:22:32.842+0000] {dag.py:3834} INFO - Setting next_dagrun for example_subdag_operator to 2022-01-01 00:00:00+00:00, run_after=2022-01-01 00:00:00+00:00
[2026-05-30T12:22:32.847+0000] {logging_mixin.py:188} INFO - [2026-05-30T12:22:32.847+0000] {dag.py:3834} INFO - Setting next_dagrun for example_subdag_operator.section-1 to None, run_after=None
[2026-05-30T12:22:32.850+0000] {logging_mixin.py:188} INFO - [2026-05-30T12:22:32.849+0000] {dag.py:3834} INFO - Setting next_dagrun for example_subdag_operator.section-2 to None, run_after=None
[2026-05-30T12:22:32.858+0000] {logging_mixin.py:188} INFO - [2026-05-30T12:22:32.857+0000] {dag.py:3047} INFO - Sync 2 DAGs
[2026-05-30T12:22:32.862+0000] {logging_mixin.py:188} INFO - [2026-05-30T12:22:32.862+0000] {dag.py:3834} INFO - Setting next_dagrun for example_subdag_operator.section-1 to None, run_after=None
[2026-05-30T12:22:32.863+0000] {logging_mixin.py:188} INFO - [2026-05-30T12:22:32.863+0000] {dag.py:3834} INFO - Setting next_dagrun for example_subdag_operator.section-2 to None, run_after=None
[2026-05-30T12:22:32.874+0000] {processor.py:183} INFO - Processing /home/airflow/.local/lib/python3.8/site-packages/airflow/example_dags/example_subdag_operator.py took 0.107 seconds
[2026-05-30T12:23:03.202+0000] {processor.py:161} INFO - Started process (PID=4857) to work on /home/airflow/.local/lib/python3.8/site-packages/airflow/example_dags/example_subdag_operator.py
[2026-05-30T12:23:03.205+0000] {processor.py:830} INFO - Processing file /home/airflow/.local/lib/python3.8/site-packages/airflow/example_dags/example_subdag_operator.py for tasks to queue
[2026-05-30T12:23:03.207+0000] {logging_mixin.py:188} INFO - [2026-05-30T12:23:03.207+0000] {dagbag.py:540} INFO - Filling up the DagBag from /home/airflow/.local/lib/python3.8/site-packages/airflow/example_dags/example_subdag_operator.py
[2026-05-30T12:23:03.240+0000] {processor.py:840} INFO - DAG(s) 'example_subdag_operator.section-1', 'example_subdag_operator.section-2', 'example_subdag_operator' retrieved from /home/airflow/.local/lib/python3.8/site-packages/airflow/example_dags/example_subdag_operator.py
[2026-05-30T12:23:03.256+0000] {logging_mixin.py:188} INFO - [2026-05-30T12:23:03.256+0000] {dag.py:3047} INFO - Sync 3 DAGs
[2026-05-30T12:23:03.286+0000] {logging_mixin.py:188} INFO - [2026-05-30T12:23:03.286+0000] {dag.py:3834} INFO - Setting next_dagrun for example_subdag_operator to 2022-01-01 00:00:00+00:00, run_after=2022-01-01 00:00:00+00:00
[2026-05-30T12:23:03.290+0000] {logging_mixin.py:188} INFO - [2026-05-30T12:23:03.290+0000] {dag.py:3834} INFO - Setting next_dagrun for example_subdag_operator.section-1 to None, run_after=None
[2026-05-30T12:23:03.292+0000] {logging_mixin.py:188} INFO - [2026-05-30T12:23:03.292+0000] {dag.py:3834} INFO - Setting next_dagrun for example_subdag_operator.section-2 to None, run_after=None
[2026-05-30T12:23:03.304+0000] {logging_mixin.py:188} INFO - [2026-05-30T12:23:03.304+0000] {dag.py:3047} INFO - Sync 2 DAGs
[2026-05-30T12:23:03.311+0000] {logging_mixin.py:188} INFO - [2026-05-30T12:23:03.310+0000] {dag.py:3834} INFO - Setting next_dagrun for example_subdag_operator.section-1 to None, run_after=None
[2026-05-30T12:23:03.312+0000] {logging_mixin.py:188} INFO - [2026-05-30T12:23:03.312+0000] {dag.py:3834} INFO - Setting next_dagrun for example_subdag_operator.section-2 to None, run_after=None
[2026-05-30T12:23:03.325+0000] {processor.py:183} INFO - Processing /home/airflow/.local/lib/python3.8/site-packages/airflow/example_dags/example_subdag_operator.py took 0.126 seconds
[2026-05-30T12:23:33.757+0000] {processor.py:161} INFO - Started process (PID=4918) to work on /home/airflow/.local/lib/python3.8/site-packages/airflow/example_dags/example_subdag_operator.py
[2026-05-30T12:23:33.759+0000] {processor.py:830} INFO - Processing file /home/airflow/.local/lib/python3.8/site-packages/airflow/example_dags/example_subdag_operator.py for tasks to queue
[2026-05-30T12:23:33.761+0000] {logging_mixin.py:188} INFO - [2026-05-30T12:23:33.760+0000] {dagbag.py:540} INFO - Filling up the DagBag from /home/airflow/.local/lib/python3.8/site-packages/airflow/example_dags/example_subdag_operator.py
[2026-05-30T12:23:33.786+0000] {processor.py:840} INFO - DAG(s) 'example_subdag_operator.section-1', 'example_subdag_operator.section-2', 'example_subdag_operator' retrieved from /home/airflow/.local/lib/python3.8/site-packages/airflow/example_dags/example_subdag_operator.py
[2026-05-30T12:23:33.800+0000] {logging_mixin.py:188} INFO - [2026-05-30T12:23:33.799+0000] {dag.py:3047} INFO - Sync 3 DAGs
[2026-05-30T12:23:33.818+0000] {logging_mixin.py:188} INFO - [2026-05-30T12:23:33.817+0000] {dag.py:3834} INFO - Setting next_dagrun for example_subdag_operator to 2022-01-01 00:00:00+00:00, run_after=2022-01-01 00:00:00+00:00
[2026-05-30T12:23:33.821+0000] {logging_mixin.py:188} INFO - [2026-05-30T12:23:33.821+0000] {dag.py:3834} INFO - Setting next_dagrun for example_subdag_operator.section-1 to None, run_after=None
[2026-05-30T12:23:33.823+0000] {logging_mixin.py:188} INFO - [2026-05-30T12:23:33.823+0000] {dag.py:3834} INFO - Setting next_dagrun for example_subdag_operator.section-2 to None, run_after=None
[2026-05-30T12:23:33.830+0000] {logging_mixin.py:188} INFO - [2026-05-30T12:23:33.830+0000] {dag.py:3047} INFO - Sync 2 DAGs
[2026-05-30T12:23:33.835+0000] {logging_mixin.py:188} INFO - [2026-05-30T12:23:33.835+0000] {dag.py:3834} INFO - Setting next_dagrun for example_subdag_operator.section-1 to None, run_after=None
[2026-05-30T12:23:33.839+0000] {logging_mixin.py:188} INFO - [2026-05-30T12:23:33.838+0000] {dag.py:3834} INFO - Setting next_dagrun for example_subdag_operator.section-2 to None, run_after=None
[2026-05-30T12:23:33.852+0000] {processor.py:183} INFO - Processing /home/airflow/.local/lib/python3.8/site-packages/airflow/example_dags/example_subdag_operator.py took 0.098 seconds
[2026-05-30T12:24:04.326+0000] {processor.py:161} INFO - Started process (PID=4973) to work on /home/airflow/.local/lib/python3.8/site-packages/airflow/example_dags/example_subdag_operator.py
[2026-05-30T12:24:04.327+0000] {processor.py:830} INFO - Processing file /home/airflow/.local/lib/python3.8/site-packages/airflow/example_dags/example_subdag_operator.py for tasks to queue
[2026-05-30T12:24:04.329+0000] {logging_mixin.py:188} INFO - [2026-05-30T12:24:04.329+0000] {dagbag.py:540} INFO - Filling up the DagBag from /home/airflow/.local/lib/python3.8/site-packages/airflow/example_dags/example_subdag_operator.py
[2026-05-30T12:24:04.349+0000] {processor.py:840} INFO - DAG(s) 'example_subdag_operator.section-1', 'example_subdag_operator.section-2', 'example_subdag_operator' retrieved from /home/airflow/.local/lib/python3.8/site-packages/airflow/example_dags/example_subdag_operator.py
[2026-05-30T12:24:04.361+0000] {logging_mixin.py:188} INFO - [2026-05-30T12:24:04.361+0000] {dag.py:3047} INFO - Sync 3 DAGs
[2026-05-30T12:24:04.379+0000] {logging_mixin.py:188} INFO - [2026-05-30T12:24:04.379+0000] {dag.py:3834} INFO - Setting next_dagrun for example_subdag_operator to 2022-01-01 00:00:00+00:00, run_after=2022-01-01 00:00:00+00:00
[2026-05-30T12:24:04.383+0000] {logging_mixin.py:188} INFO - [2026-05-30T12:24:04.383+0000] {dag.py:3834} INFO - Setting next_dagrun for example_subdag_operator.section-1 to None, run_after=None
[2026-05-30T12:24:04.387+0000] {logging_mixin.py:188} INFO - [2026-05-30T12:24:04.387+0000] {dag.py:3834} INFO - Setting next_dagrun for example_subdag_operator.section-2 to None, run_after=None
[2026-05-30T12:24:04.395+0000] {logging_mixin.py:188} INFO - [2026-05-30T12:24:04.395+0000] {dag.py:3047} INFO - Sync 2 DAGs
[2026-05-30T12:24:04.400+0000] {logging_mixin.py:188} INFO - [2026-05-30T12:24:04.400+0000] {dag.py:3834} INFO - Setting next_dagrun for example_subdag_operator.section-1 to None, run_after=None
[2026-05-30T12:24:04.402+0000] {logging_mixin.py:188} INFO - [2026-05-30T12:24:04.402+0000] {dag.py:3834} INFO - Setting next_dagrun for example_subdag_operator.section-2 to None, run_after=None
[2026-05-30T12:24:04.413+0000] {processor.py:183} INFO - Processing /home/airflow/.local/lib/python3.8/site-packages/airflow/example_dags/example_subdag_operator.py took 0.089 seconds
[2026-05-30T12:24:34.956+0000] {processor.py:161} INFO - Started process (PID=5028) to work on /home/airflow/.local/lib/python3.8/site-packages/airflow/example_dags/example_subdag_operator.py
[2026-05-30T12:24:34.957+0000] {processor.py:830} INFO - Processing file /home/airflow/.local/lib/python3.8/site-packages/airflow/example_dags/example_subdag_operator.py for tasks to queue
[2026-05-30T12:24:34.959+0000] {logging_mixin.py:188} INFO - [2026-05-30T12:24:34.959+0000] {dagbag.py:540} INFO - Filling up the DagBag from /home/airflow/.local/lib/python3.8/site-packages/airflow/example_dags/example_subdag_operator.py
[2026-05-30T12:24:34.980+0000] {processor.py:840} INFO - DAG(s) 'example_subdag_operator.section-1', 'example_subdag_operator.section-2', 'example_subdag_operator' retrieved from /home/airflow/.local/lib/python3.8/site-packages/airflow/example_dags/example_subdag_operator.py
[2026-05-30T12:24:34.993+0000] {logging_mixin.py:188} INFO - [2026-05-30T12:24:34.993+0000] {dag.py:3047} INFO - Sync 3 DAGs
[2026-05-30T12:24:35.012+0000] {logging_mixin.py:188} INFO - [2026-05-30T12:24:35.012+0000] {dag.py:3834} INFO - Setting next_dagrun for example_subdag_operator to 2022-01-01 00:00:00+00:00, run_after=2022-01-01 00:00:00+00:00
[2026-05-30T12:24:35.016+0000] {logging_mixin.py:188} INFO - [2026-05-30T12:24:35.016+0000] {dag.py:3834} INFO - Setting next_dagrun for example_subdag_operator.section-1 to None, run_after=None
[2026-05-30T12:24:35.018+0000] {logging_mixin.py:188} INFO - [2026-05-30T12:24:35.018+0000] {dag.py:3834} INFO - Setting next_dagrun for example_subdag_operator.section-2 to None, run_after=None
[2026-05-30T12:24:35.025+0000] {logging_mixin.py:188} INFO - [2026-05-30T12:24:35.025+0000] {dag.py:3047} INFO - Sync 2 DAGs
[2026-05-30T12:24:35.031+0000] {logging_mixin.py:188} INFO - [2026-05-30T12:24:35.031+0000] {dag.py:3834} INFO - Setting next_dagrun for example_subdag_operator.section-1 to None, run_after=None
[2026-05-30T12:24:35.033+0000] {logging_mixin.py:188} INFO - [2026-05-30T12:24:35.032+0000] {dag.py:3834} INFO - Setting next_dagrun for example_subdag_operator.section-2 to None, run_after=None
[2026-05-30T12:24:35.042+0000] {processor.py:183} INFO - Processing /home/airflow/.local/lib/python3.8/site-packages/airflow/example_dags/example_subdag_operator.py took 0.088 seconds
[2026-05-30T12:25:05.415+0000] {processor.py:161} INFO - Started process (PID=5083) to work on /home/airflow/.local/lib/python3.8/site-packages/airflow/example_dags/example_subdag_operator.py
[2026-05-30T12:25:05.416+0000] {processor.py:830} INFO - Processing file /home/airflow/.local/lib/python3.8/site-packages/airflow/example_dags/example_subdag_operator.py for tasks to queue
[2026-05-30T12:25:05.418+0000] {logging_mixin.py:188} INFO - [2026-05-30T12:25:05.418+0000] {dagbag.py:540} INFO - Filling up the DagBag from /home/airflow/.local/lib/python3.8/site-packages/airflow/example_dags/example_subdag_operator.py
[2026-05-30T12:25:05.438+0000] {processor.py:840} INFO - DAG(s) 'example_subdag_operator.section-1', 'example_subdag_operator.section-2', 'example_subdag_operator' retrieved from /home/airflow/.local/lib/python3.8/site-packages/airflow/example_dags/example_subdag_operator.py
[2026-05-30T12:25:05.450+0000] {logging_mixin.py:188} INFO - [2026-05-30T12:25:05.450+0000] {dag.py:3047} INFO - Sync 3 DAGs
[2026-05-30T12:25:05.470+0000] {logging_mixin.py:188} INFO - [2026-05-30T12:25:05.470+0000] {dag.py:3834} INFO - Setting next_dagrun for example_subdag_operator to 2022-01-01 00:00:00+00:00, run_after=2022-01-01 00:00:00+00:00
[2026-05-30T12:25:05.473+0000] {logging_mixin.py:188} INFO - [2026-05-30T12:25:05.473+0000] {dag.py:3834} INFO - Setting next_dagrun for example_subdag_operator.section-1 to None, run_after=None
[2026-05-30T12:25:05.476+0000] {logging_mixin.py:188} INFO - [2026-05-30T12:25:05.476+0000] {dag.py:3834} INFO - Setting next_dagrun for example_subdag_operator.section-2 to None, run_after=None
[2026-05-30T12:25:05.483+0000] {logging_mixin.py:188} INFO - [2026-05-30T12:25:05.483+0000] {dag.py:3047} INFO - Sync 2 DAGs
[2026-05-30T12:25:05.489+0000] {logging_mixin.py:188} INFO - [2026-05-30T12:25:05.489+0000] {dag.py:3834} INFO - Setting next_dagrun for example_subdag_operator.section-1 to None, run_after=None
[2026-05-30T12:25:05.494+0000] {logging_mixin.py:188} INFO - [2026-05-30T12:25:05.493+0000] {dag.py:3834} INFO - Setting next_dagrun for example_subdag_operator.section-2 to None, run_after=None
[2026-05-30T12:25:05.504+0000] {processor.py:183} INFO - Processing /home/airflow/.local/lib/python3.8/site-packages/airflow/example_dags/example_subdag_operator.py took 0.092 seconds
[2026-05-30T12:25:35.961+0000] {processor.py:161} INFO - Started process (PID=5138) to work on /home/airflow/.local/lib/python3.8/site-packages/airflow/example_dags/example_subdag_operator.py
[2026-05-30T12:25:35.962+0000] {processor.py:830} INFO - Processing file /home/airflow/.local/lib/python3.8/site-packages/airflow/example_dags/example_subdag_operator.py for tasks to queue
[2026-05-30T12:25:35.964+0000] {logging_mixin.py:188} INFO - [2026-05-30T12:25:35.964+0000] {dagbag.py:540} INFO - Filling up the DagBag from /home/airflow/.local/lib/python3.8/site-packages/airflow/example_dags/example_subdag_operator.py
[2026-05-30T12:25:35.985+0000] {processor.py:840} INFO - DAG(s) 'example_subdag_operator.section-1', 'example_subdag_operator.section-2', 'example_subdag_operator' retrieved from /home/airflow/.local/lib/python3.8/site-packages/airflow/example_dags/example_subdag_operator.py
[2026-05-30T12:25:35.998+0000] {logging_mixin.py:188} INFO - [2026-05-30T12:25:35.998+0000] {dag.py:3047} INFO - Sync 3 DAGs
[2026-05-30T12:25:36.016+0000] {logging_mixin.py:188} INFO - [2026-05-30T12:25:36.015+0000] {dag.py:3834} INFO - Setting next_dagrun for example_subdag_operator to 2022-01-01 00:00:00+00:00, run_after=2022-01-01 00:00:00+00:00
[2026-05-30T12:25:36.019+0000] {logging_mixin.py:188} INFO - [2026-05-30T12:25:36.019+0000] {dag.py:3834} INFO - Setting next_dagrun for example_subdag_operator.section-1 to None, run_after=None
[2026-05-30T12:25:36.020+0000] {logging_mixin.py:188} INFO - [2026-05-30T12:25:36.020+0000] {dag.py:3834} INFO - Setting next_dagrun for example_subdag_operator.section-2 to None, run_after=None
[2026-05-30T12:25:36.029+0000] {logging_mixin.py:188} INFO - [2026-05-30T12:25:36.028+0000] {dag.py:3047} INFO - Sync 2 DAGs
[2026-05-30T12:25:36.034+0000] {logging_mixin.py:188} INFO - [2026-05-30T12:25:36.034+0000] {dag.py:3834} INFO - Setting next_dagrun for example_subdag_operator.section-1 to None, run_after=None
[2026-05-30T12:25:36.039+0000] {logging_mixin.py:188} INFO - [2026-05-30T12:25:36.038+0000] {dag.py:3834} INFO - Setting next_dagrun for example_subdag_operator.section-2 to None, run_after=None
[2026-05-30T12:25:36.051+0000] {processor.py:183} INFO - Processing /home/airflow/.local/lib/python3.8/site-packages/airflow/example_dags/example_subdag_operator.py took 0.093 seconds
[2026-05-30T12:26:06.114+0000] {processor.py:161} INFO - Started process (PID=5193) to work on /home/airflow/.local/lib/python3.8/site-packages/airflow/example_dags/example_subdag_operator.py
[2026-05-30T12:26:06.116+0000] {processor.py:830} INFO - Processing file /home/airflow/.local/lib/python3.8/site-packages/airflow/example_dags/example_subdag_operator.py for tasks to queue
[2026-05-30T12:26:06.118+0000] {logging_mixin.py:188} INFO - [2026-05-30T12:26:06.118+0000] {dagbag.py:540} INFO - Filling up the DagBag from /home/airflow/.local/lib/python3.8/site-packages/airflow/example_dags/example_subdag_operator.py
[2026-05-30T12:26:06.154+0000] {processor.py:840} INFO - DAG(s) 'example_subdag_operator.section-1', 'example_subdag_operator.section-2', 'example_subdag_operator' retrieved from /home/airflow/.local/lib/python3.8/site-packages/airflow/example_dags/example_subdag_operator.py
[2026-05-30T12:26:06.171+0000] {logging_mixin.py:188} INFO - [2026-05-30T12:26:06.171+0000] {dag.py:3047} INFO - Sync 3 DAGs
[2026-05-30T12:26:06.194+0000] {logging_mixin.py:188} INFO - [2026-05-30T12:26:06.194+0000] {dag.py:3834} INFO - Setting next_dagrun for example_subdag_operator to 2022-01-01 00:00:00+00:00, run_after=2022-01-01 00:00:00+00:00
[2026-05-30T12:26:06.199+0000] {logging_mixin.py:188} INFO - [2026-05-30T12:26:06.198+0000] {dag.py:3834} INFO - Setting next_dagrun for example_subdag_operator.section-1 to None, run_after=None
[2026-05-30T12:26:06.201+0000] {logging_mixin.py:188} INFO - [2026-05-30T12:26:06.200+0000] {dag.py:3834} INFO - Setting next_dagrun for example_subdag_operator.section-2 to None, run_after=None
[2026-05-30T12:26:06.209+0000] {logging_mixin.py:188} INFO - [2026-05-30T12:26:06.208+0000] {dag.py:3047} INFO - Sync 2 DAGs
[2026-05-30T12:26:06.215+0000] {logging_mixin.py:188} INFO - [2026-05-30T12:26:06.215+0000] {dag.py:3834} INFO - Setting next_dagrun for example_subdag_operator.section-1 to None, run_after=None
[2026-05-30T12:26:06.216+0000] {logging_mixin.py:188} INFO - [2026-05-30T12:26:06.216+0000] {dag.py:3834} INFO - Setting next_dagrun for example_subdag_operator.section-2 to None, run_after=None
[2026-05-30T12:26:06.230+0000] {processor.py:183} INFO - Processing /home/airflow/.local/lib/python3.8/site-packages/airflow/example_dags/example_subdag_operator.py took 0.120 seconds
[2026-05-30T12:26:36.284+0000] {processor.py:161} INFO - Started process (PID=5248) to work on /home/airflow/.local/lib/python3.8/site-packages/airflow/example_dags/example_subdag_operator.py
[2026-05-30T12:26:36.285+0000] {processor.py:830} INFO - Processing file /home/airflow/.local/lib/python3.8/site-packages/airflow/example_dags/example_subdag_operator.py for tasks to queue
[2026-05-30T12:26:36.287+0000] {logging_mixin.py:188} INFO - [2026-05-30T12:26:36.287+0000] {dagbag.py:540} INFO - Filling up the DagBag from /home/airflow/.local/lib/python3.8/site-packages/airflow/example_dags/example_subdag_operator.py
[2026-05-30T12:26:36.310+0000] {processor.py:840} INFO - DAG(s) 'example_subdag_operator.section-1', 'example_subdag_operator.section-2', 'example_subdag_operator' retrieved from /home/airflow/.local/lib/python3.8/site-packages/airflow/example_dags/example_subdag_operator.py
[2026-05-30T12:26:36.323+0000] {logging_mixin.py:188} INFO - [2026-05-30T12:26:36.323+0000] {dag.py:3047} INFO - Sync 3 DAGs
[2026-05-30T12:26:36.339+0000] {logging_mixin.py:188} INFO - [2026-05-30T12:26:36.338+0000] {dag.py:3834} INFO - Setting next_dagrun for example_subdag_operator to 2022-01-01 00:00:00+00:00, run_after=2022-01-01 00:00:00+00:00
[2026-05-30T12:26:36.343+0000] {logging_mixin.py:188} INFO - [2026-05-30T12:26:36.343+0000] {dag.py:3834} INFO - Setting next_dagrun for example_subdag_operator.section-1 to None, run_after=None
[2026-05-30T12:26:36.345+0000] {logging_mixin.py:188} INFO - [2026-05-30T12:26:36.345+0000] {dag.py:3834} INFO - Setting next_dagrun for example_subdag_operator.section-2 to None, run_after=None
[2026-05-30T12:26:36.352+0000] {logging_mixin.py:188} INFO - [2026-05-30T12:26:36.351+0000] {dag.py:3047} INFO - Sync 2 DAGs
[2026-05-30T12:26:36.359+0000] {logging_mixin.py:188} INFO - [2026-05-30T12:26:36.358+0000] {dag.py:3834} INFO - Setting next_dagrun for example_subdag_operator.section-1 to None, run_after=None
[2026-05-30T12:26:36.359+0000] {logging_mixin.py:188} INFO - [2026-05-30T12:26:36.359+0000] {dag.py:3834} INFO - Setting next_dagrun for example_subdag_operator.section-2 to None, run_after=None
[2026-05-30T12:26:36.370+0000] {processor.py:183} INFO - Processing /home/airflow/.local/lib/python3.8/site-packages/airflow/example_dags/example_subdag_operator.py took 0.089 seconds
[2026-05-30T12:27:07.162+0000] {processor.py:161} INFO - Started process (PID=5301) to work on /home/airflow/.local/lib/python3.8/site-packages/airflow/example_dags/example_subdag_operator.py
[2026-05-30T12:27:07.164+0000] {processor.py:830} INFO - Processing file /home/airflow/.local/lib/python3.8/site-packages/airflow/example_dags/example_subdag_operator.py for tasks to queue
[2026-05-30T12:27:07.165+0000] {logging_mixin.py:188} INFO - [2026-05-30T12:27:07.165+0000] {dagbag.py:540} INFO - Filling up the DagBag from /home/airflow/.local/lib/python3.8/site-packages/airflow/example_dags/example_subdag_operator.py
[2026-05-30T12:27:07.187+0000] {processor.py:840} INFO - DAG(s) 'example_subdag_operator.section-1', 'example_subdag_operator.section-2', 'example_subdag_operator' retrieved from /home/airflow/.local/lib/python3.8/site-packages/airflow/example_dags/example_subdag_operator.py
[2026-05-30T12:27:07.202+0000] {logging_mixin.py:188} INFO - [2026-05-30T12:27:07.202+0000] {dag.py:3047} INFO - Sync 3 DAGs
[2026-05-30T12:27:07.221+0000] {logging_mixin.py:188} INFO - [2026-05-30T12:27:07.221+0000] {dag.py:3834} INFO - Setting next_dagrun for example_subdag_operator to 2022-01-01 00:00:00+00:00, run_after=2022-01-01 00:00:00+00:00
[2026-05-30T12:27:07.225+0000] {logging_mixin.py:188} INFO - [2026-05-30T12:27:07.225+0000] {dag.py:3834} INFO - Setting next_dagrun for example_subdag_operator.section-1 to None, run_after=None
[2026-05-30T12:27:07.226+0000] {logging_mixin.py:188} INFO - [2026-05-30T12:27:07.226+0000] {dag.py:3834} INFO - Setting next_dagrun for example_subdag_operator.section-2 to None, run_after=None
[2026-05-30T12:27:07.234+0000] {logging_mixin.py:188} INFO - [2026-05-30T12:27:07.234+0000] {dag.py:3047} INFO - Sync 2 DAGs
[2026-05-30T12:27:07.241+0000] {logging_mixin.py:188} INFO - [2026-05-30T12:27:07.240+0000] {dag.py:3834} INFO - Setting next_dagrun for example_subdag_operator.section-1 to None, run_after=None
[2026-05-30T12:27:07.241+0000] {logging_mixin.py:188} INFO - [2026-05-30T12:27:07.241+0000] {dag.py:3834} INFO - Setting next_dagrun for example_subdag_operator.section-2 to None, run_after=None
[2026-05-30T12:27:07.251+0000] {processor.py:183} INFO - Processing /home/airflow/.local/lib/python3.8/site-packages/airflow/example_dags/example_subdag_operator.py took 0.091 seconds
[2026-05-30T12:27:37.410+0000] {processor.py:161} INFO - Started process (PID=5356) to work on /home/airflow/.local/lib/python3.8/site-packages/airflow/example_dags/example_subdag_operator.py
[2026-05-30T12:27:37.412+0000] {processor.py:830} INFO - Processing file /home/airflow/.local/lib/python3.8/site-packages/airflow/example_dags/example_subdag_operator.py for tasks to queue
[2026-05-30T12:27:37.414+0000] {logging_mixin.py:188} INFO - [2026-05-30T12:27:37.414+0000] {dagbag.py:540} INFO - Filling up the DagBag from /home/airflow/.local/lib/python3.8/site-packages/airflow/example_dags/example_subdag_operator.py
[2026-05-30T12:27:37.438+0000] {processor.py:840} INFO - DAG(s) 'example_subdag_operator.section-1', 'example_subdag_operator.section-2', 'example_subdag_operator' retrieved from /home/airflow/.local/lib/python3.8/site-packages/airflow/example_dags/example_subdag_operator.py
[2026-05-30T12:27:37.453+0000] {logging_mixin.py:188} INFO - [2026-05-30T12:27:37.453+0000] {dag.py:3047} INFO - Sync 3 DAGs
[2026-05-30T12:27:37.471+0000] {logging_mixin.py:188} INFO - [2026-05-30T12:27:37.471+0000] {dag.py:3834} INFO - Setting next_dagrun for example_subdag_operator to 2022-01-01 00:00:00+00:00, run_after=2022-01-01 00:00:00+00:00
[2026-05-30T12:27:37.475+0000] {logging_mixin.py:188} INFO - [2026-05-30T12:27:37.474+0000] {dag.py:3834} INFO - Setting next_dagrun for example_subdag_operator.section-1 to None, run_after=None
[2026-05-30T12:27:37.477+0000] {logging_mixin.py:188} INFO - [2026-05-30T12:27:37.476+0000] {dag.py:3834} INFO - Setting next_dagrun for example_subdag_operator.section-2 to None, run_after=None
[2026-05-30T12:27:37.483+0000] {logging_mixin.py:188} INFO - [2026-05-30T12:27:37.483+0000] {dag.py:3047} INFO - Sync 2 DAGs
[2026-05-30T12:27:37.489+0000] {logging_mixin.py:188} INFO - [2026-05-30T12:27:37.488+0000] {dag.py:3834} INFO - Setting next_dagrun for example_subdag_operator.section-1 to None, run_after=None
[2026-05-30T12:27:37.490+0000] {logging_mixin.py:188} INFO - [2026-05-30T12:27:37.490+0000] {dag.py:3834} INFO - Setting next_dagrun for example_subdag_operator.section-2 to None, run_after=None
[2026-05-30T12:27:37.501+0000] {processor.py:183} INFO - Processing /home/airflow/.local/lib/python3.8/site-packages/airflow/example_dags/example_subdag_operator.py took 0.093 seconds
[2026-05-30T12:28:07.638+0000] {processor.py:161} INFO - Started process (PID=5411) to work on /home/airflow/.local/lib/python3.8/site-packages/airflow/example_dags/example_subdag_operator.py
[2026-05-30T12:28:07.639+0000] {processor.py:830} INFO - Processing file /home/airflow/.local/lib/python3.8/site-packages/airflow/example_dags/example_subdag_operator.py for tasks to queue
[2026-05-30T12:28:07.641+0000] {logging_mixin.py:188} INFO - [2026-05-30T12:28:07.641+0000] {dagbag.py:540} INFO - Filling up the DagBag from /home/airflow/.local/lib/python3.8/site-packages/airflow/example_dags/example_subdag_operator.py
[2026-05-30T12:28:07.664+0000] {processor.py:840} INFO - DAG(s) 'example_subdag_operator.section-1', 'example_subdag_operator.section-2', 'example_subdag_operator' retrieved from /home/airflow/.local/lib/python3.8/site-packages/airflow/example_dags/example_subdag_operator.py
[2026-05-30T12:28:07.677+0000] {logging_mixin.py:188} INFO - [2026-05-30T12:28:07.676+0000] {dag.py:3047} INFO - Sync 3 DAGs
[2026-05-30T12:28:07.695+0000] {logging_mixin.py:188} INFO - [2026-05-30T12:28:07.694+0000] {dag.py:3834} INFO - Setting next_dagrun for example_subdag_operator to 2022-01-01 00:00:00+00:00, run_after=2022-01-01 00:00:00+00:00
[2026-05-30T12:28:07.699+0000] {logging_mixin.py:188} INFO - [2026-05-30T12:28:07.698+0000] {dag.py:3834} INFO - Setting next_dagrun for example_subdag_operator.section-1 to None, run_after=None
[2026-05-30T12:28:07.700+0000] {logging_mixin.py:188} INFO - [2026-05-30T12:28:07.700+0000] {dag.py:3834} INFO - Setting next_dagrun for example_subdag_operator.section-2 to None, run_after=None
[2026-05-30T12:28:07.708+0000] {logging_mixin.py:188} INFO - [2026-05-30T12:28:07.708+0000] {dag.py:3047} INFO - Sync 2 DAGs
[2026-05-30T12:28:07.713+0000] {logging_mixin.py:188} INFO - [2026-05-30T12:28:07.713+0000] {dag.py:3834} INFO - Setting next_dagrun for example_subdag_operator.section-1 to None, run_after=None
[2026-05-30T12:28:07.714+0000] {logging_mixin.py:188} INFO - [2026-05-30T12:28:07.714+0000] {dag.py:3834} INFO - Setting next_dagrun for example_subdag_operator.section-2 to None, run_after=None
[2026-05-30T12:28:07.725+0000] {processor.py:183} INFO - Processing /home/airflow/.local/lib/python3.8/site-packages/airflow/example_dags/example_subdag_operator.py took 0.091 seconds
[2026-05-30T12:28:38.019+0000] {processor.py:161} INFO - Started process (PID=5466) to work on /home/airflow/.local/lib/python3.8/site-packages/airflow/example_dags/example_subdag_operator.py
[2026-05-30T12:28:38.021+0000] {processor.py:830} INFO - Processing file /home/airflow/.local/lib/python3.8/site-packages/airflow/example_dags/example_subdag_operator.py for tasks to queue
[2026-05-30T12:28:38.024+0000] {logging_mixin.py:188} INFO - [2026-05-30T12:28:38.023+0000] {dagbag.py:540} INFO - Filling up the DagBag from /home/airflow/.local/lib/python3.8/site-packages/airflow/example_dags/example_subdag_operator.py
[2026-05-30T12:28:38.058+0000] {processor.py:840} INFO - DAG(s) 'example_subdag_operator.section-1', 'example_subdag_operator.section-2', 'example_subdag_operator' retrieved from /home/airflow/.local/lib/python3.8/site-packages/airflow/example_dags/example_subdag_operator.py
[2026-05-30T12:28:38.074+0000] {logging_mixin.py:188} INFO - [2026-05-30T12:28:38.074+0000] {dag.py:3047} INFO - Sync 3 DAGs
[2026-05-30T12:28:38.092+0000] {logging_mixin.py:188} INFO - [2026-05-30T12:28:38.092+0000] {dag.py:3834} INFO - Setting next_dagrun for example_subdag_operator to 2022-01-01 00:00:00+00:00, run_after=2022-01-01 00:00:00+00:00
[2026-05-30T12:28:38.096+0000] {logging_mixin.py:188} INFO - [2026-05-30T12:28:38.096+0000] {dag.py:3834} INFO - Setting next_dagrun for example_subdag_operator.section-1 to None, run_after=None
[2026-05-30T12:28:38.098+0000] {logging_mixin.py:188} INFO - [2026-05-30T12:28:38.097+0000] {dag.py:3834} INFO - Setting next_dagrun for example_subdag_operator.section-2 to None, run_after=None
[2026-05-30T12:28:38.107+0000] {logging_mixin.py:188} INFO - [2026-05-30T12:28:38.106+0000] {dag.py:3047} INFO - Sync 2 DAGs
[2026-05-30T12:28:38.114+0000] {logging_mixin.py:188} INFO - [2026-05-30T12:28:38.114+0000] {dag.py:3834} INFO - Setting next_dagrun for example_subdag_operator.section-1 to None, run_after=None
[2026-05-30T12:28:38.115+0000] {logging_mixin.py:188} INFO - [2026-05-30T12:28:38.115+0000] {dag.py:3834} INFO - Setting next_dagrun for example_subdag_operator.section-2 to None, run_after=None
[2026-05-30T12:28:38.126+0000] {processor.py:183} INFO - Processing /home/airflow/.local/lib/python3.8/site-packages/airflow/example_dags/example_subdag_operator.py took 0.114 seconds
[2026-05-30T12:29:08.461+0000] {processor.py:161} INFO - Started process (PID=5522) to work on /home/airflow/.local/lib/python3.8/site-packages/airflow/example_dags/example_subdag_operator.py
[2026-05-30T12:29:08.462+0000] {processor.py:830} INFO - Processing file /home/airflow/.local/lib/python3.8/site-packages/airflow/example_dags/example_subdag_operator.py for tasks to queue
[2026-05-30T12:29:08.464+0000] {logging_mixin.py:188} INFO - [2026-05-30T12:29:08.464+0000] {dagbag.py:540} INFO - Filling up the DagBag from /home/airflow/.local/lib/python3.8/site-packages/airflow/example_dags/example_subdag_operator.py
[2026-05-30T12:29:08.485+0000] {processor.py:840} INFO - DAG(s) 'example_subdag_operator.section-1', 'example_subdag_operator.section-2', 'example_subdag_operator' retrieved from /home/airflow/.local/lib/python3.8/site-packages/airflow/example_dags/example_subdag_operator.py
[2026-05-30T12:29:08.497+0000] {logging_mixin.py:188} INFO - [2026-05-30T12:29:08.497+0000] {dag.py:3047} INFO - Sync 3 DAGs
[2026-05-30T12:29:08.518+0000] {logging_mixin.py:188} INFO - [2026-05-30T12:29:08.518+0000] {dag.py:3834} INFO - Setting next_dagrun for example_subdag_operator to 2022-01-01 00:00:00+00:00, run_after=2022-01-01 00:00:00+00:00
[2026-05-30T12:29:08.522+0000] {logging_mixin.py:188} INFO - [2026-05-30T12:29:08.522+0000] {dag.py:3834} INFO - Setting next_dagrun for example_subdag_operator.section-1 to None, run_after=None
[2026-05-30T12:29:08.525+0000] {logging_mixin.py:188} INFO - [2026-05-30T12:29:08.524+0000] {dag.py:3834} INFO - Setting next_dagrun for example_subdag_operator.section-2 to None, run_after=None
[2026-05-30T12:29:08.532+0000] {logging_mixin.py:188} INFO - [2026-05-30T12:29:08.532+0000] {dag.py:3047} INFO - Sync 2 DAGs
[2026-05-30T12:29:08.539+0000] {logging_mixin.py:188} INFO - [2026-05-30T12:29:08.539+0000] {dag.py:3834} INFO - Setting next_dagrun for example_subdag_operator.section-1 to None, run_after=None
[2026-05-30T12:29:08.540+0000] {logging_mixin.py:188} INFO - [2026-05-30T12:29:08.540+0000] {dag.py:3834} INFO - Setting next_dagrun for example_subdag_operator.section-2 to None, run_after=None
[2026-05-30T12:29:08.551+0000] {processor.py:183} INFO - Processing /home/airflow/.local/lib/python3.8/site-packages/airflow/example_dags/example_subdag_operator.py took 0.093 seconds
[2026-05-30T12:29:38.616+0000] {processor.py:161} INFO - Started process (PID=5578) to work on /home/airflow/.local/lib/python3.8/site-packages/airflow/example_dags/example_subdag_operator.py
[2026-05-30T12:29:38.618+0000] {processor.py:830} INFO - Processing file /home/airflow/.local/lib/python3.8/site-packages/airflow/example_dags/example_subdag_operator.py for tasks to queue
[2026-05-30T12:29:38.620+0000] {logging_mixin.py:188} INFO - [2026-05-30T12:29:38.619+0000] {dagbag.py:540} INFO - Filling up the DagBag from /home/airflow/.local/lib/python3.8/site-packages/airflow/example_dags/example_subdag_operator.py
[2026-05-30T12:29:38.642+0000] {processor.py:840} INFO - DAG(s) 'example_subdag_operator.section-1', 'example_subdag_operator.section-2', 'example_subdag_operator' retrieved from /home/airflow/.local/lib/python3.8/site-packages/airflow/example_dags/example_subdag_operator.py
[2026-05-30T12:29:38.654+0000] {logging_mixin.py:188} INFO - [2026-05-30T12:29:38.653+0000] {dag.py:3047} INFO - Sync 3 DAGs
[2026-05-30T12:29:38.669+0000] {logging_mixin.py:188} INFO - [2026-05-30T12:29:38.669+0000] {dag.py:3834} INFO - Setting next_dagrun for example_subdag_operator to 2022-01-01 00:00:00+00:00, run_after=2022-01-01 00:00:00+00:00
[2026-05-30T12:29:38.672+0000] {logging_mixin.py:188} INFO - [2026-05-30T12:29:38.672+0000] {dag.py:3834} INFO - Setting next_dagrun for example_subdag_operator.section-1 to None, run_after=None
[2026-05-30T12:29:38.674+0000] {logging_mixin.py:188} INFO - [2026-05-30T12:29:38.674+0000] {dag.py:3834} INFO - Setting next_dagrun for example_subdag_operator.section-2 to None, run_after=None
[2026-05-30T12:29:38.683+0000] {logging_mixin.py:188} INFO - [2026-05-30T12:29:38.683+0000] {dag.py:3047} INFO - Sync 2 DAGs
[2026-05-30T12:29:38.693+0000] {logging_mixin.py:188} INFO - [2026-05-30T12:29:38.692+0000] {dag.py:3834} INFO - Setting next_dagrun for example_subdag_operator.section-1 to None, run_after=None
[2026-05-30T12:29:38.696+0000] {logging_mixin.py:188} INFO - [2026-05-30T12:29:38.696+0000] {dag.py:3834} INFO - Setting next_dagrun for example_subdag_operator.section-2 to None, run_after=None
[2026-05-30T12:29:38.707+0000] {processor.py:183} INFO - Processing /home/airflow/.local/lib/python3.8/site-packages/airflow/example_dags/example_subdag_operator.py took 0.093 seconds
[2026-05-30T12:30:09.270+0000] {processor.py:161} INFO - Started process (PID=5634) to work on /home/airflow/.local/lib/python3.8/site-packages/airflow/example_dags/example_subdag_operator.py
[2026-05-30T12:30:09.271+0000] {processor.py:830} INFO - Processing file /home/airflow/.local/lib/python3.8/site-packages/airflow/example_dags/example_subdag_operator.py for tasks to queue
[2026-05-30T12:30:09.273+0000] {logging_mixin.py:188} INFO - [2026-05-30T12:30:09.273+0000] {dagbag.py:540} INFO - Filling up the DagBag from /home/airflow/.local/lib/python3.8/site-packages/airflow/example_dags/example_subdag_operator.py
[2026-05-30T12:30:09.295+0000] {processor.py:840} INFO - DAG(s) 'example_subdag_operator.section-1', 'example_subdag_operator.section-2', 'example_subdag_operator' retrieved from /home/airflow/.local/lib/python3.8/site-packages/airflow/example_dags/example_subdag_operator.py
[2026-05-30T12:30:09.307+0000] {logging_mixin.py:188} INFO - [2026-05-30T12:30:09.307+0000] {dag.py:3047} INFO - Sync 3 DAGs
[2026-05-30T12:30:09.322+0000] {logging_mixin.py:188} INFO - [2026-05-30T12:30:09.322+0000] {dag.py:3834} INFO - Setting next_dagrun for example_subdag_operator to 2022-01-01 00:00:00+00:00, run_after=2022-01-01 00:00:00+00:00
[2026-05-30T12:30:09.325+0000] {logging_mixin.py:188} INFO - [2026-05-30T12:30:09.325+0000] {dag.py:3834} INFO - Setting next_dagrun for example_subdag_operator.section-1 to None, run_after=None
[2026-05-30T12:30:09.327+0000] {logging_mixin.py:188} INFO - [2026-05-30T12:30:09.327+0000] {dag.py:3834} INFO - Setting next_dagrun for example_subdag_operator.section-2 to None, run_after=None
[2026-05-30T12:30:09.334+0000] {logging_mixin.py:188} INFO - [2026-05-30T12:30:09.333+0000] {dag.py:3047} INFO - Sync 2 DAGs
[2026-05-30T12:30:09.341+0000] {logging_mixin.py:188} INFO - [2026-05-30T12:30:09.341+0000] {dag.py:3834} INFO - Setting next_dagrun for example_subdag_operator.section-1 to None, run_after=None
[2026-05-30T12:30:09.342+0000] {logging_mixin.py:188} INFO - [2026-05-30T12:30:09.342+0000] {dag.py:3834} INFO - Setting next_dagrun for example_subdag_operator.section-2 to None, run_after=None
[2026-05-30T12:30:09.352+0000] {processor.py:183} INFO - Processing /home/airflow/.local/lib/python3.8/site-packages/airflow/example_dags/example_subdag_operator.py took 0.085 seconds
[2026-05-30T12:30:40.081+0000] {processor.py:161} INFO - Started process (PID=5690) to work on /home/airflow/.local/lib/python3.8/site-packages/airflow/example_dags/example_subdag_operator.py
[2026-05-30T12:30:40.083+0000] {processor.py:830} INFO - Processing file /home/airflow/.local/lib/python3.8/site-packages/airflow/example_dags/example_subdag_operator.py for tasks to queue
[2026-05-30T12:30:40.084+0000] {logging_mixin.py:188} INFO - [2026-05-30T12:30:40.084+0000] {dagbag.py:540} INFO - Filling up the DagBag from /home/airflow/.local/lib/python3.8/site-packages/airflow/example_dags/example_subdag_operator.py
[2026-05-30T12:30:40.106+0000] {processor.py:840} INFO - DAG(s) 'example_subdag_operator.section-1', 'example_subdag_operator.section-2', 'example_subdag_operator' retrieved from /home/airflow/.local/lib/python3.8/site-packages/airflow/example_dags/example_subdag_operator.py
[2026-05-30T12:30:40.119+0000] {logging_mixin.py:188} INFO - [2026-05-30T12:30:40.119+0000] {dag.py:3047} INFO - Sync 3 DAGs
[2026-05-30T12:30:40.135+0000] {logging_mixin.py:188} INFO - [2026-05-30T12:30:40.135+0000] {dag.py:3834} INFO - Setting next_dagrun for example_subdag_operator to 2022-01-01 00:00:00+00:00, run_after=2022-01-01 00:00:00+00:00
[2026-05-30T12:30:40.140+0000] {logging_mixin.py:188} INFO - [2026-05-30T12:30:40.139+0000] {dag.py:3834} INFO - Setting next_dagrun for example_subdag_operator.section-1 to None, run_after=None
[2026-05-30T12:30:40.142+0000] {logging_mixin.py:188} INFO - [2026-05-30T12:30:40.142+0000] {dag.py:3834} INFO - Setting next_dagrun for example_subdag_operator.section-2 to None, run_after=None
[2026-05-30T12:30:40.148+0000] {logging_mixin.py:188} INFO - [2026-05-30T12:30:40.148+0000] {dag.py:3047} INFO - Sync 2 DAGs
[2026-05-30T12:30:40.177+0000] {logging_mixin.py:188} INFO - [2026-05-30T12:30:40.176+0000] {dag.py:3834} INFO - Setting next_dagrun for example_subdag_operator.section-1 to None, run_after=None
[2026-05-30T12:30:40.178+0000] {logging_mixin.py:188} INFO - [2026-05-30T12:30:40.178+0000] {dag.py:3834} INFO - Setting next_dagrun for example_subdag_operator.section-2 to None, run_after=None
[2026-05-30T12:30:40.189+0000] {processor.py:183} INFO - Processing /home/airflow/.local/lib/python3.8/site-packages/airflow/example_dags/example_subdag_operator.py took 0.111 seconds
[2026-05-30T12:31:10.510+0000] {processor.py:161} INFO - Started process (PID=5746) to work on /home/airflow/.local/lib/python3.8/site-packages/airflow/example_dags/example_subdag_operator.py
[2026-05-30T12:31:10.511+0000] {processor.py:830} INFO - Processing file /home/airflow/.local/lib/python3.8/site-packages/airflow/example_dags/example_subdag_operator.py for tasks to queue
[2026-05-30T12:31:10.513+0000] {logging_mixin.py:188} INFO - [2026-05-30T12:31:10.513+0000] {dagbag.py:540} INFO - Filling up the DagBag from /home/airflow/.local/lib/python3.8/site-packages/airflow/example_dags/example_subdag_operator.py
[2026-05-30T12:31:10.539+0000] {processor.py:840} INFO - DAG(s) 'example_subdag_operator.section-1', 'example_subdag_operator.section-2', 'example_subdag_operator' retrieved from /home/airflow/.local/lib/python3.8/site-packages/airflow/example_dags/example_subdag_operator.py
[2026-05-30T12:31:10.555+0000] {logging_mixin.py:188} INFO - [2026-05-30T12:31:10.555+0000] {dag.py:3047} INFO - Sync 3 DAGs
[2026-05-30T12:31:10.573+0000] {logging_mixin.py:188} INFO - [2026-05-30T12:31:10.573+0000] {dag.py:3834} INFO - Setting next_dagrun for example_subdag_operator to 2022-01-01 00:00:00+00:00, run_after=2022-01-01 00:00:00+00:00
[2026-05-30T12:31:10.577+0000] {logging_mixin.py:188} INFO - [2026-05-30T12:31:10.577+0000] {dag.py:3834} INFO - Setting next_dagrun for example_subdag_operator.section-1 to None, run_after=None
[2026-05-30T12:31:10.579+0000] {logging_mixin.py:188} INFO - [2026-05-30T12:31:10.579+0000] {dag.py:3834} INFO - Setting next_dagrun for example_subdag_operator.section-2 to None, run_after=None
[2026-05-30T12:31:10.586+0000] {logging_mixin.py:188} INFO - [2026-05-30T12:31:10.586+0000] {dag.py:3047} INFO - Sync 2 DAGs
[2026-05-30T12:31:10.593+0000] {logging_mixin.py:188} INFO - [2026-05-30T12:31:10.593+0000] {dag.py:3834} INFO - Setting next_dagrun for example_subdag_operator.section-1 to None, run_after=None
[2026-05-30T12:31:10.595+0000] {logging_mixin.py:188} INFO - [2026-05-30T12:31:10.594+0000] {dag.py:3834} INFO - Setting next_dagrun for example_subdag_operator.section-2 to None, run_after=None
[2026-05-30T12:31:10.605+0000] {processor.py:183} INFO - Processing /home/airflow/.local/lib/python3.8/site-packages/airflow/example_dags/example_subdag_operator.py took 0.097 seconds
[2026-05-30T12:31:40.765+0000] {processor.py:161} INFO - Started process (PID=5802) to work on /home/airflow/.local/lib/python3.8/site-packages/airflow/example_dags/example_subdag_operator.py
[2026-05-30T12:31:40.767+0000] {processor.py:830} INFO - Processing file /home/airflow/.local/lib/python3.8/site-packages/airflow/example_dags/example_subdag_operator.py for tasks to queue
[2026-05-30T12:31:40.769+0000] {logging_mixin.py:188} INFO - [2026-05-30T12:31:40.769+0000] {dagbag.py:540} INFO - Filling up the DagBag from /home/airflow/.local/lib/python3.8/site-packages/airflow/example_dags/example_subdag_operator.py
[2026-05-30T12:31:40.790+0000] {processor.py:840} INFO - DAG(s) 'example_subdag_operator.section-1', 'example_subdag_operator.section-2', 'example_subdag_operator' retrieved from /home/airflow/.local/lib/python3.8/site-packages/airflow/example_dags/example_subdag_operator.py
[2026-05-30T12:31:40.804+0000] {logging_mixin.py:188} INFO - [2026-05-30T12:31:40.804+0000] {dag.py:3047} INFO - Sync 3 DAGs
[2026-05-30T12:31:40.820+0000] {logging_mixin.py:188} INFO - [2026-05-30T12:31:40.820+0000] {dag.py:3834} INFO - Setting next_dagrun for example_subdag_operator to 2022-01-01 00:00:00+00:00, run_after=2022-01-01 00:00:00+00:00
[2026-05-30T12:31:40.825+0000] {logging_mixin.py:188} INFO - [2026-05-30T12:31:40.825+0000] {dag.py:3834} INFO - Setting next_dagrun for example_subdag_operator.section-1 to None, run_after=None
[2026-05-30T12:31:40.828+0000] {logging_mixin.py:188} INFO - [2026-05-30T12:31:40.828+0000] {dag.py:3834} INFO - Setting next_dagrun for example_subdag_operator.section-2 to None, run_after=None
[2026-05-30T12:31:40.834+0000] {logging_mixin.py:188} INFO - [2026-05-30T12:31:40.834+0000] {dag.py:3047} INFO - Sync 2 DAGs
[2026-05-30T12:31:40.839+0000] {logging_mixin.py:188} INFO - [2026-05-30T12:31:40.839+0000] {dag.py:3834} INFO - Setting next_dagrun for example_subdag_operator.section-1 to None, run_after=None
[2026-05-30T12:31:40.841+0000] {logging_mixin.py:188} INFO - [2026-05-30T12:31:40.841+0000] {dag.py:3834} INFO - Setting next_dagrun for example_subdag_operator.section-2 to None, run_after=None
[2026-05-30T12:31:40.853+0000] {processor.py:183} INFO - Processing /home/airflow/.local/lib/python3.8/site-packages/airflow/example_dags/example_subdag_operator.py took 0.090 seconds
[2026-05-30T12:32:11.082+0000] {processor.py:161} INFO - Started process (PID=5858) to work on /home/airflow/.local/lib/python3.8/site-packages/airflow/example_dags/example_subdag_operator.py
[2026-05-30T12:32:11.084+0000] {processor.py:830} INFO - Processing file /home/airflow/.local/lib/python3.8/site-packages/airflow/example_dags/example_subdag_operator.py for tasks to queue
[2026-05-30T12:32:11.087+0000] {logging_mixin.py:188} INFO - [2026-05-30T12:32:11.086+0000] {dagbag.py:540} INFO - Filling up the DagBag from /home/airflow/.local/lib/python3.8/site-packages/airflow/example_dags/example_subdag_operator.py
[2026-05-30T12:32:11.110+0000] {processor.py:840} INFO - DAG(s) 'example_subdag_operator.section-1', 'example_subdag_operator.section-2', 'example_subdag_operator' retrieved from /home/airflow/.local/lib/python3.8/site-packages/airflow/example_dags/example_subdag_operator.py
[2026-05-30T12:32:11.124+0000] {logging_mixin.py:188} INFO - [2026-05-30T12:32:11.123+0000] {dag.py:3047} INFO - Sync 3 DAGs
[2026-05-30T12:32:11.143+0000] {logging_mixin.py:188} INFO - [2026-05-30T12:32:11.142+0000] {dag.py:3834} INFO - Setting next_dagrun for example_subdag_operator to 2022-01-01 00:00:00+00:00, run_after=2022-01-01 00:00:00+00:00
[2026-05-30T12:32:11.146+0000] {logging_mixin.py:188} INFO - [2026-05-30T12:32:11.146+0000] {dag.py:3834} INFO - Setting next_dagrun for example_subdag_operator.section-1 to None, run_after=None
[2026-05-30T12:32:11.148+0000] {logging_mixin.py:188} INFO - [2026-05-30T12:32:11.148+0000] {dag.py:3834} INFO - Setting next_dagrun for example_subdag_operator.section-2 to None, run_after=None
[2026-05-30T12:32:11.156+0000] {logging_mixin.py:188} INFO - [2026-05-30T12:32:11.155+0000] {dag.py:3047} INFO - Sync 2 DAGs
[2026-05-30T12:32:11.162+0000] {logging_mixin.py:188} INFO - [2026-05-30T12:32:11.162+0000] {dag.py:3834} INFO - Setting next_dagrun for example_subdag_operator.section-1 to None, run_after=None
[2026-05-30T12:32:11.163+0000] {logging_mixin.py:188} INFO - [2026-05-30T12:32:11.163+0000] {dag.py:3834} INFO - Setting next_dagrun for example_subdag_operator.section-2 to None, run_after=None
[2026-05-30T12:32:11.176+0000] {processor.py:183} INFO - Processing /home/airflow/.local/lib/python3.8/site-packages/airflow/example_dags/example_subdag_operator.py took 0.097 seconds
[2026-05-30T12:32:41.514+0000] {processor.py:161} INFO - Started process (PID=5914) to work on /home/airflow/.local/lib/python3.8/site-packages/airflow/example_dags/example_subdag_operator.py
[2026-05-30T12:32:41.515+0000] {processor.py:830} INFO - Processing file /home/airflow/.local/lib/python3.8/site-packages/airflow/example_dags/example_subdag_operator.py for tasks to queue
[2026-05-30T12:32:41.517+0000] {logging_mixin.py:188} INFO - [2026-05-30T12:32:41.517+0000] {dagbag.py:540} INFO - Filling up the DagBag from /home/airflow/.local/lib/python3.8/site-packages/airflow/example_dags/example_subdag_operator.py
[2026-05-30T12:32:41.537+0000] {processor.py:840} INFO - DAG(s) 'example_subdag_operator.section-1', 'example_subdag_operator.section-2', 'example_subdag_operator' retrieved from /home/airflow/.local/lib/python3.8/site-packages/airflow/example_dags/example_subdag_operator.py
[2026-05-30T12:32:41.550+0000] {logging_mixin.py:188} INFO - [2026-05-30T12:32:41.550+0000] {dag.py:3047} INFO - Sync 3 DAGs
[2026-05-30T12:32:41.565+0000] {logging_mixin.py:188} INFO - [2026-05-30T12:32:41.565+0000] {dag.py:3834} INFO - Setting next_dagrun for example_subdag_operator to 2022-01-01 00:00:00+00:00, run_after=2022-01-01 00:00:00+00:00
[2026-05-30T12:32:41.569+0000] {logging_mixin.py:188} INFO - [2026-05-30T12:32:41.569+0000] {dag.py:3834} INFO - Setting next_dagrun for example_subdag_operator.section-1 to None, run_after=None
[2026-05-30T12:32:41.571+0000] {logging_mixin.py:188} INFO - [2026-05-30T12:32:41.570+0000] {dag.py:3834} INFO - Setting next_dagrun for example_subdag_operator.section-2 to None, run_after=None
[2026-05-30T12:32:41.578+0000] {logging_mixin.py:188} INFO - [2026-05-30T12:32:41.577+0000] {dag.py:3047} INFO - Sync 2 DAGs
[2026-05-30T12:32:41.584+0000] {logging_mixin.py:188} INFO - [2026-05-30T12:32:41.584+0000] {dag.py:3834} INFO - Setting next_dagrun for example_subdag_operator.section-1 to None, run_after=None
[2026-05-30T12:32:41.585+0000] {logging_mixin.py:188} INFO - [2026-05-30T12:32:41.584+0000] {dag.py:3834} INFO - Setting next_dagrun for example_subdag_operator.section-2 to None, run_after=None
[2026-05-30T12:32:41.594+0000] {processor.py:183} INFO - Processing /home/airflow/.local/lib/python3.8/site-packages/airflow/example_dags/example_subdag_operator.py took 0.083 seconds
[2026-05-30T12:33:11.715+0000] {processor.py:161} INFO - Started process (PID=5969) to work on /home/airflow/.local/lib/python3.8/site-packages/airflow/example_dags/example_subdag_operator.py
[2026-05-30T12:33:11.717+0000] {processor.py:830} INFO - Processing file /home/airflow/.local/lib/python3.8/site-packages/airflow/example_dags/example_subdag_operator.py for tasks to queue
[2026-05-30T12:33:11.719+0000] {logging_mixin.py:188} INFO - [2026-05-30T12:33:11.718+0000] {dagbag.py:540} INFO - Filling up the DagBag from /home/airflow/.local/lib/python3.8/site-packages/airflow/example_dags/example_subdag_operator.py
[2026-05-30T12:33:11.741+0000] {processor.py:840} INFO - DAG(s) 'example_subdag_operator.section-1', 'example_subdag_operator.section-2', 'example_subdag_operator' retrieved from /home/airflow/.local/lib/python3.8/site-packages/airflow/example_dags/example_subdag_operator.py
[2026-05-30T12:33:11.752+0000] {logging_mixin.py:188} INFO - [2026-05-30T12:33:11.752+0000] {dag.py:3047} INFO - Sync 3 DAGs
[2026-05-30T12:33:11.767+0000] {logging_mixin.py:188} INFO - [2026-05-30T12:33:11.767+0000] {dag.py:3834} INFO - Setting next_dagrun for example_subdag_operator to 2022-01-01 00:00:00+00:00, run_after=2022-01-01 00:00:00+00:00
[2026-05-30T12:33:11.771+0000] {logging_mixin.py:188} INFO - [2026-05-30T12:33:11.770+0000] {dag.py:3834} INFO - Setting next_dagrun for example_subdag_operator.section-1 to None, run_after=None
[2026-05-30T12:33:11.772+0000] {logging_mixin.py:188} INFO - [2026-05-30T12:33:11.772+0000] {dag.py:3834} INFO - Setting next_dagrun for example_subdag_operator.section-2 to None, run_after=None
[2026-05-30T12:33:11.780+0000] {logging_mixin.py:188} INFO - [2026-05-30T12:33:11.779+0000] {dag.py:3047} INFO - Sync 2 DAGs
[2026-05-30T12:33:11.785+0000] {logging_mixin.py:188} INFO - [2026-05-30T12:33:11.785+0000] {dag.py:3834} INFO - Setting next_dagrun for example_subdag_operator.section-1 to None, run_after=None
[2026-05-30T12:33:11.786+0000] {logging_mixin.py:188} INFO - [2026-05-30T12:33:11.786+0000] {dag.py:3834} INFO - Setting next_dagrun for example_subdag_operator.section-2 to None, run_after=None
[2026-05-30T12:33:11.798+0000] {processor.py:183} INFO - Processing /home/airflow/.local/lib/python3.8/site-packages/airflow/example_dags/example_subdag_operator.py took 0.086 seconds
[2026-05-30T12:33:42.020+0000] {processor.py:161} INFO - Started process (PID=6025) to work on /home/airflow/.local/lib/python3.8/site-packages/airflow/example_dags/example_subdag_operator.py
[2026-05-30T12:33:42.022+0000] {processor.py:830} INFO - Processing file /home/airflow/.local/lib/python3.8/site-packages/airflow/example_dags/example_subdag_operator.py for tasks to queue
[2026-05-30T12:33:42.024+0000] {logging_mixin.py:188} INFO - [2026-05-30T12:33:42.023+0000] {dagbag.py:540} INFO - Filling up the DagBag from /home/airflow/.local/lib/python3.8/site-packages/airflow/example_dags/example_subdag_operator.py
[2026-05-30T12:33:42.050+0000] {processor.py:840} INFO - DAG(s) 'example_subdag_operator.section-1', 'example_subdag_operator.section-2', 'example_subdag_operator' retrieved from /home/airflow/.local/lib/python3.8/site-packages/airflow/example_dags/example_subdag_operator.py
[2026-05-30T12:33:42.064+0000] {logging_mixin.py:188} INFO - [2026-05-30T12:33:42.064+0000] {dag.py:3047} INFO - Sync 3 DAGs
[2026-05-30T12:33:42.083+0000] {logging_mixin.py:188} INFO - [2026-05-30T12:33:42.083+0000] {dag.py:3834} INFO - Setting next_dagrun for example_subdag_operator to 2022-01-01 00:00:00+00:00, run_after=2022-01-01 00:00:00+00:00
[2026-05-30T12:33:42.087+0000] {logging_mixin.py:188} INFO - [2026-05-30T12:33:42.087+0000] {dag.py:3834} INFO - Setting next_dagrun for example_subdag_operator.section-1 to None, run_after=None
[2026-05-30T12:33:42.090+0000] {logging_mixin.py:188} INFO - [2026-05-30T12:33:42.090+0000] {dag.py:3834} INFO - Setting next_dagrun for example_subdag_operator.section-2 to None, run_after=None
[2026-05-30T12:33:42.098+0000] {logging_mixin.py:188} INFO - [2026-05-30T12:33:42.098+0000] {dag.py:3047} INFO - Sync 2 DAGs
[2026-05-30T12:33:42.104+0000] {logging_mixin.py:188} INFO - [2026-05-30T12:33:42.104+0000] {dag.py:3834} INFO - Setting next_dagrun for example_subdag_operator.section-1 to None, run_after=None
[2026-05-30T12:33:42.105+0000] {logging_mixin.py:188} INFO - [2026-05-30T12:33:42.105+0000] {dag.py:3834} INFO - Setting next_dagrun for example_subdag_operator.section-2 to None, run_after=None
[2026-05-30T12:33:42.115+0000] {processor.py:183} INFO - Processing /home/airflow/.local/lib/python3.8/site-packages/airflow/example_dags/example_subdag_operator.py took 0.097 seconds
[2026-05-30T12:34:12.347+0000] {processor.py:161} INFO - Started process (PID=6081) to work on /home/airflow/.local/lib/python3.8/site-packages/airflow/example_dags/example_subdag_operator.py
[2026-05-30T12:34:12.349+0000] {processor.py:830} INFO - Processing file /home/airflow/.local/lib/python3.8/site-packages/airflow/example_dags/example_subdag_operator.py for tasks to queue
[2026-05-30T12:34:12.351+0000] {logging_mixin.py:188} INFO - [2026-05-30T12:34:12.350+0000] {dagbag.py:540} INFO - Filling up the DagBag from /home/airflow/.local/lib/python3.8/site-packages/airflow/example_dags/example_subdag_operator.py
[2026-05-30T12:34:12.375+0000] {processor.py:840} INFO - DAG(s) 'example_subdag_operator.section-1', 'example_subdag_operator.section-2', 'example_subdag_operator' retrieved from /home/airflow/.local/lib/python3.8/site-packages/airflow/example_dags/example_subdag_operator.py
[2026-05-30T12:34:12.388+0000] {logging_mixin.py:188} INFO - [2026-05-30T12:34:12.388+0000] {dag.py:3047} INFO - Sync 3 DAGs
[2026-05-30T12:34:12.406+0000] {logging_mixin.py:188} INFO - [2026-05-30T12:34:12.406+0000] {dag.py:3834} INFO - Setting next_dagrun for example_subdag_operator to 2022-01-01 00:00:00+00:00, run_after=2022-01-01 00:00:00+00:00
[2026-05-30T12:34:12.411+0000] {logging_mixin.py:188} INFO - [2026-05-30T12:34:12.411+0000] {dag.py:3834} INFO - Setting next_dagrun for example_subdag_operator.section-1 to None, run_after=None
[2026-05-30T12:34:12.413+0000] {logging_mixin.py:188} INFO - [2026-05-30T12:34:12.413+0000] {dag.py:3834} INFO - Setting next_dagrun for example_subdag_operator.section-2 to None, run_after=None
[2026-05-30T12:34:12.421+0000] {logging_mixin.py:188} INFO - [2026-05-30T12:34:12.421+0000] {dag.py:3047} INFO - Sync 2 DAGs
[2026-05-30T12:34:12.429+0000] {logging_mixin.py:188} INFO - [2026-05-30T12:34:12.429+0000] {dag.py:3834} INFO - Setting next_dagrun for example_subdag_operator.section-1 to None, run_after=None
[2026-05-30T12:34:12.430+0000] {logging_mixin.py:188} INFO - [2026-05-30T12:34:12.430+0000] {dag.py:3834} INFO - Setting next_dagrun for example_subdag_operator.section-2 to None, run_after=None
[2026-05-30T12:34:12.442+0000] {processor.py:183} INFO - Processing /home/airflow/.local/lib/python3.8/site-packages/airflow/example_dags/example_subdag_operator.py took 0.100 seconds
[2026-05-30T12:34:42.666+0000] {processor.py:161} INFO - Started process (PID=6137) to work on /home/airflow/.local/lib/python3.8/site-packages/airflow/example_dags/example_subdag_operator.py
[2026-05-30T12:34:42.667+0000] {processor.py:830} INFO - Processing file /home/airflow/.local/lib/python3.8/site-packages/airflow/example_dags/example_subdag_operator.py for tasks to queue
[2026-05-30T12:34:42.668+0000] {logging_mixin.py:188} INFO - [2026-05-30T12:34:42.668+0000] {dagbag.py:540} INFO - Filling up the DagBag from /home/airflow/.local/lib/python3.8/site-packages/airflow/example_dags/example_subdag_operator.py
[2026-05-30T12:34:42.689+0000] {processor.py:840} INFO - DAG(s) 'example_subdag_operator.section-1', 'example_subdag_operator.section-2', 'example_subdag_operator' retrieved from /home/airflow/.local/lib/python3.8/site-packages/airflow/example_dags/example_subdag_operator.py
[2026-05-30T12:34:42.701+0000] {logging_mixin.py:188} INFO - [2026-05-30T12:34:42.701+0000] {dag.py:3047} INFO - Sync 3 DAGs
[2026-05-30T12:34:42.717+0000] {logging_mixin.py:188} INFO - [2026-05-30T12:34:42.717+0000] {dag.py:3834} INFO - Setting next_dagrun for example_subdag_operator to 2022-01-01 00:00:00+00:00, run_after=2022-01-01 00:00:00+00:00
[2026-05-30T12:34:42.721+0000] {logging_mixin.py:188} INFO - [2026-05-30T12:34:42.721+0000] {dag.py:3834} INFO - Setting next_dagrun for example_subdag_operator.section-1 to None, run_after=None
[2026-05-30T12:34:42.723+0000] {logging_mixin.py:188} INFO - [2026-05-30T12:34:42.723+0000] {dag.py:3834} INFO - Setting next_dagrun for example_subdag_operator.section-2 to None, run_after=None
[2026-05-30T12:34:42.730+0000] {logging_mixin.py:188} INFO - [2026-05-30T12:34:42.730+0000] {dag.py:3047} INFO - Sync 2 DAGs
[2026-05-30T12:34:42.736+0000] {logging_mixin.py:188} INFO - [2026-05-30T12:34:42.735+0000] {dag.py:3834} INFO - Setting next_dagrun for example_subdag_operator.section-1 to None, run_after=None
[2026-05-30T12:34:42.737+0000] {logging_mixin.py:188} INFO - [2026-05-30T12:34:42.737+0000] {dag.py:3834} INFO - Setting next_dagrun for example_subdag_operator.section-2 to None, run_after=None
[2026-05-30T12:34:42.749+0000] {processor.py:183} INFO - Processing /home/airflow/.local/lib/python3.8/site-packages/airflow/example_dags/example_subdag_operator.py took 0.086 seconds
[2026-05-30T12:35:13.627+0000] {processor.py:161} INFO - Started process (PID=6193) to work on /home/airflow/.local/lib/python3.8/site-packages/airflow/example_dags/example_subdag_operator.py
[2026-05-30T12:35:13.629+0000] {processor.py:830} INFO - Processing file /home/airflow/.local/lib/python3.8/site-packages/airflow/example_dags/example_subdag_operator.py for tasks to queue
[2026-05-30T12:35:13.631+0000] {logging_mixin.py:188} INFO - [2026-05-30T12:35:13.630+0000] {dagbag.py:540} INFO - Filling up the DagBag from /home/airflow/.local/lib/python3.8/site-packages/airflow/example_dags/example_subdag_operator.py
[2026-05-30T12:35:13.651+0000] {processor.py:840} INFO - DAG(s) 'example_subdag_operator.section-1', 'example_subdag_operator.section-2', 'example_subdag_operator' retrieved from /home/airflow/.local/lib/python3.8/site-packages/airflow/example_dags/example_subdag_operator.py
[2026-05-30T12:35:13.664+0000] {logging_mixin.py:188} INFO - [2026-05-30T12:35:13.664+0000] {dag.py:3047} INFO - Sync 3 DAGs
[2026-05-30T12:35:13.681+0000] {logging_mixin.py:188} INFO - [2026-05-30T12:35:13.681+0000] {dag.py:3834} INFO - Setting next_dagrun for example_subdag_operator to 2022-01-01 00:00:00+00:00, run_after=2022-01-01 00:00:00+00:00
[2026-05-30T12:35:13.685+0000] {logging_mixin.py:188} INFO - [2026-05-30T12:35:13.685+0000] {dag.py:3834} INFO - Setting next_dagrun for example_subdag_operator.section-1 to None, run_after=None
[2026-05-30T12:35:13.687+0000] {logging_mixin.py:188} INFO - [2026-05-30T12:35:13.687+0000] {dag.py:3834} INFO - Setting next_dagrun for example_subdag_operator.section-2 to None, run_after=None
[2026-05-30T12:35:13.694+0000] {logging_mixin.py:188} INFO - [2026-05-30T12:35:13.694+0000] {dag.py:3047} INFO - Sync 2 DAGs
[2026-05-30T12:35:13.700+0000] {logging_mixin.py:188} INFO - [2026-05-30T12:35:13.700+0000] {dag.py:3834} INFO - Setting next_dagrun for example_subdag_operator.section-1 to None, run_after=None
[2026-05-30T12:35:13.701+0000] {logging_mixin.py:188} INFO - [2026-05-30T12:35:13.701+0000] {dag.py:3834} INFO - Setting next_dagrun for example_subdag_operator.section-2 to None, run_after=None
[2026-05-30T12:35:13.712+0000] {processor.py:183} INFO - Processing /home/airflow/.local/lib/python3.8/site-packages/airflow/example_dags/example_subdag_operator.py took 0.087 seconds
[2026-05-30T12:35:44.209+0000] {processor.py:161} INFO - Started process (PID=6249) to work on /home/airflow/.local/lib/python3.8/site-packages/airflow/example_dags/example_subdag_operator.py
[2026-05-30T12:35:44.211+0000] {processor.py:830} INFO - Processing file /home/airflow/.local/lib/python3.8/site-packages/airflow/example_dags/example_subdag_operator.py for tasks to queue
[2026-05-30T12:35:44.212+0000] {logging_mixin.py:188} INFO - [2026-05-30T12:35:44.212+0000] {dagbag.py:540} INFO - Filling up the DagBag from /home/airflow/.local/lib/python3.8/site-packages/airflow/example_dags/example_subdag_operator.py
[2026-05-30T12:35:44.234+0000] {processor.py:840} INFO - DAG(s) 'example_subdag_operator.section-1', 'example_subdag_operator.section-2', 'example_subdag_operator' retrieved from /home/airflow/.local/lib/python3.8/site-packages/airflow/example_dags/example_subdag_operator.py
[2026-05-30T12:35:44.245+0000] {logging_mixin.py:188} INFO - [2026-05-30T12:35:44.245+0000] {dag.py:3047} INFO - Sync 3 DAGs
[2026-05-30T12:35:44.263+0000] {logging_mixin.py:188} INFO - [2026-05-30T12:35:44.262+0000] {dag.py:3834} INFO - Setting next_dagrun for example_subdag_operator to 2022-01-01 00:00:00+00:00, run_after=2022-01-01 00:00:00+00:00
[2026-05-30T12:35:44.267+0000] {logging_mixin.py:188} INFO - [2026-05-30T12:35:44.266+0000] {dag.py:3834} INFO - Setting next_dagrun for example_subdag_operator.section-1 to None, run_after=None
[2026-05-30T12:35:44.269+0000] {logging_mixin.py:188} INFO - [2026-05-30T12:35:44.269+0000] {dag.py:3834} INFO - Setting next_dagrun for example_subdag_operator.section-2 to None, run_after=None
[2026-05-30T12:35:44.276+0000] {logging_mixin.py:188} INFO - [2026-05-30T12:35:44.276+0000] {dag.py:3047} INFO - Sync 2 DAGs
[2026-05-30T12:35:44.283+0000] {logging_mixin.py:188} INFO - [2026-05-30T12:35:44.282+0000] {dag.py:3834} INFO - Setting next_dagrun for example_subdag_operator.section-1 to None, run_after=None
[2026-05-30T12:35:44.284+0000] {logging_mixin.py:188} INFO - [2026-05-30T12:35:44.284+0000] {dag.py:3834} INFO - Setting next_dagrun for example_subdag_operator.section-2 to None, run_after=None
[2026-05-30T12:35:44.296+0000] {processor.py:183} INFO - Processing /home/airflow/.local/lib/python3.8/site-packages/airflow/example_dags/example_subdag_operator.py took 0.089 seconds
[2026-05-30T12:36:14.863+0000] {processor.py:161} INFO - Started process (PID=6305) to work on /home/airflow/.local/lib/python3.8/site-packages/airflow/example_dags/example_subdag_operator.py
[2026-05-30T12:36:14.864+0000] {processor.py:830} INFO - Processing file /home/airflow/.local/lib/python3.8/site-packages/airflow/example_dags/example_subdag_operator.py for tasks to queue
[2026-05-30T12:36:14.866+0000] {logging_mixin.py:188} INFO - [2026-05-30T12:36:14.866+0000] {dagbag.py:540} INFO - Filling up the DagBag from /home/airflow/.local/lib/python3.8/site-packages/airflow/example_dags/example_subdag_operator.py
[2026-05-30T12:36:14.885+0000] {processor.py:840} INFO - DAG(s) 'example_subdag_operator.section-1', 'example_subdag_operator.section-2', 'example_subdag_operator' retrieved from /home/airflow/.local/lib/python3.8/site-packages/airflow/example_dags/example_subdag_operator.py
[2026-05-30T12:36:14.897+0000] {logging_mixin.py:188} INFO - [2026-05-30T12:36:14.897+0000] {dag.py:3047} INFO - Sync 3 DAGs
[2026-05-30T12:36:14.913+0000] {logging_mixin.py:188} INFO - [2026-05-30T12:36:14.913+0000] {dag.py:3834} INFO - Setting next_dagrun for example_subdag_operator to 2022-01-01 00:00:00+00:00, run_after=2022-01-01 00:00:00+00:00
[2026-05-30T12:36:14.917+0000] {logging_mixin.py:188} INFO - [2026-05-30T12:36:14.917+0000] {dag.py:3834} INFO - Setting next_dagrun for example_subdag_operator.section-1 to None, run_after=None
[2026-05-30T12:36:14.918+0000] {logging_mixin.py:188} INFO - [2026-05-30T12:36:14.918+0000] {dag.py:3834} INFO - Setting next_dagrun for example_subdag_operator.section-2 to None, run_after=None
[2026-05-30T12:36:14.925+0000] {logging_mixin.py:188} INFO - [2026-05-30T12:36:14.925+0000] {dag.py:3047} INFO - Sync 2 DAGs
[2026-05-30T12:36:14.930+0000] {logging_mixin.py:188} INFO - [2026-05-30T12:36:14.930+0000] {dag.py:3834} INFO - Setting next_dagrun for example_subdag_operator.section-1 to None, run_after=None
[2026-05-30T12:36:14.933+0000] {logging_mixin.py:188} INFO - [2026-05-30T12:36:14.932+0000] {dag.py:3834} INFO - Setting next_dagrun for example_subdag_operator.section-2 to None, run_after=None
[2026-05-30T12:36:14.945+0000] {processor.py:183} INFO - Processing /home/airflow/.local/lib/python3.8/site-packages/airflow/example_dags/example_subdag_operator.py took 0.085 seconds
[2026-05-30T12:36:45.642+0000] {processor.py:161} INFO - Started process (PID=6361) to work on /home/airflow/.local/lib/python3.8/site-packages/airflow/example_dags/example_subdag_operator.py
[2026-05-30T12:36:45.644+0000] {processor.py:830} INFO - Processing file /home/airflow/.local/lib/python3.8/site-packages/airflow/example_dags/example_subdag_operator.py for tasks to queue
[2026-05-30T12:36:45.647+0000] {logging_mixin.py:188} INFO - [2026-05-30T12:36:45.647+0000] {dagbag.py:540} INFO - Filling up the DagBag from /home/airflow/.local/lib/python3.8/site-packages/airflow/example_dags/example_subdag_operator.py
[2026-05-30T12:36:45.676+0000] {processor.py:840} INFO - DAG(s) 'example_subdag_operator.section-1', 'example_subdag_operator.section-2', 'example_subdag_operator' retrieved from /home/airflow/.local/lib/python3.8/site-packages/airflow/example_dags/example_subdag_operator.py
[2026-05-30T12:36:45.689+0000] {logging_mixin.py:188} INFO - [2026-05-30T12:36:45.689+0000] {dag.py:3047} INFO - Sync 3 DAGs
[2026-05-30T12:36:45.709+0000] {logging_mixin.py:188} INFO - [2026-05-30T12:36:45.709+0000] {dag.py:3834} INFO - Setting next_dagrun for example_subdag_operator to 2022-01-01 00:00:00+00:00, run_after=2022-01-01 00:00:00+00:00
[2026-05-30T12:36:45.713+0000] {logging_mixin.py:188} INFO - [2026-05-30T12:36:45.712+0000] {dag.py:3834} INFO - Setting next_dagrun for example_subdag_operator.section-1 to None, run_after=None
[2026-05-30T12:36:45.715+0000] {logging_mixin.py:188} INFO - [2026-05-30T12:36:45.715+0000] {dag.py:3834} INFO - Setting next_dagrun for example_subdag_operator.section-2 to None, run_after=None
[2026-05-30T12:36:45.722+0000] {logging_mixin.py:188} INFO - [2026-05-30T12:36:45.722+0000] {dag.py:3047} INFO - Sync 2 DAGs
[2026-05-30T12:36:45.728+0000] {logging_mixin.py:188} INFO - [2026-05-30T12:36:45.728+0000] {dag.py:3834} INFO - Setting next_dagrun for example_subdag_operator.section-1 to None, run_after=None
[2026-05-30T12:36:45.729+0000] {logging_mixin.py:188} INFO - [2026-05-30T12:36:45.729+0000] {dag.py:3834} INFO - Setting next_dagrun for example_subdag_operator.section-2 to None, run_after=None
[2026-05-30T12:36:45.739+0000] {processor.py:183} INFO - Processing /home/airflow/.local/lib/python3.8/site-packages/airflow/example_dags/example_subdag_operator.py took 0.100 seconds
[2026-05-30T12:37:15.981+0000] {processor.py:161} INFO - Started process (PID=6418) to work on /home/airflow/.local/lib/python3.8/site-packages/airflow/example_dags/example_subdag_operator.py
[2026-05-30T12:37:15.983+0000] {processor.py:830} INFO - Processing file /home/airflow/.local/lib/python3.8/site-packages/airflow/example_dags/example_subdag_operator.py for tasks to queue
[2026-05-30T12:37:15.985+0000] {logging_mixin.py:188} INFO - [2026-05-30T12:37:15.985+0000] {dagbag.py:540} INFO - Filling up the DagBag from /home/airflow/.local/lib/python3.8/site-packages/airflow/example_dags/example_subdag_operator.py
[2026-05-30T12:37:16.013+0000] {processor.py:840} INFO - DAG(s) 'example_subdag_operator.section-1', 'example_subdag_operator.section-2', 'example_subdag_operator' retrieved from /home/airflow/.local/lib/python3.8/site-packages/airflow/example_dags/example_subdag_operator.py
[2026-05-30T12:37:16.028+0000] {logging_mixin.py:188} INFO - [2026-05-30T12:37:16.028+0000] {dag.py:3047} INFO - Sync 3 DAGs
[2026-05-30T12:37:16.047+0000] {logging_mixin.py:188} INFO - [2026-05-30T12:37:16.047+0000] {dag.py:3834} INFO - Setting next_dagrun for example_subdag_operator to 2022-01-01 00:00:00+00:00, run_after=2022-01-01 00:00:00+00:00
[2026-05-30T12:37:16.051+0000] {logging_mixin.py:188} INFO - [2026-05-30T12:37:16.051+0000] {dag.py:3834} INFO - Setting next_dagrun for example_subdag_operator.section-1 to None, run_after=None
[2026-05-30T12:37:16.053+0000] {logging_mixin.py:188} INFO - [2026-05-30T12:37:16.053+0000] {dag.py:3834} INFO - Setting next_dagrun for example_subdag_operator.section-2 to None, run_after=None
[2026-05-30T12:37:16.063+0000] {logging_mixin.py:188} INFO - [2026-05-30T12:37:16.063+0000] {dag.py:3047} INFO - Sync 2 DAGs
[2026-05-30T12:37:16.071+0000] {logging_mixin.py:188} INFO - [2026-05-30T12:37:16.071+0000] {dag.py:3834} INFO - Setting next_dagrun for example_subdag_operator.section-1 to None, run_after=None
[2026-05-30T12:37:16.072+0000] {logging_mixin.py:188} INFO - [2026-05-30T12:37:16.072+0000] {dag.py:3834} INFO - Setting next_dagrun for example_subdag_operator.section-2 to None, run_after=None
[2026-05-30T12:37:16.087+0000] {processor.py:183} INFO - Processing /home/airflow/.local/lib/python3.8/site-packages/airflow/example_dags/example_subdag_operator.py took 0.110 seconds
[2026-05-30T12:37:46.187+0000] {processor.py:161} INFO - Started process (PID=6475) to work on /home/airflow/.local/lib/python3.8/site-packages/airflow/example_dags/example_subdag_operator.py
[2026-05-30T12:37:46.189+0000] {processor.py:830} INFO - Processing file /home/airflow/.local/lib/python3.8/site-packages/airflow/example_dags/example_subdag_operator.py for tasks to queue
[2026-05-30T12:37:46.193+0000] {logging_mixin.py:188} INFO - [2026-05-30T12:37:46.192+0000] {dagbag.py:540} INFO - Filling up the DagBag from /home/airflow/.local/lib/python3.8/site-packages/airflow/example_dags/example_subdag_operator.py
[2026-05-30T12:37:46.227+0000] {processor.py:840} INFO - DAG(s) 'example_subdag_operator.section-1', 'example_subdag_operator.section-2', 'example_subdag_operator' retrieved from /home/airflow/.local/lib/python3.8/site-packages/airflow/example_dags/example_subdag_operator.py
[2026-05-30T12:37:46.246+0000] {logging_mixin.py:188} INFO - [2026-05-30T12:37:46.246+0000] {dag.py:3047} INFO - Sync 3 DAGs
[2026-05-30T12:37:46.267+0000] {logging_mixin.py:188} INFO - [2026-05-30T12:37:46.267+0000] {dag.py:3834} INFO - Setting next_dagrun for example_subdag_operator to 2022-01-01 00:00:00+00:00, run_after=2022-01-01 00:00:00+00:00
[2026-05-30T12:37:46.272+0000] {logging_mixin.py:188} INFO - [2026-05-30T12:37:46.271+0000] {dag.py:3834} INFO - Setting next_dagrun for example_subdag_operator.section-1 to None, run_after=None
[2026-05-30T12:37:46.274+0000] {logging_mixin.py:188} INFO - [2026-05-30T12:37:46.274+0000] {dag.py:3834} INFO - Setting next_dagrun for example_subdag_operator.section-2 to None, run_after=None
[2026-05-30T12:37:46.285+0000] {logging_mixin.py:188} INFO - [2026-05-30T12:37:46.285+0000] {dag.py:3047} INFO - Sync 2 DAGs
[2026-05-30T12:37:46.297+0000] {logging_mixin.py:188} INFO - [2026-05-30T12:37:46.297+0000] {dag.py:3834} INFO - Setting next_dagrun for example_subdag_operator.section-1 to None, run_after=None
[2026-05-30T12:37:46.298+0000] {logging_mixin.py:188} INFO - [2026-05-30T12:37:46.298+0000] {dag.py:3834} INFO - Setting next_dagrun for example_subdag_operator.section-2 to None, run_after=None
[2026-05-30T12:37:46.319+0000] {processor.py:183} INFO - Processing /home/airflow/.local/lib/python3.8/site-packages/airflow/example_dags/example_subdag_operator.py took 0.137 seconds
[2026-05-30T12:38:16.381+0000] {processor.py:161} INFO - Started process (PID=6532) to work on /home/airflow/.local/lib/python3.8/site-packages/airflow/example_dags/example_subdag_operator.py
[2026-05-30T12:38:16.384+0000] {processor.py:830} INFO - Processing file /home/airflow/.local/lib/python3.8/site-packages/airflow/example_dags/example_subdag_operator.py for tasks to queue
[2026-05-30T12:38:16.389+0000] {logging_mixin.py:188} INFO - [2026-05-30T12:38:16.387+0000] {dagbag.py:540} INFO - Filling up the DagBag from /home/airflow/.local/lib/python3.8/site-packages/airflow/example_dags/example_subdag_operator.py
[2026-05-30T12:38:16.429+0000] {processor.py:840} INFO - DAG(s) 'example_subdag_operator.section-1', 'example_subdag_operator.section-2', 'example_subdag_operator' retrieved from /home/airflow/.local/lib/python3.8/site-packages/airflow/example_dags/example_subdag_operator.py
[2026-05-30T12:38:16.447+0000] {logging_mixin.py:188} INFO - [2026-05-30T12:38:16.447+0000] {dag.py:3047} INFO - Sync 3 DAGs
[2026-05-30T12:38:16.472+0000] {logging_mixin.py:188} INFO - [2026-05-30T12:38:16.472+0000] {dag.py:3834} INFO - Setting next_dagrun for example_subdag_operator to 2022-01-01 00:00:00+00:00, run_after=2022-01-01 00:00:00+00:00
[2026-05-30T12:38:16.478+0000] {logging_mixin.py:188} INFO - [2026-05-30T12:38:16.477+0000] {dag.py:3834} INFO - Setting next_dagrun for example_subdag_operator.section-1 to None, run_after=None
[2026-05-30T12:38:16.481+0000] {logging_mixin.py:188} INFO - [2026-05-30T12:38:16.481+0000] {dag.py:3834} INFO - Setting next_dagrun for example_subdag_operator.section-2 to None, run_after=None
[2026-05-30T12:38:16.498+0000] {logging_mixin.py:188} INFO - [2026-05-30T12:38:16.498+0000] {dag.py:3047} INFO - Sync 2 DAGs
[2026-05-30T12:38:16.507+0000] {logging_mixin.py:188} INFO - [2026-05-30T12:38:16.507+0000] {dag.py:3834} INFO - Setting next_dagrun for example_subdag_operator.section-1 to None, run_after=None
[2026-05-30T12:38:16.508+0000] {logging_mixin.py:188} INFO - [2026-05-30T12:38:16.508+0000] {dag.py:3834} INFO - Setting next_dagrun for example_subdag_operator.section-2 to None, run_after=None
[2026-05-30T12:38:16.531+0000] {processor.py:183} INFO - Processing /home/airflow/.local/lib/python3.8/site-packages/airflow/example_dags/example_subdag_operator.py took 0.155 seconds
[2026-05-30T12:38:47.004+0000] {processor.py:161} INFO - Started process (PID=6588) to work on /home/airflow/.local/lib/python3.8/site-packages/airflow/example_dags/example_subdag_operator.py
[2026-05-30T12:38:47.005+0000] {processor.py:830} INFO - Processing file /home/airflow/.local/lib/python3.8/site-packages/airflow/example_dags/example_subdag_operator.py for tasks to queue
[2026-05-30T12:38:47.007+0000] {logging_mixin.py:188} INFO - [2026-05-30T12:38:47.007+0000] {dagbag.py:540} INFO - Filling up the DagBag from /home/airflow/.local/lib/python3.8/site-packages/airflow/example_dags/example_subdag_operator.py
[2026-05-30T12:38:47.029+0000] {processor.py:840} INFO - DAG(s) 'example_subdag_operator.section-1', 'example_subdag_operator.section-2', 'example_subdag_operator' retrieved from /home/airflow/.local/lib/python3.8/site-packages/airflow/example_dags/example_subdag_operator.py
[2026-05-30T12:38:47.041+0000] {logging_mixin.py:188} INFO - [2026-05-30T12:38:47.041+0000] {dag.py:3047} INFO - Sync 3 DAGs
[2026-05-30T12:38:47.058+0000] {logging_mixin.py:188} INFO - [2026-05-30T12:38:47.058+0000] {dag.py:3834} INFO - Setting next_dagrun for example_subdag_operator to 2022-01-01 00:00:00+00:00, run_after=2022-01-01 00:00:00+00:00
[2026-05-30T12:38:47.061+0000] {logging_mixin.py:188} INFO - [2026-05-30T12:38:47.061+0000] {dag.py:3834} INFO - Setting next_dagrun for example_subdag_operator.section-1 to None, run_after=None
[2026-05-30T12:38:47.063+0000] {logging_mixin.py:188} INFO - [2026-05-30T12:38:47.063+0000] {dag.py:3834} INFO - Setting next_dagrun for example_subdag_operator.section-2 to None, run_after=None
[2026-05-30T12:38:47.070+0000] {logging_mixin.py:188} INFO - [2026-05-30T12:38:47.070+0000] {dag.py:3047} INFO - Sync 2 DAGs
[2026-05-30T12:38:47.076+0000] {logging_mixin.py:188} INFO - [2026-05-30T12:38:47.076+0000] {dag.py:3834} INFO - Setting next_dagrun for example_subdag_operator.section-1 to None, run_after=None
[2026-05-30T12:38:47.080+0000] {logging_mixin.py:188} INFO - [2026-05-30T12:38:47.080+0000] {dag.py:3834} INFO - Setting next_dagrun for example_subdag_operator.section-2 to None, run_after=None
[2026-05-30T12:38:47.092+0000] {processor.py:183} INFO - Processing /home/airflow/.local/lib/python3.8/site-packages/airflow/example_dags/example_subdag_operator.py took 0.090 seconds
[2026-05-30T12:39:17.648+0000] {processor.py:161} INFO - Started process (PID=6644) to work on /home/airflow/.local/lib/python3.8/site-packages/airflow/example_dags/example_subdag_operator.py
[2026-05-30T12:39:17.650+0000] {processor.py:830} INFO - Processing file /home/airflow/.local/lib/python3.8/site-packages/airflow/example_dags/example_subdag_operator.py for tasks to queue
[2026-05-30T12:39:17.652+0000] {logging_mixin.py:188} INFO - [2026-05-30T12:39:17.651+0000] {dagbag.py:540} INFO - Filling up the DagBag from /home/airflow/.local/lib/python3.8/site-packages/airflow/example_dags/example_subdag_operator.py
[2026-05-30T12:39:17.674+0000] {processor.py:840} INFO - DAG(s) 'example_subdag_operator.section-1', 'example_subdag_operator.section-2', 'example_subdag_operator' retrieved from /home/airflow/.local/lib/python3.8/site-packages/airflow/example_dags/example_subdag_operator.py
[2026-05-30T12:39:17.686+0000] {logging_mixin.py:188} INFO - [2026-05-30T12:39:17.686+0000] {dag.py:3047} INFO - Sync 3 DAGs
[2026-05-30T12:39:17.704+0000] {logging_mixin.py:188} INFO - [2026-05-30T12:39:17.703+0000] {dag.py:3834} INFO - Setting next_dagrun for example_subdag_operator to 2022-01-01 00:00:00+00:00, run_after=2022-01-01 00:00:00+00:00
[2026-05-30T12:39:17.707+0000] {logging_mixin.py:188} INFO - [2026-05-30T12:39:17.707+0000] {dag.py:3834} INFO - Setting next_dagrun for example_subdag_operator.section-1 to None, run_after=None
[2026-05-30T12:39:17.709+0000] {logging_mixin.py:188} INFO - [2026-05-30T12:39:17.709+0000] {dag.py:3834} INFO - Setting next_dagrun for example_subdag_operator.section-2 to None, run_after=None
[2026-05-30T12:39:17.716+0000] {logging_mixin.py:188} INFO - [2026-05-30T12:39:17.716+0000] {dag.py:3047} INFO - Sync 2 DAGs
[2026-05-30T12:39:17.721+0000] {logging_mixin.py:188} INFO - [2026-05-30T12:39:17.721+0000] {dag.py:3834} INFO - Setting next_dagrun for example_subdag_operator.section-1 to None, run_after=None
[2026-05-30T12:39:17.722+0000] {logging_mixin.py:188} INFO - [2026-05-30T12:39:17.722+0000] {dag.py:3834} INFO - Setting next_dagrun for example_subdag_operator.section-2 to None, run_after=None
[2026-05-30T12:39:17.735+0000] {processor.py:183} INFO - Processing /home/airflow/.local/lib/python3.8/site-packages/airflow/example_dags/example_subdag_operator.py took 0.090 seconds
[2026-05-30T12:39:48.170+0000] {processor.py:161} INFO - Started process (PID=6700) to work on /home/airflow/.local/lib/python3.8/site-packages/airflow/example_dags/example_subdag_operator.py
[2026-05-30T12:39:48.172+0000] {processor.py:830} INFO - Processing file /home/airflow/.local/lib/python3.8/site-packages/airflow/example_dags/example_subdag_operator.py for tasks to queue
[2026-05-30T12:39:48.174+0000] {logging_mixin.py:188} INFO - [2026-05-30T12:39:48.173+0000] {dagbag.py:540} INFO - Filling up the DagBag from /home/airflow/.local/lib/python3.8/site-packages/airflow/example_dags/example_subdag_operator.py
[2026-05-30T12:39:48.194+0000] {processor.py:840} INFO - DAG(s) 'example_subdag_operator.section-1', 'example_subdag_operator.section-2', 'example_subdag_operator' retrieved from /home/airflow/.local/lib/python3.8/site-packages/airflow/example_dags/example_subdag_operator.py
[2026-05-30T12:39:48.207+0000] {logging_mixin.py:188} INFO - [2026-05-30T12:39:48.206+0000] {dag.py:3047} INFO - Sync 3 DAGs
[2026-05-30T12:39:48.224+0000] {logging_mixin.py:188} INFO - [2026-05-30T12:39:48.223+0000] {dag.py:3834} INFO - Setting next_dagrun for example_subdag_operator to 2022-01-01 00:00:00+00:00, run_after=2022-01-01 00:00:00+00:00
[2026-05-30T12:39:48.227+0000] {logging_mixin.py:188} INFO - [2026-05-30T12:39:48.227+0000] {dag.py:3834} INFO - Setting next_dagrun for example_subdag_operator.section-1 to None, run_after=None
[2026-05-30T12:39:48.229+0000] {logging_mixin.py:188} INFO - [2026-05-30T12:39:48.229+0000] {dag.py:3834} INFO - Setting next_dagrun for example_subdag_operator.section-2 to None, run_after=None
[2026-05-30T12:39:48.236+0000] {logging_mixin.py:188} INFO - [2026-05-30T12:39:48.236+0000] {dag.py:3047} INFO - Sync 2 DAGs
[2026-05-30T12:39:48.241+0000] {logging_mixin.py:188} INFO - [2026-05-30T12:39:48.241+0000] {dag.py:3834} INFO - Setting next_dagrun for example_subdag_operator.section-1 to None, run_after=None
[2026-05-30T12:39:48.242+0000] {logging_mixin.py:188} INFO - [2026-05-30T12:39:48.242+0000] {dag.py:3834} INFO - Setting next_dagrun for example_subdag_operator.section-2 to None, run_after=None
[2026-05-30T12:39:48.254+0000] {processor.py:183} INFO - Processing /home/airflow/.local/lib/python3.8/site-packages/airflow/example_dags/example_subdag_operator.py took 0.086 seconds
[2026-05-30T12:40:18.692+0000] {processor.py:161} INFO - Started process (PID=6755) to work on /home/airflow/.local/lib/python3.8/site-packages/airflow/example_dags/example_subdag_operator.py
[2026-05-30T12:40:18.694+0000] {processor.py:830} INFO - Processing file /home/airflow/.local/lib/python3.8/site-packages/airflow/example_dags/example_subdag_operator.py for tasks to queue
[2026-05-30T12:40:18.696+0000] {logging_mixin.py:188} INFO - [2026-05-30T12:40:18.695+0000] {dagbag.py:540} INFO - Filling up the DagBag from /home/airflow/.local/lib/python3.8/site-packages/airflow/example_dags/example_subdag_operator.py
[2026-05-30T12:40:18.714+0000] {processor.py:840} INFO - DAG(s) 'example_subdag_operator.section-1', 'example_subdag_operator.section-2', 'example_subdag_operator' retrieved from /home/airflow/.local/lib/python3.8/site-packages/airflow/example_dags/example_subdag_operator.py
[2026-05-30T12:40:18.725+0000] {logging_mixin.py:188} INFO - [2026-05-30T12:40:18.725+0000] {dag.py:3047} INFO - Sync 3 DAGs
[2026-05-30T12:40:18.740+0000] {logging_mixin.py:188} INFO - [2026-05-30T12:40:18.740+0000] {dag.py:3834} INFO - Setting next_dagrun for example_subdag_operator to 2022-01-01 00:00:00+00:00, run_after=2022-01-01 00:00:00+00:00
[2026-05-30T12:40:18.744+0000] {logging_mixin.py:188} INFO - [2026-05-30T12:40:18.744+0000] {dag.py:3834} INFO - Setting next_dagrun for example_subdag_operator.section-1 to None, run_after=None
[2026-05-30T12:40:18.746+0000] {logging_mixin.py:188} INFO - [2026-05-30T12:40:18.746+0000] {dag.py:3834} INFO - Setting next_dagrun for example_subdag_operator.section-2 to None, run_after=None
[2026-05-30T12:40:18.752+0000] {logging_mixin.py:188} INFO - [2026-05-30T12:40:18.751+0000] {dag.py:3047} INFO - Sync 2 DAGs
[2026-05-30T12:40:18.755+0000] {logging_mixin.py:188} INFO - [2026-05-30T12:40:18.755+0000] {dag.py:3834} INFO - Setting next_dagrun for example_subdag_operator.section-1 to None, run_after=None
[2026-05-30T12:40:18.756+0000] {logging_mixin.py:188} INFO - [2026-05-30T12:40:18.755+0000] {dag.py:3834} INFO - Setting next_dagrun for example_subdag_operator.section-2 to None, run_after=None
[2026-05-30T12:40:18.764+0000] {processor.py:183} INFO - Processing /home/airflow/.local/lib/python3.8/site-packages/airflow/example_dags/example_subdag_operator.py took 0.074 seconds
[2026-05-30T12:40:49.309+0000] {processor.py:161} INFO - Started process (PID=6810) to work on /home/airflow/.local/lib/python3.8/site-packages/airflow/example_dags/example_subdag_operator.py
[2026-05-30T12:40:49.310+0000] {processor.py:830} INFO - Processing file /home/airflow/.local/lib/python3.8/site-packages/airflow/example_dags/example_subdag_operator.py for tasks to queue
[2026-05-30T12:40:49.312+0000] {logging_mixin.py:188} INFO - [2026-05-30T12:40:49.311+0000] {dagbag.py:540} INFO - Filling up the DagBag from /home/airflow/.local/lib/python3.8/site-packages/airflow/example_dags/example_subdag_operator.py
[2026-05-30T12:40:49.331+0000] {processor.py:840} INFO - DAG(s) 'example_subdag_operator.section-1', 'example_subdag_operator.section-2', 'example_subdag_operator' retrieved from /home/airflow/.local/lib/python3.8/site-packages/airflow/example_dags/example_subdag_operator.py
[2026-05-30T12:40:49.344+0000] {logging_mixin.py:188} INFO - [2026-05-30T12:40:49.343+0000] {dag.py:3047} INFO - Sync 3 DAGs
[2026-05-30T12:40:49.363+0000] {logging_mixin.py:188} INFO - [2026-05-30T12:40:49.362+0000] {dag.py:3834} INFO - Setting next_dagrun for example_subdag_operator to 2022-01-01 00:00:00+00:00, run_after=2022-01-01 00:00:00+00:00
[2026-05-30T12:40:49.366+0000] {logging_mixin.py:188} INFO - [2026-05-30T12:40:49.365+0000] {dag.py:3834} INFO - Setting next_dagrun for example_subdag_operator.section-1 to None, run_after=None
[2026-05-30T12:40:49.367+0000] {logging_mixin.py:188} INFO - [2026-05-30T12:40:49.367+0000] {dag.py:3834} INFO - Setting next_dagrun for example_subdag_operator.section-2 to None, run_after=None
[2026-05-30T12:40:49.372+0000] {logging_mixin.py:188} INFO - [2026-05-30T12:40:49.372+0000] {dag.py:3047} INFO - Sync 2 DAGs
[2026-05-30T12:40:49.376+0000] {logging_mixin.py:188} INFO - [2026-05-30T12:40:49.376+0000] {dag.py:3834} INFO - Setting next_dagrun for example_subdag_operator.section-1 to None, run_after=None
[2026-05-30T12:40:49.377+0000] {logging_mixin.py:188} INFO - [2026-05-30T12:40:49.377+0000] {dag.py:3834} INFO - Setting next_dagrun for example_subdag_operator.section-2 to None, run_after=None
[2026-05-30T12:40:49.385+0000] {processor.py:183} INFO - Processing /home/airflow/.local/lib/python3.8/site-packages/airflow/example_dags/example_subdag_operator.py took 0.079 seconds
[2026-05-30T12:41:19.929+0000] {processor.py:161} INFO - Started process (PID=6866) to work on /home/airflow/.local/lib/python3.8/site-packages/airflow/example_dags/example_subdag_operator.py
[2026-05-30T12:41:19.930+0000] {processor.py:830} INFO - Processing file /home/airflow/.local/lib/python3.8/site-packages/airflow/example_dags/example_subdag_operator.py for tasks to queue
[2026-05-30T12:41:19.933+0000] {logging_mixin.py:188} INFO - [2026-05-30T12:41:19.932+0000] {dagbag.py:540} INFO - Filling up the DagBag from /home/airflow/.local/lib/python3.8/site-packages/airflow/example_dags/example_subdag_operator.py
[2026-05-30T12:41:19.953+0000] {processor.py:840} INFO - DAG(s) 'example_subdag_operator.section-1', 'example_subdag_operator.section-2', 'example_subdag_operator' retrieved from /home/airflow/.local/lib/python3.8/site-packages/airflow/example_dags/example_subdag_operator.py
[2026-05-30T12:41:19.964+0000] {logging_mixin.py:188} INFO - [2026-05-30T12:41:19.964+0000] {dag.py:3047} INFO - Sync 3 DAGs
[2026-05-30T12:41:19.978+0000] {logging_mixin.py:188} INFO - [2026-05-30T12:41:19.978+0000] {dag.py:3834} INFO - Setting next_dagrun for example_subdag_operator to 2022-01-01 00:00:00+00:00, run_after=2022-01-01 00:00:00+00:00
[2026-05-30T12:41:19.981+0000] {logging_mixin.py:188} INFO - [2026-05-30T12:41:19.981+0000] {dag.py:3834} INFO - Setting next_dagrun for example_subdag_operator.section-1 to None, run_after=None
[2026-05-30T12:41:19.983+0000] {logging_mixin.py:188} INFO - [2026-05-30T12:41:19.983+0000] {dag.py:3834} INFO - Setting next_dagrun for example_subdag_operator.section-2 to None, run_after=None
[2026-05-30T12:41:19.988+0000] {logging_mixin.py:188} INFO - [2026-05-30T12:41:19.988+0000] {dag.py:3047} INFO - Sync 2 DAGs
[2026-05-30T12:41:19.993+0000] {logging_mixin.py:188} INFO - [2026-05-30T12:41:19.993+0000] {dag.py:3834} INFO - Setting next_dagrun for example_subdag_operator.section-1 to None, run_after=None
[2026-05-30T12:41:19.994+0000] {logging_mixin.py:188} INFO - [2026-05-30T12:41:19.994+0000] {dag.py:3834} INFO - Setting next_dagrun for example_subdag_operator.section-2 to None, run_after=None
[2026-05-30T12:41:20.005+0000] {processor.py:183} INFO - Processing /home/airflow/.local/lib/python3.8/site-packages/airflow/example_dags/example_subdag_operator.py took 0.080 seconds
[2026-05-30T12:41:50.563+0000] {processor.py:161} INFO - Started process (PID=6922) to work on /home/airflow/.local/lib/python3.8/site-packages/airflow/example_dags/example_subdag_operator.py
[2026-05-30T12:41:50.564+0000] {processor.py:830} INFO - Processing file /home/airflow/.local/lib/python3.8/site-packages/airflow/example_dags/example_subdag_operator.py for tasks to queue
[2026-05-30T12:41:50.566+0000] {logging_mixin.py:188} INFO - [2026-05-30T12:41:50.566+0000] {dagbag.py:540} INFO - Filling up the DagBag from /home/airflow/.local/lib/python3.8/site-packages/airflow/example_dags/example_subdag_operator.py
[2026-05-30T12:41:50.589+0000] {processor.py:840} INFO - DAG(s) 'example_subdag_operator.section-1', 'example_subdag_operator.section-2', 'example_subdag_operator' retrieved from /home/airflow/.local/lib/python3.8/site-packages/airflow/example_dags/example_subdag_operator.py
[2026-05-30T12:41:50.601+0000] {logging_mixin.py:188} INFO - [2026-05-30T12:41:50.601+0000] {dag.py:3047} INFO - Sync 3 DAGs
[2026-05-30T12:41:50.618+0000] {logging_mixin.py:188} INFO - [2026-05-30T12:41:50.617+0000] {dag.py:3834} INFO - Setting next_dagrun for example_subdag_operator to 2022-01-01 00:00:00+00:00, run_after=2022-01-01 00:00:00+00:00
[2026-05-30T12:41:50.623+0000] {logging_mixin.py:188} INFO - [2026-05-30T12:41:50.623+0000] {dag.py:3834} INFO - Setting next_dagrun for example_subdag_operator.section-1 to None, run_after=None
[2026-05-30T12:41:50.624+0000] {logging_mixin.py:188} INFO - [2026-05-30T12:41:50.624+0000] {dag.py:3834} INFO - Setting next_dagrun for example_subdag_operator.section-2 to None, run_after=None
[2026-05-30T12:41:50.630+0000] {logging_mixin.py:188} INFO - [2026-05-30T12:41:50.630+0000] {dag.py:3047} INFO - Sync 2 DAGs
[2026-05-30T12:41:50.634+0000] {logging_mixin.py:188} INFO - [2026-05-30T12:41:50.633+0000] {dag.py:3834} INFO - Setting next_dagrun for example_subdag_operator.section-1 to None, run_after=None
[2026-05-30T12:41:50.635+0000] {logging_mixin.py:188} INFO - [2026-05-30T12:41:50.635+0000] {dag.py:3834} INFO - Setting next_dagrun for example_subdag_operator.section-2 to None, run_after=None
[2026-05-30T12:41:50.648+0000] {processor.py:183} INFO - Processing /home/airflow/.local/lib/python3.8/site-packages/airflow/example_dags/example_subdag_operator.py took 0.088 seconds
[2026-05-30T12:42:21.217+0000] {processor.py:161} INFO - Started process (PID=6978) to work on /home/airflow/.local/lib/python3.8/site-packages/airflow/example_dags/example_subdag_operator.py
[2026-05-30T12:42:21.218+0000] {processor.py:830} INFO - Processing file /home/airflow/.local/lib/python3.8/site-packages/airflow/example_dags/example_subdag_operator.py for tasks to queue
[2026-05-30T12:42:21.220+0000] {logging_mixin.py:188} INFO - [2026-05-30T12:42:21.220+0000] {dagbag.py:540} INFO - Filling up the DagBag from /home/airflow/.local/lib/python3.8/site-packages/airflow/example_dags/example_subdag_operator.py
[2026-05-30T12:42:21.243+0000] {processor.py:840} INFO - DAG(s) 'example_subdag_operator.section-1', 'example_subdag_operator.section-2', 'example_subdag_operator' retrieved from /home/airflow/.local/lib/python3.8/site-packages/airflow/example_dags/example_subdag_operator.py
[2026-05-30T12:42:21.255+0000] {logging_mixin.py:188} INFO - [2026-05-30T12:42:21.255+0000] {dag.py:3047} INFO - Sync 3 DAGs
[2026-05-30T12:42:21.271+0000] {logging_mixin.py:188} INFO - [2026-05-30T12:42:21.271+0000] {dag.py:3834} INFO - Setting next_dagrun for example_subdag_operator to 2022-01-01 00:00:00+00:00, run_after=2022-01-01 00:00:00+00:00
[2026-05-30T12:42:21.275+0000] {logging_mixin.py:188} INFO - [2026-05-30T12:42:21.275+0000] {dag.py:3834} INFO - Setting next_dagrun for example_subdag_operator.section-1 to None, run_after=None
[2026-05-30T12:42:21.277+0000] {logging_mixin.py:188} INFO - [2026-05-30T12:42:21.277+0000] {dag.py:3834} INFO - Setting next_dagrun for example_subdag_operator.section-2 to None, run_after=None
[2026-05-30T12:42:21.283+0000] {logging_mixin.py:188} INFO - [2026-05-30T12:42:21.283+0000] {dag.py:3047} INFO - Sync 2 DAGs
[2026-05-30T12:42:21.287+0000] {logging_mixin.py:188} INFO - [2026-05-30T12:42:21.287+0000] {dag.py:3834} INFO - Setting next_dagrun for example_subdag_operator.section-1 to None, run_after=None
[2026-05-30T12:42:21.288+0000] {logging_mixin.py:188} INFO - [2026-05-30T12:42:21.288+0000] {dag.py:3834} INFO - Setting next_dagrun for example_subdag_operator.section-2 to None, run_after=None
[2026-05-30T12:42:21.302+0000] {processor.py:183} INFO - Processing /home/airflow/.local/lib/python3.8/site-packages/airflow/example_dags/example_subdag_operator.py took 0.088 seconds
[2026-05-30T12:42:52.047+0000] {processor.py:161} INFO - Started process (PID=7033) to work on /home/airflow/.local/lib/python3.8/site-packages/airflow/example_dags/example_subdag_operator.py
[2026-05-30T12:42:52.048+0000] {processor.py:830} INFO - Processing file /home/airflow/.local/lib/python3.8/site-packages/airflow/example_dags/example_subdag_operator.py for tasks to queue
[2026-05-30T12:42:52.051+0000] {logging_mixin.py:188} INFO - [2026-05-30T12:42:52.050+0000] {dagbag.py:540} INFO - Filling up the DagBag from /home/airflow/.local/lib/python3.8/site-packages/airflow/example_dags/example_subdag_operator.py
[2026-05-30T12:42:52.074+0000] {processor.py:840} INFO - DAG(s) 'example_subdag_operator.section-1', 'example_subdag_operator.section-2', 'example_subdag_operator' retrieved from /home/airflow/.local/lib/python3.8/site-packages/airflow/example_dags/example_subdag_operator.py
[2026-05-30T12:42:52.087+0000] {logging_mixin.py:188} INFO - [2026-05-30T12:42:52.086+0000] {dag.py:3047} INFO - Sync 3 DAGs
[2026-05-30T12:42:52.105+0000] {logging_mixin.py:188} INFO - [2026-05-30T12:42:52.104+0000] {dag.py:3834} INFO - Setting next_dagrun for example_subdag_operator to 2022-01-01 00:00:00+00:00, run_after=2022-01-01 00:00:00+00:00
[2026-05-30T12:42:52.109+0000] {logging_mixin.py:188} INFO - [2026-05-30T12:42:52.109+0000] {dag.py:3834} INFO - Setting next_dagrun for example_subdag_operator.section-1 to None, run_after=None
[2026-05-30T12:42:52.111+0000] {logging_mixin.py:188} INFO - [2026-05-30T12:42:52.111+0000] {dag.py:3834} INFO - Setting next_dagrun for example_subdag_operator.section-2 to None, run_after=None
[2026-05-30T12:42:52.118+0000] {logging_mixin.py:188} INFO - [2026-05-30T12:42:52.117+0000] {dag.py:3047} INFO - Sync 2 DAGs
[2026-05-30T12:42:52.123+0000] {logging_mixin.py:188} INFO - [2026-05-30T12:42:52.123+0000] {dag.py:3834} INFO - Setting next_dagrun for example_subdag_operator.section-1 to None, run_after=None
[2026-05-30T12:42:52.124+0000] {logging_mixin.py:188} INFO - [2026-05-30T12:42:52.124+0000] {dag.py:3834} INFO - Setting next_dagrun for example_subdag_operator.section-2 to None, run_after=None
[2026-05-30T12:42:52.137+0000] {processor.py:183} INFO - Processing /home/airflow/.local/lib/python3.8/site-packages/airflow/example_dags/example_subdag_operator.py took 0.093 seconds
[2026-05-30T12:43:22.275+0000] {processor.py:161} INFO - Started process (PID=7089) to work on /home/airflow/.local/lib/python3.8/site-packages/airflow/example_dags/example_subdag_operator.py
[2026-05-30T12:43:22.276+0000] {processor.py:830} INFO - Processing file /home/airflow/.local/lib/python3.8/site-packages/airflow/example_dags/example_subdag_operator.py for tasks to queue
[2026-05-30T12:43:22.278+0000] {logging_mixin.py:188} INFO - [2026-05-30T12:43:22.278+0000] {dagbag.py:540} INFO - Filling up the DagBag from /home/airflow/.local/lib/python3.8/site-packages/airflow/example_dags/example_subdag_operator.py
[2026-05-30T12:43:22.297+0000] {processor.py:840} INFO - DAG(s) 'example_subdag_operator.section-1', 'example_subdag_operator.section-2', 'example_subdag_operator' retrieved from /home/airflow/.local/lib/python3.8/site-packages/airflow/example_dags/example_subdag_operator.py
[2026-05-30T12:43:22.308+0000] {logging_mixin.py:188} INFO - [2026-05-30T12:43:22.308+0000] {dag.py:3047} INFO - Sync 3 DAGs
[2026-05-30T12:43:22.324+0000] {logging_mixin.py:188} INFO - [2026-05-30T12:43:22.324+0000] {dag.py:3834} INFO - Setting next_dagrun for example_subdag_operator to 2022-01-01 00:00:00+00:00, run_after=2022-01-01 00:00:00+00:00
[2026-05-30T12:43:22.328+0000] {logging_mixin.py:188} INFO - [2026-05-30T12:43:22.328+0000] {dag.py:3834} INFO - Setting next_dagrun for example_subdag_operator.section-1 to None, run_after=None
[2026-05-30T12:43:22.330+0000] {logging_mixin.py:188} INFO - [2026-05-30T12:43:22.330+0000] {dag.py:3834} INFO - Setting next_dagrun for example_subdag_operator.section-2 to None, run_after=None
[2026-05-30T12:43:22.336+0000] {logging_mixin.py:188} INFO - [2026-05-30T12:43:22.336+0000] {dag.py:3047} INFO - Sync 2 DAGs
[2026-05-30T12:43:22.340+0000] {logging_mixin.py:188} INFO - [2026-05-30T12:43:22.340+0000] {dag.py:3834} INFO - Setting next_dagrun for example_subdag_operator.section-1 to None, run_after=None
[2026-05-30T12:43:22.341+0000] {logging_mixin.py:188} INFO - [2026-05-30T12:43:22.341+0000] {dag.py:3834} INFO - Setting next_dagrun for example_subdag_operator.section-2 to None, run_after=None
[2026-05-30T12:43:22.351+0000] {processor.py:183} INFO - Processing /home/airflow/.local/lib/python3.8/site-packages/airflow/example_dags/example_subdag_operator.py took 0.079 seconds
[2026-05-30T12:43:52.399+0000] {processor.py:161} INFO - Started process (PID=7145) to work on /home/airflow/.local/lib/python3.8/site-packages/airflow/example_dags/example_subdag_operator.py
[2026-05-30T12:43:52.401+0000] {processor.py:830} INFO - Processing file /home/airflow/.local/lib/python3.8/site-packages/airflow/example_dags/example_subdag_operator.py for tasks to queue
[2026-05-30T12:43:52.403+0000] {logging_mixin.py:188} INFO - [2026-05-30T12:43:52.403+0000] {dagbag.py:540} INFO - Filling up the DagBag from /home/airflow/.local/lib/python3.8/site-packages/airflow/example_dags/example_subdag_operator.py
[2026-05-30T12:43:52.422+0000] {processor.py:840} INFO - DAG(s) 'example_subdag_operator.section-1', 'example_subdag_operator.section-2', 'example_subdag_operator' retrieved from /home/airflow/.local/lib/python3.8/site-packages/airflow/example_dags/example_subdag_operator.py
[2026-05-30T12:43:52.432+0000] {logging_mixin.py:188} INFO - [2026-05-30T12:43:52.432+0000] {dag.py:3047} INFO - Sync 3 DAGs
[2026-05-30T12:43:52.449+0000] {logging_mixin.py:188} INFO - [2026-05-30T12:43:52.449+0000] {dag.py:3834} INFO - Setting next_dagrun for example_subdag_operator to 2022-01-01 00:00:00+00:00, run_after=2022-01-01 00:00:00+00:00
[2026-05-30T12:43:52.452+0000] {logging_mixin.py:188} INFO - [2026-05-30T12:43:52.452+0000] {dag.py:3834} INFO - Setting next_dagrun for example_subdag_operator.section-1 to None, run_after=None
[2026-05-30T12:43:52.454+0000] {logging_mixin.py:188} INFO - [2026-05-30T12:43:52.454+0000] {dag.py:3834} INFO - Setting next_dagrun for example_subdag_operator.section-2 to None, run_after=None
[2026-05-30T12:43:52.459+0000] {logging_mixin.py:188} INFO - [2026-05-30T12:43:52.459+0000] {dag.py:3047} INFO - Sync 2 DAGs
[2026-05-30T12:43:52.463+0000] {logging_mixin.py:188} INFO - [2026-05-30T12:43:52.463+0000] {dag.py:3834} INFO - Setting next_dagrun for example_subdag_operator.section-1 to None, run_after=None
[2026-05-30T12:43:52.464+0000] {logging_mixin.py:188} INFO - [2026-05-30T12:43:52.464+0000] {dag.py:3834} INFO - Setting next_dagrun for example_subdag_operator.section-2 to None, run_after=None
[2026-05-30T12:43:52.473+0000] {processor.py:183} INFO - Processing /home/airflow/.local/lib/python3.8/site-packages/airflow/example_dags/example_subdag_operator.py took 0.076 seconds
[2026-05-30T12:44:23.063+0000] {processor.py:161} INFO - Started process (PID=7201) to work on /home/airflow/.local/lib/python3.8/site-packages/airflow/example_dags/example_subdag_operator.py
[2026-05-30T12:44:23.064+0000] {processor.py:830} INFO - Processing file /home/airflow/.local/lib/python3.8/site-packages/airflow/example_dags/example_subdag_operator.py for tasks to queue
[2026-05-30T12:44:23.066+0000] {logging_mixin.py:188} INFO - [2026-05-30T12:44:23.066+0000] {dagbag.py:540} INFO - Filling up the DagBag from /home/airflow/.local/lib/python3.8/site-packages/airflow/example_dags/example_subdag_operator.py
[2026-05-30T12:44:23.088+0000] {processor.py:840} INFO - DAG(s) 'example_subdag_operator.section-1', 'example_subdag_operator.section-2', 'example_subdag_operator' retrieved from /home/airflow/.local/lib/python3.8/site-packages/airflow/example_dags/example_subdag_operator.py
[2026-05-30T12:44:23.101+0000] {logging_mixin.py:188} INFO - [2026-05-30T12:44:23.100+0000] {dag.py:3047} INFO - Sync 3 DAGs
[2026-05-30T12:44:23.117+0000] {logging_mixin.py:188} INFO - [2026-05-30T12:44:23.117+0000] {dag.py:3834} INFO - Setting next_dagrun for example_subdag_operator to 2022-01-01 00:00:00+00:00, run_after=2022-01-01 00:00:00+00:00
[2026-05-30T12:44:23.120+0000] {logging_mixin.py:188} INFO - [2026-05-30T12:44:23.120+0000] {dag.py:3834} INFO - Setting next_dagrun for example_subdag_operator.section-1 to None, run_after=None
[2026-05-30T12:44:23.122+0000] {logging_mixin.py:188} INFO - [2026-05-30T12:44:23.122+0000] {dag.py:3834} INFO - Setting next_dagrun for example_subdag_operator.section-2 to None, run_after=None
[2026-05-30T12:44:23.128+0000] {logging_mixin.py:188} INFO - [2026-05-30T12:44:23.127+0000] {dag.py:3047} INFO - Sync 2 DAGs
[2026-05-30T12:44:23.133+0000] {logging_mixin.py:188} INFO - [2026-05-30T12:44:23.132+0000] {dag.py:3834} INFO - Setting next_dagrun for example_subdag_operator.section-1 to None, run_after=None
[2026-05-30T12:44:23.134+0000] {logging_mixin.py:188} INFO - [2026-05-30T12:44:23.134+0000] {dag.py:3834} INFO - Setting next_dagrun for example_subdag_operator.section-2 to None, run_after=None
[2026-05-30T12:44:23.147+0000] {processor.py:183} INFO - Processing /home/airflow/.local/lib/python3.8/site-packages/airflow/example_dags/example_subdag_operator.py took 0.086 seconds
[2026-05-30T12:44:53.849+0000] {processor.py:161} INFO - Started process (PID=7257) to work on /home/airflow/.local/lib/python3.8/site-packages/airflow/example_dags/example_subdag_operator.py
[2026-05-30T12:44:53.851+0000] {processor.py:830} INFO - Processing file /home/airflow/.local/lib/python3.8/site-packages/airflow/example_dags/example_subdag_operator.py for tasks to queue
[2026-05-30T12:44:53.853+0000] {logging_mixin.py:188} INFO - [2026-05-30T12:44:53.853+0000] {dagbag.py:540} INFO - Filling up the DagBag from /home/airflow/.local/lib/python3.8/site-packages/airflow/example_dags/example_subdag_operator.py
[2026-05-30T12:44:53.873+0000] {processor.py:840} INFO - DAG(s) 'example_subdag_operator.section-1', 'example_subdag_operator.section-2', 'example_subdag_operator' retrieved from /home/airflow/.local/lib/python3.8/site-packages/airflow/example_dags/example_subdag_operator.py
[2026-05-30T12:44:53.885+0000] {logging_mixin.py:188} INFO - [2026-05-30T12:44:53.885+0000] {dag.py:3047} INFO - Sync 3 DAGs
[2026-05-30T12:44:53.901+0000] {logging_mixin.py:188} INFO - [2026-05-30T12:44:53.900+0000] {dag.py:3834} INFO - Setting next_dagrun for example_subdag_operator to 2022-01-01 00:00:00+00:00, run_after=2022-01-01 00:00:00+00:00
[2026-05-30T12:44:53.904+0000] {logging_mixin.py:188} INFO - [2026-05-30T12:44:53.904+0000] {dag.py:3834} INFO - Setting next_dagrun for example_subdag_operator.section-1 to None, run_after=None
[2026-05-30T12:44:53.906+0000] {logging_mixin.py:188} INFO - [2026-05-30T12:44:53.906+0000] {dag.py:3834} INFO - Setting next_dagrun for example_subdag_operator.section-2 to None, run_after=None
[2026-05-30T12:44:53.911+0000] {logging_mixin.py:188} INFO - [2026-05-30T12:44:53.911+0000] {dag.py:3047} INFO - Sync 2 DAGs
[2026-05-30T12:44:53.915+0000] {logging_mixin.py:188} INFO - [2026-05-30T12:44:53.915+0000] {dag.py:3834} INFO - Setting next_dagrun for example_subdag_operator.section-1 to None, run_after=None
[2026-05-30T12:44:53.916+0000] {logging_mixin.py:188} INFO - [2026-05-30T12:44:53.916+0000] {dag.py:3834} INFO - Setting next_dagrun for example_subdag_operator.section-2 to None, run_after=None
[2026-05-30T12:44:53.924+0000] {processor.py:183} INFO - Processing /home/airflow/.local/lib/python3.8/site-packages/airflow/example_dags/example_subdag_operator.py took 0.079 seconds
[2026-05-30T12:45:24.137+0000] {processor.py:161} INFO - Started process (PID=7313) to work on /home/airflow/.local/lib/python3.8/site-packages/airflow/example_dags/example_subdag_operator.py
[2026-05-30T12:45:24.139+0000] {processor.py:830} INFO - Processing file /home/airflow/.local/lib/python3.8/site-packages/airflow/example_dags/example_subdag_operator.py for tasks to queue
[2026-05-30T12:45:24.143+0000] {logging_mixin.py:188} INFO - [2026-05-30T12:45:24.142+0000] {dagbag.py:540} INFO - Filling up the DagBag from /home/airflow/.local/lib/python3.8/site-packages/airflow/example_dags/example_subdag_operator.py
[2026-05-30T12:45:24.172+0000] {processor.py:840} INFO - DAG(s) 'example_subdag_operator.section-1', 'example_subdag_operator.section-2', 'example_subdag_operator' retrieved from /home/airflow/.local/lib/python3.8/site-packages/airflow/example_dags/example_subdag_operator.py
[2026-05-30T12:45:24.188+0000] {logging_mixin.py:188} INFO - [2026-05-30T12:45:24.188+0000] {dag.py:3047} INFO - Sync 3 DAGs
[2026-05-30T12:45:24.212+0000] {logging_mixin.py:188} INFO - [2026-05-30T12:45:24.212+0000] {dag.py:3834} INFO - Setting next_dagrun for example_subdag_operator to 2022-01-01 00:00:00+00:00, run_after=2022-01-01 00:00:00+00:00
[2026-05-30T12:45:24.217+0000] {logging_mixin.py:188} INFO - [2026-05-30T12:45:24.217+0000] {dag.py:3834} INFO - Setting next_dagrun for example_subdag_operator.section-1 to None, run_after=None
[2026-05-30T12:45:24.220+0000] {logging_mixin.py:188} INFO - [2026-05-30T12:45:24.220+0000] {dag.py:3834} INFO - Setting next_dagrun for example_subdag_operator.section-2 to None, run_after=None
[2026-05-30T12:45:24.229+0000] {logging_mixin.py:188} INFO - [2026-05-30T12:45:24.229+0000] {dag.py:3047} INFO - Sync 2 DAGs
[2026-05-30T12:45:24.237+0000] {logging_mixin.py:188} INFO - [2026-05-30T12:45:24.236+0000] {dag.py:3834} INFO - Setting next_dagrun for example_subdag_operator.section-1 to None, run_after=None
[2026-05-30T12:45:24.238+0000] {logging_mixin.py:188} INFO - [2026-05-30T12:45:24.238+0000] {dag.py:3834} INFO - Setting next_dagrun for example_subdag_operator.section-2 to None, run_after=None
[2026-05-30T12:45:24.251+0000] {processor.py:183} INFO - Processing /home/airflow/.local/lib/python3.8/site-packages/airflow/example_dags/example_subdag_operator.py took 0.118 seconds
[2026-05-30T12:45:54.786+0000] {processor.py:161} INFO - Started process (PID=7369) to work on /home/airflow/.local/lib/python3.8/site-packages/airflow/example_dags/example_subdag_operator.py
[2026-05-30T12:45:54.788+0000] {processor.py:830} INFO - Processing file /home/airflow/.local/lib/python3.8/site-packages/airflow/example_dags/example_subdag_operator.py for tasks to queue
[2026-05-30T12:45:54.790+0000] {logging_mixin.py:188} INFO - [2026-05-30T12:45:54.790+0000] {dagbag.py:540} INFO - Filling up the DagBag from /home/airflow/.local/lib/python3.8/site-packages/airflow/example_dags/example_subdag_operator.py
[2026-05-30T12:45:54.812+0000] {processor.py:840} INFO - DAG(s) 'example_subdag_operator.section-1', 'example_subdag_operator.section-2', 'example_subdag_operator' retrieved from /home/airflow/.local/lib/python3.8/site-packages/airflow/example_dags/example_subdag_operator.py
[2026-05-30T12:45:54.825+0000] {logging_mixin.py:188} INFO - [2026-05-30T12:45:54.825+0000] {dag.py:3047} INFO - Sync 3 DAGs
[2026-05-30T12:45:54.843+0000] {logging_mixin.py:188} INFO - [2026-05-30T12:45:54.843+0000] {dag.py:3834} INFO - Setting next_dagrun for example_subdag_operator to 2022-01-01 00:00:00+00:00, run_after=2022-01-01 00:00:00+00:00
[2026-05-30T12:45:54.846+0000] {logging_mixin.py:188} INFO - [2026-05-30T12:45:54.846+0000] {dag.py:3834} INFO - Setting next_dagrun for example_subdag_operator.section-1 to None, run_after=None
[2026-05-30T12:45:54.848+0000] {logging_mixin.py:188} INFO - [2026-05-30T12:45:54.848+0000] {dag.py:3834} INFO - Setting next_dagrun for example_subdag_operator.section-2 to None, run_after=None
[2026-05-30T12:45:54.856+0000] {logging_mixin.py:188} INFO - [2026-05-30T12:45:54.855+0000] {dag.py:3047} INFO - Sync 2 DAGs
[2026-05-30T12:45:54.863+0000] {logging_mixin.py:188} INFO - [2026-05-30T12:45:54.862+0000] {dag.py:3834} INFO - Setting next_dagrun for example_subdag_operator.section-1 to None, run_after=None
[2026-05-30T12:45:54.863+0000] {logging_mixin.py:188} INFO - [2026-05-30T12:45:54.863+0000] {dag.py:3834} INFO - Setting next_dagrun for example_subdag_operator.section-2 to None, run_after=None
[2026-05-30T12:45:54.875+0000] {processor.py:183} INFO - Processing /home/airflow/.local/lib/python3.8/site-packages/airflow/example_dags/example_subdag_operator.py took 0.092 seconds
[2026-05-30T12:46:25.028+0000] {processor.py:161} INFO - Started process (PID=7426) to work on /home/airflow/.local/lib/python3.8/site-packages/airflow/example_dags/example_subdag_operator.py
[2026-05-30T12:46:25.030+0000] {processor.py:830} INFO - Processing file /home/airflow/.local/lib/python3.8/site-packages/airflow/example_dags/example_subdag_operator.py for tasks to queue
[2026-05-30T12:46:25.032+0000] {logging_mixin.py:188} INFO - [2026-05-30T12:46:25.031+0000] {dagbag.py:540} INFO - Filling up the DagBag from /home/airflow/.local/lib/python3.8/site-packages/airflow/example_dags/example_subdag_operator.py
[2026-05-30T12:46:25.055+0000] {processor.py:840} INFO - DAG(s) 'example_subdag_operator.section-1', 'example_subdag_operator.section-2', 'example_subdag_operator' retrieved from /home/airflow/.local/lib/python3.8/site-packages/airflow/example_dags/example_subdag_operator.py
[2026-05-30T12:46:25.068+0000] {logging_mixin.py:188} INFO - [2026-05-30T12:46:25.067+0000] {dag.py:3047} INFO - Sync 3 DAGs
[2026-05-30T12:46:25.088+0000] {logging_mixin.py:188} INFO - [2026-05-30T12:46:25.088+0000] {dag.py:3834} INFO - Setting next_dagrun for example_subdag_operator to 2022-01-01 00:00:00+00:00, run_after=2022-01-01 00:00:00+00:00
[2026-05-30T12:46:25.091+0000] {logging_mixin.py:188} INFO - [2026-05-30T12:46:25.091+0000] {dag.py:3834} INFO - Setting next_dagrun for example_subdag_operator.section-1 to None, run_after=None
[2026-05-30T12:46:25.092+0000] {logging_mixin.py:188} INFO - [2026-05-30T12:46:25.092+0000] {dag.py:3834} INFO - Setting next_dagrun for example_subdag_operator.section-2 to None, run_after=None
[2026-05-30T12:46:25.099+0000] {logging_mixin.py:188} INFO - [2026-05-30T12:46:25.098+0000] {dag.py:3047} INFO - Sync 2 DAGs
[2026-05-30T12:46:25.104+0000] {logging_mixin.py:188} INFO - [2026-05-30T12:46:25.104+0000] {dag.py:3834} INFO - Setting next_dagrun for example_subdag_operator.section-1 to None, run_after=None
[2026-05-30T12:46:25.105+0000] {logging_mixin.py:188} INFO - [2026-05-30T12:46:25.105+0000] {dag.py:3834} INFO - Setting next_dagrun for example_subdag_operator.section-2 to None, run_after=None
[2026-05-30T12:46:25.118+0000] {processor.py:183} INFO - Processing /home/airflow/.local/lib/python3.8/site-packages/airflow/example_dags/example_subdag_operator.py took 0.093 seconds
[2026-05-30T12:46:55.712+0000] {processor.py:161} INFO - Started process (PID=7481) to work on /home/airflow/.local/lib/python3.8/site-packages/airflow/example_dags/example_subdag_operator.py
[2026-05-30T12:46:55.713+0000] {processor.py:830} INFO - Processing file /home/airflow/.local/lib/python3.8/site-packages/airflow/example_dags/example_subdag_operator.py for tasks to queue
[2026-05-30T12:46:55.715+0000] {logging_mixin.py:188} INFO - [2026-05-30T12:46:55.715+0000] {dagbag.py:540} INFO - Filling up the DagBag from /home/airflow/.local/lib/python3.8/site-packages/airflow/example_dags/example_subdag_operator.py
[2026-05-30T12:46:55.735+0000] {processor.py:840} INFO - DAG(s) 'example_subdag_operator.section-1', 'example_subdag_operator.section-2', 'example_subdag_operator' retrieved from /home/airflow/.local/lib/python3.8/site-packages/airflow/example_dags/example_subdag_operator.py
[2026-05-30T12:46:55.747+0000] {logging_mixin.py:188} INFO - [2026-05-30T12:46:55.747+0000] {dag.py:3047} INFO - Sync 3 DAGs
[2026-05-30T12:46:55.764+0000] {logging_mixin.py:188} INFO - [2026-05-30T12:46:55.763+0000] {dag.py:3834} INFO - Setting next_dagrun for example_subdag_operator to 2022-01-01 00:00:00+00:00, run_after=2022-01-01 00:00:00+00:00
[2026-05-30T12:46:55.767+0000] {logging_mixin.py:188} INFO - [2026-05-30T12:46:55.767+0000] {dag.py:3834} INFO - Setting next_dagrun for example_subdag_operator.section-1 to None, run_after=None
[2026-05-30T12:46:55.769+0000] {logging_mixin.py:188} INFO - [2026-05-30T12:46:55.769+0000] {dag.py:3834} INFO - Setting next_dagrun for example_subdag_operator.section-2 to None, run_after=None
[2026-05-30T12:46:55.775+0000] {logging_mixin.py:188} INFO - [2026-05-30T12:46:55.775+0000] {dag.py:3047} INFO - Sync 2 DAGs
[2026-05-30T12:46:55.780+0000] {logging_mixin.py:188} INFO - [2026-05-30T12:46:55.780+0000] {dag.py:3834} INFO - Setting next_dagrun for example_subdag_operator.section-1 to None, run_after=None
[2026-05-30T12:46:55.781+0000] {logging_mixin.py:188} INFO - [2026-05-30T12:46:55.781+0000] {dag.py:3834} INFO - Setting next_dagrun for example_subdag_operator.section-2 to None, run_after=None
[2026-05-30T12:46:55.790+0000] {processor.py:183} INFO - Processing /home/airflow/.local/lib/python3.8/site-packages/airflow/example_dags/example_subdag_operator.py took 0.081 seconds
[2026-05-30T12:47:26.420+0000] {processor.py:161} INFO - Started process (PID=7537) to work on /home/airflow/.local/lib/python3.8/site-packages/airflow/example_dags/example_subdag_operator.py
[2026-05-30T12:47:26.422+0000] {processor.py:830} INFO - Processing file /home/airflow/.local/lib/python3.8/site-packages/airflow/example_dags/example_subdag_operator.py for tasks to queue
[2026-05-30T12:47:26.424+0000] {logging_mixin.py:188} INFO - [2026-05-30T12:47:26.423+0000] {dagbag.py:540} INFO - Filling up the DagBag from /home/airflow/.local/lib/python3.8/site-packages/airflow/example_dags/example_subdag_operator.py
[2026-05-30T12:47:26.446+0000] {processor.py:840} INFO - DAG(s) 'example_subdag_operator.section-1', 'example_subdag_operator.section-2', 'example_subdag_operator' retrieved from /home/airflow/.local/lib/python3.8/site-packages/airflow/example_dags/example_subdag_operator.py
[2026-05-30T12:47:26.457+0000] {logging_mixin.py:188} INFO - [2026-05-30T12:47:26.457+0000] {dag.py:3047} INFO - Sync 3 DAGs
[2026-05-30T12:47:26.474+0000] {logging_mixin.py:188} INFO - [2026-05-30T12:47:26.474+0000] {dag.py:3834} INFO - Setting next_dagrun for example_subdag_operator to 2022-01-01 00:00:00+00:00, run_after=2022-01-01 00:00:00+00:00
[2026-05-30T12:47:26.478+0000] {logging_mixin.py:188} INFO - [2026-05-30T12:47:26.477+0000] {dag.py:3834} INFO - Setting next_dagrun for example_subdag_operator.section-1 to None, run_after=None
[2026-05-30T12:47:26.479+0000] {logging_mixin.py:188} INFO - [2026-05-30T12:47:26.479+0000] {dag.py:3834} INFO - Setting next_dagrun for example_subdag_operator.section-2 to None, run_after=None
[2026-05-30T12:47:26.482+0000] {logging_mixin.py:188} INFO - [2026-05-30T12:47:26.485+0000] {dag.py:3047} INFO - Sync 2 DAGs
[2026-05-30T12:47:26.486+0000] {logging_mixin.py:188} INFO - [2026-05-30T12:47:26.486+0000] {dag.py:3834} INFO - Setting next_dagrun for example_subdag_operator.section-1 to None, run_after=None
[2026-05-30T12:47:26.487+0000] {logging_mixin.py:188} INFO - [2026-05-30T12:47:26.487+0000] {dag.py:3834} INFO - Setting next_dagrun for example_subdag_operator.section-2 to None, run_after=None
[2026-05-30T12:47:26.500+0000] {processor.py:183} INFO - Processing /home/airflow/.local/lib/python3.8/site-packages/airflow/example_dags/example_subdag_operator.py took 0.085 seconds
[2026-05-30T12:47:57.064+0000] {processor.py:161} INFO - Started process (PID=7593) to work on /home/airflow/.local/lib/python3.8/site-packages/airflow/example_dags/example_subdag_operator.py
[2026-05-30T12:47:57.065+0000] {processor.py:830} INFO - Processing file /home/airflow/.local/lib/python3.8/site-packages/airflow/example_dags/example_subdag_operator.py for tasks to queue
[2026-05-30T12:47:57.067+0000] {logging_mixin.py:188} INFO - [2026-05-30T12:47:57.066+0000] {dagbag.py:540} INFO - Filling up the DagBag from /home/airflow/.local/lib/python3.8/site-packages/airflow/example_dags/example_subdag_operator.py
[2026-05-30T12:47:57.087+0000] {processor.py:840} INFO - DAG(s) 'example_subdag_operator.section-1', 'example_subdag_operator.section-2', 'example_subdag_operator' retrieved from /home/airflow/.local/lib/python3.8/site-packages/airflow/example_dags/example_subdag_operator.py
[2026-05-30T12:47:57.099+0000] {logging_mixin.py:188} INFO - [2026-05-30T12:47:57.099+0000] {dag.py:3047} INFO - Sync 3 DAGs
[2026-05-30T12:47:57.115+0000] {logging_mixin.py:188} INFO - [2026-05-30T12:47:57.115+0000] {dag.py:3834} INFO - Setting next_dagrun for example_subdag_operator to 2022-01-01 00:00:00+00:00, run_after=2022-01-01 00:00:00+00:00
[2026-05-30T12:47:57.119+0000] {logging_mixin.py:188} INFO - [2026-05-30T12:47:57.119+0000] {dag.py:3834} INFO - Setting next_dagrun for example_subdag_operator.section-1 to None, run_after=None
[2026-05-30T12:47:57.121+0000] {logging_mixin.py:188} INFO - [2026-05-30T12:47:57.121+0000] {dag.py:3834} INFO - Setting next_dagrun for example_subdag_operator.section-2 to None, run_after=None
[2026-05-30T12:47:57.127+0000] {logging_mixin.py:188} INFO - [2026-05-30T12:47:57.127+0000] {dag.py:3047} INFO - Sync 2 DAGs
[2026-05-30T12:47:57.131+0000] {logging_mixin.py:188} INFO - [2026-05-30T12:47:57.131+0000] {dag.py:3834} INFO - Setting next_dagrun for example_subdag_operator.section-1 to None, run_after=None
[2026-05-30T12:47:57.132+0000] {logging_mixin.py:188} INFO - [2026-05-30T12:47:57.132+0000] {dag.py:3834} INFO - Setting next_dagrun for example_subdag_operator.section-2 to None, run_after=None
[2026-05-30T12:47:57.148+0000] {processor.py:183} INFO - Processing /home/airflow/.local/lib/python3.8/site-packages/airflow/example_dags/example_subdag_operator.py took 0.087 seconds
[2026-05-30T12:48:27.234+0000] {processor.py:161} INFO - Started process (PID=7648) to work on /home/airflow/.local/lib/python3.8/site-packages/airflow/example_dags/example_subdag_operator.py
[2026-05-30T12:48:27.235+0000] {processor.py:830} INFO - Processing file /home/airflow/.local/lib/python3.8/site-packages/airflow/example_dags/example_subdag_operator.py for tasks to queue
[2026-05-30T12:48:27.237+0000] {logging_mixin.py:188} INFO - [2026-05-30T12:48:27.237+0000] {dagbag.py:540} INFO - Filling up the DagBag from /home/airflow/.local/lib/python3.8/site-packages/airflow/example_dags/example_subdag_operator.py
[2026-05-30T12:48:27.257+0000] {processor.py:840} INFO - DAG(s) 'example_subdag_operator.section-1', 'example_subdag_operator.section-2', 'example_subdag_operator' retrieved from /home/airflow/.local/lib/python3.8/site-packages/airflow/example_dags/example_subdag_operator.py
[2026-05-30T12:48:27.270+0000] {logging_mixin.py:188} INFO - [2026-05-30T12:48:27.269+0000] {dag.py:3047} INFO - Sync 3 DAGs
[2026-05-30T12:48:27.286+0000] {logging_mixin.py:188} INFO - [2026-05-30T12:48:27.286+0000] {dag.py:3834} INFO - Setting next_dagrun for example_subdag_operator to 2022-01-01 00:00:00+00:00, run_after=2022-01-01 00:00:00+00:00
[2026-05-30T12:48:27.290+0000] {logging_mixin.py:188} INFO - [2026-05-30T12:48:27.289+0000] {dag.py:3834} INFO - Setting next_dagrun for example_subdag_operator.section-1 to None, run_after=None
[2026-05-30T12:48:27.291+0000] {logging_mixin.py:188} INFO - [2026-05-30T12:48:27.291+0000] {dag.py:3834} INFO - Setting next_dagrun for example_subdag_operator.section-2 to None, run_after=None
[2026-05-30T12:48:27.298+0000] {logging_mixin.py:188} INFO - [2026-05-30T12:48:27.297+0000] {dag.py:3047} INFO - Sync 2 DAGs
[2026-05-30T12:48:27.303+0000] {logging_mixin.py:188} INFO - [2026-05-30T12:48:27.303+0000] {dag.py:3834} INFO - Setting next_dagrun for example_subdag_operator.section-1 to None, run_after=None
[2026-05-30T12:48:27.304+0000] {logging_mixin.py:188} INFO - [2026-05-30T12:48:27.303+0000] {dag.py:3834} INFO - Setting next_dagrun for example_subdag_operator.section-2 to None, run_after=None
[2026-05-30T12:48:27.315+0000] {processor.py:183} INFO - Processing /home/airflow/.local/lib/python3.8/site-packages/airflow/example_dags/example_subdag_operator.py took 0.085 seconds
[2026-05-30T12:48:57.371+0000] {processor.py:161} INFO - Started process (PID=7704) to work on /home/airflow/.local/lib/python3.8/site-packages/airflow/example_dags/example_subdag_operator.py
[2026-05-30T12:48:57.373+0000] {processor.py:830} INFO - Processing file /home/airflow/.local/lib/python3.8/site-packages/airflow/example_dags/example_subdag_operator.py for tasks to queue
[2026-05-30T12:48:57.375+0000] {logging_mixin.py:188} INFO - [2026-05-30T12:48:57.374+0000] {dagbag.py:540} INFO - Filling up the DagBag from /home/airflow/.local/lib/python3.8/site-packages/airflow/example_dags/example_subdag_operator.py
[2026-05-30T12:48:57.394+0000] {processor.py:840} INFO - DAG(s) 'example_subdag_operator.section-1', 'example_subdag_operator.section-2', 'example_subdag_operator' retrieved from /home/airflow/.local/lib/python3.8/site-packages/airflow/example_dags/example_subdag_operator.py
[2026-05-30T12:48:57.406+0000] {logging_mixin.py:188} INFO - [2026-05-30T12:48:57.406+0000] {dag.py:3047} INFO - Sync 3 DAGs
[2026-05-30T12:48:57.422+0000] {logging_mixin.py:188} INFO - [2026-05-30T12:48:57.422+0000] {dag.py:3834} INFO - Setting next_dagrun for example_subdag_operator to 2022-01-01 00:00:00+00:00, run_after=2022-01-01 00:00:00+00:00
[2026-05-30T12:48:57.425+0000] {logging_mixin.py:188} INFO - [2026-05-30T12:48:57.425+0000] {dag.py:3834} INFO - Setting next_dagrun for example_subdag_operator.section-1 to None, run_after=None
[2026-05-30T12:48:57.427+0000] {logging_mixin.py:188} INFO - [2026-05-30T12:48:57.427+0000] {dag.py:3834} INFO - Setting next_dagrun for example_subdag_operator.section-2 to None, run_after=None
[2026-05-30T12:48:57.433+0000] {logging_mixin.py:188} INFO - [2026-05-30T12:48:57.433+0000] {dag.py:3047} INFO - Sync 2 DAGs
[2026-05-30T12:48:57.437+0000] {logging_mixin.py:188} INFO - [2026-05-30T12:48:57.437+0000] {dag.py:3834} INFO - Setting next_dagrun for example_subdag_operator.section-1 to None, run_after=None
[2026-05-30T12:48:57.438+0000] {logging_mixin.py:188} INFO - [2026-05-30T12:48:57.437+0000] {dag.py:3834} INFO - Setting next_dagrun for example_subdag_operator.section-2 to None, run_after=None
[2026-05-30T12:48:57.447+0000] {processor.py:183} INFO - Processing /home/airflow/.local/lib/python3.8/site-packages/airflow/example_dags/example_subdag_operator.py took 0.079 seconds
[2026-05-30T12:49:28.291+0000] {processor.py:161} INFO - Started process (PID=7760) to work on /home/airflow/.local/lib/python3.8/site-packages/airflow/example_dags/example_subdag_operator.py
[2026-05-30T12:49:28.293+0000] {processor.py:830} INFO - Processing file /home/airflow/.local/lib/python3.8/site-packages/airflow/example_dags/example_subdag_operator.py for tasks to queue
[2026-05-30T12:49:28.295+0000] {logging_mixin.py:188} INFO - [2026-05-30T12:49:28.295+0000] {dagbag.py:540} INFO - Filling up the DagBag from /home/airflow/.local/lib/python3.8/site-packages/airflow/example_dags/example_subdag_operator.py
[2026-05-30T12:49:28.315+0000] {processor.py:840} INFO - DAG(s) 'example_subdag_operator.section-1', 'example_subdag_operator.section-2', 'example_subdag_operator' retrieved from /home/airflow/.local/lib/python3.8/site-packages/airflow/example_dags/example_subdag_operator.py
[2026-05-30T12:49:28.327+0000] {logging_mixin.py:188} INFO - [2026-05-30T12:49:28.327+0000] {dag.py:3047} INFO - Sync 3 DAGs
[2026-05-30T12:49:28.343+0000] {logging_mixin.py:188} INFO - [2026-05-30T12:49:28.343+0000] {dag.py:3834} INFO - Setting next_dagrun for example_subdag_operator to 2022-01-01 00:00:00+00:00, run_after=2022-01-01 00:00:00+00:00
[2026-05-30T12:49:28.347+0000] {logging_mixin.py:188} INFO - [2026-05-30T12:49:28.347+0000] {dag.py:3834} INFO - Setting next_dagrun for example_subdag_operator.section-1 to None, run_after=None
[2026-05-30T12:49:28.348+0000] {logging_mixin.py:188} INFO - [2026-05-30T12:49:28.348+0000] {dag.py:3834} INFO - Setting next_dagrun for example_subdag_operator.section-2 to None, run_after=None
[2026-05-30T12:49:28.354+0000] {logging_mixin.py:188} INFO - [2026-05-30T12:49:28.353+0000] {dag.py:3047} INFO - Sync 2 DAGs
[2026-05-30T12:49:28.358+0000] {logging_mixin.py:188} INFO - [2026-05-30T12:49:28.358+0000] {dag.py:3834} INFO - Setting next_dagrun for example_subdag_operator.section-1 to None, run_after=None
[2026-05-30T12:49:28.359+0000] {logging_mixin.py:188} INFO - [2026-05-30T12:49:28.359+0000] {dag.py:3834} INFO - Setting next_dagrun for example_subdag_operator.section-2 to None, run_after=None
[2026-05-30T12:49:28.375+0000] {processor.py:183} INFO - Processing /home/airflow/.local/lib/python3.8/site-packages/airflow/example_dags/example_subdag_operator.py took 0.087 seconds
[2026-05-30T12:49:59.080+0000] {processor.py:161} INFO - Started process (PID=7816) to work on /home/airflow/.local/lib/python3.8/site-packages/airflow/example_dags/example_subdag_operator.py
[2026-05-30T12:49:59.082+0000] {processor.py:830} INFO - Processing file /home/airflow/.local/lib/python3.8/site-packages/airflow/example_dags/example_subdag_operator.py for tasks to queue
[2026-05-30T12:49:59.084+0000] {logging_mixin.py:188} INFO - [2026-05-30T12:49:59.084+0000] {dagbag.py:540} INFO - Filling up the DagBag from /home/airflow/.local/lib/python3.8/site-packages/airflow/example_dags/example_subdag_operator.py
[2026-05-30T12:49:59.113+0000] {processor.py:840} INFO - DAG(s) 'example_subdag_operator.section-1', 'example_subdag_operator.section-2', 'example_subdag_operator' retrieved from /home/airflow/.local/lib/python3.8/site-packages/airflow/example_dags/example_subdag_operator.py
[2026-05-30T12:49:59.126+0000] {logging_mixin.py:188} INFO - [2026-05-30T12:49:59.126+0000] {dag.py:3047} INFO - Sync 3 DAGs
[2026-05-30T12:49:59.145+0000] {logging_mixin.py:188} INFO - [2026-05-30T12:49:59.145+0000] {dag.py:3834} INFO - Setting next_dagrun for example_subdag_operator to 2022-01-01 00:00:00+00:00, run_after=2022-01-01 00:00:00+00:00
[2026-05-30T12:49:59.149+0000] {logging_mixin.py:188} INFO - [2026-05-30T12:49:59.149+0000] {dag.py:3834} INFO - Setting next_dagrun for example_subdag_operator.section-1 to None, run_after=None
[2026-05-30T12:49:59.151+0000] {logging_mixin.py:188} INFO - [2026-05-30T12:49:59.150+0000] {dag.py:3834} INFO - Setting next_dagrun for example_subdag_operator.section-2 to None, run_after=None
[2026-05-30T12:49:59.157+0000] {logging_mixin.py:188} INFO - [2026-05-30T12:49:59.157+0000] {dag.py:3047} INFO - Sync 2 DAGs
[2026-05-30T12:49:59.162+0000] {logging_mixin.py:188} INFO - [2026-05-30T12:49:59.162+0000] {dag.py:3834} INFO - Setting next_dagrun for example_subdag_operator.section-1 to None, run_after=None
[2026-05-30T12:49:59.163+0000] {logging_mixin.py:188} INFO - [2026-05-30T12:49:59.163+0000] {dag.py:3834} INFO - Setting next_dagrun for example_subdag_operator.section-2 to None, run_after=None
[2026-05-30T12:49:59.181+0000] {processor.py:183} INFO - Processing /home/airflow/.local/lib/python3.8/site-packages/airflow/example_dags/example_subdag_operator.py took 0.105 seconds
[2026-05-30T12:50:29.832+0000] {processor.py:161} INFO - Started process (PID=7872) to work on /home/airflow/.local/lib/python3.8/site-packages/airflow/example_dags/example_subdag_operator.py
[2026-05-30T12:50:29.834+0000] {processor.py:830} INFO - Processing file /home/airflow/.local/lib/python3.8/site-packages/airflow/example_dags/example_subdag_operator.py for tasks to queue
[2026-05-30T12:50:29.836+0000] {logging_mixin.py:188} INFO - [2026-05-30T12:50:29.836+0000] {dagbag.py:540} INFO - Filling up the DagBag from /home/airflow/.local/lib/python3.8/site-packages/airflow/example_dags/example_subdag_operator.py
[2026-05-30T12:50:29.859+0000] {processor.py:840} INFO - DAG(s) 'example_subdag_operator.section-1', 'example_subdag_operator.section-2', 'example_subdag_operator' retrieved from /home/airflow/.local/lib/python3.8/site-packages/airflow/example_dags/example_subdag_operator.py
[2026-05-30T12:50:29.874+0000] {logging_mixin.py:188} INFO - [2026-05-30T12:50:29.874+0000] {dag.py:3047} INFO - Sync 3 DAGs
[2026-05-30T12:50:29.893+0000] {logging_mixin.py:188} INFO - [2026-05-30T12:50:29.893+0000] {dag.py:3834} INFO - Setting next_dagrun for example_subdag_operator to 2022-01-01 00:00:00+00:00, run_after=2022-01-01 00:00:00+00:00
[2026-05-30T12:50:29.897+0000] {logging_mixin.py:188} INFO - [2026-05-30T12:50:29.896+0000] {dag.py:3834} INFO - Setting next_dagrun for example_subdag_operator.section-1 to None, run_after=None
[2026-05-30T12:50:29.898+0000] {logging_mixin.py:188} INFO - [2026-05-30T12:50:29.898+0000] {dag.py:3834} INFO - Setting next_dagrun for example_subdag_operator.section-2 to None, run_after=None
[2026-05-30T12:50:29.912+0000] {logging_mixin.py:188} INFO - [2026-05-30T12:50:29.911+0000] {dag.py:3047} INFO - Sync 2 DAGs
[2026-05-30T12:50:29.920+0000] {logging_mixin.py:188} INFO - [2026-05-30T12:50:29.920+0000] {dag.py:3834} INFO - Setting next_dagrun for example_subdag_operator.section-1 to None, run_after=None
[2026-05-30T12:50:29.921+0000] {logging_mixin.py:188} INFO - [2026-05-30T12:50:29.921+0000] {dag.py:3834} INFO - Setting next_dagrun for example_subdag_operator.section-2 to None, run_after=None
[2026-05-30T12:50:29.934+0000] {processor.py:183} INFO - Processing /home/airflow/.local/lib/python3.8/site-packages/airflow/example_dags/example_subdag_operator.py took 0.104 seconds
[2026-05-30T12:51:00.474+0000] {processor.py:161} INFO - Started process (PID=7928) to work on /home/airflow/.local/lib/python3.8/site-packages/airflow/example_dags/example_subdag_operator.py
[2026-05-30T12:51:00.476+0000] {processor.py:830} INFO - Processing file /home/airflow/.local/lib/python3.8/site-packages/airflow/example_dags/example_subdag_operator.py for tasks to queue
[2026-05-30T12:51:00.478+0000] {logging_mixin.py:188} INFO - [2026-05-30T12:51:00.478+0000] {dagbag.py:540} INFO - Filling up the DagBag from /home/airflow/.local/lib/python3.8/site-packages/airflow/example_dags/example_subdag_operator.py
[2026-05-30T12:51:00.507+0000] {processor.py:840} INFO - DAG(s) 'example_subdag_operator.section-1', 'example_subdag_operator.section-2', 'example_subdag_operator' retrieved from /home/airflow/.local/lib/python3.8/site-packages/airflow/example_dags/example_subdag_operator.py
[2026-05-30T12:51:00.522+0000] {logging_mixin.py:188} INFO - [2026-05-30T12:51:00.522+0000] {dag.py:3047} INFO - Sync 3 DAGs
[2026-05-30T12:51:00.545+0000] {logging_mixin.py:188} INFO - [2026-05-30T12:51:00.544+0000] {dag.py:3834} INFO - Setting next_dagrun for example_subdag_operator to 2022-01-01 00:00:00+00:00, run_after=2022-01-01 00:00:00+00:00
[2026-05-30T12:51:00.550+0000] {logging_mixin.py:188} INFO - [2026-05-30T12:51:00.549+0000] {dag.py:3834} INFO - Setting next_dagrun for example_subdag_operator.section-1 to None, run_after=None
[2026-05-30T12:51:00.552+0000] {logging_mixin.py:188} INFO - [2026-05-30T12:51:00.552+0000] {dag.py:3834} INFO - Setting next_dagrun for example_subdag_operator.section-2 to None, run_after=None
[2026-05-30T12:51:00.560+0000] {logging_mixin.py:188} INFO - [2026-05-30T12:51:00.559+0000] {dag.py:3047} INFO - Sync 2 DAGs
[2026-05-30T12:51:00.566+0000] {logging_mixin.py:188} INFO - [2026-05-30T12:51:00.566+0000] {dag.py:3834} INFO - Setting next_dagrun for example_subdag_operator.section-1 to None, run_after=None
[2026-05-30T12:51:00.568+0000] {logging_mixin.py:188} INFO - [2026-05-30T12:51:00.567+0000] {dag.py:3834} INFO - Setting next_dagrun for example_subdag_operator.section-2 to None, run_after=None
[2026-05-30T12:51:00.586+0000] {processor.py:183} INFO - Processing /home/airflow/.local/lib/python3.8/site-packages/airflow/example_dags/example_subdag_operator.py took 0.115 seconds
[2026-05-30T12:51:31.138+0000] {processor.py:161} INFO - Started process (PID=7984) to work on /home/airflow/.local/lib/python3.8/site-packages/airflow/example_dags/example_subdag_operator.py
[2026-05-30T12:51:31.140+0000] {processor.py:830} INFO - Processing file /home/airflow/.local/lib/python3.8/site-packages/airflow/example_dags/example_subdag_operator.py for tasks to queue
[2026-05-30T12:51:31.142+0000] {logging_mixin.py:188} INFO - [2026-05-30T12:51:31.142+0000] {dagbag.py:540} INFO - Filling up the DagBag from /home/airflow/.local/lib/python3.8/site-packages/airflow/example_dags/example_subdag_operator.py
[2026-05-30T12:51:31.166+0000] {processor.py:840} INFO - DAG(s) 'example_subdag_operator.section-1', 'example_subdag_operator.section-2', 'example_subdag_operator' retrieved from /home/airflow/.local/lib/python3.8/site-packages/airflow/example_dags/example_subdag_operator.py
[2026-05-30T12:51:31.179+0000] {logging_mixin.py:188} INFO - [2026-05-30T12:51:31.179+0000] {dag.py:3047} INFO - Sync 3 DAGs
[2026-05-30T12:51:31.197+0000] {logging_mixin.py:188} INFO - [2026-05-30T12:51:31.197+0000] {dag.py:3834} INFO - Setting next_dagrun for example_subdag_operator to 2022-01-01 00:00:00+00:00, run_after=2022-01-01 00:00:00+00:00
[2026-05-30T12:51:31.200+0000] {logging_mixin.py:188} INFO - [2026-05-30T12:51:31.200+0000] {dag.py:3834} INFO - Setting next_dagrun for example_subdag_operator.section-1 to None, run_after=None
[2026-05-30T12:51:31.201+0000] {logging_mixin.py:188} INFO - [2026-05-30T12:51:31.201+0000] {dag.py:3834} INFO - Setting next_dagrun for example_subdag_operator.section-2 to None, run_after=None
[2026-05-30T12:51:31.207+0000] {logging_mixin.py:188} INFO - [2026-05-30T12:51:31.207+0000] {dag.py:3047} INFO - Sync 2 DAGs
[2026-05-30T12:51:31.212+0000] {logging_mixin.py:188} INFO - [2026-05-30T12:51:31.212+0000] {dag.py:3834} INFO - Setting next_dagrun for example_subdag_operator.section-1 to None, run_after=None
[2026-05-30T12:51:31.213+0000] {logging_mixin.py:188} INFO - [2026-05-30T12:51:31.213+0000] {dag.py:3834} INFO - Setting next_dagrun for example_subdag_operator.section-2 to None, run_after=None
[2026-05-30T12:51:31.227+0000] {processor.py:183} INFO - Processing /home/airflow/.local/lib/python3.8/site-packages/airflow/example_dags/example_subdag_operator.py took 0.092 seconds
[2026-05-30T12:52:01.948+0000] {processor.py:161} INFO - Started process (PID=8040) to work on /home/airflow/.local/lib/python3.8/site-packages/airflow/example_dags/example_subdag_operator.py
[2026-05-30T12:52:01.950+0000] {processor.py:830} INFO - Processing file /home/airflow/.local/lib/python3.8/site-packages/airflow/example_dags/example_subdag_operator.py for tasks to queue
[2026-05-30T12:52:01.952+0000] {logging_mixin.py:188} INFO - [2026-05-30T12:52:01.951+0000] {dagbag.py:540} INFO - Filling up the DagBag from /home/airflow/.local/lib/python3.8/site-packages/airflow/example_dags/example_subdag_operator.py
[2026-05-30T12:52:01.974+0000] {processor.py:840} INFO - DAG(s) 'example_subdag_operator.section-1', 'example_subdag_operator.section-2', 'example_subdag_operator' retrieved from /home/airflow/.local/lib/python3.8/site-packages/airflow/example_dags/example_subdag_operator.py
[2026-05-30T12:52:01.987+0000] {logging_mixin.py:188} INFO - [2026-05-30T12:52:01.986+0000] {dag.py:3047} INFO - Sync 3 DAGs
[2026-05-30T12:52:02.007+0000] {logging_mixin.py:188} INFO - [2026-05-30T12:52:02.006+0000] {dag.py:3834} INFO - Setting next_dagrun for example_subdag_operator to 2022-01-01 00:00:00+00:00, run_after=2022-01-01 00:00:00+00:00
[2026-05-30T12:52:02.010+0000] {logging_mixin.py:188} INFO - [2026-05-30T12:52:02.010+0000] {dag.py:3834} INFO - Setting next_dagrun for example_subdag_operator.section-1 to None, run_after=None
[2026-05-30T12:52:02.012+0000] {logging_mixin.py:188} INFO - [2026-05-30T12:52:02.012+0000] {dag.py:3834} INFO - Setting next_dagrun for example_subdag_operator.section-2 to None, run_after=None
[2026-05-30T12:52:02.018+0000] {logging_mixin.py:188} INFO - [2026-05-30T12:52:02.018+0000] {dag.py:3047} INFO - Sync 2 DAGs
[2026-05-30T12:52:02.025+0000] {logging_mixin.py:188} INFO - [2026-05-30T12:52:02.025+0000] {dag.py:3834} INFO - Setting next_dagrun for example_subdag_operator.section-1 to None, run_after=None
[2026-05-30T12:52:02.026+0000] {logging_mixin.py:188} INFO - [2026-05-30T12:52:02.026+0000] {dag.py:3834} INFO - Setting next_dagrun for example_subdag_operator.section-2 to None, run_after=None
[2026-05-30T12:52:02.039+0000] {processor.py:183} INFO - Processing /home/airflow/.local/lib/python3.8/site-packages/airflow/example_dags/example_subdag_operator.py took 0.093 seconds
[2026-05-30T12:52:32.808+0000] {processor.py:161} INFO - Started process (PID=8096) to work on /home/airflow/.local/lib/python3.8/site-packages/airflow/example_dags/example_subdag_operator.py
[2026-05-30T12:52:32.809+0000] {processor.py:830} INFO - Processing file /home/airflow/.local/lib/python3.8/site-packages/airflow/example_dags/example_subdag_operator.py for tasks to queue
[2026-05-30T12:52:32.812+0000] {logging_mixin.py:188} INFO - [2026-05-30T12:52:32.811+0000] {dagbag.py:540} INFO - Filling up the DagBag from /home/airflow/.local/lib/python3.8/site-packages/airflow/example_dags/example_subdag_operator.py
[2026-05-30T12:52:32.835+0000] {processor.py:840} INFO - DAG(s) 'example_subdag_operator.section-1', 'example_subdag_operator.section-2', 'example_subdag_operator' retrieved from /home/airflow/.local/lib/python3.8/site-packages/airflow/example_dags/example_subdag_operator.py
[2026-05-30T12:52:32.849+0000] {logging_mixin.py:188} INFO - [2026-05-30T12:52:32.849+0000] {dag.py:3047} INFO - Sync 3 DAGs
[2026-05-30T12:52:32.869+0000] {logging_mixin.py:188} INFO - [2026-05-30T12:52:32.869+0000] {dag.py:3834} INFO - Setting next_dagrun for example_subdag_operator to 2022-01-01 00:00:00+00:00, run_after=2022-01-01 00:00:00+00:00
[2026-05-30T12:52:32.873+0000] {logging_mixin.py:188} INFO - [2026-05-30T12:52:32.873+0000] {dag.py:3834} INFO - Setting next_dagrun for example_subdag_operator.section-1 to None, run_after=None
[2026-05-30T12:52:32.875+0000] {logging_mixin.py:188} INFO - [2026-05-30T12:52:32.875+0000] {dag.py:3834} INFO - Setting next_dagrun for example_subdag_operator.section-2 to None, run_after=None
[2026-05-30T12:52:32.881+0000] {logging_mixin.py:188} INFO - [2026-05-30T12:52:32.881+0000] {dag.py:3047} INFO - Sync 2 DAGs
[2026-05-30T12:52:32.887+0000] {logging_mixin.py:188} INFO - [2026-05-30T12:52:32.887+0000] {dag.py:3834} INFO - Setting next_dagrun for example_subdag_operator.section-1 to None, run_after=None
[2026-05-30T12:52:32.888+0000] {logging_mixin.py:188} INFO - [2026-05-30T12:52:32.888+0000] {dag.py:3834} INFO - Setting next_dagrun for example_subdag_operator.section-2 to None, run_after=None
[2026-05-30T12:52:32.901+0000] {processor.py:183} INFO - Processing /home/airflow/.local/lib/python3.8/site-packages/airflow/example_dags/example_subdag_operator.py took 0.096 seconds
[2026-05-30T12:53:03.562+0000] {processor.py:161} INFO - Started process (PID=8152) to work on /home/airflow/.local/lib/python3.8/site-packages/airflow/example_dags/example_subdag_operator.py
[2026-05-30T12:53:03.564+0000] {processor.py:830} INFO - Processing file /home/airflow/.local/lib/python3.8/site-packages/airflow/example_dags/example_subdag_operator.py for tasks to queue
[2026-05-30T12:53:03.566+0000] {logging_mixin.py:188} INFO - [2026-05-30T12:53:03.566+0000] {dagbag.py:540} INFO - Filling up the DagBag from /home/airflow/.local/lib/python3.8/site-packages/airflow/example_dags/example_subdag_operator.py
[2026-05-30T12:53:03.587+0000] {processor.py:840} INFO - DAG(s) 'example_subdag_operator.section-1', 'example_subdag_operator.section-2', 'example_subdag_operator' retrieved from /home/airflow/.local/lib/python3.8/site-packages/airflow/example_dags/example_subdag_operator.py
[2026-05-30T12:53:03.601+0000] {logging_mixin.py:188} INFO - [2026-05-30T12:53:03.601+0000] {dag.py:3047} INFO - Sync 3 DAGs
[2026-05-30T12:53:03.621+0000] {logging_mixin.py:188} INFO - [2026-05-30T12:53:03.620+0000] {dag.py:3834} INFO - Setting next_dagrun for example_subdag_operator to 2022-01-01 00:00:00+00:00, run_after=2022-01-01 00:00:00+00:00
[2026-05-30T12:53:03.624+0000] {logging_mixin.py:188} INFO - [2026-05-30T12:53:03.624+0000] {dag.py:3834} INFO - Setting next_dagrun for example_subdag_operator.section-1 to None, run_after=None
[2026-05-30T12:53:03.626+0000] {logging_mixin.py:188} INFO - [2026-05-30T12:53:03.626+0000] {dag.py:3834} INFO - Setting next_dagrun for example_subdag_operator.section-2 to None, run_after=None
[2026-05-30T12:53:03.632+0000] {logging_mixin.py:188} INFO - [2026-05-30T12:53:03.632+0000] {dag.py:3047} INFO - Sync 2 DAGs
[2026-05-30T12:53:03.636+0000] {logging_mixin.py:188} INFO - [2026-05-30T12:53:03.636+0000] {dag.py:3834} INFO - Setting next_dagrun for example_subdag_operator.section-1 to None, run_after=None
[2026-05-30T12:53:03.637+0000] {logging_mixin.py:188} INFO - [2026-05-30T12:53:03.637+0000] {dag.py:3834} INFO - Setting next_dagrun for example_subdag_operator.section-2 to None, run_after=None
[2026-05-30T12:53:03.647+0000] {processor.py:183} INFO - Processing /home/airflow/.local/lib/python3.8/site-packages/airflow/example_dags/example_subdag_operator.py took 0.088 seconds
[2026-05-30T12:53:34.328+0000] {processor.py:161} INFO - Started process (PID=8208) to work on /home/airflow/.local/lib/python3.8/site-packages/airflow/example_dags/example_subdag_operator.py
[2026-05-30T12:53:34.329+0000] {processor.py:830} INFO - Processing file /home/airflow/.local/lib/python3.8/site-packages/airflow/example_dags/example_subdag_operator.py for tasks to queue
[2026-05-30T12:53:34.332+0000] {logging_mixin.py:188} INFO - [2026-05-30T12:53:34.331+0000] {dagbag.py:540} INFO - Filling up the DagBag from /home/airflow/.local/lib/python3.8/site-packages/airflow/example_dags/example_subdag_operator.py
[2026-05-30T12:53:34.361+0000] {processor.py:840} INFO - DAG(s) 'example_subdag_operator.section-1', 'example_subdag_operator.section-2', 'example_subdag_operator' retrieved from /home/airflow/.local/lib/python3.8/site-packages/airflow/example_dags/example_subdag_operator.py
[2026-05-30T12:53:34.373+0000] {logging_mixin.py:188} INFO - [2026-05-30T12:53:34.373+0000] {dag.py:3047} INFO - Sync 3 DAGs
[2026-05-30T12:53:34.391+0000] {logging_mixin.py:188} INFO - [2026-05-30T12:53:34.390+0000] {dag.py:3834} INFO - Setting next_dagrun for example_subdag_operator to 2022-01-01 00:00:00+00:00, run_after=2022-01-01 00:00:00+00:00
[2026-05-30T12:53:34.395+0000] {logging_mixin.py:188} INFO - [2026-05-30T12:53:34.395+0000] {dag.py:3834} INFO - Setting next_dagrun for example_subdag_operator.section-1 to None, run_after=None
[2026-05-30T12:53:34.398+0000] {logging_mixin.py:188} INFO - [2026-05-30T12:53:34.397+0000] {dag.py:3834} INFO - Setting next_dagrun for example_subdag_operator.section-2 to None, run_after=None
[2026-05-30T12:53:34.405+0000] {logging_mixin.py:188} INFO - [2026-05-30T12:53:34.404+0000] {dag.py:3047} INFO - Sync 2 DAGs
[2026-05-30T12:53:34.411+0000] {logging_mixin.py:188} INFO - [2026-05-30T12:53:34.411+0000] {dag.py:3834} INFO - Setting next_dagrun for example_subdag_operator.section-1 to None, run_after=None
[2026-05-30T12:53:34.412+0000] {logging_mixin.py:188} INFO - [2026-05-30T12:53:34.412+0000] {dag.py:3834} INFO - Setting next_dagrun for example_subdag_operator.section-2 to None, run_after=None
[2026-05-30T12:53:34.424+0000] {processor.py:183} INFO - Processing /home/airflow/.local/lib/python3.8/site-packages/airflow/example_dags/example_subdag_operator.py took 0.099 seconds
[2026-05-30T12:54:05.063+0000] {processor.py:161} INFO - Started process (PID=8264) to work on /home/airflow/.local/lib/python3.8/site-packages/airflow/example_dags/example_subdag_operator.py
[2026-05-30T12:54:05.064+0000] {processor.py:830} INFO - Processing file /home/airflow/.local/lib/python3.8/site-packages/airflow/example_dags/example_subdag_operator.py for tasks to queue
[2026-05-30T12:54:05.066+0000] {logging_mixin.py:188} INFO - [2026-05-30T12:54:05.065+0000] {dagbag.py:540} INFO - Filling up the DagBag from /home/airflow/.local/lib/python3.8/site-packages/airflow/example_dags/example_subdag_operator.py
[2026-05-30T12:54:05.086+0000] {processor.py:840} INFO - DAG(s) 'example_subdag_operator.section-1', 'example_subdag_operator.section-2', 'example_subdag_operator' retrieved from /home/airflow/.local/lib/python3.8/site-packages/airflow/example_dags/example_subdag_operator.py
[2026-05-30T12:54:05.098+0000] {logging_mixin.py:188} INFO - [2026-05-30T12:54:05.098+0000] {dag.py:3047} INFO - Sync 3 DAGs
[2026-05-30T12:54:05.114+0000] {logging_mixin.py:188} INFO - [2026-05-30T12:54:05.114+0000] {dag.py:3834} INFO - Setting next_dagrun for example_subdag_operator to 2022-01-01 00:00:00+00:00, run_after=2022-01-01 00:00:00+00:00
[2026-05-30T12:54:05.118+0000] {logging_mixin.py:188} INFO - [2026-05-30T12:54:05.118+0000] {dag.py:3834} INFO - Setting next_dagrun for example_subdag_operator.section-1 to None, run_after=None
[2026-05-30T12:54:05.119+0000] {logging_mixin.py:188} INFO - [2026-05-30T12:54:05.119+0000] {dag.py:3834} INFO - Setting next_dagrun for example_subdag_operator.section-2 to None, run_after=None
[2026-05-30T12:54:05.127+0000] {logging_mixin.py:188} INFO - [2026-05-30T12:54:05.126+0000] {dag.py:3047} INFO - Sync 2 DAGs
[2026-05-30T12:54:05.131+0000] {logging_mixin.py:188} INFO - [2026-05-30T12:54:05.131+0000] {dag.py:3834} INFO - Setting next_dagrun for example_subdag_operator.section-1 to None, run_after=None
[2026-05-30T12:54:05.132+0000] {logging_mixin.py:188} INFO - [2026-05-30T12:54:05.132+0000] {dag.py:3834} INFO - Setting next_dagrun for example_subdag_operator.section-2 to None, run_after=None
[2026-05-30T12:54:05.146+0000] {processor.py:183} INFO - Processing /home/airflow/.local/lib/python3.8/site-packages/airflow/example_dags/example_subdag_operator.py took 0.086 seconds
[2026-05-30T12:54:35.922+0000] {processor.py:161} INFO - Started process (PID=8320) to work on /home/airflow/.local/lib/python3.8/site-packages/airflow/example_dags/example_subdag_operator.py
[2026-05-30T12:54:35.923+0000] {processor.py:830} INFO - Processing file /home/airflow/.local/lib/python3.8/site-packages/airflow/example_dags/example_subdag_operator.py for tasks to queue
[2026-05-30T12:54:35.925+0000] {logging_mixin.py:188} INFO - [2026-05-30T12:54:35.925+0000] {dagbag.py:540} INFO - Filling up the DagBag from /home/airflow/.local/lib/python3.8/site-packages/airflow/example_dags/example_subdag_operator.py
[2026-05-30T12:54:35.945+0000] {processor.py:840} INFO - DAG(s) 'example_subdag_operator.section-1', 'example_subdag_operator.section-2', 'example_subdag_operator' retrieved from /home/airflow/.local/lib/python3.8/site-packages/airflow/example_dags/example_subdag_operator.py
[2026-05-30T12:54:35.957+0000] {logging_mixin.py:188} INFO - [2026-05-30T12:54:35.957+0000] {dag.py:3047} INFO - Sync 3 DAGs
[2026-05-30T12:54:35.974+0000] {logging_mixin.py:188} INFO - [2026-05-30T12:54:35.974+0000] {dag.py:3834} INFO - Setting next_dagrun for example_subdag_operator to 2022-01-01 00:00:00+00:00, run_after=2022-01-01 00:00:00+00:00
[2026-05-30T12:54:35.978+0000] {logging_mixin.py:188} INFO - [2026-05-30T12:54:35.978+0000] {dag.py:3834} INFO - Setting next_dagrun for example_subdag_operator.section-1 to None, run_after=None
[2026-05-30T12:54:35.980+0000] {logging_mixin.py:188} INFO - [2026-05-30T12:54:35.980+0000] {dag.py:3834} INFO - Setting next_dagrun for example_subdag_operator.section-2 to None, run_after=None
[2026-05-30T12:54:35.986+0000] {logging_mixin.py:188} INFO - [2026-05-30T12:54:35.986+0000] {dag.py:3047} INFO - Sync 2 DAGs
[2026-05-30T12:54:35.992+0000] {logging_mixin.py:188} INFO - [2026-05-30T12:54:35.992+0000] {dag.py:3834} INFO - Setting next_dagrun for example_subdag_operator.section-1 to None, run_after=None
[2026-05-30T12:54:35.993+0000] {logging_mixin.py:188} INFO - [2026-05-30T12:54:35.993+0000] {dag.py:3834} INFO - Setting next_dagrun for example_subdag_operator.section-2 to None, run_after=None
[2026-05-30T12:54:36.004+0000] {processor.py:183} INFO - Processing /home/airflow/.local/lib/python3.8/site-packages/airflow/example_dags/example_subdag_operator.py took 0.085 seconds
[2026-05-30T12:55:06.662+0000] {processor.py:161} INFO - Started process (PID=8376) to work on /home/airflow/.local/lib/python3.8/site-packages/airflow/example_dags/example_subdag_operator.py
[2026-05-30T12:55:06.663+0000] {processor.py:830} INFO - Processing file /home/airflow/.local/lib/python3.8/site-packages/airflow/example_dags/example_subdag_operator.py for tasks to queue
[2026-05-30T12:55:06.666+0000] {logging_mixin.py:188} INFO - [2026-05-30T12:55:06.665+0000] {dagbag.py:540} INFO - Filling up the DagBag from /home/airflow/.local/lib/python3.8/site-packages/airflow/example_dags/example_subdag_operator.py
[2026-05-30T12:55:06.686+0000] {processor.py:840} INFO - DAG(s) 'example_subdag_operator.section-1', 'example_subdag_operator.section-2', 'example_subdag_operator' retrieved from /home/airflow/.local/lib/python3.8/site-packages/airflow/example_dags/example_subdag_operator.py
[2026-05-30T12:55:06.697+0000] {logging_mixin.py:188} INFO - [2026-05-30T12:55:06.697+0000] {dag.py:3047} INFO - Sync 3 DAGs
[2026-05-30T12:55:06.713+0000] {logging_mixin.py:188} INFO - [2026-05-30T12:55:06.713+0000] {dag.py:3834} INFO - Setting next_dagrun for example_subdag_operator to 2022-01-01 00:00:00+00:00, run_after=2022-01-01 00:00:00+00:00
[2026-05-30T12:55:06.717+0000] {logging_mixin.py:188} INFO - [2026-05-30T12:55:06.717+0000] {dag.py:3834} INFO - Setting next_dagrun for example_subdag_operator.section-1 to None, run_after=None
[2026-05-30T12:55:06.719+0000] {logging_mixin.py:188} INFO - [2026-05-30T12:55:06.718+0000] {dag.py:3834} INFO - Setting next_dagrun for example_subdag_operator.section-2 to None, run_after=None
[2026-05-30T12:55:06.724+0000] {logging_mixin.py:188} INFO - [2026-05-30T12:55:06.724+0000] {dag.py:3047} INFO - Sync 2 DAGs
[2026-05-30T12:55:06.728+0000] {logging_mixin.py:188} INFO - [2026-05-30T12:55:06.728+0000] {dag.py:3834} INFO - Setting next_dagrun for example_subdag_operator.section-1 to None, run_after=None
[2026-05-30T12:55:06.729+0000] {logging_mixin.py:188} INFO - [2026-05-30T12:55:06.729+0000] {dag.py:3834} INFO - Setting next_dagrun for example_subdag_operator.section-2 to None, run_after=None
[2026-05-30T12:55:06.739+0000] {processor.py:183} INFO - Processing /home/airflow/.local/lib/python3.8/site-packages/airflow/example_dags/example_subdag_operator.py took 0.080 seconds
[2026-05-30T12:55:37.458+0000] {processor.py:161} INFO - Started process (PID=8431) to work on /home/airflow/.local/lib/python3.8/site-packages/airflow/example_dags/example_subdag_operator.py
[2026-05-30T12:55:37.460+0000] {processor.py:830} INFO - Processing file /home/airflow/.local/lib/python3.8/site-packages/airflow/example_dags/example_subdag_operator.py for tasks to queue
[2026-05-30T12:55:37.462+0000] {logging_mixin.py:188} INFO - [2026-05-30T12:55:37.462+0000] {dagbag.py:540} INFO - Filling up the DagBag from /home/airflow/.local/lib/python3.8/site-packages/airflow/example_dags/example_subdag_operator.py
[2026-05-30T12:55:37.484+0000] {processor.py:840} INFO - DAG(s) 'example_subdag_operator.section-1', 'example_subdag_operator.section-2', 'example_subdag_operator' retrieved from /home/airflow/.local/lib/python3.8/site-packages/airflow/example_dags/example_subdag_operator.py
[2026-05-30T12:55:37.497+0000] {logging_mixin.py:188} INFO - [2026-05-30T12:55:37.497+0000] {dag.py:3047} INFO - Sync 3 DAGs
[2026-05-30T12:55:37.514+0000] {logging_mixin.py:188} INFO - [2026-05-30T12:55:37.513+0000] {dag.py:3834} INFO - Setting next_dagrun for example_subdag_operator to 2022-01-01 00:00:00+00:00, run_after=2022-01-01 00:00:00+00:00
[2026-05-30T12:55:37.517+0000] {logging_mixin.py:188} INFO - [2026-05-30T12:55:37.517+0000] {dag.py:3834} INFO - Setting next_dagrun for example_subdag_operator.section-1 to None, run_after=None
[2026-05-30T12:55:37.518+0000] {logging_mixin.py:188} INFO - [2026-05-30T12:55:37.518+0000] {dag.py:3834} INFO - Setting next_dagrun for example_subdag_operator.section-2 to None, run_after=None
[2026-05-30T12:55:37.524+0000] {logging_mixin.py:188} INFO - [2026-05-30T12:55:37.524+0000] {dag.py:3047} INFO - Sync 2 DAGs
[2026-05-30T12:55:37.529+0000] {logging_mixin.py:188} INFO - [2026-05-30T12:55:37.528+0000] {dag.py:3834} INFO - Setting next_dagrun for example_subdag_operator.section-1 to None, run_after=None
[2026-05-30T12:55:37.530+0000] {logging_mixin.py:188} INFO - [2026-05-30T12:55:37.529+0000] {dag.py:3834} INFO - Setting next_dagrun for example_subdag_operator.section-2 to None, run_after=None
[2026-05-30T12:55:37.542+0000] {processor.py:183} INFO - Processing /home/airflow/.local/lib/python3.8/site-packages/airflow/example_dags/example_subdag_operator.py took 0.087 seconds
[2026-05-30T12:56:07.957+0000] {processor.py:161} INFO - Started process (PID=8487) to work on /home/airflow/.local/lib/python3.8/site-packages/airflow/example_dags/example_subdag_operator.py
[2026-05-30T12:56:07.959+0000] {processor.py:830} INFO - Processing file /home/airflow/.local/lib/python3.8/site-packages/airflow/example_dags/example_subdag_operator.py for tasks to queue
[2026-05-30T12:56:07.961+0000] {logging_mixin.py:188} INFO - [2026-05-30T12:56:07.960+0000] {dagbag.py:540} INFO - Filling up the DagBag from /home/airflow/.local/lib/python3.8/site-packages/airflow/example_dags/example_subdag_operator.py
[2026-05-30T12:56:07.982+0000] {processor.py:840} INFO - DAG(s) 'example_subdag_operator.section-1', 'example_subdag_operator.section-2', 'example_subdag_operator' retrieved from /home/airflow/.local/lib/python3.8/site-packages/airflow/example_dags/example_subdag_operator.py
[2026-05-30T12:56:07.994+0000] {logging_mixin.py:188} INFO - [2026-05-30T12:56:07.994+0000] {dag.py:3047} INFO - Sync 3 DAGs
[2026-05-30T12:56:08.011+0000] {logging_mixin.py:188} INFO - [2026-05-30T12:56:08.011+0000] {dag.py:3834} INFO - Setting next_dagrun for example_subdag_operator to 2022-01-01 00:00:00+00:00, run_after=2022-01-01 00:00:00+00:00
[2026-05-30T12:56:08.014+0000] {logging_mixin.py:188} INFO - [2026-05-30T12:56:08.014+0000] {dag.py:3834} INFO - Setting next_dagrun for example_subdag_operator.section-1 to None, run_after=None
[2026-05-30T12:56:08.016+0000] {logging_mixin.py:188} INFO - [2026-05-30T12:56:08.015+0000] {dag.py:3834} INFO - Setting next_dagrun for example_subdag_operator.section-2 to None, run_after=None
[2026-05-30T12:56:08.021+0000] {logging_mixin.py:188} INFO - [2026-05-30T12:56:08.021+0000] {dag.py:3047} INFO - Sync 2 DAGs
[2026-05-30T12:56:08.026+0000] {logging_mixin.py:188} INFO - [2026-05-30T12:56:08.026+0000] {dag.py:3834} INFO - Setting next_dagrun for example_subdag_operator.section-1 to None, run_after=None
[2026-05-30T12:56:08.027+0000] {logging_mixin.py:188} INFO - [2026-05-30T12:56:08.027+0000] {dag.py:3834} INFO - Setting next_dagrun for example_subdag_operator.section-2 to None, run_after=None
[2026-05-30T12:56:08.038+0000] {processor.py:183} INFO - Processing /home/airflow/.local/lib/python3.8/site-packages/airflow/example_dags/example_subdag_operator.py took 0.084 seconds
[2026-05-30T12:56:38.703+0000] {processor.py:161} INFO - Started process (PID=8549) to work on /home/airflow/.local/lib/python3.8/site-packages/airflow/example_dags/example_subdag_operator.py
[2026-05-30T12:56:38.704+0000] {processor.py:830} INFO - Processing file /home/airflow/.local/lib/python3.8/site-packages/airflow/example_dags/example_subdag_operator.py for tasks to queue
[2026-05-30T12:56:38.707+0000] {logging_mixin.py:188} INFO - [2026-05-30T12:56:38.706+0000] {dagbag.py:540} INFO - Filling up the DagBag from /home/airflow/.local/lib/python3.8/site-packages/airflow/example_dags/example_subdag_operator.py
[2026-05-30T12:56:38.733+0000] {processor.py:840} INFO - DAG(s) 'example_subdag_operator.section-1', 'example_subdag_operator.section-2', 'example_subdag_operator' retrieved from /home/airflow/.local/lib/python3.8/site-packages/airflow/example_dags/example_subdag_operator.py
[2026-05-30T12:56:38.748+0000] {logging_mixin.py:188} INFO - [2026-05-30T12:56:38.747+0000] {dag.py:3047} INFO - Sync 3 DAGs
[2026-05-30T12:56:38.771+0000] {logging_mixin.py:188} INFO - [2026-05-30T12:56:38.770+0000] {dag.py:3834} INFO - Setting next_dagrun for example_subdag_operator to 2022-01-01 00:00:00+00:00, run_after=2022-01-01 00:00:00+00:00
[2026-05-30T12:56:38.775+0000] {logging_mixin.py:188} INFO - [2026-05-30T12:56:38.775+0000] {dag.py:3834} INFO - Setting next_dagrun for example_subdag_operator.section-1 to None, run_after=None
[2026-05-30T12:56:38.777+0000] {logging_mixin.py:188} INFO - [2026-05-30T12:56:38.777+0000] {dag.py:3834} INFO - Setting next_dagrun for example_subdag_operator.section-2 to None, run_after=None
[2026-05-30T12:56:38.785+0000] {logging_mixin.py:188} INFO - [2026-05-30T12:56:38.785+0000] {dag.py:3047} INFO - Sync 2 DAGs
[2026-05-30T12:56:38.794+0000] {logging_mixin.py:188} INFO - [2026-05-30T12:56:38.793+0000] {dag.py:3834} INFO - Setting next_dagrun for example_subdag_operator.section-1 to None, run_after=None
[2026-05-30T12:56:38.795+0000] {logging_mixin.py:188} INFO - [2026-05-30T12:56:38.795+0000] {dag.py:3834} INFO - Setting next_dagrun for example_subdag_operator.section-2 to None, run_after=None
[2026-05-30T12:56:38.812+0000] {processor.py:183} INFO - Processing /home/airflow/.local/lib/python3.8/site-packages/airflow/example_dags/example_subdag_operator.py took 0.112 seconds
[2026-05-30T12:57:09.330+0000] {processor.py:161} INFO - Started process (PID=8605) to work on /home/airflow/.local/lib/python3.8/site-packages/airflow/example_dags/example_subdag_operator.py
[2026-05-30T12:57:09.331+0000] {processor.py:830} INFO - Processing file /home/airflow/.local/lib/python3.8/site-packages/airflow/example_dags/example_subdag_operator.py for tasks to queue
[2026-05-30T12:57:09.334+0000] {logging_mixin.py:188} INFO - [2026-05-30T12:57:09.334+0000] {dagbag.py:540} INFO - Filling up the DagBag from /home/airflow/.local/lib/python3.8/site-packages/airflow/example_dags/example_subdag_operator.py
[2026-05-30T12:57:09.361+0000] {processor.py:840} INFO - DAG(s) 'example_subdag_operator.section-1', 'example_subdag_operator.section-2', 'example_subdag_operator' retrieved from /home/airflow/.local/lib/python3.8/site-packages/airflow/example_dags/example_subdag_operator.py
[2026-05-30T12:57:09.377+0000] {logging_mixin.py:188} INFO - [2026-05-30T12:57:09.376+0000] {dag.py:3047} INFO - Sync 3 DAGs
[2026-05-30T12:57:09.402+0000] {logging_mixin.py:188} INFO - [2026-05-30T12:57:09.402+0000] {dag.py:3834} INFO - Setting next_dagrun for example_subdag_operator to 2022-01-01 00:00:00+00:00, run_after=2022-01-01 00:00:00+00:00
[2026-05-30T12:57:09.407+0000] {logging_mixin.py:188} INFO - [2026-05-30T12:57:09.407+0000] {dag.py:3834} INFO - Setting next_dagrun for example_subdag_operator.section-1 to None, run_after=None
[2026-05-30T12:57:09.411+0000] {logging_mixin.py:188} INFO - [2026-05-30T12:57:09.410+0000] {dag.py:3834} INFO - Setting next_dagrun for example_subdag_operator.section-2 to None, run_after=None
[2026-05-30T12:57:09.424+0000] {logging_mixin.py:188} INFO - [2026-05-30T12:57:09.424+0000] {dag.py:3047} INFO - Sync 2 DAGs
[2026-05-30T12:57:09.431+0000] {logging_mixin.py:188} INFO - [2026-05-30T12:57:09.431+0000] {dag.py:3834} INFO - Setting next_dagrun for example_subdag_operator.section-1 to None, run_after=None
[2026-05-30T12:57:09.432+0000] {logging_mixin.py:188} INFO - [2026-05-30T12:57:09.432+0000] {dag.py:3834} INFO - Setting next_dagrun for example_subdag_operator.section-2 to None, run_after=None
[2026-05-30T12:57:09.447+0000] {processor.py:183} INFO - Processing /home/airflow/.local/lib/python3.8/site-packages/airflow/example_dags/example_subdag_operator.py took 0.121 seconds
[2026-05-30T12:57:39.862+0000] {processor.py:161} INFO - Started process (PID=8661) to work on /home/airflow/.local/lib/python3.8/site-packages/airflow/example_dags/example_subdag_operator.py
[2026-05-30T12:57:39.864+0000] {processor.py:830} INFO - Processing file /home/airflow/.local/lib/python3.8/site-packages/airflow/example_dags/example_subdag_operator.py for tasks to queue
[2026-05-30T12:57:39.867+0000] {logging_mixin.py:188} INFO - [2026-05-30T12:57:39.866+0000] {dagbag.py:540} INFO - Filling up the DagBag from /home/airflow/.local/lib/python3.8/site-packages/airflow/example_dags/example_subdag_operator.py
[2026-05-30T12:57:39.890+0000] {processor.py:840} INFO - DAG(s) 'example_subdag_operator.section-1', 'example_subdag_operator.section-2', 'example_subdag_operator' retrieved from /home/airflow/.local/lib/python3.8/site-packages/airflow/example_dags/example_subdag_operator.py
[2026-05-30T12:57:39.904+0000] {logging_mixin.py:188} INFO - [2026-05-30T12:57:39.904+0000] {dag.py:3047} INFO - Sync 3 DAGs
[2026-05-30T12:57:39.923+0000] {logging_mixin.py:188} INFO - [2026-05-30T12:57:39.922+0000] {dag.py:3834} INFO - Setting next_dagrun for example_subdag_operator to 2022-01-01 00:00:00+00:00, run_after=2022-01-01 00:00:00+00:00
[2026-05-30T12:57:39.927+0000] {logging_mixin.py:188} INFO - [2026-05-30T12:57:39.926+0000] {dag.py:3834} INFO - Setting next_dagrun for example_subdag_operator.section-1 to None, run_after=None
[2026-05-30T12:57:39.929+0000] {logging_mixin.py:188} INFO - [2026-05-30T12:57:39.928+0000] {dag.py:3834} INFO - Setting next_dagrun for example_subdag_operator.section-2 to None, run_after=None
[2026-05-30T12:57:39.935+0000] {logging_mixin.py:188} INFO - [2026-05-30T12:57:39.935+0000] {dag.py:3047} INFO - Sync 2 DAGs
[2026-05-30T12:57:39.940+0000] {logging_mixin.py:188} INFO - [2026-05-30T12:57:39.940+0000] {dag.py:3834} INFO - Setting next_dagrun for example_subdag_operator.section-1 to None, run_after=None
[2026-05-30T12:57:39.941+0000] {logging_mixin.py:188} INFO - [2026-05-30T12:57:39.940+0000] {dag.py:3834} INFO - Setting next_dagrun for example_subdag_operator.section-2 to None, run_after=None
[2026-05-30T12:57:39.953+0000] {processor.py:183} INFO - Processing /home/airflow/.local/lib/python3.8/site-packages/airflow/example_dags/example_subdag_operator.py took 0.094 seconds
[2026-05-30T12:58:10.638+0000] {processor.py:161} INFO - Started process (PID=8717) to work on /home/airflow/.local/lib/python3.8/site-packages/airflow/example_dags/example_subdag_operator.py
[2026-05-30T12:58:10.639+0000] {processor.py:830} INFO - Processing file /home/airflow/.local/lib/python3.8/site-packages/airflow/example_dags/example_subdag_operator.py for tasks to queue
[2026-05-30T12:58:10.641+0000] {logging_mixin.py:188} INFO - [2026-05-30T12:58:10.641+0000] {dagbag.py:540} INFO - Filling up the DagBag from /home/airflow/.local/lib/python3.8/site-packages/airflow/example_dags/example_subdag_operator.py
[2026-05-30T12:58:10.663+0000] {processor.py:840} INFO - DAG(s) 'example_subdag_operator.section-1', 'example_subdag_operator.section-2', 'example_subdag_operator' retrieved from /home/airflow/.local/lib/python3.8/site-packages/airflow/example_dags/example_subdag_operator.py
[2026-05-30T12:58:10.674+0000] {logging_mixin.py:188} INFO - [2026-05-30T12:58:10.674+0000] {dag.py:3047} INFO - Sync 3 DAGs
[2026-05-30T12:58:10.693+0000] {logging_mixin.py:188} INFO - [2026-05-30T12:58:10.693+0000] {dag.py:3834} INFO - Setting next_dagrun for example_subdag_operator to 2022-01-01 00:00:00+00:00, run_after=2022-01-01 00:00:00+00:00
[2026-05-30T12:58:10.697+0000] {logging_mixin.py:188} INFO - [2026-05-30T12:58:10.697+0000] {dag.py:3834} INFO - Setting next_dagrun for example_subdag_operator.section-1 to None, run_after=None
[2026-05-30T12:58:10.699+0000] {logging_mixin.py:188} INFO - [2026-05-30T12:58:10.699+0000] {dag.py:3834} INFO - Setting next_dagrun for example_subdag_operator.section-2 to None, run_after=None
[2026-05-30T12:58:10.707+0000] {logging_mixin.py:188} INFO - [2026-05-30T12:58:10.706+0000] {dag.py:3047} INFO - Sync 2 DAGs
[2026-05-30T12:58:10.714+0000] {logging_mixin.py:188} INFO - [2026-05-30T12:58:10.713+0000] {dag.py:3834} INFO - Setting next_dagrun for example_subdag_operator.section-1 to None, run_after=None
[2026-05-30T12:58:10.714+0000] {logging_mixin.py:188} INFO - [2026-05-30T12:58:10.714+0000] {dag.py:3834} INFO - Setting next_dagrun for example_subdag_operator.section-2 to None, run_after=None
[2026-05-30T12:58:10.725+0000] {processor.py:183} INFO - Processing /home/airflow/.local/lib/python3.8/site-packages/airflow/example_dags/example_subdag_operator.py took 0.089 seconds
[2026-05-30T12:58:41.248+0000] {processor.py:161} INFO - Started process (PID=8773) to work on /home/airflow/.local/lib/python3.8/site-packages/airflow/example_dags/example_subdag_operator.py
[2026-05-30T12:58:41.249+0000] {processor.py:830} INFO - Processing file /home/airflow/.local/lib/python3.8/site-packages/airflow/example_dags/example_subdag_operator.py for tasks to queue
[2026-05-30T12:58:41.251+0000] {logging_mixin.py:188} INFO - [2026-05-30T12:58:41.250+0000] {dagbag.py:540} INFO - Filling up the DagBag from /home/airflow/.local/lib/python3.8/site-packages/airflow/example_dags/example_subdag_operator.py
[2026-05-30T12:58:41.271+0000] {processor.py:840} INFO - DAG(s) 'example_subdag_operator.section-1', 'example_subdag_operator.section-2', 'example_subdag_operator' retrieved from /home/airflow/.local/lib/python3.8/site-packages/airflow/example_dags/example_subdag_operator.py
[2026-05-30T12:58:41.283+0000] {logging_mixin.py:188} INFO - [2026-05-30T12:58:41.283+0000] {dag.py:3047} INFO - Sync 3 DAGs
[2026-05-30T12:58:41.300+0000] {logging_mixin.py:188} INFO - [2026-05-30T12:58:41.299+0000] {dag.py:3834} INFO - Setting next_dagrun for example_subdag_operator to 2022-01-01 00:00:00+00:00, run_after=2022-01-01 00:00:00+00:00
[2026-05-30T12:58:41.303+0000] {logging_mixin.py:188} INFO - [2026-05-30T12:58:41.303+0000] {dag.py:3834} INFO - Setting next_dagrun for example_subdag_operator.section-1 to None, run_after=None
[2026-05-30T12:58:41.304+0000] {logging_mixin.py:188} INFO - [2026-05-30T12:58:41.304+0000] {dag.py:3834} INFO - Setting next_dagrun for example_subdag_operator.section-2 to None, run_after=None
[2026-05-30T12:58:41.310+0000] {logging_mixin.py:188} INFO - [2026-05-30T12:58:41.310+0000] {dag.py:3047} INFO - Sync 2 DAGs
[2026-05-30T12:58:41.314+0000] {logging_mixin.py:188} INFO - [2026-05-30T12:58:41.314+0000] {dag.py:3834} INFO - Setting next_dagrun for example_subdag_operator.section-1 to None, run_after=None
[2026-05-30T12:58:41.314+0000] {logging_mixin.py:188} INFO - [2026-05-30T12:58:41.314+0000] {dag.py:3834} INFO - Setting next_dagrun for example_subdag_operator.section-2 to None, run_after=None
[2026-05-30T12:58:41.327+0000] {processor.py:183} INFO - Processing /home/airflow/.local/lib/python3.8/site-packages/airflow/example_dags/example_subdag_operator.py took 0.082 seconds
[2026-05-30T12:59:11.900+0000] {processor.py:161} INFO - Started process (PID=8829) to work on /home/airflow/.local/lib/python3.8/site-packages/airflow/example_dags/example_subdag_operator.py
[2026-05-30T12:59:11.902+0000] {processor.py:830} INFO - Processing file /home/airflow/.local/lib/python3.8/site-packages/airflow/example_dags/example_subdag_operator.py for tasks to queue
[2026-05-30T12:59:11.904+0000] {logging_mixin.py:188} INFO - [2026-05-30T12:59:11.903+0000] {dagbag.py:540} INFO - Filling up the DagBag from /home/airflow/.local/lib/python3.8/site-packages/airflow/example_dags/example_subdag_operator.py
[2026-05-30T12:59:11.923+0000] {processor.py:840} INFO - DAG(s) 'example_subdag_operator.section-1', 'example_subdag_operator.section-2', 'example_subdag_operator' retrieved from /home/airflow/.local/lib/python3.8/site-packages/airflow/example_dags/example_subdag_operator.py
[2026-05-30T12:59:11.935+0000] {logging_mixin.py:188} INFO - [2026-05-30T12:59:11.935+0000] {dag.py:3047} INFO - Sync 3 DAGs
[2026-05-30T12:59:11.952+0000] {logging_mixin.py:188} INFO - [2026-05-30T12:59:11.952+0000] {dag.py:3834} INFO - Setting next_dagrun for example_subdag_operator to 2022-01-01 00:00:00+00:00, run_after=2022-01-01 00:00:00+00:00
[2026-05-30T12:59:11.956+0000] {logging_mixin.py:188} INFO - [2026-05-30T12:59:11.956+0000] {dag.py:3834} INFO - Setting next_dagrun for example_subdag_operator.section-1 to None, run_after=None
[2026-05-30T12:59:11.957+0000] {logging_mixin.py:188} INFO - [2026-05-30T12:59:11.957+0000] {dag.py:3834} INFO - Setting next_dagrun for example_subdag_operator.section-2 to None, run_after=None
[2026-05-30T12:59:11.963+0000] {logging_mixin.py:188} INFO - [2026-05-30T12:59:11.963+0000] {dag.py:3047} INFO - Sync 2 DAGs
[2026-05-30T12:59:11.968+0000] {logging_mixin.py:188} INFO - [2026-05-30T12:59:11.967+0000] {dag.py:3834} INFO - Setting next_dagrun for example_subdag_operator.section-1 to None, run_after=None
[2026-05-30T12:59:11.969+0000] {logging_mixin.py:188} INFO - [2026-05-30T12:59:11.968+0000] {dag.py:3834} INFO - Setting next_dagrun for example_subdag_operator.section-2 to None, run_after=None
[2026-05-30T12:59:11.978+0000] {processor.py:183} INFO - Processing /home/airflow/.local/lib/python3.8/site-packages/airflow/example_dags/example_subdag_operator.py took 0.081 seconds
[2026-05-30T12:59:42.421+0000] {processor.py:161} INFO - Started process (PID=8885) to work on /home/airflow/.local/lib/python3.8/site-packages/airflow/example_dags/example_subdag_operator.py
[2026-05-30T12:59:42.422+0000] {processor.py:830} INFO - Processing file /home/airflow/.local/lib/python3.8/site-packages/airflow/example_dags/example_subdag_operator.py for tasks to queue
[2026-05-30T12:59:42.424+0000] {logging_mixin.py:188} INFO - [2026-05-30T12:59:42.424+0000] {dagbag.py:540} INFO - Filling up the DagBag from /home/airflow/.local/lib/python3.8/site-packages/airflow/example_dags/example_subdag_operator.py
[2026-05-30T12:59:42.443+0000] {processor.py:840} INFO - DAG(s) 'example_subdag_operator.section-1', 'example_subdag_operator.section-2', 'example_subdag_operator' retrieved from /home/airflow/.local/lib/python3.8/site-packages/airflow/example_dags/example_subdag_operator.py
[2026-05-30T12:59:42.455+0000] {logging_mixin.py:188} INFO - [2026-05-30T12:59:42.455+0000] {dag.py:3047} INFO - Sync 3 DAGs
[2026-05-30T12:59:42.473+0000] {logging_mixin.py:188} INFO - [2026-05-30T12:59:42.472+0000] {dag.py:3834} INFO - Setting next_dagrun for example_subdag_operator to 2022-01-01 00:00:00+00:00, run_after=2022-01-01 00:00:00+00:00
[2026-05-30T12:59:42.476+0000] {logging_mixin.py:188} INFO - [2026-05-30T12:59:42.476+0000] {dag.py:3834} INFO - Setting next_dagrun for example_subdag_operator.section-1 to None, run_after=None
[2026-05-30T12:59:42.478+0000] {logging_mixin.py:188} INFO - [2026-05-30T12:59:42.478+0000] {dag.py:3834} INFO - Setting next_dagrun for example_subdag_operator.section-2 to None, run_after=None
[2026-05-30T12:59:42.484+0000] {logging_mixin.py:188} INFO - [2026-05-30T12:59:42.484+0000] {dag.py:3047} INFO - Sync 2 DAGs
[2026-05-30T12:59:42.489+0000] {logging_mixin.py:188} INFO - [2026-05-30T12:59:42.489+0000] {dag.py:3834} INFO - Setting next_dagrun for example_subdag_operator.section-1 to None, run_after=None
[2026-05-30T12:59:42.490+0000] {logging_mixin.py:188} INFO - [2026-05-30T12:59:42.490+0000] {dag.py:3834} INFO - Setting next_dagrun for example_subdag_operator.section-2 to None, run_after=None
[2026-05-30T12:59:42.499+0000] {processor.py:183} INFO - Processing /home/airflow/.local/lib/python3.8/site-packages/airflow/example_dags/example_subdag_operator.py took 0.081 seconds
[2026-05-30T13:00:13.113+0000] {processor.py:161} INFO - Started process (PID=8941) to work on /home/airflow/.local/lib/python3.8/site-packages/airflow/example_dags/example_subdag_operator.py
[2026-05-30T13:00:13.115+0000] {processor.py:830} INFO - Processing file /home/airflow/.local/lib/python3.8/site-packages/airflow/example_dags/example_subdag_operator.py for tasks to queue
[2026-05-30T13:00:13.117+0000] {logging_mixin.py:188} INFO - [2026-05-30T13:00:13.117+0000] {dagbag.py:540} INFO - Filling up the DagBag from /home/airflow/.local/lib/python3.8/site-packages/airflow/example_dags/example_subdag_operator.py
[2026-05-30T13:00:13.139+0000] {processor.py:840} INFO - DAG(s) 'example_subdag_operator.section-1', 'example_subdag_operator.section-2', 'example_subdag_operator' retrieved from /home/airflow/.local/lib/python3.8/site-packages/airflow/example_dags/example_subdag_operator.py
[2026-05-30T13:00:13.154+0000] {logging_mixin.py:188} INFO - [2026-05-30T13:00:13.153+0000] {dag.py:3047} INFO - Sync 3 DAGs
[2026-05-30T13:00:13.174+0000] {logging_mixin.py:188} INFO - [2026-05-30T13:00:13.174+0000] {dag.py:3834} INFO - Setting next_dagrun for example_subdag_operator to 2022-01-01 00:00:00+00:00, run_after=2022-01-01 00:00:00+00:00
[2026-05-30T13:00:13.179+0000] {logging_mixin.py:188} INFO - [2026-05-30T13:00:13.178+0000] {dag.py:3834} INFO - Setting next_dagrun for example_subdag_operator.section-1 to None, run_after=None
[2026-05-30T13:00:13.180+0000] {logging_mixin.py:188} INFO - [2026-05-30T13:00:13.180+0000] {dag.py:3834} INFO - Setting next_dagrun for example_subdag_operator.section-2 to None, run_after=None
[2026-05-30T13:00:13.186+0000] {logging_mixin.py:188} INFO - [2026-05-30T13:00:13.186+0000] {dag.py:3047} INFO - Sync 2 DAGs
[2026-05-30T13:00:13.191+0000] {logging_mixin.py:188} INFO - [2026-05-30T13:00:13.191+0000] {dag.py:3834} INFO - Setting next_dagrun for example_subdag_operator.section-1 to None, run_after=None
[2026-05-30T13:00:13.193+0000] {logging_mixin.py:188} INFO - [2026-05-30T13:00:13.193+0000] {dag.py:3834} INFO - Setting next_dagrun for example_subdag_operator.section-2 to None, run_after=None
[2026-05-30T13:00:13.207+0000] {processor.py:183} INFO - Processing /home/airflow/.local/lib/python3.8/site-packages/airflow/example_dags/example_subdag_operator.py took 0.097 seconds
[2026-05-30T13:00:43.638+0000] {processor.py:161} INFO - Started process (PID=8997) to work on /home/airflow/.local/lib/python3.8/site-packages/airflow/example_dags/example_subdag_operator.py
[2026-05-30T13:00:43.639+0000] {processor.py:830} INFO - Processing file /home/airflow/.local/lib/python3.8/site-packages/airflow/example_dags/example_subdag_operator.py for tasks to queue
[2026-05-30T13:00:43.642+0000] {logging_mixin.py:188} INFO - [2026-05-30T13:00:43.641+0000] {dagbag.py:540} INFO - Filling up the DagBag from /home/airflow/.local/lib/python3.8/site-packages/airflow/example_dags/example_subdag_operator.py
[2026-05-30T13:00:43.664+0000] {processor.py:840} INFO - DAG(s) 'example_subdag_operator.section-1', 'example_subdag_operator.section-2', 'example_subdag_operator' retrieved from /home/airflow/.local/lib/python3.8/site-packages/airflow/example_dags/example_subdag_operator.py
[2026-05-30T13:00:43.676+0000] {logging_mixin.py:188} INFO - [2026-05-30T13:00:43.676+0000] {dag.py:3047} INFO - Sync 3 DAGs
[2026-05-30T13:00:43.693+0000] {logging_mixin.py:188} INFO - [2026-05-30T13:00:43.692+0000] {dag.py:3834} INFO - Setting next_dagrun for example_subdag_operator to 2022-01-01 00:00:00+00:00, run_after=2022-01-01 00:00:00+00:00
[2026-05-30T13:00:43.696+0000] {logging_mixin.py:188} INFO - [2026-05-30T13:00:43.696+0000] {dag.py:3834} INFO - Setting next_dagrun for example_subdag_operator.section-1 to None, run_after=None
[2026-05-30T13:00:43.698+0000] {logging_mixin.py:188} INFO - [2026-05-30T13:00:43.698+0000] {dag.py:3834} INFO - Setting next_dagrun for example_subdag_operator.section-2 to None, run_after=None
[2026-05-30T13:00:43.704+0000] {logging_mixin.py:188} INFO - [2026-05-30T13:00:43.704+0000] {dag.py:3047} INFO - Sync 2 DAGs
[2026-05-30T13:00:43.709+0000] {logging_mixin.py:188} INFO - [2026-05-30T13:00:43.709+0000] {dag.py:3834} INFO - Setting next_dagrun for example_subdag_operator.section-1 to None, run_after=None
[2026-05-30T13:00:43.710+0000] {logging_mixin.py:188} INFO - [2026-05-30T13:00:43.710+0000] {dag.py:3834} INFO - Setting next_dagrun for example_subdag_operator.section-2 to None, run_after=None
[2026-05-30T13:00:43.725+0000] {processor.py:183} INFO - Processing /home/airflow/.local/lib/python3.8/site-packages/airflow/example_dags/example_subdag_operator.py took 0.091 seconds
[2026-05-30T13:01:14.366+0000] {processor.py:161} INFO - Started process (PID=9053) to work on /home/airflow/.local/lib/python3.8/site-packages/airflow/example_dags/example_subdag_operator.py
[2026-05-30T13:01:14.367+0000] {processor.py:830} INFO - Processing file /home/airflow/.local/lib/python3.8/site-packages/airflow/example_dags/example_subdag_operator.py for tasks to queue
[2026-05-30T13:01:14.370+0000] {logging_mixin.py:188} INFO - [2026-05-30T13:01:14.369+0000] {dagbag.py:540} INFO - Filling up the DagBag from /home/airflow/.local/lib/python3.8/site-packages/airflow/example_dags/example_subdag_operator.py
[2026-05-30T13:01:14.390+0000] {processor.py:840} INFO - DAG(s) 'example_subdag_operator.section-1', 'example_subdag_operator.section-2', 'example_subdag_operator' retrieved from /home/airflow/.local/lib/python3.8/site-packages/airflow/example_dags/example_subdag_operator.py
[2026-05-30T13:01:14.402+0000] {logging_mixin.py:188} INFO - [2026-05-30T13:01:14.402+0000] {dag.py:3047} INFO - Sync 3 DAGs
[2026-05-30T13:01:14.419+0000] {logging_mixin.py:188} INFO - [2026-05-30T13:01:14.419+0000] {dag.py:3834} INFO - Setting next_dagrun for example_subdag_operator to 2022-01-01 00:00:00+00:00, run_after=2022-01-01 00:00:00+00:00
[2026-05-30T13:01:14.424+0000] {logging_mixin.py:188} INFO - [2026-05-30T13:01:14.424+0000] {dag.py:3834} INFO - Setting next_dagrun for example_subdag_operator.section-1 to None, run_after=None
[2026-05-30T13:01:14.425+0000] {logging_mixin.py:188} INFO - [2026-05-30T13:01:14.425+0000] {dag.py:3834} INFO - Setting next_dagrun for example_subdag_operator.section-2 to None, run_after=None
[2026-05-30T13:01:14.431+0000] {logging_mixin.py:188} INFO - [2026-05-30T13:01:14.431+0000] {dag.py:3047} INFO - Sync 2 DAGs
[2026-05-30T13:01:14.436+0000] {logging_mixin.py:188} INFO - [2026-05-30T13:01:14.436+0000] {dag.py:3834} INFO - Setting next_dagrun for example_subdag_operator.section-1 to None, run_after=None
[2026-05-30T13:01:14.438+0000] {logging_mixin.py:188} INFO - [2026-05-30T13:01:14.437+0000] {dag.py:3834} INFO - Setting next_dagrun for example_subdag_operator.section-2 to None, run_after=None
[2026-05-30T13:01:14.450+0000] {processor.py:183} INFO - Processing /home/airflow/.local/lib/python3.8/site-packages/airflow/example_dags/example_subdag_operator.py took 0.087 seconds
[2026-05-30T13:01:44.661+0000] {processor.py:161} INFO - Started process (PID=9109) to work on /home/airflow/.local/lib/python3.8/site-packages/airflow/example_dags/example_subdag_operator.py
[2026-05-30T13:01:44.662+0000] {processor.py:830} INFO - Processing file /home/airflow/.local/lib/python3.8/site-packages/airflow/example_dags/example_subdag_operator.py for tasks to queue
[2026-05-30T13:01:44.664+0000] {logging_mixin.py:188} INFO - [2026-05-30T13:01:44.664+0000] {dagbag.py:540} INFO - Filling up the DagBag from /home/airflow/.local/lib/python3.8/site-packages/airflow/example_dags/example_subdag_operator.py
[2026-05-30T13:01:44.685+0000] {processor.py:840} INFO - DAG(s) 'example_subdag_operator.section-1', 'example_subdag_operator.section-2', 'example_subdag_operator' retrieved from /home/airflow/.local/lib/python3.8/site-packages/airflow/example_dags/example_subdag_operator.py
[2026-05-30T13:01:44.696+0000] {logging_mixin.py:188} INFO - [2026-05-30T13:01:44.696+0000] {dag.py:3047} INFO - Sync 3 DAGs
[2026-05-30T13:01:44.713+0000] {logging_mixin.py:188} INFO - [2026-05-30T13:01:44.713+0000] {dag.py:3834} INFO - Setting next_dagrun for example_subdag_operator to 2022-01-01 00:00:00+00:00, run_after=2022-01-01 00:00:00+00:00
[2026-05-30T13:01:44.717+0000] {logging_mixin.py:188} INFO - [2026-05-30T13:01:44.716+0000] {dag.py:3834} INFO - Setting next_dagrun for example_subdag_operator.section-1 to None, run_after=None
[2026-05-30T13:01:44.718+0000] {logging_mixin.py:188} INFO - [2026-05-30T13:01:44.718+0000] {dag.py:3834} INFO - Setting next_dagrun for example_subdag_operator.section-2 to None, run_after=None
[2026-05-30T13:01:44.724+0000] {logging_mixin.py:188} INFO - [2026-05-30T13:01:44.724+0000] {dag.py:3047} INFO - Sync 2 DAGs
[2026-05-30T13:01:44.729+0000] {logging_mixin.py:188} INFO - [2026-05-30T13:01:44.729+0000] {dag.py:3834} INFO - Setting next_dagrun for example_subdag_operator.section-1 to None, run_after=None
[2026-05-30T13:01:44.730+0000] {logging_mixin.py:188} INFO - [2026-05-30T13:01:44.729+0000] {dag.py:3834} INFO - Setting next_dagrun for example_subdag_operator.section-2 to None, run_after=None
[2026-05-30T13:01:44.742+0000] {processor.py:183} INFO - Processing /home/airflow/.local/lib/python3.8/site-packages/airflow/example_dags/example_subdag_operator.py took 0.084 seconds
[2026-05-30T13:02:15.484+0000] {processor.py:161} INFO - Started process (PID=9165) to work on /home/airflow/.local/lib/python3.8/site-packages/airflow/example_dags/example_subdag_operator.py
[2026-05-30T13:02:15.486+0000] {processor.py:830} INFO - Processing file /home/airflow/.local/lib/python3.8/site-packages/airflow/example_dags/example_subdag_operator.py for tasks to queue
[2026-05-30T13:02:15.488+0000] {logging_mixin.py:188} INFO - [2026-05-30T13:02:15.488+0000] {dagbag.py:540} INFO - Filling up the DagBag from /home/airflow/.local/lib/python3.8/site-packages/airflow/example_dags/example_subdag_operator.py
[2026-05-30T13:02:15.509+0000] {processor.py:840} INFO - DAG(s) 'example_subdag_operator.section-1', 'example_subdag_operator.section-2', 'example_subdag_operator' retrieved from /home/airflow/.local/lib/python3.8/site-packages/airflow/example_dags/example_subdag_operator.py
[2026-05-30T13:02:15.521+0000] {logging_mixin.py:188} INFO - [2026-05-30T13:02:15.521+0000] {dag.py:3047} INFO - Sync 3 DAGs
[2026-05-30T13:02:15.537+0000] {logging_mixin.py:188} INFO - [2026-05-30T13:02:15.537+0000] {dag.py:3834} INFO - Setting next_dagrun for example_subdag_operator to 2022-01-01 00:00:00+00:00, run_after=2022-01-01 00:00:00+00:00
[2026-05-30T13:02:15.540+0000] {logging_mixin.py:188} INFO - [2026-05-30T13:02:15.540+0000] {dag.py:3834} INFO - Setting next_dagrun for example_subdag_operator.section-1 to None, run_after=None
[2026-05-30T13:02:15.543+0000] {logging_mixin.py:188} INFO - [2026-05-30T13:02:15.543+0000] {dag.py:3834} INFO - Setting next_dagrun for example_subdag_operator.section-2 to None, run_after=None
[2026-05-30T13:02:15.550+0000] {logging_mixin.py:188} INFO - [2026-05-30T13:02:15.550+0000] {dag.py:3047} INFO - Sync 2 DAGs
[2026-05-30T13:02:15.555+0000] {logging_mixin.py:188} INFO - [2026-05-30T13:02:15.554+0000] {dag.py:3834} INFO - Setting next_dagrun for example_subdag_operator.section-1 to None, run_after=None
[2026-05-30T13:02:15.556+0000] {logging_mixin.py:188} INFO - [2026-05-30T13:02:15.555+0000] {dag.py:3834} INFO - Setting next_dagrun for example_subdag_operator.section-2 to None, run_after=None
[2026-05-30T13:02:15.568+0000] {processor.py:183} INFO - Processing /home/airflow/.local/lib/python3.8/site-packages/airflow/example_dags/example_subdag_operator.py took 0.086 seconds
[2026-05-30T13:02:46.199+0000] {processor.py:161} INFO - Started process (PID=9221) to work on /home/airflow/.local/lib/python3.8/site-packages/airflow/example_dags/example_subdag_operator.py
[2026-05-30T13:02:46.201+0000] {processor.py:830} INFO - Processing file /home/airflow/.local/lib/python3.8/site-packages/airflow/example_dags/example_subdag_operator.py for tasks to queue
[2026-05-30T13:02:46.202+0000] {logging_mixin.py:188} INFO - [2026-05-30T13:02:46.202+0000] {dagbag.py:540} INFO - Filling up the DagBag from /home/airflow/.local/lib/python3.8/site-packages/airflow/example_dags/example_subdag_operator.py
[2026-05-30T13:02:46.229+0000] {processor.py:840} INFO - DAG(s) 'example_subdag_operator.section-1', 'example_subdag_operator.section-2', 'example_subdag_operator' retrieved from /home/airflow/.local/lib/python3.8/site-packages/airflow/example_dags/example_subdag_operator.py
[2026-05-30T13:02:46.244+0000] {logging_mixin.py:188} INFO - [2026-05-30T13:02:46.244+0000] {dag.py:3047} INFO - Sync 3 DAGs
[2026-05-30T13:02:46.266+0000] {logging_mixin.py:188} INFO - [2026-05-30T13:02:46.265+0000] {dag.py:3834} INFO - Setting next_dagrun for example_subdag_operator to 2022-01-01 00:00:00+00:00, run_after=2022-01-01 00:00:00+00:00
[2026-05-30T13:02:46.269+0000] {logging_mixin.py:188} INFO - [2026-05-30T13:02:46.269+0000] {dag.py:3834} INFO - Setting next_dagrun for example_subdag_operator.section-1 to None, run_after=None
[2026-05-30T13:02:46.271+0000] {logging_mixin.py:188} INFO - [2026-05-30T13:02:46.271+0000] {dag.py:3834} INFO - Setting next_dagrun for example_subdag_operator.section-2 to None, run_after=None
[2026-05-30T13:02:46.281+0000] {logging_mixin.py:188} INFO - [2026-05-30T13:02:46.280+0000] {dag.py:3047} INFO - Sync 2 DAGs
[2026-05-30T13:02:46.286+0000] {logging_mixin.py:188} INFO - [2026-05-30T13:02:46.286+0000] {dag.py:3834} INFO - Setting next_dagrun for example_subdag_operator.section-1 to None, run_after=None
[2026-05-30T13:02:46.287+0000] {logging_mixin.py:188} INFO - [2026-05-30T13:02:46.287+0000] {dag.py:3834} INFO - Setting next_dagrun for example_subdag_operator.section-2 to None, run_after=None
[2026-05-30T13:02:46.303+0000] {processor.py:183} INFO - Processing /home/airflow/.local/lib/python3.8/site-packages/airflow/example_dags/example_subdag_operator.py took 0.107 seconds
[2026-05-30T13:03:16.912+0000] {processor.py:161} INFO - Started process (PID=9277) to work on /home/airflow/.local/lib/python3.8/site-packages/airflow/example_dags/example_subdag_operator.py
[2026-05-30T13:03:16.913+0000] {processor.py:830} INFO - Processing file /home/airflow/.local/lib/python3.8/site-packages/airflow/example_dags/example_subdag_operator.py for tasks to queue
[2026-05-30T13:03:16.915+0000] {logging_mixin.py:188} INFO - [2026-05-30T13:03:16.915+0000] {dagbag.py:540} INFO - Filling up the DagBag from /home/airflow/.local/lib/python3.8/site-packages/airflow/example_dags/example_subdag_operator.py
[2026-05-30T13:03:16.945+0000] {processor.py:840} INFO - DAG(s) 'example_subdag_operator.section-1', 'example_subdag_operator.section-2', 'example_subdag_operator' retrieved from /home/airflow/.local/lib/python3.8/site-packages/airflow/example_dags/example_subdag_operator.py
[2026-05-30T13:03:16.959+0000] {logging_mixin.py:188} INFO - [2026-05-30T13:03:16.959+0000] {dag.py:3047} INFO - Sync 3 DAGs
[2026-05-30T13:03:16.979+0000] {logging_mixin.py:188} INFO - [2026-05-30T13:03:16.979+0000] {dag.py:3834} INFO - Setting next_dagrun for example_subdag_operator to 2022-01-01 00:00:00+00:00, run_after=2022-01-01 00:00:00+00:00
[2026-05-30T13:03:16.983+0000] {logging_mixin.py:188} INFO - [2026-05-30T13:03:16.982+0000] {dag.py:3834} INFO - Setting next_dagrun for example_subdag_operator.section-1 to None, run_after=None
[2026-05-30T13:03:16.984+0000] {logging_mixin.py:188} INFO - [2026-05-30T13:03:16.984+0000] {dag.py:3834} INFO - Setting next_dagrun for example_subdag_operator.section-2 to None, run_after=None
[2026-05-30T13:03:16.995+0000] {logging_mixin.py:188} INFO - [2026-05-30T13:03:16.995+0000] {dag.py:3047} INFO - Sync 2 DAGs
[2026-05-30T13:03:17.000+0000] {logging_mixin.py:188} INFO - [2026-05-30T13:03:17.000+0000] {dag.py:3834} INFO - Setting next_dagrun for example_subdag_operator.section-1 to None, run_after=None
[2026-05-30T13:03:17.001+0000] {logging_mixin.py:188} INFO - [2026-05-30T13:03:17.001+0000] {dag.py:3834} INFO - Setting next_dagrun for example_subdag_operator.section-2 to None, run_after=None
[2026-05-30T13:03:17.017+0000] {processor.py:183} INFO - Processing /home/airflow/.local/lib/python3.8/site-packages/airflow/example_dags/example_subdag_operator.py took 0.108 seconds
[2026-05-30T13:03:47.807+0000] {processor.py:161} INFO - Started process (PID=9332) to work on /home/airflow/.local/lib/python3.8/site-packages/airflow/example_dags/example_subdag_operator.py
[2026-05-30T13:03:47.809+0000] {processor.py:830} INFO - Processing file /home/airflow/.local/lib/python3.8/site-packages/airflow/example_dags/example_subdag_operator.py for tasks to queue
[2026-05-30T13:03:47.812+0000] {logging_mixin.py:188} INFO - [2026-05-30T13:03:47.811+0000] {dagbag.py:540} INFO - Filling up the DagBag from /home/airflow/.local/lib/python3.8/site-packages/airflow/example_dags/example_subdag_operator.py
[2026-05-30T13:03:47.839+0000] {processor.py:840} INFO - DAG(s) 'example_subdag_operator.section-1', 'example_subdag_operator.section-2', 'example_subdag_operator' retrieved from /home/airflow/.local/lib/python3.8/site-packages/airflow/example_dags/example_subdag_operator.py
[2026-05-30T13:03:47.855+0000] {logging_mixin.py:188} INFO - [2026-05-30T13:03:47.855+0000] {dag.py:3047} INFO - Sync 3 DAGs
[2026-05-30T13:03:47.874+0000] {logging_mixin.py:188} INFO - [2026-05-30T13:03:47.874+0000] {dag.py:3834} INFO - Setting next_dagrun for example_subdag_operator to 2022-01-01 00:00:00+00:00, run_after=2022-01-01 00:00:00+00:00
[2026-05-30T13:03:47.877+0000] {logging_mixin.py:188} INFO - [2026-05-30T13:03:47.877+0000] {dag.py:3834} INFO - Setting next_dagrun for example_subdag_operator.section-1 to None, run_after=None
[2026-05-30T13:03:47.879+0000] {logging_mixin.py:188} INFO - [2026-05-30T13:03:47.878+0000] {dag.py:3834} INFO - Setting next_dagrun for example_subdag_operator.section-2 to None, run_after=None
[2026-05-30T13:03:47.884+0000] {logging_mixin.py:188} INFO - [2026-05-30T13:03:47.884+0000] {dag.py:3047} INFO - Sync 2 DAGs
[2026-05-30T13:03:47.889+0000] {logging_mixin.py:188} INFO - [2026-05-30T13:03:47.888+0000] {dag.py:3834} INFO - Setting next_dagrun for example_subdag_operator.section-1 to None, run_after=None
[2026-05-30T13:03:47.889+0000] {logging_mixin.py:188} INFO - [2026-05-30T13:03:47.889+0000] {dag.py:3834} INFO - Setting next_dagrun for example_subdag_operator.section-2 to None, run_after=None
[2026-05-30T13:03:47.904+0000] {processor.py:183} INFO - Processing /home/airflow/.local/lib/python3.8/site-packages/airflow/example_dags/example_subdag_operator.py took 0.102 seconds
[2026-05-30T13:04:18.344+0000] {processor.py:161} INFO - Started process (PID=9388) to work on /home/airflow/.local/lib/python3.8/site-packages/airflow/example_dags/example_subdag_operator.py
[2026-05-30T13:04:18.345+0000] {processor.py:830} INFO - Processing file /home/airflow/.local/lib/python3.8/site-packages/airflow/example_dags/example_subdag_operator.py for tasks to queue
[2026-05-30T13:04:18.347+0000] {logging_mixin.py:188} INFO - [2026-05-30T13:04:18.347+0000] {dagbag.py:540} INFO - Filling up the DagBag from /home/airflow/.local/lib/python3.8/site-packages/airflow/example_dags/example_subdag_operator.py
[2026-05-30T13:04:18.368+0000] {processor.py:840} INFO - DAG(s) 'example_subdag_operator.section-1', 'example_subdag_operator.section-2', 'example_subdag_operator' retrieved from /home/airflow/.local/lib/python3.8/site-packages/airflow/example_dags/example_subdag_operator.py
[2026-05-30T13:04:18.380+0000] {logging_mixin.py:188} INFO - [2026-05-30T13:04:18.380+0000] {dag.py:3047} INFO - Sync 3 DAGs
[2026-05-30T13:04:18.399+0000] {logging_mixin.py:188} INFO - [2026-05-30T13:04:18.399+0000] {dag.py:3834} INFO - Setting next_dagrun for example_subdag_operator to 2022-01-01 00:00:00+00:00, run_after=2022-01-01 00:00:00+00:00
[2026-05-30T13:04:18.403+0000] {logging_mixin.py:188} INFO - [2026-05-30T13:04:18.403+0000] {dag.py:3834} INFO - Setting next_dagrun for example_subdag_operator.section-1 to None, run_after=None
[2026-05-30T13:04:18.405+0000] {logging_mixin.py:188} INFO - [2026-05-30T13:04:18.405+0000] {dag.py:3834} INFO - Setting next_dagrun for example_subdag_operator.section-2 to None, run_after=None
[2026-05-30T13:04:18.413+0000] {logging_mixin.py:188} INFO - [2026-05-30T13:04:18.413+0000] {dag.py:3047} INFO - Sync 2 DAGs
[2026-05-30T13:04:18.419+0000] {logging_mixin.py:188} INFO - [2026-05-30T13:04:18.419+0000] {dag.py:3834} INFO - Setting next_dagrun for example_subdag_operator.section-1 to None, run_after=None
[2026-05-30T13:04:18.420+0000] {logging_mixin.py:188} INFO - [2026-05-30T13:04:18.420+0000] {dag.py:3834} INFO - Setting next_dagrun for example_subdag_operator.section-2 to None, run_after=None
[2026-05-30T13:04:18.435+0000] {processor.py:183} INFO - Processing /home/airflow/.local/lib/python3.8/site-packages/airflow/example_dags/example_subdag_operator.py took 0.093 seconds
[2026-05-30T13:04:48.993+0000] {processor.py:161} INFO - Started process (PID=9445) to work on /home/airflow/.local/lib/python3.8/site-packages/airflow/example_dags/example_subdag_operator.py
[2026-05-30T13:04:48.994+0000] {processor.py:830} INFO - Processing file /home/airflow/.local/lib/python3.8/site-packages/airflow/example_dags/example_subdag_operator.py for tasks to queue
[2026-05-30T13:04:48.996+0000] {logging_mixin.py:188} INFO - [2026-05-30T13:04:48.996+0000] {dagbag.py:540} INFO - Filling up the DagBag from /home/airflow/.local/lib/python3.8/site-packages/airflow/example_dags/example_subdag_operator.py
[2026-05-30T13:04:49.015+0000] {processor.py:840} INFO - DAG(s) 'example_subdag_operator.section-1', 'example_subdag_operator.section-2', 'example_subdag_operator' retrieved from /home/airflow/.local/lib/python3.8/site-packages/airflow/example_dags/example_subdag_operator.py
[2026-05-30T13:04:49.026+0000] {logging_mixin.py:188} INFO - [2026-05-30T13:04:49.026+0000] {dag.py:3047} INFO - Sync 3 DAGs
[2026-05-30T13:04:49.042+0000] {logging_mixin.py:188} INFO - [2026-05-30T13:04:49.041+0000] {dag.py:3834} INFO - Setting next_dagrun for example_subdag_operator to 2022-01-01 00:00:00+00:00, run_after=2022-01-01 00:00:00+00:00
[2026-05-30T13:04:49.045+0000] {logging_mixin.py:188} INFO - [2026-05-30T13:04:49.045+0000] {dag.py:3834} INFO - Setting next_dagrun for example_subdag_operator.section-1 to None, run_after=None
[2026-05-30T13:04:49.046+0000] {logging_mixin.py:188} INFO - [2026-05-30T13:04:49.046+0000] {dag.py:3834} INFO - Setting next_dagrun for example_subdag_operator.section-2 to None, run_after=None
[2026-05-30T13:04:49.051+0000] {logging_mixin.py:188} INFO - [2026-05-30T13:04:49.051+0000] {dag.py:3047} INFO - Sync 2 DAGs
[2026-05-30T13:04:49.055+0000] {logging_mixin.py:188} INFO - [2026-05-30T13:04:49.054+0000] {dag.py:3834} INFO - Setting next_dagrun for example_subdag_operator.section-1 to None, run_after=None
[2026-05-30T13:04:49.055+0000] {logging_mixin.py:188} INFO - [2026-05-30T13:04:49.055+0000] {dag.py:3834} INFO - Setting next_dagrun for example_subdag_operator.section-2 to None, run_after=None
[2026-05-30T13:04:49.067+0000] {processor.py:183} INFO - Processing /home/airflow/.local/lib/python3.8/site-packages/airflow/example_dags/example_subdag_operator.py took 0.077 seconds
[2026-05-30T13:05:19.551+0000] {processor.py:161} INFO - Started process (PID=9501) to work on /home/airflow/.local/lib/python3.8/site-packages/airflow/example_dags/example_subdag_operator.py
[2026-05-30T13:05:19.552+0000] {processor.py:830} INFO - Processing file /home/airflow/.local/lib/python3.8/site-packages/airflow/example_dags/example_subdag_operator.py for tasks to queue
[2026-05-30T13:05:19.553+0000] {logging_mixin.py:188} INFO - [2026-05-30T13:05:19.553+0000] {dagbag.py:540} INFO - Filling up the DagBag from /home/airflow/.local/lib/python3.8/site-packages/airflow/example_dags/example_subdag_operator.py
[2026-05-30T13:05:19.573+0000] {processor.py:840} INFO - DAG(s) 'example_subdag_operator.section-1', 'example_subdag_operator.section-2', 'example_subdag_operator' retrieved from /home/airflow/.local/lib/python3.8/site-packages/airflow/example_dags/example_subdag_operator.py
[2026-05-30T13:05:19.584+0000] {logging_mixin.py:188} INFO - [2026-05-30T13:05:19.583+0000] {dag.py:3047} INFO - Sync 3 DAGs
[2026-05-30T13:05:19.599+0000] {logging_mixin.py:188} INFO - [2026-05-30T13:05:19.599+0000] {dag.py:3834} INFO - Setting next_dagrun for example_subdag_operator to 2022-01-01 00:00:00+00:00, run_after=2022-01-01 00:00:00+00:00
[2026-05-30T13:05:19.602+0000] {logging_mixin.py:188} INFO - [2026-05-30T13:05:19.602+0000] {dag.py:3834} INFO - Setting next_dagrun for example_subdag_operator.section-1 to None, run_after=None
[2026-05-30T13:05:19.605+0000] {logging_mixin.py:188} INFO - [2026-05-30T13:05:19.605+0000] {dag.py:3834} INFO - Setting next_dagrun for example_subdag_operator.section-2 to None, run_after=None
[2026-05-30T13:05:19.610+0000] {logging_mixin.py:188} INFO - [2026-05-30T13:05:19.610+0000] {dag.py:3047} INFO - Sync 2 DAGs
[2026-05-30T13:05:19.615+0000] {logging_mixin.py:188} INFO - [2026-05-30T13:05:19.615+0000] {dag.py:3834} INFO - Setting next_dagrun for example_subdag_operator.section-1 to None, run_after=None
[2026-05-30T13:05:19.616+0000] {logging_mixin.py:188} INFO - [2026-05-30T13:05:19.616+0000] {dag.py:3834} INFO - Setting next_dagrun for example_subdag_operator.section-2 to None, run_after=None
[2026-05-30T13:05:19.625+0000] {processor.py:183} INFO - Processing /home/airflow/.local/lib/python3.8/site-packages/airflow/example_dags/example_subdag_operator.py took 0.078 seconds
[2026-05-30T13:05:49.773+0000] {processor.py:161} INFO - Started process (PID=9557) to work on /home/airflow/.local/lib/python3.8/site-packages/airflow/example_dags/example_subdag_operator.py
[2026-05-30T13:05:49.774+0000] {processor.py:830} INFO - Processing file /home/airflow/.local/lib/python3.8/site-packages/airflow/example_dags/example_subdag_operator.py for tasks to queue
[2026-05-30T13:05:49.776+0000] {logging_mixin.py:188} INFO - [2026-05-30T13:05:49.776+0000] {dagbag.py:540} INFO - Filling up the DagBag from /home/airflow/.local/lib/python3.8/site-packages/airflow/example_dags/example_subdag_operator.py
[2026-05-30T13:05:49.795+0000] {processor.py:840} INFO - DAG(s) 'example_subdag_operator.section-1', 'example_subdag_operator.section-2', 'example_subdag_operator' retrieved from /home/airflow/.local/lib/python3.8/site-packages/airflow/example_dags/example_subdag_operator.py
[2026-05-30T13:05:49.806+0000] {logging_mixin.py:188} INFO - [2026-05-30T13:05:49.806+0000] {dag.py:3047} INFO - Sync 3 DAGs
[2026-05-30T13:05:49.822+0000] {logging_mixin.py:188} INFO - [2026-05-30T13:05:49.822+0000] {dag.py:3834} INFO - Setting next_dagrun for example_subdag_operator to 2022-01-01 00:00:00+00:00, run_after=2022-01-01 00:00:00+00:00
[2026-05-30T13:05:49.825+0000] {logging_mixin.py:188} INFO - [2026-05-30T13:05:49.825+0000] {dag.py:3834} INFO - Setting next_dagrun for example_subdag_operator.section-1 to None, run_after=None
[2026-05-30T13:05:49.827+0000] {logging_mixin.py:188} INFO - [2026-05-30T13:05:49.826+0000] {dag.py:3834} INFO - Setting next_dagrun for example_subdag_operator.section-2 to None, run_after=None
[2026-05-30T13:05:49.832+0000] {logging_mixin.py:188} INFO - [2026-05-30T13:05:49.832+0000] {dag.py:3047} INFO - Sync 2 DAGs
[2026-05-30T13:05:49.836+0000] {logging_mixin.py:188} INFO - [2026-05-30T13:05:49.836+0000] {dag.py:3834} INFO - Setting next_dagrun for example_subdag_operator.section-1 to None, run_after=None
[2026-05-30T13:05:49.837+0000] {logging_mixin.py:188} INFO - [2026-05-30T13:05:49.837+0000] {dag.py:3834} INFO - Setting next_dagrun for example_subdag_operator.section-2 to None, run_after=None
[2026-05-30T13:05:49.850+0000] {processor.py:183} INFO - Processing /home/airflow/.local/lib/python3.8/site-packages/airflow/example_dags/example_subdag_operator.py took 0.080 seconds
[2026-05-30T13:06:20.161+0000] {processor.py:161} INFO - Started process (PID=9613) to work on /home/airflow/.local/lib/python3.8/site-packages/airflow/example_dags/example_subdag_operator.py
[2026-05-30T13:06:20.162+0000] {processor.py:830} INFO - Processing file /home/airflow/.local/lib/python3.8/site-packages/airflow/example_dags/example_subdag_operator.py for tasks to queue
[2026-05-30T13:06:20.164+0000] {logging_mixin.py:188} INFO - [2026-05-30T13:06:20.164+0000] {dagbag.py:540} INFO - Filling up the DagBag from /home/airflow/.local/lib/python3.8/site-packages/airflow/example_dags/example_subdag_operator.py
[2026-05-30T13:06:20.184+0000] {processor.py:840} INFO - DAG(s) 'example_subdag_operator.section-1', 'example_subdag_operator.section-2', 'example_subdag_operator' retrieved from /home/airflow/.local/lib/python3.8/site-packages/airflow/example_dags/example_subdag_operator.py
[2026-05-30T13:06:20.195+0000] {logging_mixin.py:188} INFO - [2026-05-30T13:06:20.194+0000] {dag.py:3047} INFO - Sync 3 DAGs
[2026-05-30T13:06:20.210+0000] {logging_mixin.py:188} INFO - [2026-05-30T13:06:20.209+0000] {dag.py:3834} INFO - Setting next_dagrun for example_subdag_operator to 2022-01-01 00:00:00+00:00, run_after=2022-01-01 00:00:00+00:00
[2026-05-30T13:06:20.213+0000] {logging_mixin.py:188} INFO - [2026-05-30T13:06:20.212+0000] {dag.py:3834} INFO - Setting next_dagrun for example_subdag_operator.section-1 to None, run_after=None
[2026-05-30T13:06:20.214+0000] {logging_mixin.py:188} INFO - [2026-05-30T13:06:20.214+0000] {dag.py:3834} INFO - Setting next_dagrun for example_subdag_operator.section-2 to None, run_after=None
[2026-05-30T13:06:20.220+0000] {logging_mixin.py:188} INFO - [2026-05-30T13:06:20.220+0000] {dag.py:3047} INFO - Sync 2 DAGs
[2026-05-30T13:06:20.225+0000] {logging_mixin.py:188} INFO - [2026-05-30T13:06:20.225+0000] {dag.py:3834} INFO - Setting next_dagrun for example_subdag_operator.section-1 to None, run_after=None
[2026-05-30T13:06:20.226+0000] {logging_mixin.py:188} INFO - [2026-05-30T13:06:20.226+0000] {dag.py:3834} INFO - Setting next_dagrun for example_subdag_operator.section-2 to None, run_after=None
[2026-05-30T13:06:20.240+0000] {processor.py:183} INFO - Processing /home/airflow/.local/lib/python3.8/site-packages/airflow/example_dags/example_subdag_operator.py took 0.082 seconds
[2026-05-30T13:06:50.797+0000] {processor.py:161} INFO - Started process (PID=9669) to work on /home/airflow/.local/lib/python3.8/site-packages/airflow/example_dags/example_subdag_operator.py
[2026-05-30T13:06:50.799+0000] {processor.py:830} INFO - Processing file /home/airflow/.local/lib/python3.8/site-packages/airflow/example_dags/example_subdag_operator.py for tasks to queue
[2026-05-30T13:06:50.800+0000] {logging_mixin.py:188} INFO - [2026-05-30T13:06:50.800+0000] {dagbag.py:540} INFO - Filling up the DagBag from /home/airflow/.local/lib/python3.8/site-packages/airflow/example_dags/example_subdag_operator.py
[2026-05-30T13:06:50.819+0000] {processor.py:840} INFO - DAG(s) 'example_subdag_operator.section-1', 'example_subdag_operator.section-2', 'example_subdag_operator' retrieved from /home/airflow/.local/lib/python3.8/site-packages/airflow/example_dags/example_subdag_operator.py
[2026-05-30T13:06:50.830+0000] {logging_mixin.py:188} INFO - [2026-05-30T13:06:50.830+0000] {dag.py:3047} INFO - Sync 3 DAGs
[2026-05-30T13:06:50.845+0000] {logging_mixin.py:188} INFO - [2026-05-30T13:06:50.845+0000] {dag.py:3834} INFO - Setting next_dagrun for example_subdag_operator to 2022-01-01 00:00:00+00:00, run_after=2022-01-01 00:00:00+00:00
[2026-05-30T13:06:50.849+0000] {logging_mixin.py:188} INFO - [2026-05-30T13:06:50.849+0000] {dag.py:3834} INFO - Setting next_dagrun for example_subdag_operator.section-1 to None, run_after=None
[2026-05-30T13:06:50.850+0000] {logging_mixin.py:188} INFO - [2026-05-30T13:06:50.850+0000] {dag.py:3834} INFO - Setting next_dagrun for example_subdag_operator.section-2 to None, run_after=None
[2026-05-30T13:06:50.856+0000] {logging_mixin.py:188} INFO - [2026-05-30T13:06:50.855+0000] {dag.py:3047} INFO - Sync 2 DAGs
[2026-05-30T13:06:50.860+0000] {logging_mixin.py:188} INFO - [2026-05-30T13:06:50.860+0000] {dag.py:3834} INFO - Setting next_dagrun for example_subdag_operator.section-1 to None, run_after=None
[2026-05-30T13:06:50.861+0000] {logging_mixin.py:188} INFO - [2026-05-30T13:06:50.861+0000] {dag.py:3834} INFO - Setting next_dagrun for example_subdag_operator.section-2 to None, run_after=None
[2026-05-30T13:06:50.872+0000] {processor.py:183} INFO - Processing /home/airflow/.local/lib/python3.8/site-packages/airflow/example_dags/example_subdag_operator.py took 0.078 seconds
[2026-05-30T13:07:21.555+0000] {processor.py:161} INFO - Started process (PID=9725) to work on /home/airflow/.local/lib/python3.8/site-packages/airflow/example_dags/example_subdag_operator.py
[2026-05-30T13:07:21.557+0000] {processor.py:830} INFO - Processing file /home/airflow/.local/lib/python3.8/site-packages/airflow/example_dags/example_subdag_operator.py for tasks to queue
[2026-05-30T13:07:21.559+0000] {logging_mixin.py:188} INFO - [2026-05-30T13:07:21.558+0000] {dagbag.py:540} INFO - Filling up the DagBag from /home/airflow/.local/lib/python3.8/site-packages/airflow/example_dags/example_subdag_operator.py
[2026-05-30T13:07:21.579+0000] {processor.py:840} INFO - DAG(s) 'example_subdag_operator.section-1', 'example_subdag_operator.section-2', 'example_subdag_operator' retrieved from /home/airflow/.local/lib/python3.8/site-packages/airflow/example_dags/example_subdag_operator.py
[2026-05-30T13:07:21.591+0000] {logging_mixin.py:188} INFO - [2026-05-30T13:07:21.591+0000] {dag.py:3047} INFO - Sync 3 DAGs
[2026-05-30T13:07:21.608+0000] {logging_mixin.py:188} INFO - [2026-05-30T13:07:21.607+0000] {dag.py:3834} INFO - Setting next_dagrun for example_subdag_operator to 2022-01-01 00:00:00+00:00, run_after=2022-01-01 00:00:00+00:00
[2026-05-30T13:07:21.611+0000] {logging_mixin.py:188} INFO - [2026-05-30T13:07:21.611+0000] {dag.py:3834} INFO - Setting next_dagrun for example_subdag_operator.section-1 to None, run_after=None
[2026-05-30T13:07:21.613+0000] {logging_mixin.py:188} INFO - [2026-05-30T13:07:21.612+0000] {dag.py:3834} INFO - Setting next_dagrun for example_subdag_operator.section-2 to None, run_after=None
[2026-05-30T13:07:21.618+0000] {logging_mixin.py:188} INFO - [2026-05-30T13:07:21.617+0000] {dag.py:3047} INFO - Sync 2 DAGs
[2026-05-30T13:07:21.622+0000] {logging_mixin.py:188} INFO - [2026-05-30T13:07:21.622+0000] {dag.py:3834} INFO - Setting next_dagrun for example_subdag_operator.section-1 to None, run_after=None
[2026-05-30T13:07:21.623+0000] {logging_mixin.py:188} INFO - [2026-05-30T13:07:21.623+0000] {dag.py:3834} INFO - Setting next_dagrun for example_subdag_operator.section-2 to None, run_after=None
[2026-05-30T13:07:21.634+0000] {processor.py:183} INFO - Processing /home/airflow/.local/lib/python3.8/site-packages/airflow/example_dags/example_subdag_operator.py took 0.082 seconds
[2026-05-30T13:07:52.291+0000] {processor.py:161} INFO - Started process (PID=9781) to work on /home/airflow/.local/lib/python3.8/site-packages/airflow/example_dags/example_subdag_operator.py
[2026-05-30T13:07:52.292+0000] {processor.py:830} INFO - Processing file /home/airflow/.local/lib/python3.8/site-packages/airflow/example_dags/example_subdag_operator.py for tasks to queue
[2026-05-30T13:07:52.294+0000] {logging_mixin.py:188} INFO - [2026-05-30T13:07:52.294+0000] {dagbag.py:540} INFO - Filling up the DagBag from /home/airflow/.local/lib/python3.8/site-packages/airflow/example_dags/example_subdag_operator.py
[2026-05-30T13:07:52.319+0000] {processor.py:840} INFO - DAG(s) 'example_subdag_operator.section-1', 'example_subdag_operator.section-2', 'example_subdag_operator' retrieved from /home/airflow/.local/lib/python3.8/site-packages/airflow/example_dags/example_subdag_operator.py
[2026-05-30T13:07:52.333+0000] {logging_mixin.py:188} INFO - [2026-05-30T13:07:52.333+0000] {dag.py:3047} INFO - Sync 3 DAGs
[2026-05-30T13:07:52.353+0000] {logging_mixin.py:188} INFO - [2026-05-30T13:07:52.353+0000] {dag.py:3834} INFO - Setting next_dagrun for example_subdag_operator to 2022-01-01 00:00:00+00:00, run_after=2022-01-01 00:00:00+00:00
[2026-05-30T13:07:52.357+0000] {logging_mixin.py:188} INFO - [2026-05-30T13:07:52.357+0000] {dag.py:3834} INFO - Setting next_dagrun for example_subdag_operator.section-1 to None, run_after=None
[2026-05-30T13:07:52.360+0000] {logging_mixin.py:188} INFO - [2026-05-30T13:07:52.359+0000] {dag.py:3834} INFO - Setting next_dagrun for example_subdag_operator.section-2 to None, run_after=None
[2026-05-30T13:07:52.365+0000] {logging_mixin.py:188} INFO - [2026-05-30T13:07:52.365+0000] {dag.py:3047} INFO - Sync 2 DAGs
[2026-05-30T13:07:52.371+0000] {logging_mixin.py:188} INFO - [2026-05-30T13:07:52.371+0000] {dag.py:3834} INFO - Setting next_dagrun for example_subdag_operator.section-1 to None, run_after=None
[2026-05-30T13:07:52.372+0000] {logging_mixin.py:188} INFO - [2026-05-30T13:07:52.372+0000] {dag.py:3834} INFO - Setting next_dagrun for example_subdag_operator.section-2 to None, run_after=None
[2026-05-30T13:07:52.383+0000] {processor.py:183} INFO - Processing /home/airflow/.local/lib/python3.8/site-packages/airflow/example_dags/example_subdag_operator.py took 0.095 seconds
[2026-05-30T13:08:22.484+0000] {processor.py:161} INFO - Started process (PID=9837) to work on /home/airflow/.local/lib/python3.8/site-packages/airflow/example_dags/example_subdag_operator.py
[2026-05-30T13:08:22.486+0000] {processor.py:830} INFO - Processing file /home/airflow/.local/lib/python3.8/site-packages/airflow/example_dags/example_subdag_operator.py for tasks to queue
[2026-05-30T13:08:22.488+0000] {logging_mixin.py:188} INFO - [2026-05-30T13:08:22.487+0000] {dagbag.py:540} INFO - Filling up the DagBag from /home/airflow/.local/lib/python3.8/site-packages/airflow/example_dags/example_subdag_operator.py
[2026-05-30T13:08:22.506+0000] {processor.py:840} INFO - DAG(s) 'example_subdag_operator.section-1', 'example_subdag_operator.section-2', 'example_subdag_operator' retrieved from /home/airflow/.local/lib/python3.8/site-packages/airflow/example_dags/example_subdag_operator.py
[2026-05-30T13:08:22.517+0000] {logging_mixin.py:188} INFO - [2026-05-30T13:08:22.517+0000] {dag.py:3047} INFO - Sync 3 DAGs
[2026-05-30T13:08:22.533+0000] {logging_mixin.py:188} INFO - [2026-05-30T13:08:22.533+0000] {dag.py:3834} INFO - Setting next_dagrun for example_subdag_operator to 2022-01-01 00:00:00+00:00, run_after=2022-01-01 00:00:00+00:00
[2026-05-30T13:08:22.537+0000] {logging_mixin.py:188} INFO - [2026-05-30T13:08:22.536+0000] {dag.py:3834} INFO - Setting next_dagrun for example_subdag_operator.section-1 to None, run_after=None
[2026-05-30T13:08:22.538+0000] {logging_mixin.py:188} INFO - [2026-05-30T13:08:22.538+0000] {dag.py:3834} INFO - Setting next_dagrun for example_subdag_operator.section-2 to None, run_after=None
[2026-05-30T13:08:22.543+0000] {logging_mixin.py:188} INFO - [2026-05-30T13:08:22.543+0000] {dag.py:3047} INFO - Sync 2 DAGs
[2026-05-30T13:08:22.548+0000] {logging_mixin.py:188} INFO - [2026-05-30T13:08:22.548+0000] {dag.py:3834} INFO - Setting next_dagrun for example_subdag_operator.section-1 to None, run_after=None
[2026-05-30T13:08:22.549+0000] {logging_mixin.py:188} INFO - [2026-05-30T13:08:22.549+0000] {dag.py:3834} INFO - Setting next_dagrun for example_subdag_operator.section-2 to None, run_after=None
[2026-05-30T13:08:22.564+0000] {processor.py:183} INFO - Processing /home/airflow/.local/lib/python3.8/site-packages/airflow/example_dags/example_subdag_operator.py took 0.082 seconds
[2026-05-30T13:08:53.198+0000] {processor.py:161} INFO - Started process (PID=9892) to work on /home/airflow/.local/lib/python3.8/site-packages/airflow/example_dags/example_subdag_operator.py
[2026-05-30T13:08:53.200+0000] {processor.py:830} INFO - Processing file /home/airflow/.local/lib/python3.8/site-packages/airflow/example_dags/example_subdag_operator.py for tasks to queue
[2026-05-30T13:08:53.202+0000] {logging_mixin.py:188} INFO - [2026-05-30T13:08:53.201+0000] {dagbag.py:540} INFO - Filling up the DagBag from /home/airflow/.local/lib/python3.8/site-packages/airflow/example_dags/example_subdag_operator.py
[2026-05-30T13:08:53.220+0000] {processor.py:840} INFO - DAG(s) 'example_subdag_operator.section-1', 'example_subdag_operator.section-2', 'example_subdag_operator' retrieved from /home/airflow/.local/lib/python3.8/site-packages/airflow/example_dags/example_subdag_operator.py
[2026-05-30T13:08:53.232+0000] {logging_mixin.py:188} INFO - [2026-05-30T13:08:53.232+0000] {dag.py:3047} INFO - Sync 3 DAGs
[2026-05-30T13:08:53.247+0000] {logging_mixin.py:188} INFO - [2026-05-30T13:08:53.247+0000] {dag.py:3834} INFO - Setting next_dagrun for example_subdag_operator to 2022-01-01 00:00:00+00:00, run_after=2022-01-01 00:00:00+00:00
[2026-05-30T13:08:53.251+0000] {logging_mixin.py:188} INFO - [2026-05-30T13:08:53.251+0000] {dag.py:3834} INFO - Setting next_dagrun for example_subdag_operator.section-1 to None, run_after=None
[2026-05-30T13:08:53.253+0000] {logging_mixin.py:188} INFO - [2026-05-30T13:08:53.252+0000] {dag.py:3834} INFO - Setting next_dagrun for example_subdag_operator.section-2 to None, run_after=None
[2026-05-30T13:08:53.258+0000] {logging_mixin.py:188} INFO - [2026-05-30T13:08:53.258+0000] {dag.py:3047} INFO - Sync 2 DAGs
[2026-05-30T13:08:53.263+0000] {logging_mixin.py:188} INFO - [2026-05-30T13:08:53.262+0000] {dag.py:3834} INFO - Setting next_dagrun for example_subdag_operator.section-1 to None, run_after=None
[2026-05-30T13:08:53.264+0000] {logging_mixin.py:188} INFO - [2026-05-30T13:08:53.264+0000] {dag.py:3834} INFO - Setting next_dagrun for example_subdag_operator.section-2 to None, run_after=None
[2026-05-30T13:08:53.277+0000] {processor.py:183} INFO - Processing /home/airflow/.local/lib/python3.8/site-packages/airflow/example_dags/example_subdag_operator.py took 0.082 seconds
[2026-05-30T13:09:23.950+0000] {processor.py:161} INFO - Started process (PID=9948) to work on /home/airflow/.local/lib/python3.8/site-packages/airflow/example_dags/example_subdag_operator.py
[2026-05-30T13:09:23.951+0000] {processor.py:830} INFO - Processing file /home/airflow/.local/lib/python3.8/site-packages/airflow/example_dags/example_subdag_operator.py for tasks to queue
[2026-05-30T13:09:23.953+0000] {logging_mixin.py:188} INFO - [2026-05-30T13:09:23.953+0000] {dagbag.py:540} INFO - Filling up the DagBag from /home/airflow/.local/lib/python3.8/site-packages/airflow/example_dags/example_subdag_operator.py
[2026-05-30T13:09:23.974+0000] {processor.py:840} INFO - DAG(s) 'example_subdag_operator.section-1', 'example_subdag_operator.section-2', 'example_subdag_operator' retrieved from /home/airflow/.local/lib/python3.8/site-packages/airflow/example_dags/example_subdag_operator.py
[2026-05-30T13:09:23.986+0000] {logging_mixin.py:188} INFO - [2026-05-30T13:09:23.986+0000] {dag.py:3047} INFO - Sync 3 DAGs
[2026-05-30T13:09:24.003+0000] {logging_mixin.py:188} INFO - [2026-05-30T13:09:24.002+0000] {dag.py:3834} INFO - Setting next_dagrun for example_subdag_operator to 2022-01-01 00:00:00+00:00, run_after=2022-01-01 00:00:00+00:00
[2026-05-30T13:09:24.007+0000] {logging_mixin.py:188} INFO - [2026-05-30T13:09:24.006+0000] {dag.py:3834} INFO - Setting next_dagrun for example_subdag_operator.section-1 to None, run_after=None
[2026-05-30T13:09:24.008+0000] {logging_mixin.py:188} INFO - [2026-05-30T13:09:24.008+0000] {dag.py:3834} INFO - Setting next_dagrun for example_subdag_operator.section-2 to None, run_after=None
[2026-05-30T13:09:24.016+0000] {logging_mixin.py:188} INFO - [2026-05-30T13:09:24.016+0000] {dag.py:3047} INFO - Sync 2 DAGs
[2026-05-30T13:09:24.021+0000] {logging_mixin.py:188} INFO - [2026-05-30T13:09:24.021+0000] {dag.py:3834} INFO - Setting next_dagrun for example_subdag_operator.section-1 to None, run_after=None
[2026-05-30T13:09:24.022+0000] {logging_mixin.py:188} INFO - [2026-05-30T13:09:24.022+0000] {dag.py:3834} INFO - Setting next_dagrun for example_subdag_operator.section-2 to None, run_after=None
[2026-05-30T13:09:24.032+0000] {processor.py:183} INFO - Processing /home/airflow/.local/lib/python3.8/site-packages/airflow/example_dags/example_subdag_operator.py took 0.085 seconds
[2026-05-30T13:09:54.443+0000] {processor.py:161} INFO - Started process (PID=10004) to work on /home/airflow/.local/lib/python3.8/site-packages/airflow/example_dags/example_subdag_operator.py
[2026-05-30T13:09:54.444+0000] {processor.py:830} INFO - Processing file /home/airflow/.local/lib/python3.8/site-packages/airflow/example_dags/example_subdag_operator.py for tasks to queue
[2026-05-30T13:09:54.446+0000] {logging_mixin.py:188} INFO - [2026-05-30T13:09:54.446+0000] {dagbag.py:540} INFO - Filling up the DagBag from /home/airflow/.local/lib/python3.8/site-packages/airflow/example_dags/example_subdag_operator.py
[2026-05-30T13:09:54.467+0000] {processor.py:840} INFO - DAG(s) 'example_subdag_operator.section-1', 'example_subdag_operator.section-2', 'example_subdag_operator' retrieved from /home/airflow/.local/lib/python3.8/site-packages/airflow/example_dags/example_subdag_operator.py
[2026-05-30T13:09:54.479+0000] {logging_mixin.py:188} INFO - [2026-05-30T13:09:54.479+0000] {dag.py:3047} INFO - Sync 3 DAGs
[2026-05-30T13:09:54.495+0000] {logging_mixin.py:188} INFO - [2026-05-30T13:09:54.495+0000] {dag.py:3834} INFO - Setting next_dagrun for example_subdag_operator to 2022-01-01 00:00:00+00:00, run_after=2022-01-01 00:00:00+00:00
[2026-05-30T13:09:54.498+0000] {logging_mixin.py:188} INFO - [2026-05-30T13:09:54.498+0000] {dag.py:3834} INFO - Setting next_dagrun for example_subdag_operator.section-1 to None, run_after=None
[2026-05-30T13:09:54.500+0000] {logging_mixin.py:188} INFO - [2026-05-30T13:09:54.500+0000] {dag.py:3834} INFO - Setting next_dagrun for example_subdag_operator.section-2 to None, run_after=None
[2026-05-30T13:09:54.506+0000] {logging_mixin.py:188} INFO - [2026-05-30T13:09:54.505+0000] {dag.py:3047} INFO - Sync 2 DAGs
[2026-05-30T13:09:54.510+0000] {logging_mixin.py:188} INFO - [2026-05-30T13:09:54.510+0000] {dag.py:3834} INFO - Setting next_dagrun for example_subdag_operator.section-1 to None, run_after=None
[2026-05-30T13:09:54.510+0000] {logging_mixin.py:188} INFO - [2026-05-30T13:09:54.510+0000] {dag.py:3834} INFO - Setting next_dagrun for example_subdag_operator.section-2 to None, run_after=None
[2026-05-30T13:09:54.521+0000] {processor.py:183} INFO - Processing /home/airflow/.local/lib/python3.8/site-packages/airflow/example_dags/example_subdag_operator.py took 0.081 seconds
[2026-05-30T13:10:25.289+0000] {processor.py:161} INFO - Started process (PID=10060) to work on /home/airflow/.local/lib/python3.8/site-packages/airflow/example_dags/example_subdag_operator.py
[2026-05-30T13:10:25.290+0000] {processor.py:830} INFO - Processing file /home/airflow/.local/lib/python3.8/site-packages/airflow/example_dags/example_subdag_operator.py for tasks to queue
[2026-05-30T13:10:25.292+0000] {logging_mixin.py:188} INFO - [2026-05-30T13:10:25.292+0000] {dagbag.py:540} INFO - Filling up the DagBag from /home/airflow/.local/lib/python3.8/site-packages/airflow/example_dags/example_subdag_operator.py
[2026-05-30T13:10:25.312+0000] {processor.py:840} INFO - DAG(s) 'example_subdag_operator.section-1', 'example_subdag_operator.section-2', 'example_subdag_operator' retrieved from /home/airflow/.local/lib/python3.8/site-packages/airflow/example_dags/example_subdag_operator.py
[2026-05-30T13:10:25.325+0000] {logging_mixin.py:188} INFO - [2026-05-30T13:10:25.325+0000] {dag.py:3047} INFO - Sync 3 DAGs
[2026-05-30T13:10:25.341+0000] {logging_mixin.py:188} INFO - [2026-05-30T13:10:25.340+0000] {dag.py:3834} INFO - Setting next_dagrun for example_subdag_operator to 2022-01-01 00:00:00+00:00, run_after=2022-01-01 00:00:00+00:00
[2026-05-30T13:10:25.344+0000] {logging_mixin.py:188} INFO - [2026-05-30T13:10:25.344+0000] {dag.py:3834} INFO - Setting next_dagrun for example_subdag_operator.section-1 to None, run_after=None
[2026-05-30T13:10:25.346+0000] {logging_mixin.py:188} INFO - [2026-05-30T13:10:25.346+0000] {dag.py:3834} INFO - Setting next_dagrun for example_subdag_operator.section-2 to None, run_after=None
[2026-05-30T13:10:25.353+0000] {logging_mixin.py:188} INFO - [2026-05-30T13:10:25.353+0000] {dag.py:3047} INFO - Sync 2 DAGs
[2026-05-30T13:10:25.357+0000] {logging_mixin.py:188} INFO - [2026-05-30T13:10:25.357+0000] {dag.py:3834} INFO - Setting next_dagrun for example_subdag_operator.section-1 to None, run_after=None
[2026-05-30T13:10:25.358+0000] {logging_mixin.py:188} INFO - [2026-05-30T13:10:25.357+0000] {dag.py:3834} INFO - Setting next_dagrun for example_subdag_operator.section-2 to None, run_after=None
[2026-05-30T13:10:25.371+0000] {processor.py:183} INFO - Processing /home/airflow/.local/lib/python3.8/site-packages/airflow/example_dags/example_subdag_operator.py took 0.085 seconds
[2026-05-30T13:10:55.661+0000] {processor.py:161} INFO - Started process (PID=10117) to work on /home/airflow/.local/lib/python3.8/site-packages/airflow/example_dags/example_subdag_operator.py
[2026-05-30T13:10:55.663+0000] {processor.py:830} INFO - Processing file /home/airflow/.local/lib/python3.8/site-packages/airflow/example_dags/example_subdag_operator.py for tasks to queue
[2026-05-30T13:10:55.665+0000] {logging_mixin.py:188} INFO - [2026-05-30T13:10:55.665+0000] {dagbag.py:540} INFO - Filling up the DagBag from /home/airflow/.local/lib/python3.8/site-packages/airflow/example_dags/example_subdag_operator.py
[2026-05-30T13:10:55.686+0000] {processor.py:840} INFO - DAG(s) 'example_subdag_operator.section-1', 'example_subdag_operator.section-2', 'example_subdag_operator' retrieved from /home/airflow/.local/lib/python3.8/site-packages/airflow/example_dags/example_subdag_operator.py
[2026-05-30T13:10:55.698+0000] {logging_mixin.py:188} INFO - [2026-05-30T13:10:55.698+0000] {dag.py:3047} INFO - Sync 3 DAGs
[2026-05-30T13:10:55.714+0000] {logging_mixin.py:188} INFO - [2026-05-30T13:10:55.714+0000] {dag.py:3834} INFO - Setting next_dagrun for example_subdag_operator to 2022-01-01 00:00:00+00:00, run_after=2022-01-01 00:00:00+00:00
[2026-05-30T13:10:55.717+0000] {logging_mixin.py:188} INFO - [2026-05-30T13:10:55.717+0000] {dag.py:3834} INFO - Setting next_dagrun for example_subdag_operator.section-1 to None, run_after=None
[2026-05-30T13:10:55.719+0000] {logging_mixin.py:188} INFO - [2026-05-30T13:10:55.719+0000] {dag.py:3834} INFO - Setting next_dagrun for example_subdag_operator.section-2 to None, run_after=None
[2026-05-30T13:10:55.726+0000] {logging_mixin.py:188} INFO - [2026-05-30T13:10:55.725+0000] {dag.py:3047} INFO - Sync 2 DAGs
[2026-05-30T13:10:55.732+0000] {logging_mixin.py:188} INFO - [2026-05-30T13:10:55.731+0000] {dag.py:3834} INFO - Setting next_dagrun for example_subdag_operator.section-1 to None, run_after=None
[2026-05-30T13:10:55.735+0000] {logging_mixin.py:188} INFO - [2026-05-30T13:10:55.735+0000] {dag.py:3834} INFO - Setting next_dagrun for example_subdag_operator.section-2 to None, run_after=None
[2026-05-30T13:10:55.747+0000] {processor.py:183} INFO - Processing /home/airflow/.local/lib/python3.8/site-packages/airflow/example_dags/example_subdag_operator.py took 0.089 seconds
[2026-05-30T13:11:26.152+0000] {processor.py:161} INFO - Started process (PID=10173) to work on /home/airflow/.local/lib/python3.8/site-packages/airflow/example_dags/example_subdag_operator.py
[2026-05-30T13:11:26.154+0000] {processor.py:830} INFO - Processing file /home/airflow/.local/lib/python3.8/site-packages/airflow/example_dags/example_subdag_operator.py for tasks to queue
[2026-05-30T13:11:26.155+0000] {logging_mixin.py:188} INFO - [2026-05-30T13:11:26.155+0000] {dagbag.py:540} INFO - Filling up the DagBag from /home/airflow/.local/lib/python3.8/site-packages/airflow/example_dags/example_subdag_operator.py
[2026-05-30T13:11:26.176+0000] {processor.py:840} INFO - DAG(s) 'example_subdag_operator.section-1', 'example_subdag_operator.section-2', 'example_subdag_operator' retrieved from /home/airflow/.local/lib/python3.8/site-packages/airflow/example_dags/example_subdag_operator.py
[2026-05-30T13:11:26.187+0000] {logging_mixin.py:188} INFO - [2026-05-30T13:11:26.187+0000] {dag.py:3047} INFO - Sync 3 DAGs
[2026-05-30T13:11:26.202+0000] {logging_mixin.py:188} INFO - [2026-05-30T13:11:26.202+0000] {dag.py:3834} INFO - Setting next_dagrun for example_subdag_operator to 2022-01-01 00:00:00+00:00, run_after=2022-01-01 00:00:00+00:00
[2026-05-30T13:11:26.205+0000] {logging_mixin.py:188} INFO - [2026-05-30T13:11:26.205+0000] {dag.py:3834} INFO - Setting next_dagrun for example_subdag_operator.section-1 to None, run_after=None
[2026-05-30T13:11:26.207+0000] {logging_mixin.py:188} INFO - [2026-05-30T13:11:26.207+0000] {dag.py:3834} INFO - Setting next_dagrun for example_subdag_operator.section-2 to None, run_after=None
[2026-05-30T13:11:26.212+0000] {logging_mixin.py:188} INFO - [2026-05-30T13:11:26.212+0000] {dag.py:3047} INFO - Sync 2 DAGs
[2026-05-30T13:11:26.215+0000] {logging_mixin.py:188} INFO - [2026-05-30T13:11:26.215+0000] {dag.py:3834} INFO - Setting next_dagrun for example_subdag_operator.section-1 to None, run_after=None
[2026-05-30T13:11:26.216+0000] {logging_mixin.py:188} INFO - [2026-05-30T13:11:26.216+0000] {dag.py:3834} INFO - Setting next_dagrun for example_subdag_operator.section-2 to None, run_after=None
[2026-05-30T13:11:26.224+0000] {processor.py:183} INFO - Processing /home/airflow/.local/lib/python3.8/site-packages/airflow/example_dags/example_subdag_operator.py took 0.074 seconds
[2026-05-30T13:11:56.507+0000] {processor.py:161} INFO - Started process (PID=10229) to work on /home/airflow/.local/lib/python3.8/site-packages/airflow/example_dags/example_subdag_operator.py
[2026-05-30T13:11:56.509+0000] {processor.py:830} INFO - Processing file /home/airflow/.local/lib/python3.8/site-packages/airflow/example_dags/example_subdag_operator.py for tasks to queue
[2026-05-30T13:11:56.510+0000] {logging_mixin.py:188} INFO - [2026-05-30T13:11:56.510+0000] {dagbag.py:540} INFO - Filling up the DagBag from /home/airflow/.local/lib/python3.8/site-packages/airflow/example_dags/example_subdag_operator.py
[2026-05-30T13:11:56.529+0000] {processor.py:840} INFO - DAG(s) 'example_subdag_operator.section-1', 'example_subdag_operator.section-2', 'example_subdag_operator' retrieved from /home/airflow/.local/lib/python3.8/site-packages/airflow/example_dags/example_subdag_operator.py
[2026-05-30T13:11:56.541+0000] {logging_mixin.py:188} INFO - [2026-05-30T13:11:56.541+0000] {dag.py:3047} INFO - Sync 3 DAGs
[2026-05-30T13:11:56.555+0000] {logging_mixin.py:188} INFO - [2026-05-30T13:11:56.555+0000] {dag.py:3834} INFO - Setting next_dagrun for example_subdag_operator to 2022-01-01 00:00:00+00:00, run_after=2022-01-01 00:00:00+00:00
[2026-05-30T13:11:56.558+0000] {logging_mixin.py:188} INFO - [2026-05-30T13:11:56.558+0000] {dag.py:3834} INFO - Setting next_dagrun for example_subdag_operator.section-1 to None, run_after=None
[2026-05-30T13:11:56.560+0000] {logging_mixin.py:188} INFO - [2026-05-30T13:11:56.559+0000] {dag.py:3834} INFO - Setting next_dagrun for example_subdag_operator.section-2 to None, run_after=None
[2026-05-30T13:11:56.565+0000] {logging_mixin.py:188} INFO - [2026-05-30T13:11:56.565+0000] {dag.py:3047} INFO - Sync 2 DAGs
[2026-05-30T13:11:56.570+0000] {logging_mixin.py:188} INFO - [2026-05-30T13:11:56.570+0000] {dag.py:3834} INFO - Setting next_dagrun for example_subdag_operator.section-1 to None, run_after=None
[2026-05-30T13:11:56.571+0000] {logging_mixin.py:188} INFO - [2026-05-30T13:11:56.571+0000] {dag.py:3834} INFO - Setting next_dagrun for example_subdag_operator.section-2 to None, run_after=None
[2026-05-30T13:11:56.583+0000] {processor.py:183} INFO - Processing /home/airflow/.local/lib/python3.8/site-packages/airflow/example_dags/example_subdag_operator.py took 0.079 seconds
[2026-05-30T13:12:26.730+0000] {processor.py:161} INFO - Started process (PID=10285) to work on /home/airflow/.local/lib/python3.8/site-packages/airflow/example_dags/example_subdag_operator.py
[2026-05-30T13:12:26.732+0000] {processor.py:830} INFO - Processing file /home/airflow/.local/lib/python3.8/site-packages/airflow/example_dags/example_subdag_operator.py for tasks to queue
[2026-05-30T13:12:26.735+0000] {logging_mixin.py:188} INFO - [2026-05-30T13:12:26.734+0000] {dagbag.py:540} INFO - Filling up the DagBag from /home/airflow/.local/lib/python3.8/site-packages/airflow/example_dags/example_subdag_operator.py
[2026-05-30T13:12:26.759+0000] {processor.py:840} INFO - DAG(s) 'example_subdag_operator.section-1', 'example_subdag_operator.section-2', 'example_subdag_operator' retrieved from /home/airflow/.local/lib/python3.8/site-packages/airflow/example_dags/example_subdag_operator.py
[2026-05-30T13:12:26.773+0000] {logging_mixin.py:188} INFO - [2026-05-30T13:12:26.773+0000] {dag.py:3047} INFO - Sync 3 DAGs
[2026-05-30T13:12:26.791+0000] {logging_mixin.py:188} INFO - [2026-05-30T13:12:26.791+0000] {dag.py:3834} INFO - Setting next_dagrun for example_subdag_operator to 2022-01-01 00:00:00+00:00, run_after=2022-01-01 00:00:00+00:00
[2026-05-30T13:12:26.796+0000] {logging_mixin.py:188} INFO - [2026-05-30T13:12:26.795+0000] {dag.py:3834} INFO - Setting next_dagrun for example_subdag_operator.section-1 to None, run_after=None
[2026-05-30T13:12:26.797+0000] {logging_mixin.py:188} INFO - [2026-05-30T13:12:26.797+0000] {dag.py:3834} INFO - Setting next_dagrun for example_subdag_operator.section-2 to None, run_after=None
[2026-05-30T13:12:26.805+0000] {logging_mixin.py:188} INFO - [2026-05-30T13:12:26.805+0000] {dag.py:3047} INFO - Sync 2 DAGs
[2026-05-30T13:12:26.810+0000] {logging_mixin.py:188} INFO - [2026-05-30T13:12:26.810+0000] {dag.py:3834} INFO - Setting next_dagrun for example_subdag_operator.section-1 to None, run_after=None
[2026-05-30T13:12:26.811+0000] {logging_mixin.py:188} INFO - [2026-05-30T13:12:26.811+0000] {dag.py:3834} INFO - Setting next_dagrun for example_subdag_operator.section-2 to None, run_after=None
[2026-05-30T13:12:26.824+0000] {processor.py:183} INFO - Processing /home/airflow/.local/lib/python3.8/site-packages/airflow/example_dags/example_subdag_operator.py took 0.097 seconds
[2026-05-30T13:12:57.370+0000] {processor.py:161} INFO - Started process (PID=10341) to work on /home/airflow/.local/lib/python3.8/site-packages/airflow/example_dags/example_subdag_operator.py
[2026-05-30T13:12:57.371+0000] {processor.py:830} INFO - Processing file /home/airflow/.local/lib/python3.8/site-packages/airflow/example_dags/example_subdag_operator.py for tasks to queue
[2026-05-30T13:12:57.373+0000] {logging_mixin.py:188} INFO - [2026-05-30T13:12:57.373+0000] {dagbag.py:540} INFO - Filling up the DagBag from /home/airflow/.local/lib/python3.8/site-packages/airflow/example_dags/example_subdag_operator.py
[2026-05-30T13:12:57.395+0000] {processor.py:840} INFO - DAG(s) 'example_subdag_operator.section-1', 'example_subdag_operator.section-2', 'example_subdag_operator' retrieved from /home/airflow/.local/lib/python3.8/site-packages/airflow/example_dags/example_subdag_operator.py
[2026-05-30T13:12:57.409+0000] {logging_mixin.py:188} INFO - [2026-05-30T13:12:57.409+0000] {dag.py:3047} INFO - Sync 3 DAGs
[2026-05-30T13:12:57.428+0000] {logging_mixin.py:188} INFO - [2026-05-30T13:12:57.428+0000] {dag.py:3834} INFO - Setting next_dagrun for example_subdag_operator to 2022-01-01 00:00:00+00:00, run_after=2022-01-01 00:00:00+00:00
[2026-05-30T13:12:57.433+0000] {logging_mixin.py:188} INFO - [2026-05-30T13:12:57.432+0000] {dag.py:3834} INFO - Setting next_dagrun for example_subdag_operator.section-1 to None, run_after=None
[2026-05-30T13:12:57.435+0000] {logging_mixin.py:188} INFO - [2026-05-30T13:12:57.435+0000] {dag.py:3834} INFO - Setting next_dagrun for example_subdag_operator.section-2 to None, run_after=None
[2026-05-30T13:12:57.442+0000] {logging_mixin.py:188} INFO - [2026-05-30T13:12:57.441+0000] {dag.py:3047} INFO - Sync 2 DAGs
[2026-05-30T13:12:57.447+0000] {logging_mixin.py:188} INFO - [2026-05-30T13:12:57.447+0000] {dag.py:3834} INFO - Setting next_dagrun for example_subdag_operator.section-1 to None, run_after=None
[2026-05-30T13:12:57.448+0000] {logging_mixin.py:188} INFO - [2026-05-30T13:12:57.448+0000] {dag.py:3834} INFO - Setting next_dagrun for example_subdag_operator.section-2 to None, run_after=None
[2026-05-30T13:12:57.465+0000] {processor.py:183} INFO - Processing /home/airflow/.local/lib/python3.8/site-packages/airflow/example_dags/example_subdag_operator.py took 0.097 seconds
[2026-05-30T13:13:27.676+0000] {processor.py:161} INFO - Started process (PID=10398) to work on /home/airflow/.local/lib/python3.8/site-packages/airflow/example_dags/example_subdag_operator.py
[2026-05-30T13:13:27.677+0000] {processor.py:830} INFO - Processing file /home/airflow/.local/lib/python3.8/site-packages/airflow/example_dags/example_subdag_operator.py for tasks to queue
[2026-05-30T13:13:27.679+0000] {logging_mixin.py:188} INFO - [2026-05-30T13:13:27.679+0000] {dagbag.py:540} INFO - Filling up the DagBag from /home/airflow/.local/lib/python3.8/site-packages/airflow/example_dags/example_subdag_operator.py
[2026-05-30T13:13:27.699+0000] {processor.py:840} INFO - DAG(s) 'example_subdag_operator.section-1', 'example_subdag_operator.section-2', 'example_subdag_operator' retrieved from /home/airflow/.local/lib/python3.8/site-packages/airflow/example_dags/example_subdag_operator.py
[2026-05-30T13:13:27.712+0000] {logging_mixin.py:188} INFO - [2026-05-30T13:13:27.711+0000] {dag.py:3047} INFO - Sync 3 DAGs
[2026-05-30T13:13:27.727+0000] {logging_mixin.py:188} INFO - [2026-05-30T13:13:27.727+0000] {dag.py:3834} INFO - Setting next_dagrun for example_subdag_operator to 2022-01-01 00:00:00+00:00, run_after=2022-01-01 00:00:00+00:00
[2026-05-30T13:13:27.731+0000] {logging_mixin.py:188} INFO - [2026-05-30T13:13:27.731+0000] {dag.py:3834} INFO - Setting next_dagrun for example_subdag_operator.section-1 to None, run_after=None
[2026-05-30T13:13:27.733+0000] {logging_mixin.py:188} INFO - [2026-05-30T13:13:27.733+0000] {dag.py:3834} INFO - Setting next_dagrun for example_subdag_operator.section-2 to None, run_after=None
[2026-05-30T13:13:27.740+0000] {logging_mixin.py:188} INFO - [2026-05-30T13:13:27.740+0000] {dag.py:3047} INFO - Sync 2 DAGs
[2026-05-30T13:13:27.745+0000] {logging_mixin.py:188} INFO - [2026-05-30T13:13:27.745+0000] {dag.py:3834} INFO - Setting next_dagrun for example_subdag_operator.section-1 to None, run_after=None
[2026-05-30T13:13:27.746+0000] {logging_mixin.py:188} INFO - [2026-05-30T13:13:27.746+0000] {dag.py:3834} INFO - Setting next_dagrun for example_subdag_operator.section-2 to None, run_after=None
[2026-05-30T13:13:27.756+0000] {processor.py:183} INFO - Processing /home/airflow/.local/lib/python3.8/site-packages/airflow/example_dags/example_subdag_operator.py took 0.082 seconds
[2026-05-30T13:13:58.104+0000] {processor.py:161} INFO - Started process (PID=10453) to work on /home/airflow/.local/lib/python3.8/site-packages/airflow/example_dags/example_subdag_operator.py
[2026-05-30T13:13:58.105+0000] {processor.py:830} INFO - Processing file /home/airflow/.local/lib/python3.8/site-packages/airflow/example_dags/example_subdag_operator.py for tasks to queue
[2026-05-30T13:13:58.107+0000] {logging_mixin.py:188} INFO - [2026-05-30T13:13:58.107+0000] {dagbag.py:540} INFO - Filling up the DagBag from /home/airflow/.local/lib/python3.8/site-packages/airflow/example_dags/example_subdag_operator.py
[2026-05-30T13:13:58.128+0000] {processor.py:840} INFO - DAG(s) 'example_subdag_operator.section-1', 'example_subdag_operator.section-2', 'example_subdag_operator' retrieved from /home/airflow/.local/lib/python3.8/site-packages/airflow/example_dags/example_subdag_operator.py
[2026-05-30T13:13:58.140+0000] {logging_mixin.py:188} INFO - [2026-05-30T13:13:58.140+0000] {dag.py:3047} INFO - Sync 3 DAGs
[2026-05-30T13:13:58.158+0000] {logging_mixin.py:188} INFO - [2026-05-30T13:13:58.158+0000] {dag.py:3834} INFO - Setting next_dagrun for example_subdag_operator to 2022-01-01 00:00:00+00:00, run_after=2022-01-01 00:00:00+00:00
[2026-05-30T13:13:58.162+0000] {logging_mixin.py:188} INFO - [2026-05-30T13:13:58.162+0000] {dag.py:3834} INFO - Setting next_dagrun for example_subdag_operator.section-1 to None, run_after=None
[2026-05-30T13:13:58.165+0000] {logging_mixin.py:188} INFO - [2026-05-30T13:13:58.165+0000] {dag.py:3834} INFO - Setting next_dagrun for example_subdag_operator.section-2 to None, run_after=None
[2026-05-30T13:13:58.175+0000] {logging_mixin.py:188} INFO - [2026-05-30T13:13:58.175+0000] {dag.py:3047} INFO - Sync 2 DAGs
[2026-05-30T13:13:58.181+0000] {logging_mixin.py:188} INFO - [2026-05-30T13:13:58.180+0000] {dag.py:3834} INFO - Setting next_dagrun for example_subdag_operator.section-1 to None, run_after=None
[2026-05-30T13:13:58.181+0000] {logging_mixin.py:188} INFO - [2026-05-30T13:13:58.181+0000] {dag.py:3834} INFO - Setting next_dagrun for example_subdag_operator.section-2 to None, run_after=None
[2026-05-30T13:13:58.199+0000] {processor.py:183} INFO - Processing /home/airflow/.local/lib/python3.8/site-packages/airflow/example_dags/example_subdag_operator.py took 0.098 seconds
[2026-05-30T13:14:28.825+0000] {processor.py:161} INFO - Started process (PID=10509) to work on /home/airflow/.local/lib/python3.8/site-packages/airflow/example_dags/example_subdag_operator.py
[2026-05-30T13:14:28.827+0000] {processor.py:830} INFO - Processing file /home/airflow/.local/lib/python3.8/site-packages/airflow/example_dags/example_subdag_operator.py for tasks to queue
[2026-05-30T13:14:28.829+0000] {logging_mixin.py:188} INFO - [2026-05-30T13:14:28.828+0000] {dagbag.py:540} INFO - Filling up the DagBag from /home/airflow/.local/lib/python3.8/site-packages/airflow/example_dags/example_subdag_operator.py
[2026-05-30T13:14:28.851+0000] {processor.py:840} INFO - DAG(s) 'example_subdag_operator.section-1', 'example_subdag_operator.section-2', 'example_subdag_operator' retrieved from /home/airflow/.local/lib/python3.8/site-packages/airflow/example_dags/example_subdag_operator.py
[2026-05-30T13:14:28.862+0000] {logging_mixin.py:188} INFO - [2026-05-30T13:14:28.862+0000] {dag.py:3047} INFO - Sync 3 DAGs
[2026-05-30T13:14:28.878+0000] {logging_mixin.py:188} INFO - [2026-05-30T13:14:28.878+0000] {dag.py:3834} INFO - Setting next_dagrun for example_subdag_operator to 2022-01-01 00:00:00+00:00, run_after=2022-01-01 00:00:00+00:00
[2026-05-30T13:14:28.881+0000] {logging_mixin.py:188} INFO - [2026-05-30T13:14:28.881+0000] {dag.py:3834} INFO - Setting next_dagrun for example_subdag_operator.section-1 to None, run_after=None
[2026-05-30T13:14:28.883+0000] {logging_mixin.py:188} INFO - [2026-05-30T13:14:28.883+0000] {dag.py:3834} INFO - Setting next_dagrun for example_subdag_operator.section-2 to None, run_after=None
[2026-05-30T13:14:28.889+0000] {logging_mixin.py:188} INFO - [2026-05-30T13:14:28.889+0000] {dag.py:3047} INFO - Sync 2 DAGs
[2026-05-30T13:14:28.893+0000] {logging_mixin.py:188} INFO - [2026-05-30T13:14:28.893+0000] {dag.py:3834} INFO - Setting next_dagrun for example_subdag_operator.section-1 to None, run_after=None
[2026-05-30T13:14:28.894+0000] {logging_mixin.py:188} INFO - [2026-05-30T13:14:28.894+0000] {dag.py:3834} INFO - Setting next_dagrun for example_subdag_operator.section-2 to None, run_after=None
[2026-05-30T13:14:28.904+0000] {processor.py:183} INFO - Processing /home/airflow/.local/lib/python3.8/site-packages/airflow/example_dags/example_subdag_operator.py took 0.082 seconds
[2026-05-30T13:14:59.204+0000] {processor.py:161} INFO - Started process (PID=10565) to work on /home/airflow/.local/lib/python3.8/site-packages/airflow/example_dags/example_subdag_operator.py
[2026-05-30T13:14:59.205+0000] {processor.py:830} INFO - Processing file /home/airflow/.local/lib/python3.8/site-packages/airflow/example_dags/example_subdag_operator.py for tasks to queue
[2026-05-30T13:14:59.207+0000] {logging_mixin.py:188} INFO - [2026-05-30T13:14:59.206+0000] {dagbag.py:540} INFO - Filling up the DagBag from /home/airflow/.local/lib/python3.8/site-packages/airflow/example_dags/example_subdag_operator.py
[2026-05-30T13:14:59.225+0000] {processor.py:840} INFO - DAG(s) 'example_subdag_operator.section-1', 'example_subdag_operator.section-2', 'example_subdag_operator' retrieved from /home/airflow/.local/lib/python3.8/site-packages/airflow/example_dags/example_subdag_operator.py
[2026-05-30T13:14:59.236+0000] {logging_mixin.py:188} INFO - [2026-05-30T13:14:59.236+0000] {dag.py:3047} INFO - Sync 3 DAGs
[2026-05-30T13:14:59.250+0000] {logging_mixin.py:188} INFO - [2026-05-30T13:14:59.250+0000] {dag.py:3834} INFO - Setting next_dagrun for example_subdag_operator to 2022-01-01 00:00:00+00:00, run_after=2022-01-01 00:00:00+00:00
[2026-05-30T13:14:59.253+0000] {logging_mixin.py:188} INFO - [2026-05-30T13:14:59.253+0000] {dag.py:3834} INFO - Setting next_dagrun for example_subdag_operator.section-1 to None, run_after=None
[2026-05-30T13:14:59.255+0000] {logging_mixin.py:188} INFO - [2026-05-30T13:14:59.255+0000] {dag.py:3834} INFO - Setting next_dagrun for example_subdag_operator.section-2 to None, run_after=None
[2026-05-30T13:14:59.260+0000] {logging_mixin.py:188} INFO - [2026-05-30T13:14:59.260+0000] {dag.py:3047} INFO - Sync 2 DAGs
[2026-05-30T13:14:59.264+0000] {logging_mixin.py:188} INFO - [2026-05-30T13:14:59.264+0000] {dag.py:3834} INFO - Setting next_dagrun for example_subdag_operator.section-1 to None, run_after=None
[2026-05-30T13:14:59.265+0000] {logging_mixin.py:188} INFO - [2026-05-30T13:14:59.265+0000] {dag.py:3834} INFO - Setting next_dagrun for example_subdag_operator.section-2 to None, run_after=None
[2026-05-30T13:14:59.273+0000] {processor.py:183} INFO - Processing /home/airflow/.local/lib/python3.8/site-packages/airflow/example_dags/example_subdag_operator.py took 0.072 seconds
[2026-05-30T13:15:29.669+0000] {processor.py:161} INFO - Started process (PID=10621) to work on /home/airflow/.local/lib/python3.8/site-packages/airflow/example_dags/example_subdag_operator.py
[2026-05-30T13:15:29.670+0000] {processor.py:830} INFO - Processing file /home/airflow/.local/lib/python3.8/site-packages/airflow/example_dags/example_subdag_operator.py for tasks to queue
[2026-05-30T13:15:29.672+0000] {logging_mixin.py:188} INFO - [2026-05-30T13:15:29.672+0000] {dagbag.py:540} INFO - Filling up the DagBag from /home/airflow/.local/lib/python3.8/site-packages/airflow/example_dags/example_subdag_operator.py
[2026-05-30T13:15:29.694+0000] {processor.py:840} INFO - DAG(s) 'example_subdag_operator.section-1', 'example_subdag_operator.section-2', 'example_subdag_operator' retrieved from /home/airflow/.local/lib/python3.8/site-packages/airflow/example_dags/example_subdag_operator.py
[2026-05-30T13:15:29.705+0000] {logging_mixin.py:188} INFO - [2026-05-30T13:15:29.705+0000] {dag.py:3047} INFO - Sync 3 DAGs
[2026-05-30T13:15:29.722+0000] {logging_mixin.py:188} INFO - [2026-05-30T13:15:29.722+0000] {dag.py:3834} INFO - Setting next_dagrun for example_subdag_operator to 2022-01-01 00:00:00+00:00, run_after=2022-01-01 00:00:00+00:00
[2026-05-30T13:15:29.726+0000] {logging_mixin.py:188} INFO - [2026-05-30T13:15:29.726+0000] {dag.py:3834} INFO - Setting next_dagrun for example_subdag_operator.section-1 to None, run_after=None
[2026-05-30T13:15:29.728+0000] {logging_mixin.py:188} INFO - [2026-05-30T13:15:29.728+0000] {dag.py:3834} INFO - Setting next_dagrun for example_subdag_operator.section-2 to None, run_after=None
[2026-05-30T13:15:29.734+0000] {logging_mixin.py:188} INFO - [2026-05-30T13:15:29.733+0000] {dag.py:3047} INFO - Sync 2 DAGs
[2026-05-30T13:15:29.737+0000] {logging_mixin.py:188} INFO - [2026-05-30T13:15:29.737+0000] {dag.py:3834} INFO - Setting next_dagrun for example_subdag_operator.section-1 to None, run_after=None
[2026-05-30T13:15:29.738+0000] {logging_mixin.py:188} INFO - [2026-05-30T13:15:29.738+0000] {dag.py:3834} INFO - Setting next_dagrun for example_subdag_operator.section-2 to None, run_after=None
[2026-05-30T13:15:29.751+0000] {processor.py:183} INFO - Processing /home/airflow/.local/lib/python3.8/site-packages/airflow/example_dags/example_subdag_operator.py took 0.085 seconds
[2026-05-30T13:16:00.170+0000] {processor.py:161} INFO - Started process (PID=10677) to work on /home/airflow/.local/lib/python3.8/site-packages/airflow/example_dags/example_subdag_operator.py
[2026-05-30T13:16:00.172+0000] {processor.py:830} INFO - Processing file /home/airflow/.local/lib/python3.8/site-packages/airflow/example_dags/example_subdag_operator.py for tasks to queue
[2026-05-30T13:16:00.174+0000] {logging_mixin.py:188} INFO - [2026-05-30T13:16:00.174+0000] {dagbag.py:540} INFO - Filling up the DagBag from /home/airflow/.local/lib/python3.8/site-packages/airflow/example_dags/example_subdag_operator.py
[2026-05-30T13:16:00.195+0000] {processor.py:840} INFO - DAG(s) 'example_subdag_operator.section-1', 'example_subdag_operator.section-2', 'example_subdag_operator' retrieved from /home/airflow/.local/lib/python3.8/site-packages/airflow/example_dags/example_subdag_operator.py
[2026-05-30T13:16:00.206+0000] {logging_mixin.py:188} INFO - [2026-05-30T13:16:00.206+0000] {dag.py:3047} INFO - Sync 3 DAGs
[2026-05-30T13:16:00.221+0000] {logging_mixin.py:188} INFO - [2026-05-30T13:16:00.221+0000] {dag.py:3834} INFO - Setting next_dagrun for example_subdag_operator to 2022-01-01 00:00:00+00:00, run_after=2022-01-01 00:00:00+00:00
[2026-05-30T13:16:00.224+0000] {logging_mixin.py:188} INFO - [2026-05-30T13:16:00.224+0000] {dag.py:3834} INFO - Setting next_dagrun for example_subdag_operator.section-1 to None, run_after=None
[2026-05-30T13:16:00.226+0000] {logging_mixin.py:188} INFO - [2026-05-30T13:16:00.225+0000] {dag.py:3834} INFO - Setting next_dagrun for example_subdag_operator.section-2 to None, run_after=None
[2026-05-30T13:16:00.231+0000] {logging_mixin.py:188} INFO - [2026-05-30T13:16:00.231+0000] {dag.py:3047} INFO - Sync 2 DAGs
[2026-05-30T13:16:00.235+0000] {logging_mixin.py:188} INFO - [2026-05-30T13:16:00.235+0000] {dag.py:3834} INFO - Setting next_dagrun for example_subdag_operator.section-1 to None, run_after=None
[2026-05-30T13:16:00.236+0000] {logging_mixin.py:188} INFO - [2026-05-30T13:16:00.236+0000] {dag.py:3834} INFO - Setting next_dagrun for example_subdag_operator.section-2 to None, run_after=None
[2026-05-30T13:16:00.247+0000] {processor.py:183} INFO - Processing /home/airflow/.local/lib/python3.8/site-packages/airflow/example_dags/example_subdag_operator.py took 0.081 seconds
[2026-05-30T13:16:30.609+0000] {processor.py:161} INFO - Started process (PID=10733) to work on /home/airflow/.local/lib/python3.8/site-packages/airflow/example_dags/example_subdag_operator.py
[2026-05-30T13:16:30.611+0000] {processor.py:830} INFO - Processing file /home/airflow/.local/lib/python3.8/site-packages/airflow/example_dags/example_subdag_operator.py for tasks to queue
[2026-05-30T13:16:30.613+0000] {logging_mixin.py:188} INFO - [2026-05-30T13:16:30.613+0000] {dagbag.py:540} INFO - Filling up the DagBag from /home/airflow/.local/lib/python3.8/site-packages/airflow/example_dags/example_subdag_operator.py
[2026-05-30T13:16:30.639+0000] {processor.py:840} INFO - DAG(s) 'example_subdag_operator.section-1', 'example_subdag_operator.section-2', 'example_subdag_operator' retrieved from /home/airflow/.local/lib/python3.8/site-packages/airflow/example_dags/example_subdag_operator.py
[2026-05-30T13:16:30.653+0000] {logging_mixin.py:188} INFO - [2026-05-30T13:16:30.653+0000] {dag.py:3047} INFO - Sync 3 DAGs
[2026-05-30T13:16:30.672+0000] {logging_mixin.py:188} INFO - [2026-05-30T13:16:30.672+0000] {dag.py:3834} INFO - Setting next_dagrun for example_subdag_operator to 2022-01-01 00:00:00+00:00, run_after=2022-01-01 00:00:00+00:00
[2026-05-30T13:16:30.677+0000] {logging_mixin.py:188} INFO - [2026-05-30T13:16:30.677+0000] {dag.py:3834} INFO - Setting next_dagrun for example_subdag_operator.section-1 to None, run_after=None
[2026-05-30T13:16:30.679+0000] {logging_mixin.py:188} INFO - [2026-05-30T13:16:30.679+0000] {dag.py:3834} INFO - Setting next_dagrun for example_subdag_operator.section-2 to None, run_after=None
[2026-05-30T13:16:30.689+0000] {logging_mixin.py:188} INFO - [2026-05-30T13:16:30.688+0000] {dag.py:3047} INFO - Sync 2 DAGs
[2026-05-30T13:16:30.695+0000] {logging_mixin.py:188} INFO - [2026-05-30T13:16:30.695+0000] {dag.py:3834} INFO - Setting next_dagrun for example_subdag_operator.section-1 to None, run_after=None
[2026-05-30T13:16:30.696+0000] {logging_mixin.py:188} INFO - [2026-05-30T13:16:30.696+0000] {dag.py:3834} INFO - Setting next_dagrun for example_subdag_operator.section-2 to None, run_after=None
[2026-05-30T13:16:30.715+0000] {processor.py:183} INFO - Processing /home/airflow/.local/lib/python3.8/site-packages/airflow/example_dags/example_subdag_operator.py took 0.109 seconds
[2026-05-30T13:17:01.166+0000] {processor.py:161} INFO - Started process (PID=10789) to work on /home/airflow/.local/lib/python3.8/site-packages/airflow/example_dags/example_subdag_operator.py
[2026-05-30T13:17:01.168+0000] {processor.py:830} INFO - Processing file /home/airflow/.local/lib/python3.8/site-packages/airflow/example_dags/example_subdag_operator.py for tasks to queue
[2026-05-30T13:17:01.170+0000] {logging_mixin.py:188} INFO - [2026-05-30T13:17:01.169+0000] {dagbag.py:540} INFO - Filling up the DagBag from /home/airflow/.local/lib/python3.8/site-packages/airflow/example_dags/example_subdag_operator.py
[2026-05-30T13:17:01.192+0000] {processor.py:840} INFO - DAG(s) 'example_subdag_operator.section-1', 'example_subdag_operator.section-2', 'example_subdag_operator' retrieved from /home/airflow/.local/lib/python3.8/site-packages/airflow/example_dags/example_subdag_operator.py
[2026-05-30T13:17:01.210+0000] {logging_mixin.py:188} INFO - [2026-05-30T13:17:01.209+0000] {dag.py:3047} INFO - Sync 3 DAGs
[2026-05-30T13:17:01.229+0000] {logging_mixin.py:188} INFO - [2026-05-30T13:17:01.229+0000] {dag.py:3834} INFO - Setting next_dagrun for example_subdag_operator to 2022-01-01 00:00:00+00:00, run_after=2022-01-01 00:00:00+00:00
[2026-05-30T13:17:01.234+0000] {logging_mixin.py:188} INFO - [2026-05-30T13:17:01.233+0000] {dag.py:3834} INFO - Setting next_dagrun for example_subdag_operator.section-1 to None, run_after=None
[2026-05-30T13:17:01.236+0000] {logging_mixin.py:188} INFO - [2026-05-30T13:17:01.235+0000] {dag.py:3834} INFO - Setting next_dagrun for example_subdag_operator.section-2 to None, run_after=None
[2026-05-30T13:17:01.242+0000] {logging_mixin.py:188} INFO - [2026-05-30T13:17:01.242+0000] {dag.py:3047} INFO - Sync 2 DAGs
[2026-05-30T13:17:01.247+0000] {logging_mixin.py:188} INFO - [2026-05-30T13:17:01.247+0000] {dag.py:3834} INFO - Setting next_dagrun for example_subdag_operator.section-1 to None, run_after=None
[2026-05-30T13:17:01.248+0000] {logging_mixin.py:188} INFO - [2026-05-30T13:17:01.247+0000] {dag.py:3834} INFO - Setting next_dagrun for example_subdag_operator.section-2 to None, run_after=None
[2026-05-30T13:17:01.265+0000] {processor.py:183} INFO - Processing /home/airflow/.local/lib/python3.8/site-packages/airflow/example_dags/example_subdag_operator.py took 0.101 seconds
[2026-05-30T13:17:31.662+0000] {processor.py:161} INFO - Started process (PID=10845) to work on /home/airflow/.local/lib/python3.8/site-packages/airflow/example_dags/example_subdag_operator.py
[2026-05-30T13:17:31.664+0000] {processor.py:830} INFO - Processing file /home/airflow/.local/lib/python3.8/site-packages/airflow/example_dags/example_subdag_operator.py for tasks to queue
[2026-05-30T13:17:31.666+0000] {logging_mixin.py:188} INFO - [2026-05-30T13:17:31.665+0000] {dagbag.py:540} INFO - Filling up the DagBag from /home/airflow/.local/lib/python3.8/site-packages/airflow/example_dags/example_subdag_operator.py
[2026-05-30T13:17:31.686+0000] {processor.py:840} INFO - DAG(s) 'example_subdag_operator.section-1', 'example_subdag_operator.section-2', 'example_subdag_operator' retrieved from /home/airflow/.local/lib/python3.8/site-packages/airflow/example_dags/example_subdag_operator.py
[2026-05-30T13:17:31.698+0000] {logging_mixin.py:188} INFO - [2026-05-30T13:17:31.698+0000] {dag.py:3047} INFO - Sync 3 DAGs
[2026-05-30T13:17:31.715+0000] {logging_mixin.py:188} INFO - [2026-05-30T13:17:31.715+0000] {dag.py:3834} INFO - Setting next_dagrun for example_subdag_operator to 2022-01-01 00:00:00+00:00, run_after=2022-01-01 00:00:00+00:00
[2026-05-30T13:17:31.719+0000] {logging_mixin.py:188} INFO - [2026-05-30T13:17:31.719+0000] {dag.py:3834} INFO - Setting next_dagrun for example_subdag_operator.section-1 to None, run_after=None
[2026-05-30T13:17:31.720+0000] {logging_mixin.py:188} INFO - [2026-05-30T13:17:31.720+0000] {dag.py:3834} INFO - Setting next_dagrun for example_subdag_operator.section-2 to None, run_after=None
[2026-05-30T13:17:31.726+0000] {logging_mixin.py:188} INFO - [2026-05-30T13:17:31.726+0000] {dag.py:3047} INFO - Sync 2 DAGs
[2026-05-30T13:17:31.732+0000] {logging_mixin.py:188} INFO - [2026-05-30T13:17:31.732+0000] {dag.py:3834} INFO - Setting next_dagrun for example_subdag_operator.section-1 to None, run_after=None
[2026-05-30T13:17:31.733+0000] {logging_mixin.py:188} INFO - [2026-05-30T13:17:31.733+0000] {dag.py:3834} INFO - Setting next_dagrun for example_subdag_operator.section-2 to None, run_after=None
[2026-05-30T13:17:31.751+0000] {processor.py:183} INFO - Processing /home/airflow/.local/lib/python3.8/site-packages/airflow/example_dags/example_subdag_operator.py took 0.091 seconds
[2026-05-30T13:18:01.977+0000] {processor.py:161} INFO - Started process (PID=10901) to work on /home/airflow/.local/lib/python3.8/site-packages/airflow/example_dags/example_subdag_operator.py
[2026-05-30T13:18:01.978+0000] {processor.py:830} INFO - Processing file /home/airflow/.local/lib/python3.8/site-packages/airflow/example_dags/example_subdag_operator.py for tasks to queue
[2026-05-30T13:18:01.980+0000] {logging_mixin.py:188} INFO - [2026-05-30T13:18:01.980+0000] {dagbag.py:540} INFO - Filling up the DagBag from /home/airflow/.local/lib/python3.8/site-packages/airflow/example_dags/example_subdag_operator.py
[2026-05-30T13:18:01.999+0000] {processor.py:840} INFO - DAG(s) 'example_subdag_operator.section-1', 'example_subdag_operator.section-2', 'example_subdag_operator' retrieved from /home/airflow/.local/lib/python3.8/site-packages/airflow/example_dags/example_subdag_operator.py
[2026-05-30T13:18:02.010+0000] {logging_mixin.py:188} INFO - [2026-05-30T13:18:02.010+0000] {dag.py:3047} INFO - Sync 3 DAGs
[2026-05-30T13:18:02.025+0000] {logging_mixin.py:188} INFO - [2026-05-30T13:18:02.025+0000] {dag.py:3834} INFO - Setting next_dagrun for example_subdag_operator to 2022-01-01 00:00:00+00:00, run_after=2022-01-01 00:00:00+00:00
[2026-05-30T13:18:02.029+0000] {logging_mixin.py:188} INFO - [2026-05-30T13:18:02.028+0000] {dag.py:3834} INFO - Setting next_dagrun for example_subdag_operator.section-1 to None, run_after=None
[2026-05-30T13:18:02.031+0000] {logging_mixin.py:188} INFO - [2026-05-30T13:18:02.030+0000] {dag.py:3834} INFO - Setting next_dagrun for example_subdag_operator.section-2 to None, run_after=None
[2026-05-30T13:18:02.036+0000] {logging_mixin.py:188} INFO - [2026-05-30T13:18:02.036+0000] {dag.py:3047} INFO - Sync 2 DAGs
[2026-05-30T13:18:02.040+0000] {logging_mixin.py:188} INFO - [2026-05-30T13:18:02.040+0000] {dag.py:3834} INFO - Setting next_dagrun for example_subdag_operator.section-1 to None, run_after=None
[2026-05-30T13:18:02.041+0000] {logging_mixin.py:188} INFO - [2026-05-30T13:18:02.041+0000] {dag.py:3834} INFO - Setting next_dagrun for example_subdag_operator.section-2 to None, run_after=None
[2026-05-30T13:18:02.054+0000] {processor.py:183} INFO - Processing /home/airflow/.local/lib/python3.8/site-packages/airflow/example_dags/example_subdag_operator.py took 0.080 seconds
[2026-05-30T13:18:32.347+0000] {processor.py:161} INFO - Started process (PID=10957) to work on /home/airflow/.local/lib/python3.8/site-packages/airflow/example_dags/example_subdag_operator.py
[2026-05-30T13:18:32.349+0000] {processor.py:830} INFO - Processing file /home/airflow/.local/lib/python3.8/site-packages/airflow/example_dags/example_subdag_operator.py for tasks to queue
[2026-05-30T13:18:32.351+0000] {logging_mixin.py:188} INFO - [2026-05-30T13:18:32.350+0000] {dagbag.py:540} INFO - Filling up the DagBag from /home/airflow/.local/lib/python3.8/site-packages/airflow/example_dags/example_subdag_operator.py
[2026-05-30T13:18:32.369+0000] {processor.py:840} INFO - DAG(s) 'example_subdag_operator.section-1', 'example_subdag_operator.section-2', 'example_subdag_operator' retrieved from /home/airflow/.local/lib/python3.8/site-packages/airflow/example_dags/example_subdag_operator.py
[2026-05-30T13:18:32.380+0000] {logging_mixin.py:188} INFO - [2026-05-30T13:18:32.380+0000] {dag.py:3047} INFO - Sync 3 DAGs
[2026-05-30T13:18:32.395+0000] {logging_mixin.py:188} INFO - [2026-05-30T13:18:32.395+0000] {dag.py:3834} INFO - Setting next_dagrun for example_subdag_operator to 2022-01-01 00:00:00+00:00, run_after=2022-01-01 00:00:00+00:00
[2026-05-30T13:18:32.398+0000] {logging_mixin.py:188} INFO - [2026-05-30T13:18:32.398+0000] {dag.py:3834} INFO - Setting next_dagrun for example_subdag_operator.section-1 to None, run_after=None
[2026-05-30T13:18:32.399+0000] {logging_mixin.py:188} INFO - [2026-05-30T13:18:32.399+0000] {dag.py:3834} INFO - Setting next_dagrun for example_subdag_operator.section-2 to None, run_after=None
[2026-05-30T13:18:32.404+0000] {logging_mixin.py:188} INFO - [2026-05-30T13:18:32.404+0000] {dag.py:3047} INFO - Sync 2 DAGs
[2026-05-30T13:18:32.408+0000] {logging_mixin.py:188} INFO - [2026-05-30T13:18:32.408+0000] {dag.py:3834} INFO - Setting next_dagrun for example_subdag_operator.section-1 to None, run_after=None
[2026-05-30T13:18:32.409+0000] {logging_mixin.py:188} INFO - [2026-05-30T13:18:32.409+0000] {dag.py:3834} INFO - Setting next_dagrun for example_subdag_operator.section-2 to None, run_after=None
[2026-05-30T13:18:32.417+0000] {processor.py:183} INFO - Processing /home/airflow/.local/lib/python3.8/site-packages/airflow/example_dags/example_subdag_operator.py took 0.073 seconds
[2026-05-30T13:19:03.000+0000] {processor.py:161} INFO - Started process (PID=11013) to work on /home/airflow/.local/lib/python3.8/site-packages/airflow/example_dags/example_subdag_operator.py
[2026-05-30T13:19:03.001+0000] {processor.py:830} INFO - Processing file /home/airflow/.local/lib/python3.8/site-packages/airflow/example_dags/example_subdag_operator.py for tasks to queue
[2026-05-30T13:19:03.003+0000] {logging_mixin.py:188} INFO - [2026-05-30T13:19:03.003+0000] {dagbag.py:540} INFO - Filling up the DagBag from /home/airflow/.local/lib/python3.8/site-packages/airflow/example_dags/example_subdag_operator.py
[2026-05-30T13:19:03.022+0000] {processor.py:840} INFO - DAG(s) 'example_subdag_operator.section-1', 'example_subdag_operator.section-2', 'example_subdag_operator' retrieved from /home/airflow/.local/lib/python3.8/site-packages/airflow/example_dags/example_subdag_operator.py
[2026-05-30T13:19:03.056+0000] {logging_mixin.py:188} INFO - [2026-05-30T13:19:03.056+0000] {dag.py:3047} INFO - Sync 3 DAGs
[2026-05-30T13:19:03.096+0000] {logging_mixin.py:188} INFO - [2026-05-30T13:19:03.096+0000] {dag.py:3834} INFO - Setting next_dagrun for example_subdag_operator to 2022-01-01 00:00:00+00:00, run_after=2022-01-01 00:00:00+00:00
[2026-05-30T13:19:03.102+0000] {logging_mixin.py:188} INFO - [2026-05-30T13:19:03.102+0000] {dag.py:3834} INFO - Setting next_dagrun for example_subdag_operator.section-1 to None, run_after=None
[2026-05-30T13:19:03.105+0000] {logging_mixin.py:188} INFO - [2026-05-30T13:19:03.104+0000] {dag.py:3834} INFO - Setting next_dagrun for example_subdag_operator.section-2 to None, run_after=None
[2026-05-30T13:19:03.112+0000] {logging_mixin.py:188} INFO - [2026-05-30T13:19:03.112+0000] {dag.py:3047} INFO - Sync 2 DAGs
[2026-05-30T13:19:03.120+0000] {logging_mixin.py:188} INFO - [2026-05-30T13:19:03.120+0000] {dag.py:3834} INFO - Setting next_dagrun for example_subdag_operator.section-1 to None, run_after=None
[2026-05-30T13:19:03.121+0000] {logging_mixin.py:188} INFO - [2026-05-30T13:19:03.121+0000] {dag.py:3834} INFO - Setting next_dagrun for example_subdag_operator.section-2 to None, run_after=None
[2026-05-30T13:19:03.137+0000] {processor.py:183} INFO - Processing /home/airflow/.local/lib/python3.8/site-packages/airflow/example_dags/example_subdag_operator.py took 0.140 seconds
[2026-05-30T13:19:33.497+0000] {processor.py:161} INFO - Started process (PID=11069) to work on /home/airflow/.local/lib/python3.8/site-packages/airflow/example_dags/example_subdag_operator.py
[2026-05-30T13:19:33.498+0000] {processor.py:830} INFO - Processing file /home/airflow/.local/lib/python3.8/site-packages/airflow/example_dags/example_subdag_operator.py for tasks to queue
[2026-05-30T13:19:33.500+0000] {logging_mixin.py:188} INFO - [2026-05-30T13:19:33.500+0000] {dagbag.py:540} INFO - Filling up the DagBag from /home/airflow/.local/lib/python3.8/site-packages/airflow/example_dags/example_subdag_operator.py
[2026-05-30T13:19:33.520+0000] {processor.py:840} INFO - DAG(s) 'example_subdag_operator.section-1', 'example_subdag_operator.section-2', 'example_subdag_operator' retrieved from /home/airflow/.local/lib/python3.8/site-packages/airflow/example_dags/example_subdag_operator.py
[2026-05-30T13:19:33.533+0000] {logging_mixin.py:188} INFO - [2026-05-30T13:19:33.533+0000] {dag.py:3047} INFO - Sync 3 DAGs
[2026-05-30T13:19:33.550+0000] {logging_mixin.py:188} INFO - [2026-05-30T13:19:33.550+0000] {dag.py:3834} INFO - Setting next_dagrun for example_subdag_operator to 2022-01-01 00:00:00+00:00, run_after=2022-01-01 00:00:00+00:00
[2026-05-30T13:19:33.553+0000] {logging_mixin.py:188} INFO - [2026-05-30T13:19:33.553+0000] {dag.py:3834} INFO - Setting next_dagrun for example_subdag_operator.section-1 to None, run_after=None
[2026-05-30T13:19:33.555+0000] {logging_mixin.py:188} INFO - [2026-05-30T13:19:33.555+0000] {dag.py:3834} INFO - Setting next_dagrun for example_subdag_operator.section-2 to None, run_after=None
[2026-05-30T13:19:33.561+0000] {logging_mixin.py:188} INFO - [2026-05-30T13:19:33.561+0000] {dag.py:3047} INFO - Sync 2 DAGs
[2026-05-30T13:19:33.565+0000] {logging_mixin.py:188} INFO - [2026-05-30T13:19:33.565+0000] {dag.py:3834} INFO - Setting next_dagrun for example_subdag_operator.section-1 to None, run_after=None
[2026-05-30T13:19:33.566+0000] {logging_mixin.py:188} INFO - [2026-05-30T13:19:33.566+0000] {dag.py:3834} INFO - Setting next_dagrun for example_subdag_operator.section-2 to None, run_after=None
[2026-05-30T13:19:33.578+0000] {processor.py:183} INFO - Processing /home/airflow/.local/lib/python3.8/site-packages/airflow/example_dags/example_subdag_operator.py took 0.084 seconds
[2026-05-30T13:20:04.173+0000] {processor.py:161} INFO - Started process (PID=11125) to work on /home/airflow/.local/lib/python3.8/site-packages/airflow/example_dags/example_subdag_operator.py
[2026-05-30T13:20:04.176+0000] {processor.py:830} INFO - Processing file /home/airflow/.local/lib/python3.8/site-packages/airflow/example_dags/example_subdag_operator.py for tasks to queue
[2026-05-30T13:20:04.179+0000] {logging_mixin.py:188} INFO - [2026-05-30T13:20:04.179+0000] {dagbag.py:540} INFO - Filling up the DagBag from /home/airflow/.local/lib/python3.8/site-packages/airflow/example_dags/example_subdag_operator.py
[2026-05-30T13:20:04.217+0000] {processor.py:840} INFO - DAG(s) 'example_subdag_operator.section-1', 'example_subdag_operator.section-2', 'example_subdag_operator' retrieved from /home/airflow/.local/lib/python3.8/site-packages/airflow/example_dags/example_subdag_operator.py
[2026-05-30T13:20:04.249+0000] {logging_mixin.py:188} INFO - [2026-05-30T13:20:04.248+0000] {dag.py:3047} INFO - Sync 3 DAGs
[2026-05-30T13:20:04.283+0000] {logging_mixin.py:188} INFO - [2026-05-30T13:20:04.282+0000] {dag.py:3834} INFO - Setting next_dagrun for example_subdag_operator to 2022-01-01 00:00:00+00:00, run_after=2022-01-01 00:00:00+00:00
[2026-05-30T13:20:04.289+0000] {logging_mixin.py:188} INFO - [2026-05-30T13:20:04.288+0000] {dag.py:3834} INFO - Setting next_dagrun for example_subdag_operator.section-1 to None, run_after=None
[2026-05-30T13:20:04.291+0000] {logging_mixin.py:188} INFO - [2026-05-30T13:20:04.291+0000] {dag.py:3834} INFO - Setting next_dagrun for example_subdag_operator.section-2 to None, run_after=None
[2026-05-30T13:20:04.305+0000] {logging_mixin.py:188} INFO - [2026-05-30T13:20:04.303+0000] {dag.py:3047} INFO - Sync 2 DAGs
[2026-05-30T13:20:04.322+0000] {logging_mixin.py:188} INFO - [2026-05-30T13:20:04.321+0000] {dag.py:3834} INFO - Setting next_dagrun for example_subdag_operator.section-1 to None, run_after=None
[2026-05-30T13:20:04.324+0000] {logging_mixin.py:188} INFO - [2026-05-30T13:20:04.323+0000] {dag.py:3834} INFO - Setting next_dagrun for example_subdag_operator.section-2 to None, run_after=None
[2026-05-30T13:20:04.364+0000] {processor.py:183} INFO - Processing /home/airflow/.local/lib/python3.8/site-packages/airflow/example_dags/example_subdag_operator.py took 0.198 seconds
[2026-05-30T13:20:35.260+0000] {processor.py:161} INFO - Started process (PID=11181) to work on /home/airflow/.local/lib/python3.8/site-packages/airflow/example_dags/example_subdag_operator.py
[2026-05-30T13:20:35.261+0000] {processor.py:830} INFO - Processing file /home/airflow/.local/lib/python3.8/site-packages/airflow/example_dags/example_subdag_operator.py for tasks to queue
[2026-05-30T13:20:35.263+0000] {logging_mixin.py:188} INFO - [2026-05-30T13:20:35.263+0000] {dagbag.py:540} INFO - Filling up the DagBag from /home/airflow/.local/lib/python3.8/site-packages/airflow/example_dags/example_subdag_operator.py
[2026-05-30T13:20:35.287+0000] {processor.py:840} INFO - DAG(s) 'example_subdag_operator.section-1', 'example_subdag_operator.section-2', 'example_subdag_operator' retrieved from /home/airflow/.local/lib/python3.8/site-packages/airflow/example_dags/example_subdag_operator.py
[2026-05-30T13:20:35.301+0000] {logging_mixin.py:188} INFO - [2026-05-30T13:20:35.301+0000] {dag.py:3047} INFO - Sync 3 DAGs
[2026-05-30T13:20:35.320+0000] {logging_mixin.py:188} INFO - [2026-05-30T13:20:35.320+0000] {dag.py:3834} INFO - Setting next_dagrun for example_subdag_operator to 2022-01-01 00:00:00+00:00, run_after=2022-01-01 00:00:00+00:00
[2026-05-30T13:20:35.324+0000] {logging_mixin.py:188} INFO - [2026-05-30T13:20:35.324+0000] {dag.py:3834} INFO - Setting next_dagrun for example_subdag_operator.section-1 to None, run_after=None
[2026-05-30T13:20:35.326+0000] {logging_mixin.py:188} INFO - [2026-05-30T13:20:35.326+0000] {dag.py:3834} INFO - Setting next_dagrun for example_subdag_operator.section-2 to None, run_after=None
[2026-05-30T13:20:35.333+0000] {logging_mixin.py:188} INFO - [2026-05-30T13:20:35.332+0000] {dag.py:3047} INFO - Sync 2 DAGs
[2026-05-30T13:20:35.339+0000] {logging_mixin.py:188} INFO - [2026-05-30T13:20:35.338+0000] {dag.py:3834} INFO - Setting next_dagrun for example_subdag_operator.section-1 to None, run_after=None
[2026-05-30T13:20:35.339+0000] {logging_mixin.py:188} INFO - [2026-05-30T13:20:35.339+0000] {dag.py:3834} INFO - Setting next_dagrun for example_subdag_operator.section-2 to None, run_after=None
[2026-05-30T13:20:35.350+0000] {processor.py:183} INFO - Processing /home/airflow/.local/lib/python3.8/site-packages/airflow/example_dags/example_subdag_operator.py took 0.093 seconds
[2026-05-30T13:21:05.805+0000] {processor.py:161} INFO - Started process (PID=11237) to work on /home/airflow/.local/lib/python3.8/site-packages/airflow/example_dags/example_subdag_operator.py
[2026-05-30T13:21:05.806+0000] {processor.py:830} INFO - Processing file /home/airflow/.local/lib/python3.8/site-packages/airflow/example_dags/example_subdag_operator.py for tasks to queue
[2026-05-30T13:21:05.808+0000] {logging_mixin.py:188} INFO - [2026-05-30T13:21:05.807+0000] {dagbag.py:540} INFO - Filling up the DagBag from /home/airflow/.local/lib/python3.8/site-packages/airflow/example_dags/example_subdag_operator.py
[2026-05-30T13:21:05.828+0000] {processor.py:840} INFO - DAG(s) 'example_subdag_operator.section-1', 'example_subdag_operator.section-2', 'example_subdag_operator' retrieved from /home/airflow/.local/lib/python3.8/site-packages/airflow/example_dags/example_subdag_operator.py
[2026-05-30T13:21:05.840+0000] {logging_mixin.py:188} INFO - [2026-05-30T13:21:05.840+0000] {dag.py:3047} INFO - Sync 3 DAGs
[2026-05-30T13:21:05.857+0000] {logging_mixin.py:188} INFO - [2026-05-30T13:21:05.857+0000] {dag.py:3834} INFO - Setting next_dagrun for example_subdag_operator to 2022-01-01 00:00:00+00:00, run_after=2022-01-01 00:00:00+00:00
[2026-05-30T13:21:05.860+0000] {logging_mixin.py:188} INFO - [2026-05-30T13:21:05.860+0000] {dag.py:3834} INFO - Setting next_dagrun for example_subdag_operator.section-1 to None, run_after=None
[2026-05-30T13:21:05.862+0000] {logging_mixin.py:188} INFO - [2026-05-30T13:21:05.862+0000] {dag.py:3834} INFO - Setting next_dagrun for example_subdag_operator.section-2 to None, run_after=None
[2026-05-30T13:21:05.869+0000] {logging_mixin.py:188} INFO - [2026-05-30T13:21:05.868+0000] {dag.py:3047} INFO - Sync 2 DAGs
[2026-05-30T13:21:05.874+0000] {logging_mixin.py:188} INFO - [2026-05-30T13:21:05.874+0000] {dag.py:3834} INFO - Setting next_dagrun for example_subdag_operator.section-1 to None, run_after=None
[2026-05-30T13:21:05.875+0000] {logging_mixin.py:188} INFO - [2026-05-30T13:21:05.874+0000] {dag.py:3834} INFO - Setting next_dagrun for example_subdag_operator.section-2 to None, run_after=None
[2026-05-30T13:21:05.888+0000] {processor.py:183} INFO - Processing /home/airflow/.local/lib/python3.8/site-packages/airflow/example_dags/example_subdag_operator.py took 0.086 seconds
[2026-05-30T13:21:35.976+0000] {processor.py:161} INFO - Started process (PID=11292) to work on /home/airflow/.local/lib/python3.8/site-packages/airflow/example_dags/example_subdag_operator.py
[2026-05-30T13:21:35.977+0000] {processor.py:830} INFO - Processing file /home/airflow/.local/lib/python3.8/site-packages/airflow/example_dags/example_subdag_operator.py for tasks to queue
[2026-05-30T13:21:35.979+0000] {logging_mixin.py:188} INFO - [2026-05-30T13:21:35.979+0000] {dagbag.py:540} INFO - Filling up the DagBag from /home/airflow/.local/lib/python3.8/site-packages/airflow/example_dags/example_subdag_operator.py
[2026-05-30T13:21:36.001+0000] {processor.py:840} INFO - DAG(s) 'example_subdag_operator.section-1', 'example_subdag_operator.section-2', 'example_subdag_operator' retrieved from /home/airflow/.local/lib/python3.8/site-packages/airflow/example_dags/example_subdag_operator.py
[2026-05-30T13:21:36.013+0000] {logging_mixin.py:188} INFO - [2026-05-30T13:21:36.013+0000] {dag.py:3047} INFO - Sync 3 DAGs
[2026-05-30T13:21:36.029+0000] {logging_mixin.py:188} INFO - [2026-05-30T13:21:36.029+0000] {dag.py:3834} INFO - Setting next_dagrun for example_subdag_operator to 2022-01-01 00:00:00+00:00, run_after=2022-01-01 00:00:00+00:00
[2026-05-30T13:21:36.032+0000] {logging_mixin.py:188} INFO - [2026-05-30T13:21:36.032+0000] {dag.py:3834} INFO - Setting next_dagrun for example_subdag_operator.section-1 to None, run_after=None
[2026-05-30T13:21:36.034+0000] {logging_mixin.py:188} INFO - [2026-05-30T13:21:36.033+0000] {dag.py:3834} INFO - Setting next_dagrun for example_subdag_operator.section-2 to None, run_after=None
[2026-05-30T13:21:36.041+0000] {logging_mixin.py:188} INFO - [2026-05-30T13:21:36.041+0000] {dag.py:3047} INFO - Sync 2 DAGs
[2026-05-30T13:21:36.047+0000] {logging_mixin.py:188} INFO - [2026-05-30T13:21:36.046+0000] {dag.py:3834} INFO - Setting next_dagrun for example_subdag_operator.section-1 to None, run_after=None
[2026-05-30T13:21:36.047+0000] {logging_mixin.py:188} INFO - [2026-05-30T13:21:36.047+0000] {dag.py:3834} INFO - Setting next_dagrun for example_subdag_operator.section-2 to None, run_after=None
[2026-05-30T13:21:36.061+0000] {processor.py:183} INFO - Processing /home/airflow/.local/lib/python3.8/site-packages/airflow/example_dags/example_subdag_operator.py took 0.088 seconds
[2026-05-30T13:22:06.143+0000] {processor.py:161} INFO - Started process (PID=11348) to work on /home/airflow/.local/lib/python3.8/site-packages/airflow/example_dags/example_subdag_operator.py
[2026-05-30T13:22:06.145+0000] {processor.py:830} INFO - Processing file /home/airflow/.local/lib/python3.8/site-packages/airflow/example_dags/example_subdag_operator.py for tasks to queue
[2026-05-30T13:22:06.146+0000] {logging_mixin.py:188} INFO - [2026-05-30T13:22:06.146+0000] {dagbag.py:540} INFO - Filling up the DagBag from /home/airflow/.local/lib/python3.8/site-packages/airflow/example_dags/example_subdag_operator.py
[2026-05-30T13:22:06.167+0000] {processor.py:840} INFO - DAG(s) 'example_subdag_operator.section-1', 'example_subdag_operator.section-2', 'example_subdag_operator' retrieved from /home/airflow/.local/lib/python3.8/site-packages/airflow/example_dags/example_subdag_operator.py
[2026-05-30T13:22:06.180+0000] {logging_mixin.py:188} INFO - [2026-05-30T13:22:06.180+0000] {dag.py:3047} INFO - Sync 3 DAGs
[2026-05-30T13:22:06.200+0000] {logging_mixin.py:188} INFO - [2026-05-30T13:22:06.199+0000] {dag.py:3834} INFO - Setting next_dagrun for example_subdag_operator to 2022-01-01 00:00:00+00:00, run_after=2022-01-01 00:00:00+00:00
[2026-05-30T13:22:06.204+0000] {logging_mixin.py:188} INFO - [2026-05-30T13:22:06.203+0000] {dag.py:3834} INFO - Setting next_dagrun for example_subdag_operator.section-1 to None, run_after=None
[2026-05-30T13:22:06.206+0000] {logging_mixin.py:188} INFO - [2026-05-30T13:22:06.205+0000] {dag.py:3834} INFO - Setting next_dagrun for example_subdag_operator.section-2 to None, run_after=None
[2026-05-30T13:22:06.213+0000] {logging_mixin.py:188} INFO - [2026-05-30T13:22:06.213+0000] {dag.py:3047} INFO - Sync 2 DAGs
[2026-05-30T13:22:06.218+0000] {logging_mixin.py:188} INFO - [2026-05-30T13:22:06.218+0000] {dag.py:3834} INFO - Setting next_dagrun for example_subdag_operator.section-1 to None, run_after=None
[2026-05-30T13:22:06.219+0000] {logging_mixin.py:188} INFO - [2026-05-30T13:22:06.219+0000] {dag.py:3834} INFO - Setting next_dagrun for example_subdag_operator.section-2 to None, run_after=None
[2026-05-30T13:22:06.231+0000] {processor.py:183} INFO - Processing /home/airflow/.local/lib/python3.8/site-packages/airflow/example_dags/example_subdag_operator.py took 0.091 seconds
[2026-05-30T13:22:36.561+0000] {processor.py:161} INFO - Started process (PID=11404) to work on /home/airflow/.local/lib/python3.8/site-packages/airflow/example_dags/example_subdag_operator.py
[2026-05-30T13:22:36.562+0000] {processor.py:830} INFO - Processing file /home/airflow/.local/lib/python3.8/site-packages/airflow/example_dags/example_subdag_operator.py for tasks to queue
[2026-05-30T13:22:36.565+0000] {logging_mixin.py:188} INFO - [2026-05-30T13:22:36.565+0000] {dagbag.py:540} INFO - Filling up the DagBag from /home/airflow/.local/lib/python3.8/site-packages/airflow/example_dags/example_subdag_operator.py
[2026-05-30T13:22:36.586+0000] {processor.py:840} INFO - DAG(s) 'example_subdag_operator.section-1', 'example_subdag_operator.section-2', 'example_subdag_operator' retrieved from /home/airflow/.local/lib/python3.8/site-packages/airflow/example_dags/example_subdag_operator.py
[2026-05-30T13:22:36.597+0000] {logging_mixin.py:188} INFO - [2026-05-30T13:22:36.597+0000] {dag.py:3047} INFO - Sync 3 DAGs
[2026-05-30T13:22:36.614+0000] {logging_mixin.py:188} INFO - [2026-05-30T13:22:36.614+0000] {dag.py:3834} INFO - Setting next_dagrun for example_subdag_operator to 2022-01-01 00:00:00+00:00, run_after=2022-01-01 00:00:00+00:00
[2026-05-30T13:22:36.617+0000] {logging_mixin.py:188} INFO - [2026-05-30T13:22:36.617+0000] {dag.py:3834} INFO - Setting next_dagrun for example_subdag_operator.section-1 to None, run_after=None
[2026-05-30T13:22:36.619+0000] {logging_mixin.py:188} INFO - [2026-05-30T13:22:36.619+0000] {dag.py:3834} INFO - Setting next_dagrun for example_subdag_operator.section-2 to None, run_after=None
[2026-05-30T13:22:36.625+0000] {logging_mixin.py:188} INFO - [2026-05-30T13:22:36.625+0000] {dag.py:3047} INFO - Sync 2 DAGs
[2026-05-30T13:22:36.631+0000] {logging_mixin.py:188} INFO - [2026-05-30T13:22:36.631+0000] {dag.py:3834} INFO - Setting next_dagrun for example_subdag_operator.section-1 to None, run_after=None
[2026-05-30T13:22:36.632+0000] {logging_mixin.py:188} INFO - [2026-05-30T13:22:36.632+0000] {dag.py:3834} INFO - Setting next_dagrun for example_subdag_operator.section-2 to None, run_after=None
[2026-05-30T13:22:36.644+0000] {processor.py:183} INFO - Processing /home/airflow/.local/lib/python3.8/site-packages/airflow/example_dags/example_subdag_operator.py took 0.085 seconds
[2026-05-30T13:23:06.694+0000] {processor.py:161} INFO - Started process (PID=11460) to work on /home/airflow/.local/lib/python3.8/site-packages/airflow/example_dags/example_subdag_operator.py
[2026-05-30T13:23:06.695+0000] {processor.py:830} INFO - Processing file /home/airflow/.local/lib/python3.8/site-packages/airflow/example_dags/example_subdag_operator.py for tasks to queue
[2026-05-30T13:23:06.697+0000] {logging_mixin.py:188} INFO - [2026-05-30T13:23:06.697+0000] {dagbag.py:540} INFO - Filling up the DagBag from /home/airflow/.local/lib/python3.8/site-packages/airflow/example_dags/example_subdag_operator.py
[2026-05-30T13:23:06.719+0000] {processor.py:840} INFO - DAG(s) 'example_subdag_operator.section-1', 'example_subdag_operator.section-2', 'example_subdag_operator' retrieved from /home/airflow/.local/lib/python3.8/site-packages/airflow/example_dags/example_subdag_operator.py
[2026-05-30T13:23:06.731+0000] {logging_mixin.py:188} INFO - [2026-05-30T13:23:06.731+0000] {dag.py:3047} INFO - Sync 3 DAGs
[2026-05-30T13:23:06.747+0000] {logging_mixin.py:188} INFO - [2026-05-30T13:23:06.746+0000] {dag.py:3834} INFO - Setting next_dagrun for example_subdag_operator to 2022-01-01 00:00:00+00:00, run_after=2022-01-01 00:00:00+00:00
[2026-05-30T13:23:06.750+0000] {logging_mixin.py:188} INFO - [2026-05-30T13:23:06.750+0000] {dag.py:3834} INFO - Setting next_dagrun for example_subdag_operator.section-1 to None, run_after=None
[2026-05-30T13:23:06.752+0000] {logging_mixin.py:188} INFO - [2026-05-30T13:23:06.752+0000] {dag.py:3834} INFO - Setting next_dagrun for example_subdag_operator.section-2 to None, run_after=None
[2026-05-30T13:23:06.760+0000] {logging_mixin.py:188} INFO - [2026-05-30T13:23:06.760+0000] {dag.py:3047} INFO - Sync 2 DAGs
[2026-05-30T13:23:06.764+0000] {logging_mixin.py:188} INFO - [2026-05-30T13:23:06.764+0000] {dag.py:3834} INFO - Setting next_dagrun for example_subdag_operator.section-1 to None, run_after=None
[2026-05-30T13:23:06.765+0000] {logging_mixin.py:188} INFO - [2026-05-30T13:23:06.765+0000] {dag.py:3834} INFO - Setting next_dagrun for example_subdag_operator.section-2 to None, run_after=None
[2026-05-30T13:23:06.777+0000] {processor.py:183} INFO - Processing /home/airflow/.local/lib/python3.8/site-packages/airflow/example_dags/example_subdag_operator.py took 0.085 seconds
[2026-05-30T13:23:37.059+0000] {processor.py:161} INFO - Started process (PID=11516) to work on /home/airflow/.local/lib/python3.8/site-packages/airflow/example_dags/example_subdag_operator.py
[2026-05-30T13:23:37.060+0000] {processor.py:830} INFO - Processing file /home/airflow/.local/lib/python3.8/site-packages/airflow/example_dags/example_subdag_operator.py for tasks to queue
[2026-05-30T13:23:37.062+0000] {logging_mixin.py:188} INFO - [2026-05-30T13:23:37.062+0000] {dagbag.py:540} INFO - Filling up the DagBag from /home/airflow/.local/lib/python3.8/site-packages/airflow/example_dags/example_subdag_operator.py
[2026-05-30T13:23:37.085+0000] {processor.py:840} INFO - DAG(s) 'example_subdag_operator.section-1', 'example_subdag_operator.section-2', 'example_subdag_operator' retrieved from /home/airflow/.local/lib/python3.8/site-packages/airflow/example_dags/example_subdag_operator.py
[2026-05-30T13:23:37.097+0000] {logging_mixin.py:188} INFO - [2026-05-30T13:23:37.097+0000] {dag.py:3047} INFO - Sync 3 DAGs
[2026-05-30T13:23:37.114+0000] {logging_mixin.py:188} INFO - [2026-05-30T13:23:37.114+0000] {dag.py:3834} INFO - Setting next_dagrun for example_subdag_operator to 2022-01-01 00:00:00+00:00, run_after=2022-01-01 00:00:00+00:00
[2026-05-30T13:23:37.118+0000] {logging_mixin.py:188} INFO - [2026-05-30T13:23:37.118+0000] {dag.py:3834} INFO - Setting next_dagrun for example_subdag_operator.section-1 to None, run_after=None
[2026-05-30T13:23:37.120+0000] {logging_mixin.py:188} INFO - [2026-05-30T13:23:37.120+0000] {dag.py:3834} INFO - Setting next_dagrun for example_subdag_operator.section-2 to None, run_after=None
[2026-05-30T13:23:37.128+0000] {logging_mixin.py:188} INFO - [2026-05-30T13:23:37.128+0000] {dag.py:3047} INFO - Sync 2 DAGs
[2026-05-30T13:23:37.133+0000] {logging_mixin.py:188} INFO - [2026-05-30T13:23:37.133+0000] {dag.py:3834} INFO - Setting next_dagrun for example_subdag_operator.section-1 to None, run_after=None
[2026-05-30T13:23:37.135+0000] {logging_mixin.py:188} INFO - [2026-05-30T13:23:37.135+0000] {dag.py:3834} INFO - Setting next_dagrun for example_subdag_operator.section-2 to None, run_after=None
[2026-05-30T13:23:37.146+0000] {processor.py:183} INFO - Processing /home/airflow/.local/lib/python3.8/site-packages/airflow/example_dags/example_subdag_operator.py took 0.090 seconds
[2026-05-30T13:24:07.613+0000] {processor.py:161} INFO - Started process (PID=11572) to work on /home/airflow/.local/lib/python3.8/site-packages/airflow/example_dags/example_subdag_operator.py
[2026-05-30T13:24:07.614+0000] {processor.py:830} INFO - Processing file /home/airflow/.local/lib/python3.8/site-packages/airflow/example_dags/example_subdag_operator.py for tasks to queue
[2026-05-30T13:24:07.616+0000] {logging_mixin.py:188} INFO - [2026-05-30T13:24:07.616+0000] {dagbag.py:540} INFO - Filling up the DagBag from /home/airflow/.local/lib/python3.8/site-packages/airflow/example_dags/example_subdag_operator.py
[2026-05-30T13:24:07.638+0000] {processor.py:840} INFO - DAG(s) 'example_subdag_operator.section-1', 'example_subdag_operator.section-2', 'example_subdag_operator' retrieved from /home/airflow/.local/lib/python3.8/site-packages/airflow/example_dags/example_subdag_operator.py
[2026-05-30T13:24:07.652+0000] {logging_mixin.py:188} INFO - [2026-05-30T13:24:07.652+0000] {dag.py:3047} INFO - Sync 3 DAGs
[2026-05-30T13:24:07.671+0000] {logging_mixin.py:188} INFO - [2026-05-30T13:24:07.670+0000] {dag.py:3834} INFO - Setting next_dagrun for example_subdag_operator to 2022-01-01 00:00:00+00:00, run_after=2022-01-01 00:00:00+00:00
[2026-05-30T13:24:07.674+0000] {logging_mixin.py:188} INFO - [2026-05-30T13:24:07.674+0000] {dag.py:3834} INFO - Setting next_dagrun for example_subdag_operator.section-1 to None, run_after=None
[2026-05-30T13:24:07.676+0000] {logging_mixin.py:188} INFO - [2026-05-30T13:24:07.676+0000] {dag.py:3834} INFO - Setting next_dagrun for example_subdag_operator.section-2 to None, run_after=None
[2026-05-30T13:24:07.685+0000] {logging_mixin.py:188} INFO - [2026-05-30T13:24:07.684+0000] {dag.py:3047} INFO - Sync 2 DAGs
[2026-05-30T13:24:07.691+0000] {logging_mixin.py:188} INFO - [2026-05-30T13:24:07.690+0000] {dag.py:3834} INFO - Setting next_dagrun for example_subdag_operator.section-1 to None, run_after=None
[2026-05-30T13:24:07.692+0000] {logging_mixin.py:188} INFO - [2026-05-30T13:24:07.692+0000] {dag.py:3834} INFO - Setting next_dagrun for example_subdag_operator.section-2 to None, run_after=None
[2026-05-30T13:24:07.704+0000] {processor.py:183} INFO - Processing /home/airflow/.local/lib/python3.8/site-packages/airflow/example_dags/example_subdag_operator.py took 0.094 seconds
[2026-05-30T13:24:38.508+0000] {processor.py:161} INFO - Started process (PID=11628) to work on /home/airflow/.local/lib/python3.8/site-packages/airflow/example_dags/example_subdag_operator.py
[2026-05-30T13:24:38.510+0000] {processor.py:830} INFO - Processing file /home/airflow/.local/lib/python3.8/site-packages/airflow/example_dags/example_subdag_operator.py for tasks to queue
[2026-05-30T13:24:38.513+0000] {logging_mixin.py:188} INFO - [2026-05-30T13:24:38.513+0000] {dagbag.py:540} INFO - Filling up the DagBag from /home/airflow/.local/lib/python3.8/site-packages/airflow/example_dags/example_subdag_operator.py
[2026-05-30T13:24:38.543+0000] {processor.py:840} INFO - DAG(s) 'example_subdag_operator.section-1', 'example_subdag_operator.section-2', 'example_subdag_operator' retrieved from /home/airflow/.local/lib/python3.8/site-packages/airflow/example_dags/example_subdag_operator.py
[2026-05-30T13:24:38.558+0000] {logging_mixin.py:188} INFO - [2026-05-30T13:24:38.558+0000] {dag.py:3047} INFO - Sync 3 DAGs
[2026-05-30T13:24:38.578+0000] {logging_mixin.py:188} INFO - [2026-05-30T13:24:38.578+0000] {dag.py:3834} INFO - Setting next_dagrun for example_subdag_operator to 2022-01-01 00:00:00+00:00, run_after=2022-01-01 00:00:00+00:00
[2026-05-30T13:24:38.582+0000] {logging_mixin.py:188} INFO - [2026-05-30T13:24:38.582+0000] {dag.py:3834} INFO - Setting next_dagrun for example_subdag_operator.section-1 to None, run_after=None
[2026-05-30T13:24:38.585+0000] {logging_mixin.py:188} INFO - [2026-05-30T13:24:38.584+0000] {dag.py:3834} INFO - Setting next_dagrun for example_subdag_operator.section-2 to None, run_after=None
[2026-05-30T13:24:38.595+0000] {logging_mixin.py:188} INFO - [2026-05-30T13:24:38.595+0000] {dag.py:3047} INFO - Sync 2 DAGs
[2026-05-30T13:24:38.604+0000] {logging_mixin.py:188} INFO - [2026-05-30T13:24:38.604+0000] {dag.py:3834} INFO - Setting next_dagrun for example_subdag_operator.section-1 to None, run_after=None
[2026-05-30T13:24:38.607+0000] {logging_mixin.py:188} INFO - [2026-05-30T13:24:38.605+0000] {dag.py:3834} INFO - Setting next_dagrun for example_subdag_operator.section-2 to None, run_after=None
[2026-05-30T13:24:38.627+0000] {processor.py:183} INFO - Processing /home/airflow/.local/lib/python3.8/site-packages/airflow/example_dags/example_subdag_operator.py took 0.123 seconds
[2026-05-30T13:25:08.753+0000] {processor.py:161} INFO - Started process (PID=11684) to work on /home/airflow/.local/lib/python3.8/site-packages/airflow/example_dags/example_subdag_operator.py
[2026-05-30T13:25:08.754+0000] {processor.py:830} INFO - Processing file /home/airflow/.local/lib/python3.8/site-packages/airflow/example_dags/example_subdag_operator.py for tasks to queue
[2026-05-30T13:25:08.756+0000] {logging_mixin.py:188} INFO - [2026-05-30T13:25:08.756+0000] {dagbag.py:540} INFO - Filling up the DagBag from /home/airflow/.local/lib/python3.8/site-packages/airflow/example_dags/example_subdag_operator.py
[2026-05-30T13:25:08.786+0000] {processor.py:840} INFO - DAG(s) 'example_subdag_operator.section-1', 'example_subdag_operator.section-2', 'example_subdag_operator' retrieved from /home/airflow/.local/lib/python3.8/site-packages/airflow/example_dags/example_subdag_operator.py
[2026-05-30T13:25:08.802+0000] {logging_mixin.py:188} INFO - [2026-05-30T13:25:08.802+0000] {dag.py:3047} INFO - Sync 3 DAGs
[2026-05-30T13:25:08.821+0000] {logging_mixin.py:188} INFO - [2026-05-30T13:25:08.820+0000] {dag.py:3834} INFO - Setting next_dagrun for example_subdag_operator to 2022-01-01 00:00:00+00:00, run_after=2022-01-01 00:00:00+00:00
[2026-05-30T13:25:08.824+0000] {logging_mixin.py:188} INFO - [2026-05-30T13:25:08.824+0000] {dag.py:3834} INFO - Setting next_dagrun for example_subdag_operator.section-1 to None, run_after=None
[2026-05-30T13:25:08.826+0000] {logging_mixin.py:188} INFO - [2026-05-30T13:25:08.826+0000] {dag.py:3834} INFO - Setting next_dagrun for example_subdag_operator.section-2 to None, run_after=None
[2026-05-30T13:25:08.833+0000] {logging_mixin.py:188} INFO - [2026-05-30T13:25:08.833+0000] {dag.py:3047} INFO - Sync 2 DAGs
[2026-05-30T13:25:08.839+0000] {logging_mixin.py:188} INFO - [2026-05-30T13:25:08.839+0000] {dag.py:3834} INFO - Setting next_dagrun for example_subdag_operator.section-1 to None, run_after=None
[2026-05-30T13:25:08.840+0000] {logging_mixin.py:188} INFO - [2026-05-30T13:25:08.840+0000] {dag.py:3834} INFO - Setting next_dagrun for example_subdag_operator.section-2 to None, run_after=None
[2026-05-30T13:25:08.852+0000] {processor.py:183} INFO - Processing /home/airflow/.local/lib/python3.8/site-packages/airflow/example_dags/example_subdag_operator.py took 0.103 seconds
[2026-05-30T13:25:39.079+0000] {processor.py:161} INFO - Started process (PID=11740) to work on /home/airflow/.local/lib/python3.8/site-packages/airflow/example_dags/example_subdag_operator.py
[2026-05-30T13:25:39.081+0000] {processor.py:830} INFO - Processing file /home/airflow/.local/lib/python3.8/site-packages/airflow/example_dags/example_subdag_operator.py for tasks to queue
[2026-05-30T13:25:39.083+0000] {logging_mixin.py:188} INFO - [2026-05-30T13:25:39.083+0000] {dagbag.py:540} INFO - Filling up the DagBag from /home/airflow/.local/lib/python3.8/site-packages/airflow/example_dags/example_subdag_operator.py
[2026-05-30T13:25:39.109+0000] {processor.py:840} INFO - DAG(s) 'example_subdag_operator.section-1', 'example_subdag_operator.section-2', 'example_subdag_operator' retrieved from /home/airflow/.local/lib/python3.8/site-packages/airflow/example_dags/example_subdag_operator.py
[2026-05-30T13:25:39.124+0000] {logging_mixin.py:188} INFO - [2026-05-30T13:25:39.123+0000] {dag.py:3047} INFO - Sync 3 DAGs
[2026-05-30T13:25:39.143+0000] {logging_mixin.py:188} INFO - [2026-05-30T13:25:39.142+0000] {dag.py:3834} INFO - Setting next_dagrun for example_subdag_operator to 2022-01-01 00:00:00+00:00, run_after=2022-01-01 00:00:00+00:00
[2026-05-30T13:25:39.146+0000] {logging_mixin.py:188} INFO - [2026-05-30T13:25:39.146+0000] {dag.py:3834} INFO - Setting next_dagrun for example_subdag_operator.section-1 to None, run_after=None
[2026-05-30T13:25:39.149+0000] {logging_mixin.py:188} INFO - [2026-05-30T13:25:39.149+0000] {dag.py:3834} INFO - Setting next_dagrun for example_subdag_operator.section-2 to None, run_after=None
[2026-05-30T13:25:39.160+0000] {logging_mixin.py:188} INFO - [2026-05-30T13:25:39.160+0000] {dag.py:3047} INFO - Sync 2 DAGs
[2026-05-30T13:25:39.168+0000] {logging_mixin.py:188} INFO - [2026-05-30T13:25:39.168+0000] {dag.py:3834} INFO - Setting next_dagrun for example_subdag_operator.section-1 to None, run_after=None
[2026-05-30T13:25:39.169+0000] {logging_mixin.py:188} INFO - [2026-05-30T13:25:39.169+0000] {dag.py:3834} INFO - Setting next_dagrun for example_subdag_operator.section-2 to None, run_after=None
[2026-05-30T13:25:39.182+0000] {processor.py:183} INFO - Processing /home/airflow/.local/lib/python3.8/site-packages/airflow/example_dags/example_subdag_operator.py took 0.106 seconds
[2026-05-30T13:26:09.452+0000] {processor.py:161} INFO - Started process (PID=11796) to work on /home/airflow/.local/lib/python3.8/site-packages/airflow/example_dags/example_subdag_operator.py
[2026-05-30T13:26:09.453+0000] {processor.py:830} INFO - Processing file /home/airflow/.local/lib/python3.8/site-packages/airflow/example_dags/example_subdag_operator.py for tasks to queue
[2026-05-30T13:26:09.456+0000] {logging_mixin.py:188} INFO - [2026-05-30T13:26:09.455+0000] {dagbag.py:540} INFO - Filling up the DagBag from /home/airflow/.local/lib/python3.8/site-packages/airflow/example_dags/example_subdag_operator.py
[2026-05-30T13:26:09.477+0000] {processor.py:840} INFO - DAG(s) 'example_subdag_operator.section-1', 'example_subdag_operator.section-2', 'example_subdag_operator' retrieved from /home/airflow/.local/lib/python3.8/site-packages/airflow/example_dags/example_subdag_operator.py
[2026-05-30T13:26:09.489+0000] {logging_mixin.py:188} INFO - [2026-05-30T13:26:09.489+0000] {dag.py:3047} INFO - Sync 3 DAGs
[2026-05-30T13:26:09.507+0000] {logging_mixin.py:188} INFO - [2026-05-30T13:26:09.506+0000] {dag.py:3834} INFO - Setting next_dagrun for example_subdag_operator to 2022-01-01 00:00:00+00:00, run_after=2022-01-01 00:00:00+00:00
[2026-05-30T13:26:09.510+0000] {logging_mixin.py:188} INFO - [2026-05-30T13:26:09.510+0000] {dag.py:3834} INFO - Setting next_dagrun for example_subdag_operator.section-1 to None, run_after=None
[2026-05-30T13:26:09.512+0000] {logging_mixin.py:188} INFO - [2026-05-30T13:26:09.511+0000] {dag.py:3834} INFO - Setting next_dagrun for example_subdag_operator.section-2 to None, run_after=None
[2026-05-30T13:26:09.519+0000] {logging_mixin.py:188} INFO - [2026-05-30T13:26:09.518+0000] {dag.py:3047} INFO - Sync 2 DAGs
[2026-05-30T13:26:09.528+0000] {logging_mixin.py:188} INFO - [2026-05-30T13:26:09.528+0000] {dag.py:3834} INFO - Setting next_dagrun for example_subdag_operator.section-1 to None, run_after=None
[2026-05-30T13:26:09.529+0000] {logging_mixin.py:188} INFO - [2026-05-30T13:26:09.529+0000] {dag.py:3834} INFO - Setting next_dagrun for example_subdag_operator.section-2 to None, run_after=None
[2026-05-30T13:26:09.544+0000] {processor.py:183} INFO - Processing /home/airflow/.local/lib/python3.8/site-packages/airflow/example_dags/example_subdag_operator.py took 0.095 seconds
[2026-05-30T13:26:39.991+0000] {processor.py:161} INFO - Started process (PID=11852) to work on /home/airflow/.local/lib/python3.8/site-packages/airflow/example_dags/example_subdag_operator.py
[2026-05-30T13:26:39.993+0000] {processor.py:830} INFO - Processing file /home/airflow/.local/lib/python3.8/site-packages/airflow/example_dags/example_subdag_operator.py for tasks to queue
[2026-05-30T13:26:39.994+0000] {logging_mixin.py:188} INFO - [2026-05-30T13:26:39.994+0000] {dagbag.py:540} INFO - Filling up the DagBag from /home/airflow/.local/lib/python3.8/site-packages/airflow/example_dags/example_subdag_operator.py
[2026-05-30T13:26:40.015+0000] {processor.py:840} INFO - DAG(s) 'example_subdag_operator.section-1', 'example_subdag_operator.section-2', 'example_subdag_operator' retrieved from /home/airflow/.local/lib/python3.8/site-packages/airflow/example_dags/example_subdag_operator.py
[2026-05-30T13:26:40.027+0000] {logging_mixin.py:188} INFO - [2026-05-30T13:26:40.027+0000] {dag.py:3047} INFO - Sync 3 DAGs
[2026-05-30T13:26:40.042+0000] {logging_mixin.py:188} INFO - [2026-05-30T13:26:40.042+0000] {dag.py:3834} INFO - Setting next_dagrun for example_subdag_operator to 2022-01-01 00:00:00+00:00, run_after=2022-01-01 00:00:00+00:00
[2026-05-30T13:26:40.045+0000] {logging_mixin.py:188} INFO - [2026-05-30T13:26:40.045+0000] {dag.py:3834} INFO - Setting next_dagrun for example_subdag_operator.section-1 to None, run_after=None
[2026-05-30T13:26:40.047+0000] {logging_mixin.py:188} INFO - [2026-05-30T13:26:40.047+0000] {dag.py:3834} INFO - Setting next_dagrun for example_subdag_operator.section-2 to None, run_after=None
[2026-05-30T13:26:40.053+0000] {logging_mixin.py:188} INFO - [2026-05-30T13:26:40.053+0000] {dag.py:3047} INFO - Sync 2 DAGs
[2026-05-30T13:26:40.058+0000] {logging_mixin.py:188} INFO - [2026-05-30T13:26:40.057+0000] {dag.py:3834} INFO - Setting next_dagrun for example_subdag_operator.section-1 to None, run_after=None
[2026-05-30T13:26:40.059+0000] {logging_mixin.py:188} INFO - [2026-05-30T13:26:40.059+0000] {dag.py:3834} INFO - Setting next_dagrun for example_subdag_operator.section-2 to None, run_after=None
[2026-05-30T13:26:40.072+0000] {processor.py:183} INFO - Processing /home/airflow/.local/lib/python3.8/site-packages/airflow/example_dags/example_subdag_operator.py took 0.084 seconds
[2026-05-30T13:27:10.268+0000] {processor.py:161} INFO - Started process (PID=11908) to work on /home/airflow/.local/lib/python3.8/site-packages/airflow/example_dags/example_subdag_operator.py
[2026-05-30T13:27:10.269+0000] {processor.py:830} INFO - Processing file /home/airflow/.local/lib/python3.8/site-packages/airflow/example_dags/example_subdag_operator.py for tasks to queue
[2026-05-30T13:27:10.271+0000] {logging_mixin.py:188} INFO - [2026-05-30T13:27:10.271+0000] {dagbag.py:540} INFO - Filling up the DagBag from /home/airflow/.local/lib/python3.8/site-packages/airflow/example_dags/example_subdag_operator.py
[2026-05-30T13:27:10.305+0000] {processor.py:840} INFO - DAG(s) 'example_subdag_operator.section-1', 'example_subdag_operator.section-2', 'example_subdag_operator' retrieved from /home/airflow/.local/lib/python3.8/site-packages/airflow/example_dags/example_subdag_operator.py
[2026-05-30T13:27:10.320+0000] {logging_mixin.py:188} INFO - [2026-05-30T13:27:10.320+0000] {dag.py:3047} INFO - Sync 3 DAGs
[2026-05-30T13:27:10.342+0000] {logging_mixin.py:188} INFO - [2026-05-30T13:27:10.342+0000] {dag.py:3834} INFO - Setting next_dagrun for example_subdag_operator to 2022-01-01 00:00:00+00:00, run_after=2022-01-01 00:00:00+00:00
[2026-05-30T13:27:10.347+0000] {logging_mixin.py:188} INFO - [2026-05-30T13:27:10.347+0000] {dag.py:3834} INFO - Setting next_dagrun for example_subdag_operator.section-1 to None, run_after=None
[2026-05-30T13:27:10.349+0000] {logging_mixin.py:188} INFO - [2026-05-30T13:27:10.349+0000] {dag.py:3834} INFO - Setting next_dagrun for example_subdag_operator.section-2 to None, run_after=None
[2026-05-30T13:27:10.359+0000] {logging_mixin.py:188} INFO - [2026-05-30T13:27:10.358+0000] {dag.py:3047} INFO - Sync 2 DAGs
[2026-05-30T13:27:10.364+0000] {logging_mixin.py:188} INFO - [2026-05-30T13:27:10.364+0000] {dag.py:3834} INFO - Setting next_dagrun for example_subdag_operator.section-1 to None, run_after=None
[2026-05-30T13:27:10.365+0000] {logging_mixin.py:188} INFO - [2026-05-30T13:27:10.365+0000] {dag.py:3834} INFO - Setting next_dagrun for example_subdag_operator.section-2 to None, run_after=None
[2026-05-30T13:27:10.378+0000] {processor.py:183} INFO - Processing /home/airflow/.local/lib/python3.8/site-packages/airflow/example_dags/example_subdag_operator.py took 0.113 seconds
[2026-05-30T13:27:40.762+0000] {processor.py:161} INFO - Started process (PID=11964) to work on /home/airflow/.local/lib/python3.8/site-packages/airflow/example_dags/example_subdag_operator.py
[2026-05-30T13:27:40.764+0000] {processor.py:830} INFO - Processing file /home/airflow/.local/lib/python3.8/site-packages/airflow/example_dags/example_subdag_operator.py for tasks to queue
[2026-05-30T13:27:40.765+0000] {logging_mixin.py:188} INFO - [2026-05-30T13:27:40.765+0000] {dagbag.py:540} INFO - Filling up the DagBag from /home/airflow/.local/lib/python3.8/site-packages/airflow/example_dags/example_subdag_operator.py
[2026-05-30T13:27:40.786+0000] {processor.py:840} INFO - DAG(s) 'example_subdag_operator.section-1', 'example_subdag_operator.section-2', 'example_subdag_operator' retrieved from /home/airflow/.local/lib/python3.8/site-packages/airflow/example_dags/example_subdag_operator.py
[2026-05-30T13:27:40.799+0000] {logging_mixin.py:188} INFO - [2026-05-30T13:27:40.799+0000] {dag.py:3047} INFO - Sync 3 DAGs
[2026-05-30T13:27:40.815+0000] {logging_mixin.py:188} INFO - [2026-05-30T13:27:40.815+0000] {dag.py:3834} INFO - Setting next_dagrun for example_subdag_operator to 2022-01-01 00:00:00+00:00, run_after=2022-01-01 00:00:00+00:00
[2026-05-30T13:27:40.819+0000] {logging_mixin.py:188} INFO - [2026-05-30T13:27:40.819+0000] {dag.py:3834} INFO - Setting next_dagrun for example_subdag_operator.section-1 to None, run_after=None
[2026-05-30T13:27:40.820+0000] {logging_mixin.py:188} INFO - [2026-05-30T13:27:40.820+0000] {dag.py:3834} INFO - Setting next_dagrun for example_subdag_operator.section-2 to None, run_after=None
[2026-05-30T13:27:40.828+0000] {logging_mixin.py:188} INFO - [2026-05-30T13:27:40.828+0000] {dag.py:3047} INFO - Sync 2 DAGs
[2026-05-30T13:27:40.834+0000] {logging_mixin.py:188} INFO - [2026-05-30T13:27:40.833+0000] {dag.py:3834} INFO - Setting next_dagrun for example_subdag_operator.section-1 to None, run_after=None
[2026-05-30T13:27:40.835+0000] {logging_mixin.py:188} INFO - [2026-05-30T13:27:40.835+0000] {dag.py:3834} INFO - Setting next_dagrun for example_subdag_operator.section-2 to None, run_after=None
[2026-05-30T13:27:40.845+0000] {processor.py:183} INFO - Processing /home/airflow/.local/lib/python3.8/site-packages/airflow/example_dags/example_subdag_operator.py took 0.086 seconds
[2026-05-30T13:28:11.107+0000] {processor.py:161} INFO - Started process (PID=12020) to work on /home/airflow/.local/lib/python3.8/site-packages/airflow/example_dags/example_subdag_operator.py
[2026-05-30T13:28:11.108+0000] {processor.py:830} INFO - Processing file /home/airflow/.local/lib/python3.8/site-packages/airflow/example_dags/example_subdag_operator.py for tasks to queue
[2026-05-30T13:28:11.110+0000] {logging_mixin.py:188} INFO - [2026-05-30T13:28:11.110+0000] {dagbag.py:540} INFO - Filling up the DagBag from /home/airflow/.local/lib/python3.8/site-packages/airflow/example_dags/example_subdag_operator.py
[2026-05-30T13:28:11.132+0000] {processor.py:840} INFO - DAG(s) 'example_subdag_operator.section-1', 'example_subdag_operator.section-2', 'example_subdag_operator' retrieved from /home/airflow/.local/lib/python3.8/site-packages/airflow/example_dags/example_subdag_operator.py
[2026-05-30T13:28:11.145+0000] {logging_mixin.py:188} INFO - [2026-05-30T13:28:11.145+0000] {dag.py:3047} INFO - Sync 3 DAGs
[2026-05-30T13:28:11.162+0000] {logging_mixin.py:188} INFO - [2026-05-30T13:28:11.162+0000] {dag.py:3834} INFO - Setting next_dagrun for example_subdag_operator to 2022-01-01 00:00:00+00:00, run_after=2022-01-01 00:00:00+00:00
[2026-05-30T13:28:11.165+0000] {logging_mixin.py:188} INFO - [2026-05-30T13:28:11.165+0000] {dag.py:3834} INFO - Setting next_dagrun for example_subdag_operator.section-1 to None, run_after=None
[2026-05-30T13:28:11.167+0000] {logging_mixin.py:188} INFO - [2026-05-30T13:28:11.167+0000] {dag.py:3834} INFO - Setting next_dagrun for example_subdag_operator.section-2 to None, run_after=None
[2026-05-30T13:28:11.175+0000] {logging_mixin.py:188} INFO - [2026-05-30T13:28:11.174+0000] {dag.py:3047} INFO - Sync 2 DAGs
[2026-05-30T13:28:11.180+0000] {logging_mixin.py:188} INFO - [2026-05-30T13:28:11.180+0000] {dag.py:3834} INFO - Setting next_dagrun for example_subdag_operator.section-1 to None, run_after=None
[2026-05-30T13:28:11.182+0000] {logging_mixin.py:188} INFO - [2026-05-30T13:28:11.182+0000] {dag.py:3834} INFO - Setting next_dagrun for example_subdag_operator.section-2 to None, run_after=None
[2026-05-30T13:28:11.192+0000] {processor.py:183} INFO - Processing /home/airflow/.local/lib/python3.8/site-packages/airflow/example_dags/example_subdag_operator.py took 0.088 seconds
[2026-05-30T13:28:41.430+0000] {processor.py:161} INFO - Started process (PID=12076) to work on /home/airflow/.local/lib/python3.8/site-packages/airflow/example_dags/example_subdag_operator.py
[2026-05-30T13:28:41.431+0000] {processor.py:830} INFO - Processing file /home/airflow/.local/lib/python3.8/site-packages/airflow/example_dags/example_subdag_operator.py for tasks to queue
[2026-05-30T13:28:41.433+0000] {logging_mixin.py:188} INFO - [2026-05-30T13:28:41.433+0000] {dagbag.py:540} INFO - Filling up the DagBag from /home/airflow/.local/lib/python3.8/site-packages/airflow/example_dags/example_subdag_operator.py
[2026-05-30T13:28:41.462+0000] {processor.py:840} INFO - DAG(s) 'example_subdag_operator.section-1', 'example_subdag_operator.section-2', 'example_subdag_operator' retrieved from /home/airflow/.local/lib/python3.8/site-packages/airflow/example_dags/example_subdag_operator.py
[2026-05-30T13:28:41.481+0000] {logging_mixin.py:188} INFO - [2026-05-30T13:28:41.480+0000] {dag.py:3047} INFO - Sync 3 DAGs
[2026-05-30T13:28:41.502+0000] {logging_mixin.py:188} INFO - [2026-05-30T13:28:41.502+0000] {dag.py:3834} INFO - Setting next_dagrun for example_subdag_operator to 2022-01-01 00:00:00+00:00, run_after=2022-01-01 00:00:00+00:00
[2026-05-30T13:28:41.507+0000] {logging_mixin.py:188} INFO - [2026-05-30T13:28:41.507+0000] {dag.py:3834} INFO - Setting next_dagrun for example_subdag_operator.section-1 to None, run_after=None
[2026-05-30T13:28:41.510+0000] {logging_mixin.py:188} INFO - [2026-05-30T13:28:41.509+0000] {dag.py:3834} INFO - Setting next_dagrun for example_subdag_operator.section-2 to None, run_after=None
[2026-05-30T13:28:41.521+0000] {logging_mixin.py:188} INFO - [2026-05-30T13:28:41.520+0000] {dag.py:3047} INFO - Sync 2 DAGs
[2026-05-30T13:28:41.527+0000] {logging_mixin.py:188} INFO - [2026-05-30T13:28:41.527+0000] {dag.py:3834} INFO - Setting next_dagrun for example_subdag_operator.section-1 to None, run_after=None
[2026-05-30T13:28:41.528+0000] {logging_mixin.py:188} INFO - [2026-05-30T13:28:41.528+0000] {dag.py:3834} INFO - Setting next_dagrun for example_subdag_operator.section-2 to None, run_after=None
[2026-05-30T13:28:41.544+0000] {processor.py:183} INFO - Processing /home/airflow/.local/lib/python3.8/site-packages/airflow/example_dags/example_subdag_operator.py took 0.118 seconds
[2026-05-30T13:29:11.833+0000] {processor.py:161} INFO - Started process (PID=12132) to work on /home/airflow/.local/lib/python3.8/site-packages/airflow/example_dags/example_subdag_operator.py
[2026-05-30T13:29:11.835+0000] {processor.py:830} INFO - Processing file /home/airflow/.local/lib/python3.8/site-packages/airflow/example_dags/example_subdag_operator.py for tasks to queue
[2026-05-30T13:29:11.837+0000] {logging_mixin.py:188} INFO - [2026-05-30T13:29:11.837+0000] {dagbag.py:540} INFO - Filling up the DagBag from /home/airflow/.local/lib/python3.8/site-packages/airflow/example_dags/example_subdag_operator.py
[2026-05-30T13:29:11.857+0000] {processor.py:840} INFO - DAG(s) 'example_subdag_operator.section-1', 'example_subdag_operator.section-2', 'example_subdag_operator' retrieved from /home/airflow/.local/lib/python3.8/site-packages/airflow/example_dags/example_subdag_operator.py
[2026-05-30T13:29:11.869+0000] {logging_mixin.py:188} INFO - [2026-05-30T13:29:11.869+0000] {dag.py:3047} INFO - Sync 3 DAGs
[2026-05-30T13:29:11.886+0000] {logging_mixin.py:188} INFO - [2026-05-30T13:29:11.885+0000] {dag.py:3834} INFO - Setting next_dagrun for example_subdag_operator to 2022-01-01 00:00:00+00:00, run_after=2022-01-01 00:00:00+00:00
[2026-05-30T13:29:11.889+0000] {logging_mixin.py:188} INFO - [2026-05-30T13:29:11.889+0000] {dag.py:3834} INFO - Setting next_dagrun for example_subdag_operator.section-1 to None, run_after=None
[2026-05-30T13:29:11.891+0000] {logging_mixin.py:188} INFO - [2026-05-30T13:29:11.891+0000] {dag.py:3834} INFO - Setting next_dagrun for example_subdag_operator.section-2 to None, run_after=None
[2026-05-30T13:29:11.898+0000] {logging_mixin.py:188} INFO - [2026-05-30T13:29:11.898+0000] {dag.py:3047} INFO - Sync 2 DAGs
[2026-05-30T13:29:11.903+0000] {logging_mixin.py:188} INFO - [2026-05-30T13:29:11.903+0000] {dag.py:3834} INFO - Setting next_dagrun for example_subdag_operator.section-1 to None, run_after=None
[2026-05-30T13:29:11.904+0000] {logging_mixin.py:188} INFO - [2026-05-30T13:29:11.904+0000] {dag.py:3834} INFO - Setting next_dagrun for example_subdag_operator.section-2 to None, run_after=None
[2026-05-30T13:29:11.914+0000] {processor.py:183} INFO - Processing /home/airflow/.local/lib/python3.8/site-packages/airflow/example_dags/example_subdag_operator.py took 0.083 seconds
[2026-05-30T13:29:42.639+0000] {processor.py:161} INFO - Started process (PID=12187) to work on /home/airflow/.local/lib/python3.8/site-packages/airflow/example_dags/example_subdag_operator.py
[2026-05-30T13:29:42.640+0000] {processor.py:830} INFO - Processing file /home/airflow/.local/lib/python3.8/site-packages/airflow/example_dags/example_subdag_operator.py for tasks to queue
[2026-05-30T13:29:42.642+0000] {logging_mixin.py:188} INFO - [2026-05-30T13:29:42.642+0000] {dagbag.py:540} INFO - Filling up the DagBag from /home/airflow/.local/lib/python3.8/site-packages/airflow/example_dags/example_subdag_operator.py
[2026-05-30T13:29:42.662+0000] {processor.py:840} INFO - DAG(s) 'example_subdag_operator.section-1', 'example_subdag_operator.section-2', 'example_subdag_operator' retrieved from /home/airflow/.local/lib/python3.8/site-packages/airflow/example_dags/example_subdag_operator.py
[2026-05-30T13:29:42.675+0000] {logging_mixin.py:188} INFO - [2026-05-30T13:29:42.675+0000] {dag.py:3047} INFO - Sync 3 DAGs
[2026-05-30T13:29:42.697+0000] {logging_mixin.py:188} INFO - [2026-05-30T13:29:42.696+0000] {dag.py:3834} INFO - Setting next_dagrun for example_subdag_operator to 2022-01-01 00:00:00+00:00, run_after=2022-01-01 00:00:00+00:00
[2026-05-30T13:29:42.700+0000] {logging_mixin.py:188} INFO - [2026-05-30T13:29:42.700+0000] {dag.py:3834} INFO - Setting next_dagrun for example_subdag_operator.section-1 to None, run_after=None
[2026-05-30T13:29:42.702+0000] {logging_mixin.py:188} INFO - [2026-05-30T13:29:42.702+0000] {dag.py:3834} INFO - Setting next_dagrun for example_subdag_operator.section-2 to None, run_after=None
[2026-05-30T13:29:42.709+0000] {logging_mixin.py:188} INFO - [2026-05-30T13:29:42.709+0000] {dag.py:3047} INFO - Sync 2 DAGs
[2026-05-30T13:29:42.715+0000] {logging_mixin.py:188} INFO - [2026-05-30T13:29:42.714+0000] {dag.py:3834} INFO - Setting next_dagrun for example_subdag_operator.section-1 to None, run_after=None
[2026-05-30T13:29:42.716+0000] {logging_mixin.py:188} INFO - [2026-05-30T13:29:42.716+0000] {dag.py:3834} INFO - Setting next_dagrun for example_subdag_operator.section-2 to None, run_after=None
[2026-05-30T13:29:42.731+0000] {processor.py:183} INFO - Processing /home/airflow/.local/lib/python3.8/site-packages/airflow/example_dags/example_subdag_operator.py took 0.095 seconds
[2026-05-30T13:30:13.041+0000] {processor.py:161} INFO - Started process (PID=12249) to work on /home/airflow/.local/lib/python3.8/site-packages/airflow/example_dags/example_subdag_operator.py
[2026-05-30T13:30:13.043+0000] {processor.py:830} INFO - Processing file /home/airflow/.local/lib/python3.8/site-packages/airflow/example_dags/example_subdag_operator.py for tasks to queue
[2026-05-30T13:30:13.044+0000] {logging_mixin.py:188} INFO - [2026-05-30T13:30:13.044+0000] {dagbag.py:540} INFO - Filling up the DagBag from /home/airflow/.local/lib/python3.8/site-packages/airflow/example_dags/example_subdag_operator.py
[2026-05-30T13:30:13.065+0000] {processor.py:840} INFO - DAG(s) 'example_subdag_operator.section-1', 'example_subdag_operator.section-2', 'example_subdag_operator' retrieved from /home/airflow/.local/lib/python3.8/site-packages/airflow/example_dags/example_subdag_operator.py
[2026-05-30T13:30:13.077+0000] {logging_mixin.py:188} INFO - [2026-05-30T13:30:13.077+0000] {dag.py:3047} INFO - Sync 3 DAGs
[2026-05-30T13:30:13.096+0000] {logging_mixin.py:188} INFO - [2026-05-30T13:30:13.096+0000] {dag.py:3834} INFO - Setting next_dagrun for example_subdag_operator to 2022-01-01 00:00:00+00:00, run_after=2022-01-01 00:00:00+00:00
[2026-05-30T13:30:13.101+0000] {logging_mixin.py:188} INFO - [2026-05-30T13:30:13.100+0000] {dag.py:3834} INFO - Setting next_dagrun for example_subdag_operator.section-1 to None, run_after=None
[2026-05-30T13:30:13.102+0000] {logging_mixin.py:188} INFO - [2026-05-30T13:30:13.102+0000] {dag.py:3834} INFO - Setting next_dagrun for example_subdag_operator.section-2 to None, run_after=None
[2026-05-30T13:30:13.108+0000] {logging_mixin.py:188} INFO - [2026-05-30T13:30:13.107+0000] {dag.py:3047} INFO - Sync 2 DAGs
[2026-05-30T13:30:13.112+0000] {logging_mixin.py:188} INFO - [2026-05-30T13:30:13.112+0000] {dag.py:3834} INFO - Setting next_dagrun for example_subdag_operator.section-1 to None, run_after=None
[2026-05-30T13:30:13.113+0000] {logging_mixin.py:188} INFO - [2026-05-30T13:30:13.113+0000] {dag.py:3834} INFO - Setting next_dagrun for example_subdag_operator.section-2 to None, run_after=None
[2026-05-30T13:30:13.124+0000] {processor.py:183} INFO - Processing /home/airflow/.local/lib/python3.8/site-packages/airflow/example_dags/example_subdag_operator.py took 0.085 seconds
[2026-05-30T13:30:43.490+0000] {processor.py:161} INFO - Started process (PID=12305) to work on /home/airflow/.local/lib/python3.8/site-packages/airflow/example_dags/example_subdag_operator.py
[2026-05-30T13:30:43.491+0000] {processor.py:830} INFO - Processing file /home/airflow/.local/lib/python3.8/site-packages/airflow/example_dags/example_subdag_operator.py for tasks to queue
[2026-05-30T13:30:43.493+0000] {logging_mixin.py:188} INFO - [2026-05-30T13:30:43.493+0000] {dagbag.py:540} INFO - Filling up the DagBag from /home/airflow/.local/lib/python3.8/site-packages/airflow/example_dags/example_subdag_operator.py
[2026-05-30T13:30:43.512+0000] {processor.py:840} INFO - DAG(s) 'example_subdag_operator.section-1', 'example_subdag_operator.section-2', 'example_subdag_operator' retrieved from /home/airflow/.local/lib/python3.8/site-packages/airflow/example_dags/example_subdag_operator.py
[2026-05-30T13:30:43.524+0000] {logging_mixin.py:188} INFO - [2026-05-30T13:30:43.524+0000] {dag.py:3047} INFO - Sync 3 DAGs
[2026-05-30T13:30:43.540+0000] {logging_mixin.py:188} INFO - [2026-05-30T13:30:43.540+0000] {dag.py:3834} INFO - Setting next_dagrun for example_subdag_operator to 2022-01-01 00:00:00+00:00, run_after=2022-01-01 00:00:00+00:00
[2026-05-30T13:30:43.544+0000] {logging_mixin.py:188} INFO - [2026-05-30T13:30:43.544+0000] {dag.py:3834} INFO - Setting next_dagrun for example_subdag_operator.section-1 to None, run_after=None
[2026-05-30T13:30:43.546+0000] {logging_mixin.py:188} INFO - [2026-05-30T13:30:43.546+0000] {dag.py:3834} INFO - Setting next_dagrun for example_subdag_operator.section-2 to None, run_after=None
[2026-05-30T13:30:43.556+0000] {logging_mixin.py:188} INFO - [2026-05-30T13:30:43.555+0000] {dag.py:3047} INFO - Sync 2 DAGs
[2026-05-30T13:30:43.562+0000] {logging_mixin.py:188} INFO - [2026-05-30T13:30:43.562+0000] {dag.py:3834} INFO - Setting next_dagrun for example_subdag_operator.section-1 to None, run_after=None
[2026-05-30T13:30:43.564+0000] {logging_mixin.py:188} INFO - [2026-05-30T13:30:43.563+0000] {dag.py:3834} INFO - Setting next_dagrun for example_subdag_operator.section-2 to None, run_after=None
[2026-05-30T13:30:43.574+0000] {processor.py:183} INFO - Processing /home/airflow/.local/lib/python3.8/site-packages/airflow/example_dags/example_subdag_operator.py took 0.087 seconds
[2026-05-30T13:31:14.059+0000] {processor.py:161} INFO - Started process (PID=12361) to work on /home/airflow/.local/lib/python3.8/site-packages/airflow/example_dags/example_subdag_operator.py
[2026-05-30T13:31:14.061+0000] {processor.py:830} INFO - Processing file /home/airflow/.local/lib/python3.8/site-packages/airflow/example_dags/example_subdag_operator.py for tasks to queue
[2026-05-30T13:31:14.063+0000] {logging_mixin.py:188} INFO - [2026-05-30T13:31:14.063+0000] {dagbag.py:540} INFO - Filling up the DagBag from /home/airflow/.local/lib/python3.8/site-packages/airflow/example_dags/example_subdag_operator.py
[2026-05-30T13:31:14.085+0000] {processor.py:840} INFO - DAG(s) 'example_subdag_operator.section-1', 'example_subdag_operator.section-2', 'example_subdag_operator' retrieved from /home/airflow/.local/lib/python3.8/site-packages/airflow/example_dags/example_subdag_operator.py
[2026-05-30T13:31:14.098+0000] {logging_mixin.py:188} INFO - [2026-05-30T13:31:14.098+0000] {dag.py:3047} INFO - Sync 3 DAGs
[2026-05-30T13:31:14.114+0000] {logging_mixin.py:188} INFO - [2026-05-30T13:31:14.114+0000] {dag.py:3834} INFO - Setting next_dagrun for example_subdag_operator to 2022-01-01 00:00:00+00:00, run_after=2022-01-01 00:00:00+00:00
[2026-05-30T13:31:14.118+0000] {logging_mixin.py:188} INFO - [2026-05-30T13:31:14.118+0000] {dag.py:3834} INFO - Setting next_dagrun for example_subdag_operator.section-1 to None, run_after=None
[2026-05-30T13:31:14.119+0000] {logging_mixin.py:188} INFO - [2026-05-30T13:31:14.119+0000] {dag.py:3834} INFO - Setting next_dagrun for example_subdag_operator.section-2 to None, run_after=None
[2026-05-30T13:31:14.128+0000] {logging_mixin.py:188} INFO - [2026-05-30T13:31:14.127+0000] {dag.py:3047} INFO - Sync 2 DAGs
[2026-05-30T13:31:14.133+0000] {logging_mixin.py:188} INFO - [2026-05-30T13:31:14.133+0000] {dag.py:3834} INFO - Setting next_dagrun for example_subdag_operator.section-1 to None, run_after=None
[2026-05-30T13:31:14.134+0000] {logging_mixin.py:188} INFO - [2026-05-30T13:31:14.134+0000] {dag.py:3834} INFO - Setting next_dagrun for example_subdag_operator.section-2 to None, run_after=None
[2026-05-30T13:31:14.145+0000] {processor.py:183} INFO - Processing /home/airflow/.local/lib/python3.8/site-packages/airflow/example_dags/example_subdag_operator.py took 0.088 seconds
[2026-05-30T13:31:44.631+0000] {processor.py:161} INFO - Started process (PID=12417) to work on /home/airflow/.local/lib/python3.8/site-packages/airflow/example_dags/example_subdag_operator.py
[2026-05-30T13:31:44.632+0000] {processor.py:830} INFO - Processing file /home/airflow/.local/lib/python3.8/site-packages/airflow/example_dags/example_subdag_operator.py for tasks to queue
[2026-05-30T13:31:44.634+0000] {logging_mixin.py:188} INFO - [2026-05-30T13:31:44.634+0000] {dagbag.py:540} INFO - Filling up the DagBag from /home/airflow/.local/lib/python3.8/site-packages/airflow/example_dags/example_subdag_operator.py
[2026-05-30T13:31:44.654+0000] {processor.py:840} INFO - DAG(s) 'example_subdag_operator.section-1', 'example_subdag_operator.section-2', 'example_subdag_operator' retrieved from /home/airflow/.local/lib/python3.8/site-packages/airflow/example_dags/example_subdag_operator.py
[2026-05-30T13:31:44.668+0000] {logging_mixin.py:188} INFO - [2026-05-30T13:31:44.668+0000] {dag.py:3047} INFO - Sync 3 DAGs
[2026-05-30T13:31:44.685+0000] {logging_mixin.py:188} INFO - [2026-05-30T13:31:44.684+0000] {dag.py:3834} INFO - Setting next_dagrun for example_subdag_operator to 2022-01-01 00:00:00+00:00, run_after=2022-01-01 00:00:00+00:00
[2026-05-30T13:31:44.688+0000] {logging_mixin.py:188} INFO - [2026-05-30T13:31:44.688+0000] {dag.py:3834} INFO - Setting next_dagrun for example_subdag_operator.section-1 to None, run_after=None
[2026-05-30T13:31:44.691+0000] {logging_mixin.py:188} INFO - [2026-05-30T13:31:44.691+0000] {dag.py:3834} INFO - Setting next_dagrun for example_subdag_operator.section-2 to None, run_after=None
[2026-05-30T13:31:44.698+0000] {logging_mixin.py:188} INFO - [2026-05-30T13:31:44.698+0000] {dag.py:3047} INFO - Sync 2 DAGs
[2026-05-30T13:31:44.705+0000] {logging_mixin.py:188} INFO - [2026-05-30T13:31:44.704+0000] {dag.py:3834} INFO - Setting next_dagrun for example_subdag_operator.section-1 to None, run_after=None
[2026-05-30T13:31:44.706+0000] {logging_mixin.py:188} INFO - [2026-05-30T13:31:44.706+0000] {dag.py:3834} INFO - Setting next_dagrun for example_subdag_operator.section-2 to None, run_after=None
[2026-05-30T13:31:44.722+0000] {processor.py:183} INFO - Processing /home/airflow/.local/lib/python3.8/site-packages/airflow/example_dags/example_subdag_operator.py took 0.094 seconds
[2026-05-30T13:32:15.216+0000] {processor.py:161} INFO - Started process (PID=12473) to work on /home/airflow/.local/lib/python3.8/site-packages/airflow/example_dags/example_subdag_operator.py
[2026-05-30T13:32:15.218+0000] {processor.py:830} INFO - Processing file /home/airflow/.local/lib/python3.8/site-packages/airflow/example_dags/example_subdag_operator.py for tasks to queue
[2026-05-30T13:32:15.220+0000] {logging_mixin.py:188} INFO - [2026-05-30T13:32:15.219+0000] {dagbag.py:540} INFO - Filling up the DagBag from /home/airflow/.local/lib/python3.8/site-packages/airflow/example_dags/example_subdag_operator.py
[2026-05-30T13:32:15.241+0000] {processor.py:840} INFO - DAG(s) 'example_subdag_operator.section-1', 'example_subdag_operator.section-2', 'example_subdag_operator' retrieved from /home/airflow/.local/lib/python3.8/site-packages/airflow/example_dags/example_subdag_operator.py
[2026-05-30T13:32:15.254+0000] {logging_mixin.py:188} INFO - [2026-05-30T13:32:15.253+0000] {dag.py:3047} INFO - Sync 3 DAGs
[2026-05-30T13:32:15.269+0000] {logging_mixin.py:188} INFO - [2026-05-30T13:32:15.269+0000] {dag.py:3834} INFO - Setting next_dagrun for example_subdag_operator to 2022-01-01 00:00:00+00:00, run_after=2022-01-01 00:00:00+00:00
[2026-05-30T13:32:15.276+0000] {logging_mixin.py:188} INFO - [2026-05-30T13:32:15.276+0000] {dag.py:3834} INFO - Setting next_dagrun for example_subdag_operator.section-1 to None, run_after=None
[2026-05-30T13:32:15.278+0000] {logging_mixin.py:188} INFO - [2026-05-30T13:32:15.278+0000] {dag.py:3834} INFO - Setting next_dagrun for example_subdag_operator.section-2 to None, run_after=None
[2026-05-30T13:32:15.285+0000] {logging_mixin.py:188} INFO - [2026-05-30T13:32:15.285+0000] {dag.py:3047} INFO - Sync 2 DAGs
[2026-05-30T13:32:15.290+0000] {logging_mixin.py:188} INFO - [2026-05-30T13:32:15.290+0000] {dag.py:3834} INFO - Setting next_dagrun for example_subdag_operator.section-1 to None, run_after=None
[2026-05-30T13:32:15.291+0000] {logging_mixin.py:188} INFO - [2026-05-30T13:32:15.291+0000] {dag.py:3834} INFO - Setting next_dagrun for example_subdag_operator.section-2 to None, run_after=None
[2026-05-30T13:32:15.302+0000] {processor.py:183} INFO - Processing /home/airflow/.local/lib/python3.8/site-packages/airflow/example_dags/example_subdag_operator.py took 0.088 seconds
[2026-05-30T13:32:45.748+0000] {processor.py:161} INFO - Started process (PID=12529) to work on /home/airflow/.local/lib/python3.8/site-packages/airflow/example_dags/example_subdag_operator.py
[2026-05-30T13:32:45.749+0000] {processor.py:830} INFO - Processing file /home/airflow/.local/lib/python3.8/site-packages/airflow/example_dags/example_subdag_operator.py for tasks to queue
[2026-05-30T13:32:45.751+0000] {logging_mixin.py:188} INFO - [2026-05-30T13:32:45.751+0000] {dagbag.py:540} INFO - Filling up the DagBag from /home/airflow/.local/lib/python3.8/site-packages/airflow/example_dags/example_subdag_operator.py
[2026-05-30T13:32:45.775+0000] {processor.py:840} INFO - DAG(s) 'example_subdag_operator.section-1', 'example_subdag_operator.section-2', 'example_subdag_operator' retrieved from /home/airflow/.local/lib/python3.8/site-packages/airflow/example_dags/example_subdag_operator.py
[2026-05-30T13:32:45.787+0000] {logging_mixin.py:188} INFO - [2026-05-30T13:32:45.787+0000] {dag.py:3047} INFO - Sync 3 DAGs
[2026-05-30T13:32:45.803+0000] {logging_mixin.py:188} INFO - [2026-05-30T13:32:45.803+0000] {dag.py:3834} INFO - Setting next_dagrun for example_subdag_operator to 2022-01-01 00:00:00+00:00, run_after=2022-01-01 00:00:00+00:00
[2026-05-30T13:32:45.807+0000] {logging_mixin.py:188} INFO - [2026-05-30T13:32:45.806+0000] {dag.py:3834} INFO - Setting next_dagrun for example_subdag_operator.section-1 to None, run_after=None
[2026-05-30T13:32:45.808+0000] {logging_mixin.py:188} INFO - [2026-05-30T13:32:45.808+0000] {dag.py:3834} INFO - Setting next_dagrun for example_subdag_operator.section-2 to None, run_after=None
[2026-05-30T13:32:45.815+0000] {logging_mixin.py:188} INFO - [2026-05-30T13:32:45.815+0000] {dag.py:3047} INFO - Sync 2 DAGs
[2026-05-30T13:32:45.821+0000] {logging_mixin.py:188} INFO - [2026-05-30T13:32:45.820+0000] {dag.py:3834} INFO - Setting next_dagrun for example_subdag_operator.section-1 to None, run_after=None
[2026-05-30T13:32:45.824+0000] {logging_mixin.py:188} INFO - [2026-05-30T13:32:45.823+0000] {dag.py:3834} INFO - Setting next_dagrun for example_subdag_operator.section-2 to None, run_after=None
[2026-05-30T13:32:45.834+0000] {processor.py:183} INFO - Processing /home/airflow/.local/lib/python3.8/site-packages/airflow/example_dags/example_subdag_operator.py took 0.088 seconds
[2026-05-30T13:33:16.273+0000] {processor.py:161} INFO - Started process (PID=12585) to work on /home/airflow/.local/lib/python3.8/site-packages/airflow/example_dags/example_subdag_operator.py
[2026-05-30T13:33:16.274+0000] {processor.py:830} INFO - Processing file /home/airflow/.local/lib/python3.8/site-packages/airflow/example_dags/example_subdag_operator.py for tasks to queue
[2026-05-30T13:33:16.276+0000] {logging_mixin.py:188} INFO - [2026-05-30T13:33:16.276+0000] {dagbag.py:540} INFO - Filling up the DagBag from /home/airflow/.local/lib/python3.8/site-packages/airflow/example_dags/example_subdag_operator.py
[2026-05-30T13:33:16.298+0000] {processor.py:840} INFO - DAG(s) 'example_subdag_operator.section-1', 'example_subdag_operator.section-2', 'example_subdag_operator' retrieved from /home/airflow/.local/lib/python3.8/site-packages/airflow/example_dags/example_subdag_operator.py
[2026-05-30T13:33:16.311+0000] {logging_mixin.py:188} INFO - [2026-05-30T13:33:16.311+0000] {dag.py:3047} INFO - Sync 3 DAGs
[2026-05-30T13:33:16.329+0000] {logging_mixin.py:188} INFO - [2026-05-30T13:33:16.328+0000] {dag.py:3834} INFO - Setting next_dagrun for example_subdag_operator to 2022-01-01 00:00:00+00:00, run_after=2022-01-01 00:00:00+00:00
[2026-05-30T13:33:16.332+0000] {logging_mixin.py:188} INFO - [2026-05-30T13:33:16.332+0000] {dag.py:3834} INFO - Setting next_dagrun for example_subdag_operator.section-1 to None, run_after=None
[2026-05-30T13:33:16.334+0000] {logging_mixin.py:188} INFO - [2026-05-30T13:33:16.333+0000] {dag.py:3834} INFO - Setting next_dagrun for example_subdag_operator.section-2 to None, run_after=None
[2026-05-30T13:33:16.341+0000] {logging_mixin.py:188} INFO - [2026-05-30T13:33:16.341+0000] {dag.py:3047} INFO - Sync 2 DAGs
[2026-05-30T13:33:16.347+0000] {logging_mixin.py:188} INFO - [2026-05-30T13:33:16.347+0000] {dag.py:3834} INFO - Setting next_dagrun for example_subdag_operator.section-1 to None, run_after=None
[2026-05-30T13:33:16.348+0000] {logging_mixin.py:188} INFO - [2026-05-30T13:33:16.348+0000] {dag.py:3834} INFO - Setting next_dagrun for example_subdag_operator.section-2 to None, run_after=None
[2026-05-30T13:33:16.360+0000] {processor.py:183} INFO - Processing /home/airflow/.local/lib/python3.8/site-packages/airflow/example_dags/example_subdag_operator.py took 0.090 seconds
[2026-05-30T13:33:46.751+0000] {processor.py:161} INFO - Started process (PID=12641) to work on /home/airflow/.local/lib/python3.8/site-packages/airflow/example_dags/example_subdag_operator.py
[2026-05-30T13:33:46.753+0000] {processor.py:830} INFO - Processing file /home/airflow/.local/lib/python3.8/site-packages/airflow/example_dags/example_subdag_operator.py for tasks to queue
[2026-05-30T13:33:46.755+0000] {logging_mixin.py:188} INFO - [2026-05-30T13:33:46.754+0000] {dagbag.py:540} INFO - Filling up the DagBag from /home/airflow/.local/lib/python3.8/site-packages/airflow/example_dags/example_subdag_operator.py
[2026-05-30T13:33:46.778+0000] {processor.py:840} INFO - DAG(s) 'example_subdag_operator.section-1', 'example_subdag_operator.section-2', 'example_subdag_operator' retrieved from /home/airflow/.local/lib/python3.8/site-packages/airflow/example_dags/example_subdag_operator.py
[2026-05-30T13:33:46.793+0000] {logging_mixin.py:188} INFO - [2026-05-30T13:33:46.792+0000] {dag.py:3047} INFO - Sync 3 DAGs
[2026-05-30T13:33:46.810+0000] {logging_mixin.py:188} INFO - [2026-05-30T13:33:46.810+0000] {dag.py:3834} INFO - Setting next_dagrun for example_subdag_operator to 2022-01-01 00:00:00+00:00, run_after=2022-01-01 00:00:00+00:00
[2026-05-30T13:33:46.814+0000] {logging_mixin.py:188} INFO - [2026-05-30T13:33:46.814+0000] {dag.py:3834} INFO - Setting next_dagrun for example_subdag_operator.section-1 to None, run_after=None
[2026-05-30T13:33:46.816+0000] {logging_mixin.py:188} INFO - [2026-05-30T13:33:46.816+0000] {dag.py:3834} INFO - Setting next_dagrun for example_subdag_operator.section-2 to None, run_after=None
[2026-05-30T13:33:46.823+0000] {logging_mixin.py:188} INFO - [2026-05-30T13:33:46.823+0000] {dag.py:3047} INFO - Sync 2 DAGs
[2026-05-30T13:33:46.829+0000] {logging_mixin.py:188} INFO - [2026-05-30T13:33:46.829+0000] {dag.py:3834} INFO - Setting next_dagrun for example_subdag_operator.section-1 to None, run_after=None
[2026-05-30T13:33:46.830+0000] {logging_mixin.py:188} INFO - [2026-05-30T13:33:46.830+0000] {dag.py:3834} INFO - Setting next_dagrun for example_subdag_operator.section-2 to None, run_after=None
[2026-05-30T13:33:46.843+0000] {processor.py:183} INFO - Processing /home/airflow/.local/lib/python3.8/site-packages/airflow/example_dags/example_subdag_operator.py took 0.094 seconds
[2026-05-30T13:34:17.364+0000] {processor.py:161} INFO - Started process (PID=12697) to work on /home/airflow/.local/lib/python3.8/site-packages/airflow/example_dags/example_subdag_operator.py
[2026-05-30T13:34:17.366+0000] {processor.py:830} INFO - Processing file /home/airflow/.local/lib/python3.8/site-packages/airflow/example_dags/example_subdag_operator.py for tasks to queue
[2026-05-30T13:34:17.368+0000] {logging_mixin.py:188} INFO - [2026-05-30T13:34:17.367+0000] {dagbag.py:540} INFO - Filling up the DagBag from /home/airflow/.local/lib/python3.8/site-packages/airflow/example_dags/example_subdag_operator.py
[2026-05-30T13:34:17.390+0000] {processor.py:840} INFO - DAG(s) 'example_subdag_operator.section-1', 'example_subdag_operator.section-2', 'example_subdag_operator' retrieved from /home/airflow/.local/lib/python3.8/site-packages/airflow/example_dags/example_subdag_operator.py
[2026-05-30T13:34:17.402+0000] {logging_mixin.py:188} INFO - [2026-05-30T13:34:17.402+0000] {dag.py:3047} INFO - Sync 3 DAGs
[2026-05-30T13:34:17.419+0000] {logging_mixin.py:188} INFO - [2026-05-30T13:34:17.419+0000] {dag.py:3834} INFO - Setting next_dagrun for example_subdag_operator to 2022-01-01 00:00:00+00:00, run_after=2022-01-01 00:00:00+00:00
[2026-05-30T13:34:17.423+0000] {logging_mixin.py:188} INFO - [2026-05-30T13:34:17.423+0000] {dag.py:3834} INFO - Setting next_dagrun for example_subdag_operator.section-1 to None, run_after=None
[2026-05-30T13:34:17.424+0000] {logging_mixin.py:188} INFO - [2026-05-30T13:34:17.424+0000] {dag.py:3834} INFO - Setting next_dagrun for example_subdag_operator.section-2 to None, run_after=None
[2026-05-30T13:34:17.432+0000] {logging_mixin.py:188} INFO - [2026-05-30T13:34:17.432+0000] {dag.py:3047} INFO - Sync 2 DAGs
[2026-05-30T13:34:17.438+0000] {logging_mixin.py:188} INFO - [2026-05-30T13:34:17.437+0000] {dag.py:3834} INFO - Setting next_dagrun for example_subdag_operator.section-1 to None, run_after=None
[2026-05-30T13:34:17.438+0000] {logging_mixin.py:188} INFO - [2026-05-30T13:34:17.438+0000] {dag.py:3834} INFO - Setting next_dagrun for example_subdag_operator.section-2 to None, run_after=None
[2026-05-30T13:34:17.450+0000] {processor.py:183} INFO - Processing /home/airflow/.local/lib/python3.8/site-packages/airflow/example_dags/example_subdag_operator.py took 0.088 seconds
[2026-05-30T13:34:47.942+0000] {processor.py:161} INFO - Started process (PID=12753) to work on /home/airflow/.local/lib/python3.8/site-packages/airflow/example_dags/example_subdag_operator.py
[2026-05-30T13:34:47.944+0000] {processor.py:830} INFO - Processing file /home/airflow/.local/lib/python3.8/site-packages/airflow/example_dags/example_subdag_operator.py for tasks to queue
[2026-05-30T13:34:47.946+0000] {logging_mixin.py:188} INFO - [2026-05-30T13:34:47.946+0000] {dagbag.py:540} INFO - Filling up the DagBag from /home/airflow/.local/lib/python3.8/site-packages/airflow/example_dags/example_subdag_operator.py
[2026-05-30T13:34:47.969+0000] {processor.py:840} INFO - DAG(s) 'example_subdag_operator.section-1', 'example_subdag_operator.section-2', 'example_subdag_operator' retrieved from /home/airflow/.local/lib/python3.8/site-packages/airflow/example_dags/example_subdag_operator.py
[2026-05-30T13:34:47.984+0000] {logging_mixin.py:188} INFO - [2026-05-30T13:34:47.984+0000] {dag.py:3047} INFO - Sync 3 DAGs
[2026-05-30T13:34:48.002+0000] {logging_mixin.py:188} INFO - [2026-05-30T13:34:48.002+0000] {dag.py:3834} INFO - Setting next_dagrun for example_subdag_operator to 2022-01-01 00:00:00+00:00, run_after=2022-01-01 00:00:00+00:00
[2026-05-30T13:34:48.006+0000] {logging_mixin.py:188} INFO - [2026-05-30T13:34:48.006+0000] {dag.py:3834} INFO - Setting next_dagrun for example_subdag_operator.section-1 to None, run_after=None
[2026-05-30T13:34:48.009+0000] {logging_mixin.py:188} INFO - [2026-05-30T13:34:48.008+0000] {dag.py:3834} INFO - Setting next_dagrun for example_subdag_operator.section-2 to None, run_after=None
[2026-05-30T13:34:48.019+0000] {logging_mixin.py:188} INFO - [2026-05-30T13:34:48.019+0000] {dag.py:3047} INFO - Sync 2 DAGs
[2026-05-30T13:34:48.025+0000] {logging_mixin.py:188} INFO - [2026-05-30T13:34:48.025+0000] {dag.py:3834} INFO - Setting next_dagrun for example_subdag_operator.section-1 to None, run_after=None
[2026-05-30T13:34:48.026+0000] {logging_mixin.py:188} INFO - [2026-05-30T13:34:48.026+0000] {dag.py:3834} INFO - Setting next_dagrun for example_subdag_operator.section-2 to None, run_after=None
[2026-05-30T13:34:48.038+0000] {processor.py:183} INFO - Processing /home/airflow/.local/lib/python3.8/site-packages/airflow/example_dags/example_subdag_operator.py took 0.100 seconds
[2026-05-30T13:35:18.552+0000] {processor.py:161} INFO - Started process (PID=12809) to work on /home/airflow/.local/lib/python3.8/site-packages/airflow/example_dags/example_subdag_operator.py
[2026-05-30T13:35:18.554+0000] {processor.py:830} INFO - Processing file /home/airflow/.local/lib/python3.8/site-packages/airflow/example_dags/example_subdag_operator.py for tasks to queue
[2026-05-30T13:35:18.556+0000] {logging_mixin.py:188} INFO - [2026-05-30T13:35:18.556+0000] {dagbag.py:540} INFO - Filling up the DagBag from /home/airflow/.local/lib/python3.8/site-packages/airflow/example_dags/example_subdag_operator.py
[2026-05-30T13:35:18.576+0000] {processor.py:840} INFO - DAG(s) 'example_subdag_operator.section-1', 'example_subdag_operator.section-2', 'example_subdag_operator' retrieved from /home/airflow/.local/lib/python3.8/site-packages/airflow/example_dags/example_subdag_operator.py
[2026-05-30T13:35:18.587+0000] {logging_mixin.py:188} INFO - [2026-05-30T13:35:18.587+0000] {dag.py:3047} INFO - Sync 3 DAGs
[2026-05-30T13:35:18.605+0000] {logging_mixin.py:188} INFO - [2026-05-30T13:35:18.605+0000] {dag.py:3834} INFO - Setting next_dagrun for example_subdag_operator to 2022-01-01 00:00:00+00:00, run_after=2022-01-01 00:00:00+00:00
[2026-05-30T13:35:18.609+0000] {logging_mixin.py:188} INFO - [2026-05-30T13:35:18.609+0000] {dag.py:3834} INFO - Setting next_dagrun for example_subdag_operator.section-1 to None, run_after=None
[2026-05-30T13:35:18.610+0000] {logging_mixin.py:188} INFO - [2026-05-30T13:35:18.610+0000] {dag.py:3834} INFO - Setting next_dagrun for example_subdag_operator.section-2 to None, run_after=None
[2026-05-30T13:35:18.617+0000] {logging_mixin.py:188} INFO - [2026-05-30T13:35:18.617+0000] {dag.py:3047} INFO - Sync 2 DAGs
[2026-05-30T13:35:18.622+0000] {logging_mixin.py:188} INFO - [2026-05-30T13:35:18.622+0000] {dag.py:3834} INFO - Setting next_dagrun for example_subdag_operator.section-1 to None, run_after=None
[2026-05-30T13:35:18.623+0000] {logging_mixin.py:188} INFO - [2026-05-30T13:35:18.623+0000] {dag.py:3834} INFO - Setting next_dagrun for example_subdag_operator.section-2 to None, run_after=None
[2026-05-30T13:35:18.634+0000] {processor.py:183} INFO - Processing /home/airflow/.local/lib/python3.8/site-packages/airflow/example_dags/example_subdag_operator.py took 0.084 seconds
[2026-05-30T13:35:49.079+0000] {processor.py:161} INFO - Started process (PID=12864) to work on /home/airflow/.local/lib/python3.8/site-packages/airflow/example_dags/example_subdag_operator.py
[2026-05-30T13:35:49.081+0000] {processor.py:830} INFO - Processing file /home/airflow/.local/lib/python3.8/site-packages/airflow/example_dags/example_subdag_operator.py for tasks to queue
[2026-05-30T13:35:49.083+0000] {logging_mixin.py:188} INFO - [2026-05-30T13:35:49.082+0000] {dagbag.py:540} INFO - Filling up the DagBag from /home/airflow/.local/lib/python3.8/site-packages/airflow/example_dags/example_subdag_operator.py
[2026-05-30T13:35:49.108+0000] {processor.py:840} INFO - DAG(s) 'example_subdag_operator.section-1', 'example_subdag_operator.section-2', 'example_subdag_operator' retrieved from /home/airflow/.local/lib/python3.8/site-packages/airflow/example_dags/example_subdag_operator.py
[2026-05-30T13:35:49.129+0000] {logging_mixin.py:188} INFO - [2026-05-30T13:35:49.129+0000] {dag.py:3047} INFO - Sync 3 DAGs
[2026-05-30T13:35:49.155+0000] {logging_mixin.py:188} INFO - [2026-05-30T13:35:49.155+0000] {dag.py:3834} INFO - Setting next_dagrun for example_subdag_operator to 2022-01-01 00:00:00+00:00, run_after=2022-01-01 00:00:00+00:00
[2026-05-30T13:35:49.160+0000] {logging_mixin.py:188} INFO - [2026-05-30T13:35:49.160+0000] {dag.py:3834} INFO - Setting next_dagrun for example_subdag_operator.section-1 to None, run_after=None
[2026-05-30T13:35:49.162+0000] {logging_mixin.py:188} INFO - [2026-05-30T13:35:49.162+0000] {dag.py:3834} INFO - Setting next_dagrun for example_subdag_operator.section-2 to None, run_after=None
[2026-05-30T13:35:49.174+0000] {logging_mixin.py:188} INFO - [2026-05-30T13:35:49.173+0000] {dag.py:3047} INFO - Sync 2 DAGs
[2026-05-30T13:35:49.184+0000] {logging_mixin.py:188} INFO - [2026-05-30T13:35:49.183+0000] {dag.py:3834} INFO - Setting next_dagrun for example_subdag_operator.section-1 to None, run_after=None
[2026-05-30T13:35:49.186+0000] {logging_mixin.py:188} INFO - [2026-05-30T13:35:49.185+0000] {dag.py:3834} INFO - Setting next_dagrun for example_subdag_operator.section-2 to None, run_after=None
[2026-05-30T13:35:49.205+0000] {processor.py:183} INFO - Processing /home/airflow/.local/lib/python3.8/site-packages/airflow/example_dags/example_subdag_operator.py took 0.129 seconds
[2026-05-30T13:36:19.556+0000] {processor.py:161} INFO - Started process (PID=12920) to work on /home/airflow/.local/lib/python3.8/site-packages/airflow/example_dags/example_subdag_operator.py
[2026-05-30T13:36:19.557+0000] {processor.py:830} INFO - Processing file /home/airflow/.local/lib/python3.8/site-packages/airflow/example_dags/example_subdag_operator.py for tasks to queue
[2026-05-30T13:36:19.559+0000] {logging_mixin.py:188} INFO - [2026-05-30T13:36:19.559+0000] {dagbag.py:540} INFO - Filling up the DagBag from /home/airflow/.local/lib/python3.8/site-packages/airflow/example_dags/example_subdag_operator.py
[2026-05-30T13:36:19.579+0000] {processor.py:840} INFO - DAG(s) 'example_subdag_operator.section-1', 'example_subdag_operator.section-2', 'example_subdag_operator' retrieved from /home/airflow/.local/lib/python3.8/site-packages/airflow/example_dags/example_subdag_operator.py
[2026-05-30T13:36:19.590+0000] {logging_mixin.py:188} INFO - [2026-05-30T13:36:19.590+0000] {dag.py:3047} INFO - Sync 3 DAGs
[2026-05-30T13:36:19.607+0000] {logging_mixin.py:188} INFO - [2026-05-30T13:36:19.607+0000] {dag.py:3834} INFO - Setting next_dagrun for example_subdag_operator to 2022-01-01 00:00:00+00:00, run_after=2022-01-01 00:00:00+00:00
[2026-05-30T13:36:19.611+0000] {logging_mixin.py:188} INFO - [2026-05-30T13:36:19.611+0000] {dag.py:3834} INFO - Setting next_dagrun for example_subdag_operator.section-1 to None, run_after=None
[2026-05-30T13:36:19.613+0000] {logging_mixin.py:188} INFO - [2026-05-30T13:36:19.613+0000] {dag.py:3834} INFO - Setting next_dagrun for example_subdag_operator.section-2 to None, run_after=None
[2026-05-30T13:36:19.620+0000] {logging_mixin.py:188} INFO - [2026-05-30T13:36:19.620+0000] {dag.py:3047} INFO - Sync 2 DAGs
[2026-05-30T13:36:19.626+0000] {logging_mixin.py:188} INFO - [2026-05-30T13:36:19.625+0000] {dag.py:3834} INFO - Setting next_dagrun for example_subdag_operator.section-1 to None, run_after=None
[2026-05-30T13:36:19.630+0000] {logging_mixin.py:188} INFO - [2026-05-30T13:36:19.629+0000] {dag.py:3834} INFO - Setting next_dagrun for example_subdag_operator.section-2 to None, run_after=None
[2026-05-30T13:36:19.640+0000] {processor.py:183} INFO - Processing /home/airflow/.local/lib/python3.8/site-packages/airflow/example_dags/example_subdag_operator.py took 0.087 seconds
[2026-05-30T13:36:50.112+0000] {processor.py:161} INFO - Started process (PID=12977) to work on /home/airflow/.local/lib/python3.8/site-packages/airflow/example_dags/example_subdag_operator.py
[2026-05-30T13:36:50.113+0000] {processor.py:830} INFO - Processing file /home/airflow/.local/lib/python3.8/site-packages/airflow/example_dags/example_subdag_operator.py for tasks to queue
[2026-05-30T13:36:50.115+0000] {logging_mixin.py:188} INFO - [2026-05-30T13:36:50.115+0000] {dagbag.py:540} INFO - Filling up the DagBag from /home/airflow/.local/lib/python3.8/site-packages/airflow/example_dags/example_subdag_operator.py
[2026-05-30T13:36:50.139+0000] {processor.py:840} INFO - DAG(s) 'example_subdag_operator.section-1', 'example_subdag_operator.section-2', 'example_subdag_operator' retrieved from /home/airflow/.local/lib/python3.8/site-packages/airflow/example_dags/example_subdag_operator.py
[2026-05-30T13:36:50.153+0000] {logging_mixin.py:188} INFO - [2026-05-30T13:36:50.153+0000] {dag.py:3047} INFO - Sync 3 DAGs
[2026-05-30T13:36:50.173+0000] {logging_mixin.py:188} INFO - [2026-05-30T13:36:50.173+0000] {dag.py:3834} INFO - Setting next_dagrun for example_subdag_operator to 2022-01-01 00:00:00+00:00, run_after=2022-01-01 00:00:00+00:00
[2026-05-30T13:36:50.177+0000] {logging_mixin.py:188} INFO - [2026-05-30T13:36:50.177+0000] {dag.py:3834} INFO - Setting next_dagrun for example_subdag_operator.section-1 to None, run_after=None
[2026-05-30T13:36:50.179+0000] {logging_mixin.py:188} INFO - [2026-05-30T13:36:50.179+0000] {dag.py:3834} INFO - Setting next_dagrun for example_subdag_operator.section-2 to None, run_after=None
[2026-05-30T13:36:50.186+0000] {logging_mixin.py:188} INFO - [2026-05-30T13:36:50.186+0000] {dag.py:3047} INFO - Sync 2 DAGs
[2026-05-30T13:36:50.191+0000] {logging_mixin.py:188} INFO - [2026-05-30T13:36:50.191+0000] {dag.py:3834} INFO - Setting next_dagrun for example_subdag_operator.section-1 to None, run_after=None
[2026-05-30T13:36:50.192+0000] {logging_mixin.py:188} INFO - [2026-05-30T13:36:50.192+0000] {dag.py:3834} INFO - Setting next_dagrun for example_subdag_operator.section-2 to None, run_after=None
[2026-05-30T13:36:50.205+0000] {processor.py:183} INFO - Processing /home/airflow/.local/lib/python3.8/site-packages/airflow/example_dags/example_subdag_operator.py took 0.096 seconds
[2026-05-30T13:37:20.491+0000] {processor.py:161} INFO - Started process (PID=13033) to work on /home/airflow/.local/lib/python3.8/site-packages/airflow/example_dags/example_subdag_operator.py
[2026-05-30T13:37:20.492+0000] {processor.py:830} INFO - Processing file /home/airflow/.local/lib/python3.8/site-packages/airflow/example_dags/example_subdag_operator.py for tasks to queue
[2026-05-30T13:37:20.493+0000] {logging_mixin.py:188} INFO - [2026-05-30T13:37:20.493+0000] {dagbag.py:540} INFO - Filling up the DagBag from /home/airflow/.local/lib/python3.8/site-packages/airflow/example_dags/example_subdag_operator.py
[2026-05-30T13:37:20.516+0000] {processor.py:840} INFO - DAG(s) 'example_subdag_operator.section-1', 'example_subdag_operator.section-2', 'example_subdag_operator' retrieved from /home/airflow/.local/lib/python3.8/site-packages/airflow/example_dags/example_subdag_operator.py
[2026-05-30T13:37:20.529+0000] {logging_mixin.py:188} INFO - [2026-05-30T13:37:20.529+0000] {dag.py:3047} INFO - Sync 3 DAGs
[2026-05-30T13:37:20.546+0000] {logging_mixin.py:188} INFO - [2026-05-30T13:37:20.546+0000] {dag.py:3834} INFO - Setting next_dagrun for example_subdag_operator to 2022-01-01 00:00:00+00:00, run_after=2022-01-01 00:00:00+00:00
[2026-05-30T13:37:20.550+0000] {logging_mixin.py:188} INFO - [2026-05-30T13:37:20.550+0000] {dag.py:3834} INFO - Setting next_dagrun for example_subdag_operator.section-1 to None, run_after=None
[2026-05-30T13:37:20.553+0000] {logging_mixin.py:188} INFO - [2026-05-30T13:37:20.552+0000] {dag.py:3834} INFO - Setting next_dagrun for example_subdag_operator.section-2 to None, run_after=None
[2026-05-30T13:37:20.560+0000] {logging_mixin.py:188} INFO - [2026-05-30T13:37:20.560+0000] {dag.py:3047} INFO - Sync 2 DAGs
[2026-05-30T13:37:20.568+0000] {logging_mixin.py:188} INFO - [2026-05-30T13:37:20.567+0000] {dag.py:3834} INFO - Setting next_dagrun for example_subdag_operator.section-1 to None, run_after=None
[2026-05-30T13:37:20.568+0000] {logging_mixin.py:188} INFO - [2026-05-30T13:37:20.568+0000] {dag.py:3834} INFO - Setting next_dagrun for example_subdag_operator.section-2 to None, run_after=None
[2026-05-30T13:37:20.579+0000] {processor.py:183} INFO - Processing /home/airflow/.local/lib/python3.8/site-packages/airflow/example_dags/example_subdag_operator.py took 0.091 seconds
[2026-05-30T13:37:50.840+0000] {processor.py:161} INFO - Started process (PID=13089) to work on /home/airflow/.local/lib/python3.8/site-packages/airflow/example_dags/example_subdag_operator.py
[2026-05-30T13:37:50.841+0000] {processor.py:830} INFO - Processing file /home/airflow/.local/lib/python3.8/site-packages/airflow/example_dags/example_subdag_operator.py for tasks to queue
[2026-05-30T13:37:50.843+0000] {logging_mixin.py:188} INFO - [2026-05-30T13:37:50.842+0000] {dagbag.py:540} INFO - Filling up the DagBag from /home/airflow/.local/lib/python3.8/site-packages/airflow/example_dags/example_subdag_operator.py
[2026-05-30T13:37:50.864+0000] {processor.py:840} INFO - DAG(s) 'example_subdag_operator.section-1', 'example_subdag_operator.section-2', 'example_subdag_operator' retrieved from /home/airflow/.local/lib/python3.8/site-packages/airflow/example_dags/example_subdag_operator.py
[2026-05-30T13:37:50.875+0000] {logging_mixin.py:188} INFO - [2026-05-30T13:37:50.875+0000] {dag.py:3047} INFO - Sync 3 DAGs
[2026-05-30T13:37:50.891+0000] {logging_mixin.py:188} INFO - [2026-05-30T13:37:50.891+0000] {dag.py:3834} INFO - Setting next_dagrun for example_subdag_operator to 2022-01-01 00:00:00+00:00, run_after=2022-01-01 00:00:00+00:00
[2026-05-30T13:37:50.894+0000] {logging_mixin.py:188} INFO - [2026-05-30T13:37:50.894+0000] {dag.py:3834} INFO - Setting next_dagrun for example_subdag_operator.section-1 to None, run_after=None
[2026-05-30T13:37:50.896+0000] {logging_mixin.py:188} INFO - [2026-05-30T13:37:50.896+0000] {dag.py:3834} INFO - Setting next_dagrun for example_subdag_operator.section-2 to None, run_after=None
[2026-05-30T13:37:50.902+0000] {logging_mixin.py:188} INFO - [2026-05-30T13:37:50.901+0000] {dag.py:3047} INFO - Sync 2 DAGs
[2026-05-30T13:37:50.907+0000] {logging_mixin.py:188} INFO - [2026-05-30T13:37:50.907+0000] {dag.py:3834} INFO - Setting next_dagrun for example_subdag_operator.section-1 to None, run_after=None
[2026-05-30T13:37:50.908+0000] {logging_mixin.py:188} INFO - [2026-05-30T13:37:50.907+0000] {dag.py:3834} INFO - Setting next_dagrun for example_subdag_operator.section-2 to None, run_after=None
[2026-05-30T13:37:50.918+0000] {processor.py:183} INFO - Processing /home/airflow/.local/lib/python3.8/site-packages/airflow/example_dags/example_subdag_operator.py took 0.081 seconds
[2026-05-30T13:38:21.278+0000] {processor.py:161} INFO - Started process (PID=13145) to work on /home/airflow/.local/lib/python3.8/site-packages/airflow/example_dags/example_subdag_operator.py
[2026-05-30T13:38:21.280+0000] {processor.py:830} INFO - Processing file /home/airflow/.local/lib/python3.8/site-packages/airflow/example_dags/example_subdag_operator.py for tasks to queue
[2026-05-30T13:38:21.282+0000] {logging_mixin.py:188} INFO - [2026-05-30T13:38:21.282+0000] {dagbag.py:540} INFO - Filling up the DagBag from /home/airflow/.local/lib/python3.8/site-packages/airflow/example_dags/example_subdag_operator.py
[2026-05-30T13:38:21.306+0000] {processor.py:840} INFO - DAG(s) 'example_subdag_operator.section-1', 'example_subdag_operator.section-2', 'example_subdag_operator' retrieved from /home/airflow/.local/lib/python3.8/site-packages/airflow/example_dags/example_subdag_operator.py
[2026-05-30T13:38:21.319+0000] {logging_mixin.py:188} INFO - [2026-05-30T13:38:21.318+0000] {dag.py:3047} INFO - Sync 3 DAGs
[2026-05-30T13:38:21.348+0000] {logging_mixin.py:188} INFO - [2026-05-30T13:38:21.348+0000] {dag.py:3834} INFO - Setting next_dagrun for example_subdag_operator to 2022-01-01 00:00:00+00:00, run_after=2022-01-01 00:00:00+00:00
[2026-05-30T13:38:21.355+0000] {logging_mixin.py:188} INFO - [2026-05-30T13:38:21.355+0000] {dag.py:3834} INFO - Setting next_dagrun for example_subdag_operator.section-1 to None, run_after=None
[2026-05-30T13:38:21.358+0000] {logging_mixin.py:188} INFO - [2026-05-30T13:38:21.358+0000] {dag.py:3834} INFO - Setting next_dagrun for example_subdag_operator.section-2 to None, run_after=None
[2026-05-30T13:38:21.369+0000] {logging_mixin.py:188} INFO - [2026-05-30T13:38:21.369+0000] {dag.py:3047} INFO - Sync 2 DAGs
[2026-05-30T13:38:21.374+0000] {logging_mixin.py:188} INFO - [2026-05-30T13:38:21.374+0000] {dag.py:3834} INFO - Setting next_dagrun for example_subdag_operator.section-1 to None, run_after=None
[2026-05-30T13:38:21.375+0000] {logging_mixin.py:188} INFO - [2026-05-30T13:38:21.375+0000] {dag.py:3834} INFO - Setting next_dagrun for example_subdag_operator.section-2 to None, run_after=None
[2026-05-30T13:38:21.388+0000] {processor.py:183} INFO - Processing /home/airflow/.local/lib/python3.8/site-packages/airflow/example_dags/example_subdag_operator.py took 0.112 seconds
[2026-05-30T13:38:51.982+0000] {processor.py:161} INFO - Started process (PID=13201) to work on /home/airflow/.local/lib/python3.8/site-packages/airflow/example_dags/example_subdag_operator.py
[2026-05-30T13:38:51.983+0000] {processor.py:830} INFO - Processing file /home/airflow/.local/lib/python3.8/site-packages/airflow/example_dags/example_subdag_operator.py for tasks to queue
[2026-05-30T13:38:51.985+0000] {logging_mixin.py:188} INFO - [2026-05-30T13:38:51.984+0000] {dagbag.py:540} INFO - Filling up the DagBag from /home/airflow/.local/lib/python3.8/site-packages/airflow/example_dags/example_subdag_operator.py
[2026-05-30T13:38:52.007+0000] {processor.py:840} INFO - DAG(s) 'example_subdag_operator.section-1', 'example_subdag_operator.section-2', 'example_subdag_operator' retrieved from /home/airflow/.local/lib/python3.8/site-packages/airflow/example_dags/example_subdag_operator.py
[2026-05-30T13:38:52.020+0000] {logging_mixin.py:188} INFO - [2026-05-30T13:38:52.020+0000] {dag.py:3047} INFO - Sync 3 DAGs
[2026-05-30T13:38:52.037+0000] {logging_mixin.py:188} INFO - [2026-05-30T13:38:52.037+0000] {dag.py:3834} INFO - Setting next_dagrun for example_subdag_operator to 2022-01-01 00:00:00+00:00, run_after=2022-01-01 00:00:00+00:00
[2026-05-30T13:38:52.041+0000] {logging_mixin.py:188} INFO - [2026-05-30T13:38:52.041+0000] {dag.py:3834} INFO - Setting next_dagrun for example_subdag_operator.section-1 to None, run_after=None
[2026-05-30T13:38:52.043+0000] {logging_mixin.py:188} INFO - [2026-05-30T13:38:52.043+0000] {dag.py:3834} INFO - Setting next_dagrun for example_subdag_operator.section-2 to None, run_after=None
[2026-05-30T13:38:52.051+0000] {logging_mixin.py:188} INFO - [2026-05-30T13:38:52.051+0000] {dag.py:3047} INFO - Sync 2 DAGs
[2026-05-30T13:38:52.056+0000] {logging_mixin.py:188} INFO - [2026-05-30T13:38:52.056+0000] {dag.py:3834} INFO - Setting next_dagrun for example_subdag_operator.section-1 to None, run_after=None
[2026-05-30T13:38:52.057+0000] {logging_mixin.py:188} INFO - [2026-05-30T13:38:52.057+0000] {dag.py:3834} INFO - Setting next_dagrun for example_subdag_operator.section-2 to None, run_after=None
[2026-05-30T13:38:52.070+0000] {processor.py:183} INFO - Processing /home/airflow/.local/lib/python3.8/site-packages/airflow/example_dags/example_subdag_operator.py took 0.091 seconds
[2026-05-30T13:39:22.568+0000] {processor.py:161} INFO - Started process (PID=13257) to work on /home/airflow/.local/lib/python3.8/site-packages/airflow/example_dags/example_subdag_operator.py
[2026-05-30T13:39:22.569+0000] {processor.py:830} INFO - Processing file /home/airflow/.local/lib/python3.8/site-packages/airflow/example_dags/example_subdag_operator.py for tasks to queue
[2026-05-30T13:39:22.571+0000] {logging_mixin.py:188} INFO - [2026-05-30T13:39:22.571+0000] {dagbag.py:540} INFO - Filling up the DagBag from /home/airflow/.local/lib/python3.8/site-packages/airflow/example_dags/example_subdag_operator.py
[2026-05-30T13:39:22.592+0000] {processor.py:840} INFO - DAG(s) 'example_subdag_operator.section-1', 'example_subdag_operator.section-2', 'example_subdag_operator' retrieved from /home/airflow/.local/lib/python3.8/site-packages/airflow/example_dags/example_subdag_operator.py
[2026-05-30T13:39:22.604+0000] {logging_mixin.py:188} INFO - [2026-05-30T13:39:22.603+0000] {dag.py:3047} INFO - Sync 3 DAGs
[2026-05-30T13:39:22.621+0000] {logging_mixin.py:188} INFO - [2026-05-30T13:39:22.621+0000] {dag.py:3834} INFO - Setting next_dagrun for example_subdag_operator to 2022-01-01 00:00:00+00:00, run_after=2022-01-01 00:00:00+00:00
[2026-05-30T13:39:22.624+0000] {logging_mixin.py:188} INFO - [2026-05-30T13:39:22.624+0000] {dag.py:3834} INFO - Setting next_dagrun for example_subdag_operator.section-1 to None, run_after=None
[2026-05-30T13:39:22.626+0000] {logging_mixin.py:188} INFO - [2026-05-30T13:39:22.626+0000] {dag.py:3834} INFO - Setting next_dagrun for example_subdag_operator.section-2 to None, run_after=None
[2026-05-30T13:39:22.635+0000] {logging_mixin.py:188} INFO - [2026-05-30T13:39:22.635+0000] {dag.py:3047} INFO - Sync 2 DAGs
[2026-05-30T13:39:22.640+0000] {logging_mixin.py:188} INFO - [2026-05-30T13:39:22.640+0000] {dag.py:3834} INFO - Setting next_dagrun for example_subdag_operator.section-1 to None, run_after=None
[2026-05-30T13:39:22.643+0000] {logging_mixin.py:188} INFO - [2026-05-30T13:39:22.643+0000] {dag.py:3834} INFO - Setting next_dagrun for example_subdag_operator.section-2 to None, run_after=None
[2026-05-30T13:39:22.655+0000] {processor.py:183} INFO - Processing /home/airflow/.local/lib/python3.8/site-packages/airflow/example_dags/example_subdag_operator.py took 0.090 seconds
[2026-05-30T13:39:53.005+0000] {processor.py:161} INFO - Started process (PID=13313) to work on /home/airflow/.local/lib/python3.8/site-packages/airflow/example_dags/example_subdag_operator.py
[2026-05-30T13:39:53.006+0000] {processor.py:830} INFO - Processing file /home/airflow/.local/lib/python3.8/site-packages/airflow/example_dags/example_subdag_operator.py for tasks to queue
[2026-05-30T13:39:53.007+0000] {logging_mixin.py:188} INFO - [2026-05-30T13:39:53.007+0000] {dagbag.py:540} INFO - Filling up the DagBag from /home/airflow/.local/lib/python3.8/site-packages/airflow/example_dags/example_subdag_operator.py
[2026-05-30T13:39:53.031+0000] {processor.py:840} INFO - DAG(s) 'example_subdag_operator.section-1', 'example_subdag_operator.section-2', 'example_subdag_operator' retrieved from /home/airflow/.local/lib/python3.8/site-packages/airflow/example_dags/example_subdag_operator.py
[2026-05-30T13:39:53.044+0000] {logging_mixin.py:188} INFO - [2026-05-30T13:39:53.043+0000] {dag.py:3047} INFO - Sync 3 DAGs
[2026-05-30T13:39:53.062+0000] {logging_mixin.py:188} INFO - [2026-05-30T13:39:53.062+0000] {dag.py:3834} INFO - Setting next_dagrun for example_subdag_operator to 2022-01-01 00:00:00+00:00, run_after=2022-01-01 00:00:00+00:00
[2026-05-30T13:39:53.066+0000] {logging_mixin.py:188} INFO - [2026-05-30T13:39:53.065+0000] {dag.py:3834} INFO - Setting next_dagrun for example_subdag_operator.section-1 to None, run_after=None
[2026-05-30T13:39:53.067+0000] {logging_mixin.py:188} INFO - [2026-05-30T13:39:53.067+0000] {dag.py:3834} INFO - Setting next_dagrun for example_subdag_operator.section-2 to None, run_after=None
[2026-05-30T13:39:53.077+0000] {logging_mixin.py:188} INFO - [2026-05-30T13:39:53.076+0000] {dag.py:3047} INFO - Sync 2 DAGs
[2026-05-30T13:39:53.083+0000] {logging_mixin.py:188} INFO - [2026-05-30T13:39:53.083+0000] {dag.py:3834} INFO - Setting next_dagrun for example_subdag_operator.section-1 to None, run_after=None
[2026-05-30T13:39:53.084+0000] {logging_mixin.py:188} INFO - [2026-05-30T13:39:53.084+0000] {dag.py:3834} INFO - Setting next_dagrun for example_subdag_operator.section-2 to None, run_after=None
[2026-05-30T13:39:53.111+0000] {processor.py:183} INFO - Processing /home/airflow/.local/lib/python3.8/site-packages/airflow/example_dags/example_subdag_operator.py took 0.109 seconds
[2026-05-30T13:40:23.378+0000] {processor.py:161} INFO - Started process (PID=13369) to work on /home/airflow/.local/lib/python3.8/site-packages/airflow/example_dags/example_subdag_operator.py
[2026-05-30T13:40:23.379+0000] {processor.py:830} INFO - Processing file /home/airflow/.local/lib/python3.8/site-packages/airflow/example_dags/example_subdag_operator.py for tasks to queue
[2026-05-30T13:40:23.381+0000] {logging_mixin.py:188} INFO - [2026-05-30T13:40:23.381+0000] {dagbag.py:540} INFO - Filling up the DagBag from /home/airflow/.local/lib/python3.8/site-packages/airflow/example_dags/example_subdag_operator.py
[2026-05-30T13:40:23.402+0000] {processor.py:840} INFO - DAG(s) 'example_subdag_operator.section-1', 'example_subdag_operator.section-2', 'example_subdag_operator' retrieved from /home/airflow/.local/lib/python3.8/site-packages/airflow/example_dags/example_subdag_operator.py
[2026-05-30T13:40:23.414+0000] {logging_mixin.py:188} INFO - [2026-05-30T13:40:23.414+0000] {dag.py:3047} INFO - Sync 3 DAGs
[2026-05-30T13:40:23.434+0000] {logging_mixin.py:188} INFO - [2026-05-30T13:40:23.434+0000] {dag.py:3834} INFO - Setting next_dagrun for example_subdag_operator to 2022-01-01 00:00:00+00:00, run_after=2022-01-01 00:00:00+00:00
[2026-05-30T13:40:23.440+0000] {logging_mixin.py:188} INFO - [2026-05-30T13:40:23.440+0000] {dag.py:3834} INFO - Setting next_dagrun for example_subdag_operator.section-1 to None, run_after=None
[2026-05-30T13:40:23.442+0000] {logging_mixin.py:188} INFO - [2026-05-30T13:40:23.442+0000] {dag.py:3834} INFO - Setting next_dagrun for example_subdag_operator.section-2 to None, run_after=None
[2026-05-30T13:40:23.452+0000] {logging_mixin.py:188} INFO - [2026-05-30T13:40:23.452+0000] {dag.py:3047} INFO - Sync 2 DAGs
[2026-05-30T13:40:23.461+0000] {logging_mixin.py:188} INFO - [2026-05-30T13:40:23.460+0000] {dag.py:3834} INFO - Setting next_dagrun for example_subdag_operator.section-1 to None, run_after=None
[2026-05-30T13:40:23.462+0000] {logging_mixin.py:188} INFO - [2026-05-30T13:40:23.461+0000] {dag.py:3834} INFO - Setting next_dagrun for example_subdag_operator.section-2 to None, run_after=None
[2026-05-30T13:40:23.475+0000] {processor.py:183} INFO - Processing /home/airflow/.local/lib/python3.8/site-packages/airflow/example_dags/example_subdag_operator.py took 0.100 seconds
[2026-05-30T13:40:54.036+0000] {processor.py:161} INFO - Started process (PID=13424) to work on /home/airflow/.local/lib/python3.8/site-packages/airflow/example_dags/example_subdag_operator.py
[2026-05-30T13:40:54.037+0000] {processor.py:830} INFO - Processing file /home/airflow/.local/lib/python3.8/site-packages/airflow/example_dags/example_subdag_operator.py for tasks to queue
[2026-05-30T13:40:54.039+0000] {logging_mixin.py:188} INFO - [2026-05-30T13:40:54.039+0000] {dagbag.py:540} INFO - Filling up the DagBag from /home/airflow/.local/lib/python3.8/site-packages/airflow/example_dags/example_subdag_operator.py
[2026-05-30T13:40:54.062+0000] {processor.py:840} INFO - DAG(s) 'example_subdag_operator.section-1', 'example_subdag_operator.section-2', 'example_subdag_operator' retrieved from /home/airflow/.local/lib/python3.8/site-packages/airflow/example_dags/example_subdag_operator.py
[2026-05-30T13:40:54.075+0000] {logging_mixin.py:188} INFO - [2026-05-30T13:40:54.075+0000] {dag.py:3047} INFO - Sync 3 DAGs
[2026-05-30T13:40:54.092+0000] {logging_mixin.py:188} INFO - [2026-05-30T13:40:54.092+0000] {dag.py:3834} INFO - Setting next_dagrun for example_subdag_operator to 2022-01-01 00:00:00+00:00, run_after=2022-01-01 00:00:00+00:00
[2026-05-30T13:40:54.095+0000] {logging_mixin.py:188} INFO - [2026-05-30T13:40:54.095+0000] {dag.py:3834} INFO - Setting next_dagrun for example_subdag_operator.section-1 to None, run_after=None
[2026-05-30T13:40:54.097+0000] {logging_mixin.py:188} INFO - [2026-05-30T13:40:54.097+0000] {dag.py:3834} INFO - Setting next_dagrun for example_subdag_operator.section-2 to None, run_after=None
[2026-05-30T13:40:54.106+0000] {logging_mixin.py:188} INFO - [2026-05-30T13:40:54.106+0000] {dag.py:3047} INFO - Sync 2 DAGs
[2026-05-30T13:40:54.111+0000] {logging_mixin.py:188} INFO - [2026-05-30T13:40:54.110+0000] {dag.py:3834} INFO - Setting next_dagrun for example_subdag_operator.section-1 to None, run_after=None
[2026-05-30T13:40:54.111+0000] {logging_mixin.py:188} INFO - [2026-05-30T13:40:54.111+0000] {dag.py:3834} INFO - Setting next_dagrun for example_subdag_operator.section-2 to None, run_after=None
[2026-05-30T13:40:54.122+0000] {processor.py:183} INFO - Processing /home/airflow/.local/lib/python3.8/site-packages/airflow/example_dags/example_subdag_operator.py took 0.090 seconds
[2026-05-30T13:41:24.558+0000] {processor.py:161} INFO - Started process (PID=13480) to work on /home/airflow/.local/lib/python3.8/site-packages/airflow/example_dags/example_subdag_operator.py
[2026-05-30T13:41:24.559+0000] {processor.py:830} INFO - Processing file /home/airflow/.local/lib/python3.8/site-packages/airflow/example_dags/example_subdag_operator.py for tasks to queue
[2026-05-30T13:41:24.561+0000] {logging_mixin.py:188} INFO - [2026-05-30T13:41:24.561+0000] {dagbag.py:540} INFO - Filling up the DagBag from /home/airflow/.local/lib/python3.8/site-packages/airflow/example_dags/example_subdag_operator.py
[2026-05-30T13:41:24.584+0000] {processor.py:840} INFO - DAG(s) 'example_subdag_operator.section-1', 'example_subdag_operator.section-2', 'example_subdag_operator' retrieved from /home/airflow/.local/lib/python3.8/site-packages/airflow/example_dags/example_subdag_operator.py
[2026-05-30T13:41:24.602+0000] {logging_mixin.py:188} INFO - [2026-05-30T13:41:24.602+0000] {dag.py:3047} INFO - Sync 3 DAGs
[2026-05-30T13:41:24.620+0000] {logging_mixin.py:188} INFO - [2026-05-30T13:41:24.620+0000] {dag.py:3834} INFO - Setting next_dagrun for example_subdag_operator to 2022-01-01 00:00:00+00:00, run_after=2022-01-01 00:00:00+00:00
[2026-05-30T13:41:24.624+0000] {logging_mixin.py:188} INFO - [2026-05-30T13:41:24.624+0000] {dag.py:3834} INFO - Setting next_dagrun for example_subdag_operator.section-1 to None, run_after=None
[2026-05-30T13:41:24.626+0000] {logging_mixin.py:188} INFO - [2026-05-30T13:41:24.626+0000] {dag.py:3834} INFO - Setting next_dagrun for example_subdag_operator.section-2 to None, run_after=None
[2026-05-30T13:41:24.636+0000] {logging_mixin.py:188} INFO - [2026-05-30T13:41:24.636+0000] {dag.py:3047} INFO - Sync 2 DAGs
[2026-05-30T13:41:24.642+0000] {logging_mixin.py:188} INFO - [2026-05-30T13:41:24.642+0000] {dag.py:3834} INFO - Setting next_dagrun for example_subdag_operator.section-1 to None, run_after=None
[2026-05-30T13:41:24.643+0000] {logging_mixin.py:188} INFO - [2026-05-30T13:41:24.643+0000] {dag.py:3834} INFO - Setting next_dagrun for example_subdag_operator.section-2 to None, run_after=None
[2026-05-30T13:41:24.655+0000] {processor.py:183} INFO - Processing /home/airflow/.local/lib/python3.8/site-packages/airflow/example_dags/example_subdag_operator.py took 0.100 seconds
[2026-05-30T13:41:55.050+0000] {processor.py:161} INFO - Started process (PID=13536) to work on /home/airflow/.local/lib/python3.8/site-packages/airflow/example_dags/example_subdag_operator.py
[2026-05-30T13:41:55.052+0000] {processor.py:830} INFO - Processing file /home/airflow/.local/lib/python3.8/site-packages/airflow/example_dags/example_subdag_operator.py for tasks to queue
[2026-05-30T13:41:55.056+0000] {logging_mixin.py:188} INFO - [2026-05-30T13:41:55.056+0000] {dagbag.py:540} INFO - Filling up the DagBag from /home/airflow/.local/lib/python3.8/site-packages/airflow/example_dags/example_subdag_operator.py
[2026-05-30T13:41:55.090+0000] {processor.py:840} INFO - DAG(s) 'example_subdag_operator.section-1', 'example_subdag_operator.section-2', 'example_subdag_operator' retrieved from /home/airflow/.local/lib/python3.8/site-packages/airflow/example_dags/example_subdag_operator.py
[2026-05-30T13:41:55.106+0000] {logging_mixin.py:188} INFO - [2026-05-30T13:41:55.106+0000] {dag.py:3047} INFO - Sync 3 DAGs
[2026-05-30T13:41:55.134+0000] {logging_mixin.py:188} INFO - [2026-05-30T13:41:55.133+0000] {dag.py:3834} INFO - Setting next_dagrun for example_subdag_operator to 2022-01-01 00:00:00+00:00, run_after=2022-01-01 00:00:00+00:00
[2026-05-30T13:41:55.140+0000] {logging_mixin.py:188} INFO - [2026-05-30T13:41:55.139+0000] {dag.py:3834} INFO - Setting next_dagrun for example_subdag_operator.section-1 to None, run_after=None
[2026-05-30T13:41:55.142+0000] {logging_mixin.py:188} INFO - [2026-05-30T13:41:55.142+0000] {dag.py:3834} INFO - Setting next_dagrun for example_subdag_operator.section-2 to None, run_after=None
[2026-05-30T13:41:55.155+0000] {logging_mixin.py:188} INFO - [2026-05-30T13:41:55.154+0000] {dag.py:3047} INFO - Sync 2 DAGs
[2026-05-30T13:41:55.163+0000] {logging_mixin.py:188} INFO - [2026-05-30T13:41:55.163+0000] {dag.py:3834} INFO - Setting next_dagrun for example_subdag_operator.section-1 to None, run_after=None
[2026-05-30T13:41:55.164+0000] {logging_mixin.py:188} INFO - [2026-05-30T13:41:55.164+0000] {dag.py:3834} INFO - Setting next_dagrun for example_subdag_operator.section-2 to None, run_after=None
[2026-05-30T13:41:55.179+0000] {processor.py:183} INFO - Processing /home/airflow/.local/lib/python3.8/site-packages/airflow/example_dags/example_subdag_operator.py took 0.134 seconds
[2026-05-30T13:42:25.676+0000] {processor.py:161} INFO - Started process (PID=13591) to work on /home/airflow/.local/lib/python3.8/site-packages/airflow/example_dags/example_subdag_operator.py
[2026-05-30T13:42:25.678+0000] {processor.py:830} INFO - Processing file /home/airflow/.local/lib/python3.8/site-packages/airflow/example_dags/example_subdag_operator.py for tasks to queue
[2026-05-30T13:42:25.680+0000] {logging_mixin.py:188} INFO - [2026-05-30T13:42:25.680+0000] {dagbag.py:540} INFO - Filling up the DagBag from /home/airflow/.local/lib/python3.8/site-packages/airflow/example_dags/example_subdag_operator.py
[2026-05-30T13:42:25.702+0000] {processor.py:840} INFO - DAG(s) 'example_subdag_operator.section-1', 'example_subdag_operator.section-2', 'example_subdag_operator' retrieved from /home/airflow/.local/lib/python3.8/site-packages/airflow/example_dags/example_subdag_operator.py
[2026-05-30T13:42:25.716+0000] {logging_mixin.py:188} INFO - [2026-05-30T13:42:25.716+0000] {dag.py:3047} INFO - Sync 3 DAGs
[2026-05-30T13:42:25.736+0000] {logging_mixin.py:188} INFO - [2026-05-30T13:42:25.735+0000] {dag.py:3834} INFO - Setting next_dagrun for example_subdag_operator to 2022-01-01 00:00:00+00:00, run_after=2022-01-01 00:00:00+00:00
[2026-05-30T13:42:25.739+0000] {logging_mixin.py:188} INFO - [2026-05-30T13:42:25.739+0000] {dag.py:3834} INFO - Setting next_dagrun for example_subdag_operator.section-1 to None, run_after=None
[2026-05-30T13:42:25.742+0000] {logging_mixin.py:188} INFO - [2026-05-30T13:42:25.741+0000] {dag.py:3834} INFO - Setting next_dagrun for example_subdag_operator.section-2 to None, run_after=None
[2026-05-30T13:42:25.750+0000] {logging_mixin.py:188} INFO - [2026-05-30T13:42:25.750+0000] {dag.py:3047} INFO - Sync 2 DAGs
[2026-05-30T13:42:25.759+0000] {logging_mixin.py:188} INFO - [2026-05-30T13:42:25.758+0000] {dag.py:3834} INFO - Setting next_dagrun for example_subdag_operator.section-1 to None, run_after=None
[2026-05-30T13:42:25.759+0000] {logging_mixin.py:188} INFO - [2026-05-30T13:42:25.759+0000] {dag.py:3834} INFO - Setting next_dagrun for example_subdag_operator.section-2 to None, run_after=None
[2026-05-30T13:42:25.769+0000] {processor.py:183} INFO - Processing /home/airflow/.local/lib/python3.8/site-packages/airflow/example_dags/example_subdag_operator.py took 0.096 seconds
[2026-05-30T13:42:56.083+0000] {processor.py:161} INFO - Started process (PID=13647) to work on /home/airflow/.local/lib/python3.8/site-packages/airflow/example_dags/example_subdag_operator.py
[2026-05-30T13:42:56.084+0000] {processor.py:830} INFO - Processing file /home/airflow/.local/lib/python3.8/site-packages/airflow/example_dags/example_subdag_operator.py for tasks to queue
[2026-05-30T13:42:56.087+0000] {logging_mixin.py:188} INFO - [2026-05-30T13:42:56.087+0000] {dagbag.py:540} INFO - Filling up the DagBag from /home/airflow/.local/lib/python3.8/site-packages/airflow/example_dags/example_subdag_operator.py
[2026-05-30T13:42:56.108+0000] {processor.py:840} INFO - DAG(s) 'example_subdag_operator.section-1', 'example_subdag_operator.section-2', 'example_subdag_operator' retrieved from /home/airflow/.local/lib/python3.8/site-packages/airflow/example_dags/example_subdag_operator.py
[2026-05-30T13:42:56.124+0000] {logging_mixin.py:188} INFO - [2026-05-30T13:42:56.124+0000] {dag.py:3047} INFO - Sync 3 DAGs
[2026-05-30T13:42:56.142+0000] {logging_mixin.py:188} INFO - [2026-05-30T13:42:56.142+0000] {dag.py:3834} INFO - Setting next_dagrun for example_subdag_operator to 2022-01-01 00:00:00+00:00, run_after=2022-01-01 00:00:00+00:00
[2026-05-30T13:42:56.146+0000] {logging_mixin.py:188} INFO - [2026-05-30T13:42:56.146+0000] {dag.py:3834} INFO - Setting next_dagrun for example_subdag_operator.section-1 to None, run_after=None
[2026-05-30T13:42:56.149+0000] {logging_mixin.py:188} INFO - [2026-05-30T13:42:56.148+0000] {dag.py:3834} INFO - Setting next_dagrun for example_subdag_operator.section-2 to None, run_after=None
[2026-05-30T13:42:56.158+0000] {logging_mixin.py:188} INFO - [2026-05-30T13:42:56.158+0000] {dag.py:3047} INFO - Sync 2 DAGs
[2026-05-30T13:42:56.166+0000] {logging_mixin.py:188} INFO - [2026-05-30T13:42:56.165+0000] {dag.py:3834} INFO - Setting next_dagrun for example_subdag_operator.section-1 to None, run_after=None
[2026-05-30T13:42:56.167+0000] {logging_mixin.py:188} INFO - [2026-05-30T13:42:56.167+0000] {dag.py:3834} INFO - Setting next_dagrun for example_subdag_operator.section-2 to None, run_after=None
[2026-05-30T13:42:56.178+0000] {processor.py:183} INFO - Processing /home/airflow/.local/lib/python3.8/site-packages/airflow/example_dags/example_subdag_operator.py took 0.099 seconds
[2026-05-30T13:43:26.819+0000] {processor.py:161} INFO - Started process (PID=13703) to work on /home/airflow/.local/lib/python3.8/site-packages/airflow/example_dags/example_subdag_operator.py
[2026-05-30T13:43:26.820+0000] {processor.py:830} INFO - Processing file /home/airflow/.local/lib/python3.8/site-packages/airflow/example_dags/example_subdag_operator.py for tasks to queue
[2026-05-30T13:43:26.822+0000] {logging_mixin.py:188} INFO - [2026-05-30T13:43:26.822+0000] {dagbag.py:540} INFO - Filling up the DagBag from /home/airflow/.local/lib/python3.8/site-packages/airflow/example_dags/example_subdag_operator.py
[2026-05-30T13:43:26.843+0000] {processor.py:840} INFO - DAG(s) 'example_subdag_operator.section-1', 'example_subdag_operator.section-2', 'example_subdag_operator' retrieved from /home/airflow/.local/lib/python3.8/site-packages/airflow/example_dags/example_subdag_operator.py
[2026-05-30T13:43:26.860+0000] {logging_mixin.py:188} INFO - [2026-05-30T13:43:26.860+0000] {dag.py:3047} INFO - Sync 3 DAGs
[2026-05-30T13:43:26.876+0000] {logging_mixin.py:188} INFO - [2026-05-30T13:43:26.876+0000] {dag.py:3834} INFO - Setting next_dagrun for example_subdag_operator to 2022-01-01 00:00:00+00:00, run_after=2022-01-01 00:00:00+00:00
[2026-05-30T13:43:26.879+0000] {logging_mixin.py:188} INFO - [2026-05-30T13:43:26.879+0000] {dag.py:3834} INFO - Setting next_dagrun for example_subdag_operator.section-1 to None, run_after=None
[2026-05-30T13:43:26.881+0000] {logging_mixin.py:188} INFO - [2026-05-30T13:43:26.881+0000] {dag.py:3834} INFO - Setting next_dagrun for example_subdag_operator.section-2 to None, run_after=None
[2026-05-30T13:43:26.889+0000] {logging_mixin.py:188} INFO - [2026-05-30T13:43:26.889+0000] {dag.py:3047} INFO - Sync 2 DAGs
[2026-05-30T13:43:26.894+0000] {logging_mixin.py:188} INFO - [2026-05-30T13:43:26.894+0000] {dag.py:3834} INFO - Setting next_dagrun for example_subdag_operator.section-1 to None, run_after=None
[2026-05-30T13:43:26.895+0000] {logging_mixin.py:188} INFO - [2026-05-30T13:43:26.895+0000] {dag.py:3834} INFO - Setting next_dagrun for example_subdag_operator.section-2 to None, run_after=None
[2026-05-30T13:43:26.905+0000] {processor.py:183} INFO - Processing /home/airflow/.local/lib/python3.8/site-packages/airflow/example_dags/example_subdag_operator.py took 0.088 seconds
[2026-05-30T13:43:57.182+0000] {processor.py:161} INFO - Started process (PID=13759) to work on /home/airflow/.local/lib/python3.8/site-packages/airflow/example_dags/example_subdag_operator.py
[2026-05-30T13:43:57.183+0000] {processor.py:830} INFO - Processing file /home/airflow/.local/lib/python3.8/site-packages/airflow/example_dags/example_subdag_operator.py for tasks to queue
[2026-05-30T13:43:57.185+0000] {logging_mixin.py:188} INFO - [2026-05-30T13:43:57.185+0000] {dagbag.py:540} INFO - Filling up the DagBag from /home/airflow/.local/lib/python3.8/site-packages/airflow/example_dags/example_subdag_operator.py
[2026-05-30T13:43:57.208+0000] {processor.py:840} INFO - DAG(s) 'example_subdag_operator.section-1', 'example_subdag_operator.section-2', 'example_subdag_operator' retrieved from /home/airflow/.local/lib/python3.8/site-packages/airflow/example_dags/example_subdag_operator.py
[2026-05-30T13:43:57.222+0000] {logging_mixin.py:188} INFO - [2026-05-30T13:43:57.221+0000] {dag.py:3047} INFO - Sync 3 DAGs
[2026-05-30T13:43:57.241+0000] {logging_mixin.py:188} INFO - [2026-05-30T13:43:57.241+0000] {dag.py:3834} INFO - Setting next_dagrun for example_subdag_operator to 2022-01-01 00:00:00+00:00, run_after=2022-01-01 00:00:00+00:00
[2026-05-30T13:43:57.245+0000] {logging_mixin.py:188} INFO - [2026-05-30T13:43:57.244+0000] {dag.py:3834} INFO - Setting next_dagrun for example_subdag_operator.section-1 to None, run_after=None
[2026-05-30T13:43:57.246+0000] {logging_mixin.py:188} INFO - [2026-05-30T13:43:57.246+0000] {dag.py:3834} INFO - Setting next_dagrun for example_subdag_operator.section-2 to None, run_after=None
[2026-05-30T13:43:57.255+0000] {logging_mixin.py:188} INFO - [2026-05-30T13:43:57.254+0000] {dag.py:3047} INFO - Sync 2 DAGs
[2026-05-30T13:43:57.261+0000] {logging_mixin.py:188} INFO - [2026-05-30T13:43:57.261+0000] {dag.py:3834} INFO - Setting next_dagrun for example_subdag_operator.section-1 to None, run_after=None
[2026-05-30T13:43:57.262+0000] {logging_mixin.py:188} INFO - [2026-05-30T13:43:57.262+0000] {dag.py:3834} INFO - Setting next_dagrun for example_subdag_operator.section-2 to None, run_after=None
[2026-05-30T13:43:57.272+0000] {processor.py:183} INFO - Processing /home/airflow/.local/lib/python3.8/site-packages/airflow/example_dags/example_subdag_operator.py took 0.092 seconds
[2026-05-30T13:44:27.895+0000] {processor.py:161} INFO - Started process (PID=13815) to work on /home/airflow/.local/lib/python3.8/site-packages/airflow/example_dags/example_subdag_operator.py
[2026-05-30T13:44:27.896+0000] {processor.py:830} INFO - Processing file /home/airflow/.local/lib/python3.8/site-packages/airflow/example_dags/example_subdag_operator.py for tasks to queue
[2026-05-30T13:44:27.898+0000] {logging_mixin.py:188} INFO - [2026-05-30T13:44:27.898+0000] {dagbag.py:540} INFO - Filling up the DagBag from /home/airflow/.local/lib/python3.8/site-packages/airflow/example_dags/example_subdag_operator.py
[2026-05-30T13:44:27.921+0000] {processor.py:840} INFO - DAG(s) 'example_subdag_operator.section-1', 'example_subdag_operator.section-2', 'example_subdag_operator' retrieved from /home/airflow/.local/lib/python3.8/site-packages/airflow/example_dags/example_subdag_operator.py
[2026-05-30T13:44:27.935+0000] {logging_mixin.py:188} INFO - [2026-05-30T13:44:27.935+0000] {dag.py:3047} INFO - Sync 3 DAGs
[2026-05-30T13:44:27.954+0000] {logging_mixin.py:188} INFO - [2026-05-30T13:44:27.954+0000] {dag.py:3834} INFO - Setting next_dagrun for example_subdag_operator to 2022-01-01 00:00:00+00:00, run_after=2022-01-01 00:00:00+00:00
[2026-05-30T13:44:27.958+0000] {logging_mixin.py:188} INFO - [2026-05-30T13:44:27.958+0000] {dag.py:3834} INFO - Setting next_dagrun for example_subdag_operator.section-1 to None, run_after=None
[2026-05-30T13:44:27.960+0000] {logging_mixin.py:188} INFO - [2026-05-30T13:44:27.960+0000] {dag.py:3834} INFO - Setting next_dagrun for example_subdag_operator.section-2 to None, run_after=None
[2026-05-30T13:44:27.968+0000] {logging_mixin.py:188} INFO - [2026-05-30T13:44:27.968+0000] {dag.py:3047} INFO - Sync 2 DAGs
[2026-05-30T13:44:27.974+0000] {logging_mixin.py:188} INFO - [2026-05-30T13:44:27.974+0000] {dag.py:3834} INFO - Setting next_dagrun for example_subdag_operator.section-1 to None, run_after=None
[2026-05-30T13:44:27.975+0000] {logging_mixin.py:188} INFO - [2026-05-30T13:44:27.975+0000] {dag.py:3834} INFO - Setting next_dagrun for example_subdag_operator.section-2 to None, run_after=None
[2026-05-30T13:44:27.988+0000] {processor.py:183} INFO - Processing /home/airflow/.local/lib/python3.8/site-packages/airflow/example_dags/example_subdag_operator.py took 0.096 seconds
[2026-05-30T13:44:58.433+0000] {processor.py:161} INFO - Started process (PID=13871) to work on /home/airflow/.local/lib/python3.8/site-packages/airflow/example_dags/example_subdag_operator.py
[2026-05-30T13:44:58.435+0000] {processor.py:830} INFO - Processing file /home/airflow/.local/lib/python3.8/site-packages/airflow/example_dags/example_subdag_operator.py for tasks to queue
[2026-05-30T13:44:58.436+0000] {logging_mixin.py:188} INFO - [2026-05-30T13:44:58.436+0000] {dagbag.py:540} INFO - Filling up the DagBag from /home/airflow/.local/lib/python3.8/site-packages/airflow/example_dags/example_subdag_operator.py
[2026-05-30T13:44:58.460+0000] {processor.py:840} INFO - DAG(s) 'example_subdag_operator.section-1', 'example_subdag_operator.section-2', 'example_subdag_operator' retrieved from /home/airflow/.local/lib/python3.8/site-packages/airflow/example_dags/example_subdag_operator.py
[2026-05-30T13:44:58.474+0000] {logging_mixin.py:188} INFO - [2026-05-30T13:44:58.474+0000] {dag.py:3047} INFO - Sync 3 DAGs
[2026-05-30T13:44:58.492+0000] {logging_mixin.py:188} INFO - [2026-05-30T13:44:58.491+0000] {dag.py:3834} INFO - Setting next_dagrun for example_subdag_operator to 2022-01-01 00:00:00+00:00, run_after=2022-01-01 00:00:00+00:00
[2026-05-30T13:44:58.496+0000] {logging_mixin.py:188} INFO - [2026-05-30T13:44:58.496+0000] {dag.py:3834} INFO - Setting next_dagrun for example_subdag_operator.section-1 to None, run_after=None
[2026-05-30T13:44:58.498+0000] {logging_mixin.py:188} INFO - [2026-05-30T13:44:58.497+0000] {dag.py:3834} INFO - Setting next_dagrun for example_subdag_operator.section-2 to None, run_after=None
[2026-05-30T13:44:58.504+0000] {logging_mixin.py:188} INFO - [2026-05-30T13:44:58.504+0000] {dag.py:3047} INFO - Sync 2 DAGs
[2026-05-30T13:44:58.511+0000] {logging_mixin.py:188} INFO - [2026-05-30T13:44:58.511+0000] {dag.py:3834} INFO - Setting next_dagrun for example_subdag_operator.section-1 to None, run_after=None
[2026-05-30T13:44:58.512+0000] {logging_mixin.py:188} INFO - [2026-05-30T13:44:58.512+0000] {dag.py:3834} INFO - Setting next_dagrun for example_subdag_operator.section-2 to None, run_after=None
[2026-05-30T13:44:58.522+0000] {processor.py:183} INFO - Processing /home/airflow/.local/lib/python3.8/site-packages/airflow/example_dags/example_subdag_operator.py took 0.091 seconds
[2026-05-30T13:45:29.154+0000] {processor.py:161} INFO - Started process (PID=13927) to work on /home/airflow/.local/lib/python3.8/site-packages/airflow/example_dags/example_subdag_operator.py
[2026-05-30T13:45:29.155+0000] {processor.py:830} INFO - Processing file /home/airflow/.local/lib/python3.8/site-packages/airflow/example_dags/example_subdag_operator.py for tasks to queue
[2026-05-30T13:45:29.157+0000] {logging_mixin.py:188} INFO - [2026-05-30T13:45:29.156+0000] {dagbag.py:540} INFO - Filling up the DagBag from /home/airflow/.local/lib/python3.8/site-packages/airflow/example_dags/example_subdag_operator.py
[2026-05-30T13:45:29.180+0000] {processor.py:840} INFO - DAG(s) 'example_subdag_operator.section-1', 'example_subdag_operator.section-2', 'example_subdag_operator' retrieved from /home/airflow/.local/lib/python3.8/site-packages/airflow/example_dags/example_subdag_operator.py
[2026-05-30T13:45:29.194+0000] {logging_mixin.py:188} INFO - [2026-05-30T13:45:29.193+0000] {dag.py:3047} INFO - Sync 3 DAGs
[2026-05-30T13:45:29.212+0000] {logging_mixin.py:188} INFO - [2026-05-30T13:45:29.211+0000] {dag.py:3834} INFO - Setting next_dagrun for example_subdag_operator to 2022-01-01 00:00:00+00:00, run_after=2022-01-01 00:00:00+00:00
[2026-05-30T13:45:29.217+0000] {logging_mixin.py:188} INFO - [2026-05-30T13:45:29.217+0000] {dag.py:3834} INFO - Setting next_dagrun for example_subdag_operator.section-1 to None, run_after=None
[2026-05-30T13:45:29.219+0000] {logging_mixin.py:188} INFO - [2026-05-30T13:45:29.219+0000] {dag.py:3834} INFO - Setting next_dagrun for example_subdag_operator.section-2 to None, run_after=None
[2026-05-30T13:45:29.226+0000] {logging_mixin.py:188} INFO - [2026-05-30T13:45:29.226+0000] {dag.py:3047} INFO - Sync 2 DAGs
[2026-05-30T13:45:29.232+0000] {logging_mixin.py:188} INFO - [2026-05-30T13:45:29.232+0000] {dag.py:3834} INFO - Setting next_dagrun for example_subdag_operator.section-1 to None, run_after=None
[2026-05-30T13:45:29.233+0000] {logging_mixin.py:188} INFO - [2026-05-30T13:45:29.233+0000] {dag.py:3834} INFO - Setting next_dagrun for example_subdag_operator.section-2 to None, run_after=None
[2026-05-30T13:45:29.243+0000] {processor.py:183} INFO - Processing /home/airflow/.local/lib/python3.8/site-packages/airflow/example_dags/example_subdag_operator.py took 0.092 seconds
[2026-05-30T13:45:59.703+0000] {processor.py:161} INFO - Started process (PID=13983) to work on /home/airflow/.local/lib/python3.8/site-packages/airflow/example_dags/example_subdag_operator.py
[2026-05-30T13:45:59.705+0000] {processor.py:830} INFO - Processing file /home/airflow/.local/lib/python3.8/site-packages/airflow/example_dags/example_subdag_operator.py for tasks to queue
[2026-05-30T13:45:59.710+0000] {logging_mixin.py:188} INFO - [2026-05-30T13:45:59.709+0000] {dagbag.py:540} INFO - Filling up the DagBag from /home/airflow/.local/lib/python3.8/site-packages/airflow/example_dags/example_subdag_operator.py
[2026-05-30T13:45:59.743+0000] {processor.py:840} INFO - DAG(s) 'example_subdag_operator.section-1', 'example_subdag_operator.section-2', 'example_subdag_operator' retrieved from /home/airflow/.local/lib/python3.8/site-packages/airflow/example_dags/example_subdag_operator.py
[2026-05-30T13:45:59.766+0000] {logging_mixin.py:188} INFO - [2026-05-30T13:45:59.766+0000] {dag.py:3047} INFO - Sync 3 DAGs
[2026-05-30T13:45:59.790+0000] {logging_mixin.py:188} INFO - [2026-05-30T13:45:59.789+0000] {dag.py:3834} INFO - Setting next_dagrun for example_subdag_operator to 2022-01-01 00:00:00+00:00, run_after=2022-01-01 00:00:00+00:00
[2026-05-30T13:45:59.795+0000] {logging_mixin.py:188} INFO - [2026-05-30T13:45:59.795+0000] {dag.py:3834} INFO - Setting next_dagrun for example_subdag_operator.section-1 to None, run_after=None
[2026-05-30T13:45:59.798+0000] {logging_mixin.py:188} INFO - [2026-05-30T13:45:59.798+0000] {dag.py:3834} INFO - Setting next_dagrun for example_subdag_operator.section-2 to None, run_after=None
[2026-05-30T13:45:59.805+0000] {logging_mixin.py:188} INFO - [2026-05-30T13:45:59.805+0000] {dag.py:3047} INFO - Sync 2 DAGs
[2026-05-30T13:45:59.810+0000] {logging_mixin.py:188} INFO - [2026-05-30T13:45:59.810+0000] {dag.py:3834} INFO - Setting next_dagrun for example_subdag_operator.section-1 to None, run_after=None
[2026-05-30T13:45:59.811+0000] {logging_mixin.py:188} INFO - [2026-05-30T13:45:59.811+0000] {dag.py:3834} INFO - Setting next_dagrun for example_subdag_operator.section-2 to None, run_after=None
[2026-05-30T13:45:59.822+0000] {processor.py:183} INFO - Processing /home/airflow/.local/lib/python3.8/site-packages/airflow/example_dags/example_subdag_operator.py took 0.122 seconds
[2026-05-30T13:46:30.431+0000] {processor.py:161} INFO - Started process (PID=14039) to work on /home/airflow/.local/lib/python3.8/site-packages/airflow/example_dags/example_subdag_operator.py
[2026-05-30T13:46:30.432+0000] {processor.py:830} INFO - Processing file /home/airflow/.local/lib/python3.8/site-packages/airflow/example_dags/example_subdag_operator.py for tasks to queue
[2026-05-30T13:46:30.434+0000] {logging_mixin.py:188} INFO - [2026-05-30T13:46:30.434+0000] {dagbag.py:540} INFO - Filling up the DagBag from /home/airflow/.local/lib/python3.8/site-packages/airflow/example_dags/example_subdag_operator.py
[2026-05-30T13:46:30.463+0000] {processor.py:840} INFO - DAG(s) 'example_subdag_operator.section-1', 'example_subdag_operator.section-2', 'example_subdag_operator' retrieved from /home/airflow/.local/lib/python3.8/site-packages/airflow/example_dags/example_subdag_operator.py
[2026-05-30T13:46:30.477+0000] {logging_mixin.py:188} INFO - [2026-05-30T13:46:30.477+0000] {dag.py:3047} INFO - Sync 3 DAGs
[2026-05-30T13:46:30.496+0000] {logging_mixin.py:188} INFO - [2026-05-30T13:46:30.496+0000] {dag.py:3834} INFO - Setting next_dagrun for example_subdag_operator to 2022-01-01 00:00:00+00:00, run_after=2022-01-01 00:00:00+00:00
[2026-05-30T13:46:30.501+0000] {logging_mixin.py:188} INFO - [2026-05-30T13:46:30.501+0000] {dag.py:3834} INFO - Setting next_dagrun for example_subdag_operator.section-1 to None, run_after=None
[2026-05-30T13:46:30.504+0000] {logging_mixin.py:188} INFO - [2026-05-30T13:46:30.504+0000] {dag.py:3834} INFO - Setting next_dagrun for example_subdag_operator.section-2 to None, run_after=None
[2026-05-30T13:46:30.512+0000] {logging_mixin.py:188} INFO - [2026-05-30T13:46:30.511+0000] {dag.py:3047} INFO - Sync 2 DAGs
[2026-05-30T13:46:30.517+0000] {logging_mixin.py:188} INFO - [2026-05-30T13:46:30.517+0000] {dag.py:3834} INFO - Setting next_dagrun for example_subdag_operator.section-1 to None, run_after=None
[2026-05-30T13:46:30.517+0000] {logging_mixin.py:188} INFO - [2026-05-30T13:46:30.517+0000] {dag.py:3834} INFO - Setting next_dagrun for example_subdag_operator.section-2 to None, run_after=None
[2026-05-30T13:46:30.528+0000] {processor.py:183} INFO - Processing /home/airflow/.local/lib/python3.8/site-packages/airflow/example_dags/example_subdag_operator.py took 0.100 seconds
