[2026-05-30T10:16:40.979+0000] {processor.py:161} INFO - Started process (PID=100) to work on /home/airflow/.local/lib/python3.8/site-packages/airflow/example_dags/example_latest_only_with_trigger.py
[2026-05-30T10:16:40.981+0000] {processor.py:830} INFO - Processing file /home/airflow/.local/lib/python3.8/site-packages/airflow/example_dags/example_latest_only_with_trigger.py for tasks to queue
[2026-05-30T10:16:40.984+0000] {logging_mixin.py:188} INFO - [2026-05-30T10:16:40.983+0000] {dagbag.py:540} INFO - Filling up the DagBag from /home/airflow/.local/lib/python3.8/site-packages/airflow/example_dags/example_latest_only_with_trigger.py
[2026-05-30T10:16:40.994+0000] {processor.py:840} INFO - DAG(s) 'latest_only_with_trigger' retrieved from /home/airflow/.local/lib/python3.8/site-packages/airflow/example_dags/example_latest_only_with_trigger.py
[2026-05-30T10:16:41.020+0000] {logging_mixin.py:188} INFO - [2026-05-30T10:16:41.020+0000] {dag.py:3047} INFO - Sync 1 DAGs
[2026-05-30T10:16:41.051+0000] {logging_mixin.py:188} INFO - [2026-05-30T10:16:41.051+0000] {dag.py:3834} INFO - Setting next_dagrun for latest_only_with_trigger to 2026-05-30 04:00:00+00:00, run_after=2026-05-30 08:00:00+00:00
[2026-05-30T10:16:41.081+0000] {processor.py:183} INFO - Processing /home/airflow/.local/lib/python3.8/site-packages/airflow/example_dags/example_latest_only_with_trigger.py took 0.106 seconds
[2026-05-30T10:17:11.918+0000] {processor.py:161} INFO - Started process (PID=155) to work on /home/airflow/.local/lib/python3.8/site-packages/airflow/example_dags/example_latest_only_with_trigger.py
[2026-05-30T10:17:11.919+0000] {processor.py:830} INFO - Processing file /home/airflow/.local/lib/python3.8/site-packages/airflow/example_dags/example_latest_only_with_trigger.py for tasks to queue
[2026-05-30T10:17:11.921+0000] {logging_mixin.py:188} INFO - [2026-05-30T10:17:11.921+0000] {dagbag.py:540} INFO - Filling up the DagBag from /home/airflow/.local/lib/python3.8/site-packages/airflow/example_dags/example_latest_only_with_trigger.py
[2026-05-30T10:17:11.926+0000] {processor.py:840} INFO - DAG(s) 'latest_only_with_trigger' retrieved from /home/airflow/.local/lib/python3.8/site-packages/airflow/example_dags/example_latest_only_with_trigger.py
[2026-05-30T10:17:11.944+0000] {logging_mixin.py:188} INFO - [2026-05-30T10:17:11.944+0000] {dag.py:3047} INFO - Sync 1 DAGs
[2026-05-30T10:17:11.961+0000] {logging_mixin.py:188} INFO - [2026-05-30T10:17:11.961+0000] {dag.py:3834} INFO - Setting next_dagrun for latest_only_with_trigger to 2026-05-30 04:00:00+00:00, run_after=2026-05-30 08:00:00+00:00
[2026-05-30T10:17:11.974+0000] {processor.py:183} INFO - Processing /home/airflow/.local/lib/python3.8/site-packages/airflow/example_dags/example_latest_only_with_trigger.py took 0.059 seconds
[2026-05-30T10:17:42.061+0000] {processor.py:161} INFO - Started process (PID=210) to work on /home/airflow/.local/lib/python3.8/site-packages/airflow/example_dags/example_latest_only_with_trigger.py
[2026-05-30T10:17:42.062+0000] {processor.py:830} INFO - Processing file /home/airflow/.local/lib/python3.8/site-packages/airflow/example_dags/example_latest_only_with_trigger.py for tasks to queue
[2026-05-30T10:17:42.064+0000] {logging_mixin.py:188} INFO - [2026-05-30T10:17:42.064+0000] {dagbag.py:540} INFO - Filling up the DagBag from /home/airflow/.local/lib/python3.8/site-packages/airflow/example_dags/example_latest_only_with_trigger.py
[2026-05-30T10:17:42.069+0000] {processor.py:840} INFO - DAG(s) 'latest_only_with_trigger' retrieved from /home/airflow/.local/lib/python3.8/site-packages/airflow/example_dags/example_latest_only_with_trigger.py
[2026-05-30T10:17:42.087+0000] {logging_mixin.py:188} INFO - [2026-05-30T10:17:42.086+0000] {dag.py:3047} INFO - Sync 1 DAGs
[2026-05-30T10:17:42.103+0000] {logging_mixin.py:188} INFO - [2026-05-30T10:17:42.103+0000] {dag.py:3834} INFO - Setting next_dagrun for latest_only_with_trigger to 2026-05-30 04:00:00+00:00, run_after=2026-05-30 08:00:00+00:00
[2026-05-30T10:17:42.119+0000] {processor.py:183} INFO - Processing /home/airflow/.local/lib/python3.8/site-packages/airflow/example_dags/example_latest_only_with_trigger.py took 0.061 seconds
[2026-05-30T10:18:12.699+0000] {processor.py:161} INFO - Started process (PID=265) to work on /home/airflow/.local/lib/python3.8/site-packages/airflow/example_dags/example_latest_only_with_trigger.py
[2026-05-30T10:18:12.702+0000] {processor.py:830} INFO - Processing file /home/airflow/.local/lib/python3.8/site-packages/airflow/example_dags/example_latest_only_with_trigger.py for tasks to queue
[2026-05-30T10:18:12.706+0000] {logging_mixin.py:188} INFO - [2026-05-30T10:18:12.706+0000] {dagbag.py:540} INFO - Filling up the DagBag from /home/airflow/.local/lib/python3.8/site-packages/airflow/example_dags/example_latest_only_with_trigger.py
[2026-05-30T10:18:12.715+0000] {processor.py:840} INFO - DAG(s) 'latest_only_with_trigger' retrieved from /home/airflow/.local/lib/python3.8/site-packages/airflow/example_dags/example_latest_only_with_trigger.py
[2026-05-30T10:18:12.757+0000] {logging_mixin.py:188} INFO - [2026-05-30T10:18:12.757+0000] {dag.py:3047} INFO - Sync 1 DAGs
[2026-05-30T10:18:12.782+0000] {logging_mixin.py:188} INFO - [2026-05-30T10:18:12.782+0000] {dag.py:3834} INFO - Setting next_dagrun for latest_only_with_trigger to 2026-05-30 04:00:00+00:00, run_after=2026-05-30 08:00:00+00:00
[2026-05-30T10:18:12.805+0000] {processor.py:183} INFO - Processing /home/airflow/.local/lib/python3.8/site-packages/airflow/example_dags/example_latest_only_with_trigger.py took 0.109 seconds
[2026-05-30T10:18:43.661+0000] {processor.py:161} INFO - Started process (PID=320) to work on /home/airflow/.local/lib/python3.8/site-packages/airflow/example_dags/example_latest_only_with_trigger.py
[2026-05-30T10:18:43.663+0000] {processor.py:830} INFO - Processing file /home/airflow/.local/lib/python3.8/site-packages/airflow/example_dags/example_latest_only_with_trigger.py for tasks to queue
[2026-05-30T10:18:43.665+0000] {logging_mixin.py:188} INFO - [2026-05-30T10:18:43.665+0000] {dagbag.py:540} INFO - Filling up the DagBag from /home/airflow/.local/lib/python3.8/site-packages/airflow/example_dags/example_latest_only_with_trigger.py
[2026-05-30T10:18:43.670+0000] {processor.py:840} INFO - DAG(s) 'latest_only_with_trigger' retrieved from /home/airflow/.local/lib/python3.8/site-packages/airflow/example_dags/example_latest_only_with_trigger.py
[2026-05-30T10:18:43.690+0000] {logging_mixin.py:188} INFO - [2026-05-30T10:18:43.690+0000] {dag.py:3047} INFO - Sync 1 DAGs
[2026-05-30T10:18:43.711+0000] {logging_mixin.py:188} INFO - [2026-05-30T10:18:43.710+0000] {dag.py:3834} INFO - Setting next_dagrun for latest_only_with_trigger to 2026-05-30 04:00:00+00:00, run_after=2026-05-30 08:00:00+00:00
[2026-05-30T10:18:43.737+0000] {processor.py:183} INFO - Processing /home/airflow/.local/lib/python3.8/site-packages/airflow/example_dags/example_latest_only_with_trigger.py took 0.080 seconds
[2026-05-30T10:19:14.144+0000] {processor.py:161} INFO - Started process (PID=375) to work on /home/airflow/.local/lib/python3.8/site-packages/airflow/example_dags/example_latest_only_with_trigger.py
[2026-05-30T10:19:14.146+0000] {processor.py:830} INFO - Processing file /home/airflow/.local/lib/python3.8/site-packages/airflow/example_dags/example_latest_only_with_trigger.py for tasks to queue
[2026-05-30T10:19:14.147+0000] {logging_mixin.py:188} INFO - [2026-05-30T10:19:14.147+0000] {dagbag.py:540} INFO - Filling up the DagBag from /home/airflow/.local/lib/python3.8/site-packages/airflow/example_dags/example_latest_only_with_trigger.py
[2026-05-30T10:19:14.152+0000] {processor.py:840} INFO - DAG(s) 'latest_only_with_trigger' retrieved from /home/airflow/.local/lib/python3.8/site-packages/airflow/example_dags/example_latest_only_with_trigger.py
[2026-05-30T10:19:14.169+0000] {logging_mixin.py:188} INFO - [2026-05-30T10:19:14.168+0000] {dag.py:3047} INFO - Sync 1 DAGs
[2026-05-30T10:19:14.184+0000] {logging_mixin.py:188} INFO - [2026-05-30T10:19:14.184+0000] {dag.py:3834} INFO - Setting next_dagrun for latest_only_with_trigger to 2026-05-30 04:00:00+00:00, run_after=2026-05-30 08:00:00+00:00
[2026-05-30T10:19:14.199+0000] {processor.py:183} INFO - Processing /home/airflow/.local/lib/python3.8/site-packages/airflow/example_dags/example_latest_only_with_trigger.py took 0.059 seconds
[2026-05-30T10:19:44.666+0000] {processor.py:161} INFO - Started process (PID=430) to work on /home/airflow/.local/lib/python3.8/site-packages/airflow/example_dags/example_latest_only_with_trigger.py
[2026-05-30T10:19:44.667+0000] {processor.py:830} INFO - Processing file /home/airflow/.local/lib/python3.8/site-packages/airflow/example_dags/example_latest_only_with_trigger.py for tasks to queue
[2026-05-30T10:19:44.669+0000] {logging_mixin.py:188} INFO - [2026-05-30T10:19:44.669+0000] {dagbag.py:540} INFO - Filling up the DagBag from /home/airflow/.local/lib/python3.8/site-packages/airflow/example_dags/example_latest_only_with_trigger.py
[2026-05-30T10:19:44.674+0000] {processor.py:840} INFO - DAG(s) 'latest_only_with_trigger' retrieved from /home/airflow/.local/lib/python3.8/site-packages/airflow/example_dags/example_latest_only_with_trigger.py
[2026-05-30T10:19:44.691+0000] {logging_mixin.py:188} INFO - [2026-05-30T10:19:44.691+0000] {dag.py:3047} INFO - Sync 1 DAGs
[2026-05-30T10:19:44.715+0000] {logging_mixin.py:188} INFO - [2026-05-30T10:19:44.715+0000] {dag.py:3834} INFO - Setting next_dagrun for latest_only_with_trigger to 2026-05-30 04:00:00+00:00, run_after=2026-05-30 08:00:00+00:00
[2026-05-30T10:19:44.733+0000] {processor.py:183} INFO - Processing /home/airflow/.local/lib/python3.8/site-packages/airflow/example_dags/example_latest_only_with_trigger.py took 0.070 seconds
[2026-05-30T10:20:14.810+0000] {processor.py:161} INFO - Started process (PID=485) to work on /home/airflow/.local/lib/python3.8/site-packages/airflow/example_dags/example_latest_only_with_trigger.py
[2026-05-30T10:20:14.811+0000] {processor.py:830} INFO - Processing file /home/airflow/.local/lib/python3.8/site-packages/airflow/example_dags/example_latest_only_with_trigger.py for tasks to queue
[2026-05-30T10:20:14.813+0000] {logging_mixin.py:188} INFO - [2026-05-30T10:20:14.813+0000] {dagbag.py:540} INFO - Filling up the DagBag from /home/airflow/.local/lib/python3.8/site-packages/airflow/example_dags/example_latest_only_with_trigger.py
[2026-05-30T10:20:14.818+0000] {processor.py:840} INFO - DAG(s) 'latest_only_with_trigger' retrieved from /home/airflow/.local/lib/python3.8/site-packages/airflow/example_dags/example_latest_only_with_trigger.py
[2026-05-30T10:20:14.835+0000] {logging_mixin.py:188} INFO - [2026-05-30T10:20:14.835+0000] {dag.py:3047} INFO - Sync 1 DAGs
[2026-05-30T10:20:14.850+0000] {logging_mixin.py:188} INFO - [2026-05-30T10:20:14.850+0000] {dag.py:3834} INFO - Setting next_dagrun for latest_only_with_trigger to 2026-05-30 04:00:00+00:00, run_after=2026-05-30 08:00:00+00:00
[2026-05-30T10:20:14.864+0000] {processor.py:183} INFO - Processing /home/airflow/.local/lib/python3.8/site-packages/airflow/example_dags/example_latest_only_with_trigger.py took 0.057 seconds
[2026-05-30T10:20:45.206+0000] {processor.py:161} INFO - Started process (PID=540) to work on /home/airflow/.local/lib/python3.8/site-packages/airflow/example_dags/example_latest_only_with_trigger.py
[2026-05-30T10:20:45.208+0000] {processor.py:830} INFO - Processing file /home/airflow/.local/lib/python3.8/site-packages/airflow/example_dags/example_latest_only_with_trigger.py for tasks to queue
[2026-05-30T10:20:45.210+0000] {logging_mixin.py:188} INFO - [2026-05-30T10:20:45.209+0000] {dagbag.py:540} INFO - Filling up the DagBag from /home/airflow/.local/lib/python3.8/site-packages/airflow/example_dags/example_latest_only_with_trigger.py
[2026-05-30T10:20:45.215+0000] {processor.py:840} INFO - DAG(s) 'latest_only_with_trigger' retrieved from /home/airflow/.local/lib/python3.8/site-packages/airflow/example_dags/example_latest_only_with_trigger.py
[2026-05-30T10:20:45.235+0000] {logging_mixin.py:188} INFO - [2026-05-30T10:20:45.235+0000] {dag.py:3047} INFO - Sync 1 DAGs
[2026-05-30T10:20:45.253+0000] {logging_mixin.py:188} INFO - [2026-05-30T10:20:45.252+0000] {dag.py:3834} INFO - Setting next_dagrun for latest_only_with_trigger to 2026-05-30 04:00:00+00:00, run_after=2026-05-30 08:00:00+00:00
[2026-05-30T10:20:45.271+0000] {processor.py:183} INFO - Processing /home/airflow/.local/lib/python3.8/site-packages/airflow/example_dags/example_latest_only_with_trigger.py took 0.068 seconds
[2026-05-30T10:21:15.832+0000] {processor.py:161} INFO - Started process (PID=595) to work on /home/airflow/.local/lib/python3.8/site-packages/airflow/example_dags/example_latest_only_with_trigger.py
[2026-05-30T10:21:15.833+0000] {processor.py:830} INFO - Processing file /home/airflow/.local/lib/python3.8/site-packages/airflow/example_dags/example_latest_only_with_trigger.py for tasks to queue
[2026-05-30T10:21:15.836+0000] {logging_mixin.py:188} INFO - [2026-05-30T10:21:15.835+0000] {dagbag.py:540} INFO - Filling up the DagBag from /home/airflow/.local/lib/python3.8/site-packages/airflow/example_dags/example_latest_only_with_trigger.py
[2026-05-30T10:21:15.847+0000] {processor.py:840} INFO - DAG(s) 'latest_only_with_trigger' retrieved from /home/airflow/.local/lib/python3.8/site-packages/airflow/example_dags/example_latest_only_with_trigger.py
[2026-05-30T10:21:15.881+0000] {logging_mixin.py:188} INFO - [2026-05-30T10:21:15.881+0000] {dag.py:3047} INFO - Sync 1 DAGs
[2026-05-30T10:21:15.915+0000] {logging_mixin.py:188} INFO - [2026-05-30T10:21:15.915+0000] {dag.py:3834} INFO - Setting next_dagrun for latest_only_with_trigger to 2026-05-30 04:00:00+00:00, run_after=2026-05-30 08:00:00+00:00
[2026-05-30T10:21:15.950+0000] {processor.py:183} INFO - Processing /home/airflow/.local/lib/python3.8/site-packages/airflow/example_dags/example_latest_only_with_trigger.py took 0.122 seconds
[2026-05-30T10:21:46.005+0000] {processor.py:161} INFO - Started process (PID=650) to work on /home/airflow/.local/lib/python3.8/site-packages/airflow/example_dags/example_latest_only_with_trigger.py
[2026-05-30T10:21:46.006+0000] {processor.py:830} INFO - Processing file /home/airflow/.local/lib/python3.8/site-packages/airflow/example_dags/example_latest_only_with_trigger.py for tasks to queue
[2026-05-30T10:21:46.008+0000] {logging_mixin.py:188} INFO - [2026-05-30T10:21:46.008+0000] {dagbag.py:540} INFO - Filling up the DagBag from /home/airflow/.local/lib/python3.8/site-packages/airflow/example_dags/example_latest_only_with_trigger.py
[2026-05-30T10:21:46.013+0000] {processor.py:840} INFO - DAG(s) 'latest_only_with_trigger' retrieved from /home/airflow/.local/lib/python3.8/site-packages/airflow/example_dags/example_latest_only_with_trigger.py
[2026-05-30T10:21:46.028+0000] {logging_mixin.py:188} INFO - [2026-05-30T10:21:46.028+0000] {dag.py:3047} INFO - Sync 1 DAGs
[2026-05-30T10:21:46.044+0000] {logging_mixin.py:188} INFO - [2026-05-30T10:21:46.044+0000] {dag.py:3834} INFO - Setting next_dagrun for latest_only_with_trigger to 2026-05-30 04:00:00+00:00, run_after=2026-05-30 08:00:00+00:00
[2026-05-30T10:21:46.063+0000] {processor.py:183} INFO - Processing /home/airflow/.local/lib/python3.8/site-packages/airflow/example_dags/example_latest_only_with_trigger.py took 0.062 seconds
[2026-05-30T10:22:16.207+0000] {processor.py:161} INFO - Started process (PID=705) to work on /home/airflow/.local/lib/python3.8/site-packages/airflow/example_dags/example_latest_only_with_trigger.py
[2026-05-30T10:22:16.208+0000] {processor.py:830} INFO - Processing file /home/airflow/.local/lib/python3.8/site-packages/airflow/example_dags/example_latest_only_with_trigger.py for tasks to queue
[2026-05-30T10:22:16.210+0000] {logging_mixin.py:188} INFO - [2026-05-30T10:22:16.210+0000] {dagbag.py:540} INFO - Filling up the DagBag from /home/airflow/.local/lib/python3.8/site-packages/airflow/example_dags/example_latest_only_with_trigger.py
[2026-05-30T10:22:16.214+0000] {processor.py:840} INFO - DAG(s) 'latest_only_with_trigger' retrieved from /home/airflow/.local/lib/python3.8/site-packages/airflow/example_dags/example_latest_only_with_trigger.py
[2026-05-30T10:22:16.232+0000] {logging_mixin.py:188} INFO - [2026-05-30T10:22:16.232+0000] {dag.py:3047} INFO - Sync 1 DAGs
[2026-05-30T10:22:16.249+0000] {logging_mixin.py:188} INFO - [2026-05-30T10:22:16.249+0000] {dag.py:3834} INFO - Setting next_dagrun for latest_only_with_trigger to 2026-05-30 04:00:00+00:00, run_after=2026-05-30 08:00:00+00:00
[2026-05-30T10:22:16.280+0000] {processor.py:183} INFO - Processing /home/airflow/.local/lib/python3.8/site-packages/airflow/example_dags/example_latest_only_with_trigger.py took 0.076 seconds
[2026-05-30T10:22:46.456+0000] {processor.py:161} INFO - Started process (PID=760) to work on /home/airflow/.local/lib/python3.8/site-packages/airflow/example_dags/example_latest_only_with_trigger.py
[2026-05-30T10:22:46.457+0000] {processor.py:830} INFO - Processing file /home/airflow/.local/lib/python3.8/site-packages/airflow/example_dags/example_latest_only_with_trigger.py for tasks to queue
[2026-05-30T10:22:46.459+0000] {logging_mixin.py:188} INFO - [2026-05-30T10:22:46.458+0000] {dagbag.py:540} INFO - Filling up the DagBag from /home/airflow/.local/lib/python3.8/site-packages/airflow/example_dags/example_latest_only_with_trigger.py
[2026-05-30T10:22:46.463+0000] {processor.py:840} INFO - DAG(s) 'latest_only_with_trigger' retrieved from /home/airflow/.local/lib/python3.8/site-packages/airflow/example_dags/example_latest_only_with_trigger.py
[2026-05-30T10:22:46.481+0000] {logging_mixin.py:188} INFO - [2026-05-30T10:22:46.481+0000] {dag.py:3047} INFO - Sync 1 DAGs
[2026-05-30T10:22:46.496+0000] {logging_mixin.py:188} INFO - [2026-05-30T10:22:46.496+0000] {dag.py:3834} INFO - Setting next_dagrun for latest_only_with_trigger to 2026-05-30 04:00:00+00:00, run_after=2026-05-30 08:00:00+00:00
[2026-05-30T10:22:46.511+0000] {processor.py:183} INFO - Processing /home/airflow/.local/lib/python3.8/site-packages/airflow/example_dags/example_latest_only_with_trigger.py took 0.059 seconds
[2026-05-30T10:23:16.959+0000] {processor.py:161} INFO - Started process (PID=815) to work on /home/airflow/.local/lib/python3.8/site-packages/airflow/example_dags/example_latest_only_with_trigger.py
[2026-05-30T10:23:16.961+0000] {processor.py:830} INFO - Processing file /home/airflow/.local/lib/python3.8/site-packages/airflow/example_dags/example_latest_only_with_trigger.py for tasks to queue
[2026-05-30T10:23:16.963+0000] {logging_mixin.py:188} INFO - [2026-05-30T10:23:16.963+0000] {dagbag.py:540} INFO - Filling up the DagBag from /home/airflow/.local/lib/python3.8/site-packages/airflow/example_dags/example_latest_only_with_trigger.py
[2026-05-30T10:23:16.968+0000] {processor.py:840} INFO - DAG(s) 'latest_only_with_trigger' retrieved from /home/airflow/.local/lib/python3.8/site-packages/airflow/example_dags/example_latest_only_with_trigger.py
[2026-05-30T10:23:16.987+0000] {logging_mixin.py:188} INFO - [2026-05-30T10:23:16.987+0000] {dag.py:3047} INFO - Sync 1 DAGs
[2026-05-30T10:23:17.004+0000] {logging_mixin.py:188} INFO - [2026-05-30T10:23:17.004+0000] {dag.py:3834} INFO - Setting next_dagrun for latest_only_with_trigger to 2026-05-30 04:00:00+00:00, run_after=2026-05-30 08:00:00+00:00
[2026-05-30T10:23:17.019+0000] {processor.py:183} INFO - Processing /home/airflow/.local/lib/python3.8/site-packages/airflow/example_dags/example_latest_only_with_trigger.py took 0.063 seconds
[2026-05-30T10:23:47.313+0000] {processor.py:161} INFO - Started process (PID=870) to work on /home/airflow/.local/lib/python3.8/site-packages/airflow/example_dags/example_latest_only_with_trigger.py
[2026-05-30T10:23:47.315+0000] {processor.py:830} INFO - Processing file /home/airflow/.local/lib/python3.8/site-packages/airflow/example_dags/example_latest_only_with_trigger.py for tasks to queue
[2026-05-30T10:23:47.317+0000] {logging_mixin.py:188} INFO - [2026-05-30T10:23:47.317+0000] {dagbag.py:540} INFO - Filling up the DagBag from /home/airflow/.local/lib/python3.8/site-packages/airflow/example_dags/example_latest_only_with_trigger.py
[2026-05-30T10:23:47.322+0000] {processor.py:840} INFO - DAG(s) 'latest_only_with_trigger' retrieved from /home/airflow/.local/lib/python3.8/site-packages/airflow/example_dags/example_latest_only_with_trigger.py
[2026-05-30T10:23:47.338+0000] {logging_mixin.py:188} INFO - [2026-05-30T10:23:47.338+0000] {dag.py:3047} INFO - Sync 1 DAGs
[2026-05-30T10:23:47.354+0000] {logging_mixin.py:188} INFO - [2026-05-30T10:23:47.354+0000] {dag.py:3834} INFO - Setting next_dagrun for latest_only_with_trigger to 2026-05-30 04:00:00+00:00, run_after=2026-05-30 08:00:00+00:00
[2026-05-30T10:23:47.374+0000] {processor.py:183} INFO - Processing /home/airflow/.local/lib/python3.8/site-packages/airflow/example_dags/example_latest_only_with_trigger.py took 0.064 seconds
[2026-05-30T10:24:17.903+0000] {processor.py:161} INFO - Started process (PID=925) to work on /home/airflow/.local/lib/python3.8/site-packages/airflow/example_dags/example_latest_only_with_trigger.py
[2026-05-30T10:24:17.905+0000] {processor.py:830} INFO - Processing file /home/airflow/.local/lib/python3.8/site-packages/airflow/example_dags/example_latest_only_with_trigger.py for tasks to queue
[2026-05-30T10:24:17.906+0000] {logging_mixin.py:188} INFO - [2026-05-30T10:24:17.906+0000] {dagbag.py:540} INFO - Filling up the DagBag from /home/airflow/.local/lib/python3.8/site-packages/airflow/example_dags/example_latest_only_with_trigger.py
[2026-05-30T10:24:17.911+0000] {processor.py:840} INFO - DAG(s) 'latest_only_with_trigger' retrieved from /home/airflow/.local/lib/python3.8/site-packages/airflow/example_dags/example_latest_only_with_trigger.py
[2026-05-30T10:24:17.930+0000] {logging_mixin.py:188} INFO - [2026-05-30T10:24:17.930+0000] {dag.py:3047} INFO - Sync 1 DAGs
[2026-05-30T10:24:17.947+0000] {logging_mixin.py:188} INFO - [2026-05-30T10:24:17.947+0000] {dag.py:3834} INFO - Setting next_dagrun for latest_only_with_trigger to 2026-05-30 04:00:00+00:00, run_after=2026-05-30 08:00:00+00:00
[2026-05-30T10:24:17.968+0000] {processor.py:183} INFO - Processing /home/airflow/.local/lib/python3.8/site-packages/airflow/example_dags/example_latest_only_with_trigger.py took 0.068 seconds
[2026-05-30T10:24:48.412+0000] {processor.py:161} INFO - Started process (PID=980) to work on /home/airflow/.local/lib/python3.8/site-packages/airflow/example_dags/example_latest_only_with_trigger.py
[2026-05-30T10:24:48.413+0000] {processor.py:830} INFO - Processing file /home/airflow/.local/lib/python3.8/site-packages/airflow/example_dags/example_latest_only_with_trigger.py for tasks to queue
[2026-05-30T10:24:48.415+0000] {logging_mixin.py:188} INFO - [2026-05-30T10:24:48.415+0000] {dagbag.py:540} INFO - Filling up the DagBag from /home/airflow/.local/lib/python3.8/site-packages/airflow/example_dags/example_latest_only_with_trigger.py
[2026-05-30T10:24:48.420+0000] {processor.py:840} INFO - DAG(s) 'latest_only_with_trigger' retrieved from /home/airflow/.local/lib/python3.8/site-packages/airflow/example_dags/example_latest_only_with_trigger.py
[2026-05-30T10:24:48.436+0000] {logging_mixin.py:188} INFO - [2026-05-30T10:24:48.435+0000] {dag.py:3047} INFO - Sync 1 DAGs
[2026-05-30T10:24:48.451+0000] {logging_mixin.py:188} INFO - [2026-05-30T10:24:48.451+0000] {dag.py:3834} INFO - Setting next_dagrun for latest_only_with_trigger to 2026-05-30 04:00:00+00:00, run_after=2026-05-30 08:00:00+00:00
[2026-05-30T10:24:48.469+0000] {processor.py:183} INFO - Processing /home/airflow/.local/lib/python3.8/site-packages/airflow/example_dags/example_latest_only_with_trigger.py took 0.060 seconds
[2026-05-30T10:25:19.088+0000] {processor.py:161} INFO - Started process (PID=1035) to work on /home/airflow/.local/lib/python3.8/site-packages/airflow/example_dags/example_latest_only_with_trigger.py
[2026-05-30T10:25:19.090+0000] {processor.py:830} INFO - Processing file /home/airflow/.local/lib/python3.8/site-packages/airflow/example_dags/example_latest_only_with_trigger.py for tasks to queue
[2026-05-30T10:25:19.092+0000] {logging_mixin.py:188} INFO - [2026-05-30T10:25:19.092+0000] {dagbag.py:540} INFO - Filling up the DagBag from /home/airflow/.local/lib/python3.8/site-packages/airflow/example_dags/example_latest_only_with_trigger.py
[2026-05-30T10:25:19.097+0000] {processor.py:840} INFO - DAG(s) 'latest_only_with_trigger' retrieved from /home/airflow/.local/lib/python3.8/site-packages/airflow/example_dags/example_latest_only_with_trigger.py
[2026-05-30T10:25:19.115+0000] {logging_mixin.py:188} INFO - [2026-05-30T10:25:19.115+0000] {dag.py:3047} INFO - Sync 1 DAGs
[2026-05-30T10:25:19.131+0000] {logging_mixin.py:188} INFO - [2026-05-30T10:25:19.131+0000] {dag.py:3834} INFO - Setting next_dagrun for latest_only_with_trigger to 2026-05-30 04:00:00+00:00, run_after=2026-05-30 08:00:00+00:00
[2026-05-30T10:25:19.180+0000] {processor.py:183} INFO - Processing /home/airflow/.local/lib/python3.8/site-packages/airflow/example_dags/example_latest_only_with_trigger.py took 0.094 seconds
[2026-05-30T10:25:49.815+0000] {processor.py:161} INFO - Started process (PID=1090) to work on /home/airflow/.local/lib/python3.8/site-packages/airflow/example_dags/example_latest_only_with_trigger.py
[2026-05-30T10:25:49.817+0000] {processor.py:830} INFO - Processing file /home/airflow/.local/lib/python3.8/site-packages/airflow/example_dags/example_latest_only_with_trigger.py for tasks to queue
[2026-05-30T10:25:49.820+0000] {logging_mixin.py:188} INFO - [2026-05-30T10:25:49.819+0000] {dagbag.py:540} INFO - Filling up the DagBag from /home/airflow/.local/lib/python3.8/site-packages/airflow/example_dags/example_latest_only_with_trigger.py
[2026-05-30T10:25:49.829+0000] {processor.py:840} INFO - DAG(s) 'latest_only_with_trigger' retrieved from /home/airflow/.local/lib/python3.8/site-packages/airflow/example_dags/example_latest_only_with_trigger.py
[2026-05-30T10:25:49.854+0000] {logging_mixin.py:188} INFO - [2026-05-30T10:25:49.854+0000] {dag.py:3047} INFO - Sync 1 DAGs
[2026-05-30T10:25:49.877+0000] {logging_mixin.py:188} INFO - [2026-05-30T10:25:49.877+0000] {dag.py:3834} INFO - Setting next_dagrun for latest_only_with_trigger to 2026-05-30 04:00:00+00:00, run_after=2026-05-30 08:00:00+00:00
[2026-05-30T10:25:49.902+0000] {processor.py:183} INFO - Processing /home/airflow/.local/lib/python3.8/site-packages/airflow/example_dags/example_latest_only_with_trigger.py took 0.090 seconds
[2026-05-30T10:26:20.564+0000] {processor.py:161} INFO - Started process (PID=1145) to work on /home/airflow/.local/lib/python3.8/site-packages/airflow/example_dags/example_latest_only_with_trigger.py
[2026-05-30T10:26:20.565+0000] {processor.py:830} INFO - Processing file /home/airflow/.local/lib/python3.8/site-packages/airflow/example_dags/example_latest_only_with_trigger.py for tasks to queue
[2026-05-30T10:26:20.567+0000] {logging_mixin.py:188} INFO - [2026-05-30T10:26:20.567+0000] {dagbag.py:540} INFO - Filling up the DagBag from /home/airflow/.local/lib/python3.8/site-packages/airflow/example_dags/example_latest_only_with_trigger.py
[2026-05-30T10:26:20.572+0000] {processor.py:840} INFO - DAG(s) 'latest_only_with_trigger' retrieved from /home/airflow/.local/lib/python3.8/site-packages/airflow/example_dags/example_latest_only_with_trigger.py
[2026-05-30T10:26:20.590+0000] {logging_mixin.py:188} INFO - [2026-05-30T10:26:20.589+0000] {dag.py:3047} INFO - Sync 1 DAGs
[2026-05-30T10:26:20.604+0000] {logging_mixin.py:188} INFO - [2026-05-30T10:26:20.604+0000] {dag.py:3834} INFO - Setting next_dagrun for latest_only_with_trigger to 2026-05-30 04:00:00+00:00, run_after=2026-05-30 08:00:00+00:00
[2026-05-30T10:26:20.625+0000] {processor.py:183} INFO - Processing /home/airflow/.local/lib/python3.8/site-packages/airflow/example_dags/example_latest_only_with_trigger.py took 0.064 seconds
[2026-05-30T10:26:50.893+0000] {processor.py:161} INFO - Started process (PID=1200) to work on /home/airflow/.local/lib/python3.8/site-packages/airflow/example_dags/example_latest_only_with_trigger.py
[2026-05-30T10:26:50.895+0000] {processor.py:830} INFO - Processing file /home/airflow/.local/lib/python3.8/site-packages/airflow/example_dags/example_latest_only_with_trigger.py for tasks to queue
[2026-05-30T10:26:50.897+0000] {logging_mixin.py:188} INFO - [2026-05-30T10:26:50.896+0000] {dagbag.py:540} INFO - Filling up the DagBag from /home/airflow/.local/lib/python3.8/site-packages/airflow/example_dags/example_latest_only_with_trigger.py
[2026-05-30T10:26:50.903+0000] {processor.py:840} INFO - DAG(s) 'latest_only_with_trigger' retrieved from /home/airflow/.local/lib/python3.8/site-packages/airflow/example_dags/example_latest_only_with_trigger.py
[2026-05-30T10:26:50.930+0000] {logging_mixin.py:188} INFO - [2026-05-30T10:26:50.929+0000] {dag.py:3047} INFO - Sync 1 DAGs
[2026-05-30T10:26:50.952+0000] {logging_mixin.py:188} INFO - [2026-05-30T10:26:50.951+0000] {dag.py:3834} INFO - Setting next_dagrun for latest_only_with_trigger to 2026-05-30 04:00:00+00:00, run_after=2026-05-30 08:00:00+00:00
[2026-05-30T10:26:50.975+0000] {processor.py:183} INFO - Processing /home/airflow/.local/lib/python3.8/site-packages/airflow/example_dags/example_latest_only_with_trigger.py took 0.084 seconds
[2026-05-30T10:27:21.808+0000] {processor.py:161} INFO - Started process (PID=1255) to work on /home/airflow/.local/lib/python3.8/site-packages/airflow/example_dags/example_latest_only_with_trigger.py
[2026-05-30T10:27:21.810+0000] {processor.py:830} INFO - Processing file /home/airflow/.local/lib/python3.8/site-packages/airflow/example_dags/example_latest_only_with_trigger.py for tasks to queue
[2026-05-30T10:27:21.816+0000] {logging_mixin.py:188} INFO - [2026-05-30T10:27:21.815+0000] {dagbag.py:540} INFO - Filling up the DagBag from /home/airflow/.local/lib/python3.8/site-packages/airflow/example_dags/example_latest_only_with_trigger.py
[2026-05-30T10:27:21.834+0000] {processor.py:840} INFO - DAG(s) 'latest_only_with_trigger' retrieved from /home/airflow/.local/lib/python3.8/site-packages/airflow/example_dags/example_latest_only_with_trigger.py
[2026-05-30T10:27:21.909+0000] {logging_mixin.py:188} INFO - [2026-05-30T10:27:21.908+0000] {dag.py:3047} INFO - Sync 1 DAGs
[2026-05-30T10:27:21.986+0000] {logging_mixin.py:188} INFO - [2026-05-30T10:27:21.985+0000] {dag.py:3834} INFO - Setting next_dagrun for latest_only_with_trigger to 2026-05-30 04:00:00+00:00, run_after=2026-05-30 08:00:00+00:00
[2026-05-30T10:27:22.048+0000] {processor.py:183} INFO - Processing /home/airflow/.local/lib/python3.8/site-packages/airflow/example_dags/example_latest_only_with_trigger.py took 0.247 seconds
[2026-05-30T10:27:52.579+0000] {processor.py:161} INFO - Started process (PID=1310) to work on /home/airflow/.local/lib/python3.8/site-packages/airflow/example_dags/example_latest_only_with_trigger.py
[2026-05-30T10:27:52.580+0000] {processor.py:830} INFO - Processing file /home/airflow/.local/lib/python3.8/site-packages/airflow/example_dags/example_latest_only_with_trigger.py for tasks to queue
[2026-05-30T10:27:52.582+0000] {logging_mixin.py:188} INFO - [2026-05-30T10:27:52.582+0000] {dagbag.py:540} INFO - Filling up the DagBag from /home/airflow/.local/lib/python3.8/site-packages/airflow/example_dags/example_latest_only_with_trigger.py
[2026-05-30T10:27:52.587+0000] {processor.py:840} INFO - DAG(s) 'latest_only_with_trigger' retrieved from /home/airflow/.local/lib/python3.8/site-packages/airflow/example_dags/example_latest_only_with_trigger.py
[2026-05-30T10:27:52.607+0000] {logging_mixin.py:188} INFO - [2026-05-30T10:27:52.607+0000] {dag.py:3047} INFO - Sync 1 DAGs
[2026-05-30T10:27:52.627+0000] {logging_mixin.py:188} INFO - [2026-05-30T10:27:52.626+0000] {dag.py:3834} INFO - Setting next_dagrun for latest_only_with_trigger to 2026-05-30 04:00:00+00:00, run_after=2026-05-30 08:00:00+00:00
[2026-05-30T10:27:52.659+0000] {processor.py:183} INFO - Processing /home/airflow/.local/lib/python3.8/site-packages/airflow/example_dags/example_latest_only_with_trigger.py took 0.083 seconds
[2026-05-30T10:28:22.927+0000] {processor.py:161} INFO - Started process (PID=1365) to work on /home/airflow/.local/lib/python3.8/site-packages/airflow/example_dags/example_latest_only_with_trigger.py
[2026-05-30T10:28:22.929+0000] {processor.py:830} INFO - Processing file /home/airflow/.local/lib/python3.8/site-packages/airflow/example_dags/example_latest_only_with_trigger.py for tasks to queue
[2026-05-30T10:28:22.931+0000] {logging_mixin.py:188} INFO - [2026-05-30T10:28:22.930+0000] {dagbag.py:540} INFO - Filling up the DagBag from /home/airflow/.local/lib/python3.8/site-packages/airflow/example_dags/example_latest_only_with_trigger.py
[2026-05-30T10:28:22.936+0000] {processor.py:840} INFO - DAG(s) 'latest_only_with_trigger' retrieved from /home/airflow/.local/lib/python3.8/site-packages/airflow/example_dags/example_latest_only_with_trigger.py
[2026-05-30T10:28:22.957+0000] {logging_mixin.py:188} INFO - [2026-05-30T10:28:22.957+0000] {dag.py:3047} INFO - Sync 1 DAGs
[2026-05-30T10:28:22.979+0000] {logging_mixin.py:188} INFO - [2026-05-30T10:28:22.979+0000] {dag.py:3834} INFO - Setting next_dagrun for latest_only_with_trigger to 2026-05-30 04:00:00+00:00, run_after=2026-05-30 08:00:00+00:00
[2026-05-30T10:28:22.999+0000] {processor.py:183} INFO - Processing /home/airflow/.local/lib/python3.8/site-packages/airflow/example_dags/example_latest_only_with_trigger.py took 0.075 seconds
[2026-05-30T10:28:53.088+0000] {processor.py:161} INFO - Started process (PID=1420) to work on /home/airflow/.local/lib/python3.8/site-packages/airflow/example_dags/example_latest_only_with_trigger.py
[2026-05-30T10:28:53.089+0000] {processor.py:830} INFO - Processing file /home/airflow/.local/lib/python3.8/site-packages/airflow/example_dags/example_latest_only_with_trigger.py for tasks to queue
[2026-05-30T10:28:53.091+0000] {logging_mixin.py:188} INFO - [2026-05-30T10:28:53.091+0000] {dagbag.py:540} INFO - Filling up the DagBag from /home/airflow/.local/lib/python3.8/site-packages/airflow/example_dags/example_latest_only_with_trigger.py
[2026-05-30T10:28:53.096+0000] {processor.py:840} INFO - DAG(s) 'latest_only_with_trigger' retrieved from /home/airflow/.local/lib/python3.8/site-packages/airflow/example_dags/example_latest_only_with_trigger.py
[2026-05-30T10:28:53.116+0000] {logging_mixin.py:188} INFO - [2026-05-30T10:28:53.116+0000] {dag.py:3047} INFO - Sync 1 DAGs
[2026-05-30T10:28:53.135+0000] {logging_mixin.py:188} INFO - [2026-05-30T10:28:53.135+0000] {dag.py:3834} INFO - Setting next_dagrun for latest_only_with_trigger to 2026-05-30 04:00:00+00:00, run_after=2026-05-30 08:00:00+00:00
[2026-05-30T10:28:53.156+0000] {processor.py:183} INFO - Processing /home/airflow/.local/lib/python3.8/site-packages/airflow/example_dags/example_latest_only_with_trigger.py took 0.071 seconds
[2026-05-30T10:29:23.338+0000] {processor.py:161} INFO - Started process (PID=1474) to work on /home/airflow/.local/lib/python3.8/site-packages/airflow/example_dags/example_latest_only_with_trigger.py
[2026-05-30T10:29:23.339+0000] {processor.py:830} INFO - Processing file /home/airflow/.local/lib/python3.8/site-packages/airflow/example_dags/example_latest_only_with_trigger.py for tasks to queue
[2026-05-30T10:29:23.341+0000] {logging_mixin.py:188} INFO - [2026-05-30T10:29:23.341+0000] {dagbag.py:540} INFO - Filling up the DagBag from /home/airflow/.local/lib/python3.8/site-packages/airflow/example_dags/example_latest_only_with_trigger.py
[2026-05-30T10:29:23.346+0000] {processor.py:840} INFO - DAG(s) 'latest_only_with_trigger' retrieved from /home/airflow/.local/lib/python3.8/site-packages/airflow/example_dags/example_latest_only_with_trigger.py
[2026-05-30T10:29:23.367+0000] {logging_mixin.py:188} INFO - [2026-05-30T10:29:23.367+0000] {dag.py:3047} INFO - Sync 1 DAGs
[2026-05-30T10:29:23.386+0000] {logging_mixin.py:188} INFO - [2026-05-30T10:29:23.386+0000] {dag.py:3834} INFO - Setting next_dagrun for latest_only_with_trigger to 2026-05-30 04:00:00+00:00, run_after=2026-05-30 08:00:00+00:00
[2026-05-30T10:29:23.405+0000] {processor.py:183} INFO - Processing /home/airflow/.local/lib/python3.8/site-packages/airflow/example_dags/example_latest_only_with_trigger.py took 0.070 seconds
[2026-05-30T10:29:53.758+0000] {processor.py:161} INFO - Started process (PID=1529) to work on /home/airflow/.local/lib/python3.8/site-packages/airflow/example_dags/example_latest_only_with_trigger.py
[2026-05-30T10:29:53.760+0000] {processor.py:830} INFO - Processing file /home/airflow/.local/lib/python3.8/site-packages/airflow/example_dags/example_latest_only_with_trigger.py for tasks to queue
[2026-05-30T10:29:53.762+0000] {logging_mixin.py:188} INFO - [2026-05-30T10:29:53.762+0000] {dagbag.py:540} INFO - Filling up the DagBag from /home/airflow/.local/lib/python3.8/site-packages/airflow/example_dags/example_latest_only_with_trigger.py
[2026-05-30T10:29:53.768+0000] {processor.py:840} INFO - DAG(s) 'latest_only_with_trigger' retrieved from /home/airflow/.local/lib/python3.8/site-packages/airflow/example_dags/example_latest_only_with_trigger.py
[2026-05-30T10:29:53.791+0000] {logging_mixin.py:188} INFO - [2026-05-30T10:29:53.791+0000] {dag.py:3047} INFO - Sync 1 DAGs
[2026-05-30T10:29:53.813+0000] {logging_mixin.py:188} INFO - [2026-05-30T10:29:53.813+0000] {dag.py:3834} INFO - Setting next_dagrun for latest_only_with_trigger to 2026-05-30 04:00:00+00:00, run_after=2026-05-30 08:00:00+00:00
[2026-05-30T10:29:53.834+0000] {processor.py:183} INFO - Processing /home/airflow/.local/lib/python3.8/site-packages/airflow/example_dags/example_latest_only_with_trigger.py took 0.078 seconds
[2026-05-30T10:30:24.083+0000] {processor.py:161} INFO - Started process (PID=1584) to work on /home/airflow/.local/lib/python3.8/site-packages/airflow/example_dags/example_latest_only_with_trigger.py
[2026-05-30T10:30:24.084+0000] {processor.py:830} INFO - Processing file /home/airflow/.local/lib/python3.8/site-packages/airflow/example_dags/example_latest_only_with_trigger.py for tasks to queue
[2026-05-30T10:30:24.086+0000] {logging_mixin.py:188} INFO - [2026-05-30T10:30:24.086+0000] {dagbag.py:540} INFO - Filling up the DagBag from /home/airflow/.local/lib/python3.8/site-packages/airflow/example_dags/example_latest_only_with_trigger.py
[2026-05-30T10:30:24.093+0000] {processor.py:840} INFO - DAG(s) 'latest_only_with_trigger' retrieved from /home/airflow/.local/lib/python3.8/site-packages/airflow/example_dags/example_latest_only_with_trigger.py
[2026-05-30T10:30:24.117+0000] {logging_mixin.py:188} INFO - [2026-05-30T10:30:24.117+0000] {dag.py:3047} INFO - Sync 1 DAGs
[2026-05-30T10:30:24.142+0000] {logging_mixin.py:188} INFO - [2026-05-30T10:30:24.142+0000] {dag.py:3834} INFO - Setting next_dagrun for latest_only_with_trigger to 2026-05-30 04:00:00+00:00, run_after=2026-05-30 08:00:00+00:00
[2026-05-30T10:30:24.170+0000] {processor.py:183} INFO - Processing /home/airflow/.local/lib/python3.8/site-packages/airflow/example_dags/example_latest_only_with_trigger.py took 0.090 seconds
[2026-05-30T10:30:54.623+0000] {processor.py:161} INFO - Started process (PID=1639) to work on /home/airflow/.local/lib/python3.8/site-packages/airflow/example_dags/example_latest_only_with_trigger.py
[2026-05-30T10:30:54.624+0000] {processor.py:830} INFO - Processing file /home/airflow/.local/lib/python3.8/site-packages/airflow/example_dags/example_latest_only_with_trigger.py for tasks to queue
[2026-05-30T10:30:54.626+0000] {logging_mixin.py:188} INFO - [2026-05-30T10:30:54.626+0000] {dagbag.py:540} INFO - Filling up the DagBag from /home/airflow/.local/lib/python3.8/site-packages/airflow/example_dags/example_latest_only_with_trigger.py
[2026-05-30T10:30:54.633+0000] {processor.py:840} INFO - DAG(s) 'latest_only_with_trigger' retrieved from /home/airflow/.local/lib/python3.8/site-packages/airflow/example_dags/example_latest_only_with_trigger.py
[2026-05-30T10:30:54.656+0000] {logging_mixin.py:188} INFO - [2026-05-30T10:30:54.656+0000] {dag.py:3047} INFO - Sync 1 DAGs
[2026-05-30T10:30:54.681+0000] {logging_mixin.py:188} INFO - [2026-05-30T10:30:54.681+0000] {dag.py:3834} INFO - Setting next_dagrun for latest_only_with_trigger to 2026-05-30 04:00:00+00:00, run_after=2026-05-30 08:00:00+00:00
[2026-05-30T10:30:54.706+0000] {processor.py:183} INFO - Processing /home/airflow/.local/lib/python3.8/site-packages/airflow/example_dags/example_latest_only_with_trigger.py took 0.088 seconds
[2026-05-30T10:31:24.853+0000] {processor.py:161} INFO - Started process (PID=1694) to work on /home/airflow/.local/lib/python3.8/site-packages/airflow/example_dags/example_latest_only_with_trigger.py
[2026-05-30T10:31:24.854+0000] {processor.py:830} INFO - Processing file /home/airflow/.local/lib/python3.8/site-packages/airflow/example_dags/example_latest_only_with_trigger.py for tasks to queue
[2026-05-30T10:31:24.856+0000] {logging_mixin.py:188} INFO - [2026-05-30T10:31:24.856+0000] {dagbag.py:540} INFO - Filling up the DagBag from /home/airflow/.local/lib/python3.8/site-packages/airflow/example_dags/example_latest_only_with_trigger.py
[2026-05-30T10:31:24.861+0000] {processor.py:840} INFO - DAG(s) 'latest_only_with_trigger' retrieved from /home/airflow/.local/lib/python3.8/site-packages/airflow/example_dags/example_latest_only_with_trigger.py
[2026-05-30T10:31:24.882+0000] {logging_mixin.py:188} INFO - [2026-05-30T10:31:24.882+0000] {dag.py:3047} INFO - Sync 1 DAGs
[2026-05-30T10:31:24.902+0000] {logging_mixin.py:188} INFO - [2026-05-30T10:31:24.902+0000] {dag.py:3834} INFO - Setting next_dagrun for latest_only_with_trigger to 2026-05-30 04:00:00+00:00, run_after=2026-05-30 08:00:00+00:00
[2026-05-30T10:31:24.921+0000] {processor.py:183} INFO - Processing /home/airflow/.local/lib/python3.8/site-packages/airflow/example_dags/example_latest_only_with_trigger.py took 0.071 seconds
[2026-05-30T10:31:55.307+0000] {processor.py:161} INFO - Started process (PID=1749) to work on /home/airflow/.local/lib/python3.8/site-packages/airflow/example_dags/example_latest_only_with_trigger.py
[2026-05-30T10:31:55.309+0000] {processor.py:830} INFO - Processing file /home/airflow/.local/lib/python3.8/site-packages/airflow/example_dags/example_latest_only_with_trigger.py for tasks to queue
[2026-05-30T10:31:55.313+0000] {logging_mixin.py:188} INFO - [2026-05-30T10:31:55.313+0000] {dagbag.py:540} INFO - Filling up the DagBag from /home/airflow/.local/lib/python3.8/site-packages/airflow/example_dags/example_latest_only_with_trigger.py
[2026-05-30T10:31:55.321+0000] {processor.py:840} INFO - DAG(s) 'latest_only_with_trigger' retrieved from /home/airflow/.local/lib/python3.8/site-packages/airflow/example_dags/example_latest_only_with_trigger.py
[2026-05-30T10:31:55.347+0000] {logging_mixin.py:188} INFO - [2026-05-30T10:31:55.347+0000] {dag.py:3047} INFO - Sync 1 DAGs
[2026-05-30T10:31:55.371+0000] {logging_mixin.py:188} INFO - [2026-05-30T10:31:55.371+0000] {dag.py:3834} INFO - Setting next_dagrun for latest_only_with_trigger to 2026-05-30 04:00:00+00:00, run_after=2026-05-30 08:00:00+00:00
[2026-05-30T10:31:55.394+0000] {processor.py:183} INFO - Processing /home/airflow/.local/lib/python3.8/site-packages/airflow/example_dags/example_latest_only_with_trigger.py took 0.091 seconds
[2026-05-30T10:32:26.022+0000] {processor.py:161} INFO - Started process (PID=1804) to work on /home/airflow/.local/lib/python3.8/site-packages/airflow/example_dags/example_latest_only_with_trigger.py
[2026-05-30T10:32:26.028+0000] {processor.py:830} INFO - Processing file /home/airflow/.local/lib/python3.8/site-packages/airflow/example_dags/example_latest_only_with_trigger.py for tasks to queue
[2026-05-30T10:32:26.031+0000] {logging_mixin.py:188} INFO - [2026-05-30T10:32:26.031+0000] {dagbag.py:540} INFO - Filling up the DagBag from /home/airflow/.local/lib/python3.8/site-packages/airflow/example_dags/example_latest_only_with_trigger.py
[2026-05-30T10:32:26.038+0000] {processor.py:840} INFO - DAG(s) 'latest_only_with_trigger' retrieved from /home/airflow/.local/lib/python3.8/site-packages/airflow/example_dags/example_latest_only_with_trigger.py
[2026-05-30T10:32:26.085+0000] {logging_mixin.py:188} INFO - [2026-05-30T10:32:26.084+0000] {dag.py:3047} INFO - Sync 1 DAGs
[2026-05-30T10:32:26.131+0000] {logging_mixin.py:188} INFO - [2026-05-30T10:32:26.131+0000] {dag.py:3834} INFO - Setting next_dagrun for latest_only_with_trigger to 2026-05-30 04:00:00+00:00, run_after=2026-05-30 08:00:00+00:00
[2026-05-30T10:32:26.197+0000] {processor.py:183} INFO - Processing /home/airflow/.local/lib/python3.8/site-packages/airflow/example_dags/example_latest_only_with_trigger.py took 0.180 seconds
[2026-05-30T10:32:56.455+0000] {processor.py:161} INFO - Started process (PID=1859) to work on /home/airflow/.local/lib/python3.8/site-packages/airflow/example_dags/example_latest_only_with_trigger.py
[2026-05-30T10:32:56.457+0000] {processor.py:830} INFO - Processing file /home/airflow/.local/lib/python3.8/site-packages/airflow/example_dags/example_latest_only_with_trigger.py for tasks to queue
[2026-05-30T10:32:56.459+0000] {logging_mixin.py:188} INFO - [2026-05-30T10:32:56.459+0000] {dagbag.py:540} INFO - Filling up the DagBag from /home/airflow/.local/lib/python3.8/site-packages/airflow/example_dags/example_latest_only_with_trigger.py
[2026-05-30T10:32:56.466+0000] {processor.py:840} INFO - DAG(s) 'latest_only_with_trigger' retrieved from /home/airflow/.local/lib/python3.8/site-packages/airflow/example_dags/example_latest_only_with_trigger.py
[2026-05-30T10:32:56.498+0000] {logging_mixin.py:188} INFO - [2026-05-30T10:32:56.497+0000] {dag.py:3047} INFO - Sync 1 DAGs
[2026-05-30T10:32:56.528+0000] {logging_mixin.py:188} INFO - [2026-05-30T10:32:56.528+0000] {dag.py:3834} INFO - Setting next_dagrun for latest_only_with_trigger to 2026-05-30 04:00:00+00:00, run_after=2026-05-30 08:00:00+00:00
[2026-05-30T10:32:56.564+0000] {processor.py:183} INFO - Processing /home/airflow/.local/lib/python3.8/site-packages/airflow/example_dags/example_latest_only_with_trigger.py took 0.115 seconds
[2026-05-30T10:33:26.631+0000] {processor.py:161} INFO - Started process (PID=1914) to work on /home/airflow/.local/lib/python3.8/site-packages/airflow/example_dags/example_latest_only_with_trigger.py
[2026-05-30T10:33:26.632+0000] {processor.py:830} INFO - Processing file /home/airflow/.local/lib/python3.8/site-packages/airflow/example_dags/example_latest_only_with_trigger.py for tasks to queue
[2026-05-30T10:33:26.636+0000] {logging_mixin.py:188} INFO - [2026-05-30T10:33:26.635+0000] {dagbag.py:540} INFO - Filling up the DagBag from /home/airflow/.local/lib/python3.8/site-packages/airflow/example_dags/example_latest_only_with_trigger.py
[2026-05-30T10:33:26.642+0000] {processor.py:840} INFO - DAG(s) 'latest_only_with_trigger' retrieved from /home/airflow/.local/lib/python3.8/site-packages/airflow/example_dags/example_latest_only_with_trigger.py
[2026-05-30T10:33:26.666+0000] {logging_mixin.py:188} INFO - [2026-05-30T10:33:26.666+0000] {dag.py:3047} INFO - Sync 1 DAGs
[2026-05-30T10:33:26.691+0000] {logging_mixin.py:188} INFO - [2026-05-30T10:33:26.690+0000] {dag.py:3834} INFO - Setting next_dagrun for latest_only_with_trigger to 2026-05-30 04:00:00+00:00, run_after=2026-05-30 08:00:00+00:00
[2026-05-30T10:33:26.712+0000] {processor.py:183} INFO - Processing /home/airflow/.local/lib/python3.8/site-packages/airflow/example_dags/example_latest_only_with_trigger.py took 0.084 seconds
[2026-05-30T10:33:56.890+0000] {processor.py:161} INFO - Started process (PID=1969) to work on /home/airflow/.local/lib/python3.8/site-packages/airflow/example_dags/example_latest_only_with_trigger.py
[2026-05-30T10:33:56.891+0000] {processor.py:830} INFO - Processing file /home/airflow/.local/lib/python3.8/site-packages/airflow/example_dags/example_latest_only_with_trigger.py for tasks to queue
[2026-05-30T10:33:56.893+0000] {logging_mixin.py:188} INFO - [2026-05-30T10:33:56.893+0000] {dagbag.py:540} INFO - Filling up the DagBag from /home/airflow/.local/lib/python3.8/site-packages/airflow/example_dags/example_latest_only_with_trigger.py
[2026-05-30T10:33:56.898+0000] {processor.py:840} INFO - DAG(s) 'latest_only_with_trigger' retrieved from /home/airflow/.local/lib/python3.8/site-packages/airflow/example_dags/example_latest_only_with_trigger.py
[2026-05-30T10:33:56.919+0000] {logging_mixin.py:188} INFO - [2026-05-30T10:33:56.919+0000] {dag.py:3047} INFO - Sync 1 DAGs
[2026-05-30T10:33:56.937+0000] {logging_mixin.py:188} INFO - [2026-05-30T10:33:56.937+0000] {dag.py:3834} INFO - Setting next_dagrun for latest_only_with_trigger to 2026-05-30 04:00:00+00:00, run_after=2026-05-30 08:00:00+00:00
[2026-05-30T10:33:56.957+0000] {processor.py:183} INFO - Processing /home/airflow/.local/lib/python3.8/site-packages/airflow/example_dags/example_latest_only_with_trigger.py took 0.070 seconds
[2026-05-30T10:34:27.531+0000] {processor.py:161} INFO - Started process (PID=2024) to work on /home/airflow/.local/lib/python3.8/site-packages/airflow/example_dags/example_latest_only_with_trigger.py
[2026-05-30T10:34:27.533+0000] {processor.py:830} INFO - Processing file /home/airflow/.local/lib/python3.8/site-packages/airflow/example_dags/example_latest_only_with_trigger.py for tasks to queue
[2026-05-30T10:34:27.536+0000] {logging_mixin.py:188} INFO - [2026-05-30T10:34:27.536+0000] {dagbag.py:540} INFO - Filling up the DagBag from /home/airflow/.local/lib/python3.8/site-packages/airflow/example_dags/example_latest_only_with_trigger.py
[2026-05-30T10:34:27.544+0000] {processor.py:840} INFO - DAG(s) 'latest_only_with_trigger' retrieved from /home/airflow/.local/lib/python3.8/site-packages/airflow/example_dags/example_latest_only_with_trigger.py
[2026-05-30T10:34:27.568+0000] {logging_mixin.py:188} INFO - [2026-05-30T10:34:27.568+0000] {dag.py:3047} INFO - Sync 1 DAGs
[2026-05-30T10:34:27.591+0000] {logging_mixin.py:188} INFO - [2026-05-30T10:34:27.591+0000] {dag.py:3834} INFO - Setting next_dagrun for latest_only_with_trigger to 2026-05-30 04:00:00+00:00, run_after=2026-05-30 08:00:00+00:00
[2026-05-30T10:34:27.616+0000] {processor.py:183} INFO - Processing /home/airflow/.local/lib/python3.8/site-packages/airflow/example_dags/example_latest_only_with_trigger.py took 0.090 seconds
[2026-05-30T10:34:57.913+0000] {processor.py:161} INFO - Started process (PID=2079) to work on /home/airflow/.local/lib/python3.8/site-packages/airflow/example_dags/example_latest_only_with_trigger.py
[2026-05-30T10:34:57.914+0000] {processor.py:830} INFO - Processing file /home/airflow/.local/lib/python3.8/site-packages/airflow/example_dags/example_latest_only_with_trigger.py for tasks to queue
[2026-05-30T10:34:57.916+0000] {logging_mixin.py:188} INFO - [2026-05-30T10:34:57.916+0000] {dagbag.py:540} INFO - Filling up the DagBag from /home/airflow/.local/lib/python3.8/site-packages/airflow/example_dags/example_latest_only_with_trigger.py
[2026-05-30T10:34:57.922+0000] {processor.py:840} INFO - DAG(s) 'latest_only_with_trigger' retrieved from /home/airflow/.local/lib/python3.8/site-packages/airflow/example_dags/example_latest_only_with_trigger.py
[2026-05-30T10:34:57.943+0000] {logging_mixin.py:188} INFO - [2026-05-30T10:34:57.943+0000] {dag.py:3047} INFO - Sync 1 DAGs
[2026-05-30T10:34:57.963+0000] {logging_mixin.py:188} INFO - [2026-05-30T10:34:57.963+0000] {dag.py:3834} INFO - Setting next_dagrun for latest_only_with_trigger to 2026-05-30 04:00:00+00:00, run_after=2026-05-30 08:00:00+00:00
[2026-05-30T10:34:57.982+0000] {processor.py:183} INFO - Processing /home/airflow/.local/lib/python3.8/site-packages/airflow/example_dags/example_latest_only_with_trigger.py took 0.072 seconds
[2026-05-30T10:35:28.075+0000] {processor.py:161} INFO - Started process (PID=2134) to work on /home/airflow/.local/lib/python3.8/site-packages/airflow/example_dags/example_latest_only_with_trigger.py
[2026-05-30T10:35:28.076+0000] {processor.py:830} INFO - Processing file /home/airflow/.local/lib/python3.8/site-packages/airflow/example_dags/example_latest_only_with_trigger.py for tasks to queue
[2026-05-30T10:35:28.078+0000] {logging_mixin.py:188} INFO - [2026-05-30T10:35:28.078+0000] {dagbag.py:540} INFO - Filling up the DagBag from /home/airflow/.local/lib/python3.8/site-packages/airflow/example_dags/example_latest_only_with_trigger.py
[2026-05-30T10:35:28.085+0000] {processor.py:840} INFO - DAG(s) 'latest_only_with_trigger' retrieved from /home/airflow/.local/lib/python3.8/site-packages/airflow/example_dags/example_latest_only_with_trigger.py
[2026-05-30T10:35:28.105+0000] {logging_mixin.py:188} INFO - [2026-05-30T10:35:28.104+0000] {dag.py:3047} INFO - Sync 1 DAGs
[2026-05-30T10:35:28.123+0000] {logging_mixin.py:188} INFO - [2026-05-30T10:35:28.123+0000] {dag.py:3834} INFO - Setting next_dagrun for latest_only_with_trigger to 2026-05-30 04:00:00+00:00, run_after=2026-05-30 08:00:00+00:00
[2026-05-30T10:35:28.140+0000] {processor.py:183} INFO - Processing /home/airflow/.local/lib/python3.8/site-packages/airflow/example_dags/example_latest_only_with_trigger.py took 0.069 seconds
[2026-05-30T10:35:58.388+0000] {processor.py:161} INFO - Started process (PID=2189) to work on /home/airflow/.local/lib/python3.8/site-packages/airflow/example_dags/example_latest_only_with_trigger.py
[2026-05-30T10:35:58.390+0000] {processor.py:830} INFO - Processing file /home/airflow/.local/lib/python3.8/site-packages/airflow/example_dags/example_latest_only_with_trigger.py for tasks to queue
[2026-05-30T10:35:58.391+0000] {logging_mixin.py:188} INFO - [2026-05-30T10:35:58.391+0000] {dagbag.py:540} INFO - Filling up the DagBag from /home/airflow/.local/lib/python3.8/site-packages/airflow/example_dags/example_latest_only_with_trigger.py
[2026-05-30T10:35:58.397+0000] {processor.py:840} INFO - DAG(s) 'latest_only_with_trigger' retrieved from /home/airflow/.local/lib/python3.8/site-packages/airflow/example_dags/example_latest_only_with_trigger.py
[2026-05-30T10:35:58.417+0000] {logging_mixin.py:188} INFO - [2026-05-30T10:35:58.417+0000] {dag.py:3047} INFO - Sync 1 DAGs
[2026-05-30T10:35:58.436+0000] {logging_mixin.py:188} INFO - [2026-05-30T10:35:58.436+0000] {dag.py:3834} INFO - Setting next_dagrun for latest_only_with_trigger to 2026-05-30 04:00:00+00:00, run_after=2026-05-30 08:00:00+00:00
[2026-05-30T10:35:58.452+0000] {processor.py:183} INFO - Processing /home/airflow/.local/lib/python3.8/site-packages/airflow/example_dags/example_latest_only_with_trigger.py took 0.067 seconds
[2026-05-30T10:36:28.911+0000] {processor.py:161} INFO - Started process (PID=2244) to work on /home/airflow/.local/lib/python3.8/site-packages/airflow/example_dags/example_latest_only_with_trigger.py
[2026-05-30T10:36:28.912+0000] {processor.py:830} INFO - Processing file /home/airflow/.local/lib/python3.8/site-packages/airflow/example_dags/example_latest_only_with_trigger.py for tasks to queue
[2026-05-30T10:36:28.914+0000] {logging_mixin.py:188} INFO - [2026-05-30T10:36:28.914+0000] {dagbag.py:540} INFO - Filling up the DagBag from /home/airflow/.local/lib/python3.8/site-packages/airflow/example_dags/example_latest_only_with_trigger.py
[2026-05-30T10:36:28.919+0000] {processor.py:840} INFO - DAG(s) 'latest_only_with_trigger' retrieved from /home/airflow/.local/lib/python3.8/site-packages/airflow/example_dags/example_latest_only_with_trigger.py
[2026-05-30T10:36:28.938+0000] {logging_mixin.py:188} INFO - [2026-05-30T10:36:28.938+0000] {dag.py:3047} INFO - Sync 1 DAGs
[2026-05-30T10:36:28.957+0000] {logging_mixin.py:188} INFO - [2026-05-30T10:36:28.957+0000] {dag.py:3834} INFO - Setting next_dagrun for latest_only_with_trigger to 2026-05-30 04:00:00+00:00, run_after=2026-05-30 08:00:00+00:00
[2026-05-30T10:36:28.976+0000] {processor.py:183} INFO - Processing /home/airflow/.local/lib/python3.8/site-packages/airflow/example_dags/example_latest_only_with_trigger.py took 0.068 seconds
[2026-05-30T10:36:59.777+0000] {processor.py:161} INFO - Started process (PID=2299) to work on /home/airflow/.local/lib/python3.8/site-packages/airflow/example_dags/example_latest_only_with_trigger.py
[2026-05-30T10:36:59.781+0000] {processor.py:830} INFO - Processing file /home/airflow/.local/lib/python3.8/site-packages/airflow/example_dags/example_latest_only_with_trigger.py for tasks to queue
[2026-05-30T10:36:59.784+0000] {logging_mixin.py:188} INFO - [2026-05-30T10:36:59.783+0000] {dagbag.py:540} INFO - Filling up the DagBag from /home/airflow/.local/lib/python3.8/site-packages/airflow/example_dags/example_latest_only_with_trigger.py
[2026-05-30T10:36:59.791+0000] {processor.py:840} INFO - DAG(s) 'latest_only_with_trigger' retrieved from /home/airflow/.local/lib/python3.8/site-packages/airflow/example_dags/example_latest_only_with_trigger.py
[2026-05-30T10:36:59.820+0000] {logging_mixin.py:188} INFO - [2026-05-30T10:36:59.820+0000] {dag.py:3047} INFO - Sync 1 DAGs
[2026-05-30T10:36:59.857+0000] {logging_mixin.py:188} INFO - [2026-05-30T10:36:59.857+0000] {dag.py:3834} INFO - Setting next_dagrun for latest_only_with_trigger to 2026-05-30 04:00:00+00:00, run_after=2026-05-30 08:00:00+00:00
[2026-05-30T10:36:59.883+0000] {processor.py:183} INFO - Processing /home/airflow/.local/lib/python3.8/site-packages/airflow/example_dags/example_latest_only_with_trigger.py took 0.110 seconds
[2026-05-30T10:37:30.690+0000] {processor.py:161} INFO - Started process (PID=2354) to work on /home/airflow/.local/lib/python3.8/site-packages/airflow/example_dags/example_latest_only_with_trigger.py
[2026-05-30T10:37:30.692+0000] {processor.py:830} INFO - Processing file /home/airflow/.local/lib/python3.8/site-packages/airflow/example_dags/example_latest_only_with_trigger.py for tasks to queue
[2026-05-30T10:37:30.694+0000] {logging_mixin.py:188} INFO - [2026-05-30T10:37:30.694+0000] {dagbag.py:540} INFO - Filling up the DagBag from /home/airflow/.local/lib/python3.8/site-packages/airflow/example_dags/example_latest_only_with_trigger.py
[2026-05-30T10:37:30.700+0000] {processor.py:840} INFO - DAG(s) 'latest_only_with_trigger' retrieved from /home/airflow/.local/lib/python3.8/site-packages/airflow/example_dags/example_latest_only_with_trigger.py
[2026-05-30T10:37:30.719+0000] {logging_mixin.py:188} INFO - [2026-05-30T10:37:30.719+0000] {dag.py:3047} INFO - Sync 1 DAGs
[2026-05-30T10:37:30.739+0000] {logging_mixin.py:188} INFO - [2026-05-30T10:37:30.739+0000] {dag.py:3834} INFO - Setting next_dagrun for latest_only_with_trigger to 2026-05-30 04:00:00+00:00, run_after=2026-05-30 08:00:00+00:00
[2026-05-30T10:37:30.760+0000] {processor.py:183} INFO - Processing /home/airflow/.local/lib/python3.8/site-packages/airflow/example_dags/example_latest_only_with_trigger.py took 0.073 seconds
[2026-05-30T10:38:01.067+0000] {processor.py:161} INFO - Started process (PID=2409) to work on /home/airflow/.local/lib/python3.8/site-packages/airflow/example_dags/example_latest_only_with_trigger.py
[2026-05-30T10:38:01.068+0000] {processor.py:830} INFO - Processing file /home/airflow/.local/lib/python3.8/site-packages/airflow/example_dags/example_latest_only_with_trigger.py for tasks to queue
[2026-05-30T10:38:01.071+0000] {logging_mixin.py:188} INFO - [2026-05-30T10:38:01.071+0000] {dagbag.py:540} INFO - Filling up the DagBag from /home/airflow/.local/lib/python3.8/site-packages/airflow/example_dags/example_latest_only_with_trigger.py
[2026-05-30T10:38:01.077+0000] {processor.py:840} INFO - DAG(s) 'latest_only_with_trigger' retrieved from /home/airflow/.local/lib/python3.8/site-packages/airflow/example_dags/example_latest_only_with_trigger.py
[2026-05-30T10:38:01.105+0000] {logging_mixin.py:188} INFO - [2026-05-30T10:38:01.104+0000] {dag.py:3047} INFO - Sync 1 DAGs
[2026-05-30T10:38:01.127+0000] {logging_mixin.py:188} INFO - [2026-05-30T10:38:01.127+0000] {dag.py:3834} INFO - Setting next_dagrun for latest_only_with_trigger to 2026-05-30 04:00:00+00:00, run_after=2026-05-30 08:00:00+00:00
[2026-05-30T10:38:01.151+0000] {processor.py:183} INFO - Processing /home/airflow/.local/lib/python3.8/site-packages/airflow/example_dags/example_latest_only_with_trigger.py took 0.088 seconds
[2026-05-30T10:38:31.740+0000] {processor.py:161} INFO - Started process (PID=2464) to work on /home/airflow/.local/lib/python3.8/site-packages/airflow/example_dags/example_latest_only_with_trigger.py
[2026-05-30T10:38:31.741+0000] {processor.py:830} INFO - Processing file /home/airflow/.local/lib/python3.8/site-packages/airflow/example_dags/example_latest_only_with_trigger.py for tasks to queue
[2026-05-30T10:38:31.743+0000] {logging_mixin.py:188} INFO - [2026-05-30T10:38:31.743+0000] {dagbag.py:540} INFO - Filling up the DagBag from /home/airflow/.local/lib/python3.8/site-packages/airflow/example_dags/example_latest_only_with_trigger.py
[2026-05-30T10:38:31.748+0000] {processor.py:840} INFO - DAG(s) 'latest_only_with_trigger' retrieved from /home/airflow/.local/lib/python3.8/site-packages/airflow/example_dags/example_latest_only_with_trigger.py
[2026-05-30T10:38:31.875+0000] {logging_mixin.py:188} INFO - [2026-05-30T10:38:31.874+0000] {dag.py:3047} INFO - Sync 1 DAGs
[2026-05-30T10:38:31.890+0000] {logging_mixin.py:188} INFO - [2026-05-30T10:38:31.890+0000] {dag.py:3834} INFO - Setting next_dagrun for latest_only_with_trigger to 2026-05-30 04:00:00+00:00, run_after=2026-05-30 08:00:00+00:00
[2026-05-30T10:38:31.905+0000] {processor.py:183} INFO - Processing /home/airflow/.local/lib/python3.8/site-packages/airflow/example_dags/example_latest_only_with_trigger.py took 0.168 seconds
[2026-05-30T10:39:02.716+0000] {processor.py:161} INFO - Started process (PID=2519) to work on /home/airflow/.local/lib/python3.8/site-packages/airflow/example_dags/example_latest_only_with_trigger.py
[2026-05-30T10:39:02.718+0000] {processor.py:830} INFO - Processing file /home/airflow/.local/lib/python3.8/site-packages/airflow/example_dags/example_latest_only_with_trigger.py for tasks to queue
[2026-05-30T10:39:02.720+0000] {logging_mixin.py:188} INFO - [2026-05-30T10:39:02.719+0000] {dagbag.py:540} INFO - Filling up the DagBag from /home/airflow/.local/lib/python3.8/site-packages/airflow/example_dags/example_latest_only_with_trigger.py
[2026-05-30T10:39:02.725+0000] {processor.py:840} INFO - DAG(s) 'latest_only_with_trigger' retrieved from /home/airflow/.local/lib/python3.8/site-packages/airflow/example_dags/example_latest_only_with_trigger.py
[2026-05-30T10:39:02.744+0000] {logging_mixin.py:188} INFO - [2026-05-30T10:39:02.744+0000] {dag.py:3047} INFO - Sync 1 DAGs
[2026-05-30T10:39:02.869+0000] {logging_mixin.py:188} INFO - [2026-05-30T10:39:02.869+0000] {dag.py:3834} INFO - Setting next_dagrun for latest_only_with_trigger to 2026-05-30 04:00:00+00:00, run_after=2026-05-30 08:00:00+00:00
[2026-05-30T10:39:02.887+0000] {processor.py:183} INFO - Processing /home/airflow/.local/lib/python3.8/site-packages/airflow/example_dags/example_latest_only_with_trigger.py took 0.174 seconds
[2026-05-30T10:39:32.940+0000] {processor.py:161} INFO - Started process (PID=2574) to work on /home/airflow/.local/lib/python3.8/site-packages/airflow/example_dags/example_latest_only_with_trigger.py
[2026-05-30T10:39:32.942+0000] {processor.py:830} INFO - Processing file /home/airflow/.local/lib/python3.8/site-packages/airflow/example_dags/example_latest_only_with_trigger.py for tasks to queue
[2026-05-30T10:39:32.945+0000] {logging_mixin.py:188} INFO - [2026-05-30T10:39:32.945+0000] {dagbag.py:540} INFO - Filling up the DagBag from /home/airflow/.local/lib/python3.8/site-packages/airflow/example_dags/example_latest_only_with_trigger.py
[2026-05-30T10:39:32.954+0000] {processor.py:840} INFO - DAG(s) 'latest_only_with_trigger' retrieved from /home/airflow/.local/lib/python3.8/site-packages/airflow/example_dags/example_latest_only_with_trigger.py
[2026-05-30T10:39:32.986+0000] {logging_mixin.py:188} INFO - [2026-05-30T10:39:32.985+0000] {dag.py:3047} INFO - Sync 1 DAGs
[2026-05-30T10:39:33.014+0000] {logging_mixin.py:188} INFO - [2026-05-30T10:39:33.013+0000] {dag.py:3834} INFO - Setting next_dagrun for latest_only_with_trigger to 2026-05-30 04:00:00+00:00, run_after=2026-05-30 08:00:00+00:00
[2026-05-30T10:39:33.043+0000] {processor.py:183} INFO - Processing /home/airflow/.local/lib/python3.8/site-packages/airflow/example_dags/example_latest_only_with_trigger.py took 0.108 seconds
[2026-05-30T10:40:03.288+0000] {processor.py:161} INFO - Started process (PID=2629) to work on /home/airflow/.local/lib/python3.8/site-packages/airflow/example_dags/example_latest_only_with_trigger.py
[2026-05-30T10:40:03.289+0000] {processor.py:830} INFO - Processing file /home/airflow/.local/lib/python3.8/site-packages/airflow/example_dags/example_latest_only_with_trigger.py for tasks to queue
[2026-05-30T10:40:03.291+0000] {logging_mixin.py:188} INFO - [2026-05-30T10:40:03.290+0000] {dagbag.py:540} INFO - Filling up the DagBag from /home/airflow/.local/lib/python3.8/site-packages/airflow/example_dags/example_latest_only_with_trigger.py
[2026-05-30T10:40:03.296+0000] {processor.py:840} INFO - DAG(s) 'latest_only_with_trigger' retrieved from /home/airflow/.local/lib/python3.8/site-packages/airflow/example_dags/example_latest_only_with_trigger.py
[2026-05-30T10:40:03.315+0000] {logging_mixin.py:188} INFO - [2026-05-30T10:40:03.315+0000] {dag.py:3047} INFO - Sync 1 DAGs
[2026-05-30T10:40:03.332+0000] {logging_mixin.py:188} INFO - [2026-05-30T10:40:03.332+0000] {dag.py:3834} INFO - Setting next_dagrun for latest_only_with_trigger to 2026-05-30 04:00:00+00:00, run_after=2026-05-30 08:00:00+00:00
[2026-05-30T10:40:03.351+0000] {processor.py:183} INFO - Processing /home/airflow/.local/lib/python3.8/site-packages/airflow/example_dags/example_latest_only_with_trigger.py took 0.066 seconds
[2026-05-30T10:40:33.651+0000] {processor.py:161} INFO - Started process (PID=2684) to work on /home/airflow/.local/lib/python3.8/site-packages/airflow/example_dags/example_latest_only_with_trigger.py
[2026-05-30T10:40:33.654+0000] {processor.py:830} INFO - Processing file /home/airflow/.local/lib/python3.8/site-packages/airflow/example_dags/example_latest_only_with_trigger.py for tasks to queue
[2026-05-30T10:40:33.657+0000] {logging_mixin.py:188} INFO - [2026-05-30T10:40:33.656+0000] {dagbag.py:540} INFO - Filling up the DagBag from /home/airflow/.local/lib/python3.8/site-packages/airflow/example_dags/example_latest_only_with_trigger.py
[2026-05-30T10:40:33.666+0000] {processor.py:840} INFO - DAG(s) 'latest_only_with_trigger' retrieved from /home/airflow/.local/lib/python3.8/site-packages/airflow/example_dags/example_latest_only_with_trigger.py
[2026-05-30T10:40:33.691+0000] {logging_mixin.py:188} INFO - [2026-05-30T10:40:33.691+0000] {dag.py:3047} INFO - Sync 1 DAGs
[2026-05-30T10:40:33.715+0000] {logging_mixin.py:188} INFO - [2026-05-30T10:40:33.715+0000] {dag.py:3834} INFO - Setting next_dagrun for latest_only_with_trigger to 2026-05-30 04:00:00+00:00, run_after=2026-05-30 08:00:00+00:00
[2026-05-30T10:40:33.745+0000] {processor.py:183} INFO - Processing /home/airflow/.local/lib/python3.8/site-packages/airflow/example_dags/example_latest_only_with_trigger.py took 0.098 seconds
[2026-05-30T10:41:03.813+0000] {processor.py:161} INFO - Started process (PID=2739) to work on /home/airflow/.local/lib/python3.8/site-packages/airflow/example_dags/example_latest_only_with_trigger.py
[2026-05-30T10:41:03.814+0000] {processor.py:830} INFO - Processing file /home/airflow/.local/lib/python3.8/site-packages/airflow/example_dags/example_latest_only_with_trigger.py for tasks to queue
[2026-05-30T10:41:03.817+0000] {logging_mixin.py:188} INFO - [2026-05-30T10:41:03.816+0000] {dagbag.py:540} INFO - Filling up the DagBag from /home/airflow/.local/lib/python3.8/site-packages/airflow/example_dags/example_latest_only_with_trigger.py
[2026-05-30T10:41:03.824+0000] {processor.py:840} INFO - DAG(s) 'latest_only_with_trigger' retrieved from /home/airflow/.local/lib/python3.8/site-packages/airflow/example_dags/example_latest_only_with_trigger.py
[2026-05-30T10:41:03.852+0000] {logging_mixin.py:188} INFO - [2026-05-30T10:41:03.851+0000] {dag.py:3047} INFO - Sync 1 DAGs
[2026-05-30T10:41:03.887+0000] {logging_mixin.py:188} INFO - [2026-05-30T10:41:03.887+0000] {dag.py:3834} INFO - Setting next_dagrun for latest_only_with_trigger to 2026-05-30 04:00:00+00:00, run_after=2026-05-30 08:00:00+00:00
[2026-05-30T10:41:03.920+0000] {processor.py:183} INFO - Processing /home/airflow/.local/lib/python3.8/site-packages/airflow/example_dags/example_latest_only_with_trigger.py took 0.111 seconds
[2026-05-30T10:41:34.758+0000] {processor.py:161} INFO - Started process (PID=2794) to work on /home/airflow/.local/lib/python3.8/site-packages/airflow/example_dags/example_latest_only_with_trigger.py
[2026-05-30T10:41:34.759+0000] {processor.py:830} INFO - Processing file /home/airflow/.local/lib/python3.8/site-packages/airflow/example_dags/example_latest_only_with_trigger.py for tasks to queue
[2026-05-30T10:41:34.761+0000] {logging_mixin.py:188} INFO - [2026-05-30T10:41:34.761+0000] {dagbag.py:540} INFO - Filling up the DagBag from /home/airflow/.local/lib/python3.8/site-packages/airflow/example_dags/example_latest_only_with_trigger.py
[2026-05-30T10:41:34.766+0000] {processor.py:840} INFO - DAG(s) 'latest_only_with_trigger' retrieved from /home/airflow/.local/lib/python3.8/site-packages/airflow/example_dags/example_latest_only_with_trigger.py
[2026-05-30T10:41:34.787+0000] {logging_mixin.py:188} INFO - [2026-05-30T10:41:34.787+0000] {dag.py:3047} INFO - Sync 1 DAGs
[2026-05-30T10:41:34.806+0000] {logging_mixin.py:188} INFO - [2026-05-30T10:41:34.806+0000] {dag.py:3834} INFO - Setting next_dagrun for latest_only_with_trigger to 2026-05-30 04:00:00+00:00, run_after=2026-05-30 08:00:00+00:00
[2026-05-30T10:41:34.828+0000] {processor.py:183} INFO - Processing /home/airflow/.local/lib/python3.8/site-packages/airflow/example_dags/example_latest_only_with_trigger.py took 0.074 seconds
[2026-05-30T10:42:05.833+0000] {processor.py:161} INFO - Started process (PID=2855) to work on /home/airflow/.local/lib/python3.8/site-packages/airflow/example_dags/example_latest_only_with_trigger.py
[2026-05-30T10:42:05.834+0000] {processor.py:830} INFO - Processing file /home/airflow/.local/lib/python3.8/site-packages/airflow/example_dags/example_latest_only_with_trigger.py for tasks to queue
[2026-05-30T10:42:05.836+0000] {logging_mixin.py:188} INFO - [2026-05-30T10:42:05.836+0000] {dagbag.py:540} INFO - Filling up the DagBag from /home/airflow/.local/lib/python3.8/site-packages/airflow/example_dags/example_latest_only_with_trigger.py
[2026-05-30T10:42:05.840+0000] {processor.py:840} INFO - DAG(s) 'latest_only_with_trigger' retrieved from /home/airflow/.local/lib/python3.8/site-packages/airflow/example_dags/example_latest_only_with_trigger.py
[2026-05-30T10:42:05.859+0000] {logging_mixin.py:188} INFO - [2026-05-30T10:42:05.858+0000] {dag.py:3047} INFO - Sync 1 DAGs
[2026-05-30T10:42:05.876+0000] {logging_mixin.py:188} INFO - [2026-05-30T10:42:05.875+0000] {dag.py:3834} INFO - Setting next_dagrun for latest_only_with_trigger to 2026-05-30 04:00:00+00:00, run_after=2026-05-30 08:00:00+00:00
[2026-05-30T10:42:05.892+0000] {processor.py:183} INFO - Processing /home/airflow/.local/lib/python3.8/site-packages/airflow/example_dags/example_latest_only_with_trigger.py took 0.062 seconds
[2026-05-30T10:42:36.142+0000] {processor.py:161} INFO - Started process (PID=2910) to work on /home/airflow/.local/lib/python3.8/site-packages/airflow/example_dags/example_latest_only_with_trigger.py
[2026-05-30T10:42:36.143+0000] {processor.py:830} INFO - Processing file /home/airflow/.local/lib/python3.8/site-packages/airflow/example_dags/example_latest_only_with_trigger.py for tasks to queue
[2026-05-30T10:42:36.146+0000] {logging_mixin.py:188} INFO - [2026-05-30T10:42:36.146+0000] {dagbag.py:540} INFO - Filling up the DagBag from /home/airflow/.local/lib/python3.8/site-packages/airflow/example_dags/example_latest_only_with_trigger.py
[2026-05-30T10:42:36.152+0000] {processor.py:840} INFO - DAG(s) 'latest_only_with_trigger' retrieved from /home/airflow/.local/lib/python3.8/site-packages/airflow/example_dags/example_latest_only_with_trigger.py
[2026-05-30T10:42:36.172+0000] {logging_mixin.py:188} INFO - [2026-05-30T10:42:36.172+0000] {dag.py:3047} INFO - Sync 1 DAGs
[2026-05-30T10:42:36.192+0000] {logging_mixin.py:188} INFO - [2026-05-30T10:42:36.192+0000] {dag.py:3834} INFO - Setting next_dagrun for latest_only_with_trigger to 2026-05-30 04:00:00+00:00, run_after=2026-05-30 08:00:00+00:00
[2026-05-30T10:42:36.214+0000] {processor.py:183} INFO - Processing /home/airflow/.local/lib/python3.8/site-packages/airflow/example_dags/example_latest_only_with_trigger.py took 0.075 seconds
[2026-05-30T10:43:07.058+0000] {processor.py:161} INFO - Started process (PID=2965) to work on /home/airflow/.local/lib/python3.8/site-packages/airflow/example_dags/example_latest_only_with_trigger.py
[2026-05-30T10:43:07.059+0000] {processor.py:830} INFO - Processing file /home/airflow/.local/lib/python3.8/site-packages/airflow/example_dags/example_latest_only_with_trigger.py for tasks to queue
[2026-05-30T10:43:07.062+0000] {logging_mixin.py:188} INFO - [2026-05-30T10:43:07.061+0000] {dagbag.py:540} INFO - Filling up the DagBag from /home/airflow/.local/lib/python3.8/site-packages/airflow/example_dags/example_latest_only_with_trigger.py
[2026-05-30T10:43:07.069+0000] {processor.py:840} INFO - DAG(s) 'latest_only_with_trigger' retrieved from /home/airflow/.local/lib/python3.8/site-packages/airflow/example_dags/example_latest_only_with_trigger.py
[2026-05-30T10:43:07.097+0000] {logging_mixin.py:188} INFO - [2026-05-30T10:43:07.096+0000] {dag.py:3047} INFO - Sync 1 DAGs
[2026-05-30T10:43:07.126+0000] {logging_mixin.py:188} INFO - [2026-05-30T10:43:07.126+0000] {dag.py:3834} INFO - Setting next_dagrun for latest_only_with_trigger to 2026-05-30 04:00:00+00:00, run_after=2026-05-30 08:00:00+00:00
[2026-05-30T10:43:07.153+0000] {processor.py:183} INFO - Processing /home/airflow/.local/lib/python3.8/site-packages/airflow/example_dags/example_latest_only_with_trigger.py took 0.099 seconds
[2026-05-30T10:43:38.730+0000] {processor.py:161} INFO - Started process (PID=3019) to work on /home/airflow/.local/lib/python3.8/site-packages/airflow/example_dags/example_latest_only_with_trigger.py
[2026-05-30T10:43:38.731+0000] {processor.py:830} INFO - Processing file /home/airflow/.local/lib/python3.8/site-packages/airflow/example_dags/example_latest_only_with_trigger.py for tasks to queue
[2026-05-30T10:43:38.733+0000] {logging_mixin.py:188} INFO - [2026-05-30T10:43:38.732+0000] {dagbag.py:540} INFO - Filling up the DagBag from /home/airflow/.local/lib/python3.8/site-packages/airflow/example_dags/example_latest_only_with_trigger.py
[2026-05-30T10:43:38.737+0000] {processor.py:840} INFO - DAG(s) 'latest_only_with_trigger' retrieved from /home/airflow/.local/lib/python3.8/site-packages/airflow/example_dags/example_latest_only_with_trigger.py
[2026-05-30T10:43:38.759+0000] {logging_mixin.py:188} INFO - [2026-05-30T10:43:38.759+0000] {dag.py:3047} INFO - Sync 1 DAGs
[2026-05-30T10:43:38.778+0000] {logging_mixin.py:188} INFO - [2026-05-30T10:43:38.778+0000] {dag.py:3834} INFO - Setting next_dagrun for latest_only_with_trigger to 2026-05-30 04:00:00+00:00, run_after=2026-05-30 08:00:00+00:00
[2026-05-30T10:43:38.801+0000] {processor.py:183} INFO - Processing /home/airflow/.local/lib/python3.8/site-packages/airflow/example_dags/example_latest_only_with_trigger.py took 0.074 seconds
[2026-05-30T10:44:09.676+0000] {processor.py:161} INFO - Started process (PID=3075) to work on /home/airflow/.local/lib/python3.8/site-packages/airflow/example_dags/example_latest_only_with_trigger.py
[2026-05-30T10:44:09.677+0000] {processor.py:830} INFO - Processing file /home/airflow/.local/lib/python3.8/site-packages/airflow/example_dags/example_latest_only_with_trigger.py for tasks to queue
[2026-05-30T10:44:09.678+0000] {logging_mixin.py:188} INFO - [2026-05-30T10:44:09.678+0000] {dagbag.py:540} INFO - Filling up the DagBag from /home/airflow/.local/lib/python3.8/site-packages/airflow/example_dags/example_latest_only_with_trigger.py
[2026-05-30T10:44:09.683+0000] {processor.py:840} INFO - DAG(s) 'latest_only_with_trigger' retrieved from /home/airflow/.local/lib/python3.8/site-packages/airflow/example_dags/example_latest_only_with_trigger.py
[2026-05-30T10:44:09.703+0000] {logging_mixin.py:188} INFO - [2026-05-30T10:44:09.703+0000] {dag.py:3047} INFO - Sync 1 DAGs
[2026-05-30T10:44:09.721+0000] {logging_mixin.py:188} INFO - [2026-05-30T10:44:09.721+0000] {dag.py:3834} INFO - Setting next_dagrun for latest_only_with_trigger to 2026-05-30 04:00:00+00:00, run_after=2026-05-30 08:00:00+00:00
[2026-05-30T10:44:09.744+0000] {processor.py:183} INFO - Processing /home/airflow/.local/lib/python3.8/site-packages/airflow/example_dags/example_latest_only_with_trigger.py took 0.071 seconds
[2026-05-30T10:44:40.513+0000] {processor.py:161} INFO - Started process (PID=3130) to work on /home/airflow/.local/lib/python3.8/site-packages/airflow/example_dags/example_latest_only_with_trigger.py
[2026-05-30T10:44:40.518+0000] {processor.py:830} INFO - Processing file /home/airflow/.local/lib/python3.8/site-packages/airflow/example_dags/example_latest_only_with_trigger.py for tasks to queue
[2026-05-30T10:44:40.521+0000] {logging_mixin.py:188} INFO - [2026-05-30T10:44:40.520+0000] {dagbag.py:540} INFO - Filling up the DagBag from /home/airflow/.local/lib/python3.8/site-packages/airflow/example_dags/example_latest_only_with_trigger.py
[2026-05-30T10:44:40.533+0000] {processor.py:840} INFO - DAG(s) 'latest_only_with_trigger' retrieved from /home/airflow/.local/lib/python3.8/site-packages/airflow/example_dags/example_latest_only_with_trigger.py
[2026-05-30T10:44:40.573+0000] {logging_mixin.py:188} INFO - [2026-05-30T10:44:40.572+0000] {dag.py:3047} INFO - Sync 1 DAGs
[2026-05-30T10:44:40.623+0000] {logging_mixin.py:188} INFO - [2026-05-30T10:44:40.623+0000] {dag.py:3834} INFO - Setting next_dagrun for latest_only_with_trigger to 2026-05-30 04:00:00+00:00, run_after=2026-05-30 08:00:00+00:00
[2026-05-30T10:44:40.671+0000] {processor.py:183} INFO - Processing /home/airflow/.local/lib/python3.8/site-packages/airflow/example_dags/example_latest_only_with_trigger.py took 0.165 seconds
[2026-05-30T10:45:10.753+0000] {processor.py:161} INFO - Started process (PID=3186) to work on /home/airflow/.local/lib/python3.8/site-packages/airflow/example_dags/example_latest_only_with_trigger.py
[2026-05-30T10:45:10.756+0000] {processor.py:830} INFO - Processing file /home/airflow/.local/lib/python3.8/site-packages/airflow/example_dags/example_latest_only_with_trigger.py for tasks to queue
[2026-05-30T10:45:10.761+0000] {logging_mixin.py:188} INFO - [2026-05-30T10:45:10.761+0000] {dagbag.py:540} INFO - Filling up the DagBag from /home/airflow/.local/lib/python3.8/site-packages/airflow/example_dags/example_latest_only_with_trigger.py
[2026-05-30T10:45:10.767+0000] {processor.py:840} INFO - DAG(s) 'latest_only_with_trigger' retrieved from /home/airflow/.local/lib/python3.8/site-packages/airflow/example_dags/example_latest_only_with_trigger.py
[2026-05-30T10:45:10.793+0000] {logging_mixin.py:188} INFO - [2026-05-30T10:45:10.792+0000] {dag.py:3047} INFO - Sync 1 DAGs
[2026-05-30T10:45:10.820+0000] {logging_mixin.py:188} INFO - [2026-05-30T10:45:10.820+0000] {dag.py:3834} INFO - Setting next_dagrun for latest_only_with_trigger to 2026-05-30 04:00:00+00:00, run_after=2026-05-30 08:00:00+00:00
[2026-05-30T10:45:10.867+0000] {processor.py:183} INFO - Processing /home/airflow/.local/lib/python3.8/site-packages/airflow/example_dags/example_latest_only_with_trigger.py took 0.118 seconds
[2026-05-30T10:45:41.081+0000] {processor.py:161} INFO - Started process (PID=3241) to work on /home/airflow/.local/lib/python3.8/site-packages/airflow/example_dags/example_latest_only_with_trigger.py
[2026-05-30T10:45:41.082+0000] {processor.py:830} INFO - Processing file /home/airflow/.local/lib/python3.8/site-packages/airflow/example_dags/example_latest_only_with_trigger.py for tasks to queue
[2026-05-30T10:45:41.085+0000] {logging_mixin.py:188} INFO - [2026-05-30T10:45:41.084+0000] {dagbag.py:540} INFO - Filling up the DagBag from /home/airflow/.local/lib/python3.8/site-packages/airflow/example_dags/example_latest_only_with_trigger.py
[2026-05-30T10:45:41.091+0000] {processor.py:840} INFO - DAG(s) 'latest_only_with_trigger' retrieved from /home/airflow/.local/lib/python3.8/site-packages/airflow/example_dags/example_latest_only_with_trigger.py
[2026-05-30T10:45:41.115+0000] {logging_mixin.py:188} INFO - [2026-05-30T10:45:41.114+0000] {dag.py:3047} INFO - Sync 1 DAGs
[2026-05-30T10:45:41.143+0000] {logging_mixin.py:188} INFO - [2026-05-30T10:45:41.142+0000] {dag.py:3834} INFO - Setting next_dagrun for latest_only_with_trigger to 2026-05-30 04:00:00+00:00, run_after=2026-05-30 08:00:00+00:00
[2026-05-30T10:45:41.174+0000] {processor.py:183} INFO - Processing /home/airflow/.local/lib/python3.8/site-packages/airflow/example_dags/example_latest_only_with_trigger.py took 0.095 seconds
[2026-05-30T10:46:11.413+0000] {processor.py:161} INFO - Started process (PID=3296) to work on /home/airflow/.local/lib/python3.8/site-packages/airflow/example_dags/example_latest_only_with_trigger.py
[2026-05-30T10:46:11.416+0000] {processor.py:830} INFO - Processing file /home/airflow/.local/lib/python3.8/site-packages/airflow/example_dags/example_latest_only_with_trigger.py for tasks to queue
[2026-05-30T10:46:11.418+0000] {logging_mixin.py:188} INFO - [2026-05-30T10:46:11.418+0000] {dagbag.py:540} INFO - Filling up the DagBag from /home/airflow/.local/lib/python3.8/site-packages/airflow/example_dags/example_latest_only_with_trigger.py
[2026-05-30T10:46:11.425+0000] {processor.py:840} INFO - DAG(s) 'latest_only_with_trigger' retrieved from /home/airflow/.local/lib/python3.8/site-packages/airflow/example_dags/example_latest_only_with_trigger.py
[2026-05-30T10:46:11.450+0000] {logging_mixin.py:188} INFO - [2026-05-30T10:46:11.449+0000] {dag.py:3047} INFO - Sync 1 DAGs
[2026-05-30T10:46:11.472+0000] {logging_mixin.py:188} INFO - [2026-05-30T10:46:11.472+0000] {dag.py:3834} INFO - Setting next_dagrun for latest_only_with_trigger to 2026-05-30 04:00:00+00:00, run_after=2026-05-30 08:00:00+00:00
[2026-05-30T10:46:11.504+0000] {processor.py:183} INFO - Processing /home/airflow/.local/lib/python3.8/site-packages/airflow/example_dags/example_latest_only_with_trigger.py took 0.095 seconds
[2026-05-30T10:46:41.712+0000] {processor.py:161} INFO - Started process (PID=3351) to work on /home/airflow/.local/lib/python3.8/site-packages/airflow/example_dags/example_latest_only_with_trigger.py
[2026-05-30T10:46:41.714+0000] {processor.py:830} INFO - Processing file /home/airflow/.local/lib/python3.8/site-packages/airflow/example_dags/example_latest_only_with_trigger.py for tasks to queue
[2026-05-30T10:46:41.715+0000] {logging_mixin.py:188} INFO - [2026-05-30T10:46:41.715+0000] {dagbag.py:540} INFO - Filling up the DagBag from /home/airflow/.local/lib/python3.8/site-packages/airflow/example_dags/example_latest_only_with_trigger.py
[2026-05-30T10:46:41.722+0000] {processor.py:840} INFO - DAG(s) 'latest_only_with_trigger' retrieved from /home/airflow/.local/lib/python3.8/site-packages/airflow/example_dags/example_latest_only_with_trigger.py
[2026-05-30T10:46:41.746+0000] {logging_mixin.py:188} INFO - [2026-05-30T10:46:41.746+0000] {dag.py:3047} INFO - Sync 1 DAGs
[2026-05-30T10:46:41.767+0000] {logging_mixin.py:188} INFO - [2026-05-30T10:46:41.767+0000] {dag.py:3834} INFO - Setting next_dagrun for latest_only_with_trigger to 2026-05-30 04:00:00+00:00, run_after=2026-05-30 08:00:00+00:00
[2026-05-30T10:46:41.796+0000] {processor.py:183} INFO - Processing /home/airflow/.local/lib/python3.8/site-packages/airflow/example_dags/example_latest_only_with_trigger.py took 0.086 seconds
[2026-05-30T10:47:11.974+0000] {processor.py:161} INFO - Started process (PID=3406) to work on /home/airflow/.local/lib/python3.8/site-packages/airflow/example_dags/example_latest_only_with_trigger.py
[2026-05-30T10:47:11.975+0000] {processor.py:830} INFO - Processing file /home/airflow/.local/lib/python3.8/site-packages/airflow/example_dags/example_latest_only_with_trigger.py for tasks to queue
[2026-05-30T10:47:11.977+0000] {logging_mixin.py:188} INFO - [2026-05-30T10:47:11.977+0000] {dagbag.py:540} INFO - Filling up the DagBag from /home/airflow/.local/lib/python3.8/site-packages/airflow/example_dags/example_latest_only_with_trigger.py
[2026-05-30T10:47:11.982+0000] {processor.py:840} INFO - DAG(s) 'latest_only_with_trigger' retrieved from /home/airflow/.local/lib/python3.8/site-packages/airflow/example_dags/example_latest_only_with_trigger.py
[2026-05-30T10:47:12.004+0000] {logging_mixin.py:188} INFO - [2026-05-30T10:47:12.004+0000] {dag.py:3047} INFO - Sync 1 DAGs
[2026-05-30T10:47:12.025+0000] {logging_mixin.py:188} INFO - [2026-05-30T10:47:12.025+0000] {dag.py:3834} INFO - Setting next_dagrun for latest_only_with_trigger to 2026-05-30 04:00:00+00:00, run_after=2026-05-30 08:00:00+00:00
[2026-05-30T10:47:12.055+0000] {processor.py:183} INFO - Processing /home/airflow/.local/lib/python3.8/site-packages/airflow/example_dags/example_latest_only_with_trigger.py took 0.085 seconds
[2026-05-30T10:47:42.180+0000] {processor.py:161} INFO - Started process (PID=3461) to work on /home/airflow/.local/lib/python3.8/site-packages/airflow/example_dags/example_latest_only_with_trigger.py
[2026-05-30T10:47:42.182+0000] {processor.py:830} INFO - Processing file /home/airflow/.local/lib/python3.8/site-packages/airflow/example_dags/example_latest_only_with_trigger.py for tasks to queue
[2026-05-30T10:47:42.184+0000] {logging_mixin.py:188} INFO - [2026-05-30T10:47:42.184+0000] {dagbag.py:540} INFO - Filling up the DagBag from /home/airflow/.local/lib/python3.8/site-packages/airflow/example_dags/example_latest_only_with_trigger.py
[2026-05-30T10:47:42.189+0000] {processor.py:840} INFO - DAG(s) 'latest_only_with_trigger' retrieved from /home/airflow/.local/lib/python3.8/site-packages/airflow/example_dags/example_latest_only_with_trigger.py
[2026-05-30T10:47:42.209+0000] {logging_mixin.py:188} INFO - [2026-05-30T10:47:42.209+0000] {dag.py:3047} INFO - Sync 1 DAGs
[2026-05-30T10:47:42.231+0000] {logging_mixin.py:188} INFO - [2026-05-30T10:47:42.230+0000] {dag.py:3834} INFO - Setting next_dagrun for latest_only_with_trigger to 2026-05-30 04:00:00+00:00, run_after=2026-05-30 08:00:00+00:00
[2026-05-30T10:47:42.276+0000] {processor.py:183} INFO - Processing /home/airflow/.local/lib/python3.8/site-packages/airflow/example_dags/example_latest_only_with_trigger.py took 0.098 seconds
[2026-05-30T10:48:12.421+0000] {processor.py:161} INFO - Started process (PID=3516) to work on /home/airflow/.local/lib/python3.8/site-packages/airflow/example_dags/example_latest_only_with_trigger.py
[2026-05-30T10:48:12.423+0000] {processor.py:830} INFO - Processing file /home/airflow/.local/lib/python3.8/site-packages/airflow/example_dags/example_latest_only_with_trigger.py for tasks to queue
[2026-05-30T10:48:12.425+0000] {logging_mixin.py:188} INFO - [2026-05-30T10:48:12.424+0000] {dagbag.py:540} INFO - Filling up the DagBag from /home/airflow/.local/lib/python3.8/site-packages/airflow/example_dags/example_latest_only_with_trigger.py
[2026-05-30T10:48:12.429+0000] {processor.py:840} INFO - DAG(s) 'latest_only_with_trigger' retrieved from /home/airflow/.local/lib/python3.8/site-packages/airflow/example_dags/example_latest_only_with_trigger.py
[2026-05-30T10:48:12.450+0000] {logging_mixin.py:188} INFO - [2026-05-30T10:48:12.450+0000] {dag.py:3047} INFO - Sync 1 DAGs
[2026-05-30T10:48:12.468+0000] {logging_mixin.py:188} INFO - [2026-05-30T10:48:12.468+0000] {dag.py:3834} INFO - Setting next_dagrun for latest_only_with_trigger to 2026-05-30 04:00:00+00:00, run_after=2026-05-30 08:00:00+00:00
[2026-05-30T10:48:12.512+0000] {processor.py:183} INFO - Processing /home/airflow/.local/lib/python3.8/site-packages/airflow/example_dags/example_latest_only_with_trigger.py took 0.093 seconds
[2026-05-30T10:48:42.779+0000] {processor.py:161} INFO - Started process (PID=3571) to work on /home/airflow/.local/lib/python3.8/site-packages/airflow/example_dags/example_latest_only_with_trigger.py
[2026-05-30T10:48:42.780+0000] {processor.py:830} INFO - Processing file /home/airflow/.local/lib/python3.8/site-packages/airflow/example_dags/example_latest_only_with_trigger.py for tasks to queue
[2026-05-30T10:48:42.782+0000] {logging_mixin.py:188} INFO - [2026-05-30T10:48:42.782+0000] {dagbag.py:540} INFO - Filling up the DagBag from /home/airflow/.local/lib/python3.8/site-packages/airflow/example_dags/example_latest_only_with_trigger.py
[2026-05-30T10:48:42.787+0000] {processor.py:840} INFO - DAG(s) 'latest_only_with_trigger' retrieved from /home/airflow/.local/lib/python3.8/site-packages/airflow/example_dags/example_latest_only_with_trigger.py
[2026-05-30T10:48:42.810+0000] {logging_mixin.py:188} INFO - [2026-05-30T10:48:42.809+0000] {dag.py:3047} INFO - Sync 1 DAGs
[2026-05-30T10:48:42.833+0000] {logging_mixin.py:188} INFO - [2026-05-30T10:48:42.833+0000] {dag.py:3834} INFO - Setting next_dagrun for latest_only_with_trigger to 2026-05-30 04:00:00+00:00, run_after=2026-05-30 08:00:00+00:00
[2026-05-30T10:48:42.862+0000] {processor.py:183} INFO - Processing /home/airflow/.local/lib/python3.8/site-packages/airflow/example_dags/example_latest_only_with_trigger.py took 0.086 seconds
[2026-05-30T10:49:13.619+0000] {processor.py:161} INFO - Started process (PID=3626) to work on /home/airflow/.local/lib/python3.8/site-packages/airflow/example_dags/example_latest_only_with_trigger.py
[2026-05-30T10:49:13.622+0000] {processor.py:830} INFO - Processing file /home/airflow/.local/lib/python3.8/site-packages/airflow/example_dags/example_latest_only_with_trigger.py for tasks to queue
[2026-05-30T10:49:13.630+0000] {logging_mixin.py:188} INFO - [2026-05-30T10:49:13.630+0000] {dagbag.py:540} INFO - Filling up the DagBag from /home/airflow/.local/lib/python3.8/site-packages/airflow/example_dags/example_latest_only_with_trigger.py
[2026-05-30T10:49:13.641+0000] {processor.py:840} INFO - DAG(s) 'latest_only_with_trigger' retrieved from /home/airflow/.local/lib/python3.8/site-packages/airflow/example_dags/example_latest_only_with_trigger.py
[2026-05-30T10:49:13.660+0000] {logging_mixin.py:188} INFO - [2026-05-30T10:49:13.660+0000] {dag.py:3047} INFO - Sync 1 DAGs
[2026-05-30T10:49:13.678+0000] {logging_mixin.py:188} INFO - [2026-05-30T10:49:13.678+0000] {dag.py:3834} INFO - Setting next_dagrun for latest_only_with_trigger to 2026-05-30 04:00:00+00:00, run_after=2026-05-30 08:00:00+00:00
[2026-05-30T10:49:13.702+0000] {processor.py:183} INFO - Processing /home/airflow/.local/lib/python3.8/site-packages/airflow/example_dags/example_latest_only_with_trigger.py took 0.085 seconds
[2026-05-30T10:49:43.934+0000] {processor.py:161} INFO - Started process (PID=3681) to work on /home/airflow/.local/lib/python3.8/site-packages/airflow/example_dags/example_latest_only_with_trigger.py
[2026-05-30T10:49:43.936+0000] {processor.py:830} INFO - Processing file /home/airflow/.local/lib/python3.8/site-packages/airflow/example_dags/example_latest_only_with_trigger.py for tasks to queue
[2026-05-30T10:49:43.938+0000] {logging_mixin.py:188} INFO - [2026-05-30T10:49:43.938+0000] {dagbag.py:540} INFO - Filling up the DagBag from /home/airflow/.local/lib/python3.8/site-packages/airflow/example_dags/example_latest_only_with_trigger.py
[2026-05-30T10:49:43.943+0000] {processor.py:840} INFO - DAG(s) 'latest_only_with_trigger' retrieved from /home/airflow/.local/lib/python3.8/site-packages/airflow/example_dags/example_latest_only_with_trigger.py
[2026-05-30T10:49:43.963+0000] {logging_mixin.py:188} INFO - [2026-05-30T10:49:43.962+0000] {dag.py:3047} INFO - Sync 1 DAGs
[2026-05-30T10:49:43.981+0000] {logging_mixin.py:188} INFO - [2026-05-30T10:49:43.981+0000] {dag.py:3834} INFO - Setting next_dagrun for latest_only_with_trigger to 2026-05-30 04:00:00+00:00, run_after=2026-05-30 08:00:00+00:00
[2026-05-30T10:49:44.000+0000] {processor.py:183} INFO - Processing /home/airflow/.local/lib/python3.8/site-packages/airflow/example_dags/example_latest_only_with_trigger.py took 0.069 seconds
[2026-05-30T10:50:14.656+0000] {processor.py:161} INFO - Started process (PID=3736) to work on /home/airflow/.local/lib/python3.8/site-packages/airflow/example_dags/example_latest_only_with_trigger.py
[2026-05-30T10:50:14.658+0000] {processor.py:830} INFO - Processing file /home/airflow/.local/lib/python3.8/site-packages/airflow/example_dags/example_latest_only_with_trigger.py for tasks to queue
[2026-05-30T10:50:14.659+0000] {logging_mixin.py:188} INFO - [2026-05-30T10:50:14.659+0000] {dagbag.py:540} INFO - Filling up the DagBag from /home/airflow/.local/lib/python3.8/site-packages/airflow/example_dags/example_latest_only_with_trigger.py
[2026-05-30T10:50:14.664+0000] {processor.py:840} INFO - DAG(s) 'latest_only_with_trigger' retrieved from /home/airflow/.local/lib/python3.8/site-packages/airflow/example_dags/example_latest_only_with_trigger.py
[2026-05-30T10:50:14.684+0000] {logging_mixin.py:188} INFO - [2026-05-30T10:50:14.684+0000] {dag.py:3047} INFO - Sync 1 DAGs
[2026-05-30T10:50:14.702+0000] {logging_mixin.py:188} INFO - [2026-05-30T10:50:14.702+0000] {dag.py:3834} INFO - Setting next_dagrun for latest_only_with_trigger to 2026-05-30 04:00:00+00:00, run_after=2026-05-30 08:00:00+00:00
[2026-05-30T10:50:14.723+0000] {processor.py:183} INFO - Processing /home/airflow/.local/lib/python3.8/site-packages/airflow/example_dags/example_latest_only_with_trigger.py took 0.069 seconds
[2026-05-30T10:50:45.431+0000] {processor.py:161} INFO - Started process (PID=3791) to work on /home/airflow/.local/lib/python3.8/site-packages/airflow/example_dags/example_latest_only_with_trigger.py
[2026-05-30T10:50:45.432+0000] {processor.py:830} INFO - Processing file /home/airflow/.local/lib/python3.8/site-packages/airflow/example_dags/example_latest_only_with_trigger.py for tasks to queue
[2026-05-30T10:50:45.434+0000] {logging_mixin.py:188} INFO - [2026-05-30T10:50:45.434+0000] {dagbag.py:540} INFO - Filling up the DagBag from /home/airflow/.local/lib/python3.8/site-packages/airflow/example_dags/example_latest_only_with_trigger.py
[2026-05-30T10:50:45.439+0000] {processor.py:840} INFO - DAG(s) 'latest_only_with_trigger' retrieved from /home/airflow/.local/lib/python3.8/site-packages/airflow/example_dags/example_latest_only_with_trigger.py
[2026-05-30T10:50:45.459+0000] {logging_mixin.py:188} INFO - [2026-05-30T10:50:45.459+0000] {dag.py:3047} INFO - Sync 1 DAGs
[2026-05-30T10:50:45.476+0000] {logging_mixin.py:188} INFO - [2026-05-30T10:50:45.476+0000] {dag.py:3834} INFO - Setting next_dagrun for latest_only_with_trigger to 2026-05-30 04:00:00+00:00, run_after=2026-05-30 08:00:00+00:00
[2026-05-30T10:50:45.497+0000] {processor.py:183} INFO - Processing /home/airflow/.local/lib/python3.8/site-packages/airflow/example_dags/example_latest_only_with_trigger.py took 0.069 seconds
[2026-05-30T10:51:15.539+0000] {processor.py:161} INFO - Started process (PID=3846) to work on /home/airflow/.local/lib/python3.8/site-packages/airflow/example_dags/example_latest_only_with_trigger.py
[2026-05-30T10:51:15.541+0000] {processor.py:830} INFO - Processing file /home/airflow/.local/lib/python3.8/site-packages/airflow/example_dags/example_latest_only_with_trigger.py for tasks to queue
[2026-05-30T10:51:15.542+0000] {logging_mixin.py:188} INFO - [2026-05-30T10:51:15.542+0000] {dagbag.py:540} INFO - Filling up the DagBag from /home/airflow/.local/lib/python3.8/site-packages/airflow/example_dags/example_latest_only_with_trigger.py
[2026-05-30T10:51:15.548+0000] {processor.py:840} INFO - DAG(s) 'latest_only_with_trigger' retrieved from /home/airflow/.local/lib/python3.8/site-packages/airflow/example_dags/example_latest_only_with_trigger.py
[2026-05-30T10:51:15.574+0000] {logging_mixin.py:188} INFO - [2026-05-30T10:51:15.573+0000] {dag.py:3047} INFO - Sync 1 DAGs
[2026-05-30T10:51:15.591+0000] {logging_mixin.py:188} INFO - [2026-05-30T10:51:15.591+0000] {dag.py:3834} INFO - Setting next_dagrun for latest_only_with_trigger to 2026-05-30 04:00:00+00:00, run_after=2026-05-30 08:00:00+00:00
[2026-05-30T10:51:15.610+0000] {processor.py:183} INFO - Processing /home/airflow/.local/lib/python3.8/site-packages/airflow/example_dags/example_latest_only_with_trigger.py took 0.074 seconds
[2026-05-30T10:51:46.327+0000] {processor.py:161} INFO - Started process (PID=3899) to work on /home/airflow/.local/lib/python3.8/site-packages/airflow/example_dags/example_latest_only_with_trigger.py
[2026-05-30T10:51:46.329+0000] {processor.py:830} INFO - Processing file /home/airflow/.local/lib/python3.8/site-packages/airflow/example_dags/example_latest_only_with_trigger.py for tasks to queue
[2026-05-30T10:51:46.333+0000] {logging_mixin.py:188} INFO - [2026-05-30T10:51:46.332+0000] {dagbag.py:540} INFO - Filling up the DagBag from /home/airflow/.local/lib/python3.8/site-packages/airflow/example_dags/example_latest_only_with_trigger.py
[2026-05-30T10:51:46.342+0000] {processor.py:840} INFO - DAG(s) 'latest_only_with_trigger' retrieved from /home/airflow/.local/lib/python3.8/site-packages/airflow/example_dags/example_latest_only_with_trigger.py
[2026-05-30T10:51:46.385+0000] {logging_mixin.py:188} INFO - [2026-05-30T10:51:46.384+0000] {dag.py:3047} INFO - Sync 1 DAGs
[2026-05-30T10:51:46.420+0000] {logging_mixin.py:188} INFO - [2026-05-30T10:51:46.420+0000] {dag.py:3834} INFO - Setting next_dagrun for latest_only_with_trigger to 2026-05-30 04:00:00+00:00, run_after=2026-05-30 08:00:00+00:00
[2026-05-30T10:51:46.463+0000] {processor.py:183} INFO - Processing /home/airflow/.local/lib/python3.8/site-packages/airflow/example_dags/example_latest_only_with_trigger.py took 0.140 seconds
[2026-05-30T10:52:16.585+0000] {processor.py:161} INFO - Started process (PID=3954) to work on /home/airflow/.local/lib/python3.8/site-packages/airflow/example_dags/example_latest_only_with_trigger.py
[2026-05-30T10:52:16.586+0000] {processor.py:830} INFO - Processing file /home/airflow/.local/lib/python3.8/site-packages/airflow/example_dags/example_latest_only_with_trigger.py for tasks to queue
[2026-05-30T10:52:16.588+0000] {logging_mixin.py:188} INFO - [2026-05-30T10:52:16.588+0000] {dagbag.py:540} INFO - Filling up the DagBag from /home/airflow/.local/lib/python3.8/site-packages/airflow/example_dags/example_latest_only_with_trigger.py
[2026-05-30T10:52:16.593+0000] {processor.py:840} INFO - DAG(s) 'latest_only_with_trigger' retrieved from /home/airflow/.local/lib/python3.8/site-packages/airflow/example_dags/example_latest_only_with_trigger.py
[2026-05-30T10:52:16.613+0000] {logging_mixin.py:188} INFO - [2026-05-30T10:52:16.613+0000] {dag.py:3047} INFO - Sync 1 DAGs
[2026-05-30T10:52:16.631+0000] {logging_mixin.py:188} INFO - [2026-05-30T10:52:16.631+0000] {dag.py:3834} INFO - Setting next_dagrun for latest_only_with_trigger to 2026-05-30 04:00:00+00:00, run_after=2026-05-30 08:00:00+00:00
[2026-05-30T10:52:16.649+0000] {processor.py:183} INFO - Processing /home/airflow/.local/lib/python3.8/site-packages/airflow/example_dags/example_latest_only_with_trigger.py took 0.068 seconds
[2026-05-30T10:52:46.944+0000] {processor.py:161} INFO - Started process (PID=4009) to work on /home/airflow/.local/lib/python3.8/site-packages/airflow/example_dags/example_latest_only_with_trigger.py
[2026-05-30T10:52:46.945+0000] {processor.py:830} INFO - Processing file /home/airflow/.local/lib/python3.8/site-packages/airflow/example_dags/example_latest_only_with_trigger.py for tasks to queue
[2026-05-30T10:52:46.948+0000] {logging_mixin.py:188} INFO - [2026-05-30T10:52:46.948+0000] {dagbag.py:540} INFO - Filling up the DagBag from /home/airflow/.local/lib/python3.8/site-packages/airflow/example_dags/example_latest_only_with_trigger.py
[2026-05-30T10:52:46.958+0000] {processor.py:840} INFO - DAG(s) 'latest_only_with_trigger' retrieved from /home/airflow/.local/lib/python3.8/site-packages/airflow/example_dags/example_latest_only_with_trigger.py
[2026-05-30T10:52:46.991+0000] {logging_mixin.py:188} INFO - [2026-05-30T10:52:46.990+0000] {dag.py:3047} INFO - Sync 1 DAGs
[2026-05-30T10:52:47.024+0000] {logging_mixin.py:188} INFO - [2026-05-30T10:52:47.023+0000] {dag.py:3834} INFO - Setting next_dagrun for latest_only_with_trigger to 2026-05-30 04:00:00+00:00, run_after=2026-05-30 08:00:00+00:00
[2026-05-30T10:52:47.051+0000] {processor.py:183} INFO - Processing /home/airflow/.local/lib/python3.8/site-packages/airflow/example_dags/example_latest_only_with_trigger.py took 0.112 seconds
[2026-05-30T10:53:17.245+0000] {processor.py:161} INFO - Started process (PID=4064) to work on /home/airflow/.local/lib/python3.8/site-packages/airflow/example_dags/example_latest_only_with_trigger.py
[2026-05-30T10:53:17.247+0000] {processor.py:830} INFO - Processing file /home/airflow/.local/lib/python3.8/site-packages/airflow/example_dags/example_latest_only_with_trigger.py for tasks to queue
[2026-05-30T10:53:17.249+0000] {logging_mixin.py:188} INFO - [2026-05-30T10:53:17.249+0000] {dagbag.py:540} INFO - Filling up the DagBag from /home/airflow/.local/lib/python3.8/site-packages/airflow/example_dags/example_latest_only_with_trigger.py
[2026-05-30T10:53:17.257+0000] {processor.py:840} INFO - DAG(s) 'latest_only_with_trigger' retrieved from /home/airflow/.local/lib/python3.8/site-packages/airflow/example_dags/example_latest_only_with_trigger.py
[2026-05-30T10:53:17.285+0000] {logging_mixin.py:188} INFO - [2026-05-30T10:53:17.285+0000] {dag.py:3047} INFO - Sync 1 DAGs
[2026-05-30T10:53:17.304+0000] {logging_mixin.py:188} INFO - [2026-05-30T10:53:17.304+0000] {dag.py:3834} INFO - Setting next_dagrun for latest_only_with_trigger to 2026-05-30 04:00:00+00:00, run_after=2026-05-30 08:00:00+00:00
[2026-05-30T10:53:17.329+0000] {processor.py:183} INFO - Processing /home/airflow/.local/lib/python3.8/site-packages/airflow/example_dags/example_latest_only_with_trigger.py took 0.088 seconds
[2026-05-30T10:53:47.432+0000] {processor.py:161} INFO - Started process (PID=4119) to work on /home/airflow/.local/lib/python3.8/site-packages/airflow/example_dags/example_latest_only_with_trigger.py
[2026-05-30T10:53:47.434+0000] {processor.py:830} INFO - Processing file /home/airflow/.local/lib/python3.8/site-packages/airflow/example_dags/example_latest_only_with_trigger.py for tasks to queue
[2026-05-30T10:53:47.436+0000] {logging_mixin.py:188} INFO - [2026-05-30T10:53:47.435+0000] {dagbag.py:540} INFO - Filling up the DagBag from /home/airflow/.local/lib/python3.8/site-packages/airflow/example_dags/example_latest_only_with_trigger.py
[2026-05-30T10:53:47.441+0000] {processor.py:840} INFO - DAG(s) 'latest_only_with_trigger' retrieved from /home/airflow/.local/lib/python3.8/site-packages/airflow/example_dags/example_latest_only_with_trigger.py
[2026-05-30T10:53:47.462+0000] {logging_mixin.py:188} INFO - [2026-05-30T10:53:47.462+0000] {dag.py:3047} INFO - Sync 1 DAGs
[2026-05-30T10:53:47.481+0000] {logging_mixin.py:188} INFO - [2026-05-30T10:53:47.481+0000] {dag.py:3834} INFO - Setting next_dagrun for latest_only_with_trigger to 2026-05-30 04:00:00+00:00, run_after=2026-05-30 08:00:00+00:00
[2026-05-30T10:53:47.504+0000] {processor.py:183} INFO - Processing /home/airflow/.local/lib/python3.8/site-packages/airflow/example_dags/example_latest_only_with_trigger.py took 0.074 seconds
[2026-05-30T10:54:17.602+0000] {processor.py:161} INFO - Started process (PID=4174) to work on /home/airflow/.local/lib/python3.8/site-packages/airflow/example_dags/example_latest_only_with_trigger.py
[2026-05-30T10:54:17.603+0000] {processor.py:830} INFO - Processing file /home/airflow/.local/lib/python3.8/site-packages/airflow/example_dags/example_latest_only_with_trigger.py for tasks to queue
[2026-05-30T10:54:17.605+0000] {logging_mixin.py:188} INFO - [2026-05-30T10:54:17.605+0000] {dagbag.py:540} INFO - Filling up the DagBag from /home/airflow/.local/lib/python3.8/site-packages/airflow/example_dags/example_latest_only_with_trigger.py
[2026-05-30T10:54:17.610+0000] {processor.py:840} INFO - DAG(s) 'latest_only_with_trigger' retrieved from /home/airflow/.local/lib/python3.8/site-packages/airflow/example_dags/example_latest_only_with_trigger.py
[2026-05-30T10:54:17.634+0000] {logging_mixin.py:188} INFO - [2026-05-30T10:54:17.633+0000] {dag.py:3047} INFO - Sync 1 DAGs
[2026-05-30T10:54:17.654+0000] {logging_mixin.py:188} INFO - [2026-05-30T10:54:17.654+0000] {dag.py:3834} INFO - Setting next_dagrun for latest_only_with_trigger to 2026-05-30 04:00:00+00:00, run_after=2026-05-30 08:00:00+00:00
[2026-05-30T10:54:17.678+0000] {processor.py:183} INFO - Processing /home/airflow/.local/lib/python3.8/site-packages/airflow/example_dags/example_latest_only_with_trigger.py took 0.079 seconds
[2026-05-30T10:54:48.149+0000] {processor.py:161} INFO - Started process (PID=4229) to work on /home/airflow/.local/lib/python3.8/site-packages/airflow/example_dags/example_latest_only_with_trigger.py
[2026-05-30T10:54:48.150+0000] {processor.py:830} INFO - Processing file /home/airflow/.local/lib/python3.8/site-packages/airflow/example_dags/example_latest_only_with_trigger.py for tasks to queue
[2026-05-30T10:54:48.152+0000] {logging_mixin.py:188} INFO - [2026-05-30T10:54:48.151+0000] {dagbag.py:540} INFO - Filling up the DagBag from /home/airflow/.local/lib/python3.8/site-packages/airflow/example_dags/example_latest_only_with_trigger.py
[2026-05-30T10:54:48.157+0000] {processor.py:840} INFO - DAG(s) 'latest_only_with_trigger' retrieved from /home/airflow/.local/lib/python3.8/site-packages/airflow/example_dags/example_latest_only_with_trigger.py
[2026-05-30T10:54:48.178+0000] {logging_mixin.py:188} INFO - [2026-05-30T10:54:48.177+0000] {dag.py:3047} INFO - Sync 1 DAGs
[2026-05-30T10:54:48.196+0000] {logging_mixin.py:188} INFO - [2026-05-30T10:54:48.195+0000] {dag.py:3834} INFO - Setting next_dagrun for latest_only_with_trigger to 2026-05-30 04:00:00+00:00, run_after=2026-05-30 08:00:00+00:00
[2026-05-30T10:54:48.216+0000] {processor.py:183} INFO - Processing /home/airflow/.local/lib/python3.8/site-packages/airflow/example_dags/example_latest_only_with_trigger.py took 0.070 seconds
[2026-05-30T10:55:18.847+0000] {processor.py:161} INFO - Started process (PID=4284) to work on /home/airflow/.local/lib/python3.8/site-packages/airflow/example_dags/example_latest_only_with_trigger.py
[2026-05-30T10:55:18.849+0000] {processor.py:830} INFO - Processing file /home/airflow/.local/lib/python3.8/site-packages/airflow/example_dags/example_latest_only_with_trigger.py for tasks to queue
[2026-05-30T10:55:18.850+0000] {logging_mixin.py:188} INFO - [2026-05-30T10:55:18.850+0000] {dagbag.py:540} INFO - Filling up the DagBag from /home/airflow/.local/lib/python3.8/site-packages/airflow/example_dags/example_latest_only_with_trigger.py
[2026-05-30T10:55:18.856+0000] {processor.py:840} INFO - DAG(s) 'latest_only_with_trigger' retrieved from /home/airflow/.local/lib/python3.8/site-packages/airflow/example_dags/example_latest_only_with_trigger.py
[2026-05-30T10:55:18.884+0000] {logging_mixin.py:188} INFO - [2026-05-30T10:55:18.884+0000] {dag.py:3047} INFO - Sync 1 DAGs
[2026-05-30T10:55:18.903+0000] {logging_mixin.py:188} INFO - [2026-05-30T10:55:18.903+0000] {dag.py:3834} INFO - Setting next_dagrun for latest_only_with_trigger to 2026-05-30 04:00:00+00:00, run_after=2026-05-30 08:00:00+00:00
[2026-05-30T10:55:18.925+0000] {processor.py:183} INFO - Processing /home/airflow/.local/lib/python3.8/site-packages/airflow/example_dags/example_latest_only_with_trigger.py took 0.081 seconds
[2026-05-30T10:55:49.638+0000] {processor.py:161} INFO - Started process (PID=4339) to work on /home/airflow/.local/lib/python3.8/site-packages/airflow/example_dags/example_latest_only_with_trigger.py
[2026-05-30T10:55:49.640+0000] {processor.py:830} INFO - Processing file /home/airflow/.local/lib/python3.8/site-packages/airflow/example_dags/example_latest_only_with_trigger.py for tasks to queue
[2026-05-30T10:55:49.646+0000] {logging_mixin.py:188} INFO - [2026-05-30T10:55:49.646+0000] {dagbag.py:540} INFO - Filling up the DagBag from /home/airflow/.local/lib/python3.8/site-packages/airflow/example_dags/example_latest_only_with_trigger.py
[2026-05-30T10:55:49.651+0000] {processor.py:840} INFO - DAG(s) 'latest_only_with_trigger' retrieved from /home/airflow/.local/lib/python3.8/site-packages/airflow/example_dags/example_latest_only_with_trigger.py
[2026-05-30T10:55:49.669+0000] {logging_mixin.py:188} INFO - [2026-05-30T10:55:49.668+0000] {dag.py:3047} INFO - Sync 1 DAGs
[2026-05-30T10:55:49.686+0000] {logging_mixin.py:188} INFO - [2026-05-30T10:55:49.686+0000] {dag.py:3834} INFO - Setting next_dagrun for latest_only_with_trigger to 2026-05-30 04:00:00+00:00, run_after=2026-05-30 08:00:00+00:00
[2026-05-30T10:55:49.708+0000] {processor.py:183} INFO - Processing /home/airflow/.local/lib/python3.8/site-packages/airflow/example_dags/example_latest_only_with_trigger.py took 0.073 seconds
[2026-05-30T10:56:20.161+0000] {processor.py:161} INFO - Started process (PID=4394) to work on /home/airflow/.local/lib/python3.8/site-packages/airflow/example_dags/example_latest_only_with_trigger.py
[2026-05-30T10:56:20.163+0000] {processor.py:830} INFO - Processing file /home/airflow/.local/lib/python3.8/site-packages/airflow/example_dags/example_latest_only_with_trigger.py for tasks to queue
[2026-05-30T10:56:20.165+0000] {logging_mixin.py:188} INFO - [2026-05-30T10:56:20.164+0000] {dagbag.py:540} INFO - Filling up the DagBag from /home/airflow/.local/lib/python3.8/site-packages/airflow/example_dags/example_latest_only_with_trigger.py
[2026-05-30T10:56:20.169+0000] {processor.py:840} INFO - DAG(s) 'latest_only_with_trigger' retrieved from /home/airflow/.local/lib/python3.8/site-packages/airflow/example_dags/example_latest_only_with_trigger.py
[2026-05-30T10:56:20.186+0000] {logging_mixin.py:188} INFO - [2026-05-30T10:56:20.186+0000] {dag.py:3047} INFO - Sync 1 DAGs
[2026-05-30T10:56:20.208+0000] {logging_mixin.py:188} INFO - [2026-05-30T10:56:20.207+0000] {dag.py:3834} INFO - Setting next_dagrun for latest_only_with_trigger to 2026-05-30 04:00:00+00:00, run_after=2026-05-30 08:00:00+00:00
[2026-05-30T10:56:20.229+0000] {processor.py:183} INFO - Processing /home/airflow/.local/lib/python3.8/site-packages/airflow/example_dags/example_latest_only_with_trigger.py took 0.070 seconds
[2026-05-30T10:56:50.998+0000] {processor.py:161} INFO - Started process (PID=4448) to work on /home/airflow/.local/lib/python3.8/site-packages/airflow/example_dags/example_latest_only_with_trigger.py
[2026-05-30T10:56:51.000+0000] {processor.py:830} INFO - Processing file /home/airflow/.local/lib/python3.8/site-packages/airflow/example_dags/example_latest_only_with_trigger.py for tasks to queue
[2026-05-30T10:56:51.001+0000] {logging_mixin.py:188} INFO - [2026-05-30T10:56:51.001+0000] {dagbag.py:540} INFO - Filling up the DagBag from /home/airflow/.local/lib/python3.8/site-packages/airflow/example_dags/example_latest_only_with_trigger.py
[2026-05-30T10:56:51.009+0000] {processor.py:840} INFO - DAG(s) 'latest_only_with_trigger' retrieved from /home/airflow/.local/lib/python3.8/site-packages/airflow/example_dags/example_latest_only_with_trigger.py
[2026-05-30T10:56:51.030+0000] {logging_mixin.py:188} INFO - [2026-05-30T10:56:51.030+0000] {dag.py:3047} INFO - Sync 1 DAGs
[2026-05-30T10:56:51.049+0000] {logging_mixin.py:188} INFO - [2026-05-30T10:56:51.049+0000] {dag.py:3834} INFO - Setting next_dagrun for latest_only_with_trigger to 2026-05-30 04:00:00+00:00, run_after=2026-05-30 08:00:00+00:00
[2026-05-30T10:56:51.068+0000] {processor.py:183} INFO - Processing /home/airflow/.local/lib/python3.8/site-packages/airflow/example_dags/example_latest_only_with_trigger.py took 0.072 seconds
[2026-05-30T10:57:21.709+0000] {processor.py:161} INFO - Started process (PID=4503) to work on /home/airflow/.local/lib/python3.8/site-packages/airflow/example_dags/example_latest_only_with_trigger.py
[2026-05-30T10:57:21.710+0000] {processor.py:830} INFO - Processing file /home/airflow/.local/lib/python3.8/site-packages/airflow/example_dags/example_latest_only_with_trigger.py for tasks to queue
[2026-05-30T10:57:21.712+0000] {logging_mixin.py:188} INFO - [2026-05-30T10:57:21.712+0000] {dagbag.py:540} INFO - Filling up the DagBag from /home/airflow/.local/lib/python3.8/site-packages/airflow/example_dags/example_latest_only_with_trigger.py
[2026-05-30T10:57:21.716+0000] {processor.py:840} INFO - DAG(s) 'latest_only_with_trigger' retrieved from /home/airflow/.local/lib/python3.8/site-packages/airflow/example_dags/example_latest_only_with_trigger.py
[2026-05-30T10:57:21.735+0000] {logging_mixin.py:188} INFO - [2026-05-30T10:57:21.734+0000] {dag.py:3047} INFO - Sync 1 DAGs
[2026-05-30T10:57:21.753+0000] {logging_mixin.py:188} INFO - [2026-05-30T10:57:21.752+0000] {dag.py:3834} INFO - Setting next_dagrun for latest_only_with_trigger to 2026-05-30 04:00:00+00:00, run_after=2026-05-30 08:00:00+00:00
[2026-05-30T10:57:21.772+0000] {processor.py:183} INFO - Processing /home/airflow/.local/lib/python3.8/site-packages/airflow/example_dags/example_latest_only_with_trigger.py took 0.066 seconds
[2026-05-30T10:57:52.398+0000] {processor.py:161} INFO - Started process (PID=4558) to work on /home/airflow/.local/lib/python3.8/site-packages/airflow/example_dags/example_latest_only_with_trigger.py
[2026-05-30T10:57:52.400+0000] {processor.py:830} INFO - Processing file /home/airflow/.local/lib/python3.8/site-packages/airflow/example_dags/example_latest_only_with_trigger.py for tasks to queue
[2026-05-30T10:57:52.403+0000] {logging_mixin.py:188} INFO - [2026-05-30T10:57:52.402+0000] {dagbag.py:540} INFO - Filling up the DagBag from /home/airflow/.local/lib/python3.8/site-packages/airflow/example_dags/example_latest_only_with_trigger.py
[2026-05-30T10:57:52.408+0000] {processor.py:840} INFO - DAG(s) 'latest_only_with_trigger' retrieved from /home/airflow/.local/lib/python3.8/site-packages/airflow/example_dags/example_latest_only_with_trigger.py
[2026-05-30T10:57:52.428+0000] {logging_mixin.py:188} INFO - [2026-05-30T10:57:52.428+0000] {dag.py:3047} INFO - Sync 1 DAGs
[2026-05-30T10:57:52.445+0000] {logging_mixin.py:188} INFO - [2026-05-30T10:57:52.445+0000] {dag.py:3834} INFO - Setting next_dagrun for latest_only_with_trigger to 2026-05-30 04:00:00+00:00, run_after=2026-05-30 08:00:00+00:00
[2026-05-30T10:57:52.469+0000] {processor.py:183} INFO - Processing /home/airflow/.local/lib/python3.8/site-packages/airflow/example_dags/example_latest_only_with_trigger.py took 0.073 seconds
[2026-05-30T10:58:22.849+0000] {processor.py:161} INFO - Started process (PID=4613) to work on /home/airflow/.local/lib/python3.8/site-packages/airflow/example_dags/example_latest_only_with_trigger.py
[2026-05-30T10:58:22.851+0000] {processor.py:830} INFO - Processing file /home/airflow/.local/lib/python3.8/site-packages/airflow/example_dags/example_latest_only_with_trigger.py for tasks to queue
[2026-05-30T10:58:22.856+0000] {logging_mixin.py:188} INFO - [2026-05-30T10:58:22.855+0000] {dagbag.py:540} INFO - Filling up the DagBag from /home/airflow/.local/lib/python3.8/site-packages/airflow/example_dags/example_latest_only_with_trigger.py
[2026-05-30T10:58:22.865+0000] {processor.py:840} INFO - DAG(s) 'latest_only_with_trigger' retrieved from /home/airflow/.local/lib/python3.8/site-packages/airflow/example_dags/example_latest_only_with_trigger.py
[2026-05-30T10:58:22.895+0000] {logging_mixin.py:188} INFO - [2026-05-30T10:58:22.895+0000] {dag.py:3047} INFO - Sync 1 DAGs
[2026-05-30T10:58:22.927+0000] {logging_mixin.py:188} INFO - [2026-05-30T10:58:22.927+0000] {dag.py:3834} INFO - Setting next_dagrun for latest_only_with_trigger to 2026-05-30 04:00:00+00:00, run_after=2026-05-30 08:00:00+00:00
[2026-05-30T10:58:22.963+0000] {processor.py:183} INFO - Processing /home/airflow/.local/lib/python3.8/site-packages/airflow/example_dags/example_latest_only_with_trigger.py took 0.119 seconds
[2026-05-30T10:58:53.195+0000] {processor.py:161} INFO - Started process (PID=4669) to work on /home/airflow/.local/lib/python3.8/site-packages/airflow/example_dags/example_latest_only_with_trigger.py
[2026-05-30T10:58:53.197+0000] {processor.py:830} INFO - Processing file /home/airflow/.local/lib/python3.8/site-packages/airflow/example_dags/example_latest_only_with_trigger.py for tasks to queue
[2026-05-30T10:58:53.201+0000] {logging_mixin.py:188} INFO - [2026-05-30T10:58:53.201+0000] {dagbag.py:540} INFO - Filling up the DagBag from /home/airflow/.local/lib/python3.8/site-packages/airflow/example_dags/example_latest_only_with_trigger.py
[2026-05-30T10:58:53.209+0000] {processor.py:840} INFO - DAG(s) 'latest_only_with_trigger' retrieved from /home/airflow/.local/lib/python3.8/site-packages/airflow/example_dags/example_latest_only_with_trigger.py
[2026-05-30T10:58:53.239+0000] {logging_mixin.py:188} INFO - [2026-05-30T10:58:53.238+0000] {dag.py:3047} INFO - Sync 1 DAGs
[2026-05-30T10:58:53.266+0000] {logging_mixin.py:188} INFO - [2026-05-30T10:58:53.266+0000] {dag.py:3834} INFO - Setting next_dagrun for latest_only_with_trigger to 2026-05-30 04:00:00+00:00, run_after=2026-05-30 08:00:00+00:00
[2026-05-30T10:58:53.298+0000] {processor.py:183} INFO - Processing /home/airflow/.local/lib/python3.8/site-packages/airflow/example_dags/example_latest_only_with_trigger.py took 0.107 seconds
[2026-05-30T10:59:23.556+0000] {processor.py:161} INFO - Started process (PID=4724) to work on /home/airflow/.local/lib/python3.8/site-packages/airflow/example_dags/example_latest_only_with_trigger.py
[2026-05-30T10:59:23.557+0000] {processor.py:830} INFO - Processing file /home/airflow/.local/lib/python3.8/site-packages/airflow/example_dags/example_latest_only_with_trigger.py for tasks to queue
[2026-05-30T10:59:23.560+0000] {logging_mixin.py:188} INFO - [2026-05-30T10:59:23.559+0000] {dagbag.py:540} INFO - Filling up the DagBag from /home/airflow/.local/lib/python3.8/site-packages/airflow/example_dags/example_latest_only_with_trigger.py
[2026-05-30T10:59:23.569+0000] {processor.py:840} INFO - DAG(s) 'latest_only_with_trigger' retrieved from /home/airflow/.local/lib/python3.8/site-packages/airflow/example_dags/example_latest_only_with_trigger.py
[2026-05-30T10:59:23.610+0000] {logging_mixin.py:188} INFO - [2026-05-30T10:59:23.609+0000] {dag.py:3047} INFO - Sync 1 DAGs
[2026-05-30T10:59:23.644+0000] {logging_mixin.py:188} INFO - [2026-05-30T10:59:23.643+0000] {dag.py:3834} INFO - Setting next_dagrun for latest_only_with_trigger to 2026-05-30 04:00:00+00:00, run_after=2026-05-30 08:00:00+00:00
[2026-05-30T10:59:23.673+0000] {processor.py:183} INFO - Processing /home/airflow/.local/lib/python3.8/site-packages/airflow/example_dags/example_latest_only_with_trigger.py took 0.121 seconds
[2026-05-30T10:59:53.987+0000] {processor.py:161} INFO - Started process (PID=4779) to work on /home/airflow/.local/lib/python3.8/site-packages/airflow/example_dags/example_latest_only_with_trigger.py
[2026-05-30T10:59:53.988+0000] {processor.py:830} INFO - Processing file /home/airflow/.local/lib/python3.8/site-packages/airflow/example_dags/example_latest_only_with_trigger.py for tasks to queue
[2026-05-30T10:59:53.991+0000] {logging_mixin.py:188} INFO - [2026-05-30T10:59:53.990+0000] {dagbag.py:540} INFO - Filling up the DagBag from /home/airflow/.local/lib/python3.8/site-packages/airflow/example_dags/example_latest_only_with_trigger.py
[2026-05-30T10:59:53.997+0000] {processor.py:840} INFO - DAG(s) 'latest_only_with_trigger' retrieved from /home/airflow/.local/lib/python3.8/site-packages/airflow/example_dags/example_latest_only_with_trigger.py
[2026-05-30T10:59:54.017+0000] {logging_mixin.py:188} INFO - [2026-05-30T10:59:54.017+0000] {dag.py:3047} INFO - Sync 1 DAGs
[2026-05-30T10:59:54.036+0000] {logging_mixin.py:188} INFO - [2026-05-30T10:59:54.036+0000] {dag.py:3834} INFO - Setting next_dagrun for latest_only_with_trigger to 2026-05-30 04:00:00+00:00, run_after=2026-05-30 08:00:00+00:00
[2026-05-30T10:59:54.057+0000] {processor.py:183} INFO - Processing /home/airflow/.local/lib/python3.8/site-packages/airflow/example_dags/example_latest_only_with_trigger.py took 0.073 seconds
[2026-05-30T11:00:24.719+0000] {processor.py:161} INFO - Started process (PID=4834) to work on /home/airflow/.local/lib/python3.8/site-packages/airflow/example_dags/example_latest_only_with_trigger.py
[2026-05-30T11:00:24.721+0000] {processor.py:830} INFO - Processing file /home/airflow/.local/lib/python3.8/site-packages/airflow/example_dags/example_latest_only_with_trigger.py for tasks to queue
[2026-05-30T11:00:24.726+0000] {logging_mixin.py:188} INFO - [2026-05-30T11:00:24.725+0000] {dagbag.py:540} INFO - Filling up the DagBag from /home/airflow/.local/lib/python3.8/site-packages/airflow/example_dags/example_latest_only_with_trigger.py
[2026-05-30T11:00:24.734+0000] {processor.py:840} INFO - DAG(s) 'latest_only_with_trigger' retrieved from /home/airflow/.local/lib/python3.8/site-packages/airflow/example_dags/example_latest_only_with_trigger.py
[2026-05-30T11:00:24.768+0000] {logging_mixin.py:188} INFO - [2026-05-30T11:00:24.768+0000] {dag.py:3047} INFO - Sync 1 DAGs
[2026-05-30T11:00:24.799+0000] {logging_mixin.py:188} INFO - [2026-05-30T11:00:24.798+0000] {dag.py:3834} INFO - Setting next_dagrun for latest_only_with_trigger to 2026-05-30 04:00:00+00:00, run_after=2026-05-30 08:00:00+00:00
[2026-05-30T11:00:24.838+0000] {processor.py:183} INFO - Processing /home/airflow/.local/lib/python3.8/site-packages/airflow/example_dags/example_latest_only_with_trigger.py took 0.123 seconds
[2026-05-30T11:39:00.283+0000] {processor.py:161} INFO - Started process (PID=100) to work on /home/airflow/.local/lib/python3.8/site-packages/airflow/example_dags/example_latest_only_with_trigger.py
[2026-05-30T11:39:00.286+0000] {processor.py:830} INFO - Processing file /home/airflow/.local/lib/python3.8/site-packages/airflow/example_dags/example_latest_only_with_trigger.py for tasks to queue
[2026-05-30T11:39:00.298+0000] {logging_mixin.py:188} INFO - [2026-05-30T11:39:00.297+0000] {dagbag.py:540} INFO - Filling up the DagBag from /home/airflow/.local/lib/python3.8/site-packages/airflow/example_dags/example_latest_only_with_trigger.py
[2026-05-30T11:39:00.318+0000] {processor.py:840} INFO - DAG(s) 'latest_only_with_trigger' retrieved from /home/airflow/.local/lib/python3.8/site-packages/airflow/example_dags/example_latest_only_with_trigger.py
[2026-05-30T11:39:00.417+0000] {logging_mixin.py:188} INFO - [2026-05-30T11:39:00.416+0000] {dag.py:3047} INFO - Sync 1 DAGs
[2026-05-30T11:39:00.495+0000] {logging_mixin.py:188} INFO - [2026-05-30T11:39:00.494+0000] {dag.py:3834} INFO - Setting next_dagrun for latest_only_with_trigger to 2026-05-30 04:00:00+00:00, run_after=2026-05-30 08:00:00+00:00
[2026-05-30T11:39:00.557+0000] {processor.py:183} INFO - Processing /home/airflow/.local/lib/python3.8/site-packages/airflow/example_dags/example_latest_only_with_trigger.py took 0.281 seconds
[2026-05-30T11:39:30.733+0000] {processor.py:161} INFO - Started process (PID=155) to work on /home/airflow/.local/lib/python3.8/site-packages/airflow/example_dags/example_latest_only_with_trigger.py
[2026-05-30T11:39:30.735+0000] {processor.py:830} INFO - Processing file /home/airflow/.local/lib/python3.8/site-packages/airflow/example_dags/example_latest_only_with_trigger.py for tasks to queue
[2026-05-30T11:39:30.736+0000] {logging_mixin.py:188} INFO - [2026-05-30T11:39:30.736+0000] {dagbag.py:540} INFO - Filling up the DagBag from /home/airflow/.local/lib/python3.8/site-packages/airflow/example_dags/example_latest_only_with_trigger.py
[2026-05-30T11:39:30.741+0000] {processor.py:840} INFO - DAG(s) 'latest_only_with_trigger' retrieved from /home/airflow/.local/lib/python3.8/site-packages/airflow/example_dags/example_latest_only_with_trigger.py
[2026-05-30T11:39:30.760+0000] {logging_mixin.py:188} INFO - [2026-05-30T11:39:30.759+0000] {dag.py:3047} INFO - Sync 1 DAGs
[2026-05-30T11:39:30.777+0000] {logging_mixin.py:188} INFO - [2026-05-30T11:39:30.777+0000] {dag.py:3834} INFO - Setting next_dagrun for latest_only_with_trigger to 2026-05-30 04:00:00+00:00, run_after=2026-05-30 08:00:00+00:00
[2026-05-30T11:39:30.800+0000] {processor.py:183} INFO - Processing /home/airflow/.local/lib/python3.8/site-packages/airflow/example_dags/example_latest_only_with_trigger.py took 0.069 seconds
[2026-05-30T11:40:00.851+0000] {processor.py:161} INFO - Started process (PID=209) to work on /home/airflow/.local/lib/python3.8/site-packages/airflow/example_dags/example_latest_only_with_trigger.py
[2026-05-30T11:40:00.852+0000] {processor.py:830} INFO - Processing file /home/airflow/.local/lib/python3.8/site-packages/airflow/example_dags/example_latest_only_with_trigger.py for tasks to queue
[2026-05-30T11:40:00.854+0000] {logging_mixin.py:188} INFO - [2026-05-30T11:40:00.854+0000] {dagbag.py:540} INFO - Filling up the DagBag from /home/airflow/.local/lib/python3.8/site-packages/airflow/example_dags/example_latest_only_with_trigger.py
[2026-05-30T11:40:00.860+0000] {processor.py:840} INFO - DAG(s) 'latest_only_with_trigger' retrieved from /home/airflow/.local/lib/python3.8/site-packages/airflow/example_dags/example_latest_only_with_trigger.py
[2026-05-30T11:40:00.878+0000] {logging_mixin.py:188} INFO - [2026-05-30T11:40:00.878+0000] {dag.py:3047} INFO - Sync 1 DAGs
[2026-05-30T11:40:00.894+0000] {logging_mixin.py:188} INFO - [2026-05-30T11:40:00.894+0000] {dag.py:3834} INFO - Setting next_dagrun for latest_only_with_trigger to 2026-05-30 04:00:00+00:00, run_after=2026-05-30 08:00:00+00:00
[2026-05-30T11:40:00.911+0000] {processor.py:183} INFO - Processing /home/airflow/.local/lib/python3.8/site-packages/airflow/example_dags/example_latest_only_with_trigger.py took 0.063 seconds
[2026-05-30T11:40:31.516+0000] {processor.py:161} INFO - Started process (PID=265) to work on /home/airflow/.local/lib/python3.8/site-packages/airflow/example_dags/example_latest_only_with_trigger.py
[2026-05-30T11:40:31.518+0000] {processor.py:830} INFO - Processing file /home/airflow/.local/lib/python3.8/site-packages/airflow/example_dags/example_latest_only_with_trigger.py for tasks to queue
[2026-05-30T11:40:31.519+0000] {logging_mixin.py:188} INFO - [2026-05-30T11:40:31.519+0000] {dagbag.py:540} INFO - Filling up the DagBag from /home/airflow/.local/lib/python3.8/site-packages/airflow/example_dags/example_latest_only_with_trigger.py
[2026-05-30T11:40:31.524+0000] {processor.py:840} INFO - DAG(s) 'latest_only_with_trigger' retrieved from /home/airflow/.local/lib/python3.8/site-packages/airflow/example_dags/example_latest_only_with_trigger.py
[2026-05-30T11:40:31.541+0000] {logging_mixin.py:188} INFO - [2026-05-30T11:40:31.541+0000] {dag.py:3047} INFO - Sync 1 DAGs
[2026-05-30T11:40:31.556+0000] {logging_mixin.py:188} INFO - [2026-05-30T11:40:31.556+0000] {dag.py:3834} INFO - Setting next_dagrun for latest_only_with_trigger to 2026-05-30 04:00:00+00:00, run_after=2026-05-30 08:00:00+00:00
[2026-05-30T11:40:31.575+0000] {processor.py:183} INFO - Processing /home/airflow/.local/lib/python3.8/site-packages/airflow/example_dags/example_latest_only_with_trigger.py took 0.061 seconds
[2026-05-30T11:41:01.879+0000] {processor.py:161} INFO - Started process (PID=320) to work on /home/airflow/.local/lib/python3.8/site-packages/airflow/example_dags/example_latest_only_with_trigger.py
[2026-05-30T11:41:01.880+0000] {processor.py:830} INFO - Processing file /home/airflow/.local/lib/python3.8/site-packages/airflow/example_dags/example_latest_only_with_trigger.py for tasks to queue
[2026-05-30T11:41:01.882+0000] {logging_mixin.py:188} INFO - [2026-05-30T11:41:01.882+0000] {dagbag.py:540} INFO - Filling up the DagBag from /home/airflow/.local/lib/python3.8/site-packages/airflow/example_dags/example_latest_only_with_trigger.py
[2026-05-30T11:41:01.886+0000] {processor.py:840} INFO - DAG(s) 'latest_only_with_trigger' retrieved from /home/airflow/.local/lib/python3.8/site-packages/airflow/example_dags/example_latest_only_with_trigger.py
[2026-05-30T11:41:01.903+0000] {logging_mixin.py:188} INFO - [2026-05-30T11:41:01.903+0000] {dag.py:3047} INFO - Sync 1 DAGs
[2026-05-30T11:41:01.919+0000] {logging_mixin.py:188} INFO - [2026-05-30T11:41:01.919+0000] {dag.py:3834} INFO - Setting next_dagrun for latest_only_with_trigger to 2026-05-30 04:00:00+00:00, run_after=2026-05-30 08:00:00+00:00
[2026-05-30T11:41:01.934+0000] {processor.py:183} INFO - Processing /home/airflow/.local/lib/python3.8/site-packages/airflow/example_dags/example_latest_only_with_trigger.py took 0.058 seconds
[2026-05-30T11:41:32.775+0000] {processor.py:161} INFO - Started process (PID=375) to work on /home/airflow/.local/lib/python3.8/site-packages/airflow/example_dags/example_latest_only_with_trigger.py
[2026-05-30T11:41:32.777+0000] {processor.py:830} INFO - Processing file /home/airflow/.local/lib/python3.8/site-packages/airflow/example_dags/example_latest_only_with_trigger.py for tasks to queue
[2026-05-30T11:41:32.779+0000] {logging_mixin.py:188} INFO - [2026-05-30T11:41:32.779+0000] {dagbag.py:540} INFO - Filling up the DagBag from /home/airflow/.local/lib/python3.8/site-packages/airflow/example_dags/example_latest_only_with_trigger.py
[2026-05-30T11:41:32.785+0000] {processor.py:840} INFO - DAG(s) 'latest_only_with_trigger' retrieved from /home/airflow/.local/lib/python3.8/site-packages/airflow/example_dags/example_latest_only_with_trigger.py
[2026-05-30T11:41:32.804+0000] {logging_mixin.py:188} INFO - [2026-05-30T11:41:32.804+0000] {dag.py:3047} INFO - Sync 1 DAGs
[2026-05-30T11:41:32.821+0000] {logging_mixin.py:188} INFO - [2026-05-30T11:41:32.821+0000] {dag.py:3834} INFO - Setting next_dagrun for latest_only_with_trigger to 2026-05-30 04:00:00+00:00, run_after=2026-05-30 08:00:00+00:00
[2026-05-30T11:41:32.845+0000] {processor.py:183} INFO - Processing /home/airflow/.local/lib/python3.8/site-packages/airflow/example_dags/example_latest_only_with_trigger.py took 0.072 seconds
[2026-05-30T11:42:03.057+0000] {processor.py:161} INFO - Started process (PID=430) to work on /home/airflow/.local/lib/python3.8/site-packages/airflow/example_dags/example_latest_only_with_trigger.py
[2026-05-30T11:42:03.058+0000] {processor.py:830} INFO - Processing file /home/airflow/.local/lib/python3.8/site-packages/airflow/example_dags/example_latest_only_with_trigger.py for tasks to queue
[2026-05-30T11:42:03.060+0000] {logging_mixin.py:188} INFO - [2026-05-30T11:42:03.060+0000] {dagbag.py:540} INFO - Filling up the DagBag from /home/airflow/.local/lib/python3.8/site-packages/airflow/example_dags/example_latest_only_with_trigger.py
[2026-05-30T11:42:03.067+0000] {processor.py:840} INFO - DAG(s) 'latest_only_with_trigger' retrieved from /home/airflow/.local/lib/python3.8/site-packages/airflow/example_dags/example_latest_only_with_trigger.py
[2026-05-30T11:42:03.086+0000] {logging_mixin.py:188} INFO - [2026-05-30T11:42:03.086+0000] {dag.py:3047} INFO - Sync 1 DAGs
[2026-05-30T11:42:03.104+0000] {logging_mixin.py:188} INFO - [2026-05-30T11:42:03.104+0000] {dag.py:3834} INFO - Setting next_dagrun for latest_only_with_trigger to 2026-05-30 04:00:00+00:00, run_after=2026-05-30 08:00:00+00:00
[2026-05-30T11:42:03.123+0000] {processor.py:183} INFO - Processing /home/airflow/.local/lib/python3.8/site-packages/airflow/example_dags/example_latest_only_with_trigger.py took 0.069 seconds
[2026-05-30T11:42:34.743+0000] {processor.py:161} INFO - Started process (PID=485) to work on /home/airflow/.local/lib/python3.8/site-packages/airflow/example_dags/example_latest_only_with_trigger.py
[2026-05-30T11:42:34.745+0000] {processor.py:830} INFO - Processing file /home/airflow/.local/lib/python3.8/site-packages/airflow/example_dags/example_latest_only_with_trigger.py for tasks to queue
[2026-05-30T11:42:34.748+0000] {logging_mixin.py:188} INFO - [2026-05-30T11:42:34.747+0000] {dagbag.py:540} INFO - Filling up the DagBag from /home/airflow/.local/lib/python3.8/site-packages/airflow/example_dags/example_latest_only_with_trigger.py
[2026-05-30T11:42:34.756+0000] {processor.py:840} INFO - DAG(s) 'latest_only_with_trigger' retrieved from /home/airflow/.local/lib/python3.8/site-packages/airflow/example_dags/example_latest_only_with_trigger.py
[2026-05-30T11:42:34.791+0000] {logging_mixin.py:188} INFO - [2026-05-30T11:42:34.791+0000] {dag.py:3047} INFO - Sync 1 DAGs
[2026-05-30T11:42:34.840+0000] {logging_mixin.py:188} INFO - [2026-05-30T11:42:34.840+0000] {dag.py:3834} INFO - Setting next_dagrun for latest_only_with_trigger to 2026-05-30 04:00:00+00:00, run_after=2026-05-30 08:00:00+00:00
[2026-05-30T11:42:34.877+0000] {processor.py:183} INFO - Processing /home/airflow/.local/lib/python3.8/site-packages/airflow/example_dags/example_latest_only_with_trigger.py took 0.138 seconds
[2026-05-30T11:43:04.989+0000] {processor.py:161} INFO - Started process (PID=540) to work on /home/airflow/.local/lib/python3.8/site-packages/airflow/example_dags/example_latest_only_with_trigger.py
[2026-05-30T11:43:04.991+0000] {processor.py:830} INFO - Processing file /home/airflow/.local/lib/python3.8/site-packages/airflow/example_dags/example_latest_only_with_trigger.py for tasks to queue
[2026-05-30T11:43:04.993+0000] {logging_mixin.py:188} INFO - [2026-05-30T11:43:04.993+0000] {dagbag.py:540} INFO - Filling up the DagBag from /home/airflow/.local/lib/python3.8/site-packages/airflow/example_dags/example_latest_only_with_trigger.py
[2026-05-30T11:43:04.998+0000] {processor.py:840} INFO - DAG(s) 'latest_only_with_trigger' retrieved from /home/airflow/.local/lib/python3.8/site-packages/airflow/example_dags/example_latest_only_with_trigger.py
[2026-05-30T11:43:05.017+0000] {logging_mixin.py:188} INFO - [2026-05-30T11:43:05.017+0000] {dag.py:3047} INFO - Sync 1 DAGs
[2026-05-30T11:43:05.035+0000] {logging_mixin.py:188} INFO - [2026-05-30T11:43:05.035+0000] {dag.py:3834} INFO - Setting next_dagrun for latest_only_with_trigger to 2026-05-30 04:00:00+00:00, run_after=2026-05-30 08:00:00+00:00
[2026-05-30T11:43:05.052+0000] {processor.py:183} INFO - Processing /home/airflow/.local/lib/python3.8/site-packages/airflow/example_dags/example_latest_only_with_trigger.py took 0.066 seconds
[2026-05-30T11:43:35.144+0000] {processor.py:161} INFO - Started process (PID=595) to work on /home/airflow/.local/lib/python3.8/site-packages/airflow/example_dags/example_latest_only_with_trigger.py
[2026-05-30T11:43:35.146+0000] {processor.py:830} INFO - Processing file /home/airflow/.local/lib/python3.8/site-packages/airflow/example_dags/example_latest_only_with_trigger.py for tasks to queue
[2026-05-30T11:43:35.149+0000] {logging_mixin.py:188} INFO - [2026-05-30T11:43:35.148+0000] {dagbag.py:540} INFO - Filling up the DagBag from /home/airflow/.local/lib/python3.8/site-packages/airflow/example_dags/example_latest_only_with_trigger.py
[2026-05-30T11:43:35.155+0000] {processor.py:840} INFO - DAG(s) 'latest_only_with_trigger' retrieved from /home/airflow/.local/lib/python3.8/site-packages/airflow/example_dags/example_latest_only_with_trigger.py
[2026-05-30T11:43:35.176+0000] {logging_mixin.py:188} INFO - [2026-05-30T11:43:35.176+0000] {dag.py:3047} INFO - Sync 1 DAGs
[2026-05-30T11:43:35.195+0000] {logging_mixin.py:188} INFO - [2026-05-30T11:43:35.195+0000] {dag.py:3834} INFO - Setting next_dagrun for latest_only_with_trigger to 2026-05-30 04:00:00+00:00, run_after=2026-05-30 08:00:00+00:00
[2026-05-30T11:43:35.216+0000] {processor.py:183} INFO - Processing /home/airflow/.local/lib/python3.8/site-packages/airflow/example_dags/example_latest_only_with_trigger.py took 0.075 seconds
[2026-05-30T11:44:06.155+0000] {processor.py:161} INFO - Started process (PID=650) to work on /home/airflow/.local/lib/python3.8/site-packages/airflow/example_dags/example_latest_only_with_trigger.py
[2026-05-30T11:44:06.157+0000] {processor.py:830} INFO - Processing file /home/airflow/.local/lib/python3.8/site-packages/airflow/example_dags/example_latest_only_with_trigger.py for tasks to queue
[2026-05-30T11:44:06.159+0000] {logging_mixin.py:188} INFO - [2026-05-30T11:44:06.159+0000] {dagbag.py:540} INFO - Filling up the DagBag from /home/airflow/.local/lib/python3.8/site-packages/airflow/example_dags/example_latest_only_with_trigger.py
[2026-05-30T11:44:06.166+0000] {processor.py:840} INFO - DAG(s) 'latest_only_with_trigger' retrieved from /home/airflow/.local/lib/python3.8/site-packages/airflow/example_dags/example_latest_only_with_trigger.py
[2026-05-30T11:44:06.198+0000] {logging_mixin.py:188} INFO - [2026-05-30T11:44:06.198+0000] {dag.py:3047} INFO - Sync 1 DAGs
[2026-05-30T11:44:06.225+0000] {logging_mixin.py:188} INFO - [2026-05-30T11:44:06.224+0000] {dag.py:3834} INFO - Setting next_dagrun for latest_only_with_trigger to 2026-05-30 04:00:00+00:00, run_after=2026-05-30 08:00:00+00:00
[2026-05-30T11:44:06.252+0000] {processor.py:183} INFO - Processing /home/airflow/.local/lib/python3.8/site-packages/airflow/example_dags/example_latest_only_with_trigger.py took 0.100 seconds
[2026-05-30T11:44:36.687+0000] {processor.py:161} INFO - Started process (PID=705) to work on /home/airflow/.local/lib/python3.8/site-packages/airflow/example_dags/example_latest_only_with_trigger.py
[2026-05-30T11:44:36.688+0000] {processor.py:830} INFO - Processing file /home/airflow/.local/lib/python3.8/site-packages/airflow/example_dags/example_latest_only_with_trigger.py for tasks to queue
[2026-05-30T11:44:36.690+0000] {logging_mixin.py:188} INFO - [2026-05-30T11:44:36.690+0000] {dagbag.py:540} INFO - Filling up the DagBag from /home/airflow/.local/lib/python3.8/site-packages/airflow/example_dags/example_latest_only_with_trigger.py
[2026-05-30T11:44:36.695+0000] {processor.py:840} INFO - DAG(s) 'latest_only_with_trigger' retrieved from /home/airflow/.local/lib/python3.8/site-packages/airflow/example_dags/example_latest_only_with_trigger.py
[2026-05-30T11:44:36.714+0000] {logging_mixin.py:188} INFO - [2026-05-30T11:44:36.714+0000] {dag.py:3047} INFO - Sync 1 DAGs
[2026-05-30T11:44:36.732+0000] {logging_mixin.py:188} INFO - [2026-05-30T11:44:36.732+0000] {dag.py:3834} INFO - Setting next_dagrun for latest_only_with_trigger to 2026-05-30 04:00:00+00:00, run_after=2026-05-30 08:00:00+00:00
[2026-05-30T11:44:36.752+0000] {processor.py:183} INFO - Processing /home/airflow/.local/lib/python3.8/site-packages/airflow/example_dags/example_latest_only_with_trigger.py took 0.068 seconds
[2026-05-30T11:45:07.088+0000] {processor.py:161} INFO - Started process (PID=760) to work on /home/airflow/.local/lib/python3.8/site-packages/airflow/example_dags/example_latest_only_with_trigger.py
[2026-05-30T11:45:07.089+0000] {processor.py:830} INFO - Processing file /home/airflow/.local/lib/python3.8/site-packages/airflow/example_dags/example_latest_only_with_trigger.py for tasks to queue
[2026-05-30T11:45:07.092+0000] {logging_mixin.py:188} INFO - [2026-05-30T11:45:07.091+0000] {dagbag.py:540} INFO - Filling up the DagBag from /home/airflow/.local/lib/python3.8/site-packages/airflow/example_dags/example_latest_only_with_trigger.py
[2026-05-30T11:45:07.096+0000] {processor.py:840} INFO - DAG(s) 'latest_only_with_trigger' retrieved from /home/airflow/.local/lib/python3.8/site-packages/airflow/example_dags/example_latest_only_with_trigger.py
[2026-05-30T11:45:07.118+0000] {logging_mixin.py:188} INFO - [2026-05-30T11:45:07.118+0000] {dag.py:3047} INFO - Sync 1 DAGs
[2026-05-30T11:45:07.135+0000] {logging_mixin.py:188} INFO - [2026-05-30T11:45:07.135+0000] {dag.py:3834} INFO - Setting next_dagrun for latest_only_with_trigger to 2026-05-30 04:00:00+00:00, run_after=2026-05-30 08:00:00+00:00
[2026-05-30T11:45:07.155+0000] {processor.py:183} INFO - Processing /home/airflow/.local/lib/python3.8/site-packages/airflow/example_dags/example_latest_only_with_trigger.py took 0.071 seconds
[2026-05-30T11:45:37.424+0000] {processor.py:161} INFO - Started process (PID=815) to work on /home/airflow/.local/lib/python3.8/site-packages/airflow/example_dags/example_latest_only_with_trigger.py
[2026-05-30T11:45:37.425+0000] {processor.py:830} INFO - Processing file /home/airflow/.local/lib/python3.8/site-packages/airflow/example_dags/example_latest_only_with_trigger.py for tasks to queue
[2026-05-30T11:45:37.427+0000] {logging_mixin.py:188} INFO - [2026-05-30T11:45:37.427+0000] {dagbag.py:540} INFO - Filling up the DagBag from /home/airflow/.local/lib/python3.8/site-packages/airflow/example_dags/example_latest_only_with_trigger.py
[2026-05-30T11:45:37.432+0000] {processor.py:840} INFO - DAG(s) 'latest_only_with_trigger' retrieved from /home/airflow/.local/lib/python3.8/site-packages/airflow/example_dags/example_latest_only_with_trigger.py
[2026-05-30T11:45:37.455+0000] {logging_mixin.py:188} INFO - [2026-05-30T11:45:37.454+0000] {dag.py:3047} INFO - Sync 1 DAGs
[2026-05-30T11:45:37.473+0000] {logging_mixin.py:188} INFO - [2026-05-30T11:45:37.472+0000] {dag.py:3834} INFO - Setting next_dagrun for latest_only_with_trigger to 2026-05-30 04:00:00+00:00, run_after=2026-05-30 08:00:00+00:00
[2026-05-30T11:45:37.495+0000] {processor.py:183} INFO - Processing /home/airflow/.local/lib/python3.8/site-packages/airflow/example_dags/example_latest_only_with_trigger.py took 0.075 seconds
[2026-05-30T11:46:07.940+0000] {processor.py:161} INFO - Started process (PID=870) to work on /home/airflow/.local/lib/python3.8/site-packages/airflow/example_dags/example_latest_only_with_trigger.py
[2026-05-30T11:46:07.942+0000] {processor.py:830} INFO - Processing file /home/airflow/.local/lib/python3.8/site-packages/airflow/example_dags/example_latest_only_with_trigger.py for tasks to queue
[2026-05-30T11:46:07.944+0000] {logging_mixin.py:188} INFO - [2026-05-30T11:46:07.944+0000] {dagbag.py:540} INFO - Filling up the DagBag from /home/airflow/.local/lib/python3.8/site-packages/airflow/example_dags/example_latest_only_with_trigger.py
[2026-05-30T11:46:07.949+0000] {processor.py:840} INFO - DAG(s) 'latest_only_with_trigger' retrieved from /home/airflow/.local/lib/python3.8/site-packages/airflow/example_dags/example_latest_only_with_trigger.py
[2026-05-30T11:46:07.967+0000] {logging_mixin.py:188} INFO - [2026-05-30T11:46:07.967+0000] {dag.py:3047} INFO - Sync 1 DAGs
[2026-05-30T11:46:07.985+0000] {logging_mixin.py:188} INFO - [2026-05-30T11:46:07.985+0000] {dag.py:3834} INFO - Setting next_dagrun for latest_only_with_trigger to 2026-05-30 04:00:00+00:00, run_after=2026-05-30 08:00:00+00:00
[2026-05-30T11:46:08.008+0000] {processor.py:183} INFO - Processing /home/airflow/.local/lib/python3.8/site-packages/airflow/example_dags/example_latest_only_with_trigger.py took 0.070 seconds
[2026-05-30T11:46:38.311+0000] {processor.py:161} INFO - Started process (PID=925) to work on /home/airflow/.local/lib/python3.8/site-packages/airflow/example_dags/example_latest_only_with_trigger.py
[2026-05-30T11:46:38.312+0000] {processor.py:830} INFO - Processing file /home/airflow/.local/lib/python3.8/site-packages/airflow/example_dags/example_latest_only_with_trigger.py for tasks to queue
[2026-05-30T11:46:38.314+0000] {logging_mixin.py:188} INFO - [2026-05-30T11:46:38.313+0000] {dagbag.py:540} INFO - Filling up the DagBag from /home/airflow/.local/lib/python3.8/site-packages/airflow/example_dags/example_latest_only_with_trigger.py
[2026-05-30T11:46:38.318+0000] {processor.py:840} INFO - DAG(s) 'latest_only_with_trigger' retrieved from /home/airflow/.local/lib/python3.8/site-packages/airflow/example_dags/example_latest_only_with_trigger.py
[2026-05-30T11:46:38.339+0000] {logging_mixin.py:188} INFO - [2026-05-30T11:46:38.339+0000] {dag.py:3047} INFO - Sync 1 DAGs
[2026-05-30T11:46:38.357+0000] {logging_mixin.py:188} INFO - [2026-05-30T11:46:38.357+0000] {dag.py:3834} INFO - Setting next_dagrun for latest_only_with_trigger to 2026-05-30 04:00:00+00:00, run_after=2026-05-30 08:00:00+00:00
[2026-05-30T11:46:38.380+0000] {processor.py:183} INFO - Processing /home/airflow/.local/lib/python3.8/site-packages/airflow/example_dags/example_latest_only_with_trigger.py took 0.072 seconds
[2026-05-30T11:47:08.723+0000] {processor.py:161} INFO - Started process (PID=979) to work on /home/airflow/.local/lib/python3.8/site-packages/airflow/example_dags/example_latest_only_with_trigger.py
[2026-05-30T11:47:08.727+0000] {processor.py:830} INFO - Processing file /home/airflow/.local/lib/python3.8/site-packages/airflow/example_dags/example_latest_only_with_trigger.py for tasks to queue
[2026-05-30T11:47:08.729+0000] {logging_mixin.py:188} INFO - [2026-05-30T11:47:08.728+0000] {dagbag.py:540} INFO - Filling up the DagBag from /home/airflow/.local/lib/python3.8/site-packages/airflow/example_dags/example_latest_only_with_trigger.py
[2026-05-30T11:47:08.734+0000] {processor.py:840} INFO - DAG(s) 'latest_only_with_trigger' retrieved from /home/airflow/.local/lib/python3.8/site-packages/airflow/example_dags/example_latest_only_with_trigger.py
[2026-05-30T11:47:08.751+0000] {logging_mixin.py:188} INFO - [2026-05-30T11:47:08.751+0000] {dag.py:3047} INFO - Sync 1 DAGs
[2026-05-30T11:47:08.769+0000] {logging_mixin.py:188} INFO - [2026-05-30T11:47:08.769+0000] {dag.py:3834} INFO - Setting next_dagrun for latest_only_with_trigger to 2026-05-30 04:00:00+00:00, run_after=2026-05-30 08:00:00+00:00
[2026-05-30T11:47:08.792+0000] {processor.py:183} INFO - Processing /home/airflow/.local/lib/python3.8/site-packages/airflow/example_dags/example_latest_only_with_trigger.py took 0.071 seconds
[2026-05-30T11:47:39.060+0000] {processor.py:161} INFO - Started process (PID=1035) to work on /home/airflow/.local/lib/python3.8/site-packages/airflow/example_dags/example_latest_only_with_trigger.py
[2026-05-30T11:47:39.062+0000] {processor.py:830} INFO - Processing file /home/airflow/.local/lib/python3.8/site-packages/airflow/example_dags/example_latest_only_with_trigger.py for tasks to queue
[2026-05-30T11:47:39.063+0000] {logging_mixin.py:188} INFO - [2026-05-30T11:47:39.063+0000] {dagbag.py:540} INFO - Filling up the DagBag from /home/airflow/.local/lib/python3.8/site-packages/airflow/example_dags/example_latest_only_with_trigger.py
[2026-05-30T11:47:39.068+0000] {processor.py:840} INFO - DAG(s) 'latest_only_with_trigger' retrieved from /home/airflow/.local/lib/python3.8/site-packages/airflow/example_dags/example_latest_only_with_trigger.py
[2026-05-30T11:47:39.088+0000] {logging_mixin.py:188} INFO - [2026-05-30T11:47:39.088+0000] {dag.py:3047} INFO - Sync 1 DAGs
[2026-05-30T11:47:39.107+0000] {logging_mixin.py:188} INFO - [2026-05-30T11:47:39.107+0000] {dag.py:3834} INFO - Setting next_dagrun for latest_only_with_trigger to 2026-05-30 04:00:00+00:00, run_after=2026-05-30 08:00:00+00:00
[2026-05-30T11:47:39.131+0000] {processor.py:183} INFO - Processing /home/airflow/.local/lib/python3.8/site-packages/airflow/example_dags/example_latest_only_with_trigger.py took 0.073 seconds
[2026-05-30T11:48:09.461+0000] {processor.py:161} INFO - Started process (PID=1090) to work on /home/airflow/.local/lib/python3.8/site-packages/airflow/example_dags/example_latest_only_with_trigger.py
[2026-05-30T11:48:09.463+0000] {processor.py:830} INFO - Processing file /home/airflow/.local/lib/python3.8/site-packages/airflow/example_dags/example_latest_only_with_trigger.py for tasks to queue
[2026-05-30T11:48:09.465+0000] {logging_mixin.py:188} INFO - [2026-05-30T11:48:09.465+0000] {dagbag.py:540} INFO - Filling up the DagBag from /home/airflow/.local/lib/python3.8/site-packages/airflow/example_dags/example_latest_only_with_trigger.py
[2026-05-30T11:48:09.470+0000] {processor.py:840} INFO - DAG(s) 'latest_only_with_trigger' retrieved from /home/airflow/.local/lib/python3.8/site-packages/airflow/example_dags/example_latest_only_with_trigger.py
[2026-05-30T11:48:09.493+0000] {logging_mixin.py:188} INFO - [2026-05-30T11:48:09.493+0000] {dag.py:3047} INFO - Sync 1 DAGs
[2026-05-30T11:48:09.513+0000] {logging_mixin.py:188} INFO - [2026-05-30T11:48:09.513+0000] {dag.py:3834} INFO - Setting next_dagrun for latest_only_with_trigger to 2026-05-30 04:00:00+00:00, run_after=2026-05-30 08:00:00+00:00
[2026-05-30T11:48:09.534+0000] {processor.py:183} INFO - Processing /home/airflow/.local/lib/python3.8/site-packages/airflow/example_dags/example_latest_only_with_trigger.py took 0.075 seconds
[2026-05-30T11:48:39.931+0000] {processor.py:161} INFO - Started process (PID=1145) to work on /home/airflow/.local/lib/python3.8/site-packages/airflow/example_dags/example_latest_only_with_trigger.py
[2026-05-30T11:48:39.932+0000] {processor.py:830} INFO - Processing file /home/airflow/.local/lib/python3.8/site-packages/airflow/example_dags/example_latest_only_with_trigger.py for tasks to queue
[2026-05-30T11:48:39.934+0000] {logging_mixin.py:188} INFO - [2026-05-30T11:48:39.934+0000] {dagbag.py:540} INFO - Filling up the DagBag from /home/airflow/.local/lib/python3.8/site-packages/airflow/example_dags/example_latest_only_with_trigger.py
[2026-05-30T11:48:39.938+0000] {processor.py:840} INFO - DAG(s) 'latest_only_with_trigger' retrieved from /home/airflow/.local/lib/python3.8/site-packages/airflow/example_dags/example_latest_only_with_trigger.py
[2026-05-30T11:48:39.959+0000] {logging_mixin.py:188} INFO - [2026-05-30T11:48:39.959+0000] {dag.py:3047} INFO - Sync 1 DAGs
[2026-05-30T11:48:39.976+0000] {logging_mixin.py:188} INFO - [2026-05-30T11:48:39.976+0000] {dag.py:3834} INFO - Setting next_dagrun for latest_only_with_trigger to 2026-05-30 04:00:00+00:00, run_after=2026-05-30 08:00:00+00:00
[2026-05-30T11:48:40.001+0000] {processor.py:183} INFO - Processing /home/airflow/.local/lib/python3.8/site-packages/airflow/example_dags/example_latest_only_with_trigger.py took 0.072 seconds
[2026-05-30T11:49:10.352+0000] {processor.py:161} INFO - Started process (PID=1199) to work on /home/airflow/.local/lib/python3.8/site-packages/airflow/example_dags/example_latest_only_with_trigger.py
[2026-05-30T11:49:10.353+0000] {processor.py:830} INFO - Processing file /home/airflow/.local/lib/python3.8/site-packages/airflow/example_dags/example_latest_only_with_trigger.py for tasks to queue
[2026-05-30T11:49:10.356+0000] {logging_mixin.py:188} INFO - [2026-05-30T11:49:10.355+0000] {dagbag.py:540} INFO - Filling up the DagBag from /home/airflow/.local/lib/python3.8/site-packages/airflow/example_dags/example_latest_only_with_trigger.py
[2026-05-30T11:49:10.361+0000] {processor.py:840} INFO - DAG(s) 'latest_only_with_trigger' retrieved from /home/airflow/.local/lib/python3.8/site-packages/airflow/example_dags/example_latest_only_with_trigger.py
[2026-05-30T11:49:10.382+0000] {logging_mixin.py:188} INFO - [2026-05-30T11:49:10.381+0000] {dag.py:3047} INFO - Sync 1 DAGs
[2026-05-30T11:49:10.403+0000] {logging_mixin.py:188} INFO - [2026-05-30T11:49:10.403+0000] {dag.py:3834} INFO - Setting next_dagrun for latest_only_with_trigger to 2026-05-30 04:00:00+00:00, run_after=2026-05-30 08:00:00+00:00
[2026-05-30T11:49:10.424+0000] {processor.py:183} INFO - Processing /home/airflow/.local/lib/python3.8/site-packages/airflow/example_dags/example_latest_only_with_trigger.py took 0.076 seconds
[2026-05-30T11:49:40.622+0000] {processor.py:161} INFO - Started process (PID=1254) to work on /home/airflow/.local/lib/python3.8/site-packages/airflow/example_dags/example_latest_only_with_trigger.py
[2026-05-30T11:49:40.623+0000] {processor.py:830} INFO - Processing file /home/airflow/.local/lib/python3.8/site-packages/airflow/example_dags/example_latest_only_with_trigger.py for tasks to queue
[2026-05-30T11:49:40.625+0000] {logging_mixin.py:188} INFO - [2026-05-30T11:49:40.624+0000] {dagbag.py:540} INFO - Filling up the DagBag from /home/airflow/.local/lib/python3.8/site-packages/airflow/example_dags/example_latest_only_with_trigger.py
[2026-05-30T11:49:40.630+0000] {processor.py:840} INFO - DAG(s) 'latest_only_with_trigger' retrieved from /home/airflow/.local/lib/python3.8/site-packages/airflow/example_dags/example_latest_only_with_trigger.py
[2026-05-30T11:49:40.648+0000] {logging_mixin.py:188} INFO - [2026-05-30T11:49:40.648+0000] {dag.py:3047} INFO - Sync 1 DAGs
[2026-05-30T11:49:40.665+0000] {logging_mixin.py:188} INFO - [2026-05-30T11:49:40.665+0000] {dag.py:3834} INFO - Setting next_dagrun for latest_only_with_trigger to 2026-05-30 04:00:00+00:00, run_after=2026-05-30 08:00:00+00:00
[2026-05-30T11:49:40.689+0000] {processor.py:183} INFO - Processing /home/airflow/.local/lib/python3.8/site-packages/airflow/example_dags/example_latest_only_with_trigger.py took 0.069 seconds
[2026-05-30T11:50:11.296+0000] {processor.py:161} INFO - Started process (PID=1309) to work on /home/airflow/.local/lib/python3.8/site-packages/airflow/example_dags/example_latest_only_with_trigger.py
[2026-05-30T11:50:11.299+0000] {processor.py:830} INFO - Processing file /home/airflow/.local/lib/python3.8/site-packages/airflow/example_dags/example_latest_only_with_trigger.py for tasks to queue
[2026-05-30T11:50:11.302+0000] {logging_mixin.py:188} INFO - [2026-05-30T11:50:11.301+0000] {dagbag.py:540} INFO - Filling up the DagBag from /home/airflow/.local/lib/python3.8/site-packages/airflow/example_dags/example_latest_only_with_trigger.py
[2026-05-30T11:50:11.306+0000] {processor.py:840} INFO - DAG(s) 'latest_only_with_trigger' retrieved from /home/airflow/.local/lib/python3.8/site-packages/airflow/example_dags/example_latest_only_with_trigger.py
[2026-05-30T11:50:11.331+0000] {logging_mixin.py:188} INFO - [2026-05-30T11:50:11.330+0000] {dag.py:3047} INFO - Sync 1 DAGs
[2026-05-30T11:50:11.354+0000] {logging_mixin.py:188} INFO - [2026-05-30T11:50:11.354+0000] {dag.py:3834} INFO - Setting next_dagrun for latest_only_with_trigger to 2026-05-30 04:00:00+00:00, run_after=2026-05-30 08:00:00+00:00
[2026-05-30T11:50:11.381+0000] {processor.py:183} INFO - Processing /home/airflow/.local/lib/python3.8/site-packages/airflow/example_dags/example_latest_only_with_trigger.py took 0.087 seconds
[2026-05-30T11:50:41.717+0000] {processor.py:161} INFO - Started process (PID=1364) to work on /home/airflow/.local/lib/python3.8/site-packages/airflow/example_dags/example_latest_only_with_trigger.py
[2026-05-30T11:50:41.718+0000] {processor.py:830} INFO - Processing file /home/airflow/.local/lib/python3.8/site-packages/airflow/example_dags/example_latest_only_with_trigger.py for tasks to queue
[2026-05-30T11:50:41.719+0000] {logging_mixin.py:188} INFO - [2026-05-30T11:50:41.719+0000] {dagbag.py:540} INFO - Filling up the DagBag from /home/airflow/.local/lib/python3.8/site-packages/airflow/example_dags/example_latest_only_with_trigger.py
[2026-05-30T11:50:41.724+0000] {processor.py:840} INFO - DAG(s) 'latest_only_with_trigger' retrieved from /home/airflow/.local/lib/python3.8/site-packages/airflow/example_dags/example_latest_only_with_trigger.py
[2026-05-30T11:50:41.744+0000] {logging_mixin.py:188} INFO - [2026-05-30T11:50:41.743+0000] {dag.py:3047} INFO - Sync 1 DAGs
[2026-05-30T11:50:41.762+0000] {logging_mixin.py:188} INFO - [2026-05-30T11:50:41.761+0000] {dag.py:3834} INFO - Setting next_dagrun for latest_only_with_trigger to 2026-05-30 04:00:00+00:00, run_after=2026-05-30 08:00:00+00:00
[2026-05-30T11:50:41.782+0000] {processor.py:183} INFO - Processing /home/airflow/.local/lib/python3.8/site-packages/airflow/example_dags/example_latest_only_with_trigger.py took 0.068 seconds
[2026-05-30T11:51:12.357+0000] {processor.py:161} INFO - Started process (PID=1419) to work on /home/airflow/.local/lib/python3.8/site-packages/airflow/example_dags/example_latest_only_with_trigger.py
[2026-05-30T11:51:12.359+0000] {processor.py:830} INFO - Processing file /home/airflow/.local/lib/python3.8/site-packages/airflow/example_dags/example_latest_only_with_trigger.py for tasks to queue
[2026-05-30T11:51:12.361+0000] {logging_mixin.py:188} INFO - [2026-05-30T11:51:12.361+0000] {dagbag.py:540} INFO - Filling up the DagBag from /home/airflow/.local/lib/python3.8/site-packages/airflow/example_dags/example_latest_only_with_trigger.py
[2026-05-30T11:51:12.366+0000] {processor.py:840} INFO - DAG(s) 'latest_only_with_trigger' retrieved from /home/airflow/.local/lib/python3.8/site-packages/airflow/example_dags/example_latest_only_with_trigger.py
[2026-05-30T11:51:12.387+0000] {logging_mixin.py:188} INFO - [2026-05-30T11:51:12.386+0000] {dag.py:3047} INFO - Sync 1 DAGs
[2026-05-30T11:51:12.408+0000] {logging_mixin.py:188} INFO - [2026-05-30T11:51:12.408+0000] {dag.py:3834} INFO - Setting next_dagrun for latest_only_with_trigger to 2026-05-30 04:00:00+00:00, run_after=2026-05-30 08:00:00+00:00
[2026-05-30T11:51:12.440+0000] {processor.py:183} INFO - Processing /home/airflow/.local/lib/python3.8/site-packages/airflow/example_dags/example_latest_only_with_trigger.py took 0.085 seconds
[2026-05-30T11:51:42.958+0000] {processor.py:161} INFO - Started process (PID=1474) to work on /home/airflow/.local/lib/python3.8/site-packages/airflow/example_dags/example_latest_only_with_trigger.py
[2026-05-30T11:51:42.959+0000] {processor.py:830} INFO - Processing file /home/airflow/.local/lib/python3.8/site-packages/airflow/example_dags/example_latest_only_with_trigger.py for tasks to queue
[2026-05-30T11:51:42.961+0000] {logging_mixin.py:188} INFO - [2026-05-30T11:51:42.961+0000] {dagbag.py:540} INFO - Filling up the DagBag from /home/airflow/.local/lib/python3.8/site-packages/airflow/example_dags/example_latest_only_with_trigger.py
[2026-05-30T11:51:42.966+0000] {processor.py:840} INFO - DAG(s) 'latest_only_with_trigger' retrieved from /home/airflow/.local/lib/python3.8/site-packages/airflow/example_dags/example_latest_only_with_trigger.py
[2026-05-30T11:51:42.987+0000] {logging_mixin.py:188} INFO - [2026-05-30T11:51:42.987+0000] {dag.py:3047} INFO - Sync 1 DAGs
[2026-05-30T11:51:43.004+0000] {logging_mixin.py:188} INFO - [2026-05-30T11:51:43.004+0000] {dag.py:3834} INFO - Setting next_dagrun for latest_only_with_trigger to 2026-05-30 04:00:00+00:00, run_after=2026-05-30 08:00:00+00:00
[2026-05-30T11:51:43.028+0000] {processor.py:183} INFO - Processing /home/airflow/.local/lib/python3.8/site-packages/airflow/example_dags/example_latest_only_with_trigger.py took 0.073 seconds
[2026-05-30T11:52:13.647+0000] {processor.py:161} INFO - Started process (PID=1529) to work on /home/airflow/.local/lib/python3.8/site-packages/airflow/example_dags/example_latest_only_with_trigger.py
[2026-05-30T11:52:13.648+0000] {processor.py:830} INFO - Processing file /home/airflow/.local/lib/python3.8/site-packages/airflow/example_dags/example_latest_only_with_trigger.py for tasks to queue
[2026-05-30T11:52:13.650+0000] {logging_mixin.py:188} INFO - [2026-05-30T11:52:13.650+0000] {dagbag.py:540} INFO - Filling up the DagBag from /home/airflow/.local/lib/python3.8/site-packages/airflow/example_dags/example_latest_only_with_trigger.py
[2026-05-30T11:52:13.655+0000] {processor.py:840} INFO - DAG(s) 'latest_only_with_trigger' retrieved from /home/airflow/.local/lib/python3.8/site-packages/airflow/example_dags/example_latest_only_with_trigger.py
[2026-05-30T11:52:13.672+0000] {logging_mixin.py:188} INFO - [2026-05-30T11:52:13.672+0000] {dag.py:3047} INFO - Sync 1 DAGs
[2026-05-30T11:52:13.690+0000] {logging_mixin.py:188} INFO - [2026-05-30T11:52:13.690+0000] {dag.py:3834} INFO - Setting next_dagrun for latest_only_with_trigger to 2026-05-30 04:00:00+00:00, run_after=2026-05-30 08:00:00+00:00
[2026-05-30T11:52:13.733+0000] {processor.py:183} INFO - Processing /home/airflow/.local/lib/python3.8/site-packages/airflow/example_dags/example_latest_only_with_trigger.py took 0.089 seconds
[2026-05-30T11:52:43.923+0000] {processor.py:161} INFO - Started process (PID=1584) to work on /home/airflow/.local/lib/python3.8/site-packages/airflow/example_dags/example_latest_only_with_trigger.py
[2026-05-30T11:52:43.925+0000] {processor.py:830} INFO - Processing file /home/airflow/.local/lib/python3.8/site-packages/airflow/example_dags/example_latest_only_with_trigger.py for tasks to queue
[2026-05-30T11:52:43.929+0000] {logging_mixin.py:188} INFO - [2026-05-30T11:52:43.928+0000] {dagbag.py:540} INFO - Filling up the DagBag from /home/airflow/.local/lib/python3.8/site-packages/airflow/example_dags/example_latest_only_with_trigger.py
[2026-05-30T11:52:43.934+0000] {processor.py:840} INFO - DAG(s) 'latest_only_with_trigger' retrieved from /home/airflow/.local/lib/python3.8/site-packages/airflow/example_dags/example_latest_only_with_trigger.py
[2026-05-30T11:52:43.958+0000] {logging_mixin.py:188} INFO - [2026-05-30T11:52:43.958+0000] {dag.py:3047} INFO - Sync 1 DAGs
[2026-05-30T11:52:43.979+0000] {logging_mixin.py:188} INFO - [2026-05-30T11:52:43.979+0000] {dag.py:3834} INFO - Setting next_dagrun for latest_only_with_trigger to 2026-05-30 04:00:00+00:00, run_after=2026-05-30 08:00:00+00:00
[2026-05-30T11:52:44.026+0000] {processor.py:183} INFO - Processing /home/airflow/.local/lib/python3.8/site-packages/airflow/example_dags/example_latest_only_with_trigger.py took 0.107 seconds
[2026-05-30T11:53:14.260+0000] {processor.py:161} INFO - Started process (PID=1639) to work on /home/airflow/.local/lib/python3.8/site-packages/airflow/example_dags/example_latest_only_with_trigger.py
[2026-05-30T11:53:14.262+0000] {processor.py:830} INFO - Processing file /home/airflow/.local/lib/python3.8/site-packages/airflow/example_dags/example_latest_only_with_trigger.py for tasks to queue
[2026-05-30T11:53:14.264+0000] {logging_mixin.py:188} INFO - [2026-05-30T11:53:14.264+0000] {dagbag.py:540} INFO - Filling up the DagBag from /home/airflow/.local/lib/python3.8/site-packages/airflow/example_dags/example_latest_only_with_trigger.py
[2026-05-30T11:53:14.270+0000] {processor.py:840} INFO - DAG(s) 'latest_only_with_trigger' retrieved from /home/airflow/.local/lib/python3.8/site-packages/airflow/example_dags/example_latest_only_with_trigger.py
[2026-05-30T11:53:14.295+0000] {logging_mixin.py:188} INFO - [2026-05-30T11:53:14.295+0000] {dag.py:3047} INFO - Sync 1 DAGs
[2026-05-30T11:53:14.318+0000] {logging_mixin.py:188} INFO - [2026-05-30T11:53:14.318+0000] {dag.py:3834} INFO - Setting next_dagrun for latest_only_with_trigger to 2026-05-30 04:00:00+00:00, run_after=2026-05-30 08:00:00+00:00
[2026-05-30T11:53:14.341+0000] {processor.py:183} INFO - Processing /home/airflow/.local/lib/python3.8/site-packages/airflow/example_dags/example_latest_only_with_trigger.py took 0.084 seconds
[2026-05-30T11:53:45.090+0000] {processor.py:161} INFO - Started process (PID=1694) to work on /home/airflow/.local/lib/python3.8/site-packages/airflow/example_dags/example_latest_only_with_trigger.py
[2026-05-30T11:53:45.091+0000] {processor.py:830} INFO - Processing file /home/airflow/.local/lib/python3.8/site-packages/airflow/example_dags/example_latest_only_with_trigger.py for tasks to queue
[2026-05-30T11:53:45.093+0000] {logging_mixin.py:188} INFO - [2026-05-30T11:53:45.093+0000] {dagbag.py:540} INFO - Filling up the DagBag from /home/airflow/.local/lib/python3.8/site-packages/airflow/example_dags/example_latest_only_with_trigger.py
[2026-05-30T11:53:45.098+0000] {processor.py:840} INFO - DAG(s) 'latest_only_with_trigger' retrieved from /home/airflow/.local/lib/python3.8/site-packages/airflow/example_dags/example_latest_only_with_trigger.py
[2026-05-30T11:53:45.117+0000] {logging_mixin.py:188} INFO - [2026-05-30T11:53:45.117+0000] {dag.py:3047} INFO - Sync 1 DAGs
[2026-05-30T11:53:45.136+0000] {logging_mixin.py:188} INFO - [2026-05-30T11:53:45.136+0000] {dag.py:3834} INFO - Setting next_dagrun for latest_only_with_trigger to 2026-05-30 04:00:00+00:00, run_after=2026-05-30 08:00:00+00:00
[2026-05-30T11:53:45.157+0000] {processor.py:183} INFO - Processing /home/airflow/.local/lib/python3.8/site-packages/airflow/example_dags/example_latest_only_with_trigger.py took 0.070 seconds
[2026-05-30T11:54:15.392+0000] {processor.py:161} INFO - Started process (PID=1748) to work on /home/airflow/.local/lib/python3.8/site-packages/airflow/example_dags/example_latest_only_with_trigger.py
[2026-05-30T11:54:15.394+0000] {processor.py:830} INFO - Processing file /home/airflow/.local/lib/python3.8/site-packages/airflow/example_dags/example_latest_only_with_trigger.py for tasks to queue
[2026-05-30T11:54:15.396+0000] {logging_mixin.py:188} INFO - [2026-05-30T11:54:15.396+0000] {dagbag.py:540} INFO - Filling up the DagBag from /home/airflow/.local/lib/python3.8/site-packages/airflow/example_dags/example_latest_only_with_trigger.py
[2026-05-30T11:54:15.401+0000] {processor.py:840} INFO - DAG(s) 'latest_only_with_trigger' retrieved from /home/airflow/.local/lib/python3.8/site-packages/airflow/example_dags/example_latest_only_with_trigger.py
[2026-05-30T11:54:15.421+0000] {logging_mixin.py:188} INFO - [2026-05-30T11:54:15.421+0000] {dag.py:3047} INFO - Sync 1 DAGs
[2026-05-30T11:54:15.439+0000] {logging_mixin.py:188} INFO - [2026-05-30T11:54:15.439+0000] {dag.py:3834} INFO - Setting next_dagrun for latest_only_with_trigger to 2026-05-30 04:00:00+00:00, run_after=2026-05-30 08:00:00+00:00
[2026-05-30T11:54:15.464+0000] {processor.py:183} INFO - Processing /home/airflow/.local/lib/python3.8/site-packages/airflow/example_dags/example_latest_only_with_trigger.py took 0.075 seconds
[2026-05-30T11:54:46.009+0000] {processor.py:161} INFO - Started process (PID=1803) to work on /home/airflow/.local/lib/python3.8/site-packages/airflow/example_dags/example_latest_only_with_trigger.py
[2026-05-30T11:54:46.012+0000] {processor.py:830} INFO - Processing file /home/airflow/.local/lib/python3.8/site-packages/airflow/example_dags/example_latest_only_with_trigger.py for tasks to queue
[2026-05-30T11:54:46.018+0000] {logging_mixin.py:188} INFO - [2026-05-30T11:54:46.017+0000] {dagbag.py:540} INFO - Filling up the DagBag from /home/airflow/.local/lib/python3.8/site-packages/airflow/example_dags/example_latest_only_with_trigger.py
[2026-05-30T11:54:46.030+0000] {processor.py:840} INFO - DAG(s) 'latest_only_with_trigger' retrieved from /home/airflow/.local/lib/python3.8/site-packages/airflow/example_dags/example_latest_only_with_trigger.py
[2026-05-30T11:54:46.059+0000] {logging_mixin.py:188} INFO - [2026-05-30T11:54:46.059+0000] {dag.py:3047} INFO - Sync 1 DAGs
[2026-05-30T11:54:46.089+0000] {logging_mixin.py:188} INFO - [2026-05-30T11:54:46.088+0000] {dag.py:3834} INFO - Setting next_dagrun for latest_only_with_trigger to 2026-05-30 04:00:00+00:00, run_after=2026-05-30 08:00:00+00:00
[2026-05-30T11:54:46.119+0000] {processor.py:183} INFO - Processing /home/airflow/.local/lib/python3.8/site-packages/airflow/example_dags/example_latest_only_with_trigger.py took 0.118 seconds
[2026-05-30T11:55:16.905+0000] {processor.py:161} INFO - Started process (PID=1859) to work on /home/airflow/.local/lib/python3.8/site-packages/airflow/example_dags/example_latest_only_with_trigger.py
[2026-05-30T11:55:16.907+0000] {processor.py:830} INFO - Processing file /home/airflow/.local/lib/python3.8/site-packages/airflow/example_dags/example_latest_only_with_trigger.py for tasks to queue
[2026-05-30T11:55:16.911+0000] {logging_mixin.py:188} INFO - [2026-05-30T11:55:16.910+0000] {dagbag.py:540} INFO - Filling up the DagBag from /home/airflow/.local/lib/python3.8/site-packages/airflow/example_dags/example_latest_only_with_trigger.py
[2026-05-30T11:55:16.917+0000] {processor.py:840} INFO - DAG(s) 'latest_only_with_trigger' retrieved from /home/airflow/.local/lib/python3.8/site-packages/airflow/example_dags/example_latest_only_with_trigger.py
[2026-05-30T11:55:16.951+0000] {logging_mixin.py:188} INFO - [2026-05-30T11:55:16.951+0000] {dag.py:3047} INFO - Sync 1 DAGs
[2026-05-30T11:55:16.979+0000] {logging_mixin.py:188} INFO - [2026-05-30T11:55:16.979+0000] {dag.py:3834} INFO - Setting next_dagrun for latest_only_with_trigger to 2026-05-30 04:00:00+00:00, run_after=2026-05-30 08:00:00+00:00
[2026-05-30T11:55:17.007+0000] {processor.py:183} INFO - Processing /home/airflow/.local/lib/python3.8/site-packages/airflow/example_dags/example_latest_only_with_trigger.py took 0.105 seconds
[2026-05-30T11:55:47.202+0000] {processor.py:161} INFO - Started process (PID=1914) to work on /home/airflow/.local/lib/python3.8/site-packages/airflow/example_dags/example_latest_only_with_trigger.py
[2026-05-30T11:55:47.203+0000] {processor.py:830} INFO - Processing file /home/airflow/.local/lib/python3.8/site-packages/airflow/example_dags/example_latest_only_with_trigger.py for tasks to queue
[2026-05-30T11:55:47.205+0000] {logging_mixin.py:188} INFO - [2026-05-30T11:55:47.205+0000] {dagbag.py:540} INFO - Filling up the DagBag from /home/airflow/.local/lib/python3.8/site-packages/airflow/example_dags/example_latest_only_with_trigger.py
[2026-05-30T11:55:47.210+0000] {processor.py:840} INFO - DAG(s) 'latest_only_with_trigger' retrieved from /home/airflow/.local/lib/python3.8/site-packages/airflow/example_dags/example_latest_only_with_trigger.py
[2026-05-30T11:55:47.230+0000] {logging_mixin.py:188} INFO - [2026-05-30T11:55:47.230+0000] {dag.py:3047} INFO - Sync 1 DAGs
[2026-05-30T11:55:47.247+0000] {logging_mixin.py:188} INFO - [2026-05-30T11:55:47.247+0000] {dag.py:3834} INFO - Setting next_dagrun for latest_only_with_trigger to 2026-05-30 04:00:00+00:00, run_after=2026-05-30 08:00:00+00:00
[2026-05-30T11:55:47.268+0000] {processor.py:183} INFO - Processing /home/airflow/.local/lib/python3.8/site-packages/airflow/example_dags/example_latest_only_with_trigger.py took 0.069 seconds
[2026-05-30T11:56:17.548+0000] {processor.py:161} INFO - Started process (PID=1969) to work on /home/airflow/.local/lib/python3.8/site-packages/airflow/example_dags/example_latest_only_with_trigger.py
[2026-05-30T11:56:17.550+0000] {processor.py:830} INFO - Processing file /home/airflow/.local/lib/python3.8/site-packages/airflow/example_dags/example_latest_only_with_trigger.py for tasks to queue
[2026-05-30T11:56:17.552+0000] {logging_mixin.py:188} INFO - [2026-05-30T11:56:17.552+0000] {dagbag.py:540} INFO - Filling up the DagBag from /home/airflow/.local/lib/python3.8/site-packages/airflow/example_dags/example_latest_only_with_trigger.py
[2026-05-30T11:56:17.557+0000] {processor.py:840} INFO - DAG(s) 'latest_only_with_trigger' retrieved from /home/airflow/.local/lib/python3.8/site-packages/airflow/example_dags/example_latest_only_with_trigger.py
[2026-05-30T11:56:17.576+0000] {logging_mixin.py:188} INFO - [2026-05-30T11:56:17.576+0000] {dag.py:3047} INFO - Sync 1 DAGs
[2026-05-30T11:56:17.593+0000] {logging_mixin.py:188} INFO - [2026-05-30T11:56:17.593+0000] {dag.py:3834} INFO - Setting next_dagrun for latest_only_with_trigger to 2026-05-30 04:00:00+00:00, run_after=2026-05-30 08:00:00+00:00
[2026-05-30T11:56:17.615+0000] {processor.py:183} INFO - Processing /home/airflow/.local/lib/python3.8/site-packages/airflow/example_dags/example_latest_only_with_trigger.py took 0.070 seconds
[2026-05-30T11:56:48.139+0000] {processor.py:161} INFO - Started process (PID=2024) to work on /home/airflow/.local/lib/python3.8/site-packages/airflow/example_dags/example_latest_only_with_trigger.py
[2026-05-30T11:56:48.140+0000] {processor.py:830} INFO - Processing file /home/airflow/.local/lib/python3.8/site-packages/airflow/example_dags/example_latest_only_with_trigger.py for tasks to queue
[2026-05-30T11:56:48.142+0000] {logging_mixin.py:188} INFO - [2026-05-30T11:56:48.142+0000] {dagbag.py:540} INFO - Filling up the DagBag from /home/airflow/.local/lib/python3.8/site-packages/airflow/example_dags/example_latest_only_with_trigger.py
[2026-05-30T11:56:48.147+0000] {processor.py:840} INFO - DAG(s) 'latest_only_with_trigger' retrieved from /home/airflow/.local/lib/python3.8/site-packages/airflow/example_dags/example_latest_only_with_trigger.py
[2026-05-30T11:56:48.171+0000] {logging_mixin.py:188} INFO - [2026-05-30T11:56:48.171+0000] {dag.py:3047} INFO - Sync 1 DAGs
[2026-05-30T11:56:48.193+0000] {logging_mixin.py:188} INFO - [2026-05-30T11:56:48.193+0000] {dag.py:3834} INFO - Setting next_dagrun for latest_only_with_trigger to 2026-05-30 04:00:00+00:00, run_after=2026-05-30 08:00:00+00:00
[2026-05-30T11:56:48.217+0000] {processor.py:183} INFO - Processing /home/airflow/.local/lib/python3.8/site-packages/airflow/example_dags/example_latest_only_with_trigger.py took 0.081 seconds
[2026-05-30T11:57:18.755+0000] {processor.py:161} INFO - Started process (PID=2079) to work on /home/airflow/.local/lib/python3.8/site-packages/airflow/example_dags/example_latest_only_with_trigger.py
[2026-05-30T11:57:18.756+0000] {processor.py:830} INFO - Processing file /home/airflow/.local/lib/python3.8/site-packages/airflow/example_dags/example_latest_only_with_trigger.py for tasks to queue
[2026-05-30T11:57:18.760+0000] {logging_mixin.py:188} INFO - [2026-05-30T11:57:18.760+0000] {dagbag.py:540} INFO - Filling up the DagBag from /home/airflow/.local/lib/python3.8/site-packages/airflow/example_dags/example_latest_only_with_trigger.py
[2026-05-30T11:57:18.766+0000] {processor.py:840} INFO - DAG(s) 'latest_only_with_trigger' retrieved from /home/airflow/.local/lib/python3.8/site-packages/airflow/example_dags/example_latest_only_with_trigger.py
[2026-05-30T11:57:18.793+0000] {logging_mixin.py:188} INFO - [2026-05-30T11:57:18.793+0000] {dag.py:3047} INFO - Sync 1 DAGs
[2026-05-30T11:57:18.813+0000] {logging_mixin.py:188} INFO - [2026-05-30T11:57:18.812+0000] {dag.py:3834} INFO - Setting next_dagrun for latest_only_with_trigger to 2026-05-30 04:00:00+00:00, run_after=2026-05-30 08:00:00+00:00
[2026-05-30T11:57:18.836+0000] {processor.py:183} INFO - Processing /home/airflow/.local/lib/python3.8/site-packages/airflow/example_dags/example_latest_only_with_trigger.py took 0.083 seconds
[2026-05-30T11:57:49.457+0000] {processor.py:161} INFO - Started process (PID=2134) to work on /home/airflow/.local/lib/python3.8/site-packages/airflow/example_dags/example_latest_only_with_trigger.py
[2026-05-30T11:57:49.459+0000] {processor.py:830} INFO - Processing file /home/airflow/.local/lib/python3.8/site-packages/airflow/example_dags/example_latest_only_with_trigger.py for tasks to queue
[2026-05-30T11:57:49.461+0000] {logging_mixin.py:188} INFO - [2026-05-30T11:57:49.461+0000] {dagbag.py:540} INFO - Filling up the DagBag from /home/airflow/.local/lib/python3.8/site-packages/airflow/example_dags/example_latest_only_with_trigger.py
[2026-05-30T11:57:49.466+0000] {processor.py:840} INFO - DAG(s) 'latest_only_with_trigger' retrieved from /home/airflow/.local/lib/python3.8/site-packages/airflow/example_dags/example_latest_only_with_trigger.py
[2026-05-30T11:57:49.613+0000] {logging_mixin.py:188} INFO - [2026-05-30T11:57:49.613+0000] {dag.py:3047} INFO - Sync 1 DAGs
[2026-05-30T11:57:49.629+0000] {logging_mixin.py:188} INFO - [2026-05-30T11:57:49.629+0000] {dag.py:3834} INFO - Setting next_dagrun for latest_only_with_trigger to 2026-05-30 04:00:00+00:00, run_after=2026-05-30 08:00:00+00:00
[2026-05-30T11:57:49.648+0000] {processor.py:183} INFO - Processing /home/airflow/.local/lib/python3.8/site-packages/airflow/example_dags/example_latest_only_with_trigger.py took 0.194 seconds
[2026-05-30T11:58:20.422+0000] {processor.py:161} INFO - Started process (PID=2189) to work on /home/airflow/.local/lib/python3.8/site-packages/airflow/example_dags/example_latest_only_with_trigger.py
[2026-05-30T11:58:20.424+0000] {processor.py:830} INFO - Processing file /home/airflow/.local/lib/python3.8/site-packages/airflow/example_dags/example_latest_only_with_trigger.py for tasks to queue
[2026-05-30T11:58:20.425+0000] {logging_mixin.py:188} INFO - [2026-05-30T11:58:20.425+0000] {dagbag.py:540} INFO - Filling up the DagBag from /home/airflow/.local/lib/python3.8/site-packages/airflow/example_dags/example_latest_only_with_trigger.py
[2026-05-30T11:58:20.429+0000] {processor.py:840} INFO - DAG(s) 'latest_only_with_trigger' retrieved from /home/airflow/.local/lib/python3.8/site-packages/airflow/example_dags/example_latest_only_with_trigger.py
[2026-05-30T11:58:20.447+0000] {logging_mixin.py:188} INFO - [2026-05-30T11:58:20.447+0000] {dag.py:3047} INFO - Sync 1 DAGs
[2026-05-30T11:58:20.465+0000] {logging_mixin.py:188} INFO - [2026-05-30T11:58:20.465+0000] {dag.py:3834} INFO - Setting next_dagrun for latest_only_with_trigger to 2026-05-30 04:00:00+00:00, run_after=2026-05-30 08:00:00+00:00
[2026-05-30T11:58:20.484+0000] {processor.py:183} INFO - Processing /home/airflow/.local/lib/python3.8/site-packages/airflow/example_dags/example_latest_only_with_trigger.py took 0.064 seconds
[2026-05-30T11:58:50.669+0000] {processor.py:161} INFO - Started process (PID=2244) to work on /home/airflow/.local/lib/python3.8/site-packages/airflow/example_dags/example_latest_only_with_trigger.py
[2026-05-30T11:58:50.670+0000] {processor.py:830} INFO - Processing file /home/airflow/.local/lib/python3.8/site-packages/airflow/example_dags/example_latest_only_with_trigger.py for tasks to queue
[2026-05-30T11:58:50.672+0000] {logging_mixin.py:188} INFO - [2026-05-30T11:58:50.672+0000] {dagbag.py:540} INFO - Filling up the DagBag from /home/airflow/.local/lib/python3.8/site-packages/airflow/example_dags/example_latest_only_with_trigger.py
[2026-05-30T11:58:50.676+0000] {processor.py:840} INFO - DAG(s) 'latest_only_with_trigger' retrieved from /home/airflow/.local/lib/python3.8/site-packages/airflow/example_dags/example_latest_only_with_trigger.py
[2026-05-30T11:58:50.699+0000] {logging_mixin.py:188} INFO - [2026-05-30T11:58:50.699+0000] {dag.py:3047} INFO - Sync 1 DAGs
[2026-05-30T11:58:50.717+0000] {logging_mixin.py:188} INFO - [2026-05-30T11:58:50.716+0000] {dag.py:3834} INFO - Setting next_dagrun for latest_only_with_trigger to 2026-05-30 04:00:00+00:00, run_after=2026-05-30 08:00:00+00:00
[2026-05-30T11:58:50.738+0000] {processor.py:183} INFO - Processing /home/airflow/.local/lib/python3.8/site-packages/airflow/example_dags/example_latest_only_with_trigger.py took 0.072 seconds
[2026-05-30T11:59:20.949+0000] {processor.py:161} INFO - Started process (PID=2299) to work on /home/airflow/.local/lib/python3.8/site-packages/airflow/example_dags/example_latest_only_with_trigger.py
[2026-05-30T11:59:20.951+0000] {processor.py:830} INFO - Processing file /home/airflow/.local/lib/python3.8/site-packages/airflow/example_dags/example_latest_only_with_trigger.py for tasks to queue
[2026-05-30T11:59:20.953+0000] {logging_mixin.py:188} INFO - [2026-05-30T11:59:20.952+0000] {dagbag.py:540} INFO - Filling up the DagBag from /home/airflow/.local/lib/python3.8/site-packages/airflow/example_dags/example_latest_only_with_trigger.py
[2026-05-30T11:59:20.961+0000] {processor.py:840} INFO - DAG(s) 'latest_only_with_trigger' retrieved from /home/airflow/.local/lib/python3.8/site-packages/airflow/example_dags/example_latest_only_with_trigger.py
[2026-05-30T11:59:20.977+0000] {logging_mixin.py:188} INFO - [2026-05-30T11:59:20.977+0000] {dag.py:3047} INFO - Sync 1 DAGs
[2026-05-30T11:59:20.994+0000] {logging_mixin.py:188} INFO - [2026-05-30T11:59:20.994+0000] {dag.py:3834} INFO - Setting next_dagrun for latest_only_with_trigger to 2026-05-30 04:00:00+00:00, run_after=2026-05-30 08:00:00+00:00
[2026-05-30T11:59:21.016+0000] {processor.py:183} INFO - Processing /home/airflow/.local/lib/python3.8/site-packages/airflow/example_dags/example_latest_only_with_trigger.py took 0.070 seconds
[2026-05-30T11:59:51.255+0000] {processor.py:161} INFO - Started process (PID=2354) to work on /home/airflow/.local/lib/python3.8/site-packages/airflow/example_dags/example_latest_only_with_trigger.py
[2026-05-30T11:59:51.257+0000] {processor.py:830} INFO - Processing file /home/airflow/.local/lib/python3.8/site-packages/airflow/example_dags/example_latest_only_with_trigger.py for tasks to queue
[2026-05-30T11:59:51.259+0000] {logging_mixin.py:188} INFO - [2026-05-30T11:59:51.258+0000] {dagbag.py:540} INFO - Filling up the DagBag from /home/airflow/.local/lib/python3.8/site-packages/airflow/example_dags/example_latest_only_with_trigger.py
[2026-05-30T11:59:51.266+0000] {processor.py:840} INFO - DAG(s) 'latest_only_with_trigger' retrieved from /home/airflow/.local/lib/python3.8/site-packages/airflow/example_dags/example_latest_only_with_trigger.py
[2026-05-30T11:59:51.287+0000] {logging_mixin.py:188} INFO - [2026-05-30T11:59:51.286+0000] {dag.py:3047} INFO - Sync 1 DAGs
[2026-05-30T11:59:51.305+0000] {logging_mixin.py:188} INFO - [2026-05-30T11:59:51.305+0000] {dag.py:3834} INFO - Setting next_dagrun for latest_only_with_trigger to 2026-05-30 04:00:00+00:00, run_after=2026-05-30 08:00:00+00:00
[2026-05-30T11:59:51.325+0000] {processor.py:183} INFO - Processing /home/airflow/.local/lib/python3.8/site-packages/airflow/example_dags/example_latest_only_with_trigger.py took 0.072 seconds
[2026-05-30T12:00:21.600+0000] {processor.py:161} INFO - Started process (PID=2409) to work on /home/airflow/.local/lib/python3.8/site-packages/airflow/example_dags/example_latest_only_with_trigger.py
[2026-05-30T12:00:21.602+0000] {processor.py:830} INFO - Processing file /home/airflow/.local/lib/python3.8/site-packages/airflow/example_dags/example_latest_only_with_trigger.py for tasks to queue
[2026-05-30T12:00:21.604+0000] {logging_mixin.py:188} INFO - [2026-05-30T12:00:21.604+0000] {dagbag.py:540} INFO - Filling up the DagBag from /home/airflow/.local/lib/python3.8/site-packages/airflow/example_dags/example_latest_only_with_trigger.py
[2026-05-30T12:00:21.609+0000] {processor.py:840} INFO - DAG(s) 'latest_only_with_trigger' retrieved from /home/airflow/.local/lib/python3.8/site-packages/airflow/example_dags/example_latest_only_with_trigger.py
[2026-05-30T12:00:21.627+0000] {logging_mixin.py:188} INFO - [2026-05-30T12:00:21.627+0000] {dag.py:3047} INFO - Sync 1 DAGs
[2026-05-30T12:00:21.646+0000] {logging_mixin.py:188} INFO - [2026-05-30T12:00:21.646+0000] {dag.py:3834} INFO - Setting next_dagrun for latest_only_with_trigger to 2026-05-30 08:00:00+00:00, run_after=2026-05-30 12:00:00+00:00
[2026-05-30T12:00:21.669+0000] {processor.py:183} INFO - Processing /home/airflow/.local/lib/python3.8/site-packages/airflow/example_dags/example_latest_only_with_trigger.py took 0.071 seconds
[2026-05-30T12:00:51.845+0000] {processor.py:161} INFO - Started process (PID=2464) to work on /home/airflow/.local/lib/python3.8/site-packages/airflow/example_dags/example_latest_only_with_trigger.py
[2026-05-30T12:00:51.847+0000] {processor.py:830} INFO - Processing file /home/airflow/.local/lib/python3.8/site-packages/airflow/example_dags/example_latest_only_with_trigger.py for tasks to queue
[2026-05-30T12:00:51.849+0000] {logging_mixin.py:188} INFO - [2026-05-30T12:00:51.849+0000] {dagbag.py:540} INFO - Filling up the DagBag from /home/airflow/.local/lib/python3.8/site-packages/airflow/example_dags/example_latest_only_with_trigger.py
[2026-05-30T12:00:51.855+0000] {processor.py:840} INFO - DAG(s) 'latest_only_with_trigger' retrieved from /home/airflow/.local/lib/python3.8/site-packages/airflow/example_dags/example_latest_only_with_trigger.py
[2026-05-30T12:00:51.876+0000] {logging_mixin.py:188} INFO - [2026-05-30T12:00:51.876+0000] {dag.py:3047} INFO - Sync 1 DAGs
[2026-05-30T12:00:51.894+0000] {logging_mixin.py:188} INFO - [2026-05-30T12:00:51.893+0000] {dag.py:3834} INFO - Setting next_dagrun for latest_only_with_trigger to 2026-05-30 08:00:00+00:00, run_after=2026-05-30 12:00:00+00:00
[2026-05-30T12:00:51.916+0000] {processor.py:183} INFO - Processing /home/airflow/.local/lib/python3.8/site-packages/airflow/example_dags/example_latest_only_with_trigger.py took 0.073 seconds
[2026-05-30T12:01:22.118+0000] {processor.py:161} INFO - Started process (PID=2519) to work on /home/airflow/.local/lib/python3.8/site-packages/airflow/example_dags/example_latest_only_with_trigger.py
[2026-05-30T12:01:22.119+0000] {processor.py:830} INFO - Processing file /home/airflow/.local/lib/python3.8/site-packages/airflow/example_dags/example_latest_only_with_trigger.py for tasks to queue
[2026-05-30T12:01:22.122+0000] {logging_mixin.py:188} INFO - [2026-05-30T12:01:22.121+0000] {dagbag.py:540} INFO - Filling up the DagBag from /home/airflow/.local/lib/python3.8/site-packages/airflow/example_dags/example_latest_only_with_trigger.py
[2026-05-30T12:01:22.126+0000] {processor.py:840} INFO - DAG(s) 'latest_only_with_trigger' retrieved from /home/airflow/.local/lib/python3.8/site-packages/airflow/example_dags/example_latest_only_with_trigger.py
[2026-05-30T12:01:22.146+0000] {logging_mixin.py:188} INFO - [2026-05-30T12:01:22.146+0000] {dag.py:3047} INFO - Sync 1 DAGs
[2026-05-30T12:01:22.163+0000] {logging_mixin.py:188} INFO - [2026-05-30T12:01:22.163+0000] {dag.py:3834} INFO - Setting next_dagrun for latest_only_with_trigger to 2026-05-30 08:00:00+00:00, run_after=2026-05-30 12:00:00+00:00
[2026-05-30T12:01:22.186+0000] {processor.py:183} INFO - Processing /home/airflow/.local/lib/python3.8/site-packages/airflow/example_dags/example_latest_only_with_trigger.py took 0.071 seconds
[2026-05-30T12:01:52.310+0000] {processor.py:161} INFO - Started process (PID=2574) to work on /home/airflow/.local/lib/python3.8/site-packages/airflow/example_dags/example_latest_only_with_trigger.py
[2026-05-30T12:01:52.312+0000] {processor.py:830} INFO - Processing file /home/airflow/.local/lib/python3.8/site-packages/airflow/example_dags/example_latest_only_with_trigger.py for tasks to queue
[2026-05-30T12:01:52.314+0000] {logging_mixin.py:188} INFO - [2026-05-30T12:01:52.314+0000] {dagbag.py:540} INFO - Filling up the DagBag from /home/airflow/.local/lib/python3.8/site-packages/airflow/example_dags/example_latest_only_with_trigger.py
[2026-05-30T12:01:52.319+0000] {processor.py:840} INFO - DAG(s) 'latest_only_with_trigger' retrieved from /home/airflow/.local/lib/python3.8/site-packages/airflow/example_dags/example_latest_only_with_trigger.py
[2026-05-30T12:01:52.344+0000] {logging_mixin.py:188} INFO - [2026-05-30T12:01:52.343+0000] {dag.py:3047} INFO - Sync 1 DAGs
[2026-05-30T12:01:52.363+0000] {logging_mixin.py:188} INFO - [2026-05-30T12:01:52.362+0000] {dag.py:3834} INFO - Setting next_dagrun for latest_only_with_trigger to 2026-05-30 08:00:00+00:00, run_after=2026-05-30 12:00:00+00:00
[2026-05-30T12:01:52.388+0000] {processor.py:183} INFO - Processing /home/airflow/.local/lib/python3.8/site-packages/airflow/example_dags/example_latest_only_with_trigger.py took 0.081 seconds
[2026-05-30T12:02:23.045+0000] {processor.py:161} INFO - Started process (PID=2630) to work on /home/airflow/.local/lib/python3.8/site-packages/airflow/example_dags/example_latest_only_with_trigger.py
[2026-05-30T12:02:23.046+0000] {processor.py:830} INFO - Processing file /home/airflow/.local/lib/python3.8/site-packages/airflow/example_dags/example_latest_only_with_trigger.py for tasks to queue
[2026-05-30T12:02:23.047+0000] {logging_mixin.py:188} INFO - [2026-05-30T12:02:23.047+0000] {dagbag.py:540} INFO - Filling up the DagBag from /home/airflow/.local/lib/python3.8/site-packages/airflow/example_dags/example_latest_only_with_trigger.py
[2026-05-30T12:02:23.052+0000] {processor.py:840} INFO - DAG(s) 'latest_only_with_trigger' retrieved from /home/airflow/.local/lib/python3.8/site-packages/airflow/example_dags/example_latest_only_with_trigger.py
[2026-05-30T12:02:23.077+0000] {logging_mixin.py:188} INFO - [2026-05-30T12:02:23.077+0000] {dag.py:3047} INFO - Sync 1 DAGs
[2026-05-30T12:02:23.099+0000] {logging_mixin.py:188} INFO - [2026-05-30T12:02:23.099+0000] {dag.py:3834} INFO - Setting next_dagrun for latest_only_with_trigger to 2026-05-30 08:00:00+00:00, run_after=2026-05-30 12:00:00+00:00
[2026-05-30T12:02:23.126+0000] {processor.py:183} INFO - Processing /home/airflow/.local/lib/python3.8/site-packages/airflow/example_dags/example_latest_only_with_trigger.py took 0.083 seconds
[2026-05-30T12:02:53.563+0000] {processor.py:161} INFO - Started process (PID=2685) to work on /home/airflow/.local/lib/python3.8/site-packages/airflow/example_dags/example_latest_only_with_trigger.py
[2026-05-30T12:02:53.564+0000] {processor.py:830} INFO - Processing file /home/airflow/.local/lib/python3.8/site-packages/airflow/example_dags/example_latest_only_with_trigger.py for tasks to queue
[2026-05-30T12:02:53.566+0000] {logging_mixin.py:188} INFO - [2026-05-30T12:02:53.566+0000] {dagbag.py:540} INFO - Filling up the DagBag from /home/airflow/.local/lib/python3.8/site-packages/airflow/example_dags/example_latest_only_with_trigger.py
[2026-05-30T12:02:53.572+0000] {processor.py:840} INFO - DAG(s) 'latest_only_with_trigger' retrieved from /home/airflow/.local/lib/python3.8/site-packages/airflow/example_dags/example_latest_only_with_trigger.py
[2026-05-30T12:02:53.594+0000] {logging_mixin.py:188} INFO - [2026-05-30T12:02:53.594+0000] {dag.py:3047} INFO - Sync 1 DAGs
[2026-05-30T12:02:53.611+0000] {logging_mixin.py:188} INFO - [2026-05-30T12:02:53.611+0000] {dag.py:3834} INFO - Setting next_dagrun for latest_only_with_trigger to 2026-05-30 08:00:00+00:00, run_after=2026-05-30 12:00:00+00:00
[2026-05-30T12:02:53.637+0000] {processor.py:183} INFO - Processing /home/airflow/.local/lib/python3.8/site-packages/airflow/example_dags/example_latest_only_with_trigger.py took 0.076 seconds
[2026-05-30T12:03:24.135+0000] {processor.py:161} INFO - Started process (PID=2740) to work on /home/airflow/.local/lib/python3.8/site-packages/airflow/example_dags/example_latest_only_with_trigger.py
[2026-05-30T12:03:24.137+0000] {processor.py:830} INFO - Processing file /home/airflow/.local/lib/python3.8/site-packages/airflow/example_dags/example_latest_only_with_trigger.py for tasks to queue
[2026-05-30T12:03:24.138+0000] {logging_mixin.py:188} INFO - [2026-05-30T12:03:24.138+0000] {dagbag.py:540} INFO - Filling up the DagBag from /home/airflow/.local/lib/python3.8/site-packages/airflow/example_dags/example_latest_only_with_trigger.py
[2026-05-30T12:03:24.143+0000] {processor.py:840} INFO - DAG(s) 'latest_only_with_trigger' retrieved from /home/airflow/.local/lib/python3.8/site-packages/airflow/example_dags/example_latest_only_with_trigger.py
[2026-05-30T12:03:24.169+0000] {logging_mixin.py:188} INFO - [2026-05-30T12:03:24.169+0000] {dag.py:3047} INFO - Sync 1 DAGs
[2026-05-30T12:03:24.187+0000] {logging_mixin.py:188} INFO - [2026-05-30T12:03:24.187+0000] {dag.py:3834} INFO - Setting next_dagrun for latest_only_with_trigger to 2026-05-30 08:00:00+00:00, run_after=2026-05-30 12:00:00+00:00
[2026-05-30T12:03:24.209+0000] {processor.py:183} INFO - Processing /home/airflow/.local/lib/python3.8/site-packages/airflow/example_dags/example_latest_only_with_trigger.py took 0.076 seconds
[2026-05-30T12:03:54.713+0000] {processor.py:161} INFO - Started process (PID=2795) to work on /home/airflow/.local/lib/python3.8/site-packages/airflow/example_dags/example_latest_only_with_trigger.py
[2026-05-30T12:03:54.714+0000] {processor.py:830} INFO - Processing file /home/airflow/.local/lib/python3.8/site-packages/airflow/example_dags/example_latest_only_with_trigger.py for tasks to queue
[2026-05-30T12:03:54.717+0000] {logging_mixin.py:188} INFO - [2026-05-30T12:03:54.717+0000] {dagbag.py:540} INFO - Filling up the DagBag from /home/airflow/.local/lib/python3.8/site-packages/airflow/example_dags/example_latest_only_with_trigger.py
[2026-05-30T12:03:54.726+0000] {processor.py:840} INFO - DAG(s) 'latest_only_with_trigger' retrieved from /home/airflow/.local/lib/python3.8/site-packages/airflow/example_dags/example_latest_only_with_trigger.py
[2026-05-30T12:03:54.766+0000] {logging_mixin.py:188} INFO - [2026-05-30T12:03:54.766+0000] {dag.py:3047} INFO - Sync 1 DAGs
[2026-05-30T12:03:54.790+0000] {logging_mixin.py:188} INFO - [2026-05-30T12:03:54.789+0000] {dag.py:3834} INFO - Setting next_dagrun for latest_only_with_trigger to 2026-05-30 08:00:00+00:00, run_after=2026-05-30 12:00:00+00:00
[2026-05-30T12:03:54.818+0000] {processor.py:183} INFO - Processing /home/airflow/.local/lib/python3.8/site-packages/airflow/example_dags/example_latest_only_with_trigger.py took 0.109 seconds
[2026-05-30T12:04:25.132+0000] {processor.py:161} INFO - Started process (PID=2850) to work on /home/airflow/.local/lib/python3.8/site-packages/airflow/example_dags/example_latest_only_with_trigger.py
[2026-05-30T12:04:25.134+0000] {processor.py:830} INFO - Processing file /home/airflow/.local/lib/python3.8/site-packages/airflow/example_dags/example_latest_only_with_trigger.py for tasks to queue
[2026-05-30T12:04:25.136+0000] {logging_mixin.py:188} INFO - [2026-05-30T12:04:25.135+0000] {dagbag.py:540} INFO - Filling up the DagBag from /home/airflow/.local/lib/python3.8/site-packages/airflow/example_dags/example_latest_only_with_trigger.py
[2026-05-30T12:04:25.142+0000] {processor.py:840} INFO - DAG(s) 'latest_only_with_trigger' retrieved from /home/airflow/.local/lib/python3.8/site-packages/airflow/example_dags/example_latest_only_with_trigger.py
[2026-05-30T12:04:25.160+0000] {logging_mixin.py:188} INFO - [2026-05-30T12:04:25.160+0000] {dag.py:3047} INFO - Sync 1 DAGs
[2026-05-30T12:04:25.178+0000] {logging_mixin.py:188} INFO - [2026-05-30T12:04:25.178+0000] {dag.py:3834} INFO - Setting next_dagrun for latest_only_with_trigger to 2026-05-30 08:00:00+00:00, run_after=2026-05-30 12:00:00+00:00
[2026-05-30T12:04:25.201+0000] {processor.py:183} INFO - Processing /home/airflow/.local/lib/python3.8/site-packages/airflow/example_dags/example_latest_only_with_trigger.py took 0.071 seconds
[2026-05-30T12:04:55.626+0000] {processor.py:161} INFO - Started process (PID=2905) to work on /home/airflow/.local/lib/python3.8/site-packages/airflow/example_dags/example_latest_only_with_trigger.py
[2026-05-30T12:04:55.630+0000] {processor.py:830} INFO - Processing file /home/airflow/.local/lib/python3.8/site-packages/airflow/example_dags/example_latest_only_with_trigger.py for tasks to queue
[2026-05-30T12:04:55.645+0000] {logging_mixin.py:188} INFO - [2026-05-30T12:04:55.644+0000] {dagbag.py:540} INFO - Filling up the DagBag from /home/airflow/.local/lib/python3.8/site-packages/airflow/example_dags/example_latest_only_with_trigger.py
[2026-05-30T12:04:55.677+0000] {processor.py:840} INFO - DAG(s) 'latest_only_with_trigger' retrieved from /home/airflow/.local/lib/python3.8/site-packages/airflow/example_dags/example_latest_only_with_trigger.py
[2026-05-30T12:04:55.762+0000] {logging_mixin.py:188} INFO - [2026-05-30T12:04:55.761+0000] {dag.py:3047} INFO - Sync 1 DAGs
[2026-05-30T12:04:55.822+0000] {logging_mixin.py:188} INFO - [2026-05-30T12:04:55.821+0000] {dag.py:3834} INFO - Setting next_dagrun for latest_only_with_trigger to 2026-05-30 08:00:00+00:00, run_after=2026-05-30 12:00:00+00:00
[2026-05-30T12:04:55.901+0000] {processor.py:183} INFO - Processing /home/airflow/.local/lib/python3.8/site-packages/airflow/example_dags/example_latest_only_with_trigger.py took 0.288 seconds
[2026-05-30T12:05:26.042+0000] {processor.py:161} INFO - Started process (PID=2960) to work on /home/airflow/.local/lib/python3.8/site-packages/airflow/example_dags/example_latest_only_with_trigger.py
[2026-05-30T12:05:26.044+0000] {processor.py:830} INFO - Processing file /home/airflow/.local/lib/python3.8/site-packages/airflow/example_dags/example_latest_only_with_trigger.py for tasks to queue
[2026-05-30T12:05:26.045+0000] {logging_mixin.py:188} INFO - [2026-05-30T12:05:26.045+0000] {dagbag.py:540} INFO - Filling up the DagBag from /home/airflow/.local/lib/python3.8/site-packages/airflow/example_dags/example_latest_only_with_trigger.py
[2026-05-30T12:05:26.050+0000] {processor.py:840} INFO - DAG(s) 'latest_only_with_trigger' retrieved from /home/airflow/.local/lib/python3.8/site-packages/airflow/example_dags/example_latest_only_with_trigger.py
[2026-05-30T12:05:26.070+0000] {logging_mixin.py:188} INFO - [2026-05-30T12:05:26.070+0000] {dag.py:3047} INFO - Sync 1 DAGs
[2026-05-30T12:05:26.088+0000] {logging_mixin.py:188} INFO - [2026-05-30T12:05:26.088+0000] {dag.py:3834} INFO - Setting next_dagrun for latest_only_with_trigger to 2026-05-30 08:00:00+00:00, run_after=2026-05-30 12:00:00+00:00
[2026-05-30T12:05:26.105+0000] {processor.py:183} INFO - Processing /home/airflow/.local/lib/python3.8/site-packages/airflow/example_dags/example_latest_only_with_trigger.py took 0.066 seconds
[2026-05-30T12:05:56.288+0000] {processor.py:161} INFO - Started process (PID=3015) to work on /home/airflow/.local/lib/python3.8/site-packages/airflow/example_dags/example_latest_only_with_trigger.py
[2026-05-30T12:05:56.289+0000] {processor.py:830} INFO - Processing file /home/airflow/.local/lib/python3.8/site-packages/airflow/example_dags/example_latest_only_with_trigger.py for tasks to queue
[2026-05-30T12:05:56.293+0000] {logging_mixin.py:188} INFO - [2026-05-30T12:05:56.292+0000] {dagbag.py:540} INFO - Filling up the DagBag from /home/airflow/.local/lib/python3.8/site-packages/airflow/example_dags/example_latest_only_with_trigger.py
[2026-05-30T12:05:56.302+0000] {processor.py:840} INFO - DAG(s) 'latest_only_with_trigger' retrieved from /home/airflow/.local/lib/python3.8/site-packages/airflow/example_dags/example_latest_only_with_trigger.py
[2026-05-30T12:05:56.332+0000] {logging_mixin.py:188} INFO - [2026-05-30T12:05:56.332+0000] {dag.py:3047} INFO - Sync 1 DAGs
[2026-05-30T12:05:56.352+0000] {logging_mixin.py:188} INFO - [2026-05-30T12:05:56.352+0000] {dag.py:3834} INFO - Setting next_dagrun for latest_only_with_trigger to 2026-05-30 08:00:00+00:00, run_after=2026-05-30 12:00:00+00:00
[2026-05-30T12:05:56.383+0000] {processor.py:183} INFO - Processing /home/airflow/.local/lib/python3.8/site-packages/airflow/example_dags/example_latest_only_with_trigger.py took 0.101 seconds
[2026-05-30T12:06:26.802+0000] {processor.py:161} INFO - Started process (PID=3070) to work on /home/airflow/.local/lib/python3.8/site-packages/airflow/example_dags/example_latest_only_with_trigger.py
[2026-05-30T12:06:26.804+0000] {processor.py:830} INFO - Processing file /home/airflow/.local/lib/python3.8/site-packages/airflow/example_dags/example_latest_only_with_trigger.py for tasks to queue
[2026-05-30T12:06:26.808+0000] {logging_mixin.py:188} INFO - [2026-05-30T12:06:26.808+0000] {dagbag.py:540} INFO - Filling up the DagBag from /home/airflow/.local/lib/python3.8/site-packages/airflow/example_dags/example_latest_only_with_trigger.py
[2026-05-30T12:06:26.818+0000] {processor.py:840} INFO - DAG(s) 'latest_only_with_trigger' retrieved from /home/airflow/.local/lib/python3.8/site-packages/airflow/example_dags/example_latest_only_with_trigger.py
[2026-05-30T12:06:26.845+0000] {logging_mixin.py:188} INFO - [2026-05-30T12:06:26.845+0000] {dag.py:3047} INFO - Sync 1 DAGs
[2026-05-30T12:06:26.871+0000] {logging_mixin.py:188} INFO - [2026-05-30T12:06:26.871+0000] {dag.py:3834} INFO - Setting next_dagrun for latest_only_with_trigger to 2026-05-30 08:00:00+00:00, run_after=2026-05-30 12:00:00+00:00
[2026-05-30T12:06:26.902+0000] {processor.py:183} INFO - Processing /home/airflow/.local/lib/python3.8/site-packages/airflow/example_dags/example_latest_only_with_trigger.py took 0.104 seconds
[2026-05-30T12:06:57.495+0000] {processor.py:161} INFO - Started process (PID=3125) to work on /home/airflow/.local/lib/python3.8/site-packages/airflow/example_dags/example_latest_only_with_trigger.py
[2026-05-30T12:06:57.497+0000] {processor.py:830} INFO - Processing file /home/airflow/.local/lib/python3.8/site-packages/airflow/example_dags/example_latest_only_with_trigger.py for tasks to queue
[2026-05-30T12:06:57.499+0000] {logging_mixin.py:188} INFO - [2026-05-30T12:06:57.499+0000] {dagbag.py:540} INFO - Filling up the DagBag from /home/airflow/.local/lib/python3.8/site-packages/airflow/example_dags/example_latest_only_with_trigger.py
[2026-05-30T12:06:57.504+0000] {processor.py:840} INFO - DAG(s) 'latest_only_with_trigger' retrieved from /home/airflow/.local/lib/python3.8/site-packages/airflow/example_dags/example_latest_only_with_trigger.py
[2026-05-30T12:06:57.527+0000] {logging_mixin.py:188} INFO - [2026-05-30T12:06:57.527+0000] {dag.py:3047} INFO - Sync 1 DAGs
[2026-05-30T12:06:57.551+0000] {logging_mixin.py:188} INFO - [2026-05-30T12:06:57.550+0000] {dag.py:3834} INFO - Setting next_dagrun for latest_only_with_trigger to 2026-05-30 08:00:00+00:00, run_after=2026-05-30 12:00:00+00:00
[2026-05-30T12:06:57.573+0000] {processor.py:183} INFO - Processing /home/airflow/.local/lib/python3.8/site-packages/airflow/example_dags/example_latest_only_with_trigger.py took 0.080 seconds
[2026-05-30T12:07:28.053+0000] {processor.py:161} INFO - Started process (PID=3180) to work on /home/airflow/.local/lib/python3.8/site-packages/airflow/example_dags/example_latest_only_with_trigger.py
[2026-05-30T12:07:28.055+0000] {processor.py:830} INFO - Processing file /home/airflow/.local/lib/python3.8/site-packages/airflow/example_dags/example_latest_only_with_trigger.py for tasks to queue
[2026-05-30T12:07:28.056+0000] {logging_mixin.py:188} INFO - [2026-05-30T12:07:28.056+0000] {dagbag.py:540} INFO - Filling up the DagBag from /home/airflow/.local/lib/python3.8/site-packages/airflow/example_dags/example_latest_only_with_trigger.py
[2026-05-30T12:07:28.061+0000] {processor.py:840} INFO - DAG(s) 'latest_only_with_trigger' retrieved from /home/airflow/.local/lib/python3.8/site-packages/airflow/example_dags/example_latest_only_with_trigger.py
[2026-05-30T12:07:28.080+0000] {logging_mixin.py:188} INFO - [2026-05-30T12:07:28.080+0000] {dag.py:3047} INFO - Sync 1 DAGs
[2026-05-30T12:07:28.097+0000] {logging_mixin.py:188} INFO - [2026-05-30T12:07:28.097+0000] {dag.py:3834} INFO - Setting next_dagrun for latest_only_with_trigger to 2026-05-30 08:00:00+00:00, run_after=2026-05-30 12:00:00+00:00
[2026-05-30T12:07:28.116+0000] {processor.py:183} INFO - Processing /home/airflow/.local/lib/python3.8/site-packages/airflow/example_dags/example_latest_only_with_trigger.py took 0.065 seconds
[2026-05-30T12:07:58.582+0000] {processor.py:161} INFO - Started process (PID=3235) to work on /home/airflow/.local/lib/python3.8/site-packages/airflow/example_dags/example_latest_only_with_trigger.py
[2026-05-30T12:07:58.584+0000] {processor.py:830} INFO - Processing file /home/airflow/.local/lib/python3.8/site-packages/airflow/example_dags/example_latest_only_with_trigger.py for tasks to queue
[2026-05-30T12:07:58.585+0000] {logging_mixin.py:188} INFO - [2026-05-30T12:07:58.585+0000] {dagbag.py:540} INFO - Filling up the DagBag from /home/airflow/.local/lib/python3.8/site-packages/airflow/example_dags/example_latest_only_with_trigger.py
[2026-05-30T12:07:58.590+0000] {processor.py:840} INFO - DAG(s) 'latest_only_with_trigger' retrieved from /home/airflow/.local/lib/python3.8/site-packages/airflow/example_dags/example_latest_only_with_trigger.py
[2026-05-30T12:07:58.608+0000] {logging_mixin.py:188} INFO - [2026-05-30T12:07:58.608+0000] {dag.py:3047} INFO - Sync 1 DAGs
[2026-05-30T12:07:58.626+0000] {logging_mixin.py:188} INFO - [2026-05-30T12:07:58.626+0000] {dag.py:3834} INFO - Setting next_dagrun for latest_only_with_trigger to 2026-05-30 08:00:00+00:00, run_after=2026-05-30 12:00:00+00:00
[2026-05-30T12:07:58.644+0000] {processor.py:183} INFO - Processing /home/airflow/.local/lib/python3.8/site-packages/airflow/example_dags/example_latest_only_with_trigger.py took 0.065 seconds
[2026-05-30T12:08:29.468+0000] {processor.py:161} INFO - Started process (PID=3290) to work on /home/airflow/.local/lib/python3.8/site-packages/airflow/example_dags/example_latest_only_with_trigger.py
[2026-05-30T12:08:29.469+0000] {processor.py:830} INFO - Processing file /home/airflow/.local/lib/python3.8/site-packages/airflow/example_dags/example_latest_only_with_trigger.py for tasks to queue
[2026-05-30T12:08:29.471+0000] {logging_mixin.py:188} INFO - [2026-05-30T12:08:29.471+0000] {dagbag.py:540} INFO - Filling up the DagBag from /home/airflow/.local/lib/python3.8/site-packages/airflow/example_dags/example_latest_only_with_trigger.py
[2026-05-30T12:08:29.480+0000] {processor.py:840} INFO - DAG(s) 'latest_only_with_trigger' retrieved from /home/airflow/.local/lib/python3.8/site-packages/airflow/example_dags/example_latest_only_with_trigger.py
[2026-05-30T12:08:29.504+0000] {logging_mixin.py:188} INFO - [2026-05-30T12:08:29.503+0000] {dag.py:3047} INFO - Sync 1 DAGs
[2026-05-30T12:08:29.531+0000] {logging_mixin.py:188} INFO - [2026-05-30T12:08:29.531+0000] {dag.py:3834} INFO - Setting next_dagrun for latest_only_with_trigger to 2026-05-30 08:00:00+00:00, run_after=2026-05-30 12:00:00+00:00
[2026-05-30T12:08:29.557+0000] {processor.py:183} INFO - Processing /home/airflow/.local/lib/python3.8/site-packages/airflow/example_dags/example_latest_only_with_trigger.py took 0.092 seconds
[2026-05-30T12:08:59.897+0000] {processor.py:161} INFO - Started process (PID=3344) to work on /home/airflow/.local/lib/python3.8/site-packages/airflow/example_dags/example_latest_only_with_trigger.py
[2026-05-30T12:08:59.898+0000] {processor.py:830} INFO - Processing file /home/airflow/.local/lib/python3.8/site-packages/airflow/example_dags/example_latest_only_with_trigger.py for tasks to queue
[2026-05-30T12:08:59.901+0000] {logging_mixin.py:188} INFO - [2026-05-30T12:08:59.901+0000] {dagbag.py:540} INFO - Filling up the DagBag from /home/airflow/.local/lib/python3.8/site-packages/airflow/example_dags/example_latest_only_with_trigger.py
[2026-05-30T12:08:59.908+0000] {processor.py:840} INFO - DAG(s) 'latest_only_with_trigger' retrieved from /home/airflow/.local/lib/python3.8/site-packages/airflow/example_dags/example_latest_only_with_trigger.py
[2026-05-30T12:08:59.932+0000] {logging_mixin.py:188} INFO - [2026-05-30T12:08:59.932+0000] {dag.py:3047} INFO - Sync 1 DAGs
[2026-05-30T12:08:59.952+0000] {logging_mixin.py:188} INFO - [2026-05-30T12:08:59.952+0000] {dag.py:3834} INFO - Setting next_dagrun for latest_only_with_trigger to 2026-05-30 08:00:00+00:00, run_after=2026-05-30 12:00:00+00:00
[2026-05-30T12:08:59.970+0000] {processor.py:183} INFO - Processing /home/airflow/.local/lib/python3.8/site-packages/airflow/example_dags/example_latest_only_with_trigger.py took 0.077 seconds
[2026-05-30T12:09:30.257+0000] {processor.py:161} INFO - Started process (PID=3399) to work on /home/airflow/.local/lib/python3.8/site-packages/airflow/example_dags/example_latest_only_with_trigger.py
[2026-05-30T12:09:30.258+0000] {processor.py:830} INFO - Processing file /home/airflow/.local/lib/python3.8/site-packages/airflow/example_dags/example_latest_only_with_trigger.py for tasks to queue
[2026-05-30T12:09:30.259+0000] {logging_mixin.py:188} INFO - [2026-05-30T12:09:30.259+0000] {dagbag.py:540} INFO - Filling up the DagBag from /home/airflow/.local/lib/python3.8/site-packages/airflow/example_dags/example_latest_only_with_trigger.py
[2026-05-30T12:09:30.264+0000] {processor.py:840} INFO - DAG(s) 'latest_only_with_trigger' retrieved from /home/airflow/.local/lib/python3.8/site-packages/airflow/example_dags/example_latest_only_with_trigger.py
[2026-05-30T12:09:30.280+0000] {logging_mixin.py:188} INFO - [2026-05-30T12:09:30.280+0000] {dag.py:3047} INFO - Sync 1 DAGs
[2026-05-30T12:09:30.296+0000] {logging_mixin.py:188} INFO - [2026-05-30T12:09:30.295+0000] {dag.py:3834} INFO - Setting next_dagrun for latest_only_with_trigger to 2026-05-30 08:00:00+00:00, run_after=2026-05-30 12:00:00+00:00
[2026-05-30T12:09:30.312+0000] {processor.py:183} INFO - Processing /home/airflow/.local/lib/python3.8/site-packages/airflow/example_dags/example_latest_only_with_trigger.py took 0.058 seconds
[2026-05-30T12:10:00.615+0000] {processor.py:161} INFO - Started process (PID=3454) to work on /home/airflow/.local/lib/python3.8/site-packages/airflow/example_dags/example_latest_only_with_trigger.py
[2026-05-30T12:10:00.616+0000] {processor.py:830} INFO - Processing file /home/airflow/.local/lib/python3.8/site-packages/airflow/example_dags/example_latest_only_with_trigger.py for tasks to queue
[2026-05-30T12:10:00.618+0000] {logging_mixin.py:188} INFO - [2026-05-30T12:10:00.618+0000] {dagbag.py:540} INFO - Filling up the DagBag from /home/airflow/.local/lib/python3.8/site-packages/airflow/example_dags/example_latest_only_with_trigger.py
[2026-05-30T12:10:00.623+0000] {processor.py:840} INFO - DAG(s) 'latest_only_with_trigger' retrieved from /home/airflow/.local/lib/python3.8/site-packages/airflow/example_dags/example_latest_only_with_trigger.py
[2026-05-30T12:10:00.642+0000] {logging_mixin.py:188} INFO - [2026-05-30T12:10:00.641+0000] {dag.py:3047} INFO - Sync 1 DAGs
[2026-05-30T12:10:00.659+0000] {logging_mixin.py:188} INFO - [2026-05-30T12:10:00.658+0000] {dag.py:3834} INFO - Setting next_dagrun for latest_only_with_trigger to 2026-05-30 08:00:00+00:00, run_after=2026-05-30 12:00:00+00:00
[2026-05-30T12:10:00.675+0000] {processor.py:183} INFO - Processing /home/airflow/.local/lib/python3.8/site-packages/airflow/example_dags/example_latest_only_with_trigger.py took 0.063 seconds
[2026-05-30T12:10:30.928+0000] {processor.py:161} INFO - Started process (PID=3509) to work on /home/airflow/.local/lib/python3.8/site-packages/airflow/example_dags/example_latest_only_with_trigger.py
[2026-05-30T12:10:30.929+0000] {processor.py:830} INFO - Processing file /home/airflow/.local/lib/python3.8/site-packages/airflow/example_dags/example_latest_only_with_trigger.py for tasks to queue
[2026-05-30T12:10:30.932+0000] {logging_mixin.py:188} INFO - [2026-05-30T12:10:30.932+0000] {dagbag.py:540} INFO - Filling up the DagBag from /home/airflow/.local/lib/python3.8/site-packages/airflow/example_dags/example_latest_only_with_trigger.py
[2026-05-30T12:10:30.943+0000] {processor.py:840} INFO - DAG(s) 'latest_only_with_trigger' retrieved from /home/airflow/.local/lib/python3.8/site-packages/airflow/example_dags/example_latest_only_with_trigger.py
[2026-05-30T12:10:30.960+0000] {logging_mixin.py:188} INFO - [2026-05-30T12:10:30.960+0000] {dag.py:3047} INFO - Sync 1 DAGs
[2026-05-30T12:10:30.976+0000] {logging_mixin.py:188} INFO - [2026-05-30T12:10:30.976+0000] {dag.py:3834} INFO - Setting next_dagrun for latest_only_with_trigger to 2026-05-30 08:00:00+00:00, run_after=2026-05-30 12:00:00+00:00
[2026-05-30T12:10:30.994+0000] {processor.py:183} INFO - Processing /home/airflow/.local/lib/python3.8/site-packages/airflow/example_dags/example_latest_only_with_trigger.py took 0.068 seconds
[2026-05-30T12:11:01.309+0000] {processor.py:161} INFO - Started process (PID=3564) to work on /home/airflow/.local/lib/python3.8/site-packages/airflow/example_dags/example_latest_only_with_trigger.py
[2026-05-30T12:11:01.310+0000] {processor.py:830} INFO - Processing file /home/airflow/.local/lib/python3.8/site-packages/airflow/example_dags/example_latest_only_with_trigger.py for tasks to queue
[2026-05-30T12:11:01.312+0000] {logging_mixin.py:188} INFO - [2026-05-30T12:11:01.312+0000] {dagbag.py:540} INFO - Filling up the DagBag from /home/airflow/.local/lib/python3.8/site-packages/airflow/example_dags/example_latest_only_with_trigger.py
[2026-05-30T12:11:01.317+0000] {processor.py:840} INFO - DAG(s) 'latest_only_with_trigger' retrieved from /home/airflow/.local/lib/python3.8/site-packages/airflow/example_dags/example_latest_only_with_trigger.py
[2026-05-30T12:11:01.338+0000] {logging_mixin.py:188} INFO - [2026-05-30T12:11:01.338+0000] {dag.py:3047} INFO - Sync 1 DAGs
[2026-05-30T12:11:01.355+0000] {logging_mixin.py:188} INFO - [2026-05-30T12:11:01.355+0000] {dag.py:3834} INFO - Setting next_dagrun for latest_only_with_trigger to 2026-05-30 08:00:00+00:00, run_after=2026-05-30 12:00:00+00:00
[2026-05-30T12:11:01.374+0000] {processor.py:183} INFO - Processing /home/airflow/.local/lib/python3.8/site-packages/airflow/example_dags/example_latest_only_with_trigger.py took 0.068 seconds
[2026-05-30T12:11:31.686+0000] {processor.py:161} INFO - Started process (PID=3624) to work on /home/airflow/.local/lib/python3.8/site-packages/airflow/example_dags/example_latest_only_with_trigger.py
[2026-05-30T12:11:31.687+0000] {processor.py:830} INFO - Processing file /home/airflow/.local/lib/python3.8/site-packages/airflow/example_dags/example_latest_only_with_trigger.py for tasks to queue
[2026-05-30T12:11:31.689+0000] {logging_mixin.py:188} INFO - [2026-05-30T12:11:31.689+0000] {dagbag.py:540} INFO - Filling up the DagBag from /home/airflow/.local/lib/python3.8/site-packages/airflow/example_dags/example_latest_only_with_trigger.py
[2026-05-30T12:11:31.693+0000] {processor.py:840} INFO - DAG(s) 'latest_only_with_trigger' retrieved from /home/airflow/.local/lib/python3.8/site-packages/airflow/example_dags/example_latest_only_with_trigger.py
[2026-05-30T12:11:31.709+0000] {logging_mixin.py:188} INFO - [2026-05-30T12:11:31.709+0000] {dag.py:3047} INFO - Sync 1 DAGs
[2026-05-30T12:11:31.726+0000] {logging_mixin.py:188} INFO - [2026-05-30T12:11:31.725+0000] {dag.py:3834} INFO - Setting next_dagrun for latest_only_with_trigger to 2026-05-30 08:00:00+00:00, run_after=2026-05-30 12:00:00+00:00
[2026-05-30T12:11:31.743+0000] {processor.py:183} INFO - Processing /home/airflow/.local/lib/python3.8/site-packages/airflow/example_dags/example_latest_only_with_trigger.py took 0.060 seconds
[2026-05-30T12:12:02.042+0000] {processor.py:161} INFO - Started process (PID=3679) to work on /home/airflow/.local/lib/python3.8/site-packages/airflow/example_dags/example_latest_only_with_trigger.py
[2026-05-30T12:12:02.044+0000] {processor.py:830} INFO - Processing file /home/airflow/.local/lib/python3.8/site-packages/airflow/example_dags/example_latest_only_with_trigger.py for tasks to queue
[2026-05-30T12:12:02.045+0000] {logging_mixin.py:188} INFO - [2026-05-30T12:12:02.045+0000] {dagbag.py:540} INFO - Filling up the DagBag from /home/airflow/.local/lib/python3.8/site-packages/airflow/example_dags/example_latest_only_with_trigger.py
[2026-05-30T12:12:02.050+0000] {processor.py:840} INFO - DAG(s) 'latest_only_with_trigger' retrieved from /home/airflow/.local/lib/python3.8/site-packages/airflow/example_dags/example_latest_only_with_trigger.py
[2026-05-30T12:12:02.070+0000] {logging_mixin.py:188} INFO - [2026-05-30T12:12:02.070+0000] {dag.py:3047} INFO - Sync 1 DAGs
[2026-05-30T12:12:02.088+0000] {logging_mixin.py:188} INFO - [2026-05-30T12:12:02.088+0000] {dag.py:3834} INFO - Setting next_dagrun for latest_only_with_trigger to 2026-05-30 08:00:00+00:00, run_after=2026-05-30 12:00:00+00:00
[2026-05-30T12:12:02.107+0000] {processor.py:183} INFO - Processing /home/airflow/.local/lib/python3.8/site-packages/airflow/example_dags/example_latest_only_with_trigger.py took 0.067 seconds
[2026-05-30T12:12:32.328+0000] {processor.py:161} INFO - Started process (PID=3733) to work on /home/airflow/.local/lib/python3.8/site-packages/airflow/example_dags/example_latest_only_with_trigger.py
[2026-05-30T12:12:32.330+0000] {processor.py:830} INFO - Processing file /home/airflow/.local/lib/python3.8/site-packages/airflow/example_dags/example_latest_only_with_trigger.py for tasks to queue
[2026-05-30T12:12:32.332+0000] {logging_mixin.py:188} INFO - [2026-05-30T12:12:32.332+0000] {dagbag.py:540} INFO - Filling up the DagBag from /home/airflow/.local/lib/python3.8/site-packages/airflow/example_dags/example_latest_only_with_trigger.py
[2026-05-30T12:12:32.337+0000] {processor.py:840} INFO - DAG(s) 'latest_only_with_trigger' retrieved from /home/airflow/.local/lib/python3.8/site-packages/airflow/example_dags/example_latest_only_with_trigger.py
[2026-05-30T12:12:32.358+0000] {logging_mixin.py:188} INFO - [2026-05-30T12:12:32.358+0000] {dag.py:3047} INFO - Sync 1 DAGs
[2026-05-30T12:12:32.378+0000] {logging_mixin.py:188} INFO - [2026-05-30T12:12:32.378+0000] {dag.py:3834} INFO - Setting next_dagrun for latest_only_with_trigger to 2026-05-30 08:00:00+00:00, run_after=2026-05-30 12:00:00+00:00
[2026-05-30T12:12:32.397+0000] {processor.py:183} INFO - Processing /home/airflow/.local/lib/python3.8/site-packages/airflow/example_dags/example_latest_only_with_trigger.py took 0.072 seconds
[2026-05-30T12:13:02.673+0000] {processor.py:161} INFO - Started process (PID=3788) to work on /home/airflow/.local/lib/python3.8/site-packages/airflow/example_dags/example_latest_only_with_trigger.py
[2026-05-30T12:13:02.674+0000] {processor.py:830} INFO - Processing file /home/airflow/.local/lib/python3.8/site-packages/airflow/example_dags/example_latest_only_with_trigger.py for tasks to queue
[2026-05-30T12:13:02.676+0000] {logging_mixin.py:188} INFO - [2026-05-30T12:13:02.676+0000] {dagbag.py:540} INFO - Filling up the DagBag from /home/airflow/.local/lib/python3.8/site-packages/airflow/example_dags/example_latest_only_with_trigger.py
[2026-05-30T12:13:02.681+0000] {processor.py:840} INFO - DAG(s) 'latest_only_with_trigger' retrieved from /home/airflow/.local/lib/python3.8/site-packages/airflow/example_dags/example_latest_only_with_trigger.py
[2026-05-30T12:13:02.709+0000] {logging_mixin.py:188} INFO - [2026-05-30T12:13:02.709+0000] {dag.py:3047} INFO - Sync 1 DAGs
[2026-05-30T12:13:02.728+0000] {logging_mixin.py:188} INFO - [2026-05-30T12:13:02.728+0000] {dag.py:3834} INFO - Setting next_dagrun for latest_only_with_trigger to 2026-05-30 08:00:00+00:00, run_after=2026-05-30 12:00:00+00:00
[2026-05-30T12:13:02.748+0000] {processor.py:183} INFO - Processing /home/airflow/.local/lib/python3.8/site-packages/airflow/example_dags/example_latest_only_with_trigger.py took 0.079 seconds
[2026-05-30T12:13:32.929+0000] {processor.py:161} INFO - Started process (PID=3843) to work on /home/airflow/.local/lib/python3.8/site-packages/airflow/example_dags/example_latest_only_with_trigger.py
[2026-05-30T12:13:32.930+0000] {processor.py:830} INFO - Processing file /home/airflow/.local/lib/python3.8/site-packages/airflow/example_dags/example_latest_only_with_trigger.py for tasks to queue
[2026-05-30T12:13:32.933+0000] {logging_mixin.py:188} INFO - [2026-05-30T12:13:32.932+0000] {dagbag.py:540} INFO - Filling up the DagBag from /home/airflow/.local/lib/python3.8/site-packages/airflow/example_dags/example_latest_only_with_trigger.py
[2026-05-30T12:13:32.938+0000] {processor.py:840} INFO - DAG(s) 'latest_only_with_trigger' retrieved from /home/airflow/.local/lib/python3.8/site-packages/airflow/example_dags/example_latest_only_with_trigger.py
[2026-05-30T12:13:32.956+0000] {logging_mixin.py:188} INFO - [2026-05-30T12:13:32.956+0000] {dag.py:3047} INFO - Sync 1 DAGs
[2026-05-30T12:13:32.974+0000] {logging_mixin.py:188} INFO - [2026-05-30T12:13:32.974+0000] {dag.py:3834} INFO - Setting next_dagrun for latest_only_with_trigger to 2026-05-30 08:00:00+00:00, run_after=2026-05-30 12:00:00+00:00
[2026-05-30T12:13:32.988+0000] {processor.py:183} INFO - Processing /home/airflow/.local/lib/python3.8/site-packages/airflow/example_dags/example_latest_only_with_trigger.py took 0.062 seconds
[2026-05-30T12:14:03.319+0000] {processor.py:161} INFO - Started process (PID=3898) to work on /home/airflow/.local/lib/python3.8/site-packages/airflow/example_dags/example_latest_only_with_trigger.py
[2026-05-30T12:14:03.321+0000] {processor.py:830} INFO - Processing file /home/airflow/.local/lib/python3.8/site-packages/airflow/example_dags/example_latest_only_with_trigger.py for tasks to queue
[2026-05-30T12:14:03.324+0000] {logging_mixin.py:188} INFO - [2026-05-30T12:14:03.324+0000] {dagbag.py:540} INFO - Filling up the DagBag from /home/airflow/.local/lib/python3.8/site-packages/airflow/example_dags/example_latest_only_with_trigger.py
[2026-05-30T12:14:03.330+0000] {processor.py:840} INFO - DAG(s) 'latest_only_with_trigger' retrieved from /home/airflow/.local/lib/python3.8/site-packages/airflow/example_dags/example_latest_only_with_trigger.py
[2026-05-30T12:14:03.350+0000] {logging_mixin.py:188} INFO - [2026-05-30T12:14:03.350+0000] {dag.py:3047} INFO - Sync 1 DAGs
[2026-05-30T12:14:03.371+0000] {logging_mixin.py:188} INFO - [2026-05-30T12:14:03.371+0000] {dag.py:3834} INFO - Setting next_dagrun for latest_only_with_trigger to 2026-05-30 08:00:00+00:00, run_after=2026-05-30 12:00:00+00:00
[2026-05-30T12:14:03.387+0000] {processor.py:183} INFO - Processing /home/airflow/.local/lib/python3.8/site-packages/airflow/example_dags/example_latest_only_with_trigger.py took 0.070 seconds
[2026-05-30T12:14:33.569+0000] {processor.py:161} INFO - Started process (PID=3953) to work on /home/airflow/.local/lib/python3.8/site-packages/airflow/example_dags/example_latest_only_with_trigger.py
[2026-05-30T12:14:33.570+0000] {processor.py:830} INFO - Processing file /home/airflow/.local/lib/python3.8/site-packages/airflow/example_dags/example_latest_only_with_trigger.py for tasks to queue
[2026-05-30T12:14:33.572+0000] {logging_mixin.py:188} INFO - [2026-05-30T12:14:33.572+0000] {dagbag.py:540} INFO - Filling up the DagBag from /home/airflow/.local/lib/python3.8/site-packages/airflow/example_dags/example_latest_only_with_trigger.py
[2026-05-30T12:14:33.577+0000] {processor.py:840} INFO - DAG(s) 'latest_only_with_trigger' retrieved from /home/airflow/.local/lib/python3.8/site-packages/airflow/example_dags/example_latest_only_with_trigger.py
[2026-05-30T12:14:33.596+0000] {logging_mixin.py:188} INFO - [2026-05-30T12:14:33.596+0000] {dag.py:3047} INFO - Sync 1 DAGs
[2026-05-30T12:14:33.615+0000] {logging_mixin.py:188} INFO - [2026-05-30T12:14:33.615+0000] {dag.py:3834} INFO - Setting next_dagrun for latest_only_with_trigger to 2026-05-30 08:00:00+00:00, run_after=2026-05-30 12:00:00+00:00
[2026-05-30T12:14:33.629+0000] {processor.py:183} INFO - Processing /home/airflow/.local/lib/python3.8/site-packages/airflow/example_dags/example_latest_only_with_trigger.py took 0.063 seconds
[2026-05-30T12:15:03.879+0000] {processor.py:161} INFO - Started process (PID=4008) to work on /home/airflow/.local/lib/python3.8/site-packages/airflow/example_dags/example_latest_only_with_trigger.py
[2026-05-30T12:15:03.880+0000] {processor.py:830} INFO - Processing file /home/airflow/.local/lib/python3.8/site-packages/airflow/example_dags/example_latest_only_with_trigger.py for tasks to queue
[2026-05-30T12:15:03.882+0000] {logging_mixin.py:188} INFO - [2026-05-30T12:15:03.882+0000] {dagbag.py:540} INFO - Filling up the DagBag from /home/airflow/.local/lib/python3.8/site-packages/airflow/example_dags/example_latest_only_with_trigger.py
[2026-05-30T12:15:03.887+0000] {processor.py:840} INFO - DAG(s) 'latest_only_with_trigger' retrieved from /home/airflow/.local/lib/python3.8/site-packages/airflow/example_dags/example_latest_only_with_trigger.py
[2026-05-30T12:15:03.908+0000] {logging_mixin.py:188} INFO - [2026-05-30T12:15:03.908+0000] {dag.py:3047} INFO - Sync 1 DAGs
[2026-05-30T12:15:03.925+0000] {logging_mixin.py:188} INFO - [2026-05-30T12:15:03.925+0000] {dag.py:3834} INFO - Setting next_dagrun for latest_only_with_trigger to 2026-05-30 08:00:00+00:00, run_after=2026-05-30 12:00:00+00:00
[2026-05-30T12:15:03.940+0000] {processor.py:183} INFO - Processing /home/airflow/.local/lib/python3.8/site-packages/airflow/example_dags/example_latest_only_with_trigger.py took 0.065 seconds
[2026-05-30T12:15:34.054+0000] {processor.py:161} INFO - Started process (PID=4063) to work on /home/airflow/.local/lib/python3.8/site-packages/airflow/example_dags/example_latest_only_with_trigger.py
[2026-05-30T12:15:34.056+0000] {processor.py:830} INFO - Processing file /home/airflow/.local/lib/python3.8/site-packages/airflow/example_dags/example_latest_only_with_trigger.py for tasks to queue
[2026-05-30T12:15:34.058+0000] {logging_mixin.py:188} INFO - [2026-05-30T12:15:34.058+0000] {dagbag.py:540} INFO - Filling up the DagBag from /home/airflow/.local/lib/python3.8/site-packages/airflow/example_dags/example_latest_only_with_trigger.py
[2026-05-30T12:15:34.063+0000] {processor.py:840} INFO - DAG(s) 'latest_only_with_trigger' retrieved from /home/airflow/.local/lib/python3.8/site-packages/airflow/example_dags/example_latest_only_with_trigger.py
[2026-05-30T12:15:34.083+0000] {logging_mixin.py:188} INFO - [2026-05-30T12:15:34.083+0000] {dag.py:3047} INFO - Sync 1 DAGs
[2026-05-30T12:15:34.099+0000] {logging_mixin.py:188} INFO - [2026-05-30T12:15:34.099+0000] {dag.py:3834} INFO - Setting next_dagrun for latest_only_with_trigger to 2026-05-30 08:00:00+00:00, run_after=2026-05-30 12:00:00+00:00
[2026-05-30T12:15:34.113+0000] {processor.py:183} INFO - Processing /home/airflow/.local/lib/python3.8/site-packages/airflow/example_dags/example_latest_only_with_trigger.py took 0.061 seconds
[2026-05-30T12:16:04.431+0000] {processor.py:161} INFO - Started process (PID=4118) to work on /home/airflow/.local/lib/python3.8/site-packages/airflow/example_dags/example_latest_only_with_trigger.py
[2026-05-30T12:16:04.432+0000] {processor.py:830} INFO - Processing file /home/airflow/.local/lib/python3.8/site-packages/airflow/example_dags/example_latest_only_with_trigger.py for tasks to queue
[2026-05-30T12:16:04.434+0000] {logging_mixin.py:188} INFO - [2026-05-30T12:16:04.434+0000] {dagbag.py:540} INFO - Filling up the DagBag from /home/airflow/.local/lib/python3.8/site-packages/airflow/example_dags/example_latest_only_with_trigger.py
[2026-05-30T12:16:04.439+0000] {processor.py:840} INFO - DAG(s) 'latest_only_with_trigger' retrieved from /home/airflow/.local/lib/python3.8/site-packages/airflow/example_dags/example_latest_only_with_trigger.py
[2026-05-30T12:16:04.455+0000] {logging_mixin.py:188} INFO - [2026-05-30T12:16:04.455+0000] {dag.py:3047} INFO - Sync 1 DAGs
[2026-05-30T12:16:04.470+0000] {logging_mixin.py:188} INFO - [2026-05-30T12:16:04.470+0000] {dag.py:3834} INFO - Setting next_dagrun for latest_only_with_trigger to 2026-05-30 08:00:00+00:00, run_after=2026-05-30 12:00:00+00:00
[2026-05-30T12:16:04.486+0000] {processor.py:183} INFO - Processing /home/airflow/.local/lib/python3.8/site-packages/airflow/example_dags/example_latest_only_with_trigger.py took 0.058 seconds
[2026-05-30T12:16:35.160+0000] {processor.py:161} INFO - Started process (PID=4173) to work on /home/airflow/.local/lib/python3.8/site-packages/airflow/example_dags/example_latest_only_with_trigger.py
[2026-05-30T12:16:35.162+0000] {processor.py:830} INFO - Processing file /home/airflow/.local/lib/python3.8/site-packages/airflow/example_dags/example_latest_only_with_trigger.py for tasks to queue
[2026-05-30T12:16:35.165+0000] {logging_mixin.py:188} INFO - [2026-05-30T12:16:35.165+0000] {dagbag.py:540} INFO - Filling up the DagBag from /home/airflow/.local/lib/python3.8/site-packages/airflow/example_dags/example_latest_only_with_trigger.py
[2026-05-30T12:16:35.173+0000] {processor.py:840} INFO - DAG(s) 'latest_only_with_trigger' retrieved from /home/airflow/.local/lib/python3.8/site-packages/airflow/example_dags/example_latest_only_with_trigger.py
[2026-05-30T12:16:35.222+0000] {logging_mixin.py:188} INFO - [2026-05-30T12:16:35.221+0000] {dag.py:3047} INFO - Sync 1 DAGs
[2026-05-30T12:16:35.259+0000] {logging_mixin.py:188} INFO - [2026-05-30T12:16:35.258+0000] {dag.py:3834} INFO - Setting next_dagrun for latest_only_with_trigger to 2026-05-30 08:00:00+00:00, run_after=2026-05-30 12:00:00+00:00
[2026-05-30T12:16:35.289+0000] {processor.py:183} INFO - Processing /home/airflow/.local/lib/python3.8/site-packages/airflow/example_dags/example_latest_only_with_trigger.py took 0.134 seconds
[2026-05-30T12:17:06.182+0000] {processor.py:161} INFO - Started process (PID=4228) to work on /home/airflow/.local/lib/python3.8/site-packages/airflow/example_dags/example_latest_only_with_trigger.py
[2026-05-30T12:17:06.183+0000] {processor.py:830} INFO - Processing file /home/airflow/.local/lib/python3.8/site-packages/airflow/example_dags/example_latest_only_with_trigger.py for tasks to queue
[2026-05-30T12:17:06.185+0000] {logging_mixin.py:188} INFO - [2026-05-30T12:17:06.185+0000] {dagbag.py:540} INFO - Filling up the DagBag from /home/airflow/.local/lib/python3.8/site-packages/airflow/example_dags/example_latest_only_with_trigger.py
[2026-05-30T12:17:06.192+0000] {processor.py:840} INFO - DAG(s) 'latest_only_with_trigger' retrieved from /home/airflow/.local/lib/python3.8/site-packages/airflow/example_dags/example_latest_only_with_trigger.py
[2026-05-30T12:17:06.228+0000] {logging_mixin.py:188} INFO - [2026-05-30T12:17:06.228+0000] {dag.py:3047} INFO - Sync 1 DAGs
[2026-05-30T12:17:06.250+0000] {logging_mixin.py:188} INFO - [2026-05-30T12:17:06.250+0000] {dag.py:3834} INFO - Setting next_dagrun for latest_only_with_trigger to 2026-05-30 08:00:00+00:00, run_after=2026-05-30 12:00:00+00:00
[2026-05-30T12:17:06.267+0000] {processor.py:183} INFO - Processing /home/airflow/.local/lib/python3.8/site-packages/airflow/example_dags/example_latest_only_with_trigger.py took 0.088 seconds
[2026-05-30T12:17:36.746+0000] {processor.py:161} INFO - Started process (PID=4283) to work on /home/airflow/.local/lib/python3.8/site-packages/airflow/example_dags/example_latest_only_with_trigger.py
[2026-05-30T12:17:36.748+0000] {processor.py:830} INFO - Processing file /home/airflow/.local/lib/python3.8/site-packages/airflow/example_dags/example_latest_only_with_trigger.py for tasks to queue
[2026-05-30T12:17:36.751+0000] {logging_mixin.py:188} INFO - [2026-05-30T12:17:36.750+0000] {dagbag.py:540} INFO - Filling up the DagBag from /home/airflow/.local/lib/python3.8/site-packages/airflow/example_dags/example_latest_only_with_trigger.py
[2026-05-30T12:17:36.765+0000] {processor.py:840} INFO - DAG(s) 'latest_only_with_trigger' retrieved from /home/airflow/.local/lib/python3.8/site-packages/airflow/example_dags/example_latest_only_with_trigger.py
[2026-05-30T12:17:36.814+0000] {logging_mixin.py:188} INFO - [2026-05-30T12:17:36.814+0000] {dag.py:3047} INFO - Sync 1 DAGs
[2026-05-30T12:17:36.842+0000] {logging_mixin.py:188} INFO - [2026-05-30T12:17:36.842+0000] {dag.py:3834} INFO - Setting next_dagrun for latest_only_with_trigger to 2026-05-30 08:00:00+00:00, run_after=2026-05-30 12:00:00+00:00
[2026-05-30T12:17:36.861+0000] {processor.py:183} INFO - Processing /home/airflow/.local/lib/python3.8/site-packages/airflow/example_dags/example_latest_only_with_trigger.py took 0.124 seconds
[2026-05-30T12:18:07.005+0000] {processor.py:161} INFO - Started process (PID=4339) to work on /home/airflow/.local/lib/python3.8/site-packages/airflow/example_dags/example_latest_only_with_trigger.py
[2026-05-30T12:18:07.006+0000] {processor.py:830} INFO - Processing file /home/airflow/.local/lib/python3.8/site-packages/airflow/example_dags/example_latest_only_with_trigger.py for tasks to queue
[2026-05-30T12:18:07.009+0000] {logging_mixin.py:188} INFO - [2026-05-30T12:18:07.008+0000] {dagbag.py:540} INFO - Filling up the DagBag from /home/airflow/.local/lib/python3.8/site-packages/airflow/example_dags/example_latest_only_with_trigger.py
[2026-05-30T12:18:07.013+0000] {processor.py:840} INFO - DAG(s) 'latest_only_with_trigger' retrieved from /home/airflow/.local/lib/python3.8/site-packages/airflow/example_dags/example_latest_only_with_trigger.py
[2026-05-30T12:18:07.037+0000] {logging_mixin.py:188} INFO - [2026-05-30T12:18:07.037+0000] {dag.py:3047} INFO - Sync 1 DAGs
[2026-05-30T12:18:07.058+0000] {logging_mixin.py:188} INFO - [2026-05-30T12:18:07.058+0000] {dag.py:3834} INFO - Setting next_dagrun for latest_only_with_trigger to 2026-05-30 08:00:00+00:00, run_after=2026-05-30 12:00:00+00:00
[2026-05-30T12:18:07.074+0000] {processor.py:183} INFO - Processing /home/airflow/.local/lib/python3.8/site-packages/airflow/example_dags/example_latest_only_with_trigger.py took 0.072 seconds
[2026-05-30T12:18:38.010+0000] {processor.py:161} INFO - Started process (PID=4395) to work on /home/airflow/.local/lib/python3.8/site-packages/airflow/example_dags/example_latest_only_with_trigger.py
[2026-05-30T12:18:38.012+0000] {processor.py:830} INFO - Processing file /home/airflow/.local/lib/python3.8/site-packages/airflow/example_dags/example_latest_only_with_trigger.py for tasks to queue
[2026-05-30T12:18:38.014+0000] {logging_mixin.py:188} INFO - [2026-05-30T12:18:38.014+0000] {dagbag.py:540} INFO - Filling up the DagBag from /home/airflow/.local/lib/python3.8/site-packages/airflow/example_dags/example_latest_only_with_trigger.py
[2026-05-30T12:18:38.020+0000] {processor.py:840} INFO - DAG(s) 'latest_only_with_trigger' retrieved from /home/airflow/.local/lib/python3.8/site-packages/airflow/example_dags/example_latest_only_with_trigger.py
[2026-05-30T12:18:38.037+0000] {logging_mixin.py:188} INFO - [2026-05-30T12:18:38.037+0000] {dag.py:3047} INFO - Sync 1 DAGs
[2026-05-30T12:18:38.054+0000] {logging_mixin.py:188} INFO - [2026-05-30T12:18:38.053+0000] {dag.py:3834} INFO - Setting next_dagrun for latest_only_with_trigger to 2026-05-30 08:00:00+00:00, run_after=2026-05-30 12:00:00+00:00
[2026-05-30T12:18:38.067+0000] {processor.py:183} INFO - Processing /home/airflow/.local/lib/python3.8/site-packages/airflow/example_dags/example_latest_only_with_trigger.py took 0.060 seconds
[2026-05-30T12:19:08.746+0000] {processor.py:161} INFO - Started process (PID=4450) to work on /home/airflow/.local/lib/python3.8/site-packages/airflow/example_dags/example_latest_only_with_trigger.py
[2026-05-30T12:19:08.748+0000] {processor.py:830} INFO - Processing file /home/airflow/.local/lib/python3.8/site-packages/airflow/example_dags/example_latest_only_with_trigger.py for tasks to queue
[2026-05-30T12:19:08.751+0000] {logging_mixin.py:188} INFO - [2026-05-30T12:19:08.751+0000] {dagbag.py:540} INFO - Filling up the DagBag from /home/airflow/.local/lib/python3.8/site-packages/airflow/example_dags/example_latest_only_with_trigger.py
[2026-05-30T12:19:08.759+0000] {processor.py:840} INFO - DAG(s) 'latest_only_with_trigger' retrieved from /home/airflow/.local/lib/python3.8/site-packages/airflow/example_dags/example_latest_only_with_trigger.py
[2026-05-30T12:19:08.790+0000] {logging_mixin.py:188} INFO - [2026-05-30T12:19:08.789+0000] {dag.py:3047} INFO - Sync 1 DAGs
[2026-05-30T12:19:08.814+0000] {logging_mixin.py:188} INFO - [2026-05-30T12:19:08.814+0000] {dag.py:3834} INFO - Setting next_dagrun for latest_only_with_trigger to 2026-05-30 08:00:00+00:00, run_after=2026-05-30 12:00:00+00:00
[2026-05-30T12:19:08.836+0000] {processor.py:183} INFO - Processing /home/airflow/.local/lib/python3.8/site-packages/airflow/example_dags/example_latest_only_with_trigger.py took 0.093 seconds
[2026-05-30T12:19:39.459+0000] {processor.py:161} INFO - Started process (PID=4505) to work on /home/airflow/.local/lib/python3.8/site-packages/airflow/example_dags/example_latest_only_with_trigger.py
[2026-05-30T12:19:39.461+0000] {processor.py:830} INFO - Processing file /home/airflow/.local/lib/python3.8/site-packages/airflow/example_dags/example_latest_only_with_trigger.py for tasks to queue
[2026-05-30T12:19:39.464+0000] {logging_mixin.py:188} INFO - [2026-05-30T12:19:39.463+0000] {dagbag.py:540} INFO - Filling up the DagBag from /home/airflow/.local/lib/python3.8/site-packages/airflow/example_dags/example_latest_only_with_trigger.py
[2026-05-30T12:19:39.470+0000] {processor.py:840} INFO - DAG(s) 'latest_only_with_trigger' retrieved from /home/airflow/.local/lib/python3.8/site-packages/airflow/example_dags/example_latest_only_with_trigger.py
[2026-05-30T12:19:39.495+0000] {logging_mixin.py:188} INFO - [2026-05-30T12:19:39.495+0000] {dag.py:3047} INFO - Sync 1 DAGs
[2026-05-30T12:19:39.515+0000] {logging_mixin.py:188} INFO - [2026-05-30T12:19:39.515+0000] {dag.py:3834} INFO - Setting next_dagrun for latest_only_with_trigger to 2026-05-30 08:00:00+00:00, run_after=2026-05-30 12:00:00+00:00
[2026-05-30T12:19:39.534+0000] {processor.py:183} INFO - Processing /home/airflow/.local/lib/python3.8/site-packages/airflow/example_dags/example_latest_only_with_trigger.py took 0.078 seconds
[2026-05-30T12:20:09.907+0000] {processor.py:161} INFO - Started process (PID=4561) to work on /home/airflow/.local/lib/python3.8/site-packages/airflow/example_dags/example_latest_only_with_trigger.py
[2026-05-30T12:20:09.909+0000] {processor.py:830} INFO - Processing file /home/airflow/.local/lib/python3.8/site-packages/airflow/example_dags/example_latest_only_with_trigger.py for tasks to queue
[2026-05-30T12:20:09.911+0000] {logging_mixin.py:188} INFO - [2026-05-30T12:20:09.911+0000] {dagbag.py:540} INFO - Filling up the DagBag from /home/airflow/.local/lib/python3.8/site-packages/airflow/example_dags/example_latest_only_with_trigger.py
[2026-05-30T12:20:09.917+0000] {processor.py:840} INFO - DAG(s) 'latest_only_with_trigger' retrieved from /home/airflow/.local/lib/python3.8/site-packages/airflow/example_dags/example_latest_only_with_trigger.py
[2026-05-30T12:20:09.936+0000] {logging_mixin.py:188} INFO - [2026-05-30T12:20:09.936+0000] {dag.py:3047} INFO - Sync 1 DAGs
[2026-05-30T12:20:09.956+0000] {logging_mixin.py:188} INFO - [2026-05-30T12:20:09.956+0000] {dag.py:3834} INFO - Setting next_dagrun for latest_only_with_trigger to 2026-05-30 08:00:00+00:00, run_after=2026-05-30 12:00:00+00:00
[2026-05-30T12:20:09.972+0000] {processor.py:183} INFO - Processing /home/airflow/.local/lib/python3.8/site-packages/airflow/example_dags/example_latest_only_with_trigger.py took 0.067 seconds
[2026-05-30T12:20:40.549+0000] {processor.py:161} INFO - Started process (PID=4616) to work on /home/airflow/.local/lib/python3.8/site-packages/airflow/example_dags/example_latest_only_with_trigger.py
[2026-05-30T12:20:40.550+0000] {processor.py:830} INFO - Processing file /home/airflow/.local/lib/python3.8/site-packages/airflow/example_dags/example_latest_only_with_trigger.py for tasks to queue
[2026-05-30T12:20:40.553+0000] {logging_mixin.py:188} INFO - [2026-05-30T12:20:40.552+0000] {dagbag.py:540} INFO - Filling up the DagBag from /home/airflow/.local/lib/python3.8/site-packages/airflow/example_dags/example_latest_only_with_trigger.py
[2026-05-30T12:20:40.559+0000] {processor.py:840} INFO - DAG(s) 'latest_only_with_trigger' retrieved from /home/airflow/.local/lib/python3.8/site-packages/airflow/example_dags/example_latest_only_with_trigger.py
[2026-05-30T12:20:40.580+0000] {logging_mixin.py:188} INFO - [2026-05-30T12:20:40.580+0000] {dag.py:3047} INFO - Sync 1 DAGs
[2026-05-30T12:20:40.600+0000] {logging_mixin.py:188} INFO - [2026-05-30T12:20:40.600+0000] {dag.py:3834} INFO - Setting next_dagrun for latest_only_with_trigger to 2026-05-30 08:00:00+00:00, run_after=2026-05-30 12:00:00+00:00
[2026-05-30T12:20:40.614+0000] {processor.py:183} INFO - Processing /home/airflow/.local/lib/python3.8/site-packages/airflow/example_dags/example_latest_only_with_trigger.py took 0.068 seconds
[2026-05-30T12:21:11.123+0000] {processor.py:161} INFO - Started process (PID=4671) to work on /home/airflow/.local/lib/python3.8/site-packages/airflow/example_dags/example_latest_only_with_trigger.py
[2026-05-30T12:21:11.124+0000] {processor.py:830} INFO - Processing file /home/airflow/.local/lib/python3.8/site-packages/airflow/example_dags/example_latest_only_with_trigger.py for tasks to queue
[2026-05-30T12:21:11.128+0000] {logging_mixin.py:188} INFO - [2026-05-30T12:21:11.126+0000] {dagbag.py:540} INFO - Filling up the DagBag from /home/airflow/.local/lib/python3.8/site-packages/airflow/example_dags/example_latest_only_with_trigger.py
[2026-05-30T12:21:11.133+0000] {processor.py:840} INFO - DAG(s) 'latest_only_with_trigger' retrieved from /home/airflow/.local/lib/python3.8/site-packages/airflow/example_dags/example_latest_only_with_trigger.py
[2026-05-30T12:21:11.156+0000] {logging_mixin.py:188} INFO - [2026-05-30T12:21:11.156+0000] {dag.py:3047} INFO - Sync 1 DAGs
[2026-05-30T12:21:11.174+0000] {logging_mixin.py:188} INFO - [2026-05-30T12:21:11.174+0000] {dag.py:3834} INFO - Setting next_dagrun for latest_only_with_trigger to 2026-05-30 08:00:00+00:00, run_after=2026-05-30 12:00:00+00:00
[2026-05-30T12:21:11.189+0000] {processor.py:183} INFO - Processing /home/airflow/.local/lib/python3.8/site-packages/airflow/example_dags/example_latest_only_with_trigger.py took 0.069 seconds
[2026-05-30T12:21:41.976+0000] {processor.py:161} INFO - Started process (PID=4726) to work on /home/airflow/.local/lib/python3.8/site-packages/airflow/example_dags/example_latest_only_with_trigger.py
[2026-05-30T12:21:41.978+0000] {processor.py:830} INFO - Processing file /home/airflow/.local/lib/python3.8/site-packages/airflow/example_dags/example_latest_only_with_trigger.py for tasks to queue
[2026-05-30T12:21:41.980+0000] {logging_mixin.py:188} INFO - [2026-05-30T12:21:41.980+0000] {dagbag.py:540} INFO - Filling up the DagBag from /home/airflow/.local/lib/python3.8/site-packages/airflow/example_dags/example_latest_only_with_trigger.py
[2026-05-30T12:21:41.986+0000] {processor.py:840} INFO - DAG(s) 'latest_only_with_trigger' retrieved from /home/airflow/.local/lib/python3.8/site-packages/airflow/example_dags/example_latest_only_with_trigger.py
[2026-05-30T12:21:42.006+0000] {logging_mixin.py:188} INFO - [2026-05-30T12:21:42.006+0000] {dag.py:3047} INFO - Sync 1 DAGs
[2026-05-30T12:21:42.024+0000] {logging_mixin.py:188} INFO - [2026-05-30T12:21:42.024+0000] {dag.py:3834} INFO - Setting next_dagrun for latest_only_with_trigger to 2026-05-30 08:00:00+00:00, run_after=2026-05-30 12:00:00+00:00
[2026-05-30T12:21:42.043+0000] {processor.py:183} INFO - Processing /home/airflow/.local/lib/python3.8/site-packages/airflow/example_dags/example_latest_only_with_trigger.py took 0.070 seconds
[2026-05-30T12:22:12.572+0000] {processor.py:161} INFO - Started process (PID=4781) to work on /home/airflow/.local/lib/python3.8/site-packages/airflow/example_dags/example_latest_only_with_trigger.py
[2026-05-30T12:22:12.574+0000] {processor.py:830} INFO - Processing file /home/airflow/.local/lib/python3.8/site-packages/airflow/example_dags/example_latest_only_with_trigger.py for tasks to queue
[2026-05-30T12:22:12.579+0000] {logging_mixin.py:188} INFO - [2026-05-30T12:22:12.578+0000] {dagbag.py:540} INFO - Filling up the DagBag from /home/airflow/.local/lib/python3.8/site-packages/airflow/example_dags/example_latest_only_with_trigger.py
[2026-05-30T12:22:12.585+0000] {processor.py:840} INFO - DAG(s) 'latest_only_with_trigger' retrieved from /home/airflow/.local/lib/python3.8/site-packages/airflow/example_dags/example_latest_only_with_trigger.py
[2026-05-30T12:22:12.609+0000] {logging_mixin.py:188} INFO - [2026-05-30T12:22:12.608+0000] {dag.py:3047} INFO - Sync 1 DAGs
[2026-05-30T12:22:12.635+0000] {logging_mixin.py:188} INFO - [2026-05-30T12:22:12.634+0000] {dag.py:3834} INFO - Setting next_dagrun for latest_only_with_trigger to 2026-05-30 08:00:00+00:00, run_after=2026-05-30 12:00:00+00:00
[2026-05-30T12:22:12.661+0000] {processor.py:183} INFO - Processing /home/airflow/.local/lib/python3.8/site-packages/airflow/example_dags/example_latest_only_with_trigger.py took 0.094 seconds
[2026-05-30T12:22:43.134+0000] {processor.py:161} INFO - Started process (PID=4836) to work on /home/airflow/.local/lib/python3.8/site-packages/airflow/example_dags/example_latest_only_with_trigger.py
[2026-05-30T12:22:43.135+0000] {processor.py:830} INFO - Processing file /home/airflow/.local/lib/python3.8/site-packages/airflow/example_dags/example_latest_only_with_trigger.py for tasks to queue
[2026-05-30T12:22:43.138+0000] {logging_mixin.py:188} INFO - [2026-05-30T12:22:43.137+0000] {dagbag.py:540} INFO - Filling up the DagBag from /home/airflow/.local/lib/python3.8/site-packages/airflow/example_dags/example_latest_only_with_trigger.py
[2026-05-30T12:22:43.143+0000] {processor.py:840} INFO - DAG(s) 'latest_only_with_trigger' retrieved from /home/airflow/.local/lib/python3.8/site-packages/airflow/example_dags/example_latest_only_with_trigger.py
[2026-05-30T12:22:43.162+0000] {logging_mixin.py:188} INFO - [2026-05-30T12:22:43.161+0000] {dag.py:3047} INFO - Sync 1 DAGs
[2026-05-30T12:22:43.180+0000] {logging_mixin.py:188} INFO - [2026-05-30T12:22:43.179+0000] {dag.py:3834} INFO - Setting next_dagrun for latest_only_with_trigger to 2026-05-30 08:00:00+00:00, run_after=2026-05-30 12:00:00+00:00
[2026-05-30T12:22:43.195+0000] {processor.py:183} INFO - Processing /home/airflow/.local/lib/python3.8/site-packages/airflow/example_dags/example_latest_only_with_trigger.py took 0.064 seconds
[2026-05-30T12:23:13.762+0000] {processor.py:161} INFO - Started process (PID=4891) to work on /home/airflow/.local/lib/python3.8/site-packages/airflow/example_dags/example_latest_only_with_trigger.py
[2026-05-30T12:23:13.763+0000] {processor.py:830} INFO - Processing file /home/airflow/.local/lib/python3.8/site-packages/airflow/example_dags/example_latest_only_with_trigger.py for tasks to queue
[2026-05-30T12:23:13.765+0000] {logging_mixin.py:188} INFO - [2026-05-30T12:23:13.765+0000] {dagbag.py:540} INFO - Filling up the DagBag from /home/airflow/.local/lib/python3.8/site-packages/airflow/example_dags/example_latest_only_with_trigger.py
[2026-05-30T12:23:13.771+0000] {processor.py:840} INFO - DAG(s) 'latest_only_with_trigger' retrieved from /home/airflow/.local/lib/python3.8/site-packages/airflow/example_dags/example_latest_only_with_trigger.py
[2026-05-30T12:23:13.788+0000] {logging_mixin.py:188} INFO - [2026-05-30T12:23:13.788+0000] {dag.py:3047} INFO - Sync 1 DAGs
[2026-05-30T12:23:13.804+0000] {logging_mixin.py:188} INFO - [2026-05-30T12:23:13.804+0000] {dag.py:3834} INFO - Setting next_dagrun for latest_only_with_trigger to 2026-05-30 08:00:00+00:00, run_after=2026-05-30 12:00:00+00:00
[2026-05-30T12:23:13.820+0000] {processor.py:183} INFO - Processing /home/airflow/.local/lib/python3.8/site-packages/airflow/example_dags/example_latest_only_with_trigger.py took 0.062 seconds
[2026-05-30T12:23:44.277+0000] {processor.py:161} INFO - Started process (PID=4946) to work on /home/airflow/.local/lib/python3.8/site-packages/airflow/example_dags/example_latest_only_with_trigger.py
[2026-05-30T12:23:44.279+0000] {processor.py:830} INFO - Processing file /home/airflow/.local/lib/python3.8/site-packages/airflow/example_dags/example_latest_only_with_trigger.py for tasks to queue
[2026-05-30T12:23:44.280+0000] {logging_mixin.py:188} INFO - [2026-05-30T12:23:44.280+0000] {dagbag.py:540} INFO - Filling up the DagBag from /home/airflow/.local/lib/python3.8/site-packages/airflow/example_dags/example_latest_only_with_trigger.py
[2026-05-30T12:23:44.285+0000] {processor.py:840} INFO - DAG(s) 'latest_only_with_trigger' retrieved from /home/airflow/.local/lib/python3.8/site-packages/airflow/example_dags/example_latest_only_with_trigger.py
[2026-05-30T12:23:44.302+0000] {logging_mixin.py:188} INFO - [2026-05-30T12:23:44.302+0000] {dag.py:3047} INFO - Sync 1 DAGs
[2026-05-30T12:23:44.318+0000] {logging_mixin.py:188} INFO - [2026-05-30T12:23:44.318+0000] {dag.py:3834} INFO - Setting next_dagrun for latest_only_with_trigger to 2026-05-30 08:00:00+00:00, run_after=2026-05-30 12:00:00+00:00
[2026-05-30T12:23:44.333+0000] {processor.py:183} INFO - Processing /home/airflow/.local/lib/python3.8/site-packages/airflow/example_dags/example_latest_only_with_trigger.py took 0.059 seconds
[2026-05-30T12:24:14.801+0000] {processor.py:161} INFO - Started process (PID=5001) to work on /home/airflow/.local/lib/python3.8/site-packages/airflow/example_dags/example_latest_only_with_trigger.py
[2026-05-30T12:24:14.803+0000] {processor.py:830} INFO - Processing file /home/airflow/.local/lib/python3.8/site-packages/airflow/example_dags/example_latest_only_with_trigger.py for tasks to queue
[2026-05-30T12:24:14.806+0000] {logging_mixin.py:188} INFO - [2026-05-30T12:24:14.805+0000] {dagbag.py:540} INFO - Filling up the DagBag from /home/airflow/.local/lib/python3.8/site-packages/airflow/example_dags/example_latest_only_with_trigger.py
[2026-05-30T12:24:14.814+0000] {processor.py:840} INFO - DAG(s) 'latest_only_with_trigger' retrieved from /home/airflow/.local/lib/python3.8/site-packages/airflow/example_dags/example_latest_only_with_trigger.py
[2026-05-30T12:24:14.838+0000] {logging_mixin.py:188} INFO - [2026-05-30T12:24:14.838+0000] {dag.py:3047} INFO - Sync 1 DAGs
[2026-05-30T12:24:14.860+0000] {logging_mixin.py:188} INFO - [2026-05-30T12:24:14.860+0000] {dag.py:3834} INFO - Setting next_dagrun for latest_only_with_trigger to 2026-05-30 08:00:00+00:00, run_after=2026-05-30 12:00:00+00:00
[2026-05-30T12:24:14.879+0000] {processor.py:183} INFO - Processing /home/airflow/.local/lib/python3.8/site-packages/airflow/example_dags/example_latest_only_with_trigger.py took 0.080 seconds
[2026-05-30T12:24:45.266+0000] {processor.py:161} INFO - Started process (PID=5056) to work on /home/airflow/.local/lib/python3.8/site-packages/airflow/example_dags/example_latest_only_with_trigger.py
[2026-05-30T12:24:45.267+0000] {processor.py:830} INFO - Processing file /home/airflow/.local/lib/python3.8/site-packages/airflow/example_dags/example_latest_only_with_trigger.py for tasks to queue
[2026-05-30T12:24:45.269+0000] {logging_mixin.py:188} INFO - [2026-05-30T12:24:45.269+0000] {dagbag.py:540} INFO - Filling up the DagBag from /home/airflow/.local/lib/python3.8/site-packages/airflow/example_dags/example_latest_only_with_trigger.py
[2026-05-30T12:24:45.274+0000] {processor.py:840} INFO - DAG(s) 'latest_only_with_trigger' retrieved from /home/airflow/.local/lib/python3.8/site-packages/airflow/example_dags/example_latest_only_with_trigger.py
[2026-05-30T12:24:45.293+0000] {logging_mixin.py:188} INFO - [2026-05-30T12:24:45.293+0000] {dag.py:3047} INFO - Sync 1 DAGs
[2026-05-30T12:24:45.309+0000] {logging_mixin.py:188} INFO - [2026-05-30T12:24:45.309+0000] {dag.py:3834} INFO - Setting next_dagrun for latest_only_with_trigger to 2026-05-30 08:00:00+00:00, run_after=2026-05-30 12:00:00+00:00
[2026-05-30T12:24:45.322+0000] {processor.py:183} INFO - Processing /home/airflow/.local/lib/python3.8/site-packages/airflow/example_dags/example_latest_only_with_trigger.py took 0.059 seconds
[2026-05-30T12:25:16.667+0000] {processor.py:161} INFO - Started process (PID=5111) to work on /home/airflow/.local/lib/python3.8/site-packages/airflow/example_dags/example_latest_only_with_trigger.py
[2026-05-30T12:25:16.669+0000] {processor.py:830} INFO - Processing file /home/airflow/.local/lib/python3.8/site-packages/airflow/example_dags/example_latest_only_with_trigger.py for tasks to queue
[2026-05-30T12:25:16.674+0000] {logging_mixin.py:188} INFO - [2026-05-30T12:25:16.673+0000] {dagbag.py:540} INFO - Filling up the DagBag from /home/airflow/.local/lib/python3.8/site-packages/airflow/example_dags/example_latest_only_with_trigger.py
[2026-05-30T12:25:16.685+0000] {processor.py:840} INFO - DAG(s) 'latest_only_with_trigger' retrieved from /home/airflow/.local/lib/python3.8/site-packages/airflow/example_dags/example_latest_only_with_trigger.py
[2026-05-30T12:25:16.724+0000] {logging_mixin.py:188} INFO - [2026-05-30T12:25:16.724+0000] {dag.py:3047} INFO - Sync 1 DAGs
[2026-05-30T12:25:16.768+0000] {logging_mixin.py:188} INFO - [2026-05-30T12:25:16.768+0000] {dag.py:3834} INFO - Setting next_dagrun for latest_only_with_trigger to 2026-05-30 08:00:00+00:00, run_after=2026-05-30 12:00:00+00:00
[2026-05-30T12:25:16.815+0000] {processor.py:183} INFO - Processing /home/airflow/.local/lib/python3.8/site-packages/airflow/example_dags/example_latest_only_with_trigger.py took 0.156 seconds
[2026-05-30T12:25:46.890+0000] {processor.py:161} INFO - Started process (PID=5166) to work on /home/airflow/.local/lib/python3.8/site-packages/airflow/example_dags/example_latest_only_with_trigger.py
[2026-05-30T12:25:46.892+0000] {processor.py:830} INFO - Processing file /home/airflow/.local/lib/python3.8/site-packages/airflow/example_dags/example_latest_only_with_trigger.py for tasks to queue
[2026-05-30T12:25:46.894+0000] {logging_mixin.py:188} INFO - [2026-05-30T12:25:46.893+0000] {dagbag.py:540} INFO - Filling up the DagBag from /home/airflow/.local/lib/python3.8/site-packages/airflow/example_dags/example_latest_only_with_trigger.py
[2026-05-30T12:25:46.898+0000] {processor.py:840} INFO - DAG(s) 'latest_only_with_trigger' retrieved from /home/airflow/.local/lib/python3.8/site-packages/airflow/example_dags/example_latest_only_with_trigger.py
[2026-05-30T12:25:46.916+0000] {logging_mixin.py:188} INFO - [2026-05-30T12:25:46.915+0000] {dag.py:3047} INFO - Sync 1 DAGs
[2026-05-30T12:25:46.931+0000] {logging_mixin.py:188} INFO - [2026-05-30T12:25:46.930+0000] {dag.py:3834} INFO - Setting next_dagrun for latest_only_with_trigger to 2026-05-30 08:00:00+00:00, run_after=2026-05-30 12:00:00+00:00
[2026-05-30T12:25:46.944+0000] {processor.py:183} INFO - Processing /home/airflow/.local/lib/python3.8/site-packages/airflow/example_dags/example_latest_only_with_trigger.py took 0.057 seconds
[2026-05-30T12:26:17.871+0000] {processor.py:161} INFO - Started process (PID=5221) to work on /home/airflow/.local/lib/python3.8/site-packages/airflow/example_dags/example_latest_only_with_trigger.py
[2026-05-30T12:26:17.873+0000] {processor.py:830} INFO - Processing file /home/airflow/.local/lib/python3.8/site-packages/airflow/example_dags/example_latest_only_with_trigger.py for tasks to queue
[2026-05-30T12:26:17.875+0000] {logging_mixin.py:188} INFO - [2026-05-30T12:26:17.875+0000] {dagbag.py:540} INFO - Filling up the DagBag from /home/airflow/.local/lib/python3.8/site-packages/airflow/example_dags/example_latest_only_with_trigger.py
[2026-05-30T12:26:17.882+0000] {processor.py:840} INFO - DAG(s) 'latest_only_with_trigger' retrieved from /home/airflow/.local/lib/python3.8/site-packages/airflow/example_dags/example_latest_only_with_trigger.py
[2026-05-30T12:26:17.902+0000] {logging_mixin.py:188} INFO - [2026-05-30T12:26:17.902+0000] {dag.py:3047} INFO - Sync 1 DAGs
[2026-05-30T12:26:17.919+0000] {logging_mixin.py:188} INFO - [2026-05-30T12:26:17.919+0000] {dag.py:3834} INFO - Setting next_dagrun for latest_only_with_trigger to 2026-05-30 08:00:00+00:00, run_after=2026-05-30 12:00:00+00:00
[2026-05-30T12:26:17.934+0000] {processor.py:183} INFO - Processing /home/airflow/.local/lib/python3.8/site-packages/airflow/example_dags/example_latest_only_with_trigger.py took 0.067 seconds
[2026-05-30T12:26:48.049+0000] {processor.py:161} INFO - Started process (PID=5276) to work on /home/airflow/.local/lib/python3.8/site-packages/airflow/example_dags/example_latest_only_with_trigger.py
[2026-05-30T12:26:48.052+0000] {processor.py:830} INFO - Processing file /home/airflow/.local/lib/python3.8/site-packages/airflow/example_dags/example_latest_only_with_trigger.py for tasks to queue
[2026-05-30T12:26:48.054+0000] {logging_mixin.py:188} INFO - [2026-05-30T12:26:48.054+0000] {dagbag.py:540} INFO - Filling up the DagBag from /home/airflow/.local/lib/python3.8/site-packages/airflow/example_dags/example_latest_only_with_trigger.py
[2026-05-30T12:26:48.059+0000] {processor.py:840} INFO - DAG(s) 'latest_only_with_trigger' retrieved from /home/airflow/.local/lib/python3.8/site-packages/airflow/example_dags/example_latest_only_with_trigger.py
[2026-05-30T12:26:48.076+0000] {logging_mixin.py:188} INFO - [2026-05-30T12:26:48.075+0000] {dag.py:3047} INFO - Sync 1 DAGs
[2026-05-30T12:26:48.091+0000] {logging_mixin.py:188} INFO - [2026-05-30T12:26:48.091+0000] {dag.py:3834} INFO - Setting next_dagrun for latest_only_with_trigger to 2026-05-30 08:00:00+00:00, run_after=2026-05-30 12:00:00+00:00
[2026-05-30T12:26:48.108+0000] {processor.py:183} INFO - Processing /home/airflow/.local/lib/python3.8/site-packages/airflow/example_dags/example_latest_only_with_trigger.py took 0.062 seconds
[2026-05-30T12:27:18.186+0000] {processor.py:161} INFO - Started process (PID=5331) to work on /home/airflow/.local/lib/python3.8/site-packages/airflow/example_dags/example_latest_only_with_trigger.py
[2026-05-30T12:27:18.188+0000] {processor.py:830} INFO - Processing file /home/airflow/.local/lib/python3.8/site-packages/airflow/example_dags/example_latest_only_with_trigger.py for tasks to queue
[2026-05-30T12:27:18.190+0000] {logging_mixin.py:188} INFO - [2026-05-30T12:27:18.189+0000] {dagbag.py:540} INFO - Filling up the DagBag from /home/airflow/.local/lib/python3.8/site-packages/airflow/example_dags/example_latest_only_with_trigger.py
[2026-05-30T12:27:18.196+0000] {processor.py:840} INFO - DAG(s) 'latest_only_with_trigger' retrieved from /home/airflow/.local/lib/python3.8/site-packages/airflow/example_dags/example_latest_only_with_trigger.py
[2026-05-30T12:27:18.214+0000] {logging_mixin.py:188} INFO - [2026-05-30T12:27:18.213+0000] {dag.py:3047} INFO - Sync 1 DAGs
[2026-05-30T12:27:18.230+0000] {logging_mixin.py:188} INFO - [2026-05-30T12:27:18.230+0000] {dag.py:3834} INFO - Setting next_dagrun for latest_only_with_trigger to 2026-05-30 08:00:00+00:00, run_after=2026-05-30 12:00:00+00:00
[2026-05-30T12:27:18.250+0000] {processor.py:183} INFO - Processing /home/airflow/.local/lib/python3.8/site-packages/airflow/example_dags/example_latest_only_with_trigger.py took 0.067 seconds
[2026-05-30T12:27:48.365+0000] {processor.py:161} INFO - Started process (PID=5386) to work on /home/airflow/.local/lib/python3.8/site-packages/airflow/example_dags/example_latest_only_with_trigger.py
[2026-05-30T12:27:48.367+0000] {processor.py:830} INFO - Processing file /home/airflow/.local/lib/python3.8/site-packages/airflow/example_dags/example_latest_only_with_trigger.py for tasks to queue
[2026-05-30T12:27:48.368+0000] {logging_mixin.py:188} INFO - [2026-05-30T12:27:48.368+0000] {dagbag.py:540} INFO - Filling up the DagBag from /home/airflow/.local/lib/python3.8/site-packages/airflow/example_dags/example_latest_only_with_trigger.py
[2026-05-30T12:27:48.373+0000] {processor.py:840} INFO - DAG(s) 'latest_only_with_trigger' retrieved from /home/airflow/.local/lib/python3.8/site-packages/airflow/example_dags/example_latest_only_with_trigger.py
[2026-05-30T12:27:48.393+0000] {logging_mixin.py:188} INFO - [2026-05-30T12:27:48.393+0000] {dag.py:3047} INFO - Sync 1 DAGs
[2026-05-30T12:27:48.411+0000] {logging_mixin.py:188} INFO - [2026-05-30T12:27:48.411+0000] {dag.py:3834} INFO - Setting next_dagrun for latest_only_with_trigger to 2026-05-30 08:00:00+00:00, run_after=2026-05-30 12:00:00+00:00
[2026-05-30T12:27:48.429+0000] {processor.py:183} INFO - Processing /home/airflow/.local/lib/python3.8/site-packages/airflow/example_dags/example_latest_only_with_trigger.py took 0.066 seconds
[2026-05-30T12:28:18.814+0000] {processor.py:161} INFO - Started process (PID=5441) to work on /home/airflow/.local/lib/python3.8/site-packages/airflow/example_dags/example_latest_only_with_trigger.py
[2026-05-30T12:28:18.815+0000] {processor.py:830} INFO - Processing file /home/airflow/.local/lib/python3.8/site-packages/airflow/example_dags/example_latest_only_with_trigger.py for tasks to queue
[2026-05-30T12:28:18.817+0000] {logging_mixin.py:188} INFO - [2026-05-30T12:28:18.817+0000] {dagbag.py:540} INFO - Filling up the DagBag from /home/airflow/.local/lib/python3.8/site-packages/airflow/example_dags/example_latest_only_with_trigger.py
[2026-05-30T12:28:18.822+0000] {processor.py:840} INFO - DAG(s) 'latest_only_with_trigger' retrieved from /home/airflow/.local/lib/python3.8/site-packages/airflow/example_dags/example_latest_only_with_trigger.py
[2026-05-30T12:28:18.838+0000] {logging_mixin.py:188} INFO - [2026-05-30T12:28:18.838+0000] {dag.py:3047} INFO - Sync 1 DAGs
[2026-05-30T12:28:18.853+0000] {logging_mixin.py:188} INFO - [2026-05-30T12:28:18.853+0000] {dag.py:3834} INFO - Setting next_dagrun for latest_only_with_trigger to 2026-05-30 08:00:00+00:00, run_after=2026-05-30 12:00:00+00:00
[2026-05-30T12:28:18.866+0000] {processor.py:183} INFO - Processing /home/airflow/.local/lib/python3.8/site-packages/airflow/example_dags/example_latest_only_with_trigger.py took 0.055 seconds
[2026-05-30T12:28:49.114+0000] {processor.py:161} INFO - Started process (PID=5496) to work on /home/airflow/.local/lib/python3.8/site-packages/airflow/example_dags/example_latest_only_with_trigger.py
[2026-05-30T12:28:49.116+0000] {processor.py:830} INFO - Processing file /home/airflow/.local/lib/python3.8/site-packages/airflow/example_dags/example_latest_only_with_trigger.py for tasks to queue
[2026-05-30T12:28:49.118+0000] {logging_mixin.py:188} INFO - [2026-05-30T12:28:49.117+0000] {dagbag.py:540} INFO - Filling up the DagBag from /home/airflow/.local/lib/python3.8/site-packages/airflow/example_dags/example_latest_only_with_trigger.py
[2026-05-30T12:28:49.122+0000] {processor.py:840} INFO - DAG(s) 'latest_only_with_trigger' retrieved from /home/airflow/.local/lib/python3.8/site-packages/airflow/example_dags/example_latest_only_with_trigger.py
[2026-05-30T12:28:49.139+0000] {logging_mixin.py:188} INFO - [2026-05-30T12:28:49.139+0000] {dag.py:3047} INFO - Sync 1 DAGs
[2026-05-30T12:28:49.154+0000] {logging_mixin.py:188} INFO - [2026-05-30T12:28:49.154+0000] {dag.py:3834} INFO - Setting next_dagrun for latest_only_with_trigger to 2026-05-30 08:00:00+00:00, run_after=2026-05-30 12:00:00+00:00
[2026-05-30T12:28:49.171+0000] {processor.py:183} INFO - Processing /home/airflow/.local/lib/python3.8/site-packages/airflow/example_dags/example_latest_only_with_trigger.py took 0.059 seconds
[2026-05-30T12:29:19.376+0000] {processor.py:161} INFO - Started process (PID=5552) to work on /home/airflow/.local/lib/python3.8/site-packages/airflow/example_dags/example_latest_only_with_trigger.py
[2026-05-30T12:29:19.377+0000] {processor.py:830} INFO - Processing file /home/airflow/.local/lib/python3.8/site-packages/airflow/example_dags/example_latest_only_with_trigger.py for tasks to queue
[2026-05-30T12:29:19.379+0000] {logging_mixin.py:188} INFO - [2026-05-30T12:29:19.379+0000] {dagbag.py:540} INFO - Filling up the DagBag from /home/airflow/.local/lib/python3.8/site-packages/airflow/example_dags/example_latest_only_with_trigger.py
[2026-05-30T12:29:19.384+0000] {processor.py:840} INFO - DAG(s) 'latest_only_with_trigger' retrieved from /home/airflow/.local/lib/python3.8/site-packages/airflow/example_dags/example_latest_only_with_trigger.py
[2026-05-30T12:29:19.408+0000] {logging_mixin.py:188} INFO - [2026-05-30T12:29:19.408+0000] {dag.py:3047} INFO - Sync 1 DAGs
[2026-05-30T12:29:19.426+0000] {logging_mixin.py:188} INFO - [2026-05-30T12:29:19.426+0000] {dag.py:3834} INFO - Setting next_dagrun for latest_only_with_trigger to 2026-05-30 08:00:00+00:00, run_after=2026-05-30 12:00:00+00:00
[2026-05-30T12:29:19.443+0000] {processor.py:183} INFO - Processing /home/airflow/.local/lib/python3.8/site-packages/airflow/example_dags/example_latest_only_with_trigger.py took 0.069 seconds
[2026-05-30T12:29:50.136+0000] {processor.py:161} INFO - Started process (PID=5608) to work on /home/airflow/.local/lib/python3.8/site-packages/airflow/example_dags/example_latest_only_with_trigger.py
[2026-05-30T12:29:50.138+0000] {processor.py:830} INFO - Processing file /home/airflow/.local/lib/python3.8/site-packages/airflow/example_dags/example_latest_only_with_trigger.py for tasks to queue
[2026-05-30T12:29:50.141+0000] {logging_mixin.py:188} INFO - [2026-05-30T12:29:50.140+0000] {dagbag.py:540} INFO - Filling up the DagBag from /home/airflow/.local/lib/python3.8/site-packages/airflow/example_dags/example_latest_only_with_trigger.py
[2026-05-30T12:29:50.147+0000] {processor.py:840} INFO - DAG(s) 'latest_only_with_trigger' retrieved from /home/airflow/.local/lib/python3.8/site-packages/airflow/example_dags/example_latest_only_with_trigger.py
[2026-05-30T12:29:50.167+0000] {logging_mixin.py:188} INFO - [2026-05-30T12:29:50.167+0000] {dag.py:3047} INFO - Sync 1 DAGs
[2026-05-30T12:29:50.187+0000] {logging_mixin.py:188} INFO - [2026-05-30T12:29:50.187+0000] {dag.py:3834} INFO - Setting next_dagrun for latest_only_with_trigger to 2026-05-30 08:00:00+00:00, run_after=2026-05-30 12:00:00+00:00
[2026-05-30T12:29:50.210+0000] {processor.py:183} INFO - Processing /home/airflow/.local/lib/python3.8/site-packages/airflow/example_dags/example_latest_only_with_trigger.py took 0.078 seconds
[2026-05-30T12:30:20.910+0000] {processor.py:161} INFO - Started process (PID=5664) to work on /home/airflow/.local/lib/python3.8/site-packages/airflow/example_dags/example_latest_only_with_trigger.py
[2026-05-30T12:30:20.912+0000] {processor.py:830} INFO - Processing file /home/airflow/.local/lib/python3.8/site-packages/airflow/example_dags/example_latest_only_with_trigger.py for tasks to queue
[2026-05-30T12:30:20.914+0000] {logging_mixin.py:188} INFO - [2026-05-30T12:30:20.914+0000] {dagbag.py:540} INFO - Filling up the DagBag from /home/airflow/.local/lib/python3.8/site-packages/airflow/example_dags/example_latest_only_with_trigger.py
[2026-05-30T12:30:20.920+0000] {processor.py:840} INFO - DAG(s) 'latest_only_with_trigger' retrieved from /home/airflow/.local/lib/python3.8/site-packages/airflow/example_dags/example_latest_only_with_trigger.py
[2026-05-30T12:30:20.939+0000] {logging_mixin.py:188} INFO - [2026-05-30T12:30:20.939+0000] {dag.py:3047} INFO - Sync 1 DAGs
[2026-05-30T12:30:20.957+0000] {logging_mixin.py:188} INFO - [2026-05-30T12:30:20.957+0000] {dag.py:3834} INFO - Setting next_dagrun for latest_only_with_trigger to 2026-05-30 08:00:00+00:00, run_after=2026-05-30 12:00:00+00:00
[2026-05-30T12:30:20.975+0000] {processor.py:183} INFO - Processing /home/airflow/.local/lib/python3.8/site-packages/airflow/example_dags/example_latest_only_with_trigger.py took 0.068 seconds
[2026-05-30T12:30:51.161+0000] {processor.py:161} INFO - Started process (PID=5720) to work on /home/airflow/.local/lib/python3.8/site-packages/airflow/example_dags/example_latest_only_with_trigger.py
[2026-05-30T12:30:51.163+0000] {processor.py:830} INFO - Processing file /home/airflow/.local/lib/python3.8/site-packages/airflow/example_dags/example_latest_only_with_trigger.py for tasks to queue
[2026-05-30T12:30:51.164+0000] {logging_mixin.py:188} INFO - [2026-05-30T12:30:51.164+0000] {dagbag.py:540} INFO - Filling up the DagBag from /home/airflow/.local/lib/python3.8/site-packages/airflow/example_dags/example_latest_only_with_trigger.py
[2026-05-30T12:30:51.169+0000] {processor.py:840} INFO - DAG(s) 'latest_only_with_trigger' retrieved from /home/airflow/.local/lib/python3.8/site-packages/airflow/example_dags/example_latest_only_with_trigger.py
[2026-05-30T12:30:51.186+0000] {logging_mixin.py:188} INFO - [2026-05-30T12:30:51.186+0000] {dag.py:3047} INFO - Sync 1 DAGs
[2026-05-30T12:30:51.201+0000] {logging_mixin.py:188} INFO - [2026-05-30T12:30:51.201+0000] {dag.py:3834} INFO - Setting next_dagrun for latest_only_with_trigger to 2026-05-30 08:00:00+00:00, run_after=2026-05-30 12:00:00+00:00
[2026-05-30T12:30:51.218+0000] {processor.py:183} INFO - Processing /home/airflow/.local/lib/python3.8/site-packages/airflow/example_dags/example_latest_only_with_trigger.py took 0.059 seconds
[2026-05-30T12:31:21.456+0000] {processor.py:161} INFO - Started process (PID=5776) to work on /home/airflow/.local/lib/python3.8/site-packages/airflow/example_dags/example_latest_only_with_trigger.py
[2026-05-30T12:31:21.457+0000] {processor.py:830} INFO - Processing file /home/airflow/.local/lib/python3.8/site-packages/airflow/example_dags/example_latest_only_with_trigger.py for tasks to queue
[2026-05-30T12:31:21.459+0000] {logging_mixin.py:188} INFO - [2026-05-30T12:31:21.459+0000] {dagbag.py:540} INFO - Filling up the DagBag from /home/airflow/.local/lib/python3.8/site-packages/airflow/example_dags/example_latest_only_with_trigger.py
[2026-05-30T12:31:21.465+0000] {processor.py:840} INFO - DAG(s) 'latest_only_with_trigger' retrieved from /home/airflow/.local/lib/python3.8/site-packages/airflow/example_dags/example_latest_only_with_trigger.py
[2026-05-30T12:31:21.485+0000] {logging_mixin.py:188} INFO - [2026-05-30T12:31:21.485+0000] {dag.py:3047} INFO - Sync 1 DAGs
[2026-05-30T12:31:21.503+0000] {logging_mixin.py:188} INFO - [2026-05-30T12:31:21.503+0000] {dag.py:3834} INFO - Setting next_dagrun for latest_only_with_trigger to 2026-05-30 08:00:00+00:00, run_after=2026-05-30 12:00:00+00:00
[2026-05-30T12:31:21.521+0000] {processor.py:183} INFO - Processing /home/airflow/.local/lib/python3.8/site-packages/airflow/example_dags/example_latest_only_with_trigger.py took 0.068 seconds
[2026-05-30T12:31:51.802+0000] {processor.py:161} INFO - Started process (PID=5832) to work on /home/airflow/.local/lib/python3.8/site-packages/airflow/example_dags/example_latest_only_with_trigger.py
[2026-05-30T12:31:51.804+0000] {processor.py:830} INFO - Processing file /home/airflow/.local/lib/python3.8/site-packages/airflow/example_dags/example_latest_only_with_trigger.py for tasks to queue
[2026-05-30T12:31:51.806+0000] {logging_mixin.py:188} INFO - [2026-05-30T12:31:51.805+0000] {dagbag.py:540} INFO - Filling up the DagBag from /home/airflow/.local/lib/python3.8/site-packages/airflow/example_dags/example_latest_only_with_trigger.py
[2026-05-30T12:31:51.811+0000] {processor.py:840} INFO - DAG(s) 'latest_only_with_trigger' retrieved from /home/airflow/.local/lib/python3.8/site-packages/airflow/example_dags/example_latest_only_with_trigger.py
[2026-05-30T12:31:51.830+0000] {logging_mixin.py:188} INFO - [2026-05-30T12:31:51.830+0000] {dag.py:3047} INFO - Sync 1 DAGs
[2026-05-30T12:31:51.847+0000] {logging_mixin.py:188} INFO - [2026-05-30T12:31:51.846+0000] {dag.py:3834} INFO - Setting next_dagrun for latest_only_with_trigger to 2026-05-30 08:00:00+00:00, run_after=2026-05-30 12:00:00+00:00
[2026-05-30T12:31:51.864+0000] {processor.py:183} INFO - Processing /home/airflow/.local/lib/python3.8/site-packages/airflow/example_dags/example_latest_only_with_trigger.py took 0.065 seconds
[2026-05-30T12:32:22.175+0000] {processor.py:161} INFO - Started process (PID=5888) to work on /home/airflow/.local/lib/python3.8/site-packages/airflow/example_dags/example_latest_only_with_trigger.py
[2026-05-30T12:32:22.177+0000] {processor.py:830} INFO - Processing file /home/airflow/.local/lib/python3.8/site-packages/airflow/example_dags/example_latest_only_with_trigger.py for tasks to queue
[2026-05-30T12:32:22.178+0000] {logging_mixin.py:188} INFO - [2026-05-30T12:32:22.178+0000] {dagbag.py:540} INFO - Filling up the DagBag from /home/airflow/.local/lib/python3.8/site-packages/airflow/example_dags/example_latest_only_with_trigger.py
[2026-05-30T12:32:22.183+0000] {processor.py:840} INFO - DAG(s) 'latest_only_with_trigger' retrieved from /home/airflow/.local/lib/python3.8/site-packages/airflow/example_dags/example_latest_only_with_trigger.py
[2026-05-30T12:32:22.201+0000] {logging_mixin.py:188} INFO - [2026-05-30T12:32:22.200+0000] {dag.py:3047} INFO - Sync 1 DAGs
[2026-05-30T12:32:22.220+0000] {logging_mixin.py:188} INFO - [2026-05-30T12:32:22.220+0000] {dag.py:3834} INFO - Setting next_dagrun for latest_only_with_trigger to 2026-05-30 08:00:00+00:00, run_after=2026-05-30 12:00:00+00:00
[2026-05-30T12:32:22.237+0000] {processor.py:183} INFO - Processing /home/airflow/.local/lib/python3.8/site-packages/airflow/example_dags/example_latest_only_with_trigger.py took 0.064 seconds
[2026-05-30T12:32:52.441+0000] {processor.py:161} INFO - Started process (PID=5944) to work on /home/airflow/.local/lib/python3.8/site-packages/airflow/example_dags/example_latest_only_with_trigger.py
[2026-05-30T12:32:52.443+0000] {processor.py:830} INFO - Processing file /home/airflow/.local/lib/python3.8/site-packages/airflow/example_dags/example_latest_only_with_trigger.py for tasks to queue
[2026-05-30T12:32:52.445+0000] {logging_mixin.py:188} INFO - [2026-05-30T12:32:52.445+0000] {dagbag.py:540} INFO - Filling up the DagBag from /home/airflow/.local/lib/python3.8/site-packages/airflow/example_dags/example_latest_only_with_trigger.py
[2026-05-30T12:32:52.450+0000] {processor.py:840} INFO - DAG(s) 'latest_only_with_trigger' retrieved from /home/airflow/.local/lib/python3.8/site-packages/airflow/example_dags/example_latest_only_with_trigger.py
[2026-05-30T12:32:52.471+0000] {logging_mixin.py:188} INFO - [2026-05-30T12:32:52.470+0000] {dag.py:3047} INFO - Sync 1 DAGs
[2026-05-30T12:32:52.486+0000] {logging_mixin.py:188} INFO - [2026-05-30T12:32:52.486+0000] {dag.py:3834} INFO - Setting next_dagrun for latest_only_with_trigger to 2026-05-30 08:00:00+00:00, run_after=2026-05-30 12:00:00+00:00
[2026-05-30T12:32:52.500+0000] {processor.py:183} INFO - Processing /home/airflow/.local/lib/python3.8/site-packages/airflow/example_dags/example_latest_only_with_trigger.py took 0.061 seconds
[2026-05-30T12:33:22.897+0000] {processor.py:161} INFO - Started process (PID=5999) to work on /home/airflow/.local/lib/python3.8/site-packages/airflow/example_dags/example_latest_only_with_trigger.py
[2026-05-30T12:33:22.898+0000] {processor.py:830} INFO - Processing file /home/airflow/.local/lib/python3.8/site-packages/airflow/example_dags/example_latest_only_with_trigger.py for tasks to queue
[2026-05-30T12:33:22.900+0000] {logging_mixin.py:188} INFO - [2026-05-30T12:33:22.900+0000] {dagbag.py:540} INFO - Filling up the DagBag from /home/airflow/.local/lib/python3.8/site-packages/airflow/example_dags/example_latest_only_with_trigger.py
[2026-05-30T12:33:22.905+0000] {processor.py:840} INFO - DAG(s) 'latest_only_with_trigger' retrieved from /home/airflow/.local/lib/python3.8/site-packages/airflow/example_dags/example_latest_only_with_trigger.py
[2026-05-30T12:33:22.923+0000] {logging_mixin.py:188} INFO - [2026-05-30T12:33:22.923+0000] {dag.py:3047} INFO - Sync 1 DAGs
[2026-05-30T12:33:22.941+0000] {logging_mixin.py:188} INFO - [2026-05-30T12:33:22.941+0000] {dag.py:3834} INFO - Setting next_dagrun for latest_only_with_trigger to 2026-05-30 08:00:00+00:00, run_after=2026-05-30 12:00:00+00:00
[2026-05-30T12:33:22.959+0000] {processor.py:183} INFO - Processing /home/airflow/.local/lib/python3.8/site-packages/airflow/example_dags/example_latest_only_with_trigger.py took 0.065 seconds
[2026-05-30T12:33:53.023+0000] {processor.py:161} INFO - Started process (PID=6055) to work on /home/airflow/.local/lib/python3.8/site-packages/airflow/example_dags/example_latest_only_with_trigger.py
[2026-05-30T12:33:53.024+0000] {processor.py:830} INFO - Processing file /home/airflow/.local/lib/python3.8/site-packages/airflow/example_dags/example_latest_only_with_trigger.py for tasks to queue
[2026-05-30T12:33:53.026+0000] {logging_mixin.py:188} INFO - [2026-05-30T12:33:53.026+0000] {dagbag.py:540} INFO - Filling up the DagBag from /home/airflow/.local/lib/python3.8/site-packages/airflow/example_dags/example_latest_only_with_trigger.py
[2026-05-30T12:33:53.032+0000] {processor.py:840} INFO - DAG(s) 'latest_only_with_trigger' retrieved from /home/airflow/.local/lib/python3.8/site-packages/airflow/example_dags/example_latest_only_with_trigger.py
[2026-05-30T12:33:53.053+0000] {logging_mixin.py:188} INFO - [2026-05-30T12:33:53.052+0000] {dag.py:3047} INFO - Sync 1 DAGs
[2026-05-30T12:33:53.071+0000] {logging_mixin.py:188} INFO - [2026-05-30T12:33:53.071+0000] {dag.py:3834} INFO - Setting next_dagrun for latest_only_with_trigger to 2026-05-30 08:00:00+00:00, run_after=2026-05-30 12:00:00+00:00
[2026-05-30T12:33:53.089+0000] {processor.py:183} INFO - Processing /home/airflow/.local/lib/python3.8/site-packages/airflow/example_dags/example_latest_only_with_trigger.py took 0.069 seconds
[2026-05-30T12:34:23.438+0000] {processor.py:161} INFO - Started process (PID=6111) to work on /home/airflow/.local/lib/python3.8/site-packages/airflow/example_dags/example_latest_only_with_trigger.py
[2026-05-30T12:34:23.439+0000] {processor.py:830} INFO - Processing file /home/airflow/.local/lib/python3.8/site-packages/airflow/example_dags/example_latest_only_with_trigger.py for tasks to queue
[2026-05-30T12:34:23.441+0000] {logging_mixin.py:188} INFO - [2026-05-30T12:34:23.441+0000] {dagbag.py:540} INFO - Filling up the DagBag from /home/airflow/.local/lib/python3.8/site-packages/airflow/example_dags/example_latest_only_with_trigger.py
[2026-05-30T12:34:23.447+0000] {processor.py:840} INFO - DAG(s) 'latest_only_with_trigger' retrieved from /home/airflow/.local/lib/python3.8/site-packages/airflow/example_dags/example_latest_only_with_trigger.py
[2026-05-30T12:34:23.466+0000] {logging_mixin.py:188} INFO - [2026-05-30T12:34:23.466+0000] {dag.py:3047} INFO - Sync 1 DAGs
[2026-05-30T12:34:23.482+0000] {logging_mixin.py:188} INFO - [2026-05-30T12:34:23.481+0000] {dag.py:3834} INFO - Setting next_dagrun for latest_only_with_trigger to 2026-05-30 08:00:00+00:00, run_after=2026-05-30 12:00:00+00:00
[2026-05-30T12:34:23.496+0000] {processor.py:183} INFO - Processing /home/airflow/.local/lib/python3.8/site-packages/airflow/example_dags/example_latest_only_with_trigger.py took 0.062 seconds
[2026-05-30T12:34:53.794+0000] {processor.py:161} INFO - Started process (PID=6167) to work on /home/airflow/.local/lib/python3.8/site-packages/airflow/example_dags/example_latest_only_with_trigger.py
[2026-05-30T12:34:53.795+0000] {processor.py:830} INFO - Processing file /home/airflow/.local/lib/python3.8/site-packages/airflow/example_dags/example_latest_only_with_trigger.py for tasks to queue
[2026-05-30T12:34:53.798+0000] {logging_mixin.py:188} INFO - [2026-05-30T12:34:53.797+0000] {dagbag.py:540} INFO - Filling up the DagBag from /home/airflow/.local/lib/python3.8/site-packages/airflow/example_dags/example_latest_only_with_trigger.py
[2026-05-30T12:34:53.804+0000] {processor.py:840} INFO - DAG(s) 'latest_only_with_trigger' retrieved from /home/airflow/.local/lib/python3.8/site-packages/airflow/example_dags/example_latest_only_with_trigger.py
[2026-05-30T12:34:53.821+0000] {logging_mixin.py:188} INFO - [2026-05-30T12:34:53.821+0000] {dag.py:3047} INFO - Sync 1 DAGs
[2026-05-30T12:34:53.839+0000] {logging_mixin.py:188} INFO - [2026-05-30T12:34:53.839+0000] {dag.py:3834} INFO - Setting next_dagrun for latest_only_with_trigger to 2026-05-30 08:00:00+00:00, run_after=2026-05-30 12:00:00+00:00
[2026-05-30T12:34:53.853+0000] {processor.py:183} INFO - Processing /home/airflow/.local/lib/python3.8/site-packages/airflow/example_dags/example_latest_only_with_trigger.py took 0.063 seconds
[2026-05-30T12:35:24.132+0000] {processor.py:161} INFO - Started process (PID=6223) to work on /home/airflow/.local/lib/python3.8/site-packages/airflow/example_dags/example_latest_only_with_trigger.py
[2026-05-30T12:35:24.134+0000] {processor.py:830} INFO - Processing file /home/airflow/.local/lib/python3.8/site-packages/airflow/example_dags/example_latest_only_with_trigger.py for tasks to queue
[2026-05-30T12:35:24.136+0000] {logging_mixin.py:188} INFO - [2026-05-30T12:35:24.136+0000] {dagbag.py:540} INFO - Filling up the DagBag from /home/airflow/.local/lib/python3.8/site-packages/airflow/example_dags/example_latest_only_with_trigger.py
[2026-05-30T12:35:24.141+0000] {processor.py:840} INFO - DAG(s) 'latest_only_with_trigger' retrieved from /home/airflow/.local/lib/python3.8/site-packages/airflow/example_dags/example_latest_only_with_trigger.py
[2026-05-30T12:35:24.157+0000] {logging_mixin.py:188} INFO - [2026-05-30T12:35:24.157+0000] {dag.py:3047} INFO - Sync 1 DAGs
[2026-05-30T12:35:24.172+0000] {logging_mixin.py:188} INFO - [2026-05-30T12:35:24.172+0000] {dag.py:3834} INFO - Setting next_dagrun for latest_only_with_trigger to 2026-05-30 08:00:00+00:00, run_after=2026-05-30 12:00:00+00:00
[2026-05-30T12:35:24.190+0000] {processor.py:183} INFO - Processing /home/airflow/.local/lib/python3.8/site-packages/airflow/example_dags/example_latest_only_with_trigger.py took 0.060 seconds
[2026-05-30T12:35:54.807+0000] {processor.py:161} INFO - Started process (PID=6279) to work on /home/airflow/.local/lib/python3.8/site-packages/airflow/example_dags/example_latest_only_with_trigger.py
[2026-05-30T12:35:54.808+0000] {processor.py:830} INFO - Processing file /home/airflow/.local/lib/python3.8/site-packages/airflow/example_dags/example_latest_only_with_trigger.py for tasks to queue
[2026-05-30T12:35:54.810+0000] {logging_mixin.py:188} INFO - [2026-05-30T12:35:54.810+0000] {dagbag.py:540} INFO - Filling up the DagBag from /home/airflow/.local/lib/python3.8/site-packages/airflow/example_dags/example_latest_only_with_trigger.py
[2026-05-30T12:35:54.815+0000] {processor.py:840} INFO - DAG(s) 'latest_only_with_trigger' retrieved from /home/airflow/.local/lib/python3.8/site-packages/airflow/example_dags/example_latest_only_with_trigger.py
[2026-05-30T12:35:54.832+0000] {logging_mixin.py:188} INFO - [2026-05-30T12:35:54.831+0000] {dag.py:3047} INFO - Sync 1 DAGs
[2026-05-30T12:35:54.846+0000] {logging_mixin.py:188} INFO - [2026-05-30T12:35:54.846+0000] {dag.py:3834} INFO - Setting next_dagrun for latest_only_with_trigger to 2026-05-30 08:00:00+00:00, run_after=2026-05-30 12:00:00+00:00
[2026-05-30T12:35:54.863+0000] {processor.py:183} INFO - Processing /home/airflow/.local/lib/python3.8/site-packages/airflow/example_dags/example_latest_only_with_trigger.py took 0.059 seconds
[2026-05-30T12:36:25.480+0000] {processor.py:161} INFO - Started process (PID=6335) to work on /home/airflow/.local/lib/python3.8/site-packages/airflow/example_dags/example_latest_only_with_trigger.py
[2026-05-30T12:36:25.481+0000] {processor.py:830} INFO - Processing file /home/airflow/.local/lib/python3.8/site-packages/airflow/example_dags/example_latest_only_with_trigger.py for tasks to queue
[2026-05-30T12:36:25.483+0000] {logging_mixin.py:188} INFO - [2026-05-30T12:36:25.483+0000] {dagbag.py:540} INFO - Filling up the DagBag from /home/airflow/.local/lib/python3.8/site-packages/airflow/example_dags/example_latest_only_with_trigger.py
[2026-05-30T12:36:25.488+0000] {processor.py:840} INFO - DAG(s) 'latest_only_with_trigger' retrieved from /home/airflow/.local/lib/python3.8/site-packages/airflow/example_dags/example_latest_only_with_trigger.py
[2026-05-30T12:36:25.506+0000] {logging_mixin.py:188} INFO - [2026-05-30T12:36:25.505+0000] {dag.py:3047} INFO - Sync 1 DAGs
[2026-05-30T12:36:25.525+0000] {logging_mixin.py:188} INFO - [2026-05-30T12:36:25.524+0000] {dag.py:3834} INFO - Setting next_dagrun for latest_only_with_trigger to 2026-05-30 08:00:00+00:00, run_after=2026-05-30 12:00:00+00:00
[2026-05-30T12:36:25.550+0000] {processor.py:183} INFO - Processing /home/airflow/.local/lib/python3.8/site-packages/airflow/example_dags/example_latest_only_with_trigger.py took 0.075 seconds
[2026-05-30T12:36:55.781+0000] {processor.py:161} INFO - Started process (PID=6391) to work on /home/airflow/.local/lib/python3.8/site-packages/airflow/example_dags/example_latest_only_with_trigger.py
[2026-05-30T12:36:55.782+0000] {processor.py:830} INFO - Processing file /home/airflow/.local/lib/python3.8/site-packages/airflow/example_dags/example_latest_only_with_trigger.py for tasks to queue
[2026-05-30T12:36:55.785+0000] {logging_mixin.py:188} INFO - [2026-05-30T12:36:55.784+0000] {dagbag.py:540} INFO - Filling up the DagBag from /home/airflow/.local/lib/python3.8/site-packages/airflow/example_dags/example_latest_only_with_trigger.py
[2026-05-30T12:36:55.791+0000] {processor.py:840} INFO - DAG(s) 'latest_only_with_trigger' retrieved from /home/airflow/.local/lib/python3.8/site-packages/airflow/example_dags/example_latest_only_with_trigger.py
[2026-05-30T12:36:55.814+0000] {logging_mixin.py:188} INFO - [2026-05-30T12:36:55.814+0000] {dag.py:3047} INFO - Sync 1 DAGs
[2026-05-30T12:36:55.833+0000] {logging_mixin.py:188} INFO - [2026-05-30T12:36:55.833+0000] {dag.py:3834} INFO - Setting next_dagrun for latest_only_with_trigger to 2026-05-30 08:00:00+00:00, run_after=2026-05-30 12:00:00+00:00
[2026-05-30T12:36:55.852+0000] {processor.py:183} INFO - Processing /home/airflow/.local/lib/python3.8/site-packages/airflow/example_dags/example_latest_only_with_trigger.py took 0.079 seconds
[2026-05-30T12:37:25.954+0000] {processor.py:161} INFO - Started process (PID=6448) to work on /home/airflow/.local/lib/python3.8/site-packages/airflow/example_dags/example_latest_only_with_trigger.py
[2026-05-30T12:37:25.955+0000] {processor.py:830} INFO - Processing file /home/airflow/.local/lib/python3.8/site-packages/airflow/example_dags/example_latest_only_with_trigger.py for tasks to queue
[2026-05-30T12:37:25.957+0000] {logging_mixin.py:188} INFO - [2026-05-30T12:37:25.956+0000] {dagbag.py:540} INFO - Filling up the DagBag from /home/airflow/.local/lib/python3.8/site-packages/airflow/example_dags/example_latest_only_with_trigger.py
[2026-05-30T12:37:25.961+0000] {processor.py:840} INFO - DAG(s) 'latest_only_with_trigger' retrieved from /home/airflow/.local/lib/python3.8/site-packages/airflow/example_dags/example_latest_only_with_trigger.py
[2026-05-30T12:37:25.981+0000] {logging_mixin.py:188} INFO - [2026-05-30T12:37:25.981+0000] {dag.py:3047} INFO - Sync 1 DAGs
[2026-05-30T12:37:26.002+0000] {logging_mixin.py:188} INFO - [2026-05-30T12:37:26.002+0000] {dag.py:3834} INFO - Setting next_dagrun for latest_only_with_trigger to 2026-05-30 08:00:00+00:00, run_after=2026-05-30 12:00:00+00:00
[2026-05-30T12:37:26.021+0000] {processor.py:183} INFO - Processing /home/airflow/.local/lib/python3.8/site-packages/airflow/example_dags/example_latest_only_with_trigger.py took 0.070 seconds
[2026-05-30T12:37:56.884+0000] {processor.py:161} INFO - Started process (PID=6503) to work on /home/airflow/.local/lib/python3.8/site-packages/airflow/example_dags/example_latest_only_with_trigger.py
[2026-05-30T12:37:56.885+0000] {processor.py:830} INFO - Processing file /home/airflow/.local/lib/python3.8/site-packages/airflow/example_dags/example_latest_only_with_trigger.py for tasks to queue
[2026-05-30T12:37:56.887+0000] {logging_mixin.py:188} INFO - [2026-05-30T12:37:56.887+0000] {dagbag.py:540} INFO - Filling up the DagBag from /home/airflow/.local/lib/python3.8/site-packages/airflow/example_dags/example_latest_only_with_trigger.py
[2026-05-30T12:37:56.892+0000] {processor.py:840} INFO - DAG(s) 'latest_only_with_trigger' retrieved from /home/airflow/.local/lib/python3.8/site-packages/airflow/example_dags/example_latest_only_with_trigger.py
[2026-05-30T12:37:56.908+0000] {logging_mixin.py:188} INFO - [2026-05-30T12:37:56.908+0000] {dag.py:3047} INFO - Sync 1 DAGs
[2026-05-30T12:37:56.925+0000] {logging_mixin.py:188} INFO - [2026-05-30T12:37:56.925+0000] {dag.py:3834} INFO - Setting next_dagrun for latest_only_with_trigger to 2026-05-30 08:00:00+00:00, run_after=2026-05-30 12:00:00+00:00
[2026-05-30T12:37:56.942+0000] {processor.py:183} INFO - Processing /home/airflow/.local/lib/python3.8/site-packages/airflow/example_dags/example_latest_only_with_trigger.py took 0.061 seconds
[2026-05-30T12:38:27.041+0000] {processor.py:161} INFO - Started process (PID=6560) to work on /home/airflow/.local/lib/python3.8/site-packages/airflow/example_dags/example_latest_only_with_trigger.py
[2026-05-30T12:38:27.043+0000] {processor.py:830} INFO - Processing file /home/airflow/.local/lib/python3.8/site-packages/airflow/example_dags/example_latest_only_with_trigger.py for tasks to queue
[2026-05-30T12:38:27.044+0000] {logging_mixin.py:188} INFO - [2026-05-30T12:38:27.044+0000] {dagbag.py:540} INFO - Filling up the DagBag from /home/airflow/.local/lib/python3.8/site-packages/airflow/example_dags/example_latest_only_with_trigger.py
[2026-05-30T12:38:27.049+0000] {processor.py:840} INFO - DAG(s) 'latest_only_with_trigger' retrieved from /home/airflow/.local/lib/python3.8/site-packages/airflow/example_dags/example_latest_only_with_trigger.py
[2026-05-30T12:38:27.066+0000] {logging_mixin.py:188} INFO - [2026-05-30T12:38:27.066+0000] {dag.py:3047} INFO - Sync 1 DAGs
[2026-05-30T12:38:27.081+0000] {logging_mixin.py:188} INFO - [2026-05-30T12:38:27.081+0000] {dag.py:3834} INFO - Setting next_dagrun for latest_only_with_trigger to 2026-05-30 08:00:00+00:00, run_after=2026-05-30 12:00:00+00:00
[2026-05-30T12:38:27.099+0000] {processor.py:183} INFO - Processing /home/airflow/.local/lib/python3.8/site-packages/airflow/example_dags/example_latest_only_with_trigger.py took 0.061 seconds
[2026-05-30T12:38:57.507+0000] {processor.py:161} INFO - Started process (PID=6616) to work on /home/airflow/.local/lib/python3.8/site-packages/airflow/example_dags/example_latest_only_with_trigger.py
[2026-05-30T12:38:57.508+0000] {processor.py:830} INFO - Processing file /home/airflow/.local/lib/python3.8/site-packages/airflow/example_dags/example_latest_only_with_trigger.py for tasks to queue
[2026-05-30T12:38:57.510+0000] {logging_mixin.py:188} INFO - [2026-05-30T12:38:57.510+0000] {dagbag.py:540} INFO - Filling up the DagBag from /home/airflow/.local/lib/python3.8/site-packages/airflow/example_dags/example_latest_only_with_trigger.py
[2026-05-30T12:38:57.514+0000] {processor.py:840} INFO - DAG(s) 'latest_only_with_trigger' retrieved from /home/airflow/.local/lib/python3.8/site-packages/airflow/example_dags/example_latest_only_with_trigger.py
[2026-05-30T12:38:57.532+0000] {logging_mixin.py:188} INFO - [2026-05-30T12:38:57.531+0000] {dag.py:3047} INFO - Sync 1 DAGs
[2026-05-30T12:38:57.546+0000] {logging_mixin.py:188} INFO - [2026-05-30T12:38:57.546+0000] {dag.py:3834} INFO - Setting next_dagrun for latest_only_with_trigger to 2026-05-30 08:00:00+00:00, run_after=2026-05-30 12:00:00+00:00
[2026-05-30T12:38:57.561+0000] {processor.py:183} INFO - Processing /home/airflow/.local/lib/python3.8/site-packages/airflow/example_dags/example_latest_only_with_trigger.py took 0.057 seconds
[2026-05-30T12:39:28.223+0000] {processor.py:161} INFO - Started process (PID=6672) to work on /home/airflow/.local/lib/python3.8/site-packages/airflow/example_dags/example_latest_only_with_trigger.py
[2026-05-30T12:39:28.224+0000] {processor.py:830} INFO - Processing file /home/airflow/.local/lib/python3.8/site-packages/airflow/example_dags/example_latest_only_with_trigger.py for tasks to queue
[2026-05-30T12:39:28.225+0000] {logging_mixin.py:188} INFO - [2026-05-30T12:39:28.225+0000] {dagbag.py:540} INFO - Filling up the DagBag from /home/airflow/.local/lib/python3.8/site-packages/airflow/example_dags/example_latest_only_with_trigger.py
[2026-05-30T12:39:28.230+0000] {processor.py:840} INFO - DAG(s) 'latest_only_with_trigger' retrieved from /home/airflow/.local/lib/python3.8/site-packages/airflow/example_dags/example_latest_only_with_trigger.py
[2026-05-30T12:39:28.254+0000] {logging_mixin.py:188} INFO - [2026-05-30T12:39:28.254+0000] {dag.py:3047} INFO - Sync 1 DAGs
[2026-05-30T12:39:28.275+0000] {logging_mixin.py:188} INFO - [2026-05-30T12:39:28.275+0000] {dag.py:3834} INFO - Setting next_dagrun for latest_only_with_trigger to 2026-05-30 08:00:00+00:00, run_after=2026-05-30 12:00:00+00:00
[2026-05-30T12:39:28.293+0000] {processor.py:183} INFO - Processing /home/airflow/.local/lib/python3.8/site-packages/airflow/example_dags/example_latest_only_with_trigger.py took 0.073 seconds
[2026-05-30T12:39:58.684+0000] {processor.py:161} INFO - Started process (PID=6728) to work on /home/airflow/.local/lib/python3.8/site-packages/airflow/example_dags/example_latest_only_with_trigger.py
[2026-05-30T12:39:58.686+0000] {processor.py:830} INFO - Processing file /home/airflow/.local/lib/python3.8/site-packages/airflow/example_dags/example_latest_only_with_trigger.py for tasks to queue
[2026-05-30T12:39:58.688+0000] {logging_mixin.py:188} INFO - [2026-05-30T12:39:58.687+0000] {dagbag.py:540} INFO - Filling up the DagBag from /home/airflow/.local/lib/python3.8/site-packages/airflow/example_dags/example_latest_only_with_trigger.py
[2026-05-30T12:39:58.692+0000] {processor.py:840} INFO - DAG(s) 'latest_only_with_trigger' retrieved from /home/airflow/.local/lib/python3.8/site-packages/airflow/example_dags/example_latest_only_with_trigger.py
[2026-05-30T12:39:58.709+0000] {logging_mixin.py:188} INFO - [2026-05-30T12:39:58.708+0000] {dag.py:3047} INFO - Sync 1 DAGs
[2026-05-30T12:39:58.725+0000] {logging_mixin.py:188} INFO - [2026-05-30T12:39:58.724+0000] {dag.py:3834} INFO - Setting next_dagrun for latest_only_with_trigger to 2026-05-30 08:00:00+00:00, run_after=2026-05-30 12:00:00+00:00
[2026-05-30T12:39:58.740+0000] {processor.py:183} INFO - Processing /home/airflow/.local/lib/python3.8/site-packages/airflow/example_dags/example_latest_only_with_trigger.py took 0.059 seconds
[2026-05-30T12:40:29.289+0000] {processor.py:161} INFO - Started process (PID=6784) to work on /home/airflow/.local/lib/python3.8/site-packages/airflow/example_dags/example_latest_only_with_trigger.py
[2026-05-30T12:40:29.291+0000] {processor.py:830} INFO - Processing file /home/airflow/.local/lib/python3.8/site-packages/airflow/example_dags/example_latest_only_with_trigger.py for tasks to queue
[2026-05-30T12:40:29.293+0000] {logging_mixin.py:188} INFO - [2026-05-30T12:40:29.293+0000] {dagbag.py:540} INFO - Filling up the DagBag from /home/airflow/.local/lib/python3.8/site-packages/airflow/example_dags/example_latest_only_with_trigger.py
[2026-05-30T12:40:29.299+0000] {processor.py:840} INFO - DAG(s) 'latest_only_with_trigger' retrieved from /home/airflow/.local/lib/python3.8/site-packages/airflow/example_dags/example_latest_only_with_trigger.py
[2026-05-30T12:40:29.317+0000] {logging_mixin.py:188} INFO - [2026-05-30T12:40:29.317+0000] {dag.py:3047} INFO - Sync 1 DAGs
[2026-05-30T12:40:29.334+0000] {logging_mixin.py:188} INFO - [2026-05-30T12:40:29.333+0000] {dag.py:3834} INFO - Setting next_dagrun for latest_only_with_trigger to 2026-05-30 08:00:00+00:00, run_after=2026-05-30 12:00:00+00:00
[2026-05-30T12:40:29.351+0000] {processor.py:183} INFO - Processing /home/airflow/.local/lib/python3.8/site-packages/airflow/example_dags/example_latest_only_with_trigger.py took 0.064 seconds
[2026-05-30T12:40:59.920+0000] {processor.py:161} INFO - Started process (PID=6839) to work on /home/airflow/.local/lib/python3.8/site-packages/airflow/example_dags/example_latest_only_with_trigger.py
[2026-05-30T12:40:59.922+0000] {processor.py:830} INFO - Processing file /home/airflow/.local/lib/python3.8/site-packages/airflow/example_dags/example_latest_only_with_trigger.py for tasks to queue
[2026-05-30T12:40:59.924+0000] {logging_mixin.py:188} INFO - [2026-05-30T12:40:59.924+0000] {dagbag.py:540} INFO - Filling up the DagBag from /home/airflow/.local/lib/python3.8/site-packages/airflow/example_dags/example_latest_only_with_trigger.py
[2026-05-30T12:40:59.929+0000] {processor.py:840} INFO - DAG(s) 'latest_only_with_trigger' retrieved from /home/airflow/.local/lib/python3.8/site-packages/airflow/example_dags/example_latest_only_with_trigger.py
[2026-05-30T12:40:59.946+0000] {logging_mixin.py:188} INFO - [2026-05-30T12:40:59.946+0000] {dag.py:3047} INFO - Sync 1 DAGs
[2026-05-30T12:40:59.962+0000] {logging_mixin.py:188} INFO - [2026-05-30T12:40:59.962+0000] {dag.py:3834} INFO - Setting next_dagrun for latest_only_with_trigger to 2026-05-30 08:00:00+00:00, run_after=2026-05-30 12:00:00+00:00
[2026-05-30T12:40:59.982+0000] {processor.py:183} INFO - Processing /home/airflow/.local/lib/python3.8/site-packages/airflow/example_dags/example_latest_only_with_trigger.py took 0.064 seconds
[2026-05-30T12:41:30.617+0000] {processor.py:161} INFO - Started process (PID=6895) to work on /home/airflow/.local/lib/python3.8/site-packages/airflow/example_dags/example_latest_only_with_trigger.py
[2026-05-30T12:41:30.618+0000] {processor.py:830} INFO - Processing file /home/airflow/.local/lib/python3.8/site-packages/airflow/example_dags/example_latest_only_with_trigger.py for tasks to queue
[2026-05-30T12:41:30.620+0000] {logging_mixin.py:188} INFO - [2026-05-30T12:41:30.620+0000] {dagbag.py:540} INFO - Filling up the DagBag from /home/airflow/.local/lib/python3.8/site-packages/airflow/example_dags/example_latest_only_with_trigger.py
[2026-05-30T12:41:30.625+0000] {processor.py:840} INFO - DAG(s) 'latest_only_with_trigger' retrieved from /home/airflow/.local/lib/python3.8/site-packages/airflow/example_dags/example_latest_only_with_trigger.py
[2026-05-30T12:41:30.641+0000] {logging_mixin.py:188} INFO - [2026-05-30T12:41:30.641+0000] {dag.py:3047} INFO - Sync 1 DAGs
[2026-05-30T12:41:30.657+0000] {logging_mixin.py:188} INFO - [2026-05-30T12:41:30.657+0000] {dag.py:3834} INFO - Setting next_dagrun for latest_only_with_trigger to 2026-05-30 08:00:00+00:00, run_after=2026-05-30 12:00:00+00:00
[2026-05-30T12:41:30.674+0000] {processor.py:183} INFO - Processing /home/airflow/.local/lib/python3.8/site-packages/airflow/example_dags/example_latest_only_with_trigger.py took 0.060 seconds
[2026-05-30T12:42:01.723+0000] {processor.py:161} INFO - Started process (PID=6951) to work on /home/airflow/.local/lib/python3.8/site-packages/airflow/example_dags/example_latest_only_with_trigger.py
[2026-05-30T12:42:01.724+0000] {processor.py:830} INFO - Processing file /home/airflow/.local/lib/python3.8/site-packages/airflow/example_dags/example_latest_only_with_trigger.py for tasks to queue
[2026-05-30T12:42:01.728+0000] {logging_mixin.py:188} INFO - [2026-05-30T12:42:01.727+0000] {dagbag.py:540} INFO - Filling up the DagBag from /home/airflow/.local/lib/python3.8/site-packages/airflow/example_dags/example_latest_only_with_trigger.py
[2026-05-30T12:42:01.736+0000] {processor.py:840} INFO - DAG(s) 'latest_only_with_trigger' retrieved from /home/airflow/.local/lib/python3.8/site-packages/airflow/example_dags/example_latest_only_with_trigger.py
[2026-05-30T12:42:01.777+0000] {logging_mixin.py:188} INFO - [2026-05-30T12:42:01.776+0000] {dag.py:3047} INFO - Sync 1 DAGs
[2026-05-30T12:42:01.819+0000] {logging_mixin.py:188} INFO - [2026-05-30T12:42:01.818+0000] {dag.py:3834} INFO - Setting next_dagrun for latest_only_with_trigger to 2026-05-30 08:00:00+00:00, run_after=2026-05-30 12:00:00+00:00
[2026-05-30T12:42:01.890+0000] {processor.py:183} INFO - Processing /home/airflow/.local/lib/python3.8/site-packages/airflow/example_dags/example_latest_only_with_trigger.py took 0.173 seconds
[2026-05-30T12:42:32.768+0000] {processor.py:161} INFO - Started process (PID=7007) to work on /home/airflow/.local/lib/python3.8/site-packages/airflow/example_dags/example_latest_only_with_trigger.py
[2026-05-30T12:42:32.770+0000] {processor.py:830} INFO - Processing file /home/airflow/.local/lib/python3.8/site-packages/airflow/example_dags/example_latest_only_with_trigger.py for tasks to queue
[2026-05-30T12:42:32.773+0000] {logging_mixin.py:188} INFO - [2026-05-30T12:42:32.772+0000] {dagbag.py:540} INFO - Filling up the DagBag from /home/airflow/.local/lib/python3.8/site-packages/airflow/example_dags/example_latest_only_with_trigger.py
[2026-05-30T12:42:32.780+0000] {processor.py:840} INFO - DAG(s) 'latest_only_with_trigger' retrieved from /home/airflow/.local/lib/python3.8/site-packages/airflow/example_dags/example_latest_only_with_trigger.py
[2026-05-30T12:42:32.812+0000] {logging_mixin.py:188} INFO - [2026-05-30T12:42:32.812+0000] {dag.py:3047} INFO - Sync 1 DAGs
[2026-05-30T12:42:32.835+0000] {logging_mixin.py:188} INFO - [2026-05-30T12:42:32.834+0000] {dag.py:3834} INFO - Setting next_dagrun for latest_only_with_trigger to 2026-05-30 08:00:00+00:00, run_after=2026-05-30 12:00:00+00:00
[2026-05-30T12:42:32.862+0000] {processor.py:183} INFO - Processing /home/airflow/.local/lib/python3.8/site-packages/airflow/example_dags/example_latest_only_with_trigger.py took 0.098 seconds
[2026-05-30T12:43:03.458+0000] {processor.py:161} INFO - Started process (PID=7062) to work on /home/airflow/.local/lib/python3.8/site-packages/airflow/example_dags/example_latest_only_with_trigger.py
[2026-05-30T12:43:03.460+0000] {processor.py:830} INFO - Processing file /home/airflow/.local/lib/python3.8/site-packages/airflow/example_dags/example_latest_only_with_trigger.py for tasks to queue
[2026-05-30T12:43:03.464+0000] {logging_mixin.py:188} INFO - [2026-05-30T12:43:03.463+0000] {dagbag.py:540} INFO - Filling up the DagBag from /home/airflow/.local/lib/python3.8/site-packages/airflow/example_dags/example_latest_only_with_trigger.py
[2026-05-30T12:43:03.469+0000] {processor.py:840} INFO - DAG(s) 'latest_only_with_trigger' retrieved from /home/airflow/.local/lib/python3.8/site-packages/airflow/example_dags/example_latest_only_with_trigger.py
[2026-05-30T12:43:03.490+0000] {logging_mixin.py:188} INFO - [2026-05-30T12:43:03.489+0000] {dag.py:3047} INFO - Sync 1 DAGs
[2026-05-30T12:43:03.657+0000] {logging_mixin.py:188} INFO - [2026-05-30T12:43:03.656+0000] {dag.py:3834} INFO - Setting next_dagrun for latest_only_with_trigger to 2026-05-30 08:00:00+00:00, run_after=2026-05-30 12:00:00+00:00
[2026-05-30T12:43:03.677+0000] {processor.py:183} INFO - Processing /home/airflow/.local/lib/python3.8/site-packages/airflow/example_dags/example_latest_only_with_trigger.py took 0.222 seconds
[2026-05-30T12:43:33.882+0000] {processor.py:161} INFO - Started process (PID=7118) to work on /home/airflow/.local/lib/python3.8/site-packages/airflow/example_dags/example_latest_only_with_trigger.py
[2026-05-30T12:43:33.883+0000] {processor.py:830} INFO - Processing file /home/airflow/.local/lib/python3.8/site-packages/airflow/example_dags/example_latest_only_with_trigger.py for tasks to queue
[2026-05-30T12:43:33.884+0000] {logging_mixin.py:188} INFO - [2026-05-30T12:43:33.884+0000] {dagbag.py:540} INFO - Filling up the DagBag from /home/airflow/.local/lib/python3.8/site-packages/airflow/example_dags/example_latest_only_with_trigger.py
[2026-05-30T12:43:33.889+0000] {processor.py:840} INFO - DAG(s) 'latest_only_with_trigger' retrieved from /home/airflow/.local/lib/python3.8/site-packages/airflow/example_dags/example_latest_only_with_trigger.py
[2026-05-30T12:43:33.906+0000] {logging_mixin.py:188} INFO - [2026-05-30T12:43:33.906+0000] {dag.py:3047} INFO - Sync 1 DAGs
[2026-05-30T12:43:34.041+0000] {logging_mixin.py:188} INFO - [2026-05-30T12:43:34.041+0000] {dag.py:3834} INFO - Setting next_dagrun for latest_only_with_trigger to 2026-05-30 08:00:00+00:00, run_after=2026-05-30 12:00:00+00:00
[2026-05-30T12:43:34.057+0000] {processor.py:183} INFO - Processing /home/airflow/.local/lib/python3.8/site-packages/airflow/example_dags/example_latest_only_with_trigger.py took 0.178 seconds
[2026-05-30T12:44:04.515+0000] {processor.py:161} INFO - Started process (PID=7174) to work on /home/airflow/.local/lib/python3.8/site-packages/airflow/example_dags/example_latest_only_with_trigger.py
[2026-05-30T12:44:04.517+0000] {processor.py:830} INFO - Processing file /home/airflow/.local/lib/python3.8/site-packages/airflow/example_dags/example_latest_only_with_trigger.py for tasks to queue
[2026-05-30T12:44:04.520+0000] {logging_mixin.py:188} INFO - [2026-05-30T12:44:04.519+0000] {dagbag.py:540} INFO - Filling up the DagBag from /home/airflow/.local/lib/python3.8/site-packages/airflow/example_dags/example_latest_only_with_trigger.py
[2026-05-30T12:44:04.525+0000] {processor.py:840} INFO - DAG(s) 'latest_only_with_trigger' retrieved from /home/airflow/.local/lib/python3.8/site-packages/airflow/example_dags/example_latest_only_with_trigger.py
[2026-05-30T12:44:04.545+0000] {logging_mixin.py:188} INFO - [2026-05-30T12:44:04.545+0000] {dag.py:3047} INFO - Sync 1 DAGs
[2026-05-30T12:44:04.692+0000] {logging_mixin.py:188} INFO - [2026-05-30T12:44:04.692+0000] {dag.py:3834} INFO - Setting next_dagrun for latest_only_with_trigger to 2026-05-30 08:00:00+00:00, run_after=2026-05-30 12:00:00+00:00
[2026-05-30T12:44:04.708+0000] {processor.py:183} INFO - Processing /home/airflow/.local/lib/python3.8/site-packages/airflow/example_dags/example_latest_only_with_trigger.py took 0.196 seconds
[2026-05-30T12:44:34.921+0000] {processor.py:161} INFO - Started process (PID=7230) to work on /home/airflow/.local/lib/python3.8/site-packages/airflow/example_dags/example_latest_only_with_trigger.py
[2026-05-30T12:44:34.923+0000] {processor.py:830} INFO - Processing file /home/airflow/.local/lib/python3.8/site-packages/airflow/example_dags/example_latest_only_with_trigger.py for tasks to queue
[2026-05-30T12:44:34.924+0000] {logging_mixin.py:188} INFO - [2026-05-30T12:44:34.924+0000] {dagbag.py:540} INFO - Filling up the DagBag from /home/airflow/.local/lib/python3.8/site-packages/airflow/example_dags/example_latest_only_with_trigger.py
[2026-05-30T12:44:34.929+0000] {processor.py:840} INFO - DAG(s) 'latest_only_with_trigger' retrieved from /home/airflow/.local/lib/python3.8/site-packages/airflow/example_dags/example_latest_only_with_trigger.py
[2026-05-30T12:44:34.948+0000] {logging_mixin.py:188} INFO - [2026-05-30T12:44:34.948+0000] {dag.py:3047} INFO - Sync 1 DAGs
[2026-05-30T12:44:35.085+0000] {logging_mixin.py:188} INFO - [2026-05-30T12:44:35.084+0000] {dag.py:3834} INFO - Setting next_dagrun for latest_only_with_trigger to 2026-05-30 08:00:00+00:00, run_after=2026-05-30 12:00:00+00:00
[2026-05-30T12:44:35.100+0000] {processor.py:183} INFO - Processing /home/airflow/.local/lib/python3.8/site-packages/airflow/example_dags/example_latest_only_with_trigger.py took 0.181 seconds
[2026-05-30T12:45:05.362+0000] {processor.py:161} INFO - Started process (PID=7286) to work on /home/airflow/.local/lib/python3.8/site-packages/airflow/example_dags/example_latest_only_with_trigger.py
[2026-05-30T12:45:05.363+0000] {processor.py:830} INFO - Processing file /home/airflow/.local/lib/python3.8/site-packages/airflow/example_dags/example_latest_only_with_trigger.py for tasks to queue
[2026-05-30T12:45:05.365+0000] {logging_mixin.py:188} INFO - [2026-05-30T12:45:05.365+0000] {dagbag.py:540} INFO - Filling up the DagBag from /home/airflow/.local/lib/python3.8/site-packages/airflow/example_dags/example_latest_only_with_trigger.py
[2026-05-30T12:45:05.371+0000] {processor.py:840} INFO - DAG(s) 'latest_only_with_trigger' retrieved from /home/airflow/.local/lib/python3.8/site-packages/airflow/example_dags/example_latest_only_with_trigger.py
[2026-05-30T12:45:05.396+0000] {logging_mixin.py:188} INFO - [2026-05-30T12:45:05.395+0000] {dag.py:3047} INFO - Sync 1 DAGs
[2026-05-30T12:45:05.543+0000] {logging_mixin.py:188} INFO - [2026-05-30T12:45:05.543+0000] {dag.py:3834} INFO - Setting next_dagrun for latest_only_with_trigger to 2026-05-30 08:00:00+00:00, run_after=2026-05-30 12:00:00+00:00
[2026-05-30T12:45:05.560+0000] {processor.py:183} INFO - Processing /home/airflow/.local/lib/python3.8/site-packages/airflow/example_dags/example_latest_only_with_trigger.py took 0.202 seconds
[2026-05-30T12:45:35.798+0000] {processor.py:161} INFO - Started process (PID=7342) to work on /home/airflow/.local/lib/python3.8/site-packages/airflow/example_dags/example_latest_only_with_trigger.py
[2026-05-30T12:45:35.800+0000] {processor.py:830} INFO - Processing file /home/airflow/.local/lib/python3.8/site-packages/airflow/example_dags/example_latest_only_with_trigger.py for tasks to queue
[2026-05-30T12:45:35.802+0000] {logging_mixin.py:188} INFO - [2026-05-30T12:45:35.801+0000] {dagbag.py:540} INFO - Filling up the DagBag from /home/airflow/.local/lib/python3.8/site-packages/airflow/example_dags/example_latest_only_with_trigger.py
[2026-05-30T12:45:35.807+0000] {processor.py:840} INFO - DAG(s) 'latest_only_with_trigger' retrieved from /home/airflow/.local/lib/python3.8/site-packages/airflow/example_dags/example_latest_only_with_trigger.py
[2026-05-30T12:45:35.828+0000] {logging_mixin.py:188} INFO - [2026-05-30T12:45:35.828+0000] {dag.py:3047} INFO - Sync 1 DAGs
[2026-05-30T12:45:35.966+0000] {logging_mixin.py:188} INFO - [2026-05-30T12:45:35.966+0000] {dag.py:3834} INFO - Setting next_dagrun for latest_only_with_trigger to 2026-05-30 08:00:00+00:00, run_after=2026-05-30 12:00:00+00:00
[2026-05-30T12:45:35.981+0000] {processor.py:183} INFO - Processing /home/airflow/.local/lib/python3.8/site-packages/airflow/example_dags/example_latest_only_with_trigger.py took 0.185 seconds
[2026-05-30T12:46:06.689+0000] {processor.py:161} INFO - Started process (PID=7404) to work on /home/airflow/.local/lib/python3.8/site-packages/airflow/example_dags/example_latest_only_with_trigger.py
[2026-05-30T12:46:06.691+0000] {processor.py:830} INFO - Processing file /home/airflow/.local/lib/python3.8/site-packages/airflow/example_dags/example_latest_only_with_trigger.py for tasks to queue
[2026-05-30T12:46:06.693+0000] {logging_mixin.py:188} INFO - [2026-05-30T12:46:06.692+0000] {dagbag.py:540} INFO - Filling up the DagBag from /home/airflow/.local/lib/python3.8/site-packages/airflow/example_dags/example_latest_only_with_trigger.py
[2026-05-30T12:46:06.697+0000] {processor.py:840} INFO - DAG(s) 'latest_only_with_trigger' retrieved from /home/airflow/.local/lib/python3.8/site-packages/airflow/example_dags/example_latest_only_with_trigger.py
[2026-05-30T12:46:06.727+0000] {logging_mixin.py:188} INFO - [2026-05-30T12:46:06.727+0000] {dag.py:3047} INFO - Sync 1 DAGs
[2026-05-30T12:46:06.749+0000] {logging_mixin.py:188} INFO - [2026-05-30T12:46:06.749+0000] {dag.py:3834} INFO - Setting next_dagrun for latest_only_with_trigger to 2026-05-30 08:00:00+00:00, run_after=2026-05-30 12:00:00+00:00
[2026-05-30T12:46:06.778+0000] {processor.py:183} INFO - Processing /home/airflow/.local/lib/python3.8/site-packages/airflow/example_dags/example_latest_only_with_trigger.py took 0.091 seconds
[2026-05-30T12:46:37.537+0000] {processor.py:161} INFO - Started process (PID=7460) to work on /home/airflow/.local/lib/python3.8/site-packages/airflow/example_dags/example_latest_only_with_trigger.py
[2026-05-30T12:46:37.539+0000] {processor.py:830} INFO - Processing file /home/airflow/.local/lib/python3.8/site-packages/airflow/example_dags/example_latest_only_with_trigger.py for tasks to queue
[2026-05-30T12:46:37.542+0000] {logging_mixin.py:188} INFO - [2026-05-30T12:46:37.541+0000] {dagbag.py:540} INFO - Filling up the DagBag from /home/airflow/.local/lib/python3.8/site-packages/airflow/example_dags/example_latest_only_with_trigger.py
[2026-05-30T12:46:37.549+0000] {processor.py:840} INFO - DAG(s) 'latest_only_with_trigger' retrieved from /home/airflow/.local/lib/python3.8/site-packages/airflow/example_dags/example_latest_only_with_trigger.py
[2026-05-30T12:46:37.575+0000] {logging_mixin.py:188} INFO - [2026-05-30T12:46:37.574+0000] {dag.py:3047} INFO - Sync 1 DAGs
[2026-05-30T12:46:37.600+0000] {logging_mixin.py:188} INFO - [2026-05-30T12:46:37.600+0000] {dag.py:3834} INFO - Setting next_dagrun for latest_only_with_trigger to 2026-05-30 08:00:00+00:00, run_after=2026-05-30 12:00:00+00:00
[2026-05-30T12:46:37.621+0000] {processor.py:183} INFO - Processing /home/airflow/.local/lib/python3.8/site-packages/airflow/example_dags/example_latest_only_with_trigger.py took 0.087 seconds
[2026-05-30T12:47:08.357+0000] {processor.py:161} INFO - Started process (PID=7516) to work on /home/airflow/.local/lib/python3.8/site-packages/airflow/example_dags/example_latest_only_with_trigger.py
[2026-05-30T12:47:08.358+0000] {processor.py:830} INFO - Processing file /home/airflow/.local/lib/python3.8/site-packages/airflow/example_dags/example_latest_only_with_trigger.py for tasks to queue
[2026-05-30T12:47:08.360+0000] {logging_mixin.py:188} INFO - [2026-05-30T12:47:08.360+0000] {dagbag.py:540} INFO - Filling up the DagBag from /home/airflow/.local/lib/python3.8/site-packages/airflow/example_dags/example_latest_only_with_trigger.py
[2026-05-30T12:47:08.366+0000] {processor.py:840} INFO - DAG(s) 'latest_only_with_trigger' retrieved from /home/airflow/.local/lib/python3.8/site-packages/airflow/example_dags/example_latest_only_with_trigger.py
[2026-05-30T12:47:08.387+0000] {logging_mixin.py:188} INFO - [2026-05-30T12:47:08.387+0000] {dag.py:3047} INFO - Sync 1 DAGs
[2026-05-30T12:47:08.407+0000] {logging_mixin.py:188} INFO - [2026-05-30T12:47:08.407+0000] {dag.py:3834} INFO - Setting next_dagrun for latest_only_with_trigger to 2026-05-30 08:00:00+00:00, run_after=2026-05-30 12:00:00+00:00
[2026-05-30T12:47:08.429+0000] {processor.py:183} INFO - Processing /home/airflow/.local/lib/python3.8/site-packages/airflow/example_dags/example_latest_only_with_trigger.py took 0.076 seconds
[2026-05-30T12:47:38.932+0000] {processor.py:161} INFO - Started process (PID=7572) to work on /home/airflow/.local/lib/python3.8/site-packages/airflow/example_dags/example_latest_only_with_trigger.py
[2026-05-30T12:47:38.934+0000] {processor.py:830} INFO - Processing file /home/airflow/.local/lib/python3.8/site-packages/airflow/example_dags/example_latest_only_with_trigger.py for tasks to queue
[2026-05-30T12:47:38.936+0000] {logging_mixin.py:188} INFO - [2026-05-30T12:47:38.936+0000] {dagbag.py:540} INFO - Filling up the DagBag from /home/airflow/.local/lib/python3.8/site-packages/airflow/example_dags/example_latest_only_with_trigger.py
[2026-05-30T12:47:38.944+0000] {processor.py:840} INFO - DAG(s) 'latest_only_with_trigger' retrieved from /home/airflow/.local/lib/python3.8/site-packages/airflow/example_dags/example_latest_only_with_trigger.py
[2026-05-30T12:47:38.969+0000] {logging_mixin.py:188} INFO - [2026-05-30T12:47:38.969+0000] {dag.py:3047} INFO - Sync 1 DAGs
[2026-05-30T12:47:39.008+0000] {logging_mixin.py:188} INFO - [2026-05-30T12:47:39.007+0000] {dag.py:3834} INFO - Setting next_dagrun for latest_only_with_trigger to 2026-05-30 08:00:00+00:00, run_after=2026-05-30 12:00:00+00:00
[2026-05-30T12:47:39.040+0000] {processor.py:183} INFO - Processing /home/airflow/.local/lib/python3.8/site-packages/airflow/example_dags/example_latest_only_with_trigger.py took 0.112 seconds
[2026-05-30T12:48:09.679+0000] {processor.py:161} INFO - Started process (PID=7627) to work on /home/airflow/.local/lib/python3.8/site-packages/airflow/example_dags/example_latest_only_with_trigger.py
[2026-05-30T12:48:09.681+0000] {processor.py:830} INFO - Processing file /home/airflow/.local/lib/python3.8/site-packages/airflow/example_dags/example_latest_only_with_trigger.py for tasks to queue
[2026-05-30T12:48:09.684+0000] {logging_mixin.py:188} INFO - [2026-05-30T12:48:09.684+0000] {dagbag.py:540} INFO - Filling up the DagBag from /home/airflow/.local/lib/python3.8/site-packages/airflow/example_dags/example_latest_only_with_trigger.py
[2026-05-30T12:48:09.696+0000] {processor.py:840} INFO - DAG(s) 'latest_only_with_trigger' retrieved from /home/airflow/.local/lib/python3.8/site-packages/airflow/example_dags/example_latest_only_with_trigger.py
[2026-05-30T12:48:09.750+0000] {logging_mixin.py:188} INFO - [2026-05-30T12:48:09.749+0000] {dag.py:3047} INFO - Sync 1 DAGs
[2026-05-30T12:48:09.795+0000] {logging_mixin.py:188} INFO - [2026-05-30T12:48:09.795+0000] {dag.py:3834} INFO - Setting next_dagrun for latest_only_with_trigger to 2026-05-30 08:00:00+00:00, run_after=2026-05-30 12:00:00+00:00
[2026-05-30T12:48:09.830+0000] {processor.py:183} INFO - Processing /home/airflow/.local/lib/python3.8/site-packages/airflow/example_dags/example_latest_only_with_trigger.py took 0.160 seconds
[2026-05-30T12:48:39.943+0000] {processor.py:161} INFO - Started process (PID=7683) to work on /home/airflow/.local/lib/python3.8/site-packages/airflow/example_dags/example_latest_only_with_trigger.py
[2026-05-30T12:48:39.945+0000] {processor.py:830} INFO - Processing file /home/airflow/.local/lib/python3.8/site-packages/airflow/example_dags/example_latest_only_with_trigger.py for tasks to queue
[2026-05-30T12:48:39.947+0000] {logging_mixin.py:188} INFO - [2026-05-30T12:48:39.946+0000] {dagbag.py:540} INFO - Filling up the DagBag from /home/airflow/.local/lib/python3.8/site-packages/airflow/example_dags/example_latest_only_with_trigger.py
[2026-05-30T12:48:39.953+0000] {processor.py:840} INFO - DAG(s) 'latest_only_with_trigger' retrieved from /home/airflow/.local/lib/python3.8/site-packages/airflow/example_dags/example_latest_only_with_trigger.py
[2026-05-30T12:48:39.975+0000] {logging_mixin.py:188} INFO - [2026-05-30T12:48:39.975+0000] {dag.py:3047} INFO - Sync 1 DAGs
[2026-05-30T12:48:39.994+0000] {logging_mixin.py:188} INFO - [2026-05-30T12:48:39.994+0000] {dag.py:3834} INFO - Setting next_dagrun for latest_only_with_trigger to 2026-05-30 08:00:00+00:00, run_after=2026-05-30 12:00:00+00:00
[2026-05-30T12:48:40.014+0000] {processor.py:183} INFO - Processing /home/airflow/.local/lib/python3.8/site-packages/airflow/example_dags/example_latest_only_with_trigger.py took 0.073 seconds
[2026-05-30T12:49:10.092+0000] {processor.py:161} INFO - Started process (PID=7739) to work on /home/airflow/.local/lib/python3.8/site-packages/airflow/example_dags/example_latest_only_with_trigger.py
[2026-05-30T12:49:10.093+0000] {processor.py:830} INFO - Processing file /home/airflow/.local/lib/python3.8/site-packages/airflow/example_dags/example_latest_only_with_trigger.py for tasks to queue
[2026-05-30T12:49:10.096+0000] {logging_mixin.py:188} INFO - [2026-05-30T12:49:10.096+0000] {dagbag.py:540} INFO - Filling up the DagBag from /home/airflow/.local/lib/python3.8/site-packages/airflow/example_dags/example_latest_only_with_trigger.py
[2026-05-30T12:49:10.101+0000] {processor.py:840} INFO - DAG(s) 'latest_only_with_trigger' retrieved from /home/airflow/.local/lib/python3.8/site-packages/airflow/example_dags/example_latest_only_with_trigger.py
[2026-05-30T12:49:10.122+0000] {logging_mixin.py:188} INFO - [2026-05-30T12:49:10.121+0000] {dag.py:3047} INFO - Sync 1 DAGs
[2026-05-30T12:49:10.142+0000] {logging_mixin.py:188} INFO - [2026-05-30T12:49:10.141+0000] {dag.py:3834} INFO - Setting next_dagrun for latest_only_with_trigger to 2026-05-30 08:00:00+00:00, run_after=2026-05-30 12:00:00+00:00
[2026-05-30T12:49:10.162+0000] {processor.py:183} INFO - Processing /home/airflow/.local/lib/python3.8/site-packages/airflow/example_dags/example_latest_only_with_trigger.py took 0.073 seconds
[2026-05-30T12:49:40.858+0000] {processor.py:161} INFO - Started process (PID=7795) to work on /home/airflow/.local/lib/python3.8/site-packages/airflow/example_dags/example_latest_only_with_trigger.py
[2026-05-30T12:49:40.860+0000] {processor.py:830} INFO - Processing file /home/airflow/.local/lib/python3.8/site-packages/airflow/example_dags/example_latest_only_with_trigger.py for tasks to queue
[2026-05-30T12:49:40.861+0000] {logging_mixin.py:188} INFO - [2026-05-30T12:49:40.861+0000] {dagbag.py:540} INFO - Filling up the DagBag from /home/airflow/.local/lib/python3.8/site-packages/airflow/example_dags/example_latest_only_with_trigger.py
[2026-05-30T12:49:40.866+0000] {processor.py:840} INFO - DAG(s) 'latest_only_with_trigger' retrieved from /home/airflow/.local/lib/python3.8/site-packages/airflow/example_dags/example_latest_only_with_trigger.py
[2026-05-30T12:49:40.891+0000] {logging_mixin.py:188} INFO - [2026-05-30T12:49:40.890+0000] {dag.py:3047} INFO - Sync 1 DAGs
[2026-05-30T12:49:40.913+0000] {logging_mixin.py:188} INFO - [2026-05-30T12:49:40.913+0000] {dag.py:3834} INFO - Setting next_dagrun for latest_only_with_trigger to 2026-05-30 08:00:00+00:00, run_after=2026-05-30 12:00:00+00:00
[2026-05-30T12:49:40.935+0000] {processor.py:183} INFO - Processing /home/airflow/.local/lib/python3.8/site-packages/airflow/example_dags/example_latest_only_with_trigger.py took 0.080 seconds
[2026-05-30T12:50:11.715+0000] {processor.py:161} INFO - Started process (PID=7851) to work on /home/airflow/.local/lib/python3.8/site-packages/airflow/example_dags/example_latest_only_with_trigger.py
[2026-05-30T12:50:11.716+0000] {processor.py:830} INFO - Processing file /home/airflow/.local/lib/python3.8/site-packages/airflow/example_dags/example_latest_only_with_trigger.py for tasks to queue
[2026-05-30T12:50:11.718+0000] {logging_mixin.py:188} INFO - [2026-05-30T12:50:11.718+0000] {dagbag.py:540} INFO - Filling up the DagBag from /home/airflow/.local/lib/python3.8/site-packages/airflow/example_dags/example_latest_only_with_trigger.py
[2026-05-30T12:50:11.724+0000] {processor.py:840} INFO - DAG(s) 'latest_only_with_trigger' retrieved from /home/airflow/.local/lib/python3.8/site-packages/airflow/example_dags/example_latest_only_with_trigger.py
[2026-05-30T12:50:11.745+0000] {logging_mixin.py:188} INFO - [2026-05-30T12:50:11.745+0000] {dag.py:3047} INFO - Sync 1 DAGs
[2026-05-30T12:50:11.765+0000] {logging_mixin.py:188} INFO - [2026-05-30T12:50:11.765+0000] {dag.py:3834} INFO - Setting next_dagrun for latest_only_with_trigger to 2026-05-30 08:00:00+00:00, run_after=2026-05-30 12:00:00+00:00
[2026-05-30T12:50:11.786+0000] {processor.py:183} INFO - Processing /home/airflow/.local/lib/python3.8/site-packages/airflow/example_dags/example_latest_only_with_trigger.py took 0.073 seconds
[2026-05-30T12:50:42.377+0000] {processor.py:161} INFO - Started process (PID=7907) to work on /home/airflow/.local/lib/python3.8/site-packages/airflow/example_dags/example_latest_only_with_trigger.py
[2026-05-30T12:50:42.379+0000] {processor.py:830} INFO - Processing file /home/airflow/.local/lib/python3.8/site-packages/airflow/example_dags/example_latest_only_with_trigger.py for tasks to queue
[2026-05-30T12:50:42.380+0000] {logging_mixin.py:188} INFO - [2026-05-30T12:50:42.380+0000] {dagbag.py:540} INFO - Filling up the DagBag from /home/airflow/.local/lib/python3.8/site-packages/airflow/example_dags/example_latest_only_with_trigger.py
[2026-05-30T12:50:42.386+0000] {processor.py:840} INFO - DAG(s) 'latest_only_with_trigger' retrieved from /home/airflow/.local/lib/python3.8/site-packages/airflow/example_dags/example_latest_only_with_trigger.py
[2026-05-30T12:50:42.407+0000] {logging_mixin.py:188} INFO - [2026-05-30T12:50:42.406+0000] {dag.py:3047} INFO - Sync 1 DAGs
[2026-05-30T12:50:42.425+0000] {logging_mixin.py:188} INFO - [2026-05-30T12:50:42.425+0000] {dag.py:3834} INFO - Setting next_dagrun for latest_only_with_trigger to 2026-05-30 08:00:00+00:00, run_after=2026-05-30 12:00:00+00:00
[2026-05-30T12:50:42.446+0000] {processor.py:183} INFO - Processing /home/airflow/.local/lib/python3.8/site-packages/airflow/example_dags/example_latest_only_with_trigger.py took 0.071 seconds
[2026-05-30T12:51:13.110+0000] {processor.py:161} INFO - Started process (PID=7963) to work on /home/airflow/.local/lib/python3.8/site-packages/airflow/example_dags/example_latest_only_with_trigger.py
[2026-05-30T12:51:13.112+0000] {processor.py:830} INFO - Processing file /home/airflow/.local/lib/python3.8/site-packages/airflow/example_dags/example_latest_only_with_trigger.py for tasks to queue
[2026-05-30T12:51:13.114+0000] {logging_mixin.py:188} INFO - [2026-05-30T12:51:13.114+0000] {dagbag.py:540} INFO - Filling up the DagBag from /home/airflow/.local/lib/python3.8/site-packages/airflow/example_dags/example_latest_only_with_trigger.py
[2026-05-30T12:51:13.119+0000] {processor.py:840} INFO - DAG(s) 'latest_only_with_trigger' retrieved from /home/airflow/.local/lib/python3.8/site-packages/airflow/example_dags/example_latest_only_with_trigger.py
[2026-05-30T12:51:13.138+0000] {logging_mixin.py:188} INFO - [2026-05-30T12:51:13.138+0000] {dag.py:3047} INFO - Sync 1 DAGs
[2026-05-30T12:51:13.158+0000] {logging_mixin.py:188} INFO - [2026-05-30T12:51:13.158+0000] {dag.py:3834} INFO - Setting next_dagrun for latest_only_with_trigger to 2026-05-30 08:00:00+00:00, run_after=2026-05-30 12:00:00+00:00
[2026-05-30T12:51:13.178+0000] {processor.py:183} INFO - Processing /home/airflow/.local/lib/python3.8/site-packages/airflow/example_dags/example_latest_only_with_trigger.py took 0.071 seconds
[2026-05-30T12:51:43.795+0000] {processor.py:161} INFO - Started process (PID=8019) to work on /home/airflow/.local/lib/python3.8/site-packages/airflow/example_dags/example_latest_only_with_trigger.py
[2026-05-30T12:51:43.797+0000] {processor.py:830} INFO - Processing file /home/airflow/.local/lib/python3.8/site-packages/airflow/example_dags/example_latest_only_with_trigger.py for tasks to queue
[2026-05-30T12:51:43.799+0000] {logging_mixin.py:188} INFO - [2026-05-30T12:51:43.799+0000] {dagbag.py:540} INFO - Filling up the DagBag from /home/airflow/.local/lib/python3.8/site-packages/airflow/example_dags/example_latest_only_with_trigger.py
[2026-05-30T12:51:43.805+0000] {processor.py:840} INFO - DAG(s) 'latest_only_with_trigger' retrieved from /home/airflow/.local/lib/python3.8/site-packages/airflow/example_dags/example_latest_only_with_trigger.py
[2026-05-30T12:51:43.833+0000] {logging_mixin.py:188} INFO - [2026-05-30T12:51:43.833+0000] {dag.py:3047} INFO - Sync 1 DAGs
[2026-05-30T12:51:43.855+0000] {logging_mixin.py:188} INFO - [2026-05-30T12:51:43.855+0000] {dag.py:3834} INFO - Setting next_dagrun for latest_only_with_trigger to 2026-05-30 08:00:00+00:00, run_after=2026-05-30 12:00:00+00:00
[2026-05-30T12:51:43.876+0000] {processor.py:183} INFO - Processing /home/airflow/.local/lib/python3.8/site-packages/airflow/example_dags/example_latest_only_with_trigger.py took 0.084 seconds
[2026-05-30T12:52:14.540+0000] {processor.py:161} INFO - Started process (PID=8075) to work on /home/airflow/.local/lib/python3.8/site-packages/airflow/example_dags/example_latest_only_with_trigger.py
[2026-05-30T12:52:14.542+0000] {processor.py:830} INFO - Processing file /home/airflow/.local/lib/python3.8/site-packages/airflow/example_dags/example_latest_only_with_trigger.py for tasks to queue
[2026-05-30T12:52:14.544+0000] {logging_mixin.py:188} INFO - [2026-05-30T12:52:14.544+0000] {dagbag.py:540} INFO - Filling up the DagBag from /home/airflow/.local/lib/python3.8/site-packages/airflow/example_dags/example_latest_only_with_trigger.py
[2026-05-30T12:52:14.548+0000] {processor.py:840} INFO - DAG(s) 'latest_only_with_trigger' retrieved from /home/airflow/.local/lib/python3.8/site-packages/airflow/example_dags/example_latest_only_with_trigger.py
[2026-05-30T12:52:14.568+0000] {logging_mixin.py:188} INFO - [2026-05-30T12:52:14.568+0000] {dag.py:3047} INFO - Sync 1 DAGs
[2026-05-30T12:52:14.590+0000] {logging_mixin.py:188} INFO - [2026-05-30T12:52:14.590+0000] {dag.py:3834} INFO - Setting next_dagrun for latest_only_with_trigger to 2026-05-30 08:00:00+00:00, run_after=2026-05-30 12:00:00+00:00
[2026-05-30T12:52:14.611+0000] {processor.py:183} INFO - Processing /home/airflow/.local/lib/python3.8/site-packages/airflow/example_dags/example_latest_only_with_trigger.py took 0.073 seconds
[2026-05-30T12:52:45.378+0000] {processor.py:161} INFO - Started process (PID=8131) to work on /home/airflow/.local/lib/python3.8/site-packages/airflow/example_dags/example_latest_only_with_trigger.py
[2026-05-30T12:52:45.379+0000] {processor.py:830} INFO - Processing file /home/airflow/.local/lib/python3.8/site-packages/airflow/example_dags/example_latest_only_with_trigger.py for tasks to queue
[2026-05-30T12:52:45.381+0000] {logging_mixin.py:188} INFO - [2026-05-30T12:52:45.381+0000] {dagbag.py:540} INFO - Filling up the DagBag from /home/airflow/.local/lib/python3.8/site-packages/airflow/example_dags/example_latest_only_with_trigger.py
[2026-05-30T12:52:45.386+0000] {processor.py:840} INFO - DAG(s) 'latest_only_with_trigger' retrieved from /home/airflow/.local/lib/python3.8/site-packages/airflow/example_dags/example_latest_only_with_trigger.py
[2026-05-30T12:52:45.406+0000] {logging_mixin.py:188} INFO - [2026-05-30T12:52:45.406+0000] {dag.py:3047} INFO - Sync 1 DAGs
[2026-05-30T12:52:45.429+0000] {logging_mixin.py:188} INFO - [2026-05-30T12:52:45.429+0000] {dag.py:3834} INFO - Setting next_dagrun for latest_only_with_trigger to 2026-05-30 08:00:00+00:00, run_after=2026-05-30 12:00:00+00:00
[2026-05-30T12:52:45.450+0000] {processor.py:183} INFO - Processing /home/airflow/.local/lib/python3.8/site-packages/airflow/example_dags/example_latest_only_with_trigger.py took 0.075 seconds
[2026-05-30T12:53:16.197+0000] {processor.py:161} INFO - Started process (PID=8187) to work on /home/airflow/.local/lib/python3.8/site-packages/airflow/example_dags/example_latest_only_with_trigger.py
[2026-05-30T12:53:16.199+0000] {processor.py:830} INFO - Processing file /home/airflow/.local/lib/python3.8/site-packages/airflow/example_dags/example_latest_only_with_trigger.py for tasks to queue
[2026-05-30T12:53:16.201+0000] {logging_mixin.py:188} INFO - [2026-05-30T12:53:16.201+0000] {dagbag.py:540} INFO - Filling up the DagBag from /home/airflow/.local/lib/python3.8/site-packages/airflow/example_dags/example_latest_only_with_trigger.py
[2026-05-30T12:53:16.206+0000] {processor.py:840} INFO - DAG(s) 'latest_only_with_trigger' retrieved from /home/airflow/.local/lib/python3.8/site-packages/airflow/example_dags/example_latest_only_with_trigger.py
[2026-05-30T12:53:16.227+0000] {logging_mixin.py:188} INFO - [2026-05-30T12:53:16.226+0000] {dag.py:3047} INFO - Sync 1 DAGs
[2026-05-30T12:53:16.250+0000] {logging_mixin.py:188} INFO - [2026-05-30T12:53:16.249+0000] {dag.py:3834} INFO - Setting next_dagrun for latest_only_with_trigger to 2026-05-30 08:00:00+00:00, run_after=2026-05-30 12:00:00+00:00
[2026-05-30T12:53:16.270+0000] {processor.py:183} INFO - Processing /home/airflow/.local/lib/python3.8/site-packages/airflow/example_dags/example_latest_only_with_trigger.py took 0.076 seconds
[2026-05-30T12:53:46.799+0000] {processor.py:161} INFO - Started process (PID=8243) to work on /home/airflow/.local/lib/python3.8/site-packages/airflow/example_dags/example_latest_only_with_trigger.py
[2026-05-30T12:53:46.800+0000] {processor.py:830} INFO - Processing file /home/airflow/.local/lib/python3.8/site-packages/airflow/example_dags/example_latest_only_with_trigger.py for tasks to queue
[2026-05-30T12:53:46.802+0000] {logging_mixin.py:188} INFO - [2026-05-30T12:53:46.801+0000] {dagbag.py:540} INFO - Filling up the DagBag from /home/airflow/.local/lib/python3.8/site-packages/airflow/example_dags/example_latest_only_with_trigger.py
[2026-05-30T12:53:46.807+0000] {processor.py:840} INFO - DAG(s) 'latest_only_with_trigger' retrieved from /home/airflow/.local/lib/python3.8/site-packages/airflow/example_dags/example_latest_only_with_trigger.py
[2026-05-30T12:53:46.827+0000] {logging_mixin.py:188} INFO - [2026-05-30T12:53:46.827+0000] {dag.py:3047} INFO - Sync 1 DAGs
[2026-05-30T12:53:46.847+0000] {logging_mixin.py:188} INFO - [2026-05-30T12:53:46.847+0000] {dag.py:3834} INFO - Setting next_dagrun for latest_only_with_trigger to 2026-05-30 08:00:00+00:00, run_after=2026-05-30 12:00:00+00:00
[2026-05-30T12:53:46.866+0000] {processor.py:183} INFO - Processing /home/airflow/.local/lib/python3.8/site-packages/airflow/example_dags/example_latest_only_with_trigger.py took 0.070 seconds
[2026-05-30T12:54:17.694+0000] {processor.py:161} INFO - Started process (PID=8299) to work on /home/airflow/.local/lib/python3.8/site-packages/airflow/example_dags/example_latest_only_with_trigger.py
[2026-05-30T12:54:17.696+0000] {processor.py:830} INFO - Processing file /home/airflow/.local/lib/python3.8/site-packages/airflow/example_dags/example_latest_only_with_trigger.py for tasks to queue
[2026-05-30T12:54:17.698+0000] {logging_mixin.py:188} INFO - [2026-05-30T12:54:17.698+0000] {dagbag.py:540} INFO - Filling up the DagBag from /home/airflow/.local/lib/python3.8/site-packages/airflow/example_dags/example_latest_only_with_trigger.py
[2026-05-30T12:54:17.703+0000] {processor.py:840} INFO - DAG(s) 'latest_only_with_trigger' retrieved from /home/airflow/.local/lib/python3.8/site-packages/airflow/example_dags/example_latest_only_with_trigger.py
[2026-05-30T12:54:17.725+0000] {logging_mixin.py:188} INFO - [2026-05-30T12:54:17.725+0000] {dag.py:3047} INFO - Sync 1 DAGs
[2026-05-30T12:54:17.745+0000] {logging_mixin.py:188} INFO - [2026-05-30T12:54:17.745+0000] {dag.py:3834} INFO - Setting next_dagrun for latest_only_with_trigger to 2026-05-30 08:00:00+00:00, run_after=2026-05-30 12:00:00+00:00
[2026-05-30T12:54:17.769+0000] {processor.py:183} INFO - Processing /home/airflow/.local/lib/python3.8/site-packages/airflow/example_dags/example_latest_only_with_trigger.py took 0.077 seconds
[2026-05-30T12:54:48.478+0000] {processor.py:161} INFO - Started process (PID=8355) to work on /home/airflow/.local/lib/python3.8/site-packages/airflow/example_dags/example_latest_only_with_trigger.py
[2026-05-30T12:54:48.479+0000] {processor.py:830} INFO - Processing file /home/airflow/.local/lib/python3.8/site-packages/airflow/example_dags/example_latest_only_with_trigger.py for tasks to queue
[2026-05-30T12:54:48.481+0000] {logging_mixin.py:188} INFO - [2026-05-30T12:54:48.481+0000] {dagbag.py:540} INFO - Filling up the DagBag from /home/airflow/.local/lib/python3.8/site-packages/airflow/example_dags/example_latest_only_with_trigger.py
[2026-05-30T12:54:48.487+0000] {processor.py:840} INFO - DAG(s) 'latest_only_with_trigger' retrieved from /home/airflow/.local/lib/python3.8/site-packages/airflow/example_dags/example_latest_only_with_trigger.py
[2026-05-30T12:54:48.508+0000] {logging_mixin.py:188} INFO - [2026-05-30T12:54:48.508+0000] {dag.py:3047} INFO - Sync 1 DAGs
[2026-05-30T12:54:48.527+0000] {logging_mixin.py:188} INFO - [2026-05-30T12:54:48.527+0000] {dag.py:3834} INFO - Setting next_dagrun for latest_only_with_trigger to 2026-05-30 08:00:00+00:00, run_after=2026-05-30 12:00:00+00:00
[2026-05-30T12:54:48.550+0000] {processor.py:183} INFO - Processing /home/airflow/.local/lib/python3.8/site-packages/airflow/example_dags/example_latest_only_with_trigger.py took 0.075 seconds
[2026-05-30T12:55:19.287+0000] {processor.py:161} INFO - Started process (PID=8410) to work on /home/airflow/.local/lib/python3.8/site-packages/airflow/example_dags/example_latest_only_with_trigger.py
[2026-05-30T12:55:19.289+0000] {processor.py:830} INFO - Processing file /home/airflow/.local/lib/python3.8/site-packages/airflow/example_dags/example_latest_only_with_trigger.py for tasks to queue
[2026-05-30T12:55:19.291+0000] {logging_mixin.py:188} INFO - [2026-05-30T12:55:19.291+0000] {dagbag.py:540} INFO - Filling up the DagBag from /home/airflow/.local/lib/python3.8/site-packages/airflow/example_dags/example_latest_only_with_trigger.py
[2026-05-30T12:55:19.296+0000] {processor.py:840} INFO - DAG(s) 'latest_only_with_trigger' retrieved from /home/airflow/.local/lib/python3.8/site-packages/airflow/example_dags/example_latest_only_with_trigger.py
[2026-05-30T12:55:19.322+0000] {logging_mixin.py:188} INFO - [2026-05-30T12:55:19.322+0000] {dag.py:3047} INFO - Sync 1 DAGs
[2026-05-30T12:55:19.344+0000] {logging_mixin.py:188} INFO - [2026-05-30T12:55:19.344+0000] {dag.py:3834} INFO - Setting next_dagrun for latest_only_with_trigger to 2026-05-30 08:00:00+00:00, run_after=2026-05-30 12:00:00+00:00
[2026-05-30T12:55:19.368+0000] {processor.py:183} INFO - Processing /home/airflow/.local/lib/python3.8/site-packages/airflow/example_dags/example_latest_only_with_trigger.py took 0.084 seconds
[2026-05-30T12:55:49.934+0000] {processor.py:161} INFO - Started process (PID=8466) to work on /home/airflow/.local/lib/python3.8/site-packages/airflow/example_dags/example_latest_only_with_trigger.py
[2026-05-30T12:55:49.936+0000] {processor.py:830} INFO - Processing file /home/airflow/.local/lib/python3.8/site-packages/airflow/example_dags/example_latest_only_with_trigger.py for tasks to queue
[2026-05-30T12:55:49.937+0000] {logging_mixin.py:188} INFO - [2026-05-30T12:55:49.937+0000] {dagbag.py:540} INFO - Filling up the DagBag from /home/airflow/.local/lib/python3.8/site-packages/airflow/example_dags/example_latest_only_with_trigger.py
[2026-05-30T12:55:49.944+0000] {processor.py:840} INFO - DAG(s) 'latest_only_with_trigger' retrieved from /home/airflow/.local/lib/python3.8/site-packages/airflow/example_dags/example_latest_only_with_trigger.py
[2026-05-30T12:55:49.964+0000] {logging_mixin.py:188} INFO - [2026-05-30T12:55:49.964+0000] {dag.py:3047} INFO - Sync 1 DAGs
[2026-05-30T12:55:49.983+0000] {logging_mixin.py:188} INFO - [2026-05-30T12:55:49.983+0000] {dag.py:3834} INFO - Setting next_dagrun for latest_only_with_trigger to 2026-05-30 08:00:00+00:00, run_after=2026-05-30 12:00:00+00:00
[2026-05-30T12:55:50.001+0000] {processor.py:183} INFO - Processing /home/airflow/.local/lib/python3.8/site-packages/airflow/example_dags/example_latest_only_with_trigger.py took 0.070 seconds
[2026-05-30T12:56:20.510+0000] {processor.py:161} INFO - Started process (PID=8522) to work on /home/airflow/.local/lib/python3.8/site-packages/airflow/example_dags/example_latest_only_with_trigger.py
[2026-05-30T12:56:20.512+0000] {processor.py:830} INFO - Processing file /home/airflow/.local/lib/python3.8/site-packages/airflow/example_dags/example_latest_only_with_trigger.py for tasks to queue
[2026-05-30T12:56:20.515+0000] {logging_mixin.py:188} INFO - [2026-05-30T12:56:20.515+0000] {dagbag.py:540} INFO - Filling up the DagBag from /home/airflow/.local/lib/python3.8/site-packages/airflow/example_dags/example_latest_only_with_trigger.py
[2026-05-30T12:56:20.524+0000] {processor.py:840} INFO - DAG(s) 'latest_only_with_trigger' retrieved from /home/airflow/.local/lib/python3.8/site-packages/airflow/example_dags/example_latest_only_with_trigger.py
[2026-05-30T12:56:20.554+0000] {logging_mixin.py:188} INFO - [2026-05-30T12:56:20.553+0000] {dag.py:3047} INFO - Sync 1 DAGs
[2026-05-30T12:56:20.578+0000] {logging_mixin.py:188} INFO - [2026-05-30T12:56:20.578+0000] {dag.py:3834} INFO - Setting next_dagrun for latest_only_with_trigger to 2026-05-30 08:00:00+00:00, run_after=2026-05-30 12:00:00+00:00
[2026-05-30T12:56:20.601+0000] {processor.py:183} INFO - Processing /home/airflow/.local/lib/python3.8/site-packages/airflow/example_dags/example_latest_only_with_trigger.py took 0.096 seconds
[2026-05-30T12:56:51.279+0000] {processor.py:161} INFO - Started process (PID=8578) to work on /home/airflow/.local/lib/python3.8/site-packages/airflow/example_dags/example_latest_only_with_trigger.py
[2026-05-30T12:56:51.280+0000] {processor.py:830} INFO - Processing file /home/airflow/.local/lib/python3.8/site-packages/airflow/example_dags/example_latest_only_with_trigger.py for tasks to queue
[2026-05-30T12:56:51.282+0000] {logging_mixin.py:188} INFO - [2026-05-30T12:56:51.282+0000] {dagbag.py:540} INFO - Filling up the DagBag from /home/airflow/.local/lib/python3.8/site-packages/airflow/example_dags/example_latest_only_with_trigger.py
[2026-05-30T12:56:51.288+0000] {processor.py:840} INFO - DAG(s) 'latest_only_with_trigger' retrieved from /home/airflow/.local/lib/python3.8/site-packages/airflow/example_dags/example_latest_only_with_trigger.py
[2026-05-30T12:56:51.308+0000] {logging_mixin.py:188} INFO - [2026-05-30T12:56:51.308+0000] {dag.py:3047} INFO - Sync 1 DAGs
[2026-05-30T12:56:51.332+0000] {logging_mixin.py:188} INFO - [2026-05-30T12:56:51.332+0000] {dag.py:3834} INFO - Setting next_dagrun for latest_only_with_trigger to 2026-05-30 08:00:00+00:00, run_after=2026-05-30 12:00:00+00:00
[2026-05-30T12:56:51.354+0000] {processor.py:183} INFO - Processing /home/airflow/.local/lib/python3.8/site-packages/airflow/example_dags/example_latest_only_with_trigger.py took 0.078 seconds
[2026-05-30T12:57:21.899+0000] {processor.py:161} INFO - Started process (PID=8634) to work on /home/airflow/.local/lib/python3.8/site-packages/airflow/example_dags/example_latest_only_with_trigger.py
[2026-05-30T12:57:21.900+0000] {processor.py:830} INFO - Processing file /home/airflow/.local/lib/python3.8/site-packages/airflow/example_dags/example_latest_only_with_trigger.py for tasks to queue
[2026-05-30T12:57:21.902+0000] {logging_mixin.py:188} INFO - [2026-05-30T12:57:21.902+0000] {dagbag.py:540} INFO - Filling up the DagBag from /home/airflow/.local/lib/python3.8/site-packages/airflow/example_dags/example_latest_only_with_trigger.py
[2026-05-30T12:57:21.907+0000] {processor.py:840} INFO - DAG(s) 'latest_only_with_trigger' retrieved from /home/airflow/.local/lib/python3.8/site-packages/airflow/example_dags/example_latest_only_with_trigger.py
[2026-05-30T12:57:21.927+0000] {logging_mixin.py:188} INFO - [2026-05-30T12:57:21.927+0000] {dag.py:3047} INFO - Sync 1 DAGs
[2026-05-30T12:57:21.946+0000] {logging_mixin.py:188} INFO - [2026-05-30T12:57:21.945+0000] {dag.py:3834} INFO - Setting next_dagrun for latest_only_with_trigger to 2026-05-30 08:00:00+00:00, run_after=2026-05-30 12:00:00+00:00
[2026-05-30T12:57:21.969+0000] {processor.py:183} INFO - Processing /home/airflow/.local/lib/python3.8/site-packages/airflow/example_dags/example_latest_only_with_trigger.py took 0.074 seconds
[2026-05-30T12:57:52.479+0000] {processor.py:161} INFO - Started process (PID=8690) to work on /home/airflow/.local/lib/python3.8/site-packages/airflow/example_dags/example_latest_only_with_trigger.py
[2026-05-30T12:57:52.481+0000] {processor.py:830} INFO - Processing file /home/airflow/.local/lib/python3.8/site-packages/airflow/example_dags/example_latest_only_with_trigger.py for tasks to queue
[2026-05-30T12:57:52.483+0000] {logging_mixin.py:188} INFO - [2026-05-30T12:57:52.483+0000] {dagbag.py:540} INFO - Filling up the DagBag from /home/airflow/.local/lib/python3.8/site-packages/airflow/example_dags/example_latest_only_with_trigger.py
[2026-05-30T12:57:52.488+0000] {processor.py:840} INFO - DAG(s) 'latest_only_with_trigger' retrieved from /home/airflow/.local/lib/python3.8/site-packages/airflow/example_dags/example_latest_only_with_trigger.py
[2026-05-30T12:57:52.506+0000] {logging_mixin.py:188} INFO - [2026-05-30T12:57:52.506+0000] {dag.py:3047} INFO - Sync 1 DAGs
[2026-05-30T12:57:52.524+0000] {logging_mixin.py:188} INFO - [2026-05-30T12:57:52.524+0000] {dag.py:3834} INFO - Setting next_dagrun for latest_only_with_trigger to 2026-05-30 08:00:00+00:00, run_after=2026-05-30 12:00:00+00:00
[2026-05-30T12:57:52.545+0000] {processor.py:183} INFO - Processing /home/airflow/.local/lib/python3.8/site-packages/airflow/example_dags/example_latest_only_with_trigger.py took 0.068 seconds
[2026-05-30T12:58:23.100+0000] {processor.py:161} INFO - Started process (PID=8746) to work on /home/airflow/.local/lib/python3.8/site-packages/airflow/example_dags/example_latest_only_with_trigger.py
[2026-05-30T12:58:23.102+0000] {processor.py:830} INFO - Processing file /home/airflow/.local/lib/python3.8/site-packages/airflow/example_dags/example_latest_only_with_trigger.py for tasks to queue
[2026-05-30T12:58:23.103+0000] {logging_mixin.py:188} INFO - [2026-05-30T12:58:23.103+0000] {dagbag.py:540} INFO - Filling up the DagBag from /home/airflow/.local/lib/python3.8/site-packages/airflow/example_dags/example_latest_only_with_trigger.py
[2026-05-30T12:58:23.108+0000] {processor.py:840} INFO - DAG(s) 'latest_only_with_trigger' retrieved from /home/airflow/.local/lib/python3.8/site-packages/airflow/example_dags/example_latest_only_with_trigger.py
[2026-05-30T12:58:23.128+0000] {logging_mixin.py:188} INFO - [2026-05-30T12:58:23.128+0000] {dag.py:3047} INFO - Sync 1 DAGs
[2026-05-30T12:58:23.149+0000] {logging_mixin.py:188} INFO - [2026-05-30T12:58:23.149+0000] {dag.py:3834} INFO - Setting next_dagrun for latest_only_with_trigger to 2026-05-30 08:00:00+00:00, run_after=2026-05-30 12:00:00+00:00
[2026-05-30T12:58:23.170+0000] {processor.py:183} INFO - Processing /home/airflow/.local/lib/python3.8/site-packages/airflow/example_dags/example_latest_only_with_trigger.py took 0.073 seconds
[2026-05-30T12:58:53.778+0000] {processor.py:161} INFO - Started process (PID=8802) to work on /home/airflow/.local/lib/python3.8/site-packages/airflow/example_dags/example_latest_only_with_trigger.py
[2026-05-30T12:58:53.780+0000] {processor.py:830} INFO - Processing file /home/airflow/.local/lib/python3.8/site-packages/airflow/example_dags/example_latest_only_with_trigger.py for tasks to queue
[2026-05-30T12:58:53.782+0000] {logging_mixin.py:188} INFO - [2026-05-30T12:58:53.781+0000] {dagbag.py:540} INFO - Filling up the DagBag from /home/airflow/.local/lib/python3.8/site-packages/airflow/example_dags/example_latest_only_with_trigger.py
[2026-05-30T12:58:53.788+0000] {processor.py:840} INFO - DAG(s) 'latest_only_with_trigger' retrieved from /home/airflow/.local/lib/python3.8/site-packages/airflow/example_dags/example_latest_only_with_trigger.py
[2026-05-30T12:58:53.809+0000] {logging_mixin.py:188} INFO - [2026-05-30T12:58:53.808+0000] {dag.py:3047} INFO - Sync 1 DAGs
[2026-05-30T12:58:53.828+0000] {logging_mixin.py:188} INFO - [2026-05-30T12:58:53.828+0000] {dag.py:3834} INFO - Setting next_dagrun for latest_only_with_trigger to 2026-05-30 08:00:00+00:00, run_after=2026-05-30 12:00:00+00:00
[2026-05-30T12:58:53.848+0000] {processor.py:183} INFO - Processing /home/airflow/.local/lib/python3.8/site-packages/airflow/example_dags/example_latest_only_with_trigger.py took 0.073 seconds
[2026-05-30T12:59:24.347+0000] {processor.py:161} INFO - Started process (PID=8858) to work on /home/airflow/.local/lib/python3.8/site-packages/airflow/example_dags/example_latest_only_with_trigger.py
[2026-05-30T12:59:24.348+0000] {processor.py:830} INFO - Processing file /home/airflow/.local/lib/python3.8/site-packages/airflow/example_dags/example_latest_only_with_trigger.py for tasks to queue
[2026-05-30T12:59:24.351+0000] {logging_mixin.py:188} INFO - [2026-05-30T12:59:24.350+0000] {dagbag.py:540} INFO - Filling up the DagBag from /home/airflow/.local/lib/python3.8/site-packages/airflow/example_dags/example_latest_only_with_trigger.py
[2026-05-30T12:59:24.356+0000] {processor.py:840} INFO - DAG(s) 'latest_only_with_trigger' retrieved from /home/airflow/.local/lib/python3.8/site-packages/airflow/example_dags/example_latest_only_with_trigger.py
[2026-05-30T12:59:24.378+0000] {logging_mixin.py:188} INFO - [2026-05-30T12:59:24.378+0000] {dag.py:3047} INFO - Sync 1 DAGs
[2026-05-30T12:59:24.397+0000] {logging_mixin.py:188} INFO - [2026-05-30T12:59:24.397+0000] {dag.py:3834} INFO - Setting next_dagrun for latest_only_with_trigger to 2026-05-30 08:00:00+00:00, run_after=2026-05-30 12:00:00+00:00
[2026-05-30T12:59:24.433+0000] {processor.py:183} INFO - Processing /home/airflow/.local/lib/python3.8/site-packages/airflow/example_dags/example_latest_only_with_trigger.py took 0.089 seconds
[2026-05-30T12:59:55.039+0000] {processor.py:161} INFO - Started process (PID=8914) to work on /home/airflow/.local/lib/python3.8/site-packages/airflow/example_dags/example_latest_only_with_trigger.py
[2026-05-30T12:59:55.040+0000] {processor.py:830} INFO - Processing file /home/airflow/.local/lib/python3.8/site-packages/airflow/example_dags/example_latest_only_with_trigger.py for tasks to queue
[2026-05-30T12:59:55.042+0000] {logging_mixin.py:188} INFO - [2026-05-30T12:59:55.042+0000] {dagbag.py:540} INFO - Filling up the DagBag from /home/airflow/.local/lib/python3.8/site-packages/airflow/example_dags/example_latest_only_with_trigger.py
[2026-05-30T12:59:55.048+0000] {processor.py:840} INFO - DAG(s) 'latest_only_with_trigger' retrieved from /home/airflow/.local/lib/python3.8/site-packages/airflow/example_dags/example_latest_only_with_trigger.py
[2026-05-30T12:59:55.068+0000] {logging_mixin.py:188} INFO - [2026-05-30T12:59:55.067+0000] {dag.py:3047} INFO - Sync 1 DAGs
[2026-05-30T12:59:55.086+0000] {logging_mixin.py:188} INFO - [2026-05-30T12:59:55.086+0000] {dag.py:3834} INFO - Setting next_dagrun for latest_only_with_trigger to 2026-05-30 08:00:00+00:00, run_after=2026-05-30 12:00:00+00:00
[2026-05-30T12:59:55.104+0000] {processor.py:183} INFO - Processing /home/airflow/.local/lib/python3.8/site-packages/airflow/example_dags/example_latest_only_with_trigger.py took 0.067 seconds
[2026-05-30T13:00:25.587+0000] {processor.py:161} INFO - Started process (PID=8970) to work on /home/airflow/.local/lib/python3.8/site-packages/airflow/example_dags/example_latest_only_with_trigger.py
[2026-05-30T13:00:25.589+0000] {processor.py:830} INFO - Processing file /home/airflow/.local/lib/python3.8/site-packages/airflow/example_dags/example_latest_only_with_trigger.py for tasks to queue
[2026-05-30T13:00:25.591+0000] {logging_mixin.py:188} INFO - [2026-05-30T13:00:25.590+0000] {dagbag.py:540} INFO - Filling up the DagBag from /home/airflow/.local/lib/python3.8/site-packages/airflow/example_dags/example_latest_only_with_trigger.py
[2026-05-30T13:00:25.596+0000] {processor.py:840} INFO - DAG(s) 'latest_only_with_trigger' retrieved from /home/airflow/.local/lib/python3.8/site-packages/airflow/example_dags/example_latest_only_with_trigger.py
[2026-05-30T13:00:25.620+0000] {logging_mixin.py:188} INFO - [2026-05-30T13:00:25.620+0000] {dag.py:3047} INFO - Sync 1 DAGs
[2026-05-30T13:00:25.649+0000] {logging_mixin.py:188} INFO - [2026-05-30T13:00:25.649+0000] {dag.py:3834} INFO - Setting next_dagrun for latest_only_with_trigger to 2026-05-30 08:00:00+00:00, run_after=2026-05-30 12:00:00+00:00
[2026-05-30T13:00:25.678+0000] {processor.py:183} INFO - Processing /home/airflow/.local/lib/python3.8/site-packages/airflow/example_dags/example_latest_only_with_trigger.py took 0.093 seconds
[2026-05-30T13:00:56.209+0000] {processor.py:161} INFO - Started process (PID=9026) to work on /home/airflow/.local/lib/python3.8/site-packages/airflow/example_dags/example_latest_only_with_trigger.py
[2026-05-30T13:00:56.210+0000] {processor.py:830} INFO - Processing file /home/airflow/.local/lib/python3.8/site-packages/airflow/example_dags/example_latest_only_with_trigger.py for tasks to queue
[2026-05-30T13:00:56.213+0000] {logging_mixin.py:188} INFO - [2026-05-30T13:00:56.213+0000] {dagbag.py:540} INFO - Filling up the DagBag from /home/airflow/.local/lib/python3.8/site-packages/airflow/example_dags/example_latest_only_with_trigger.py
[2026-05-30T13:00:56.217+0000] {processor.py:840} INFO - DAG(s) 'latest_only_with_trigger' retrieved from /home/airflow/.local/lib/python3.8/site-packages/airflow/example_dags/example_latest_only_with_trigger.py
[2026-05-30T13:00:56.239+0000] {logging_mixin.py:188} INFO - [2026-05-30T13:00:56.239+0000] {dag.py:3047} INFO - Sync 1 DAGs
[2026-05-30T13:00:56.260+0000] {logging_mixin.py:188} INFO - [2026-05-30T13:00:56.260+0000] {dag.py:3834} INFO - Setting next_dagrun for latest_only_with_trigger to 2026-05-30 08:00:00+00:00, run_after=2026-05-30 12:00:00+00:00
[2026-05-30T13:00:56.280+0000] {processor.py:183} INFO - Processing /home/airflow/.local/lib/python3.8/site-packages/airflow/example_dags/example_latest_only_with_trigger.py took 0.073 seconds
[2026-05-30T13:01:26.472+0000] {processor.py:161} INFO - Started process (PID=9082) to work on /home/airflow/.local/lib/python3.8/site-packages/airflow/example_dags/example_latest_only_with_trigger.py
[2026-05-30T13:01:26.473+0000] {processor.py:830} INFO - Processing file /home/airflow/.local/lib/python3.8/site-packages/airflow/example_dags/example_latest_only_with_trigger.py for tasks to queue
[2026-05-30T13:01:26.475+0000] {logging_mixin.py:188} INFO - [2026-05-30T13:01:26.475+0000] {dagbag.py:540} INFO - Filling up the DagBag from /home/airflow/.local/lib/python3.8/site-packages/airflow/example_dags/example_latest_only_with_trigger.py
[2026-05-30T13:01:26.481+0000] {processor.py:840} INFO - DAG(s) 'latest_only_with_trigger' retrieved from /home/airflow/.local/lib/python3.8/site-packages/airflow/example_dags/example_latest_only_with_trigger.py
[2026-05-30T13:01:26.504+0000] {logging_mixin.py:188} INFO - [2026-05-30T13:01:26.503+0000] {dag.py:3047} INFO - Sync 1 DAGs
[2026-05-30T13:01:26.522+0000] {logging_mixin.py:188} INFO - [2026-05-30T13:01:26.522+0000] {dag.py:3834} INFO - Setting next_dagrun for latest_only_with_trigger to 2026-05-30 08:00:00+00:00, run_after=2026-05-30 12:00:00+00:00
[2026-05-30T13:01:26.540+0000] {processor.py:183} INFO - Processing /home/airflow/.local/lib/python3.8/site-packages/airflow/example_dags/example_latest_only_with_trigger.py took 0.073 seconds
[2026-05-30T13:01:57.422+0000] {processor.py:161} INFO - Started process (PID=9138) to work on /home/airflow/.local/lib/python3.8/site-packages/airflow/example_dags/example_latest_only_with_trigger.py
[2026-05-30T13:01:57.423+0000] {processor.py:830} INFO - Processing file /home/airflow/.local/lib/python3.8/site-packages/airflow/example_dags/example_latest_only_with_trigger.py for tasks to queue
[2026-05-30T13:01:57.425+0000] {logging_mixin.py:188} INFO - [2026-05-30T13:01:57.425+0000] {dagbag.py:540} INFO - Filling up the DagBag from /home/airflow/.local/lib/python3.8/site-packages/airflow/example_dags/example_latest_only_with_trigger.py
[2026-05-30T13:01:57.431+0000] {processor.py:840} INFO - DAG(s) 'latest_only_with_trigger' retrieved from /home/airflow/.local/lib/python3.8/site-packages/airflow/example_dags/example_latest_only_with_trigger.py
[2026-05-30T13:01:57.454+0000] {logging_mixin.py:188} INFO - [2026-05-30T13:01:57.454+0000] {dag.py:3047} INFO - Sync 1 DAGs
[2026-05-30T13:01:57.477+0000] {logging_mixin.py:188} INFO - [2026-05-30T13:01:57.475+0000] {dag.py:3834} INFO - Setting next_dagrun for latest_only_with_trigger to 2026-05-30 08:00:00+00:00, run_after=2026-05-30 12:00:00+00:00
[2026-05-30T13:01:57.503+0000] {processor.py:183} INFO - Processing /home/airflow/.local/lib/python3.8/site-packages/airflow/example_dags/example_latest_only_with_trigger.py took 0.084 seconds
[2026-05-30T13:02:28.082+0000] {processor.py:161} INFO - Started process (PID=9194) to work on /home/airflow/.local/lib/python3.8/site-packages/airflow/example_dags/example_latest_only_with_trigger.py
[2026-05-30T13:02:28.084+0000] {processor.py:830} INFO - Processing file /home/airflow/.local/lib/python3.8/site-packages/airflow/example_dags/example_latest_only_with_trigger.py for tasks to queue
[2026-05-30T13:02:28.087+0000] {logging_mixin.py:188} INFO - [2026-05-30T13:02:28.086+0000] {dagbag.py:540} INFO - Filling up the DagBag from /home/airflow/.local/lib/python3.8/site-packages/airflow/example_dags/example_latest_only_with_trigger.py
[2026-05-30T13:02:28.093+0000] {processor.py:840} INFO - DAG(s) 'latest_only_with_trigger' retrieved from /home/airflow/.local/lib/python3.8/site-packages/airflow/example_dags/example_latest_only_with_trigger.py
[2026-05-30T13:02:28.114+0000] {logging_mixin.py:188} INFO - [2026-05-30T13:02:28.114+0000] {dag.py:3047} INFO - Sync 1 DAGs
[2026-05-30T13:02:28.133+0000] {logging_mixin.py:188} INFO - [2026-05-30T13:02:28.133+0000] {dag.py:3834} INFO - Setting next_dagrun for latest_only_with_trigger to 2026-05-30 08:00:00+00:00, run_after=2026-05-30 12:00:00+00:00
[2026-05-30T13:02:28.153+0000] {processor.py:183} INFO - Processing /home/airflow/.local/lib/python3.8/site-packages/airflow/example_dags/example_latest_only_with_trigger.py took 0.075 seconds
[2026-05-30T13:02:58.816+0000] {processor.py:161} INFO - Started process (PID=9250) to work on /home/airflow/.local/lib/python3.8/site-packages/airflow/example_dags/example_latest_only_with_trigger.py
[2026-05-30T13:02:58.818+0000] {processor.py:830} INFO - Processing file /home/airflow/.local/lib/python3.8/site-packages/airflow/example_dags/example_latest_only_with_trigger.py for tasks to queue
[2026-05-30T13:02:58.821+0000] {logging_mixin.py:188} INFO - [2026-05-30T13:02:58.820+0000] {dagbag.py:540} INFO - Filling up the DagBag from /home/airflow/.local/lib/python3.8/site-packages/airflow/example_dags/example_latest_only_with_trigger.py
[2026-05-30T13:02:58.827+0000] {processor.py:840} INFO - DAG(s) 'latest_only_with_trigger' retrieved from /home/airflow/.local/lib/python3.8/site-packages/airflow/example_dags/example_latest_only_with_trigger.py
[2026-05-30T13:02:58.852+0000] {logging_mixin.py:188} INFO - [2026-05-30T13:02:58.852+0000] {dag.py:3047} INFO - Sync 1 DAGs
[2026-05-30T13:02:58.876+0000] {logging_mixin.py:188} INFO - [2026-05-30T13:02:58.875+0000] {dag.py:3834} INFO - Setting next_dagrun for latest_only_with_trigger to 2026-05-30 08:00:00+00:00, run_after=2026-05-30 12:00:00+00:00
[2026-05-30T13:02:58.900+0000] {processor.py:183} INFO - Processing /home/airflow/.local/lib/python3.8/site-packages/airflow/example_dags/example_latest_only_with_trigger.py took 0.087 seconds
[2026-05-30T13:03:29.513+0000] {processor.py:161} INFO - Started process (PID=9306) to work on /home/airflow/.local/lib/python3.8/site-packages/airflow/example_dags/example_latest_only_with_trigger.py
[2026-05-30T13:03:29.515+0000] {processor.py:830} INFO - Processing file /home/airflow/.local/lib/python3.8/site-packages/airflow/example_dags/example_latest_only_with_trigger.py for tasks to queue
[2026-05-30T13:03:29.518+0000] {logging_mixin.py:188} INFO - [2026-05-30T13:03:29.517+0000] {dagbag.py:540} INFO - Filling up the DagBag from /home/airflow/.local/lib/python3.8/site-packages/airflow/example_dags/example_latest_only_with_trigger.py
[2026-05-30T13:03:29.526+0000] {processor.py:840} INFO - DAG(s) 'latest_only_with_trigger' retrieved from /home/airflow/.local/lib/python3.8/site-packages/airflow/example_dags/example_latest_only_with_trigger.py
[2026-05-30T13:03:29.556+0000] {logging_mixin.py:188} INFO - [2026-05-30T13:03:29.556+0000] {dag.py:3047} INFO - Sync 1 DAGs
[2026-05-30T13:03:29.581+0000] {logging_mixin.py:188} INFO - [2026-05-30T13:03:29.581+0000] {dag.py:3834} INFO - Setting next_dagrun for latest_only_with_trigger to 2026-05-30 08:00:00+00:00, run_after=2026-05-30 12:00:00+00:00
[2026-05-30T13:03:29.603+0000] {processor.py:183} INFO - Processing /home/airflow/.local/lib/python3.8/site-packages/airflow/example_dags/example_latest_only_with_trigger.py took 0.094 seconds
[2026-05-30T13:04:00.259+0000] {processor.py:161} INFO - Started process (PID=9361) to work on /home/airflow/.local/lib/python3.8/site-packages/airflow/example_dags/example_latest_only_with_trigger.py
[2026-05-30T13:04:00.260+0000] {processor.py:830} INFO - Processing file /home/airflow/.local/lib/python3.8/site-packages/airflow/example_dags/example_latest_only_with_trigger.py for tasks to queue
[2026-05-30T13:04:00.262+0000] {logging_mixin.py:188} INFO - [2026-05-30T13:04:00.262+0000] {dagbag.py:540} INFO - Filling up the DagBag from /home/airflow/.local/lib/python3.8/site-packages/airflow/example_dags/example_latest_only_with_trigger.py
[2026-05-30T13:04:00.267+0000] {processor.py:840} INFO - DAG(s) 'latest_only_with_trigger' retrieved from /home/airflow/.local/lib/python3.8/site-packages/airflow/example_dags/example_latest_only_with_trigger.py
[2026-05-30T13:04:00.287+0000] {logging_mixin.py:188} INFO - [2026-05-30T13:04:00.287+0000] {dag.py:3047} INFO - Sync 1 DAGs
[2026-05-30T13:04:00.307+0000] {logging_mixin.py:188} INFO - [2026-05-30T13:04:00.306+0000] {dag.py:3834} INFO - Setting next_dagrun for latest_only_with_trigger to 2026-05-30 08:00:00+00:00, run_after=2026-05-30 12:00:00+00:00
[2026-05-30T13:04:00.327+0000] {processor.py:183} INFO - Processing /home/airflow/.local/lib/python3.8/site-packages/airflow/example_dags/example_latest_only_with_trigger.py took 0.071 seconds
[2026-05-30T13:04:30.872+0000] {processor.py:161} INFO - Started process (PID=9417) to work on /home/airflow/.local/lib/python3.8/site-packages/airflow/example_dags/example_latest_only_with_trigger.py
[2026-05-30T13:04:30.873+0000] {processor.py:830} INFO - Processing file /home/airflow/.local/lib/python3.8/site-packages/airflow/example_dags/example_latest_only_with_trigger.py for tasks to queue
[2026-05-30T13:04:30.875+0000] {logging_mixin.py:188} INFO - [2026-05-30T13:04:30.875+0000] {dagbag.py:540} INFO - Filling up the DagBag from /home/airflow/.local/lib/python3.8/site-packages/airflow/example_dags/example_latest_only_with_trigger.py
[2026-05-30T13:04:30.880+0000] {processor.py:840} INFO - DAG(s) 'latest_only_with_trigger' retrieved from /home/airflow/.local/lib/python3.8/site-packages/airflow/example_dags/example_latest_only_with_trigger.py
[2026-05-30T13:04:30.899+0000] {logging_mixin.py:188} INFO - [2026-05-30T13:04:30.898+0000] {dag.py:3047} INFO - Sync 1 DAGs
[2026-05-30T13:04:30.918+0000] {logging_mixin.py:188} INFO - [2026-05-30T13:04:30.918+0000] {dag.py:3834} INFO - Setting next_dagrun for latest_only_with_trigger to 2026-05-30 08:00:00+00:00, run_after=2026-05-30 12:00:00+00:00
[2026-05-30T13:04:30.938+0000] {processor.py:183} INFO - Processing /home/airflow/.local/lib/python3.8/site-packages/airflow/example_dags/example_latest_only_with_trigger.py took 0.069 seconds
[2026-05-30T13:05:01.399+0000] {processor.py:161} INFO - Started process (PID=9474) to work on /home/airflow/.local/lib/python3.8/site-packages/airflow/example_dags/example_latest_only_with_trigger.py
[2026-05-30T13:05:01.401+0000] {processor.py:830} INFO - Processing file /home/airflow/.local/lib/python3.8/site-packages/airflow/example_dags/example_latest_only_with_trigger.py for tasks to queue
[2026-05-30T13:05:01.402+0000] {logging_mixin.py:188} INFO - [2026-05-30T13:05:01.402+0000] {dagbag.py:540} INFO - Filling up the DagBag from /home/airflow/.local/lib/python3.8/site-packages/airflow/example_dags/example_latest_only_with_trigger.py
[2026-05-30T13:05:01.408+0000] {processor.py:840} INFO - DAG(s) 'latest_only_with_trigger' retrieved from /home/airflow/.local/lib/python3.8/site-packages/airflow/example_dags/example_latest_only_with_trigger.py
[2026-05-30T13:05:01.434+0000] {logging_mixin.py:188} INFO - [2026-05-30T13:05:01.434+0000] {dag.py:3047} INFO - Sync 1 DAGs
[2026-05-30T13:05:01.457+0000] {logging_mixin.py:188} INFO - [2026-05-30T13:05:01.457+0000] {dag.py:3834} INFO - Setting next_dagrun for latest_only_with_trigger to 2026-05-30 08:00:00+00:00, run_after=2026-05-30 12:00:00+00:00
[2026-05-30T13:05:01.478+0000] {processor.py:183} INFO - Processing /home/airflow/.local/lib/python3.8/site-packages/airflow/example_dags/example_latest_only_with_trigger.py took 0.081 seconds
[2026-05-30T13:05:31.810+0000] {processor.py:161} INFO - Started process (PID=9530) to work on /home/airflow/.local/lib/python3.8/site-packages/airflow/example_dags/example_latest_only_with_trigger.py
[2026-05-30T13:05:31.811+0000] {processor.py:830} INFO - Processing file /home/airflow/.local/lib/python3.8/site-packages/airflow/example_dags/example_latest_only_with_trigger.py for tasks to queue
[2026-05-30T13:05:31.813+0000] {logging_mixin.py:188} INFO - [2026-05-30T13:05:31.813+0000] {dagbag.py:540} INFO - Filling up the DagBag from /home/airflow/.local/lib/python3.8/site-packages/airflow/example_dags/example_latest_only_with_trigger.py
[2026-05-30T13:05:31.819+0000] {processor.py:840} INFO - DAG(s) 'latest_only_with_trigger' retrieved from /home/airflow/.local/lib/python3.8/site-packages/airflow/example_dags/example_latest_only_with_trigger.py
[2026-05-30T13:05:31.837+0000] {logging_mixin.py:188} INFO - [2026-05-30T13:05:31.836+0000] {dag.py:3047} INFO - Sync 1 DAGs
[2026-05-30T13:05:31.857+0000] {logging_mixin.py:188} INFO - [2026-05-30T13:05:31.857+0000] {dag.py:3834} INFO - Setting next_dagrun for latest_only_with_trigger to 2026-05-30 08:00:00+00:00, run_after=2026-05-30 12:00:00+00:00
[2026-05-30T13:05:31.878+0000] {processor.py:183} INFO - Processing /home/airflow/.local/lib/python3.8/site-packages/airflow/example_dags/example_latest_only_with_trigger.py took 0.072 seconds
[2026-05-30T13:06:02.194+0000] {processor.py:161} INFO - Started process (PID=9586) to work on /home/airflow/.local/lib/python3.8/site-packages/airflow/example_dags/example_latest_only_with_trigger.py
[2026-05-30T13:06:02.195+0000] {processor.py:830} INFO - Processing file /home/airflow/.local/lib/python3.8/site-packages/airflow/example_dags/example_latest_only_with_trigger.py for tasks to queue
[2026-05-30T13:06:02.198+0000] {logging_mixin.py:188} INFO - [2026-05-30T13:06:02.197+0000] {dagbag.py:540} INFO - Filling up the DagBag from /home/airflow/.local/lib/python3.8/site-packages/airflow/example_dags/example_latest_only_with_trigger.py
[2026-05-30T13:06:02.203+0000] {processor.py:840} INFO - DAG(s) 'latest_only_with_trigger' retrieved from /home/airflow/.local/lib/python3.8/site-packages/airflow/example_dags/example_latest_only_with_trigger.py
[2026-05-30T13:06:02.221+0000] {logging_mixin.py:188} INFO - [2026-05-30T13:06:02.221+0000] {dag.py:3047} INFO - Sync 1 DAGs
[2026-05-30T13:06:02.241+0000] {logging_mixin.py:188} INFO - [2026-05-30T13:06:02.240+0000] {dag.py:3834} INFO - Setting next_dagrun for latest_only_with_trigger to 2026-05-30 08:00:00+00:00, run_after=2026-05-30 12:00:00+00:00
[2026-05-30T13:06:02.257+0000] {processor.py:183} INFO - Processing /home/airflow/.local/lib/python3.8/site-packages/airflow/example_dags/example_latest_only_with_trigger.py took 0.066 seconds
[2026-05-30T13:06:32.754+0000] {processor.py:161} INFO - Started process (PID=9642) to work on /home/airflow/.local/lib/python3.8/site-packages/airflow/example_dags/example_latest_only_with_trigger.py
[2026-05-30T13:06:32.755+0000] {processor.py:830} INFO - Processing file /home/airflow/.local/lib/python3.8/site-packages/airflow/example_dags/example_latest_only_with_trigger.py for tasks to queue
[2026-05-30T13:06:32.758+0000] {logging_mixin.py:188} INFO - [2026-05-30T13:06:32.757+0000] {dagbag.py:540} INFO - Filling up the DagBag from /home/airflow/.local/lib/python3.8/site-packages/airflow/example_dags/example_latest_only_with_trigger.py
[2026-05-30T13:06:32.764+0000] {processor.py:840} INFO - DAG(s) 'latest_only_with_trigger' retrieved from /home/airflow/.local/lib/python3.8/site-packages/airflow/example_dags/example_latest_only_with_trigger.py
[2026-05-30T13:06:32.787+0000] {logging_mixin.py:188} INFO - [2026-05-30T13:06:32.786+0000] {dag.py:3047} INFO - Sync 1 DAGs
[2026-05-30T13:06:32.804+0000] {logging_mixin.py:188} INFO - [2026-05-30T13:06:32.804+0000] {dag.py:3834} INFO - Setting next_dagrun for latest_only_with_trigger to 2026-05-30 08:00:00+00:00, run_after=2026-05-30 12:00:00+00:00
[2026-05-30T13:06:32.825+0000] {processor.py:183} INFO - Processing /home/airflow/.local/lib/python3.8/site-packages/airflow/example_dags/example_latest_only_with_trigger.py took 0.074 seconds
[2026-05-30T13:07:03.429+0000] {processor.py:161} INFO - Started process (PID=9698) to work on /home/airflow/.local/lib/python3.8/site-packages/airflow/example_dags/example_latest_only_with_trigger.py
[2026-05-30T13:07:03.431+0000] {processor.py:830} INFO - Processing file /home/airflow/.local/lib/python3.8/site-packages/airflow/example_dags/example_latest_only_with_trigger.py for tasks to queue
[2026-05-30T13:07:03.432+0000] {logging_mixin.py:188} INFO - [2026-05-30T13:07:03.432+0000] {dagbag.py:540} INFO - Filling up the DagBag from /home/airflow/.local/lib/python3.8/site-packages/airflow/example_dags/example_latest_only_with_trigger.py
[2026-05-30T13:07:03.437+0000] {processor.py:840} INFO - DAG(s) 'latest_only_with_trigger' retrieved from /home/airflow/.local/lib/python3.8/site-packages/airflow/example_dags/example_latest_only_with_trigger.py
[2026-05-30T13:07:03.459+0000] {logging_mixin.py:188} INFO - [2026-05-30T13:07:03.459+0000] {dag.py:3047} INFO - Sync 1 DAGs
[2026-05-30T13:07:03.481+0000] {logging_mixin.py:188} INFO - [2026-05-30T13:07:03.481+0000] {dag.py:3834} INFO - Setting next_dagrun for latest_only_with_trigger to 2026-05-30 08:00:00+00:00, run_after=2026-05-30 12:00:00+00:00
[2026-05-30T13:07:03.502+0000] {processor.py:183} INFO - Processing /home/airflow/.local/lib/python3.8/site-packages/airflow/example_dags/example_latest_only_with_trigger.py took 0.075 seconds
[2026-05-30T13:07:34.155+0000] {processor.py:161} INFO - Started process (PID=9754) to work on /home/airflow/.local/lib/python3.8/site-packages/airflow/example_dags/example_latest_only_with_trigger.py
[2026-05-30T13:07:34.156+0000] {processor.py:830} INFO - Processing file /home/airflow/.local/lib/python3.8/site-packages/airflow/example_dags/example_latest_only_with_trigger.py for tasks to queue
[2026-05-30T13:07:34.158+0000] {logging_mixin.py:188} INFO - [2026-05-30T13:07:34.158+0000] {dagbag.py:540} INFO - Filling up the DagBag from /home/airflow/.local/lib/python3.8/site-packages/airflow/example_dags/example_latest_only_with_trigger.py
[2026-05-30T13:07:34.163+0000] {processor.py:840} INFO - DAG(s) 'latest_only_with_trigger' retrieved from /home/airflow/.local/lib/python3.8/site-packages/airflow/example_dags/example_latest_only_with_trigger.py
[2026-05-30T13:07:34.185+0000] {logging_mixin.py:188} INFO - [2026-05-30T13:07:34.184+0000] {dag.py:3047} INFO - Sync 1 DAGs
[2026-05-30T13:07:34.205+0000] {logging_mixin.py:188} INFO - [2026-05-30T13:07:34.205+0000] {dag.py:3834} INFO - Setting next_dagrun for latest_only_with_trigger to 2026-05-30 08:00:00+00:00, run_after=2026-05-30 12:00:00+00:00
[2026-05-30T13:07:34.225+0000] {processor.py:183} INFO - Processing /home/airflow/.local/lib/python3.8/site-packages/airflow/example_dags/example_latest_only_with_trigger.py took 0.074 seconds
[2026-05-30T13:08:04.469+0000] {processor.py:161} INFO - Started process (PID=9810) to work on /home/airflow/.local/lib/python3.8/site-packages/airflow/example_dags/example_latest_only_with_trigger.py
[2026-05-30T13:08:04.471+0000] {processor.py:830} INFO - Processing file /home/airflow/.local/lib/python3.8/site-packages/airflow/example_dags/example_latest_only_with_trigger.py for tasks to queue
[2026-05-30T13:08:04.473+0000] {logging_mixin.py:188} INFO - [2026-05-30T13:08:04.472+0000] {dagbag.py:540} INFO - Filling up the DagBag from /home/airflow/.local/lib/python3.8/site-packages/airflow/example_dags/example_latest_only_with_trigger.py
[2026-05-30T13:08:04.477+0000] {processor.py:840} INFO - DAG(s) 'latest_only_with_trigger' retrieved from /home/airflow/.local/lib/python3.8/site-packages/airflow/example_dags/example_latest_only_with_trigger.py
[2026-05-30T13:08:04.502+0000] {logging_mixin.py:188} INFO - [2026-05-30T13:08:04.501+0000] {dag.py:3047} INFO - Sync 1 DAGs
[2026-05-30T13:08:04.522+0000] {logging_mixin.py:188} INFO - [2026-05-30T13:08:04.522+0000] {dag.py:3834} INFO - Setting next_dagrun for latest_only_with_trigger to 2026-05-30 08:00:00+00:00, run_after=2026-05-30 12:00:00+00:00
[2026-05-30T13:08:04.542+0000] {processor.py:183} INFO - Processing /home/airflow/.local/lib/python3.8/site-packages/airflow/example_dags/example_latest_only_with_trigger.py took 0.077 seconds
[2026-05-30T13:08:35.151+0000] {processor.py:161} INFO - Started process (PID=9866) to work on /home/airflow/.local/lib/python3.8/site-packages/airflow/example_dags/example_latest_only_with_trigger.py
[2026-05-30T13:08:35.153+0000] {processor.py:830} INFO - Processing file /home/airflow/.local/lib/python3.8/site-packages/airflow/example_dags/example_latest_only_with_trigger.py for tasks to queue
[2026-05-30T13:08:35.155+0000] {logging_mixin.py:188} INFO - [2026-05-30T13:08:35.155+0000] {dagbag.py:540} INFO - Filling up the DagBag from /home/airflow/.local/lib/python3.8/site-packages/airflow/example_dags/example_latest_only_with_trigger.py
[2026-05-30T13:08:35.161+0000] {processor.py:840} INFO - DAG(s) 'latest_only_with_trigger' retrieved from /home/airflow/.local/lib/python3.8/site-packages/airflow/example_dags/example_latest_only_with_trigger.py
[2026-05-30T13:08:35.179+0000] {logging_mixin.py:188} INFO - [2026-05-30T13:08:35.179+0000] {dag.py:3047} INFO - Sync 1 DAGs
[2026-05-30T13:08:35.199+0000] {logging_mixin.py:188} INFO - [2026-05-30T13:08:35.199+0000] {dag.py:3834} INFO - Setting next_dagrun for latest_only_with_trigger to 2026-05-30 08:00:00+00:00, run_after=2026-05-30 12:00:00+00:00
[2026-05-30T13:08:35.219+0000] {processor.py:183} INFO - Processing /home/airflow/.local/lib/python3.8/site-packages/airflow/example_dags/example_latest_only_with_trigger.py took 0.070 seconds
[2026-05-30T13:09:05.840+0000] {processor.py:161} INFO - Started process (PID=9921) to work on /home/airflow/.local/lib/python3.8/site-packages/airflow/example_dags/example_latest_only_with_trigger.py
[2026-05-30T13:09:05.843+0000] {processor.py:830} INFO - Processing file /home/airflow/.local/lib/python3.8/site-packages/airflow/example_dags/example_latest_only_with_trigger.py for tasks to queue
[2026-05-30T13:09:05.846+0000] {logging_mixin.py:188} INFO - [2026-05-30T13:09:05.846+0000] {dagbag.py:540} INFO - Filling up the DagBag from /home/airflow/.local/lib/python3.8/site-packages/airflow/example_dags/example_latest_only_with_trigger.py
[2026-05-30T13:09:05.854+0000] {processor.py:840} INFO - DAG(s) 'latest_only_with_trigger' retrieved from /home/airflow/.local/lib/python3.8/site-packages/airflow/example_dags/example_latest_only_with_trigger.py
[2026-05-30T13:09:05.881+0000] {logging_mixin.py:188} INFO - [2026-05-30T13:09:05.881+0000] {dag.py:3047} INFO - Sync 1 DAGs
[2026-05-30T13:09:05.905+0000] {logging_mixin.py:188} INFO - [2026-05-30T13:09:05.904+0000] {dag.py:3834} INFO - Setting next_dagrun for latest_only_with_trigger to 2026-05-30 08:00:00+00:00, run_after=2026-05-30 12:00:00+00:00
[2026-05-30T13:09:05.933+0000] {processor.py:183} INFO - Processing /home/airflow/.local/lib/python3.8/site-packages/airflow/example_dags/example_latest_only_with_trigger.py took 0.095 seconds
[2026-05-30T13:09:36.336+0000] {processor.py:161} INFO - Started process (PID=9977) to work on /home/airflow/.local/lib/python3.8/site-packages/airflow/example_dags/example_latest_only_with_trigger.py
[2026-05-30T13:09:36.338+0000] {processor.py:830} INFO - Processing file /home/airflow/.local/lib/python3.8/site-packages/airflow/example_dags/example_latest_only_with_trigger.py for tasks to queue
[2026-05-30T13:09:36.340+0000] {logging_mixin.py:188} INFO - [2026-05-30T13:09:36.340+0000] {dagbag.py:540} INFO - Filling up the DagBag from /home/airflow/.local/lib/python3.8/site-packages/airflow/example_dags/example_latest_only_with_trigger.py
[2026-05-30T13:09:36.347+0000] {processor.py:840} INFO - DAG(s) 'latest_only_with_trigger' retrieved from /home/airflow/.local/lib/python3.8/site-packages/airflow/example_dags/example_latest_only_with_trigger.py
[2026-05-30T13:09:36.371+0000] {logging_mixin.py:188} INFO - [2026-05-30T13:09:36.371+0000] {dag.py:3047} INFO - Sync 1 DAGs
[2026-05-30T13:09:36.395+0000] {logging_mixin.py:188} INFO - [2026-05-30T13:09:36.395+0000] {dag.py:3834} INFO - Setting next_dagrun for latest_only_with_trigger to 2026-05-30 08:00:00+00:00, run_after=2026-05-30 12:00:00+00:00
[2026-05-30T13:09:36.416+0000] {processor.py:183} INFO - Processing /home/airflow/.local/lib/python3.8/site-packages/airflow/example_dags/example_latest_only_with_trigger.py took 0.083 seconds
[2026-05-30T13:10:07.020+0000] {processor.py:161} INFO - Started process (PID=10033) to work on /home/airflow/.local/lib/python3.8/site-packages/airflow/example_dags/example_latest_only_with_trigger.py
[2026-05-30T13:10:07.021+0000] {processor.py:830} INFO - Processing file /home/airflow/.local/lib/python3.8/site-packages/airflow/example_dags/example_latest_only_with_trigger.py for tasks to queue
[2026-05-30T13:10:07.023+0000] {logging_mixin.py:188} INFO - [2026-05-30T13:10:07.023+0000] {dagbag.py:540} INFO - Filling up the DagBag from /home/airflow/.local/lib/python3.8/site-packages/airflow/example_dags/example_latest_only_with_trigger.py
[2026-05-30T13:10:07.029+0000] {processor.py:840} INFO - DAG(s) 'latest_only_with_trigger' retrieved from /home/airflow/.local/lib/python3.8/site-packages/airflow/example_dags/example_latest_only_with_trigger.py
[2026-05-30T13:10:07.050+0000] {logging_mixin.py:188} INFO - [2026-05-30T13:10:07.050+0000] {dag.py:3047} INFO - Sync 1 DAGs
[2026-05-30T13:10:07.068+0000] {logging_mixin.py:188} INFO - [2026-05-30T13:10:07.068+0000] {dag.py:3834} INFO - Setting next_dagrun for latest_only_with_trigger to 2026-05-30 08:00:00+00:00, run_after=2026-05-30 12:00:00+00:00
[2026-05-30T13:10:07.086+0000] {processor.py:183} INFO - Processing /home/airflow/.local/lib/python3.8/site-packages/airflow/example_dags/example_latest_only_with_trigger.py took 0.070 seconds
[2026-05-30T13:10:37.794+0000] {processor.py:161} INFO - Started process (PID=10089) to work on /home/airflow/.local/lib/python3.8/site-packages/airflow/example_dags/example_latest_only_with_trigger.py
[2026-05-30T13:10:37.796+0000] {processor.py:830} INFO - Processing file /home/airflow/.local/lib/python3.8/site-packages/airflow/example_dags/example_latest_only_with_trigger.py for tasks to queue
[2026-05-30T13:10:37.798+0000] {logging_mixin.py:188} INFO - [2026-05-30T13:10:37.798+0000] {dagbag.py:540} INFO - Filling up the DagBag from /home/airflow/.local/lib/python3.8/site-packages/airflow/example_dags/example_latest_only_with_trigger.py
[2026-05-30T13:10:37.804+0000] {processor.py:840} INFO - DAG(s) 'latest_only_with_trigger' retrieved from /home/airflow/.local/lib/python3.8/site-packages/airflow/example_dags/example_latest_only_with_trigger.py
[2026-05-30T13:10:37.823+0000] {logging_mixin.py:188} INFO - [2026-05-30T13:10:37.822+0000] {dag.py:3047} INFO - Sync 1 DAGs
[2026-05-30T13:10:37.843+0000] {logging_mixin.py:188} INFO - [2026-05-30T13:10:37.843+0000] {dag.py:3834} INFO - Setting next_dagrun for latest_only_with_trigger to 2026-05-30 08:00:00+00:00, run_after=2026-05-30 12:00:00+00:00
[2026-05-30T13:10:37.864+0000] {processor.py:183} INFO - Processing /home/airflow/.local/lib/python3.8/site-packages/airflow/example_dags/example_latest_only_with_trigger.py took 0.072 seconds
[2026-05-30T13:11:08.086+0000] {processor.py:161} INFO - Started process (PID=10146) to work on /home/airflow/.local/lib/python3.8/site-packages/airflow/example_dags/example_latest_only_with_trigger.py
[2026-05-30T13:11:08.089+0000] {processor.py:830} INFO - Processing file /home/airflow/.local/lib/python3.8/site-packages/airflow/example_dags/example_latest_only_with_trigger.py for tasks to queue
[2026-05-30T13:11:08.092+0000] {logging_mixin.py:188} INFO - [2026-05-30T13:11:08.091+0000] {dagbag.py:540} INFO - Filling up the DagBag from /home/airflow/.local/lib/python3.8/site-packages/airflow/example_dags/example_latest_only_with_trigger.py
[2026-05-30T13:11:08.100+0000] {processor.py:840} INFO - DAG(s) 'latest_only_with_trigger' retrieved from /home/airflow/.local/lib/python3.8/site-packages/airflow/example_dags/example_latest_only_with_trigger.py
[2026-05-30T13:11:08.125+0000] {logging_mixin.py:188} INFO - [2026-05-30T13:11:08.124+0000] {dag.py:3047} INFO - Sync 1 DAGs
[2026-05-30T13:11:08.151+0000] {logging_mixin.py:188} INFO - [2026-05-30T13:11:08.151+0000] {dag.py:3834} INFO - Setting next_dagrun for latest_only_with_trigger to 2026-05-30 08:00:00+00:00, run_after=2026-05-30 12:00:00+00:00
[2026-05-30T13:11:08.173+0000] {processor.py:183} INFO - Processing /home/airflow/.local/lib/python3.8/site-packages/airflow/example_dags/example_latest_only_with_trigger.py took 0.090 seconds
[2026-05-30T13:11:38.562+0000] {processor.py:161} INFO - Started process (PID=10202) to work on /home/airflow/.local/lib/python3.8/site-packages/airflow/example_dags/example_latest_only_with_trigger.py
[2026-05-30T13:11:38.564+0000] {processor.py:830} INFO - Processing file /home/airflow/.local/lib/python3.8/site-packages/airflow/example_dags/example_latest_only_with_trigger.py for tasks to queue
[2026-05-30T13:11:38.565+0000] {logging_mixin.py:188} INFO - [2026-05-30T13:11:38.565+0000] {dagbag.py:540} INFO - Filling up the DagBag from /home/airflow/.local/lib/python3.8/site-packages/airflow/example_dags/example_latest_only_with_trigger.py
[2026-05-30T13:11:38.570+0000] {processor.py:840} INFO - DAG(s) 'latest_only_with_trigger' retrieved from /home/airflow/.local/lib/python3.8/site-packages/airflow/example_dags/example_latest_only_with_trigger.py
[2026-05-30T13:11:38.587+0000] {logging_mixin.py:188} INFO - [2026-05-30T13:11:38.586+0000] {dag.py:3047} INFO - Sync 1 DAGs
[2026-05-30T13:11:38.605+0000] {logging_mixin.py:188} INFO - [2026-05-30T13:11:38.605+0000] {dag.py:3834} INFO - Setting next_dagrun for latest_only_with_trigger to 2026-05-30 08:00:00+00:00, run_after=2026-05-30 12:00:00+00:00
[2026-05-30T13:11:38.628+0000] {processor.py:183} INFO - Processing /home/airflow/.local/lib/python3.8/site-packages/airflow/example_dags/example_latest_only_with_trigger.py took 0.068 seconds
[2026-05-30T13:12:08.939+0000] {processor.py:161} INFO - Started process (PID=10258) to work on /home/airflow/.local/lib/python3.8/site-packages/airflow/example_dags/example_latest_only_with_trigger.py
[2026-05-30T13:12:08.941+0000] {processor.py:830} INFO - Processing file /home/airflow/.local/lib/python3.8/site-packages/airflow/example_dags/example_latest_only_with_trigger.py for tasks to queue
[2026-05-30T13:12:08.943+0000] {logging_mixin.py:188} INFO - [2026-05-30T13:12:08.943+0000] {dagbag.py:540} INFO - Filling up the DagBag from /home/airflow/.local/lib/python3.8/site-packages/airflow/example_dags/example_latest_only_with_trigger.py
[2026-05-30T13:12:08.949+0000] {processor.py:840} INFO - DAG(s) 'latest_only_with_trigger' retrieved from /home/airflow/.local/lib/python3.8/site-packages/airflow/example_dags/example_latest_only_with_trigger.py
[2026-05-30T13:12:08.975+0000] {logging_mixin.py:188} INFO - [2026-05-30T13:12:08.975+0000] {dag.py:3047} INFO - Sync 1 DAGs
[2026-05-30T13:12:09.002+0000] {logging_mixin.py:188} INFO - [2026-05-30T13:12:09.002+0000] {dag.py:3834} INFO - Setting next_dagrun for latest_only_with_trigger to 2026-05-30 08:00:00+00:00, run_after=2026-05-30 12:00:00+00:00
[2026-05-30T13:12:09.023+0000] {processor.py:183} INFO - Processing /home/airflow/.local/lib/python3.8/site-packages/airflow/example_dags/example_latest_only_with_trigger.py took 0.086 seconds
[2026-05-30T13:12:39.367+0000] {processor.py:161} INFO - Started process (PID=10314) to work on /home/airflow/.local/lib/python3.8/site-packages/airflow/example_dags/example_latest_only_with_trigger.py
[2026-05-30T13:12:39.369+0000] {processor.py:830} INFO - Processing file /home/airflow/.local/lib/python3.8/site-packages/airflow/example_dags/example_latest_only_with_trigger.py for tasks to queue
[2026-05-30T13:12:39.371+0000] {logging_mixin.py:188} INFO - [2026-05-30T13:12:39.370+0000] {dagbag.py:540} INFO - Filling up the DagBag from /home/airflow/.local/lib/python3.8/site-packages/airflow/example_dags/example_latest_only_with_trigger.py
[2026-05-30T13:12:39.375+0000] {processor.py:840} INFO - DAG(s) 'latest_only_with_trigger' retrieved from /home/airflow/.local/lib/python3.8/site-packages/airflow/example_dags/example_latest_only_with_trigger.py
[2026-05-30T13:12:39.396+0000] {logging_mixin.py:188} INFO - [2026-05-30T13:12:39.396+0000] {dag.py:3047} INFO - Sync 1 DAGs
[2026-05-30T13:12:39.415+0000] {logging_mixin.py:188} INFO - [2026-05-30T13:12:39.414+0000] {dag.py:3834} INFO - Setting next_dagrun for latest_only_with_trigger to 2026-05-30 08:00:00+00:00, run_after=2026-05-30 12:00:00+00:00
[2026-05-30T13:12:39.437+0000] {processor.py:183} INFO - Processing /home/airflow/.local/lib/python3.8/site-packages/airflow/example_dags/example_latest_only_with_trigger.py took 0.072 seconds
[2026-05-30T13:13:09.708+0000] {processor.py:161} INFO - Started process (PID=10370) to work on /home/airflow/.local/lib/python3.8/site-packages/airflow/example_dags/example_latest_only_with_trigger.py
[2026-05-30T13:13:09.709+0000] {processor.py:830} INFO - Processing file /home/airflow/.local/lib/python3.8/site-packages/airflow/example_dags/example_latest_only_with_trigger.py for tasks to queue
[2026-05-30T13:13:09.711+0000] {logging_mixin.py:188} INFO - [2026-05-30T13:13:09.710+0000] {dagbag.py:540} INFO - Filling up the DagBag from /home/airflow/.local/lib/python3.8/site-packages/airflow/example_dags/example_latest_only_with_trigger.py
[2026-05-30T13:13:09.715+0000] {processor.py:840} INFO - DAG(s) 'latest_only_with_trigger' retrieved from /home/airflow/.local/lib/python3.8/site-packages/airflow/example_dags/example_latest_only_with_trigger.py
[2026-05-30T13:13:09.733+0000] {logging_mixin.py:188} INFO - [2026-05-30T13:13:09.733+0000] {dag.py:3047} INFO - Sync 1 DAGs
[2026-05-30T13:13:09.751+0000] {logging_mixin.py:188} INFO - [2026-05-30T13:13:09.750+0000] {dag.py:3834} INFO - Setting next_dagrun for latest_only_with_trigger to 2026-05-30 08:00:00+00:00, run_after=2026-05-30 12:00:00+00:00
[2026-05-30T13:13:09.773+0000] {processor.py:183} INFO - Processing /home/airflow/.local/lib/python3.8/site-packages/airflow/example_dags/example_latest_only_with_trigger.py took 0.067 seconds
[2026-05-30T13:13:40.183+0000] {processor.py:161} INFO - Started process (PID=10426) to work on /home/airflow/.local/lib/python3.8/site-packages/airflow/example_dags/example_latest_only_with_trigger.py
[2026-05-30T13:13:40.184+0000] {processor.py:830} INFO - Processing file /home/airflow/.local/lib/python3.8/site-packages/airflow/example_dags/example_latest_only_with_trigger.py for tasks to queue
[2026-05-30T13:13:40.186+0000] {logging_mixin.py:188} INFO - [2026-05-30T13:13:40.186+0000] {dagbag.py:540} INFO - Filling up the DagBag from /home/airflow/.local/lib/python3.8/site-packages/airflow/example_dags/example_latest_only_with_trigger.py
[2026-05-30T13:13:40.192+0000] {processor.py:840} INFO - DAG(s) 'latest_only_with_trigger' retrieved from /home/airflow/.local/lib/python3.8/site-packages/airflow/example_dags/example_latest_only_with_trigger.py
[2026-05-30T13:13:40.215+0000] {logging_mixin.py:188} INFO - [2026-05-30T13:13:40.215+0000] {dag.py:3047} INFO - Sync 1 DAGs
[2026-05-30T13:13:40.237+0000] {logging_mixin.py:188} INFO - [2026-05-30T13:13:40.236+0000] {dag.py:3834} INFO - Setting next_dagrun for latest_only_with_trigger to 2026-05-30 08:00:00+00:00, run_after=2026-05-30 12:00:00+00:00
[2026-05-30T13:13:40.260+0000] {processor.py:183} INFO - Processing /home/airflow/.local/lib/python3.8/site-packages/airflow/example_dags/example_latest_only_with_trigger.py took 0.079 seconds
[2026-05-30T13:14:10.845+0000] {processor.py:161} INFO - Started process (PID=10488) to work on /home/airflow/.local/lib/python3.8/site-packages/airflow/example_dags/example_latest_only_with_trigger.py
[2026-05-30T13:14:10.846+0000] {processor.py:830} INFO - Processing file /home/airflow/.local/lib/python3.8/site-packages/airflow/example_dags/example_latest_only_with_trigger.py for tasks to queue
[2026-05-30T13:14:10.848+0000] {logging_mixin.py:188} INFO - [2026-05-30T13:14:10.848+0000] {dagbag.py:540} INFO - Filling up the DagBag from /home/airflow/.local/lib/python3.8/site-packages/airflow/example_dags/example_latest_only_with_trigger.py
[2026-05-30T13:14:10.853+0000] {processor.py:840} INFO - DAG(s) 'latest_only_with_trigger' retrieved from /home/airflow/.local/lib/python3.8/site-packages/airflow/example_dags/example_latest_only_with_trigger.py
[2026-05-30T13:14:10.874+0000] {logging_mixin.py:188} INFO - [2026-05-30T13:14:10.874+0000] {dag.py:3047} INFO - Sync 1 DAGs
[2026-05-30T13:14:10.894+0000] {logging_mixin.py:188} INFO - [2026-05-30T13:14:10.894+0000] {dag.py:3834} INFO - Setting next_dagrun for latest_only_with_trigger to 2026-05-30 08:00:00+00:00, run_after=2026-05-30 12:00:00+00:00
[2026-05-30T13:14:10.917+0000] {processor.py:183} INFO - Processing /home/airflow/.local/lib/python3.8/site-packages/airflow/example_dags/example_latest_only_with_trigger.py took 0.076 seconds
[2026-05-30T13:14:41.270+0000] {processor.py:161} INFO - Started process (PID=10544) to work on /home/airflow/.local/lib/python3.8/site-packages/airflow/example_dags/example_latest_only_with_trigger.py
[2026-05-30T13:14:41.272+0000] {processor.py:830} INFO - Processing file /home/airflow/.local/lib/python3.8/site-packages/airflow/example_dags/example_latest_only_with_trigger.py for tasks to queue
[2026-05-30T13:14:41.274+0000] {logging_mixin.py:188} INFO - [2026-05-30T13:14:41.273+0000] {dagbag.py:540} INFO - Filling up the DagBag from /home/airflow/.local/lib/python3.8/site-packages/airflow/example_dags/example_latest_only_with_trigger.py
[2026-05-30T13:14:41.279+0000] {processor.py:840} INFO - DAG(s) 'latest_only_with_trigger' retrieved from /home/airflow/.local/lib/python3.8/site-packages/airflow/example_dags/example_latest_only_with_trigger.py
[2026-05-30T13:14:41.302+0000] {logging_mixin.py:188} INFO - [2026-05-30T13:14:41.302+0000] {dag.py:3047} INFO - Sync 1 DAGs
[2026-05-30T13:14:41.320+0000] {logging_mixin.py:188} INFO - [2026-05-30T13:14:41.320+0000] {dag.py:3834} INFO - Setting next_dagrun for latest_only_with_trigger to 2026-05-30 08:00:00+00:00, run_after=2026-05-30 12:00:00+00:00
[2026-05-30T13:14:41.340+0000] {processor.py:183} INFO - Processing /home/airflow/.local/lib/python3.8/site-packages/airflow/example_dags/example_latest_only_with_trigger.py took 0.072 seconds
[2026-05-30T13:15:11.657+0000] {processor.py:161} INFO - Started process (PID=10600) to work on /home/airflow/.local/lib/python3.8/site-packages/airflow/example_dags/example_latest_only_with_trigger.py
[2026-05-30T13:15:11.659+0000] {processor.py:830} INFO - Processing file /home/airflow/.local/lib/python3.8/site-packages/airflow/example_dags/example_latest_only_with_trigger.py for tasks to queue
[2026-05-30T13:15:11.660+0000] {logging_mixin.py:188} INFO - [2026-05-30T13:15:11.660+0000] {dagbag.py:540} INFO - Filling up the DagBag from /home/airflow/.local/lib/python3.8/site-packages/airflow/example_dags/example_latest_only_with_trigger.py
[2026-05-30T13:15:11.666+0000] {processor.py:840} INFO - DAG(s) 'latest_only_with_trigger' retrieved from /home/airflow/.local/lib/python3.8/site-packages/airflow/example_dags/example_latest_only_with_trigger.py
[2026-05-30T13:15:11.686+0000] {logging_mixin.py:188} INFO - [2026-05-30T13:15:11.686+0000] {dag.py:3047} INFO - Sync 1 DAGs
[2026-05-30T13:15:11.703+0000] {logging_mixin.py:188} INFO - [2026-05-30T13:15:11.703+0000] {dag.py:3834} INFO - Setting next_dagrun for latest_only_with_trigger to 2026-05-30 08:00:00+00:00, run_after=2026-05-30 12:00:00+00:00
[2026-05-30T13:15:11.723+0000] {processor.py:183} INFO - Processing /home/airflow/.local/lib/python3.8/site-packages/airflow/example_dags/example_latest_only_with_trigger.py took 0.069 seconds
[2026-05-30T13:15:42.176+0000] {processor.py:161} INFO - Started process (PID=10656) to work on /home/airflow/.local/lib/python3.8/site-packages/airflow/example_dags/example_latest_only_with_trigger.py
[2026-05-30T13:15:42.177+0000] {processor.py:830} INFO - Processing file /home/airflow/.local/lib/python3.8/site-packages/airflow/example_dags/example_latest_only_with_trigger.py for tasks to queue
[2026-05-30T13:15:42.178+0000] {logging_mixin.py:188} INFO - [2026-05-30T13:15:42.178+0000] {dagbag.py:540} INFO - Filling up the DagBag from /home/airflow/.local/lib/python3.8/site-packages/airflow/example_dags/example_latest_only_with_trigger.py
[2026-05-30T13:15:42.183+0000] {processor.py:840} INFO - DAG(s) 'latest_only_with_trigger' retrieved from /home/airflow/.local/lib/python3.8/site-packages/airflow/example_dags/example_latest_only_with_trigger.py
[2026-05-30T13:15:42.202+0000] {logging_mixin.py:188} INFO - [2026-05-30T13:15:42.202+0000] {dag.py:3047} INFO - Sync 1 DAGs
[2026-05-30T13:15:42.220+0000] {logging_mixin.py:188} INFO - [2026-05-30T13:15:42.220+0000] {dag.py:3834} INFO - Setting next_dagrun for latest_only_with_trigger to 2026-05-30 08:00:00+00:00, run_after=2026-05-30 12:00:00+00:00
[2026-05-30T13:15:42.243+0000] {processor.py:183} INFO - Processing /home/airflow/.local/lib/python3.8/site-packages/airflow/example_dags/example_latest_only_with_trigger.py took 0.069 seconds
[2026-05-30T13:16:12.636+0000] {processor.py:161} INFO - Started process (PID=10712) to work on /home/airflow/.local/lib/python3.8/site-packages/airflow/example_dags/example_latest_only_with_trigger.py
[2026-05-30T13:16:12.637+0000] {processor.py:830} INFO - Processing file /home/airflow/.local/lib/python3.8/site-packages/airflow/example_dags/example_latest_only_with_trigger.py for tasks to queue
[2026-05-30T13:16:12.638+0000] {logging_mixin.py:188} INFO - [2026-05-30T13:16:12.638+0000] {dagbag.py:540} INFO - Filling up the DagBag from /home/airflow/.local/lib/python3.8/site-packages/airflow/example_dags/example_latest_only_with_trigger.py
[2026-05-30T13:16:12.643+0000] {processor.py:840} INFO - DAG(s) 'latest_only_with_trigger' retrieved from /home/airflow/.local/lib/python3.8/site-packages/airflow/example_dags/example_latest_only_with_trigger.py
[2026-05-30T13:16:12.661+0000] {logging_mixin.py:188} INFO - [2026-05-30T13:16:12.661+0000] {dag.py:3047} INFO - Sync 1 DAGs
[2026-05-30T13:16:12.678+0000] {logging_mixin.py:188} INFO - [2026-05-30T13:16:12.678+0000] {dag.py:3834} INFO - Setting next_dagrun for latest_only_with_trigger to 2026-05-30 08:00:00+00:00, run_after=2026-05-30 12:00:00+00:00
[2026-05-30T13:16:12.697+0000] {processor.py:183} INFO - Processing /home/airflow/.local/lib/python3.8/site-packages/airflow/example_dags/example_latest_only_with_trigger.py took 0.064 seconds
[2026-05-30T13:16:43.106+0000] {processor.py:161} INFO - Started process (PID=10768) to work on /home/airflow/.local/lib/python3.8/site-packages/airflow/example_dags/example_latest_only_with_trigger.py
[2026-05-30T13:16:43.108+0000] {processor.py:830} INFO - Processing file /home/airflow/.local/lib/python3.8/site-packages/airflow/example_dags/example_latest_only_with_trigger.py for tasks to queue
[2026-05-30T13:16:43.110+0000] {logging_mixin.py:188} INFO - [2026-05-30T13:16:43.110+0000] {dagbag.py:540} INFO - Filling up the DagBag from /home/airflow/.local/lib/python3.8/site-packages/airflow/example_dags/example_latest_only_with_trigger.py
[2026-05-30T13:16:43.117+0000] {processor.py:840} INFO - DAG(s) 'latest_only_with_trigger' retrieved from /home/airflow/.local/lib/python3.8/site-packages/airflow/example_dags/example_latest_only_with_trigger.py
[2026-05-30T13:16:43.141+0000] {logging_mixin.py:188} INFO - [2026-05-30T13:16:43.141+0000] {dag.py:3047} INFO - Sync 1 DAGs
[2026-05-30T13:16:43.163+0000] {logging_mixin.py:188} INFO - [2026-05-30T13:16:43.162+0000] {dag.py:3834} INFO - Setting next_dagrun for latest_only_with_trigger to 2026-05-30 08:00:00+00:00, run_after=2026-05-30 12:00:00+00:00
[2026-05-30T13:16:43.186+0000] {processor.py:183} INFO - Processing /home/airflow/.local/lib/python3.8/site-packages/airflow/example_dags/example_latest_only_with_trigger.py took 0.082 seconds
[2026-05-30T13:17:13.708+0000] {processor.py:161} INFO - Started process (PID=10824) to work on /home/airflow/.local/lib/python3.8/site-packages/airflow/example_dags/example_latest_only_with_trigger.py
[2026-05-30T13:17:13.710+0000] {processor.py:830} INFO - Processing file /home/airflow/.local/lib/python3.8/site-packages/airflow/example_dags/example_latest_only_with_trigger.py for tasks to queue
[2026-05-30T13:17:13.713+0000] {logging_mixin.py:188} INFO - [2026-05-30T13:17:13.712+0000] {dagbag.py:540} INFO - Filling up the DagBag from /home/airflow/.local/lib/python3.8/site-packages/airflow/example_dags/example_latest_only_with_trigger.py
[2026-05-30T13:17:13.719+0000] {processor.py:840} INFO - DAG(s) 'latest_only_with_trigger' retrieved from /home/airflow/.local/lib/python3.8/site-packages/airflow/example_dags/example_latest_only_with_trigger.py
[2026-05-30T13:17:13.741+0000] {logging_mixin.py:188} INFO - [2026-05-30T13:17:13.741+0000] {dag.py:3047} INFO - Sync 1 DAGs
[2026-05-30T13:17:13.760+0000] {logging_mixin.py:188} INFO - [2026-05-30T13:17:13.759+0000] {dag.py:3834} INFO - Setting next_dagrun for latest_only_with_trigger to 2026-05-30 08:00:00+00:00, run_after=2026-05-30 12:00:00+00:00
[2026-05-30T13:17:13.780+0000] {processor.py:183} INFO - Processing /home/airflow/.local/lib/python3.8/site-packages/airflow/example_dags/example_latest_only_with_trigger.py took 0.076 seconds
[2026-05-30T13:17:44.202+0000] {processor.py:161} INFO - Started process (PID=10880) to work on /home/airflow/.local/lib/python3.8/site-packages/airflow/example_dags/example_latest_only_with_trigger.py
[2026-05-30T13:17:44.203+0000] {processor.py:830} INFO - Processing file /home/airflow/.local/lib/python3.8/site-packages/airflow/example_dags/example_latest_only_with_trigger.py for tasks to queue
[2026-05-30T13:17:44.205+0000] {logging_mixin.py:188} INFO - [2026-05-30T13:17:44.204+0000] {dagbag.py:540} INFO - Filling up the DagBag from /home/airflow/.local/lib/python3.8/site-packages/airflow/example_dags/example_latest_only_with_trigger.py
[2026-05-30T13:17:44.210+0000] {processor.py:840} INFO - DAG(s) 'latest_only_with_trigger' retrieved from /home/airflow/.local/lib/python3.8/site-packages/airflow/example_dags/example_latest_only_with_trigger.py
[2026-05-30T13:17:44.229+0000] {logging_mixin.py:188} INFO - [2026-05-30T13:17:44.229+0000] {dag.py:3047} INFO - Sync 1 DAGs
[2026-05-30T13:17:44.247+0000] {logging_mixin.py:188} INFO - [2026-05-30T13:17:44.247+0000] {dag.py:3834} INFO - Setting next_dagrun for latest_only_with_trigger to 2026-05-30 08:00:00+00:00, run_after=2026-05-30 12:00:00+00:00
[2026-05-30T13:17:44.266+0000] {processor.py:183} INFO - Processing /home/airflow/.local/lib/python3.8/site-packages/airflow/example_dags/example_latest_only_with_trigger.py took 0.067 seconds
[2026-05-30T13:18:14.450+0000] {processor.py:161} INFO - Started process (PID=10936) to work on /home/airflow/.local/lib/python3.8/site-packages/airflow/example_dags/example_latest_only_with_trigger.py
[2026-05-30T13:18:14.451+0000] {processor.py:830} INFO - Processing file /home/airflow/.local/lib/python3.8/site-packages/airflow/example_dags/example_latest_only_with_trigger.py for tasks to queue
[2026-05-30T13:18:14.453+0000] {logging_mixin.py:188} INFO - [2026-05-30T13:18:14.452+0000] {dagbag.py:540} INFO - Filling up the DagBag from /home/airflow/.local/lib/python3.8/site-packages/airflow/example_dags/example_latest_only_with_trigger.py
[2026-05-30T13:18:14.459+0000] {processor.py:840} INFO - DAG(s) 'latest_only_with_trigger' retrieved from /home/airflow/.local/lib/python3.8/site-packages/airflow/example_dags/example_latest_only_with_trigger.py
[2026-05-30T13:18:14.483+0000] {logging_mixin.py:188} INFO - [2026-05-30T13:18:14.483+0000] {dag.py:3047} INFO - Sync 1 DAGs
[2026-05-30T13:18:14.508+0000] {logging_mixin.py:188} INFO - [2026-05-30T13:18:14.508+0000] {dag.py:3834} INFO - Setting next_dagrun for latest_only_with_trigger to 2026-05-30 08:00:00+00:00, run_after=2026-05-30 12:00:00+00:00
[2026-05-30T13:18:14.530+0000] {processor.py:183} INFO - Processing /home/airflow/.local/lib/python3.8/site-packages/airflow/example_dags/example_latest_only_with_trigger.py took 0.084 seconds
[2026-05-30T13:18:44.848+0000] {processor.py:161} INFO - Started process (PID=10992) to work on /home/airflow/.local/lib/python3.8/site-packages/airflow/example_dags/example_latest_only_with_trigger.py
[2026-05-30T13:18:44.850+0000] {processor.py:830} INFO - Processing file /home/airflow/.local/lib/python3.8/site-packages/airflow/example_dags/example_latest_only_with_trigger.py for tasks to queue
[2026-05-30T13:18:44.854+0000] {logging_mixin.py:188} INFO - [2026-05-30T13:18:44.853+0000] {dagbag.py:540} INFO - Filling up the DagBag from /home/airflow/.local/lib/python3.8/site-packages/airflow/example_dags/example_latest_only_with_trigger.py
[2026-05-30T13:18:44.861+0000] {processor.py:840} INFO - DAG(s) 'latest_only_with_trigger' retrieved from /home/airflow/.local/lib/python3.8/site-packages/airflow/example_dags/example_latest_only_with_trigger.py
[2026-05-30T13:18:44.883+0000] {logging_mixin.py:188} INFO - [2026-05-30T13:18:44.883+0000] {dag.py:3047} INFO - Sync 1 DAGs
[2026-05-30T13:18:44.907+0000] {logging_mixin.py:188} INFO - [2026-05-30T13:18:44.907+0000] {dag.py:3834} INFO - Setting next_dagrun for latest_only_with_trigger to 2026-05-30 08:00:00+00:00, run_after=2026-05-30 12:00:00+00:00
[2026-05-30T13:18:44.932+0000] {processor.py:183} INFO - Processing /home/airflow/.local/lib/python3.8/site-packages/airflow/example_dags/example_latest_only_with_trigger.py took 0.087 seconds
[2026-05-30T13:19:15.475+0000] {processor.py:161} INFO - Started process (PID=11048) to work on /home/airflow/.local/lib/python3.8/site-packages/airflow/example_dags/example_latest_only_with_trigger.py
[2026-05-30T13:19:15.477+0000] {processor.py:830} INFO - Processing file /home/airflow/.local/lib/python3.8/site-packages/airflow/example_dags/example_latest_only_with_trigger.py for tasks to queue
[2026-05-30T13:19:15.479+0000] {logging_mixin.py:188} INFO - [2026-05-30T13:19:15.479+0000] {dagbag.py:540} INFO - Filling up the DagBag from /home/airflow/.local/lib/python3.8/site-packages/airflow/example_dags/example_latest_only_with_trigger.py
[2026-05-30T13:19:15.486+0000] {processor.py:840} INFO - DAG(s) 'latest_only_with_trigger' retrieved from /home/airflow/.local/lib/python3.8/site-packages/airflow/example_dags/example_latest_only_with_trigger.py
[2026-05-30T13:19:15.507+0000] {logging_mixin.py:188} INFO - [2026-05-30T13:19:15.507+0000] {dag.py:3047} INFO - Sync 1 DAGs
[2026-05-30T13:19:15.528+0000] {logging_mixin.py:188} INFO - [2026-05-30T13:19:15.528+0000] {dag.py:3834} INFO - Setting next_dagrun for latest_only_with_trigger to 2026-05-30 08:00:00+00:00, run_after=2026-05-30 12:00:00+00:00
[2026-05-30T13:19:15.547+0000] {processor.py:183} INFO - Processing /home/airflow/.local/lib/python3.8/site-packages/airflow/example_dags/example_latest_only_with_trigger.py took 0.074 seconds
[2026-05-30T13:19:46.100+0000] {processor.py:161} INFO - Started process (PID=11104) to work on /home/airflow/.local/lib/python3.8/site-packages/airflow/example_dags/example_latest_only_with_trigger.py
[2026-05-30T13:19:46.102+0000] {processor.py:830} INFO - Processing file /home/airflow/.local/lib/python3.8/site-packages/airflow/example_dags/example_latest_only_with_trigger.py for tasks to queue
[2026-05-30T13:19:46.105+0000] {logging_mixin.py:188} INFO - [2026-05-30T13:19:46.105+0000] {dagbag.py:540} INFO - Filling up the DagBag from /home/airflow/.local/lib/python3.8/site-packages/airflow/example_dags/example_latest_only_with_trigger.py
[2026-05-30T13:19:46.110+0000] {processor.py:840} INFO - DAG(s) 'latest_only_with_trigger' retrieved from /home/airflow/.local/lib/python3.8/site-packages/airflow/example_dags/example_latest_only_with_trigger.py
[2026-05-30T13:19:46.129+0000] {logging_mixin.py:188} INFO - [2026-05-30T13:19:46.129+0000] {dag.py:3047} INFO - Sync 1 DAGs
[2026-05-30T13:19:46.147+0000] {logging_mixin.py:188} INFO - [2026-05-30T13:19:46.146+0000] {dag.py:3834} INFO - Setting next_dagrun for latest_only_with_trigger to 2026-05-30 08:00:00+00:00, run_after=2026-05-30 12:00:00+00:00
[2026-05-30T13:19:46.168+0000] {processor.py:183} INFO - Processing /home/airflow/.local/lib/python3.8/site-packages/airflow/example_dags/example_latest_only_with_trigger.py took 0.070 seconds
[2026-05-30T13:20:16.892+0000] {processor.py:161} INFO - Started process (PID=11160) to work on /home/airflow/.local/lib/python3.8/site-packages/airflow/example_dags/example_latest_only_with_trigger.py
[2026-05-30T13:20:16.893+0000] {processor.py:830} INFO - Processing file /home/airflow/.local/lib/python3.8/site-packages/airflow/example_dags/example_latest_only_with_trigger.py for tasks to queue
[2026-05-30T13:20:16.895+0000] {logging_mixin.py:188} INFO - [2026-05-30T13:20:16.895+0000] {dagbag.py:540} INFO - Filling up the DagBag from /home/airflow/.local/lib/python3.8/site-packages/airflow/example_dags/example_latest_only_with_trigger.py
[2026-05-30T13:20:16.900+0000] {processor.py:840} INFO - DAG(s) 'latest_only_with_trigger' retrieved from /home/airflow/.local/lib/python3.8/site-packages/airflow/example_dags/example_latest_only_with_trigger.py
[2026-05-30T13:20:16.919+0000] {logging_mixin.py:188} INFO - [2026-05-30T13:20:16.919+0000] {dag.py:3047} INFO - Sync 1 DAGs
[2026-05-30T13:20:16.936+0000] {logging_mixin.py:188} INFO - [2026-05-30T13:20:16.936+0000] {dag.py:3834} INFO - Setting next_dagrun for latest_only_with_trigger to 2026-05-30 08:00:00+00:00, run_after=2026-05-30 12:00:00+00:00
[2026-05-30T13:20:16.955+0000] {processor.py:183} INFO - Processing /home/airflow/.local/lib/python3.8/site-packages/airflow/example_dags/example_latest_only_with_trigger.py took 0.066 seconds
[2026-05-30T13:20:47.876+0000] {processor.py:161} INFO - Started process (PID=11216) to work on /home/airflow/.local/lib/python3.8/site-packages/airflow/example_dags/example_latest_only_with_trigger.py
[2026-05-30T13:20:47.877+0000] {processor.py:830} INFO - Processing file /home/airflow/.local/lib/python3.8/site-packages/airflow/example_dags/example_latest_only_with_trigger.py for tasks to queue
[2026-05-30T13:20:47.879+0000] {logging_mixin.py:188} INFO - [2026-05-30T13:20:47.878+0000] {dagbag.py:540} INFO - Filling up the DagBag from /home/airflow/.local/lib/python3.8/site-packages/airflow/example_dags/example_latest_only_with_trigger.py
[2026-05-30T13:20:47.883+0000] {processor.py:840} INFO - DAG(s) 'latest_only_with_trigger' retrieved from /home/airflow/.local/lib/python3.8/site-packages/airflow/example_dags/example_latest_only_with_trigger.py
[2026-05-30T13:20:47.902+0000] {logging_mixin.py:188} INFO - [2026-05-30T13:20:47.902+0000] {dag.py:3047} INFO - Sync 1 DAGs
[2026-05-30T13:20:47.922+0000] {logging_mixin.py:188} INFO - [2026-05-30T13:20:47.922+0000] {dag.py:3834} INFO - Setting next_dagrun for latest_only_with_trigger to 2026-05-30 08:00:00+00:00, run_after=2026-05-30 12:00:00+00:00
[2026-05-30T13:20:47.942+0000] {processor.py:183} INFO - Processing /home/airflow/.local/lib/python3.8/site-packages/airflow/example_dags/example_latest_only_with_trigger.py took 0.069 seconds
[2026-05-30T13:21:18.482+0000] {processor.py:161} INFO - Started process (PID=11271) to work on /home/airflow/.local/lib/python3.8/site-packages/airflow/example_dags/example_latest_only_with_trigger.py
[2026-05-30T13:21:18.483+0000] {processor.py:830} INFO - Processing file /home/airflow/.local/lib/python3.8/site-packages/airflow/example_dags/example_latest_only_with_trigger.py for tasks to queue
[2026-05-30T13:21:18.486+0000] {logging_mixin.py:188} INFO - [2026-05-30T13:21:18.485+0000] {dagbag.py:540} INFO - Filling up the DagBag from /home/airflow/.local/lib/python3.8/site-packages/airflow/example_dags/example_latest_only_with_trigger.py
[2026-05-30T13:21:18.494+0000] {processor.py:840} INFO - DAG(s) 'latest_only_with_trigger' retrieved from /home/airflow/.local/lib/python3.8/site-packages/airflow/example_dags/example_latest_only_with_trigger.py
[2026-05-30T13:21:18.528+0000] {logging_mixin.py:188} INFO - [2026-05-30T13:21:18.527+0000] {dag.py:3047} INFO - Sync 1 DAGs
[2026-05-30T13:21:18.564+0000] {logging_mixin.py:188} INFO - [2026-05-30T13:21:18.564+0000] {dag.py:3834} INFO - Setting next_dagrun for latest_only_with_trigger to 2026-05-30 08:00:00+00:00, run_after=2026-05-30 12:00:00+00:00
[2026-05-30T13:21:18.593+0000] {processor.py:183} INFO - Processing /home/airflow/.local/lib/python3.8/site-packages/airflow/example_dags/example_latest_only_with_trigger.py took 0.115 seconds
[2026-05-30T13:21:48.703+0000] {processor.py:161} INFO - Started process (PID=11327) to work on /home/airflow/.local/lib/python3.8/site-packages/airflow/example_dags/example_latest_only_with_trigger.py
[2026-05-30T13:21:48.705+0000] {processor.py:830} INFO - Processing file /home/airflow/.local/lib/python3.8/site-packages/airflow/example_dags/example_latest_only_with_trigger.py for tasks to queue
[2026-05-30T13:21:48.707+0000] {logging_mixin.py:188} INFO - [2026-05-30T13:21:48.706+0000] {dagbag.py:540} INFO - Filling up the DagBag from /home/airflow/.local/lib/python3.8/site-packages/airflow/example_dags/example_latest_only_with_trigger.py
[2026-05-30T13:21:48.714+0000] {processor.py:840} INFO - DAG(s) 'latest_only_with_trigger' retrieved from /home/airflow/.local/lib/python3.8/site-packages/airflow/example_dags/example_latest_only_with_trigger.py
[2026-05-30T13:21:48.737+0000] {logging_mixin.py:188} INFO - [2026-05-30T13:21:48.736+0000] {dag.py:3047} INFO - Sync 1 DAGs
[2026-05-30T13:21:48.760+0000] {logging_mixin.py:188} INFO - [2026-05-30T13:21:48.759+0000] {dag.py:3834} INFO - Setting next_dagrun for latest_only_with_trigger to 2026-05-30 08:00:00+00:00, run_after=2026-05-30 12:00:00+00:00
[2026-05-30T13:21:48.782+0000] {processor.py:183} INFO - Processing /home/airflow/.local/lib/python3.8/site-packages/airflow/example_dags/example_latest_only_with_trigger.py took 0.084 seconds
[2026-05-30T13:22:19.477+0000] {processor.py:161} INFO - Started process (PID=11383) to work on /home/airflow/.local/lib/python3.8/site-packages/airflow/example_dags/example_latest_only_with_trigger.py
[2026-05-30T13:22:19.479+0000] {processor.py:830} INFO - Processing file /home/airflow/.local/lib/python3.8/site-packages/airflow/example_dags/example_latest_only_with_trigger.py for tasks to queue
[2026-05-30T13:22:19.482+0000] {logging_mixin.py:188} INFO - [2026-05-30T13:22:19.481+0000] {dagbag.py:540} INFO - Filling up the DagBag from /home/airflow/.local/lib/python3.8/site-packages/airflow/example_dags/example_latest_only_with_trigger.py
[2026-05-30T13:22:19.489+0000] {processor.py:840} INFO - DAG(s) 'latest_only_with_trigger' retrieved from /home/airflow/.local/lib/python3.8/site-packages/airflow/example_dags/example_latest_only_with_trigger.py
[2026-05-30T13:22:19.512+0000] {logging_mixin.py:188} INFO - [2026-05-30T13:22:19.512+0000] {dag.py:3047} INFO - Sync 1 DAGs
[2026-05-30T13:22:19.537+0000] {logging_mixin.py:188} INFO - [2026-05-30T13:22:19.537+0000] {dag.py:3834} INFO - Setting next_dagrun for latest_only_with_trigger to 2026-05-30 08:00:00+00:00, run_after=2026-05-30 12:00:00+00:00
[2026-05-30T13:22:19.562+0000] {processor.py:183} INFO - Processing /home/airflow/.local/lib/python3.8/site-packages/airflow/example_dags/example_latest_only_with_trigger.py took 0.087 seconds
[2026-05-30T13:22:49.919+0000] {processor.py:161} INFO - Started process (PID=11439) to work on /home/airflow/.local/lib/python3.8/site-packages/airflow/example_dags/example_latest_only_with_trigger.py
[2026-05-30T13:22:49.920+0000] {processor.py:830} INFO - Processing file /home/airflow/.local/lib/python3.8/site-packages/airflow/example_dags/example_latest_only_with_trigger.py for tasks to queue
[2026-05-30T13:22:49.922+0000] {logging_mixin.py:188} INFO - [2026-05-30T13:22:49.921+0000] {dagbag.py:540} INFO - Filling up the DagBag from /home/airflow/.local/lib/python3.8/site-packages/airflow/example_dags/example_latest_only_with_trigger.py
[2026-05-30T13:22:49.926+0000] {processor.py:840} INFO - DAG(s) 'latest_only_with_trigger' retrieved from /home/airflow/.local/lib/python3.8/site-packages/airflow/example_dags/example_latest_only_with_trigger.py
[2026-05-30T13:22:49.945+0000] {logging_mixin.py:188} INFO - [2026-05-30T13:22:49.944+0000] {dag.py:3047} INFO - Sync 1 DAGs
[2026-05-30T13:22:49.964+0000] {logging_mixin.py:188} INFO - [2026-05-30T13:22:49.963+0000] {dag.py:3834} INFO - Setting next_dagrun for latest_only_with_trigger to 2026-05-30 08:00:00+00:00, run_after=2026-05-30 12:00:00+00:00
[2026-05-30T13:22:49.985+0000] {processor.py:183} INFO - Processing /home/airflow/.local/lib/python3.8/site-packages/airflow/example_dags/example_latest_only_with_trigger.py took 0.069 seconds
[2026-05-30T13:23:20.213+0000] {processor.py:161} INFO - Started process (PID=11495) to work on /home/airflow/.local/lib/python3.8/site-packages/airflow/example_dags/example_latest_only_with_trigger.py
[2026-05-30T13:23:20.215+0000] {processor.py:830} INFO - Processing file /home/airflow/.local/lib/python3.8/site-packages/airflow/example_dags/example_latest_only_with_trigger.py for tasks to queue
[2026-05-30T13:23:20.217+0000] {logging_mixin.py:188} INFO - [2026-05-30T13:23:20.216+0000] {dagbag.py:540} INFO - Filling up the DagBag from /home/airflow/.local/lib/python3.8/site-packages/airflow/example_dags/example_latest_only_with_trigger.py
[2026-05-30T13:23:20.222+0000] {processor.py:840} INFO - DAG(s) 'latest_only_with_trigger' retrieved from /home/airflow/.local/lib/python3.8/site-packages/airflow/example_dags/example_latest_only_with_trigger.py
[2026-05-30T13:23:20.246+0000] {logging_mixin.py:188} INFO - [2026-05-30T13:23:20.246+0000] {dag.py:3047} INFO - Sync 1 DAGs
[2026-05-30T13:23:20.268+0000] {logging_mixin.py:188} INFO - [2026-05-30T13:23:20.267+0000] {dag.py:3834} INFO - Setting next_dagrun for latest_only_with_trigger to 2026-05-30 08:00:00+00:00, run_after=2026-05-30 12:00:00+00:00
[2026-05-30T13:23:20.292+0000] {processor.py:183} INFO - Processing /home/airflow/.local/lib/python3.8/site-packages/airflow/example_dags/example_latest_only_with_trigger.py took 0.081 seconds
[2026-05-30T13:23:50.687+0000] {processor.py:161} INFO - Started process (PID=11551) to work on /home/airflow/.local/lib/python3.8/site-packages/airflow/example_dags/example_latest_only_with_trigger.py
[2026-05-30T13:23:50.688+0000] {processor.py:830} INFO - Processing file /home/airflow/.local/lib/python3.8/site-packages/airflow/example_dags/example_latest_only_with_trigger.py for tasks to queue
[2026-05-30T13:23:50.690+0000] {logging_mixin.py:188} INFO - [2026-05-30T13:23:50.689+0000] {dagbag.py:540} INFO - Filling up the DagBag from /home/airflow/.local/lib/python3.8/site-packages/airflow/example_dags/example_latest_only_with_trigger.py
[2026-05-30T13:23:50.694+0000] {processor.py:840} INFO - DAG(s) 'latest_only_with_trigger' retrieved from /home/airflow/.local/lib/python3.8/site-packages/airflow/example_dags/example_latest_only_with_trigger.py
[2026-05-30T13:23:50.719+0000] {logging_mixin.py:188} INFO - [2026-05-30T13:23:50.719+0000] {dag.py:3047} INFO - Sync 1 DAGs
[2026-05-30T13:23:50.749+0000] {logging_mixin.py:188} INFO - [2026-05-30T13:23:50.749+0000] {dag.py:3834} INFO - Setting next_dagrun for latest_only_with_trigger to 2026-05-30 08:00:00+00:00, run_after=2026-05-30 12:00:00+00:00
[2026-05-30T13:23:50.773+0000] {processor.py:183} INFO - Processing /home/airflow/.local/lib/python3.8/site-packages/airflow/example_dags/example_latest_only_with_trigger.py took 0.089 seconds
[2026-05-30T13:24:21.352+0000] {processor.py:161} INFO - Started process (PID=11607) to work on /home/airflow/.local/lib/python3.8/site-packages/airflow/example_dags/example_latest_only_with_trigger.py
[2026-05-30T13:24:21.353+0000] {processor.py:830} INFO - Processing file /home/airflow/.local/lib/python3.8/site-packages/airflow/example_dags/example_latest_only_with_trigger.py for tasks to queue
[2026-05-30T13:24:21.355+0000] {logging_mixin.py:188} INFO - [2026-05-30T13:24:21.355+0000] {dagbag.py:540} INFO - Filling up the DagBag from /home/airflow/.local/lib/python3.8/site-packages/airflow/example_dags/example_latest_only_with_trigger.py
[2026-05-30T13:24:21.360+0000] {processor.py:840} INFO - DAG(s) 'latest_only_with_trigger' retrieved from /home/airflow/.local/lib/python3.8/site-packages/airflow/example_dags/example_latest_only_with_trigger.py
[2026-05-30T13:24:21.380+0000] {logging_mixin.py:188} INFO - [2026-05-30T13:24:21.379+0000] {dag.py:3047} INFO - Sync 1 DAGs
[2026-05-30T13:24:21.399+0000] {logging_mixin.py:188} INFO - [2026-05-30T13:24:21.398+0000] {dag.py:3834} INFO - Setting next_dagrun for latest_only_with_trigger to 2026-05-30 08:00:00+00:00, run_after=2026-05-30 12:00:00+00:00
[2026-05-30T13:24:21.418+0000] {processor.py:183} INFO - Processing /home/airflow/.local/lib/python3.8/site-packages/airflow/example_dags/example_latest_only_with_trigger.py took 0.069 seconds
[2026-05-30T13:24:51.947+0000] {processor.py:161} INFO - Started process (PID=11663) to work on /home/airflow/.local/lib/python3.8/site-packages/airflow/example_dags/example_latest_only_with_trigger.py
[2026-05-30T13:24:51.949+0000] {processor.py:830} INFO - Processing file /home/airflow/.local/lib/python3.8/site-packages/airflow/example_dags/example_latest_only_with_trigger.py for tasks to queue
[2026-05-30T13:24:51.950+0000] {logging_mixin.py:188} INFO - [2026-05-30T13:24:51.950+0000] {dagbag.py:540} INFO - Filling up the DagBag from /home/airflow/.local/lib/python3.8/site-packages/airflow/example_dags/example_latest_only_with_trigger.py
[2026-05-30T13:24:51.955+0000] {processor.py:840} INFO - DAG(s) 'latest_only_with_trigger' retrieved from /home/airflow/.local/lib/python3.8/site-packages/airflow/example_dags/example_latest_only_with_trigger.py
[2026-05-30T13:24:51.976+0000] {logging_mixin.py:188} INFO - [2026-05-30T13:24:51.976+0000] {dag.py:3047} INFO - Sync 1 DAGs
[2026-05-30T13:24:51.995+0000] {logging_mixin.py:188} INFO - [2026-05-30T13:24:51.995+0000] {dag.py:3834} INFO - Setting next_dagrun for latest_only_with_trigger to 2026-05-30 08:00:00+00:00, run_after=2026-05-30 12:00:00+00:00
[2026-05-30T13:24:52.036+0000] {processor.py:183} INFO - Processing /home/airflow/.local/lib/python3.8/site-packages/airflow/example_dags/example_latest_only_with_trigger.py took 0.092 seconds
[2026-05-30T13:25:22.331+0000] {processor.py:161} INFO - Started process (PID=11719) to work on /home/airflow/.local/lib/python3.8/site-packages/airflow/example_dags/example_latest_only_with_trigger.py
[2026-05-30T13:25:22.332+0000] {processor.py:830} INFO - Processing file /home/airflow/.local/lib/python3.8/site-packages/airflow/example_dags/example_latest_only_with_trigger.py for tasks to queue
[2026-05-30T13:25:22.334+0000] {logging_mixin.py:188} INFO - [2026-05-30T13:25:22.334+0000] {dagbag.py:540} INFO - Filling up the DagBag from /home/airflow/.local/lib/python3.8/site-packages/airflow/example_dags/example_latest_only_with_trigger.py
[2026-05-30T13:25:22.339+0000] {processor.py:840} INFO - DAG(s) 'latest_only_with_trigger' retrieved from /home/airflow/.local/lib/python3.8/site-packages/airflow/example_dags/example_latest_only_with_trigger.py
[2026-05-30T13:25:22.358+0000] {logging_mixin.py:188} INFO - [2026-05-30T13:25:22.358+0000] {dag.py:3047} INFO - Sync 1 DAGs
[2026-05-30T13:25:22.377+0000] {logging_mixin.py:188} INFO - [2026-05-30T13:25:22.376+0000] {dag.py:3834} INFO - Setting next_dagrun for latest_only_with_trigger to 2026-05-30 08:00:00+00:00, run_after=2026-05-30 12:00:00+00:00
[2026-05-30T13:25:22.398+0000] {processor.py:183} INFO - Processing /home/airflow/.local/lib/python3.8/site-packages/airflow/example_dags/example_latest_only_with_trigger.py took 0.070 seconds
[2026-05-30T13:25:52.544+0000] {processor.py:161} INFO - Started process (PID=11775) to work on /home/airflow/.local/lib/python3.8/site-packages/airflow/example_dags/example_latest_only_with_trigger.py
[2026-05-30T13:25:52.545+0000] {processor.py:830} INFO - Processing file /home/airflow/.local/lib/python3.8/site-packages/airflow/example_dags/example_latest_only_with_trigger.py for tasks to queue
[2026-05-30T13:25:52.547+0000] {logging_mixin.py:188} INFO - [2026-05-30T13:25:52.547+0000] {dagbag.py:540} INFO - Filling up the DagBag from /home/airflow/.local/lib/python3.8/site-packages/airflow/example_dags/example_latest_only_with_trigger.py
[2026-05-30T13:25:52.552+0000] {processor.py:840} INFO - DAG(s) 'latest_only_with_trigger' retrieved from /home/airflow/.local/lib/python3.8/site-packages/airflow/example_dags/example_latest_only_with_trigger.py
[2026-05-30T13:25:52.571+0000] {logging_mixin.py:188} INFO - [2026-05-30T13:25:52.571+0000] {dag.py:3047} INFO - Sync 1 DAGs
[2026-05-30T13:25:52.587+0000] {logging_mixin.py:188} INFO - [2026-05-30T13:25:52.587+0000] {dag.py:3834} INFO - Setting next_dagrun for latest_only_with_trigger to 2026-05-30 08:00:00+00:00, run_after=2026-05-30 12:00:00+00:00
[2026-05-30T13:25:52.609+0000] {processor.py:183} INFO - Processing /home/airflow/.local/lib/python3.8/site-packages/airflow/example_dags/example_latest_only_with_trigger.py took 0.068 seconds
[2026-05-30T13:26:23.135+0000] {processor.py:161} INFO - Started process (PID=11831) to work on /home/airflow/.local/lib/python3.8/site-packages/airflow/example_dags/example_latest_only_with_trigger.py
[2026-05-30T13:26:23.136+0000] {processor.py:830} INFO - Processing file /home/airflow/.local/lib/python3.8/site-packages/airflow/example_dags/example_latest_only_with_trigger.py for tasks to queue
[2026-05-30T13:26:23.137+0000] {logging_mixin.py:188} INFO - [2026-05-30T13:26:23.137+0000] {dagbag.py:540} INFO - Filling up the DagBag from /home/airflow/.local/lib/python3.8/site-packages/airflow/example_dags/example_latest_only_with_trigger.py
[2026-05-30T13:26:23.142+0000] {processor.py:840} INFO - DAG(s) 'latest_only_with_trigger' retrieved from /home/airflow/.local/lib/python3.8/site-packages/airflow/example_dags/example_latest_only_with_trigger.py
[2026-05-30T13:26:23.162+0000] {logging_mixin.py:188} INFO - [2026-05-30T13:26:23.162+0000] {dag.py:3047} INFO - Sync 1 DAGs
[2026-05-30T13:26:23.180+0000] {logging_mixin.py:188} INFO - [2026-05-30T13:26:23.180+0000] {dag.py:3834} INFO - Setting next_dagrun for latest_only_with_trigger to 2026-05-30 08:00:00+00:00, run_after=2026-05-30 12:00:00+00:00
[2026-05-30T13:26:23.198+0000] {processor.py:183} INFO - Processing /home/airflow/.local/lib/python3.8/site-packages/airflow/example_dags/example_latest_only_with_trigger.py took 0.066 seconds
[2026-05-30T13:26:53.425+0000] {processor.py:161} INFO - Started process (PID=11887) to work on /home/airflow/.local/lib/python3.8/site-packages/airflow/example_dags/example_latest_only_with_trigger.py
[2026-05-30T13:26:53.427+0000] {processor.py:830} INFO - Processing file /home/airflow/.local/lib/python3.8/site-packages/airflow/example_dags/example_latest_only_with_trigger.py for tasks to queue
[2026-05-30T13:26:53.429+0000] {logging_mixin.py:188} INFO - [2026-05-30T13:26:53.428+0000] {dagbag.py:540} INFO - Filling up the DagBag from /home/airflow/.local/lib/python3.8/site-packages/airflow/example_dags/example_latest_only_with_trigger.py
[2026-05-30T13:26:53.434+0000] {processor.py:840} INFO - DAG(s) 'latest_only_with_trigger' retrieved from /home/airflow/.local/lib/python3.8/site-packages/airflow/example_dags/example_latest_only_with_trigger.py
[2026-05-30T13:26:53.453+0000] {logging_mixin.py:188} INFO - [2026-05-30T13:26:53.453+0000] {dag.py:3047} INFO - Sync 1 DAGs
[2026-05-30T13:26:53.471+0000] {logging_mixin.py:188} INFO - [2026-05-30T13:26:53.470+0000] {dag.py:3834} INFO - Setting next_dagrun for latest_only_with_trigger to 2026-05-30 08:00:00+00:00, run_after=2026-05-30 12:00:00+00:00
[2026-05-30T13:26:53.489+0000] {processor.py:183} INFO - Processing /home/airflow/.local/lib/python3.8/site-packages/airflow/example_dags/example_latest_only_with_trigger.py took 0.066 seconds
[2026-05-30T13:27:23.842+0000] {processor.py:161} INFO - Started process (PID=11943) to work on /home/airflow/.local/lib/python3.8/site-packages/airflow/example_dags/example_latest_only_with_trigger.py
[2026-05-30T13:27:23.843+0000] {processor.py:830} INFO - Processing file /home/airflow/.local/lib/python3.8/site-packages/airflow/example_dags/example_latest_only_with_trigger.py for tasks to queue
[2026-05-30T13:27:23.845+0000] {logging_mixin.py:188} INFO - [2026-05-30T13:27:23.845+0000] {dagbag.py:540} INFO - Filling up the DagBag from /home/airflow/.local/lib/python3.8/site-packages/airflow/example_dags/example_latest_only_with_trigger.py
[2026-05-30T13:27:23.850+0000] {processor.py:840} INFO - DAG(s) 'latest_only_with_trigger' retrieved from /home/airflow/.local/lib/python3.8/site-packages/airflow/example_dags/example_latest_only_with_trigger.py
[2026-05-30T13:27:23.869+0000] {logging_mixin.py:188} INFO - [2026-05-30T13:27:23.868+0000] {dag.py:3047} INFO - Sync 1 DAGs
[2026-05-30T13:27:23.887+0000] {logging_mixin.py:188} INFO - [2026-05-30T13:27:23.887+0000] {dag.py:3834} INFO - Setting next_dagrun for latest_only_with_trigger to 2026-05-30 08:00:00+00:00, run_after=2026-05-30 12:00:00+00:00
[2026-05-30T13:27:23.909+0000] {processor.py:183} INFO - Processing /home/airflow/.local/lib/python3.8/site-packages/airflow/example_dags/example_latest_only_with_trigger.py took 0.070 seconds
[2026-05-30T13:27:54.170+0000] {processor.py:161} INFO - Started process (PID=11999) to work on /home/airflow/.local/lib/python3.8/site-packages/airflow/example_dags/example_latest_only_with_trigger.py
[2026-05-30T13:27:54.171+0000] {processor.py:830} INFO - Processing file /home/airflow/.local/lib/python3.8/site-packages/airflow/example_dags/example_latest_only_with_trigger.py for tasks to queue
[2026-05-30T13:27:54.173+0000] {logging_mixin.py:188} INFO - [2026-05-30T13:27:54.173+0000] {dagbag.py:540} INFO - Filling up the DagBag from /home/airflow/.local/lib/python3.8/site-packages/airflow/example_dags/example_latest_only_with_trigger.py
[2026-05-30T13:27:54.177+0000] {processor.py:840} INFO - DAG(s) 'latest_only_with_trigger' retrieved from /home/airflow/.local/lib/python3.8/site-packages/airflow/example_dags/example_latest_only_with_trigger.py
[2026-05-30T13:27:54.193+0000] {logging_mixin.py:188} INFO - [2026-05-30T13:27:54.192+0000] {dag.py:3047} INFO - Sync 1 DAGs
[2026-05-30T13:27:54.210+0000] {logging_mixin.py:188} INFO - [2026-05-30T13:27:54.209+0000] {dag.py:3834} INFO - Setting next_dagrun for latest_only_with_trigger to 2026-05-30 08:00:00+00:00, run_after=2026-05-30 12:00:00+00:00
[2026-05-30T13:27:54.227+0000] {processor.py:183} INFO - Processing /home/airflow/.local/lib/python3.8/site-packages/airflow/example_dags/example_latest_only_with_trigger.py took 0.059 seconds
[2026-05-30T13:28:24.522+0000] {processor.py:161} INFO - Started process (PID=12055) to work on /home/airflow/.local/lib/python3.8/site-packages/airflow/example_dags/example_latest_only_with_trigger.py
[2026-05-30T13:28:24.524+0000] {processor.py:830} INFO - Processing file /home/airflow/.local/lib/python3.8/site-packages/airflow/example_dags/example_latest_only_with_trigger.py for tasks to queue
[2026-05-30T13:28:24.526+0000] {logging_mixin.py:188} INFO - [2026-05-30T13:28:24.525+0000] {dagbag.py:540} INFO - Filling up the DagBag from /home/airflow/.local/lib/python3.8/site-packages/airflow/example_dags/example_latest_only_with_trigger.py
[2026-05-30T13:28:24.531+0000] {processor.py:840} INFO - DAG(s) 'latest_only_with_trigger' retrieved from /home/airflow/.local/lib/python3.8/site-packages/airflow/example_dags/example_latest_only_with_trigger.py
[2026-05-30T13:28:24.548+0000] {logging_mixin.py:188} INFO - [2026-05-30T13:28:24.548+0000] {dag.py:3047} INFO - Sync 1 DAGs
[2026-05-30T13:28:24.566+0000] {logging_mixin.py:188} INFO - [2026-05-30T13:28:24.566+0000] {dag.py:3834} INFO - Setting next_dagrun for latest_only_with_trigger to 2026-05-30 08:00:00+00:00, run_after=2026-05-30 12:00:00+00:00
[2026-05-30T13:28:24.583+0000] {processor.py:183} INFO - Processing /home/airflow/.local/lib/python3.8/site-packages/airflow/example_dags/example_latest_only_with_trigger.py took 0.064 seconds
[2026-05-30T13:28:54.911+0000] {processor.py:161} INFO - Started process (PID=12111) to work on /home/airflow/.local/lib/python3.8/site-packages/airflow/example_dags/example_latest_only_with_trigger.py
[2026-05-30T13:28:54.913+0000] {processor.py:830} INFO - Processing file /home/airflow/.local/lib/python3.8/site-packages/airflow/example_dags/example_latest_only_with_trigger.py for tasks to queue
[2026-05-30T13:28:54.916+0000] {logging_mixin.py:188} INFO - [2026-05-30T13:28:54.916+0000] {dagbag.py:540} INFO - Filling up the DagBag from /home/airflow/.local/lib/python3.8/site-packages/airflow/example_dags/example_latest_only_with_trigger.py
[2026-05-30T13:28:54.922+0000] {processor.py:840} INFO - DAG(s) 'latest_only_with_trigger' retrieved from /home/airflow/.local/lib/python3.8/site-packages/airflow/example_dags/example_latest_only_with_trigger.py
[2026-05-30T13:28:54.943+0000] {logging_mixin.py:188} INFO - [2026-05-30T13:28:54.942+0000] {dag.py:3047} INFO - Sync 1 DAGs
[2026-05-30T13:28:54.961+0000] {logging_mixin.py:188} INFO - [2026-05-30T13:28:54.961+0000] {dag.py:3834} INFO - Setting next_dagrun for latest_only_with_trigger to 2026-05-30 08:00:00+00:00, run_after=2026-05-30 12:00:00+00:00
[2026-05-30T13:28:54.979+0000] {processor.py:183} INFO - Processing /home/airflow/.local/lib/python3.8/site-packages/airflow/example_dags/example_latest_only_with_trigger.py took 0.071 seconds
[2026-05-30T13:29:25.723+0000] {processor.py:161} INFO - Started process (PID=12166) to work on /home/airflow/.local/lib/python3.8/site-packages/airflow/example_dags/example_latest_only_with_trigger.py
[2026-05-30T13:29:25.725+0000] {processor.py:830} INFO - Processing file /home/airflow/.local/lib/python3.8/site-packages/airflow/example_dags/example_latest_only_with_trigger.py for tasks to queue
[2026-05-30T13:29:25.728+0000] {logging_mixin.py:188} INFO - [2026-05-30T13:29:25.727+0000] {dagbag.py:540} INFO - Filling up the DagBag from /home/airflow/.local/lib/python3.8/site-packages/airflow/example_dags/example_latest_only_with_trigger.py
[2026-05-30T13:29:25.736+0000] {processor.py:840} INFO - DAG(s) 'latest_only_with_trigger' retrieved from /home/airflow/.local/lib/python3.8/site-packages/airflow/example_dags/example_latest_only_with_trigger.py
[2026-05-30T13:29:25.759+0000] {logging_mixin.py:188} INFO - [2026-05-30T13:29:25.759+0000] {dag.py:3047} INFO - Sync 1 DAGs
[2026-05-30T13:29:25.777+0000] {logging_mixin.py:188} INFO - [2026-05-30T13:29:25.777+0000] {dag.py:3834} INFO - Setting next_dagrun for latest_only_with_trigger to 2026-05-30 08:00:00+00:00, run_after=2026-05-30 12:00:00+00:00
[2026-05-30T13:29:25.795+0000] {processor.py:183} INFO - Processing /home/airflow/.local/lib/python3.8/site-packages/airflow/example_dags/example_latest_only_with_trigger.py took 0.075 seconds
[2026-05-30T13:29:56.103+0000] {processor.py:161} INFO - Started process (PID=12222) to work on /home/airflow/.local/lib/python3.8/site-packages/airflow/example_dags/example_latest_only_with_trigger.py
[2026-05-30T13:29:56.105+0000] {processor.py:830} INFO - Processing file /home/airflow/.local/lib/python3.8/site-packages/airflow/example_dags/example_latest_only_with_trigger.py for tasks to queue
[2026-05-30T13:29:56.106+0000] {logging_mixin.py:188} INFO - [2026-05-30T13:29:56.106+0000] {dagbag.py:540} INFO - Filling up the DagBag from /home/airflow/.local/lib/python3.8/site-packages/airflow/example_dags/example_latest_only_with_trigger.py
[2026-05-30T13:29:56.111+0000] {processor.py:840} INFO - DAG(s) 'latest_only_with_trigger' retrieved from /home/airflow/.local/lib/python3.8/site-packages/airflow/example_dags/example_latest_only_with_trigger.py
[2026-05-30T13:29:56.128+0000] {logging_mixin.py:188} INFO - [2026-05-30T13:29:56.127+0000] {dag.py:3047} INFO - Sync 1 DAGs
[2026-05-30T13:29:56.242+0000] {logging_mixin.py:188} INFO - [2026-05-30T13:29:56.241+0000] {dag.py:3834} INFO - Setting next_dagrun for latest_only_with_trigger to 2026-05-30 08:00:00+00:00, run_after=2026-05-30 12:00:00+00:00
[2026-05-30T13:29:56.258+0000] {processor.py:183} INFO - Processing /home/airflow/.local/lib/python3.8/site-packages/airflow/example_dags/example_latest_only_with_trigger.py took 0.158 seconds
[2026-05-30T13:30:26.475+0000] {processor.py:161} INFO - Started process (PID=12278) to work on /home/airflow/.local/lib/python3.8/site-packages/airflow/example_dags/example_latest_only_with_trigger.py
[2026-05-30T13:30:26.476+0000] {processor.py:830} INFO - Processing file /home/airflow/.local/lib/python3.8/site-packages/airflow/example_dags/example_latest_only_with_trigger.py for tasks to queue
[2026-05-30T13:30:26.478+0000] {logging_mixin.py:188} INFO - [2026-05-30T13:30:26.477+0000] {dagbag.py:540} INFO - Filling up the DagBag from /home/airflow/.local/lib/python3.8/site-packages/airflow/example_dags/example_latest_only_with_trigger.py
[2026-05-30T13:30:26.482+0000] {processor.py:840} INFO - DAG(s) 'latest_only_with_trigger' retrieved from /home/airflow/.local/lib/python3.8/site-packages/airflow/example_dags/example_latest_only_with_trigger.py
[2026-05-30T13:30:26.500+0000] {logging_mixin.py:188} INFO - [2026-05-30T13:30:26.499+0000] {dag.py:3047} INFO - Sync 1 DAGs
[2026-05-30T13:30:26.624+0000] {logging_mixin.py:188} INFO - [2026-05-30T13:30:26.624+0000] {dag.py:3834} INFO - Setting next_dagrun for latest_only_with_trigger to 2026-05-30 08:00:00+00:00, run_after=2026-05-30 12:00:00+00:00
[2026-05-30T13:30:26.639+0000] {processor.py:183} INFO - Processing /home/airflow/.local/lib/python3.8/site-packages/airflow/example_dags/example_latest_only_with_trigger.py took 0.167 seconds
[2026-05-30T13:30:56.946+0000] {processor.py:161} INFO - Started process (PID=12334) to work on /home/airflow/.local/lib/python3.8/site-packages/airflow/example_dags/example_latest_only_with_trigger.py
[2026-05-30T13:30:56.947+0000] {processor.py:830} INFO - Processing file /home/airflow/.local/lib/python3.8/site-packages/airflow/example_dags/example_latest_only_with_trigger.py for tasks to queue
[2026-05-30T13:30:56.949+0000] {logging_mixin.py:188} INFO - [2026-05-30T13:30:56.948+0000] {dagbag.py:540} INFO - Filling up the DagBag from /home/airflow/.local/lib/python3.8/site-packages/airflow/example_dags/example_latest_only_with_trigger.py
[2026-05-30T13:30:56.953+0000] {processor.py:840} INFO - DAG(s) 'latest_only_with_trigger' retrieved from /home/airflow/.local/lib/python3.8/site-packages/airflow/example_dags/example_latest_only_with_trigger.py
[2026-05-30T13:30:56.972+0000] {logging_mixin.py:188} INFO - [2026-05-30T13:30:56.972+0000] {dag.py:3047} INFO - Sync 1 DAGs
[2026-05-30T13:30:57.085+0000] {logging_mixin.py:188} INFO - [2026-05-30T13:30:57.085+0000] {dag.py:3834} INFO - Setting next_dagrun for latest_only_with_trigger to 2026-05-30 08:00:00+00:00, run_after=2026-05-30 12:00:00+00:00
[2026-05-30T13:30:57.101+0000] {processor.py:183} INFO - Processing /home/airflow/.local/lib/python3.8/site-packages/airflow/example_dags/example_latest_only_with_trigger.py took 0.159 seconds
[2026-05-30T13:31:27.611+0000] {processor.py:161} INFO - Started process (PID=12390) to work on /home/airflow/.local/lib/python3.8/site-packages/airflow/example_dags/example_latest_only_with_trigger.py
[2026-05-30T13:31:27.613+0000] {processor.py:830} INFO - Processing file /home/airflow/.local/lib/python3.8/site-packages/airflow/example_dags/example_latest_only_with_trigger.py for tasks to queue
[2026-05-30T13:31:27.616+0000] {logging_mixin.py:188} INFO - [2026-05-30T13:31:27.615+0000] {dagbag.py:540} INFO - Filling up the DagBag from /home/airflow/.local/lib/python3.8/site-packages/airflow/example_dags/example_latest_only_with_trigger.py
[2026-05-30T13:31:27.622+0000] {processor.py:840} INFO - DAG(s) 'latest_only_with_trigger' retrieved from /home/airflow/.local/lib/python3.8/site-packages/airflow/example_dags/example_latest_only_with_trigger.py
[2026-05-30T13:31:27.641+0000] {logging_mixin.py:188} INFO - [2026-05-30T13:31:27.641+0000] {dag.py:3047} INFO - Sync 1 DAGs
[2026-05-30T13:31:27.657+0000] {logging_mixin.py:188} INFO - [2026-05-30T13:31:27.657+0000] {dag.py:3834} INFO - Setting next_dagrun for latest_only_with_trigger to 2026-05-30 08:00:00+00:00, run_after=2026-05-30 12:00:00+00:00
[2026-05-30T13:31:27.673+0000] {processor.py:183} INFO - Processing /home/airflow/.local/lib/python3.8/site-packages/airflow/example_dags/example_latest_only_with_trigger.py took 0.065 seconds
[2026-05-30T13:31:58.136+0000] {processor.py:161} INFO - Started process (PID=12446) to work on /home/airflow/.local/lib/python3.8/site-packages/airflow/example_dags/example_latest_only_with_trigger.py
[2026-05-30T13:31:58.138+0000] {processor.py:830} INFO - Processing file /home/airflow/.local/lib/python3.8/site-packages/airflow/example_dags/example_latest_only_with_trigger.py for tasks to queue
[2026-05-30T13:31:58.140+0000] {logging_mixin.py:188} INFO - [2026-05-30T13:31:58.139+0000] {dagbag.py:540} INFO - Filling up the DagBag from /home/airflow/.local/lib/python3.8/site-packages/airflow/example_dags/example_latest_only_with_trigger.py
[2026-05-30T13:31:58.144+0000] {processor.py:840} INFO - DAG(s) 'latest_only_with_trigger' retrieved from /home/airflow/.local/lib/python3.8/site-packages/airflow/example_dags/example_latest_only_with_trigger.py
[2026-05-30T13:31:58.161+0000] {logging_mixin.py:188} INFO - [2026-05-30T13:31:58.161+0000] {dag.py:3047} INFO - Sync 1 DAGs
[2026-05-30T13:31:58.176+0000] {logging_mixin.py:188} INFO - [2026-05-30T13:31:58.176+0000] {dag.py:3834} INFO - Setting next_dagrun for latest_only_with_trigger to 2026-05-30 08:00:00+00:00, run_after=2026-05-30 12:00:00+00:00
[2026-05-30T13:31:58.193+0000] {processor.py:183} INFO - Processing /home/airflow/.local/lib/python3.8/site-packages/airflow/example_dags/example_latest_only_with_trigger.py took 0.059 seconds
[2026-05-30T13:32:28.730+0000] {processor.py:161} INFO - Started process (PID=12502) to work on /home/airflow/.local/lib/python3.8/site-packages/airflow/example_dags/example_latest_only_with_trigger.py
[2026-05-30T13:32:28.731+0000] {processor.py:830} INFO - Processing file /home/airflow/.local/lib/python3.8/site-packages/airflow/example_dags/example_latest_only_with_trigger.py for tasks to queue
[2026-05-30T13:32:28.733+0000] {logging_mixin.py:188} INFO - [2026-05-30T13:32:28.733+0000] {dagbag.py:540} INFO - Filling up the DagBag from /home/airflow/.local/lib/python3.8/site-packages/airflow/example_dags/example_latest_only_with_trigger.py
[2026-05-30T13:32:28.738+0000] {processor.py:840} INFO - DAG(s) 'latest_only_with_trigger' retrieved from /home/airflow/.local/lib/python3.8/site-packages/airflow/example_dags/example_latest_only_with_trigger.py
[2026-05-30T13:32:28.758+0000] {logging_mixin.py:188} INFO - [2026-05-30T13:32:28.758+0000] {dag.py:3047} INFO - Sync 1 DAGs
[2026-05-30T13:32:28.776+0000] {logging_mixin.py:188} INFO - [2026-05-30T13:32:28.776+0000] {dag.py:3834} INFO - Setting next_dagrun for latest_only_with_trigger to 2026-05-30 08:00:00+00:00, run_after=2026-05-30 12:00:00+00:00
[2026-05-30T13:32:28.794+0000] {processor.py:183} INFO - Processing /home/airflow/.local/lib/python3.8/site-packages/airflow/example_dags/example_latest_only_with_trigger.py took 0.067 seconds
[2026-05-30T13:32:59.410+0000] {processor.py:161} INFO - Started process (PID=12558) to work on /home/airflow/.local/lib/python3.8/site-packages/airflow/example_dags/example_latest_only_with_trigger.py
[2026-05-30T13:32:59.412+0000] {processor.py:830} INFO - Processing file /home/airflow/.local/lib/python3.8/site-packages/airflow/example_dags/example_latest_only_with_trigger.py for tasks to queue
[2026-05-30T13:32:59.414+0000] {logging_mixin.py:188} INFO - [2026-05-30T13:32:59.413+0000] {dagbag.py:540} INFO - Filling up the DagBag from /home/airflow/.local/lib/python3.8/site-packages/airflow/example_dags/example_latest_only_with_trigger.py
[2026-05-30T13:32:59.419+0000] {processor.py:840} INFO - DAG(s) 'latest_only_with_trigger' retrieved from /home/airflow/.local/lib/python3.8/site-packages/airflow/example_dags/example_latest_only_with_trigger.py
[2026-05-30T13:32:59.439+0000] {logging_mixin.py:188} INFO - [2026-05-30T13:32:59.439+0000] {dag.py:3047} INFO - Sync 1 DAGs
[2026-05-30T13:32:59.455+0000] {logging_mixin.py:188} INFO - [2026-05-30T13:32:59.455+0000] {dag.py:3834} INFO - Setting next_dagrun for latest_only_with_trigger to 2026-05-30 08:00:00+00:00, run_after=2026-05-30 12:00:00+00:00
[2026-05-30T13:32:59.469+0000] {processor.py:183} INFO - Processing /home/airflow/.local/lib/python3.8/site-packages/airflow/example_dags/example_latest_only_with_trigger.py took 0.062 seconds
[2026-05-30T13:33:29.821+0000] {processor.py:161} INFO - Started process (PID=12614) to work on /home/airflow/.local/lib/python3.8/site-packages/airflow/example_dags/example_latest_only_with_trigger.py
[2026-05-30T13:33:29.824+0000] {processor.py:830} INFO - Processing file /home/airflow/.local/lib/python3.8/site-packages/airflow/example_dags/example_latest_only_with_trigger.py for tasks to queue
[2026-05-30T13:33:29.827+0000] {logging_mixin.py:188} INFO - [2026-05-30T13:33:29.826+0000] {dagbag.py:540} INFO - Filling up the DagBag from /home/airflow/.local/lib/python3.8/site-packages/airflow/example_dags/example_latest_only_with_trigger.py
[2026-05-30T13:33:29.836+0000] {processor.py:840} INFO - DAG(s) 'latest_only_with_trigger' retrieved from /home/airflow/.local/lib/python3.8/site-packages/airflow/example_dags/example_latest_only_with_trigger.py
[2026-05-30T13:33:29.859+0000] {logging_mixin.py:188} INFO - [2026-05-30T13:33:29.859+0000] {dag.py:3047} INFO - Sync 1 DAGs
[2026-05-30T13:33:29.882+0000] {logging_mixin.py:188} INFO - [2026-05-30T13:33:29.881+0000] {dag.py:3834} INFO - Setting next_dagrun for latest_only_with_trigger to 2026-05-30 08:00:00+00:00, run_after=2026-05-30 12:00:00+00:00
[2026-05-30T13:33:29.902+0000] {processor.py:183} INFO - Processing /home/airflow/.local/lib/python3.8/site-packages/airflow/example_dags/example_latest_only_with_trigger.py took 0.085 seconds
[2026-05-30T13:34:00.283+0000] {processor.py:161} INFO - Started process (PID=12670) to work on /home/airflow/.local/lib/python3.8/site-packages/airflow/example_dags/example_latest_only_with_trigger.py
[2026-05-30T13:34:00.285+0000] {processor.py:830} INFO - Processing file /home/airflow/.local/lib/python3.8/site-packages/airflow/example_dags/example_latest_only_with_trigger.py for tasks to queue
[2026-05-30T13:34:00.287+0000] {logging_mixin.py:188} INFO - [2026-05-30T13:34:00.287+0000] {dagbag.py:540} INFO - Filling up the DagBag from /home/airflow/.local/lib/python3.8/site-packages/airflow/example_dags/example_latest_only_with_trigger.py
[2026-05-30T13:34:00.294+0000] {processor.py:840} INFO - DAG(s) 'latest_only_with_trigger' retrieved from /home/airflow/.local/lib/python3.8/site-packages/airflow/example_dags/example_latest_only_with_trigger.py
[2026-05-30T13:34:00.315+0000] {logging_mixin.py:188} INFO - [2026-05-30T13:34:00.315+0000] {dag.py:3047} INFO - Sync 1 DAGs
[2026-05-30T13:34:00.338+0000] {logging_mixin.py:188} INFO - [2026-05-30T13:34:00.337+0000] {dag.py:3834} INFO - Setting next_dagrun for latest_only_with_trigger to 2026-05-30 08:00:00+00:00, run_after=2026-05-30 12:00:00+00:00
[2026-05-30T13:34:00.359+0000] {processor.py:183} INFO - Processing /home/airflow/.local/lib/python3.8/site-packages/airflow/example_dags/example_latest_only_with_trigger.py took 0.079 seconds
[2026-05-30T13:34:30.922+0000] {processor.py:161} INFO - Started process (PID=12726) to work on /home/airflow/.local/lib/python3.8/site-packages/airflow/example_dags/example_latest_only_with_trigger.py
[2026-05-30T13:34:30.923+0000] {processor.py:830} INFO - Processing file /home/airflow/.local/lib/python3.8/site-packages/airflow/example_dags/example_latest_only_with_trigger.py for tasks to queue
[2026-05-30T13:34:30.925+0000] {logging_mixin.py:188} INFO - [2026-05-30T13:34:30.925+0000] {dagbag.py:540} INFO - Filling up the DagBag from /home/airflow/.local/lib/python3.8/site-packages/airflow/example_dags/example_latest_only_with_trigger.py
[2026-05-30T13:34:30.930+0000] {processor.py:840} INFO - DAG(s) 'latest_only_with_trigger' retrieved from /home/airflow/.local/lib/python3.8/site-packages/airflow/example_dags/example_latest_only_with_trigger.py
[2026-05-30T13:34:30.946+0000] {logging_mixin.py:188} INFO - [2026-05-30T13:34:30.946+0000] {dag.py:3047} INFO - Sync 1 DAGs
[2026-05-30T13:34:30.962+0000] {logging_mixin.py:188} INFO - [2026-05-30T13:34:30.962+0000] {dag.py:3834} INFO - Setting next_dagrun for latest_only_with_trigger to 2026-05-30 08:00:00+00:00, run_after=2026-05-30 12:00:00+00:00
[2026-05-30T13:34:30.982+0000] {processor.py:183} INFO - Processing /home/airflow/.local/lib/python3.8/site-packages/airflow/example_dags/example_latest_only_with_trigger.py took 0.063 seconds
[2026-05-30T13:35:01.445+0000] {processor.py:161} INFO - Started process (PID=12782) to work on /home/airflow/.local/lib/python3.8/site-packages/airflow/example_dags/example_latest_only_with_trigger.py
[2026-05-30T13:35:01.447+0000] {processor.py:830} INFO - Processing file /home/airflow/.local/lib/python3.8/site-packages/airflow/example_dags/example_latest_only_with_trigger.py for tasks to queue
[2026-05-30T13:35:01.449+0000] {logging_mixin.py:188} INFO - [2026-05-30T13:35:01.449+0000] {dagbag.py:540} INFO - Filling up the DagBag from /home/airflow/.local/lib/python3.8/site-packages/airflow/example_dags/example_latest_only_with_trigger.py
[2026-05-30T13:35:01.456+0000] {processor.py:840} INFO - DAG(s) 'latest_only_with_trigger' retrieved from /home/airflow/.local/lib/python3.8/site-packages/airflow/example_dags/example_latest_only_with_trigger.py
[2026-05-30T13:35:01.479+0000] {logging_mixin.py:188} INFO - [2026-05-30T13:35:01.479+0000] {dag.py:3047} INFO - Sync 1 DAGs
[2026-05-30T13:35:01.500+0000] {logging_mixin.py:188} INFO - [2026-05-30T13:35:01.500+0000] {dag.py:3834} INFO - Setting next_dagrun for latest_only_with_trigger to 2026-05-30 08:00:00+00:00, run_after=2026-05-30 12:00:00+00:00
[2026-05-30T13:35:01.523+0000] {processor.py:183} INFO - Processing /home/airflow/.local/lib/python3.8/site-packages/airflow/example_dags/example_latest_only_with_trigger.py took 0.082 seconds
[2026-05-30T13:35:32.021+0000] {processor.py:161} INFO - Started process (PID=12838) to work on /home/airflow/.local/lib/python3.8/site-packages/airflow/example_dags/example_latest_only_with_trigger.py
[2026-05-30T13:35:32.022+0000] {processor.py:830} INFO - Processing file /home/airflow/.local/lib/python3.8/site-packages/airflow/example_dags/example_latest_only_with_trigger.py for tasks to queue
[2026-05-30T13:35:32.024+0000] {logging_mixin.py:188} INFO - [2026-05-30T13:35:32.024+0000] {dagbag.py:540} INFO - Filling up the DagBag from /home/airflow/.local/lib/python3.8/site-packages/airflow/example_dags/example_latest_only_with_trigger.py
[2026-05-30T13:35:32.029+0000] {processor.py:840} INFO - DAG(s) 'latest_only_with_trigger' retrieved from /home/airflow/.local/lib/python3.8/site-packages/airflow/example_dags/example_latest_only_with_trigger.py
[2026-05-30T13:35:32.047+0000] {logging_mixin.py:188} INFO - [2026-05-30T13:35:32.047+0000] {dag.py:3047} INFO - Sync 1 DAGs
[2026-05-30T13:35:32.064+0000] {logging_mixin.py:188} INFO - [2026-05-30T13:35:32.064+0000] {dag.py:3834} INFO - Setting next_dagrun for latest_only_with_trigger to 2026-05-30 08:00:00+00:00, run_after=2026-05-30 12:00:00+00:00
[2026-05-30T13:35:32.080+0000] {processor.py:183} INFO - Processing /home/airflow/.local/lib/python3.8/site-packages/airflow/example_dags/example_latest_only_with_trigger.py took 0.062 seconds
[2026-05-30T13:36:02.597+0000] {processor.py:161} INFO - Started process (PID=12893) to work on /home/airflow/.local/lib/python3.8/site-packages/airflow/example_dags/example_latest_only_with_trigger.py
[2026-05-30T13:36:02.598+0000] {processor.py:830} INFO - Processing file /home/airflow/.local/lib/python3.8/site-packages/airflow/example_dags/example_latest_only_with_trigger.py for tasks to queue
[2026-05-30T13:36:02.601+0000] {logging_mixin.py:188} INFO - [2026-05-30T13:36:02.600+0000] {dagbag.py:540} INFO - Filling up the DagBag from /home/airflow/.local/lib/python3.8/site-packages/airflow/example_dags/example_latest_only_with_trigger.py
[2026-05-30T13:36:02.605+0000] {processor.py:840} INFO - DAG(s) 'latest_only_with_trigger' retrieved from /home/airflow/.local/lib/python3.8/site-packages/airflow/example_dags/example_latest_only_with_trigger.py
[2026-05-30T13:36:02.625+0000] {logging_mixin.py:188} INFO - [2026-05-30T13:36:02.625+0000] {dag.py:3047} INFO - Sync 1 DAGs
[2026-05-30T13:36:02.644+0000] {logging_mixin.py:188} INFO - [2026-05-30T13:36:02.644+0000] {dag.py:3834} INFO - Setting next_dagrun for latest_only_with_trigger to 2026-05-30 08:00:00+00:00, run_after=2026-05-30 12:00:00+00:00
[2026-05-30T13:36:02.663+0000] {processor.py:183} INFO - Processing /home/airflow/.local/lib/python3.8/site-packages/airflow/example_dags/example_latest_only_with_trigger.py took 0.069 seconds
[2026-05-30T13:36:33.074+0000] {processor.py:161} INFO - Started process (PID=12949) to work on /home/airflow/.local/lib/python3.8/site-packages/airflow/example_dags/example_latest_only_with_trigger.py
[2026-05-30T13:36:33.075+0000] {processor.py:830} INFO - Processing file /home/airflow/.local/lib/python3.8/site-packages/airflow/example_dags/example_latest_only_with_trigger.py for tasks to queue
[2026-05-30T13:36:33.077+0000] {logging_mixin.py:188} INFO - [2026-05-30T13:36:33.077+0000] {dagbag.py:540} INFO - Filling up the DagBag from /home/airflow/.local/lib/python3.8/site-packages/airflow/example_dags/example_latest_only_with_trigger.py
[2026-05-30T13:36:33.082+0000] {processor.py:840} INFO - DAG(s) 'latest_only_with_trigger' retrieved from /home/airflow/.local/lib/python3.8/site-packages/airflow/example_dags/example_latest_only_with_trigger.py
[2026-05-30T13:36:33.104+0000] {logging_mixin.py:188} INFO - [2026-05-30T13:36:33.104+0000] {dag.py:3047} INFO - Sync 1 DAGs
[2026-05-30T13:36:33.119+0000] {logging_mixin.py:188} INFO - [2026-05-30T13:36:33.119+0000] {dag.py:3834} INFO - Setting next_dagrun for latest_only_with_trigger to 2026-05-30 08:00:00+00:00, run_after=2026-05-30 12:00:00+00:00
[2026-05-30T13:36:33.137+0000] {processor.py:183} INFO - Processing /home/airflow/.local/lib/python3.8/site-packages/airflow/example_dags/example_latest_only_with_trigger.py took 0.066 seconds
[2026-05-30T13:37:04.341+0000] {processor.py:161} INFO - Started process (PID=13006) to work on /home/airflow/.local/lib/python3.8/site-packages/airflow/example_dags/example_latest_only_with_trigger.py
[2026-05-30T13:37:04.343+0000] {processor.py:830} INFO - Processing file /home/airflow/.local/lib/python3.8/site-packages/airflow/example_dags/example_latest_only_with_trigger.py for tasks to queue
[2026-05-30T13:37:04.345+0000] {logging_mixin.py:188} INFO - [2026-05-30T13:37:04.345+0000] {dagbag.py:540} INFO - Filling up the DagBag from /home/airflow/.local/lib/python3.8/site-packages/airflow/example_dags/example_latest_only_with_trigger.py
[2026-05-30T13:37:04.350+0000] {processor.py:840} INFO - DAG(s) 'latest_only_with_trigger' retrieved from /home/airflow/.local/lib/python3.8/site-packages/airflow/example_dags/example_latest_only_with_trigger.py
[2026-05-30T13:37:04.371+0000] {logging_mixin.py:188} INFO - [2026-05-30T13:37:04.371+0000] {dag.py:3047} INFO - Sync 1 DAGs
[2026-05-30T13:37:04.392+0000] {logging_mixin.py:188} INFO - [2026-05-30T13:37:04.392+0000] {dag.py:3834} INFO - Setting next_dagrun for latest_only_with_trigger to 2026-05-30 08:00:00+00:00, run_after=2026-05-30 12:00:00+00:00
[2026-05-30T13:37:04.429+0000] {processor.py:183} INFO - Processing /home/airflow/.local/lib/python3.8/site-packages/airflow/example_dags/example_latest_only_with_trigger.py took 0.091 seconds
[2026-05-30T13:37:34.822+0000] {processor.py:161} INFO - Started process (PID=13062) to work on /home/airflow/.local/lib/python3.8/site-packages/airflow/example_dags/example_latest_only_with_trigger.py
[2026-05-30T13:37:34.823+0000] {processor.py:830} INFO - Processing file /home/airflow/.local/lib/python3.8/site-packages/airflow/example_dags/example_latest_only_with_trigger.py for tasks to queue
[2026-05-30T13:37:34.825+0000] {logging_mixin.py:188} INFO - [2026-05-30T13:37:34.825+0000] {dagbag.py:540} INFO - Filling up the DagBag from /home/airflow/.local/lib/python3.8/site-packages/airflow/example_dags/example_latest_only_with_trigger.py
[2026-05-30T13:37:34.830+0000] {processor.py:840} INFO - DAG(s) 'latest_only_with_trigger' retrieved from /home/airflow/.local/lib/python3.8/site-packages/airflow/example_dags/example_latest_only_with_trigger.py
[2026-05-30T13:37:34.852+0000] {logging_mixin.py:188} INFO - [2026-05-30T13:37:34.852+0000] {dag.py:3047} INFO - Sync 1 DAGs
[2026-05-30T13:37:34.872+0000] {logging_mixin.py:188} INFO - [2026-05-30T13:37:34.872+0000] {dag.py:3834} INFO - Setting next_dagrun for latest_only_with_trigger to 2026-05-30 08:00:00+00:00, run_after=2026-05-30 12:00:00+00:00
[2026-05-30T13:37:34.892+0000] {processor.py:183} INFO - Processing /home/airflow/.local/lib/python3.8/site-packages/airflow/example_dags/example_latest_only_with_trigger.py took 0.073 seconds
[2026-05-30T13:38:05.199+0000] {processor.py:161} INFO - Started process (PID=13118) to work on /home/airflow/.local/lib/python3.8/site-packages/airflow/example_dags/example_latest_only_with_trigger.py
[2026-05-30T13:38:05.200+0000] {processor.py:830} INFO - Processing file /home/airflow/.local/lib/python3.8/site-packages/airflow/example_dags/example_latest_only_with_trigger.py for tasks to queue
[2026-05-30T13:38:05.201+0000] {logging_mixin.py:188} INFO - [2026-05-30T13:38:05.201+0000] {dagbag.py:540} INFO - Filling up the DagBag from /home/airflow/.local/lib/python3.8/site-packages/airflow/example_dags/example_latest_only_with_trigger.py
[2026-05-30T13:38:05.206+0000] {processor.py:840} INFO - DAG(s) 'latest_only_with_trigger' retrieved from /home/airflow/.local/lib/python3.8/site-packages/airflow/example_dags/example_latest_only_with_trigger.py
[2026-05-30T13:38:05.227+0000] {logging_mixin.py:188} INFO - [2026-05-30T13:38:05.227+0000] {dag.py:3047} INFO - Sync 1 DAGs
[2026-05-30T13:38:05.247+0000] {logging_mixin.py:188} INFO - [2026-05-30T13:38:05.247+0000] {dag.py:3834} INFO - Setting next_dagrun for latest_only_with_trigger to 2026-05-30 08:00:00+00:00, run_after=2026-05-30 12:00:00+00:00
[2026-05-30T13:38:05.267+0000] {processor.py:183} INFO - Processing /home/airflow/.local/lib/python3.8/site-packages/airflow/example_dags/example_latest_only_with_trigger.py took 0.071 seconds
[2026-05-30T13:38:35.772+0000] {processor.py:161} INFO - Started process (PID=13174) to work on /home/airflow/.local/lib/python3.8/site-packages/airflow/example_dags/example_latest_only_with_trigger.py
[2026-05-30T13:38:35.773+0000] {processor.py:830} INFO - Processing file /home/airflow/.local/lib/python3.8/site-packages/airflow/example_dags/example_latest_only_with_trigger.py for tasks to queue
[2026-05-30T13:38:35.775+0000] {logging_mixin.py:188} INFO - [2026-05-30T13:38:35.775+0000] {dagbag.py:540} INFO - Filling up the DagBag from /home/airflow/.local/lib/python3.8/site-packages/airflow/example_dags/example_latest_only_with_trigger.py
[2026-05-30T13:38:35.780+0000] {processor.py:840} INFO - DAG(s) 'latest_only_with_trigger' retrieved from /home/airflow/.local/lib/python3.8/site-packages/airflow/example_dags/example_latest_only_with_trigger.py
[2026-05-30T13:38:35.800+0000] {logging_mixin.py:188} INFO - [2026-05-30T13:38:35.799+0000] {dag.py:3047} INFO - Sync 1 DAGs
[2026-05-30T13:38:35.821+0000] {logging_mixin.py:188} INFO - [2026-05-30T13:38:35.821+0000] {dag.py:3834} INFO - Setting next_dagrun for latest_only_with_trigger to 2026-05-30 08:00:00+00:00, run_after=2026-05-30 12:00:00+00:00
[2026-05-30T13:38:35.839+0000] {processor.py:183} INFO - Processing /home/airflow/.local/lib/python3.8/site-packages/airflow/example_dags/example_latest_only_with_trigger.py took 0.070 seconds
