[2026-05-30T10:16:32.084+0000] {processor.py:161} INFO - Started process (PID=73) to work on /home/airflow/.local/lib/python3.8/site-packages/airflow/example_dags/tutorial_dag.py
[2026-05-30T10:16:32.089+0000] {processor.py:830} INFO - Processing file /home/airflow/.local/lib/python3.8/site-packages/airflow/example_dags/tutorial_dag.py for tasks to queue
[2026-05-30T10:16:32.095+0000] {logging_mixin.py:188} INFO - [2026-05-30T10:16:32.094+0000] {dagbag.py:540} INFO - Filling up the DagBag from /home/airflow/.local/lib/python3.8/site-packages/airflow/example_dags/tutorial_dag.py
[2026-05-30T10:16:32.114+0000] {processor.py:840} INFO - DAG(s) 'tutorial_dag' retrieved from /home/airflow/.local/lib/python3.8/site-packages/airflow/example_dags/tutorial_dag.py
[2026-05-30T10:16:32.195+0000] {logging_mixin.py:188} INFO - [2026-05-30T10:16:32.195+0000] {dag.py:3047} INFO - Sync 1 DAGs
[2026-05-30T10:16:32.232+0000] {logging_mixin.py:188} INFO - [2026-05-30T10:16:32.231+0000] {dag.py:3834} INFO - Setting next_dagrun for tutorial_dag to None, run_after=None
[2026-05-30T10:16:32.293+0000] {processor.py:183} INFO - Processing /home/airflow/.local/lib/python3.8/site-packages/airflow/example_dags/tutorial_dag.py took 0.221 seconds
[2026-05-30T10:17:02.905+0000] {processor.py:161} INFO - Started process (PID=128) to work on /home/airflow/.local/lib/python3.8/site-packages/airflow/example_dags/tutorial_dag.py
[2026-05-30T10:17:02.907+0000] {processor.py:830} INFO - Processing file /home/airflow/.local/lib/python3.8/site-packages/airflow/example_dags/tutorial_dag.py for tasks to queue
[2026-05-30T10:17:02.909+0000] {logging_mixin.py:188} INFO - [2026-05-30T10:17:02.909+0000] {dagbag.py:540} INFO - Filling up the DagBag from /home/airflow/.local/lib/python3.8/site-packages/airflow/example_dags/tutorial_dag.py
[2026-05-30T10:17:02.915+0000] {processor.py:840} INFO - DAG(s) 'tutorial_dag' retrieved from /home/airflow/.local/lib/python3.8/site-packages/airflow/example_dags/tutorial_dag.py
[2026-05-30T10:17:02.938+0000] {logging_mixin.py:188} INFO - [2026-05-30T10:17:02.938+0000] {dag.py:3047} INFO - Sync 1 DAGs
[2026-05-30T10:17:02.949+0000] {logging_mixin.py:188} INFO - [2026-05-30T10:17:02.949+0000] {dag.py:3834} INFO - Setting next_dagrun for tutorial_dag to None, run_after=None
[2026-05-30T10:17:02.971+0000] {processor.py:183} INFO - Processing /home/airflow/.local/lib/python3.8/site-packages/airflow/example_dags/tutorial_dag.py took 0.068 seconds
[2026-05-30T10:17:33.321+0000] {processor.py:161} INFO - Started process (PID=183) to work on /home/airflow/.local/lib/python3.8/site-packages/airflow/example_dags/tutorial_dag.py
[2026-05-30T10:17:33.323+0000] {processor.py:830} INFO - Processing file /home/airflow/.local/lib/python3.8/site-packages/airflow/example_dags/tutorial_dag.py for tasks to queue
[2026-05-30T10:17:33.325+0000] {logging_mixin.py:188} INFO - [2026-05-30T10:17:33.324+0000] {dagbag.py:540} INFO - Filling up the DagBag from /home/airflow/.local/lib/python3.8/site-packages/airflow/example_dags/tutorial_dag.py
[2026-05-30T10:17:33.330+0000] {processor.py:840} INFO - DAG(s) 'tutorial_dag' retrieved from /home/airflow/.local/lib/python3.8/site-packages/airflow/example_dags/tutorial_dag.py
[2026-05-30T10:17:33.347+0000] {logging_mixin.py:188} INFO - [2026-05-30T10:17:33.346+0000] {dag.py:3047} INFO - Sync 1 DAGs
[2026-05-30T10:17:33.358+0000] {logging_mixin.py:188} INFO - [2026-05-30T10:17:33.358+0000] {dag.py:3834} INFO - Setting next_dagrun for tutorial_dag to None, run_after=None
[2026-05-30T10:17:33.379+0000] {processor.py:183} INFO - Processing /home/airflow/.local/lib/python3.8/site-packages/airflow/example_dags/tutorial_dag.py took 0.060 seconds
[2026-05-30T10:18:03.666+0000] {processor.py:161} INFO - Started process (PID=238) to work on /home/airflow/.local/lib/python3.8/site-packages/airflow/example_dags/tutorial_dag.py
[2026-05-30T10:18:03.669+0000] {processor.py:830} INFO - Processing file /home/airflow/.local/lib/python3.8/site-packages/airflow/example_dags/tutorial_dag.py for tasks to queue
[2026-05-30T10:18:03.672+0000] {logging_mixin.py:188} INFO - [2026-05-30T10:18:03.671+0000] {dagbag.py:540} INFO - Filling up the DagBag from /home/airflow/.local/lib/python3.8/site-packages/airflow/example_dags/tutorial_dag.py
[2026-05-30T10:18:03.679+0000] {processor.py:840} INFO - DAG(s) 'tutorial_dag' retrieved from /home/airflow/.local/lib/python3.8/site-packages/airflow/example_dags/tutorial_dag.py
[2026-05-30T10:18:03.701+0000] {logging_mixin.py:188} INFO - [2026-05-30T10:18:03.701+0000] {dag.py:3047} INFO - Sync 1 DAGs
[2026-05-30T10:18:03.713+0000] {logging_mixin.py:188} INFO - [2026-05-30T10:18:03.713+0000] {dag.py:3834} INFO - Setting next_dagrun for tutorial_dag to None, run_after=None
[2026-05-30T10:18:03.738+0000] {processor.py:183} INFO - Processing /home/airflow/.local/lib/python3.8/site-packages/airflow/example_dags/tutorial_dag.py took 0.076 seconds
[2026-05-30T10:18:34.721+0000] {processor.py:161} INFO - Started process (PID=293) to work on /home/airflow/.local/lib/python3.8/site-packages/airflow/example_dags/tutorial_dag.py
[2026-05-30T10:18:34.723+0000] {processor.py:830} INFO - Processing file /home/airflow/.local/lib/python3.8/site-packages/airflow/example_dags/tutorial_dag.py for tasks to queue
[2026-05-30T10:18:34.725+0000] {logging_mixin.py:188} INFO - [2026-05-30T10:18:34.725+0000] {dagbag.py:540} INFO - Filling up the DagBag from /home/airflow/.local/lib/python3.8/site-packages/airflow/example_dags/tutorial_dag.py
[2026-05-30T10:18:34.736+0000] {processor.py:840} INFO - DAG(s) 'tutorial_dag' retrieved from /home/airflow/.local/lib/python3.8/site-packages/airflow/example_dags/tutorial_dag.py
[2026-05-30T10:18:34.766+0000] {logging_mixin.py:188} INFO - [2026-05-30T10:18:34.765+0000] {dag.py:3047} INFO - Sync 1 DAGs
[2026-05-30T10:18:34.780+0000] {logging_mixin.py:188} INFO - [2026-05-30T10:18:34.780+0000] {dag.py:3834} INFO - Setting next_dagrun for tutorial_dag to None, run_after=None
[2026-05-30T10:18:34.809+0000] {processor.py:183} INFO - Processing /home/airflow/.local/lib/python3.8/site-packages/airflow/example_dags/tutorial_dag.py took 0.091 seconds
[2026-05-30T10:19:05.543+0000] {processor.py:161} INFO - Started process (PID=348) to work on /home/airflow/.local/lib/python3.8/site-packages/airflow/example_dags/tutorial_dag.py
[2026-05-30T10:19:05.545+0000] {processor.py:830} INFO - Processing file /home/airflow/.local/lib/python3.8/site-packages/airflow/example_dags/tutorial_dag.py for tasks to queue
[2026-05-30T10:19:05.547+0000] {logging_mixin.py:188} INFO - [2026-05-30T10:19:05.547+0000] {dagbag.py:540} INFO - Filling up the DagBag from /home/airflow/.local/lib/python3.8/site-packages/airflow/example_dags/tutorial_dag.py
[2026-05-30T10:19:05.552+0000] {processor.py:840} INFO - DAG(s) 'tutorial_dag' retrieved from /home/airflow/.local/lib/python3.8/site-packages/airflow/example_dags/tutorial_dag.py
[2026-05-30T10:19:05.573+0000] {logging_mixin.py:188} INFO - [2026-05-30T10:19:05.572+0000] {dag.py:3047} INFO - Sync 1 DAGs
[2026-05-30T10:19:05.588+0000] {logging_mixin.py:188} INFO - [2026-05-30T10:19:05.588+0000] {dag.py:3834} INFO - Setting next_dagrun for tutorial_dag to None, run_after=None
[2026-05-30T10:19:05.615+0000] {processor.py:183} INFO - Processing /home/airflow/.local/lib/python3.8/site-packages/airflow/example_dags/tutorial_dag.py took 0.075 seconds
[2026-05-30T10:19:35.925+0000] {processor.py:161} INFO - Started process (PID=403) to work on /home/airflow/.local/lib/python3.8/site-packages/airflow/example_dags/tutorial_dag.py
[2026-05-30T10:19:35.927+0000] {processor.py:830} INFO - Processing file /home/airflow/.local/lib/python3.8/site-packages/airflow/example_dags/tutorial_dag.py for tasks to queue
[2026-05-30T10:19:35.929+0000] {logging_mixin.py:188} INFO - [2026-05-30T10:19:35.929+0000] {dagbag.py:540} INFO - Filling up the DagBag from /home/airflow/.local/lib/python3.8/site-packages/airflow/example_dags/tutorial_dag.py
[2026-05-30T10:19:35.934+0000] {processor.py:840} INFO - DAG(s) 'tutorial_dag' retrieved from /home/airflow/.local/lib/python3.8/site-packages/airflow/example_dags/tutorial_dag.py
[2026-05-30T10:19:35.954+0000] {logging_mixin.py:188} INFO - [2026-05-30T10:19:35.954+0000] {dag.py:3047} INFO - Sync 1 DAGs
[2026-05-30T10:19:35.965+0000] {logging_mixin.py:188} INFO - [2026-05-30T10:19:35.965+0000] {dag.py:3834} INFO - Setting next_dagrun for tutorial_dag to None, run_after=None
[2026-05-30T10:19:35.984+0000] {processor.py:183} INFO - Processing /home/airflow/.local/lib/python3.8/site-packages/airflow/example_dags/tutorial_dag.py took 0.062 seconds
[2026-05-30T10:20:06.378+0000] {processor.py:161} INFO - Started process (PID=458) to work on /home/airflow/.local/lib/python3.8/site-packages/airflow/example_dags/tutorial_dag.py
[2026-05-30T10:20:06.379+0000] {processor.py:830} INFO - Processing file /home/airflow/.local/lib/python3.8/site-packages/airflow/example_dags/tutorial_dag.py for tasks to queue
[2026-05-30T10:20:06.382+0000] {logging_mixin.py:188} INFO - [2026-05-30T10:20:06.381+0000] {dagbag.py:540} INFO - Filling up the DagBag from /home/airflow/.local/lib/python3.8/site-packages/airflow/example_dags/tutorial_dag.py
[2026-05-30T10:20:06.389+0000] {processor.py:840} INFO - DAG(s) 'tutorial_dag' retrieved from /home/airflow/.local/lib/python3.8/site-packages/airflow/example_dags/tutorial_dag.py
[2026-05-30T10:20:06.406+0000] {logging_mixin.py:188} INFO - [2026-05-30T10:20:06.406+0000] {dag.py:3047} INFO - Sync 1 DAGs
[2026-05-30T10:20:06.418+0000] {logging_mixin.py:188} INFO - [2026-05-30T10:20:06.417+0000] {dag.py:3834} INFO - Setting next_dagrun for tutorial_dag to None, run_after=None
[2026-05-30T10:20:06.436+0000] {processor.py:183} INFO - Processing /home/airflow/.local/lib/python3.8/site-packages/airflow/example_dags/tutorial_dag.py took 0.061 seconds
[2026-05-30T10:20:36.726+0000] {processor.py:161} INFO - Started process (PID=513) to work on /home/airflow/.local/lib/python3.8/site-packages/airflow/example_dags/tutorial_dag.py
[2026-05-30T10:20:36.728+0000] {processor.py:830} INFO - Processing file /home/airflow/.local/lib/python3.8/site-packages/airflow/example_dags/tutorial_dag.py for tasks to queue
[2026-05-30T10:20:36.730+0000] {logging_mixin.py:188} INFO - [2026-05-30T10:20:36.729+0000] {dagbag.py:540} INFO - Filling up the DagBag from /home/airflow/.local/lib/python3.8/site-packages/airflow/example_dags/tutorial_dag.py
[2026-05-30T10:20:36.737+0000] {processor.py:840} INFO - DAG(s) 'tutorial_dag' retrieved from /home/airflow/.local/lib/python3.8/site-packages/airflow/example_dags/tutorial_dag.py
[2026-05-30T10:20:36.758+0000] {logging_mixin.py:188} INFO - [2026-05-30T10:20:36.758+0000] {dag.py:3047} INFO - Sync 1 DAGs
[2026-05-30T10:20:36.770+0000] {logging_mixin.py:188} INFO - [2026-05-30T10:20:36.770+0000] {dag.py:3834} INFO - Setting next_dagrun for tutorial_dag to None, run_after=None
[2026-05-30T10:20:36.790+0000] {processor.py:183} INFO - Processing /home/airflow/.local/lib/python3.8/site-packages/airflow/example_dags/tutorial_dag.py took 0.067 seconds
[2026-05-30T10:21:06.994+0000] {processor.py:161} INFO - Started process (PID=568) to work on /home/airflow/.local/lib/python3.8/site-packages/airflow/example_dags/tutorial_dag.py
[2026-05-30T10:21:06.995+0000] {processor.py:830} INFO - Processing file /home/airflow/.local/lib/python3.8/site-packages/airflow/example_dags/tutorial_dag.py for tasks to queue
[2026-05-30T10:21:07.001+0000] {logging_mixin.py:188} INFO - [2026-05-30T10:21:06.997+0000] {dagbag.py:540} INFO - Filling up the DagBag from /home/airflow/.local/lib/python3.8/site-packages/airflow/example_dags/tutorial_dag.py
[2026-05-30T10:21:07.009+0000] {processor.py:840} INFO - DAG(s) 'tutorial_dag' retrieved from /home/airflow/.local/lib/python3.8/site-packages/airflow/example_dags/tutorial_dag.py
[2026-05-30T10:21:07.030+0000] {logging_mixin.py:188} INFO - [2026-05-30T10:21:07.030+0000] {dag.py:3047} INFO - Sync 1 DAGs
[2026-05-30T10:21:07.042+0000] {logging_mixin.py:188} INFO - [2026-05-30T10:21:07.041+0000] {dag.py:3834} INFO - Setting next_dagrun for tutorial_dag to None, run_after=None
[2026-05-30T10:21:07.065+0000] {processor.py:183} INFO - Processing /home/airflow/.local/lib/python3.8/site-packages/airflow/example_dags/tutorial_dag.py took 0.073 seconds
[2026-05-30T10:21:37.289+0000] {processor.py:161} INFO - Started process (PID=623) to work on /home/airflow/.local/lib/python3.8/site-packages/airflow/example_dags/tutorial_dag.py
[2026-05-30T10:21:37.290+0000] {processor.py:830} INFO - Processing file /home/airflow/.local/lib/python3.8/site-packages/airflow/example_dags/tutorial_dag.py for tasks to queue
[2026-05-30T10:21:37.293+0000] {logging_mixin.py:188} INFO - [2026-05-30T10:21:37.293+0000] {dagbag.py:540} INFO - Filling up the DagBag from /home/airflow/.local/lib/python3.8/site-packages/airflow/example_dags/tutorial_dag.py
[2026-05-30T10:21:37.298+0000] {processor.py:840} INFO - DAG(s) 'tutorial_dag' retrieved from /home/airflow/.local/lib/python3.8/site-packages/airflow/example_dags/tutorial_dag.py
[2026-05-30T10:21:37.317+0000] {logging_mixin.py:188} INFO - [2026-05-30T10:21:37.317+0000] {dag.py:3047} INFO - Sync 1 DAGs
[2026-05-30T10:21:37.329+0000] {logging_mixin.py:188} INFO - [2026-05-30T10:21:37.329+0000] {dag.py:3834} INFO - Setting next_dagrun for tutorial_dag to None, run_after=None
[2026-05-30T10:21:37.344+0000] {processor.py:183} INFO - Processing /home/airflow/.local/lib/python3.8/site-packages/airflow/example_dags/tutorial_dag.py took 0.058 seconds
[2026-05-30T10:22:07.641+0000] {processor.py:161} INFO - Started process (PID=678) to work on /home/airflow/.local/lib/python3.8/site-packages/airflow/example_dags/tutorial_dag.py
[2026-05-30T10:22:07.642+0000] {processor.py:830} INFO - Processing file /home/airflow/.local/lib/python3.8/site-packages/airflow/example_dags/tutorial_dag.py for tasks to queue
[2026-05-30T10:22:07.644+0000] {logging_mixin.py:188} INFO - [2026-05-30T10:22:07.644+0000] {dagbag.py:540} INFO - Filling up the DagBag from /home/airflow/.local/lib/python3.8/site-packages/airflow/example_dags/tutorial_dag.py
[2026-05-30T10:22:07.651+0000] {processor.py:840} INFO - DAG(s) 'tutorial_dag' retrieved from /home/airflow/.local/lib/python3.8/site-packages/airflow/example_dags/tutorial_dag.py
[2026-05-30T10:22:07.684+0000] {logging_mixin.py:188} INFO - [2026-05-30T10:22:07.684+0000] {dag.py:3047} INFO - Sync 1 DAGs
[2026-05-30T10:22:07.698+0000] {logging_mixin.py:188} INFO - [2026-05-30T10:22:07.698+0000] {dag.py:3834} INFO - Setting next_dagrun for tutorial_dag to None, run_after=None
[2026-05-30T10:22:07.725+0000] {processor.py:183} INFO - Processing /home/airflow/.local/lib/python3.8/site-packages/airflow/example_dags/tutorial_dag.py took 0.088 seconds
[2026-05-30T10:22:37.808+0000] {processor.py:161} INFO - Started process (PID=733) to work on /home/airflow/.local/lib/python3.8/site-packages/airflow/example_dags/tutorial_dag.py
[2026-05-30T10:22:37.809+0000] {processor.py:830} INFO - Processing file /home/airflow/.local/lib/python3.8/site-packages/airflow/example_dags/tutorial_dag.py for tasks to queue
[2026-05-30T10:22:37.812+0000] {logging_mixin.py:188} INFO - [2026-05-30T10:22:37.812+0000] {dagbag.py:540} INFO - Filling up the DagBag from /home/airflow/.local/lib/python3.8/site-packages/airflow/example_dags/tutorial_dag.py
[2026-05-30T10:22:37.818+0000] {processor.py:840} INFO - DAG(s) 'tutorial_dag' retrieved from /home/airflow/.local/lib/python3.8/site-packages/airflow/example_dags/tutorial_dag.py
[2026-05-30T10:22:37.835+0000] {logging_mixin.py:188} INFO - [2026-05-30T10:22:37.835+0000] {dag.py:3047} INFO - Sync 1 DAGs
[2026-05-30T10:22:37.846+0000] {logging_mixin.py:188} INFO - [2026-05-30T10:22:37.845+0000] {dag.py:3834} INFO - Setting next_dagrun for tutorial_dag to None, run_after=None
[2026-05-30T10:22:37.869+0000] {processor.py:183} INFO - Processing /home/airflow/.local/lib/python3.8/site-packages/airflow/example_dags/tutorial_dag.py took 0.063 seconds
[2026-05-30T10:23:08.464+0000] {processor.py:161} INFO - Started process (PID=788) to work on /home/airflow/.local/lib/python3.8/site-packages/airflow/example_dags/tutorial_dag.py
[2026-05-30T10:23:08.466+0000] {processor.py:830} INFO - Processing file /home/airflow/.local/lib/python3.8/site-packages/airflow/example_dags/tutorial_dag.py for tasks to queue
[2026-05-30T10:23:08.469+0000] {logging_mixin.py:188} INFO - [2026-05-30T10:23:08.469+0000] {dagbag.py:540} INFO - Filling up the DagBag from /home/airflow/.local/lib/python3.8/site-packages/airflow/example_dags/tutorial_dag.py
[2026-05-30T10:23:08.477+0000] {processor.py:840} INFO - DAG(s) 'tutorial_dag' retrieved from /home/airflow/.local/lib/python3.8/site-packages/airflow/example_dags/tutorial_dag.py
[2026-05-30T10:23:08.495+0000] {logging_mixin.py:188} INFO - [2026-05-30T10:23:08.494+0000] {dag.py:3047} INFO - Sync 1 DAGs
[2026-05-30T10:23:08.507+0000] {logging_mixin.py:188} INFO - [2026-05-30T10:23:08.506+0000] {dag.py:3834} INFO - Setting next_dagrun for tutorial_dag to None, run_after=None
[2026-05-30T10:23:08.530+0000] {processor.py:183} INFO - Processing /home/airflow/.local/lib/python3.8/site-packages/airflow/example_dags/tutorial_dag.py took 0.069 seconds
[2026-05-30T10:23:38.998+0000] {processor.py:161} INFO - Started process (PID=843) to work on /home/airflow/.local/lib/python3.8/site-packages/airflow/example_dags/tutorial_dag.py
[2026-05-30T10:23:38.999+0000] {processor.py:830} INFO - Processing file /home/airflow/.local/lib/python3.8/site-packages/airflow/example_dags/tutorial_dag.py for tasks to queue
[2026-05-30T10:23:39.001+0000] {logging_mixin.py:188} INFO - [2026-05-30T10:23:39.001+0000] {dagbag.py:540} INFO - Filling up the DagBag from /home/airflow/.local/lib/python3.8/site-packages/airflow/example_dags/tutorial_dag.py
[2026-05-30T10:23:39.008+0000] {processor.py:840} INFO - DAG(s) 'tutorial_dag' retrieved from /home/airflow/.local/lib/python3.8/site-packages/airflow/example_dags/tutorial_dag.py
[2026-05-30T10:23:39.026+0000] {logging_mixin.py:188} INFO - [2026-05-30T10:23:39.026+0000] {dag.py:3047} INFO - Sync 1 DAGs
[2026-05-30T10:23:39.036+0000] {logging_mixin.py:188} INFO - [2026-05-30T10:23:39.036+0000] {dag.py:3834} INFO - Setting next_dagrun for tutorial_dag to None, run_after=None
[2026-05-30T10:23:39.056+0000] {processor.py:183} INFO - Processing /home/airflow/.local/lib/python3.8/site-packages/airflow/example_dags/tutorial_dag.py took 0.062 seconds
[2026-05-30T10:24:09.342+0000] {processor.py:161} INFO - Started process (PID=898) to work on /home/airflow/.local/lib/python3.8/site-packages/airflow/example_dags/tutorial_dag.py
[2026-05-30T10:24:09.343+0000] {processor.py:830} INFO - Processing file /home/airflow/.local/lib/python3.8/site-packages/airflow/example_dags/tutorial_dag.py for tasks to queue
[2026-05-30T10:24:09.345+0000] {logging_mixin.py:188} INFO - [2026-05-30T10:24:09.345+0000] {dagbag.py:540} INFO - Filling up the DagBag from /home/airflow/.local/lib/python3.8/site-packages/airflow/example_dags/tutorial_dag.py
[2026-05-30T10:24:09.349+0000] {processor.py:840} INFO - DAG(s) 'tutorial_dag' retrieved from /home/airflow/.local/lib/python3.8/site-packages/airflow/example_dags/tutorial_dag.py
[2026-05-30T10:24:09.368+0000] {logging_mixin.py:188} INFO - [2026-05-30T10:24:09.367+0000] {dag.py:3047} INFO - Sync 1 DAGs
[2026-05-30T10:24:09.378+0000] {logging_mixin.py:188} INFO - [2026-05-30T10:24:09.378+0000] {dag.py:3834} INFO - Setting next_dagrun for tutorial_dag to None, run_after=None
[2026-05-30T10:24:09.399+0000] {processor.py:183} INFO - Processing /home/airflow/.local/lib/python3.8/site-packages/airflow/example_dags/tutorial_dag.py took 0.060 seconds
[2026-05-30T10:24:39.979+0000] {processor.py:161} INFO - Started process (PID=953) to work on /home/airflow/.local/lib/python3.8/site-packages/airflow/example_dags/tutorial_dag.py
[2026-05-30T10:24:39.980+0000] {processor.py:830} INFO - Processing file /home/airflow/.local/lib/python3.8/site-packages/airflow/example_dags/tutorial_dag.py for tasks to queue
[2026-05-30T10:24:39.983+0000] {logging_mixin.py:188} INFO - [2026-05-30T10:24:39.982+0000] {dagbag.py:540} INFO - Filling up the DagBag from /home/airflow/.local/lib/python3.8/site-packages/airflow/example_dags/tutorial_dag.py
[2026-05-30T10:24:39.987+0000] {processor.py:840} INFO - DAG(s) 'tutorial_dag' retrieved from /home/airflow/.local/lib/python3.8/site-packages/airflow/example_dags/tutorial_dag.py
[2026-05-30T10:24:40.006+0000] {logging_mixin.py:188} INFO - [2026-05-30T10:24:40.006+0000] {dag.py:3047} INFO - Sync 1 DAGs
[2026-05-30T10:24:40.017+0000] {logging_mixin.py:188} INFO - [2026-05-30T10:24:40.017+0000] {dag.py:3834} INFO - Setting next_dagrun for tutorial_dag to None, run_after=None
[2026-05-30T10:24:40.039+0000] {processor.py:183} INFO - Processing /home/airflow/.local/lib/python3.8/site-packages/airflow/example_dags/tutorial_dag.py took 0.062 seconds
[2026-05-30T10:25:10.482+0000] {processor.py:161} INFO - Started process (PID=1008) to work on /home/airflow/.local/lib/python3.8/site-packages/airflow/example_dags/tutorial_dag.py
[2026-05-30T10:25:10.483+0000] {processor.py:830} INFO - Processing file /home/airflow/.local/lib/python3.8/site-packages/airflow/example_dags/tutorial_dag.py for tasks to queue
[2026-05-30T10:25:10.485+0000] {logging_mixin.py:188} INFO - [2026-05-30T10:25:10.484+0000] {dagbag.py:540} INFO - Filling up the DagBag from /home/airflow/.local/lib/python3.8/site-packages/airflow/example_dags/tutorial_dag.py
[2026-05-30T10:25:10.489+0000] {processor.py:840} INFO - DAG(s) 'tutorial_dag' retrieved from /home/airflow/.local/lib/python3.8/site-packages/airflow/example_dags/tutorial_dag.py
[2026-05-30T10:25:10.507+0000] {logging_mixin.py:188} INFO - [2026-05-30T10:25:10.507+0000] {dag.py:3047} INFO - Sync 1 DAGs
[2026-05-30T10:25:10.518+0000] {logging_mixin.py:188} INFO - [2026-05-30T10:25:10.518+0000] {dag.py:3834} INFO - Setting next_dagrun for tutorial_dag to None, run_after=None
[2026-05-30T10:25:10.536+0000] {processor.py:183} INFO - Processing /home/airflow/.local/lib/python3.8/site-packages/airflow/example_dags/tutorial_dag.py took 0.057 seconds
[2026-05-30T10:25:41.264+0000] {processor.py:161} INFO - Started process (PID=1063) to work on /home/airflow/.local/lib/python3.8/site-packages/airflow/example_dags/tutorial_dag.py
[2026-05-30T10:25:41.265+0000] {processor.py:830} INFO - Processing file /home/airflow/.local/lib/python3.8/site-packages/airflow/example_dags/tutorial_dag.py for tasks to queue
[2026-05-30T10:25:41.267+0000] {logging_mixin.py:188} INFO - [2026-05-30T10:25:41.266+0000] {dagbag.py:540} INFO - Filling up the DagBag from /home/airflow/.local/lib/python3.8/site-packages/airflow/example_dags/tutorial_dag.py
[2026-05-30T10:25:41.272+0000] {processor.py:840} INFO - DAG(s) 'tutorial_dag' retrieved from /home/airflow/.local/lib/python3.8/site-packages/airflow/example_dags/tutorial_dag.py
[2026-05-30T10:25:41.291+0000] {logging_mixin.py:188} INFO - [2026-05-30T10:25:41.290+0000] {dag.py:3047} INFO - Sync 1 DAGs
[2026-05-30T10:25:41.301+0000] {logging_mixin.py:188} INFO - [2026-05-30T10:25:41.301+0000] {dag.py:3834} INFO - Setting next_dagrun for tutorial_dag to None, run_after=None
[2026-05-30T10:25:41.324+0000] {processor.py:183} INFO - Processing /home/airflow/.local/lib/python3.8/site-packages/airflow/example_dags/tutorial_dag.py took 0.063 seconds
[2026-05-30T10:26:11.912+0000] {processor.py:161} INFO - Started process (PID=1118) to work on /home/airflow/.local/lib/python3.8/site-packages/airflow/example_dags/tutorial_dag.py
[2026-05-30T10:26:11.913+0000] {processor.py:830} INFO - Processing file /home/airflow/.local/lib/python3.8/site-packages/airflow/example_dags/tutorial_dag.py for tasks to queue
[2026-05-30T10:26:11.914+0000] {logging_mixin.py:188} INFO - [2026-05-30T10:26:11.914+0000] {dagbag.py:540} INFO - Filling up the DagBag from /home/airflow/.local/lib/python3.8/site-packages/airflow/example_dags/tutorial_dag.py
[2026-05-30T10:26:11.919+0000] {processor.py:840} INFO - DAG(s) 'tutorial_dag' retrieved from /home/airflow/.local/lib/python3.8/site-packages/airflow/example_dags/tutorial_dag.py
[2026-05-30T10:26:11.937+0000] {logging_mixin.py:188} INFO - [2026-05-30T10:26:11.936+0000] {dag.py:3047} INFO - Sync 1 DAGs
[2026-05-30T10:26:11.947+0000] {logging_mixin.py:188} INFO - [2026-05-30T10:26:11.947+0000] {dag.py:3834} INFO - Setting next_dagrun for tutorial_dag to None, run_after=None
[2026-05-30T10:26:11.968+0000] {processor.py:183} INFO - Processing /home/airflow/.local/lib/python3.8/site-packages/airflow/example_dags/tutorial_dag.py took 0.058 seconds
[2026-05-30T10:26:42.837+0000] {processor.py:161} INFO - Started process (PID=1173) to work on /home/airflow/.local/lib/python3.8/site-packages/airflow/example_dags/tutorial_dag.py
[2026-05-30T10:26:42.839+0000] {processor.py:830} INFO - Processing file /home/airflow/.local/lib/python3.8/site-packages/airflow/example_dags/tutorial_dag.py for tasks to queue
[2026-05-30T10:26:42.841+0000] {logging_mixin.py:188} INFO - [2026-05-30T10:26:42.841+0000] {dagbag.py:540} INFO - Filling up the DagBag from /home/airflow/.local/lib/python3.8/site-packages/airflow/example_dags/tutorial_dag.py
[2026-05-30T10:26:42.847+0000] {processor.py:840} INFO - DAG(s) 'tutorial_dag' retrieved from /home/airflow/.local/lib/python3.8/site-packages/airflow/example_dags/tutorial_dag.py
[2026-05-30T10:26:42.870+0000] {logging_mixin.py:188} INFO - [2026-05-30T10:26:42.870+0000] {dag.py:3047} INFO - Sync 1 DAGs
[2026-05-30T10:26:42.881+0000] {logging_mixin.py:188} INFO - [2026-05-30T10:26:42.881+0000] {dag.py:3834} INFO - Setting next_dagrun for tutorial_dag to None, run_after=None
[2026-05-30T10:26:42.915+0000] {processor.py:183} INFO - Processing /home/airflow/.local/lib/python3.8/site-packages/airflow/example_dags/tutorial_dag.py took 0.081 seconds
[2026-05-30T10:27:13.519+0000] {processor.py:161} INFO - Started process (PID=1228) to work on /home/airflow/.local/lib/python3.8/site-packages/airflow/example_dags/tutorial_dag.py
[2026-05-30T10:27:13.524+0000] {processor.py:830} INFO - Processing file /home/airflow/.local/lib/python3.8/site-packages/airflow/example_dags/tutorial_dag.py for tasks to queue
[2026-05-30T10:27:13.533+0000] {logging_mixin.py:188} INFO - [2026-05-30T10:27:13.531+0000] {dagbag.py:540} INFO - Filling up the DagBag from /home/airflow/.local/lib/python3.8/site-packages/airflow/example_dags/tutorial_dag.py
[2026-05-30T10:27:13.550+0000] {processor.py:840} INFO - DAG(s) 'tutorial_dag' retrieved from /home/airflow/.local/lib/python3.8/site-packages/airflow/example_dags/tutorial_dag.py
[2026-05-30T10:27:13.608+0000] {logging_mixin.py:188} INFO - [2026-05-30T10:27:13.607+0000] {dag.py:3047} INFO - Sync 1 DAGs
[2026-05-30T10:27:13.637+0000] {logging_mixin.py:188} INFO - [2026-05-30T10:27:13.636+0000] {dag.py:3834} INFO - Setting next_dagrun for tutorial_dag to None, run_after=None
[2026-05-30T10:27:13.676+0000] {processor.py:183} INFO - Processing /home/airflow/.local/lib/python3.8/site-packages/airflow/example_dags/tutorial_dag.py took 0.167 seconds
[2026-05-30T10:27:43.799+0000] {processor.py:161} INFO - Started process (PID=1283) to work on /home/airflow/.local/lib/python3.8/site-packages/airflow/example_dags/tutorial_dag.py
[2026-05-30T10:27:43.800+0000] {processor.py:830} INFO - Processing file /home/airflow/.local/lib/python3.8/site-packages/airflow/example_dags/tutorial_dag.py for tasks to queue
[2026-05-30T10:27:43.803+0000] {logging_mixin.py:188} INFO - [2026-05-30T10:27:43.802+0000] {dagbag.py:540} INFO - Filling up the DagBag from /home/airflow/.local/lib/python3.8/site-packages/airflow/example_dags/tutorial_dag.py
[2026-05-30T10:27:43.808+0000] {processor.py:840} INFO - DAG(s) 'tutorial_dag' retrieved from /home/airflow/.local/lib/python3.8/site-packages/airflow/example_dags/tutorial_dag.py
[2026-05-30T10:27:43.830+0000] {logging_mixin.py:188} INFO - [2026-05-30T10:27:43.829+0000] {dag.py:3047} INFO - Sync 1 DAGs
[2026-05-30T10:27:43.839+0000] {logging_mixin.py:188} INFO - [2026-05-30T10:27:43.839+0000] {dag.py:3834} INFO - Setting next_dagrun for tutorial_dag to None, run_after=None
[2026-05-30T10:27:43.856+0000] {processor.py:183} INFO - Processing /home/airflow/.local/lib/python3.8/site-packages/airflow/example_dags/tutorial_dag.py took 0.061 seconds
[2026-05-30T10:28:13.904+0000] {processor.py:161} INFO - Started process (PID=1338) to work on /home/airflow/.local/lib/python3.8/site-packages/airflow/example_dags/tutorial_dag.py
[2026-05-30T10:28:13.905+0000] {processor.py:830} INFO - Processing file /home/airflow/.local/lib/python3.8/site-packages/airflow/example_dags/tutorial_dag.py for tasks to queue
[2026-05-30T10:28:13.908+0000] {logging_mixin.py:188} INFO - [2026-05-30T10:28:13.907+0000] {dagbag.py:540} INFO - Filling up the DagBag from /home/airflow/.local/lib/python3.8/site-packages/airflow/example_dags/tutorial_dag.py
[2026-05-30T10:28:13.913+0000] {processor.py:840} INFO - DAG(s) 'tutorial_dag' retrieved from /home/airflow/.local/lib/python3.8/site-packages/airflow/example_dags/tutorial_dag.py
[2026-05-30T10:28:13.938+0000] {logging_mixin.py:188} INFO - [2026-05-30T10:28:13.937+0000] {dag.py:3047} INFO - Sync 1 DAGs
[2026-05-30T10:28:13.949+0000] {logging_mixin.py:188} INFO - [2026-05-30T10:28:13.949+0000] {dag.py:3834} INFO - Setting next_dagrun for tutorial_dag to None, run_after=None
[2026-05-30T10:28:13.964+0000] {processor.py:183} INFO - Processing /home/airflow/.local/lib/python3.8/site-packages/airflow/example_dags/tutorial_dag.py took 0.063 seconds
[2026-05-30T10:28:44.274+0000] {processor.py:161} INFO - Started process (PID=1393) to work on /home/airflow/.local/lib/python3.8/site-packages/airflow/example_dags/tutorial_dag.py
[2026-05-30T10:28:44.275+0000] {processor.py:830} INFO - Processing file /home/airflow/.local/lib/python3.8/site-packages/airflow/example_dags/tutorial_dag.py for tasks to queue
[2026-05-30T10:28:44.277+0000] {logging_mixin.py:188} INFO - [2026-05-30T10:28:44.277+0000] {dagbag.py:540} INFO - Filling up the DagBag from /home/airflow/.local/lib/python3.8/site-packages/airflow/example_dags/tutorial_dag.py
[2026-05-30T10:28:44.282+0000] {processor.py:840} INFO - DAG(s) 'tutorial_dag' retrieved from /home/airflow/.local/lib/python3.8/site-packages/airflow/example_dags/tutorial_dag.py
[2026-05-30T10:28:44.303+0000] {logging_mixin.py:188} INFO - [2026-05-30T10:28:44.303+0000] {dag.py:3047} INFO - Sync 1 DAGs
[2026-05-30T10:28:44.315+0000] {logging_mixin.py:188} INFO - [2026-05-30T10:28:44.314+0000] {dag.py:3834} INFO - Setting next_dagrun for tutorial_dag to None, run_after=None
[2026-05-30T10:28:44.339+0000] {processor.py:183} INFO - Processing /home/airflow/.local/lib/python3.8/site-packages/airflow/example_dags/tutorial_dag.py took 0.067 seconds
[2026-05-30T10:29:14.770+0000] {processor.py:161} INFO - Started process (PID=1447) to work on /home/airflow/.local/lib/python3.8/site-packages/airflow/example_dags/tutorial_dag.py
[2026-05-30T10:29:14.772+0000] {processor.py:830} INFO - Processing file /home/airflow/.local/lib/python3.8/site-packages/airflow/example_dags/tutorial_dag.py for tasks to queue
[2026-05-30T10:29:14.774+0000] {logging_mixin.py:188} INFO - [2026-05-30T10:29:14.773+0000] {dagbag.py:540} INFO - Filling up the DagBag from /home/airflow/.local/lib/python3.8/site-packages/airflow/example_dags/tutorial_dag.py
[2026-05-30T10:29:14.779+0000] {processor.py:840} INFO - DAG(s) 'tutorial_dag' retrieved from /home/airflow/.local/lib/python3.8/site-packages/airflow/example_dags/tutorial_dag.py
[2026-05-30T10:29:14.802+0000] {logging_mixin.py:188} INFO - [2026-05-30T10:29:14.802+0000] {dag.py:3047} INFO - Sync 1 DAGs
[2026-05-30T10:29:14.816+0000] {logging_mixin.py:188} INFO - [2026-05-30T10:29:14.816+0000] {dag.py:3834} INFO - Setting next_dagrun for tutorial_dag to None, run_after=None
[2026-05-30T10:29:14.851+0000] {processor.py:183} INFO - Processing /home/airflow/.local/lib/python3.8/site-packages/airflow/example_dags/tutorial_dag.py took 0.084 seconds
[2026-05-30T10:29:45.012+0000] {processor.py:161} INFO - Started process (PID=1502) to work on /home/airflow/.local/lib/python3.8/site-packages/airflow/example_dags/tutorial_dag.py
[2026-05-30T10:29:45.013+0000] {processor.py:830} INFO - Processing file /home/airflow/.local/lib/python3.8/site-packages/airflow/example_dags/tutorial_dag.py for tasks to queue
[2026-05-30T10:29:45.015+0000] {logging_mixin.py:188} INFO - [2026-05-30T10:29:45.015+0000] {dagbag.py:540} INFO - Filling up the DagBag from /home/airflow/.local/lib/python3.8/site-packages/airflow/example_dags/tutorial_dag.py
[2026-05-30T10:29:45.021+0000] {processor.py:840} INFO - DAG(s) 'tutorial_dag' retrieved from /home/airflow/.local/lib/python3.8/site-packages/airflow/example_dags/tutorial_dag.py
[2026-05-30T10:29:45.046+0000] {logging_mixin.py:188} INFO - [2026-05-30T10:29:45.046+0000] {dag.py:3047} INFO - Sync 1 DAGs
[2026-05-30T10:29:45.057+0000] {logging_mixin.py:188} INFO - [2026-05-30T10:29:45.057+0000] {dag.py:3834} INFO - Setting next_dagrun for tutorial_dag to None, run_after=None
[2026-05-30T10:29:45.079+0000] {processor.py:183} INFO - Processing /home/airflow/.local/lib/python3.8/site-packages/airflow/example_dags/tutorial_dag.py took 0.071 seconds
[2026-05-30T10:30:15.489+0000] {processor.py:161} INFO - Started process (PID=1557) to work on /home/airflow/.local/lib/python3.8/site-packages/airflow/example_dags/tutorial_dag.py
[2026-05-30T10:30:15.492+0000] {processor.py:830} INFO - Processing file /home/airflow/.local/lib/python3.8/site-packages/airflow/example_dags/tutorial_dag.py for tasks to queue
[2026-05-30T10:30:15.494+0000] {logging_mixin.py:188} INFO - [2026-05-30T10:30:15.494+0000] {dagbag.py:540} INFO - Filling up the DagBag from /home/airflow/.local/lib/python3.8/site-packages/airflow/example_dags/tutorial_dag.py
[2026-05-30T10:30:15.499+0000] {processor.py:840} INFO - DAG(s) 'tutorial_dag' retrieved from /home/airflow/.local/lib/python3.8/site-packages/airflow/example_dags/tutorial_dag.py
[2026-05-30T10:30:15.522+0000] {logging_mixin.py:188} INFO - [2026-05-30T10:30:15.522+0000] {dag.py:3047} INFO - Sync 1 DAGs
[2026-05-30T10:30:15.534+0000] {logging_mixin.py:188} INFO - [2026-05-30T10:30:15.533+0000] {dag.py:3834} INFO - Setting next_dagrun for tutorial_dag to None, run_after=None
[2026-05-30T10:30:15.565+0000] {processor.py:183} INFO - Processing /home/airflow/.local/lib/python3.8/site-packages/airflow/example_dags/tutorial_dag.py took 0.081 seconds
[2026-05-30T10:30:46.012+0000] {processor.py:161} INFO - Started process (PID=1612) to work on /home/airflow/.local/lib/python3.8/site-packages/airflow/example_dags/tutorial_dag.py
[2026-05-30T10:30:46.013+0000] {processor.py:830} INFO - Processing file /home/airflow/.local/lib/python3.8/site-packages/airflow/example_dags/tutorial_dag.py for tasks to queue
[2026-05-30T10:30:46.015+0000] {logging_mixin.py:188} INFO - [2026-05-30T10:30:46.015+0000] {dagbag.py:540} INFO - Filling up the DagBag from /home/airflow/.local/lib/python3.8/site-packages/airflow/example_dags/tutorial_dag.py
[2026-05-30T10:30:46.021+0000] {processor.py:840} INFO - DAG(s) 'tutorial_dag' retrieved from /home/airflow/.local/lib/python3.8/site-packages/airflow/example_dags/tutorial_dag.py
[2026-05-30T10:30:46.041+0000] {logging_mixin.py:188} INFO - [2026-05-30T10:30:46.041+0000] {dag.py:3047} INFO - Sync 1 DAGs
[2026-05-30T10:30:46.053+0000] {logging_mixin.py:188} INFO - [2026-05-30T10:30:46.052+0000] {dag.py:3834} INFO - Setting next_dagrun for tutorial_dag to None, run_after=None
[2026-05-30T10:30:46.078+0000] {processor.py:183} INFO - Processing /home/airflow/.local/lib/python3.8/site-packages/airflow/example_dags/tutorial_dag.py took 0.069 seconds
[2026-05-30T10:31:16.496+0000] {processor.py:161} INFO - Started process (PID=1667) to work on /home/airflow/.local/lib/python3.8/site-packages/airflow/example_dags/tutorial_dag.py
[2026-05-30T10:31:16.498+0000] {processor.py:830} INFO - Processing file /home/airflow/.local/lib/python3.8/site-packages/airflow/example_dags/tutorial_dag.py for tasks to queue
[2026-05-30T10:31:16.500+0000] {logging_mixin.py:188} INFO - [2026-05-30T10:31:16.500+0000] {dagbag.py:540} INFO - Filling up the DagBag from /home/airflow/.local/lib/python3.8/site-packages/airflow/example_dags/tutorial_dag.py
[2026-05-30T10:31:16.505+0000] {processor.py:840} INFO - DAG(s) 'tutorial_dag' retrieved from /home/airflow/.local/lib/python3.8/site-packages/airflow/example_dags/tutorial_dag.py
[2026-05-30T10:31:16.525+0000] {logging_mixin.py:188} INFO - [2026-05-30T10:31:16.525+0000] {dag.py:3047} INFO - Sync 1 DAGs
[2026-05-30T10:31:16.536+0000] {logging_mixin.py:188} INFO - [2026-05-30T10:31:16.536+0000] {dag.py:3834} INFO - Setting next_dagrun for tutorial_dag to None, run_after=None
[2026-05-30T10:31:16.555+0000] {processor.py:183} INFO - Processing /home/airflow/.local/lib/python3.8/site-packages/airflow/example_dags/tutorial_dag.py took 0.061 seconds
[2026-05-30T10:31:46.891+0000] {processor.py:161} INFO - Started process (PID=1722) to work on /home/airflow/.local/lib/python3.8/site-packages/airflow/example_dags/tutorial_dag.py
[2026-05-30T10:31:46.893+0000] {processor.py:830} INFO - Processing file /home/airflow/.local/lib/python3.8/site-packages/airflow/example_dags/tutorial_dag.py for tasks to queue
[2026-05-30T10:31:46.895+0000] {logging_mixin.py:188} INFO - [2026-05-30T10:31:46.895+0000] {dagbag.py:540} INFO - Filling up the DagBag from /home/airflow/.local/lib/python3.8/site-packages/airflow/example_dags/tutorial_dag.py
[2026-05-30T10:31:46.900+0000] {processor.py:840} INFO - DAG(s) 'tutorial_dag' retrieved from /home/airflow/.local/lib/python3.8/site-packages/airflow/example_dags/tutorial_dag.py
[2026-05-30T10:31:46.922+0000] {logging_mixin.py:188} INFO - [2026-05-30T10:31:46.922+0000] {dag.py:3047} INFO - Sync 1 DAGs
[2026-05-30T10:31:46.933+0000] {logging_mixin.py:188} INFO - [2026-05-30T10:31:46.932+0000] {dag.py:3834} INFO - Setting next_dagrun for tutorial_dag to None, run_after=None
[2026-05-30T10:31:46.950+0000] {processor.py:183} INFO - Processing /home/airflow/.local/lib/python3.8/site-packages/airflow/example_dags/tutorial_dag.py took 0.062 seconds
[2026-05-30T10:32:17.080+0000] {processor.py:161} INFO - Started process (PID=1777) to work on /home/airflow/.local/lib/python3.8/site-packages/airflow/example_dags/tutorial_dag.py
[2026-05-30T10:32:17.081+0000] {processor.py:830} INFO - Processing file /home/airflow/.local/lib/python3.8/site-packages/airflow/example_dags/tutorial_dag.py for tasks to queue
[2026-05-30T10:32:17.083+0000] {logging_mixin.py:188} INFO - [2026-05-30T10:32:17.083+0000] {dagbag.py:540} INFO - Filling up the DagBag from /home/airflow/.local/lib/python3.8/site-packages/airflow/example_dags/tutorial_dag.py
[2026-05-30T10:32:17.090+0000] {processor.py:840} INFO - DAG(s) 'tutorial_dag' retrieved from /home/airflow/.local/lib/python3.8/site-packages/airflow/example_dags/tutorial_dag.py
[2026-05-30T10:32:17.108+0000] {logging_mixin.py:188} INFO - [2026-05-30T10:32:17.108+0000] {dag.py:3047} INFO - Sync 1 DAGs
[2026-05-30T10:32:17.119+0000] {logging_mixin.py:188} INFO - [2026-05-30T10:32:17.118+0000] {dag.py:3834} INFO - Setting next_dagrun for tutorial_dag to None, run_after=None
[2026-05-30T10:32:17.138+0000] {processor.py:183} INFO - Processing /home/airflow/.local/lib/python3.8/site-packages/airflow/example_dags/tutorial_dag.py took 0.061 seconds
[2026-05-30T10:32:47.434+0000] {processor.py:161} INFO - Started process (PID=1832) to work on /home/airflow/.local/lib/python3.8/site-packages/airflow/example_dags/tutorial_dag.py
[2026-05-30T10:32:47.436+0000] {processor.py:830} INFO - Processing file /home/airflow/.local/lib/python3.8/site-packages/airflow/example_dags/tutorial_dag.py for tasks to queue
[2026-05-30T10:32:47.438+0000] {logging_mixin.py:188} INFO - [2026-05-30T10:32:47.438+0000] {dagbag.py:540} INFO - Filling up the DagBag from /home/airflow/.local/lib/python3.8/site-packages/airflow/example_dags/tutorial_dag.py
[2026-05-30T10:32:47.445+0000] {processor.py:840} INFO - DAG(s) 'tutorial_dag' retrieved from /home/airflow/.local/lib/python3.8/site-packages/airflow/example_dags/tutorial_dag.py
[2026-05-30T10:32:47.472+0000] {logging_mixin.py:188} INFO - [2026-05-30T10:32:47.472+0000] {dag.py:3047} INFO - Sync 1 DAGs
[2026-05-30T10:32:47.487+0000] {logging_mixin.py:188} INFO - [2026-05-30T10:32:47.487+0000] {dag.py:3834} INFO - Setting next_dagrun for tutorial_dag to None, run_after=None
[2026-05-30T10:32:47.511+0000] {processor.py:183} INFO - Processing /home/airflow/.local/lib/python3.8/site-packages/airflow/example_dags/tutorial_dag.py took 0.081 seconds
[2026-05-30T10:33:17.984+0000] {processor.py:161} INFO - Started process (PID=1887) to work on /home/airflow/.local/lib/python3.8/site-packages/airflow/example_dags/tutorial_dag.py
[2026-05-30T10:33:17.985+0000] {processor.py:830} INFO - Processing file /home/airflow/.local/lib/python3.8/site-packages/airflow/example_dags/tutorial_dag.py for tasks to queue
[2026-05-30T10:33:17.988+0000] {logging_mixin.py:188} INFO - [2026-05-30T10:33:17.987+0000] {dagbag.py:540} INFO - Filling up the DagBag from /home/airflow/.local/lib/python3.8/site-packages/airflow/example_dags/tutorial_dag.py
[2026-05-30T10:33:17.995+0000] {processor.py:840} INFO - DAG(s) 'tutorial_dag' retrieved from /home/airflow/.local/lib/python3.8/site-packages/airflow/example_dags/tutorial_dag.py
[2026-05-30T10:33:18.013+0000] {logging_mixin.py:188} INFO - [2026-05-30T10:33:18.013+0000] {dag.py:3047} INFO - Sync 1 DAGs
[2026-05-30T10:33:18.023+0000] {logging_mixin.py:188} INFO - [2026-05-30T10:33:18.022+0000] {dag.py:3834} INFO - Setting next_dagrun for tutorial_dag to None, run_after=None
[2026-05-30T10:33:18.039+0000] {processor.py:183} INFO - Processing /home/airflow/.local/lib/python3.8/site-packages/airflow/example_dags/tutorial_dag.py took 0.059 seconds
[2026-05-30T10:33:48.458+0000] {processor.py:161} INFO - Started process (PID=1942) to work on /home/airflow/.local/lib/python3.8/site-packages/airflow/example_dags/tutorial_dag.py
[2026-05-30T10:33:48.461+0000] {processor.py:830} INFO - Processing file /home/airflow/.local/lib/python3.8/site-packages/airflow/example_dags/tutorial_dag.py for tasks to queue
[2026-05-30T10:33:48.464+0000] {logging_mixin.py:188} INFO - [2026-05-30T10:33:48.463+0000] {dagbag.py:540} INFO - Filling up the DagBag from /home/airflow/.local/lib/python3.8/site-packages/airflow/example_dags/tutorial_dag.py
[2026-05-30T10:33:48.469+0000] {processor.py:840} INFO - DAG(s) 'tutorial_dag' retrieved from /home/airflow/.local/lib/python3.8/site-packages/airflow/example_dags/tutorial_dag.py
[2026-05-30T10:33:48.488+0000] {logging_mixin.py:188} INFO - [2026-05-30T10:33:48.488+0000] {dag.py:3047} INFO - Sync 1 DAGs
[2026-05-30T10:33:48.501+0000] {logging_mixin.py:188} INFO - [2026-05-30T10:33:48.500+0000] {dag.py:3834} INFO - Setting next_dagrun for tutorial_dag to None, run_after=None
[2026-05-30T10:33:48.521+0000] {processor.py:183} INFO - Processing /home/airflow/.local/lib/python3.8/site-packages/airflow/example_dags/tutorial_dag.py took 0.066 seconds
[2026-05-30T10:34:18.589+0000] {processor.py:161} INFO - Started process (PID=1997) to work on /home/airflow/.local/lib/python3.8/site-packages/airflow/example_dags/tutorial_dag.py
[2026-05-30T10:34:18.590+0000] {processor.py:830} INFO - Processing file /home/airflow/.local/lib/python3.8/site-packages/airflow/example_dags/tutorial_dag.py for tasks to queue
[2026-05-30T10:34:18.592+0000] {logging_mixin.py:188} INFO - [2026-05-30T10:34:18.592+0000] {dagbag.py:540} INFO - Filling up the DagBag from /home/airflow/.local/lib/python3.8/site-packages/airflow/example_dags/tutorial_dag.py
[2026-05-30T10:34:18.597+0000] {processor.py:840} INFO - DAG(s) 'tutorial_dag' retrieved from /home/airflow/.local/lib/python3.8/site-packages/airflow/example_dags/tutorial_dag.py
[2026-05-30T10:34:18.616+0000] {logging_mixin.py:188} INFO - [2026-05-30T10:34:18.615+0000] {dag.py:3047} INFO - Sync 1 DAGs
[2026-05-30T10:34:18.627+0000] {logging_mixin.py:188} INFO - [2026-05-30T10:34:18.626+0000] {dag.py:3834} INFO - Setting next_dagrun for tutorial_dag to None, run_after=None
[2026-05-30T10:34:18.642+0000] {processor.py:183} INFO - Processing /home/airflow/.local/lib/python3.8/site-packages/airflow/example_dags/tutorial_dag.py took 0.056 seconds
[2026-05-30T10:34:49.192+0000] {processor.py:161} INFO - Started process (PID=2052) to work on /home/airflow/.local/lib/python3.8/site-packages/airflow/example_dags/tutorial_dag.py
[2026-05-30T10:34:49.193+0000] {processor.py:830} INFO - Processing file /home/airflow/.local/lib/python3.8/site-packages/airflow/example_dags/tutorial_dag.py for tasks to queue
[2026-05-30T10:34:49.195+0000] {logging_mixin.py:188} INFO - [2026-05-30T10:34:49.195+0000] {dagbag.py:540} INFO - Filling up the DagBag from /home/airflow/.local/lib/python3.8/site-packages/airflow/example_dags/tutorial_dag.py
[2026-05-30T10:34:49.200+0000] {processor.py:840} INFO - DAG(s) 'tutorial_dag' retrieved from /home/airflow/.local/lib/python3.8/site-packages/airflow/example_dags/tutorial_dag.py
[2026-05-30T10:34:49.222+0000] {logging_mixin.py:188} INFO - [2026-05-30T10:34:49.222+0000] {dag.py:3047} INFO - Sync 1 DAGs
[2026-05-30T10:34:49.235+0000] {logging_mixin.py:188} INFO - [2026-05-30T10:34:49.235+0000] {dag.py:3834} INFO - Setting next_dagrun for tutorial_dag to None, run_after=None
[2026-05-30T10:34:49.256+0000] {processor.py:183} INFO - Processing /home/airflow/.local/lib/python3.8/site-packages/airflow/example_dags/tutorial_dag.py took 0.068 seconds
[2026-05-30T10:35:19.418+0000] {processor.py:161} INFO - Started process (PID=2107) to work on /home/airflow/.local/lib/python3.8/site-packages/airflow/example_dags/tutorial_dag.py
[2026-05-30T10:35:19.419+0000] {processor.py:830} INFO - Processing file /home/airflow/.local/lib/python3.8/site-packages/airflow/example_dags/tutorial_dag.py for tasks to queue
[2026-05-30T10:35:19.421+0000] {logging_mixin.py:188} INFO - [2026-05-30T10:35:19.421+0000] {dagbag.py:540} INFO - Filling up the DagBag from /home/airflow/.local/lib/python3.8/site-packages/airflow/example_dags/tutorial_dag.py
[2026-05-30T10:35:19.426+0000] {processor.py:840} INFO - DAG(s) 'tutorial_dag' retrieved from /home/airflow/.local/lib/python3.8/site-packages/airflow/example_dags/tutorial_dag.py
[2026-05-30T10:35:19.443+0000] {logging_mixin.py:188} INFO - [2026-05-30T10:35:19.443+0000] {dag.py:3047} INFO - Sync 1 DAGs
[2026-05-30T10:35:19.453+0000] {logging_mixin.py:188} INFO - [2026-05-30T10:35:19.453+0000] {dag.py:3834} INFO - Setting next_dagrun for tutorial_dag to None, run_after=None
[2026-05-30T10:35:19.469+0000] {processor.py:183} INFO - Processing /home/airflow/.local/lib/python3.8/site-packages/airflow/example_dags/tutorial_dag.py took 0.056 seconds
[2026-05-30T10:35:49.721+0000] {processor.py:161} INFO - Started process (PID=2162) to work on /home/airflow/.local/lib/python3.8/site-packages/airflow/example_dags/tutorial_dag.py
[2026-05-30T10:35:49.723+0000] {processor.py:830} INFO - Processing file /home/airflow/.local/lib/python3.8/site-packages/airflow/example_dags/tutorial_dag.py for tasks to queue
[2026-05-30T10:35:49.725+0000] {logging_mixin.py:188} INFO - [2026-05-30T10:35:49.724+0000] {dagbag.py:540} INFO - Filling up the DagBag from /home/airflow/.local/lib/python3.8/site-packages/airflow/example_dags/tutorial_dag.py
[2026-05-30T10:35:49.730+0000] {processor.py:840} INFO - DAG(s) 'tutorial_dag' retrieved from /home/airflow/.local/lib/python3.8/site-packages/airflow/example_dags/tutorial_dag.py
[2026-05-30T10:35:49.750+0000] {logging_mixin.py:188} INFO - [2026-05-30T10:35:49.750+0000] {dag.py:3047} INFO - Sync 1 DAGs
[2026-05-30T10:35:49.761+0000] {logging_mixin.py:188} INFO - [2026-05-30T10:35:49.761+0000] {dag.py:3834} INFO - Setting next_dagrun for tutorial_dag to None, run_after=None
[2026-05-30T10:35:49.781+0000] {processor.py:183} INFO - Processing /home/airflow/.local/lib/python3.8/site-packages/airflow/example_dags/tutorial_dag.py took 0.062 seconds
[2026-05-30T10:36:20.193+0000] {processor.py:161} INFO - Started process (PID=2217) to work on /home/airflow/.local/lib/python3.8/site-packages/airflow/example_dags/tutorial_dag.py
[2026-05-30T10:36:20.195+0000] {processor.py:830} INFO - Processing file /home/airflow/.local/lib/python3.8/site-packages/airflow/example_dags/tutorial_dag.py for tasks to queue
[2026-05-30T10:36:20.197+0000] {logging_mixin.py:188} INFO - [2026-05-30T10:36:20.196+0000] {dagbag.py:540} INFO - Filling up the DagBag from /home/airflow/.local/lib/python3.8/site-packages/airflow/example_dags/tutorial_dag.py
[2026-05-30T10:36:20.202+0000] {processor.py:840} INFO - DAG(s) 'tutorial_dag' retrieved from /home/airflow/.local/lib/python3.8/site-packages/airflow/example_dags/tutorial_dag.py
[2026-05-30T10:36:20.220+0000] {logging_mixin.py:188} INFO - [2026-05-30T10:36:20.220+0000] {dag.py:3047} INFO - Sync 1 DAGs
[2026-05-30T10:36:20.231+0000] {logging_mixin.py:188} INFO - [2026-05-30T10:36:20.231+0000] {dag.py:3834} INFO - Setting next_dagrun for tutorial_dag to None, run_after=None
[2026-05-30T10:36:20.250+0000] {processor.py:183} INFO - Processing /home/airflow/.local/lib/python3.8/site-packages/airflow/example_dags/tutorial_dag.py took 0.060 seconds
[2026-05-30T10:36:50.592+0000] {processor.py:161} INFO - Started process (PID=2272) to work on /home/airflow/.local/lib/python3.8/site-packages/airflow/example_dags/tutorial_dag.py
[2026-05-30T10:36:50.594+0000] {processor.py:830} INFO - Processing file /home/airflow/.local/lib/python3.8/site-packages/airflow/example_dags/tutorial_dag.py for tasks to queue
[2026-05-30T10:36:50.598+0000] {logging_mixin.py:188} INFO - [2026-05-30T10:36:50.597+0000] {dagbag.py:540} INFO - Filling up the DagBag from /home/airflow/.local/lib/python3.8/site-packages/airflow/example_dags/tutorial_dag.py
[2026-05-30T10:36:50.604+0000] {processor.py:840} INFO - DAG(s) 'tutorial_dag' retrieved from /home/airflow/.local/lib/python3.8/site-packages/airflow/example_dags/tutorial_dag.py
[2026-05-30T10:36:50.630+0000] {logging_mixin.py:188} INFO - [2026-05-30T10:36:50.629+0000] {dag.py:3047} INFO - Sync 1 DAGs
[2026-05-30T10:36:50.646+0000] {logging_mixin.py:188} INFO - [2026-05-30T10:36:50.646+0000] {dag.py:3834} INFO - Setting next_dagrun for tutorial_dag to None, run_after=None
[2026-05-30T10:36:50.795+0000] {processor.py:183} INFO - Processing /home/airflow/.local/lib/python3.8/site-packages/airflow/example_dags/tutorial_dag.py took 0.210 seconds
[2026-05-30T10:37:21.415+0000] {processor.py:161} INFO - Started process (PID=2327) to work on /home/airflow/.local/lib/python3.8/site-packages/airflow/example_dags/tutorial_dag.py
[2026-05-30T10:37:21.417+0000] {processor.py:830} INFO - Processing file /home/airflow/.local/lib/python3.8/site-packages/airflow/example_dags/tutorial_dag.py for tasks to queue
[2026-05-30T10:37:21.420+0000] {logging_mixin.py:188} INFO - [2026-05-30T10:37:21.419+0000] {dagbag.py:540} INFO - Filling up the DagBag from /home/airflow/.local/lib/python3.8/site-packages/airflow/example_dags/tutorial_dag.py
[2026-05-30T10:37:21.425+0000] {processor.py:840} INFO - DAG(s) 'tutorial_dag' retrieved from /home/airflow/.local/lib/python3.8/site-packages/airflow/example_dags/tutorial_dag.py
[2026-05-30T10:37:21.446+0000] {logging_mixin.py:188} INFO - [2026-05-30T10:37:21.446+0000] {dag.py:3047} INFO - Sync 1 DAGs
[2026-05-30T10:37:21.458+0000] {logging_mixin.py:188} INFO - [2026-05-30T10:37:21.458+0000] {dag.py:3834} INFO - Setting next_dagrun for tutorial_dag to None, run_after=None
[2026-05-30T10:37:21.607+0000] {processor.py:183} INFO - Processing /home/airflow/.local/lib/python3.8/site-packages/airflow/example_dags/tutorial_dag.py took 0.195 seconds
[2026-05-30T10:37:52.367+0000] {processor.py:161} INFO - Started process (PID=2380) to work on /home/airflow/.local/lib/python3.8/site-packages/airflow/example_dags/tutorial_dag.py
[2026-05-30T10:37:52.369+0000] {processor.py:830} INFO - Processing file /home/airflow/.local/lib/python3.8/site-packages/airflow/example_dags/tutorial_dag.py for tasks to queue
[2026-05-30T10:37:52.372+0000] {logging_mixin.py:188} INFO - [2026-05-30T10:37:52.371+0000] {dagbag.py:540} INFO - Filling up the DagBag from /home/airflow/.local/lib/python3.8/site-packages/airflow/example_dags/tutorial_dag.py
[2026-05-30T10:37:52.380+0000] {processor.py:840} INFO - DAG(s) 'tutorial_dag' retrieved from /home/airflow/.local/lib/python3.8/site-packages/airflow/example_dags/tutorial_dag.py
[2026-05-30T10:37:52.411+0000] {logging_mixin.py:188} INFO - [2026-05-30T10:37:52.411+0000] {dag.py:3047} INFO - Sync 1 DAGs
[2026-05-30T10:37:52.427+0000] {logging_mixin.py:188} INFO - [2026-05-30T10:37:52.427+0000] {dag.py:3834} INFO - Setting next_dagrun for tutorial_dag to None, run_after=None
[2026-05-30T10:37:52.449+0000] {processor.py:183} INFO - Processing /home/airflow/.local/lib/python3.8/site-packages/airflow/example_dags/tutorial_dag.py took 0.087 seconds
[2026-05-30T10:38:23.570+0000] {processor.py:161} INFO - Started process (PID=2435) to work on /home/airflow/.local/lib/python3.8/site-packages/airflow/example_dags/tutorial_dag.py
[2026-05-30T10:38:23.572+0000] {processor.py:830} INFO - Processing file /home/airflow/.local/lib/python3.8/site-packages/airflow/example_dags/tutorial_dag.py for tasks to queue
[2026-05-30T10:38:23.574+0000] {logging_mixin.py:188} INFO - [2026-05-30T10:38:23.574+0000] {dagbag.py:540} INFO - Filling up the DagBag from /home/airflow/.local/lib/python3.8/site-packages/airflow/example_dags/tutorial_dag.py
[2026-05-30T10:38:23.584+0000] {processor.py:840} INFO - DAG(s) 'tutorial_dag' retrieved from /home/airflow/.local/lib/python3.8/site-packages/airflow/example_dags/tutorial_dag.py
[2026-05-30T10:38:23.614+0000] {logging_mixin.py:188} INFO - [2026-05-30T10:38:23.613+0000] {dag.py:3047} INFO - Sync 1 DAGs
[2026-05-30T10:38:23.628+0000] {logging_mixin.py:188} INFO - [2026-05-30T10:38:23.628+0000] {dag.py:3834} INFO - Setting next_dagrun for tutorial_dag to None, run_after=None
[2026-05-30T10:38:23.658+0000] {processor.py:183} INFO - Processing /home/airflow/.local/lib/python3.8/site-packages/airflow/example_dags/tutorial_dag.py took 0.092 seconds
[2026-05-30T10:38:53.888+0000] {processor.py:161} INFO - Started process (PID=2490) to work on /home/airflow/.local/lib/python3.8/site-packages/airflow/example_dags/tutorial_dag.py
[2026-05-30T10:38:53.890+0000] {processor.py:830} INFO - Processing file /home/airflow/.local/lib/python3.8/site-packages/airflow/example_dags/tutorial_dag.py for tasks to queue
[2026-05-30T10:38:53.893+0000] {logging_mixin.py:188} INFO - [2026-05-30T10:38:53.892+0000] {dagbag.py:540} INFO - Filling up the DagBag from /home/airflow/.local/lib/python3.8/site-packages/airflow/example_dags/tutorial_dag.py
[2026-05-30T10:38:53.899+0000] {processor.py:840} INFO - DAG(s) 'tutorial_dag' retrieved from /home/airflow/.local/lib/python3.8/site-packages/airflow/example_dags/tutorial_dag.py
[2026-05-30T10:38:53.926+0000] {logging_mixin.py:188} INFO - [2026-05-30T10:38:53.925+0000] {dag.py:3047} INFO - Sync 1 DAGs
[2026-05-30T10:38:53.942+0000] {logging_mixin.py:188} INFO - [2026-05-30T10:38:53.942+0000] {dag.py:3834} INFO - Setting next_dagrun for tutorial_dag to None, run_after=None
[2026-05-30T10:38:53.974+0000] {processor.py:183} INFO - Processing /home/airflow/.local/lib/python3.8/site-packages/airflow/example_dags/tutorial_dag.py took 0.089 seconds
[2026-05-30T10:39:24.009+0000] {processor.py:161} INFO - Started process (PID=2544) to work on /home/airflow/.local/lib/python3.8/site-packages/airflow/example_dags/tutorial_dag.py
[2026-05-30T10:39:24.010+0000] {processor.py:830} INFO - Processing file /home/airflow/.local/lib/python3.8/site-packages/airflow/example_dags/tutorial_dag.py for tasks to queue
[2026-05-30T10:39:24.014+0000] {logging_mixin.py:188} INFO - [2026-05-30T10:39:24.013+0000] {dagbag.py:540} INFO - Filling up the DagBag from /home/airflow/.local/lib/python3.8/site-packages/airflow/example_dags/tutorial_dag.py
[2026-05-30T10:39:24.025+0000] {processor.py:840} INFO - DAG(s) 'tutorial_dag' retrieved from /home/airflow/.local/lib/python3.8/site-packages/airflow/example_dags/tutorial_dag.py
[2026-05-30T10:39:24.052+0000] {logging_mixin.py:188} INFO - [2026-05-30T10:39:24.051+0000] {dag.py:3047} INFO - Sync 1 DAGs
[2026-05-30T10:39:24.067+0000] {logging_mixin.py:188} INFO - [2026-05-30T10:39:24.066+0000] {dag.py:3834} INFO - Setting next_dagrun for tutorial_dag to None, run_after=None
[2026-05-30T10:39:24.090+0000] {processor.py:183} INFO - Processing /home/airflow/.local/lib/python3.8/site-packages/airflow/example_dags/tutorial_dag.py took 0.084 seconds
[2026-05-30T10:39:54.227+0000] {processor.py:161} INFO - Started process (PID=2600) to work on /home/airflow/.local/lib/python3.8/site-packages/airflow/example_dags/tutorial_dag.py
[2026-05-30T10:39:54.228+0000] {processor.py:830} INFO - Processing file /home/airflow/.local/lib/python3.8/site-packages/airflow/example_dags/tutorial_dag.py for tasks to queue
[2026-05-30T10:39:54.230+0000] {logging_mixin.py:188} INFO - [2026-05-30T10:39:54.229+0000] {dagbag.py:540} INFO - Filling up the DagBag from /home/airflow/.local/lib/python3.8/site-packages/airflow/example_dags/tutorial_dag.py
[2026-05-30T10:39:54.235+0000] {processor.py:840} INFO - DAG(s) 'tutorial_dag' retrieved from /home/airflow/.local/lib/python3.8/site-packages/airflow/example_dags/tutorial_dag.py
[2026-05-30T10:39:54.254+0000] {logging_mixin.py:188} INFO - [2026-05-30T10:39:54.254+0000] {dag.py:3047} INFO - Sync 1 DAGs
[2026-05-30T10:39:54.265+0000] {logging_mixin.py:188} INFO - [2026-05-30T10:39:54.265+0000] {dag.py:3834} INFO - Setting next_dagrun for tutorial_dag to None, run_after=None
[2026-05-30T10:39:54.290+0000] {processor.py:183} INFO - Processing /home/airflow/.local/lib/python3.8/site-packages/airflow/example_dags/tutorial_dag.py took 0.066 seconds
[2026-05-30T10:40:24.360+0000] {processor.py:161} INFO - Started process (PID=2655) to work on /home/airflow/.local/lib/python3.8/site-packages/airflow/example_dags/tutorial_dag.py
[2026-05-30T10:40:24.361+0000] {processor.py:830} INFO - Processing file /home/airflow/.local/lib/python3.8/site-packages/airflow/example_dags/tutorial_dag.py for tasks to queue
[2026-05-30T10:40:24.363+0000] {logging_mixin.py:188} INFO - [2026-05-30T10:40:24.363+0000] {dagbag.py:540} INFO - Filling up the DagBag from /home/airflow/.local/lib/python3.8/site-packages/airflow/example_dags/tutorial_dag.py
[2026-05-30T10:40:24.368+0000] {processor.py:840} INFO - DAG(s) 'tutorial_dag' retrieved from /home/airflow/.local/lib/python3.8/site-packages/airflow/example_dags/tutorial_dag.py
[2026-05-30T10:40:24.388+0000] {logging_mixin.py:188} INFO - [2026-05-30T10:40:24.388+0000] {dag.py:3047} INFO - Sync 1 DAGs
[2026-05-30T10:40:24.399+0000] {logging_mixin.py:188} INFO - [2026-05-30T10:40:24.399+0000] {dag.py:3834} INFO - Setting next_dagrun for tutorial_dag to None, run_after=None
[2026-05-30T10:40:24.418+0000] {processor.py:183} INFO - Processing /home/airflow/.local/lib/python3.8/site-packages/airflow/example_dags/tutorial_dag.py took 0.062 seconds
[2026-05-30T10:40:54.686+0000] {processor.py:161} INFO - Started process (PID=2710) to work on /home/airflow/.local/lib/python3.8/site-packages/airflow/example_dags/tutorial_dag.py
[2026-05-30T10:40:54.687+0000] {processor.py:830} INFO - Processing file /home/airflow/.local/lib/python3.8/site-packages/airflow/example_dags/tutorial_dag.py for tasks to queue
[2026-05-30T10:40:54.689+0000] {logging_mixin.py:188} INFO - [2026-05-30T10:40:54.689+0000] {dagbag.py:540} INFO - Filling up the DagBag from /home/airflow/.local/lib/python3.8/site-packages/airflow/example_dags/tutorial_dag.py
[2026-05-30T10:40:54.697+0000] {processor.py:840} INFO - DAG(s) 'tutorial_dag' retrieved from /home/airflow/.local/lib/python3.8/site-packages/airflow/example_dags/tutorial_dag.py
[2026-05-30T10:40:54.715+0000] {logging_mixin.py:188} INFO - [2026-05-30T10:40:54.715+0000] {dag.py:3047} INFO - Sync 1 DAGs
[2026-05-30T10:40:54.724+0000] {logging_mixin.py:188} INFO - [2026-05-30T10:40:54.724+0000] {dag.py:3834} INFO - Setting next_dagrun for tutorial_dag to None, run_after=None
[2026-05-30T10:40:54.739+0000] {processor.py:183} INFO - Processing /home/airflow/.local/lib/python3.8/site-packages/airflow/example_dags/tutorial_dag.py took 0.056 seconds
[2026-05-30T10:41:25.013+0000] {processor.py:161} INFO - Started process (PID=2765) to work on /home/airflow/.local/lib/python3.8/site-packages/airflow/example_dags/tutorial_dag.py
[2026-05-30T10:41:25.014+0000] {processor.py:830} INFO - Processing file /home/airflow/.local/lib/python3.8/site-packages/airflow/example_dags/tutorial_dag.py for tasks to queue
[2026-05-30T10:41:25.016+0000] {logging_mixin.py:188} INFO - [2026-05-30T10:41:25.016+0000] {dagbag.py:540} INFO - Filling up the DagBag from /home/airflow/.local/lib/python3.8/site-packages/airflow/example_dags/tutorial_dag.py
[2026-05-30T10:41:25.021+0000] {processor.py:840} INFO - DAG(s) 'tutorial_dag' retrieved from /home/airflow/.local/lib/python3.8/site-packages/airflow/example_dags/tutorial_dag.py
[2026-05-30T10:41:25.042+0000] {logging_mixin.py:188} INFO - [2026-05-30T10:41:25.041+0000] {dag.py:3047} INFO - Sync 1 DAGs
[2026-05-30T10:41:25.054+0000] {logging_mixin.py:188} INFO - [2026-05-30T10:41:25.054+0000] {dag.py:3834} INFO - Setting next_dagrun for tutorial_dag to None, run_after=None
[2026-05-30T10:41:25.072+0000] {processor.py:183} INFO - Processing /home/airflow/.local/lib/python3.8/site-packages/airflow/example_dags/tutorial_dag.py took 0.062 seconds
[2026-05-30T10:41:55.223+0000] {processor.py:161} INFO - Started process (PID=2820) to work on /home/airflow/.local/lib/python3.8/site-packages/airflow/example_dags/tutorial_dag.py
[2026-05-30T10:41:55.224+0000] {processor.py:830} INFO - Processing file /home/airflow/.local/lib/python3.8/site-packages/airflow/example_dags/tutorial_dag.py for tasks to queue
[2026-05-30T10:41:55.227+0000] {logging_mixin.py:188} INFO - [2026-05-30T10:41:55.227+0000] {dagbag.py:540} INFO - Filling up the DagBag from /home/airflow/.local/lib/python3.8/site-packages/airflow/example_dags/tutorial_dag.py
[2026-05-30T10:41:55.233+0000] {processor.py:840} INFO - DAG(s) 'tutorial_dag' retrieved from /home/airflow/.local/lib/python3.8/site-packages/airflow/example_dags/tutorial_dag.py
[2026-05-30T10:41:55.252+0000] {logging_mixin.py:188} INFO - [2026-05-30T10:41:55.251+0000] {dag.py:3047} INFO - Sync 1 DAGs
[2026-05-30T10:41:55.261+0000] {logging_mixin.py:188} INFO - [2026-05-30T10:41:55.261+0000] {dag.py:3834} INFO - Setting next_dagrun for tutorial_dag to None, run_after=None
[2026-05-30T10:41:55.282+0000] {processor.py:183} INFO - Processing /home/airflow/.local/lib/python3.8/site-packages/airflow/example_dags/tutorial_dag.py took 0.063 seconds
[2026-05-30T10:42:25.603+0000] {processor.py:161} INFO - Started process (PID=2875) to work on /home/airflow/.local/lib/python3.8/site-packages/airflow/example_dags/tutorial_dag.py
[2026-05-30T10:42:25.604+0000] {processor.py:830} INFO - Processing file /home/airflow/.local/lib/python3.8/site-packages/airflow/example_dags/tutorial_dag.py for tasks to queue
[2026-05-30T10:42:25.606+0000] {logging_mixin.py:188} INFO - [2026-05-30T10:42:25.606+0000] {dagbag.py:540} INFO - Filling up the DagBag from /home/airflow/.local/lib/python3.8/site-packages/airflow/example_dags/tutorial_dag.py
[2026-05-30T10:42:25.612+0000] {processor.py:840} INFO - DAG(s) 'tutorial_dag' retrieved from /home/airflow/.local/lib/python3.8/site-packages/airflow/example_dags/tutorial_dag.py
[2026-05-30T10:42:25.634+0000] {logging_mixin.py:188} INFO - [2026-05-30T10:42:25.633+0000] {dag.py:3047} INFO - Sync 1 DAGs
[2026-05-30T10:42:25.644+0000] {logging_mixin.py:188} INFO - [2026-05-30T10:42:25.644+0000] {dag.py:3834} INFO - Setting next_dagrun for tutorial_dag to None, run_after=None
[2026-05-30T10:42:25.659+0000] {processor.py:183} INFO - Processing /home/airflow/.local/lib/python3.8/site-packages/airflow/example_dags/tutorial_dag.py took 0.060 seconds
[2026-05-30T10:42:56.448+0000] {processor.py:161} INFO - Started process (PID=2930) to work on /home/airflow/.local/lib/python3.8/site-packages/airflow/example_dags/tutorial_dag.py
[2026-05-30T10:42:56.449+0000] {processor.py:830} INFO - Processing file /home/airflow/.local/lib/python3.8/site-packages/airflow/example_dags/tutorial_dag.py for tasks to queue
[2026-05-30T10:42:56.453+0000] {logging_mixin.py:188} INFO - [2026-05-30T10:42:56.452+0000] {dagbag.py:540} INFO - Filling up the DagBag from /home/airflow/.local/lib/python3.8/site-packages/airflow/example_dags/tutorial_dag.py
[2026-05-30T10:42:56.460+0000] {processor.py:840} INFO - DAG(s) 'tutorial_dag' retrieved from /home/airflow/.local/lib/python3.8/site-packages/airflow/example_dags/tutorial_dag.py
[2026-05-30T10:42:56.486+0000] {logging_mixin.py:188} INFO - [2026-05-30T10:42:56.485+0000] {dag.py:3047} INFO - Sync 1 DAGs
[2026-05-30T10:42:56.498+0000] {logging_mixin.py:188} INFO - [2026-05-30T10:42:56.498+0000] {dag.py:3834} INFO - Setting next_dagrun for tutorial_dag to None, run_after=None
[2026-05-30T10:42:56.519+0000] {processor.py:183} INFO - Processing /home/airflow/.local/lib/python3.8/site-packages/airflow/example_dags/tutorial_dag.py took 0.074 seconds
[2026-05-30T10:43:27.227+0000] {processor.py:161} INFO - Started process (PID=2985) to work on /home/airflow/.local/lib/python3.8/site-packages/airflow/example_dags/tutorial_dag.py
[2026-05-30T10:43:27.229+0000] {processor.py:830} INFO - Processing file /home/airflow/.local/lib/python3.8/site-packages/airflow/example_dags/tutorial_dag.py for tasks to queue
[2026-05-30T10:43:27.232+0000] {logging_mixin.py:188} INFO - [2026-05-30T10:43:27.232+0000] {dagbag.py:540} INFO - Filling up the DagBag from /home/airflow/.local/lib/python3.8/site-packages/airflow/example_dags/tutorial_dag.py
[2026-05-30T10:43:27.240+0000] {processor.py:840} INFO - DAG(s) 'tutorial_dag' retrieved from /home/airflow/.local/lib/python3.8/site-packages/airflow/example_dags/tutorial_dag.py
[2026-05-30T10:43:27.263+0000] {logging_mixin.py:188} INFO - [2026-05-30T10:43:27.263+0000] {dag.py:3047} INFO - Sync 1 DAGs
[2026-05-30T10:43:27.275+0000] {logging_mixin.py:188} INFO - [2026-05-30T10:43:27.275+0000] {dag.py:3834} INFO - Setting next_dagrun for tutorial_dag to None, run_after=None
[2026-05-30T10:43:27.299+0000] {processor.py:183} INFO - Processing /home/airflow/.local/lib/python3.8/site-packages/airflow/example_dags/tutorial_dag.py took 0.076 seconds
[2026-05-30T10:43:57.986+0000] {processor.py:161} INFO - Started process (PID=3039) to work on /home/airflow/.local/lib/python3.8/site-packages/airflow/example_dags/tutorial_dag.py
[2026-05-30T10:43:57.988+0000] {processor.py:830} INFO - Processing file /home/airflow/.local/lib/python3.8/site-packages/airflow/example_dags/tutorial_dag.py for tasks to queue
[2026-05-30T10:43:57.990+0000] {logging_mixin.py:188} INFO - [2026-05-30T10:43:57.989+0000] {dagbag.py:540} INFO - Filling up the DagBag from /home/airflow/.local/lib/python3.8/site-packages/airflow/example_dags/tutorial_dag.py
[2026-05-30T10:43:57.995+0000] {processor.py:840} INFO - DAG(s) 'tutorial_dag' retrieved from /home/airflow/.local/lib/python3.8/site-packages/airflow/example_dags/tutorial_dag.py
[2026-05-30T10:43:58.016+0000] {logging_mixin.py:188} INFO - [2026-05-30T10:43:58.015+0000] {dag.py:3047} INFO - Sync 1 DAGs
[2026-05-30T10:43:58.025+0000] {logging_mixin.py:188} INFO - [2026-05-30T10:43:58.025+0000] {dag.py:3834} INFO - Setting next_dagrun for tutorial_dag to None, run_after=None
[2026-05-30T10:43:58.046+0000] {processor.py:183} INFO - Processing /home/airflow/.local/lib/python3.8/site-packages/airflow/example_dags/tutorial_dag.py took 0.064 seconds
[2026-05-30T10:44:28.835+0000] {processor.py:161} INFO - Started process (PID=3095) to work on /home/airflow/.local/lib/python3.8/site-packages/airflow/example_dags/tutorial_dag.py
[2026-05-30T10:44:28.836+0000] {processor.py:830} INFO - Processing file /home/airflow/.local/lib/python3.8/site-packages/airflow/example_dags/tutorial_dag.py for tasks to queue
[2026-05-30T10:44:28.838+0000] {logging_mixin.py:188} INFO - [2026-05-30T10:44:28.838+0000] {dagbag.py:540} INFO - Filling up the DagBag from /home/airflow/.local/lib/python3.8/site-packages/airflow/example_dags/tutorial_dag.py
[2026-05-30T10:44:28.843+0000] {processor.py:840} INFO - DAG(s) 'tutorial_dag' retrieved from /home/airflow/.local/lib/python3.8/site-packages/airflow/example_dags/tutorial_dag.py
[2026-05-30T10:44:28.862+0000] {logging_mixin.py:188} INFO - [2026-05-30T10:44:28.862+0000] {dag.py:3047} INFO - Sync 1 DAGs
[2026-05-30T10:44:28.872+0000] {logging_mixin.py:188} INFO - [2026-05-30T10:44:28.872+0000] {dag.py:3834} INFO - Setting next_dagrun for tutorial_dag to None, run_after=None
[2026-05-30T10:44:28.893+0000] {processor.py:183} INFO - Processing /home/airflow/.local/lib/python3.8/site-packages/airflow/example_dags/tutorial_dag.py took 0.061 seconds
[2026-05-30T10:44:59.254+0000] {processor.py:161} INFO - Started process (PID=3150) to work on /home/airflow/.local/lib/python3.8/site-packages/airflow/example_dags/tutorial_dag.py
[2026-05-30T10:44:59.255+0000] {processor.py:830} INFO - Processing file /home/airflow/.local/lib/python3.8/site-packages/airflow/example_dags/tutorial_dag.py for tasks to queue
[2026-05-30T10:44:59.257+0000] {logging_mixin.py:188} INFO - [2026-05-30T10:44:59.256+0000] {dagbag.py:540} INFO - Filling up the DagBag from /home/airflow/.local/lib/python3.8/site-packages/airflow/example_dags/tutorial_dag.py
[2026-05-30T10:44:59.262+0000] {processor.py:840} INFO - DAG(s) 'tutorial_dag' retrieved from /home/airflow/.local/lib/python3.8/site-packages/airflow/example_dags/tutorial_dag.py
[2026-05-30T10:44:59.279+0000] {logging_mixin.py:188} INFO - [2026-05-30T10:44:59.279+0000] {dag.py:3047} INFO - Sync 1 DAGs
[2026-05-30T10:44:59.289+0000] {logging_mixin.py:188} INFO - [2026-05-30T10:44:59.289+0000] {dag.py:3834} INFO - Setting next_dagrun for tutorial_dag to None, run_after=None
[2026-05-30T10:44:59.309+0000] {processor.py:183} INFO - Processing /home/airflow/.local/lib/python3.8/site-packages/airflow/example_dags/tutorial_dag.py took 0.058 seconds
[2026-05-30T10:45:29.427+0000] {processor.py:161} INFO - Started process (PID=3206) to work on /home/airflow/.local/lib/python3.8/site-packages/airflow/example_dags/tutorial_dag.py
[2026-05-30T10:45:29.428+0000] {processor.py:830} INFO - Processing file /home/airflow/.local/lib/python3.8/site-packages/airflow/example_dags/tutorial_dag.py for tasks to queue
[2026-05-30T10:45:29.430+0000] {logging_mixin.py:188} INFO - [2026-05-30T10:45:29.430+0000] {dagbag.py:540} INFO - Filling up the DagBag from /home/airflow/.local/lib/python3.8/site-packages/airflow/example_dags/tutorial_dag.py
[2026-05-30T10:45:29.435+0000] {processor.py:840} INFO - DAG(s) 'tutorial_dag' retrieved from /home/airflow/.local/lib/python3.8/site-packages/airflow/example_dags/tutorial_dag.py
[2026-05-30T10:45:29.453+0000] {logging_mixin.py:188} INFO - [2026-05-30T10:45:29.453+0000] {dag.py:3047} INFO - Sync 1 DAGs
[2026-05-30T10:45:29.463+0000] {logging_mixin.py:188} INFO - [2026-05-30T10:45:29.463+0000] {dag.py:3834} INFO - Setting next_dagrun for tutorial_dag to None, run_after=None
[2026-05-30T10:45:29.482+0000] {processor.py:183} INFO - Processing /home/airflow/.local/lib/python3.8/site-packages/airflow/example_dags/tutorial_dag.py took 0.058 seconds
[2026-05-30T10:45:59.567+0000] {processor.py:161} INFO - Started process (PID=3261) to work on /home/airflow/.local/lib/python3.8/site-packages/airflow/example_dags/tutorial_dag.py
[2026-05-30T10:45:59.569+0000] {processor.py:830} INFO - Processing file /home/airflow/.local/lib/python3.8/site-packages/airflow/example_dags/tutorial_dag.py for tasks to queue
[2026-05-30T10:45:59.570+0000] {logging_mixin.py:188} INFO - [2026-05-30T10:45:59.570+0000] {dagbag.py:540} INFO - Filling up the DagBag from /home/airflow/.local/lib/python3.8/site-packages/airflow/example_dags/tutorial_dag.py
[2026-05-30T10:45:59.578+0000] {processor.py:840} INFO - DAG(s) 'tutorial_dag' retrieved from /home/airflow/.local/lib/python3.8/site-packages/airflow/example_dags/tutorial_dag.py
[2026-05-30T10:45:59.599+0000] {logging_mixin.py:188} INFO - [2026-05-30T10:45:59.599+0000] {dag.py:3047} INFO - Sync 1 DAGs
[2026-05-30T10:45:59.609+0000] {logging_mixin.py:188} INFO - [2026-05-30T10:45:59.609+0000] {dag.py:3834} INFO - Setting next_dagrun for tutorial_dag to None, run_after=None
[2026-05-30T10:45:59.627+0000] {processor.py:183} INFO - Processing /home/airflow/.local/lib/python3.8/site-packages/airflow/example_dags/tutorial_dag.py took 0.062 seconds
[2026-05-30T10:46:29.769+0000] {processor.py:161} INFO - Started process (PID=3316) to work on /home/airflow/.local/lib/python3.8/site-packages/airflow/example_dags/tutorial_dag.py
[2026-05-30T10:46:29.770+0000] {processor.py:830} INFO - Processing file /home/airflow/.local/lib/python3.8/site-packages/airflow/example_dags/tutorial_dag.py for tasks to queue
[2026-05-30T10:46:29.773+0000] {logging_mixin.py:188} INFO - [2026-05-30T10:46:29.772+0000] {dagbag.py:540} INFO - Filling up the DagBag from /home/airflow/.local/lib/python3.8/site-packages/airflow/example_dags/tutorial_dag.py
[2026-05-30T10:46:29.777+0000] {processor.py:840} INFO - DAG(s) 'tutorial_dag' retrieved from /home/airflow/.local/lib/python3.8/site-packages/airflow/example_dags/tutorial_dag.py
[2026-05-30T10:46:29.798+0000] {logging_mixin.py:188} INFO - [2026-05-30T10:46:29.797+0000] {dag.py:3047} INFO - Sync 1 DAGs
[2026-05-30T10:46:29.808+0000] {logging_mixin.py:188} INFO - [2026-05-30T10:46:29.808+0000] {dag.py:3834} INFO - Setting next_dagrun for tutorial_dag to None, run_after=None
[2026-05-30T10:46:29.825+0000] {processor.py:183} INFO - Processing /home/airflow/.local/lib/python3.8/site-packages/airflow/example_dags/tutorial_dag.py took 0.060 seconds
[2026-05-30T10:47:00.017+0000] {processor.py:161} INFO - Started process (PID=3371) to work on /home/airflow/.local/lib/python3.8/site-packages/airflow/example_dags/tutorial_dag.py
[2026-05-30T10:47:00.019+0000] {processor.py:830} INFO - Processing file /home/airflow/.local/lib/python3.8/site-packages/airflow/example_dags/tutorial_dag.py for tasks to queue
[2026-05-30T10:47:00.021+0000] {logging_mixin.py:188} INFO - [2026-05-30T10:47:00.021+0000] {dagbag.py:540} INFO - Filling up the DagBag from /home/airflow/.local/lib/python3.8/site-packages/airflow/example_dags/tutorial_dag.py
[2026-05-30T10:47:00.027+0000] {processor.py:840} INFO - DAG(s) 'tutorial_dag' retrieved from /home/airflow/.local/lib/python3.8/site-packages/airflow/example_dags/tutorial_dag.py
[2026-05-30T10:47:00.044+0000] {logging_mixin.py:188} INFO - [2026-05-30T10:47:00.043+0000] {dag.py:3047} INFO - Sync 1 DAGs
[2026-05-30T10:47:00.053+0000] {logging_mixin.py:188} INFO - [2026-05-30T10:47:00.052+0000] {dag.py:3834} INFO - Setting next_dagrun for tutorial_dag to None, run_after=None
[2026-05-30T10:47:00.068+0000] {processor.py:183} INFO - Processing /home/airflow/.local/lib/python3.8/site-packages/airflow/example_dags/tutorial_dag.py took 0.055 seconds
[2026-05-30T10:47:30.393+0000] {processor.py:161} INFO - Started process (PID=3426) to work on /home/airflow/.local/lib/python3.8/site-packages/airflow/example_dags/tutorial_dag.py
[2026-05-30T10:47:30.395+0000] {processor.py:830} INFO - Processing file /home/airflow/.local/lib/python3.8/site-packages/airflow/example_dags/tutorial_dag.py for tasks to queue
[2026-05-30T10:47:30.397+0000] {logging_mixin.py:188} INFO - [2026-05-30T10:47:30.397+0000] {dagbag.py:540} INFO - Filling up the DagBag from /home/airflow/.local/lib/python3.8/site-packages/airflow/example_dags/tutorial_dag.py
[2026-05-30T10:47:30.405+0000] {processor.py:840} INFO - DAG(s) 'tutorial_dag' retrieved from /home/airflow/.local/lib/python3.8/site-packages/airflow/example_dags/tutorial_dag.py
[2026-05-30T10:47:30.427+0000] {logging_mixin.py:188} INFO - [2026-05-30T10:47:30.427+0000] {dag.py:3047} INFO - Sync 1 DAGs
[2026-05-30T10:47:30.438+0000] {logging_mixin.py:188} INFO - [2026-05-30T10:47:30.438+0000] {dag.py:3834} INFO - Setting next_dagrun for tutorial_dag to None, run_after=None
[2026-05-30T10:47:30.457+0000] {processor.py:183} INFO - Processing /home/airflow/.local/lib/python3.8/site-packages/airflow/example_dags/tutorial_dag.py took 0.067 seconds
[2026-05-30T10:48:00.702+0000] {processor.py:161} INFO - Started process (PID=3481) to work on /home/airflow/.local/lib/python3.8/site-packages/airflow/example_dags/tutorial_dag.py
[2026-05-30T10:48:00.703+0000] {processor.py:830} INFO - Processing file /home/airflow/.local/lib/python3.8/site-packages/airflow/example_dags/tutorial_dag.py for tasks to queue
[2026-05-30T10:48:00.706+0000] {logging_mixin.py:188} INFO - [2026-05-30T10:48:00.706+0000] {dagbag.py:540} INFO - Filling up the DagBag from /home/airflow/.local/lib/python3.8/site-packages/airflow/example_dags/tutorial_dag.py
[2026-05-30T10:48:00.713+0000] {processor.py:840} INFO - DAG(s) 'tutorial_dag' retrieved from /home/airflow/.local/lib/python3.8/site-packages/airflow/example_dags/tutorial_dag.py
[2026-05-30T10:48:00.754+0000] {logging_mixin.py:188} INFO - [2026-05-30T10:48:00.753+0000] {dag.py:3047} INFO - Sync 1 DAGs
[2026-05-30T10:48:00.774+0000] {logging_mixin.py:188} INFO - [2026-05-30T10:48:00.773+0000] {dag.py:3834} INFO - Setting next_dagrun for tutorial_dag to None, run_after=None
[2026-05-30T10:48:00.809+0000] {processor.py:183} INFO - Processing /home/airflow/.local/lib/python3.8/site-packages/airflow/example_dags/tutorial_dag.py took 0.111 seconds
[2026-05-30T10:48:31.686+0000] {processor.py:161} INFO - Started process (PID=3536) to work on /home/airflow/.local/lib/python3.8/site-packages/airflow/example_dags/tutorial_dag.py
[2026-05-30T10:48:31.688+0000] {processor.py:830} INFO - Processing file /home/airflow/.local/lib/python3.8/site-packages/airflow/example_dags/tutorial_dag.py for tasks to queue
[2026-05-30T10:48:31.690+0000] {logging_mixin.py:188} INFO - [2026-05-30T10:48:31.690+0000] {dagbag.py:540} INFO - Filling up the DagBag from /home/airflow/.local/lib/python3.8/site-packages/airflow/example_dags/tutorial_dag.py
[2026-05-30T10:48:31.700+0000] {processor.py:840} INFO - DAG(s) 'tutorial_dag' retrieved from /home/airflow/.local/lib/python3.8/site-packages/airflow/example_dags/tutorial_dag.py
[2026-05-30T10:48:31.732+0000] {logging_mixin.py:188} INFO - [2026-05-30T10:48:31.732+0000] {dag.py:3047} INFO - Sync 1 DAGs
[2026-05-30T10:48:31.746+0000] {logging_mixin.py:188} INFO - [2026-05-30T10:48:31.745+0000] {dag.py:3834} INFO - Setting next_dagrun for tutorial_dag to None, run_after=None
[2026-05-30T10:48:31.774+0000] {processor.py:183} INFO - Processing /home/airflow/.local/lib/python3.8/site-packages/airflow/example_dags/tutorial_dag.py took 0.093 seconds
[2026-05-30T10:49:01.967+0000] {processor.py:161} INFO - Started process (PID=3591) to work on /home/airflow/.local/lib/python3.8/site-packages/airflow/example_dags/tutorial_dag.py
[2026-05-30T10:49:01.968+0000] {processor.py:830} INFO - Processing file /home/airflow/.local/lib/python3.8/site-packages/airflow/example_dags/tutorial_dag.py for tasks to queue
[2026-05-30T10:49:01.971+0000] {logging_mixin.py:188} INFO - [2026-05-30T10:49:01.970+0000] {dagbag.py:540} INFO - Filling up the DagBag from /home/airflow/.local/lib/python3.8/site-packages/airflow/example_dags/tutorial_dag.py
[2026-05-30T10:49:01.976+0000] {processor.py:840} INFO - DAG(s) 'tutorial_dag' retrieved from /home/airflow/.local/lib/python3.8/site-packages/airflow/example_dags/tutorial_dag.py
[2026-05-30T10:49:01.994+0000] {logging_mixin.py:188} INFO - [2026-05-30T10:49:01.993+0000] {dag.py:3047} INFO - Sync 1 DAGs
[2026-05-30T10:49:02.003+0000] {logging_mixin.py:188} INFO - [2026-05-30T10:49:02.003+0000] {dag.py:3834} INFO - Setting next_dagrun for tutorial_dag to None, run_after=None
[2026-05-30T10:49:02.018+0000] {processor.py:183} INFO - Processing /home/airflow/.local/lib/python3.8/site-packages/airflow/example_dags/tutorial_dag.py took 0.054 seconds
[2026-05-30T10:49:32.714+0000] {processor.py:161} INFO - Started process (PID=3646) to work on /home/airflow/.local/lib/python3.8/site-packages/airflow/example_dags/tutorial_dag.py
[2026-05-30T10:49:32.715+0000] {processor.py:830} INFO - Processing file /home/airflow/.local/lib/python3.8/site-packages/airflow/example_dags/tutorial_dag.py for tasks to queue
[2026-05-30T10:49:32.717+0000] {logging_mixin.py:188} INFO - [2026-05-30T10:49:32.716+0000] {dagbag.py:540} INFO - Filling up the DagBag from /home/airflow/.local/lib/python3.8/site-packages/airflow/example_dags/tutorial_dag.py
[2026-05-30T10:49:32.723+0000] {processor.py:840} INFO - DAG(s) 'tutorial_dag' retrieved from /home/airflow/.local/lib/python3.8/site-packages/airflow/example_dags/tutorial_dag.py
[2026-05-30T10:49:32.744+0000] {logging_mixin.py:188} INFO - [2026-05-30T10:49:32.744+0000] {dag.py:3047} INFO - Sync 1 DAGs
[2026-05-30T10:49:32.758+0000] {logging_mixin.py:188} INFO - [2026-05-30T10:49:32.758+0000] {dag.py:3834} INFO - Setting next_dagrun for tutorial_dag to None, run_after=None
[2026-05-30T10:49:32.776+0000] {processor.py:183} INFO - Processing /home/airflow/.local/lib/python3.8/site-packages/airflow/example_dags/tutorial_dag.py took 0.067 seconds
[2026-05-30T10:50:03.066+0000] {processor.py:161} INFO - Started process (PID=3701) to work on /home/airflow/.local/lib/python3.8/site-packages/airflow/example_dags/tutorial_dag.py
[2026-05-30T10:50:03.067+0000] {processor.py:830} INFO - Processing file /home/airflow/.local/lib/python3.8/site-packages/airflow/example_dags/tutorial_dag.py for tasks to queue
[2026-05-30T10:50:03.069+0000] {logging_mixin.py:188} INFO - [2026-05-30T10:50:03.069+0000] {dagbag.py:540} INFO - Filling up the DagBag from /home/airflow/.local/lib/python3.8/site-packages/airflow/example_dags/tutorial_dag.py
[2026-05-30T10:50:03.074+0000] {processor.py:840} INFO - DAG(s) 'tutorial_dag' retrieved from /home/airflow/.local/lib/python3.8/site-packages/airflow/example_dags/tutorial_dag.py
[2026-05-30T10:50:03.093+0000] {logging_mixin.py:188} INFO - [2026-05-30T10:50:03.093+0000] {dag.py:3047} INFO - Sync 1 DAGs
[2026-05-30T10:50:03.103+0000] {logging_mixin.py:188} INFO - [2026-05-30T10:50:03.103+0000] {dag.py:3834} INFO - Setting next_dagrun for tutorial_dag to None, run_after=None
[2026-05-30T10:50:03.126+0000] {processor.py:183} INFO - Processing /home/airflow/.local/lib/python3.8/site-packages/airflow/example_dags/tutorial_dag.py took 0.063 seconds
[2026-05-30T10:50:33.784+0000] {processor.py:161} INFO - Started process (PID=3756) to work on /home/airflow/.local/lib/python3.8/site-packages/airflow/example_dags/tutorial_dag.py
[2026-05-30T10:50:33.785+0000] {processor.py:830} INFO - Processing file /home/airflow/.local/lib/python3.8/site-packages/airflow/example_dags/tutorial_dag.py for tasks to queue
[2026-05-30T10:50:33.786+0000] {logging_mixin.py:188} INFO - [2026-05-30T10:50:33.786+0000] {dagbag.py:540} INFO - Filling up the DagBag from /home/airflow/.local/lib/python3.8/site-packages/airflow/example_dags/tutorial_dag.py
[2026-05-30T10:50:33.791+0000] {processor.py:840} INFO - DAG(s) 'tutorial_dag' retrieved from /home/airflow/.local/lib/python3.8/site-packages/airflow/example_dags/tutorial_dag.py
[2026-05-30T10:50:33.807+0000] {logging_mixin.py:188} INFO - [2026-05-30T10:50:33.807+0000] {dag.py:3047} INFO - Sync 1 DAGs
[2026-05-30T10:50:33.817+0000] {logging_mixin.py:188} INFO - [2026-05-30T10:50:33.816+0000] {dag.py:3834} INFO - Setting next_dagrun for tutorial_dag to None, run_after=None
[2026-05-30T10:50:33.833+0000] {processor.py:183} INFO - Processing /home/airflow/.local/lib/python3.8/site-packages/airflow/example_dags/tutorial_dag.py took 0.053 seconds
[2026-05-30T10:51:04.569+0000] {processor.py:161} INFO - Started process (PID=3811) to work on /home/airflow/.local/lib/python3.8/site-packages/airflow/example_dags/tutorial_dag.py
[2026-05-30T10:51:04.570+0000] {processor.py:830} INFO - Processing file /home/airflow/.local/lib/python3.8/site-packages/airflow/example_dags/tutorial_dag.py for tasks to queue
[2026-05-30T10:51:04.572+0000] {logging_mixin.py:188} INFO - [2026-05-30T10:51:04.572+0000] {dagbag.py:540} INFO - Filling up the DagBag from /home/airflow/.local/lib/python3.8/site-packages/airflow/example_dags/tutorial_dag.py
[2026-05-30T10:51:04.577+0000] {processor.py:840} INFO - DAG(s) 'tutorial_dag' retrieved from /home/airflow/.local/lib/python3.8/site-packages/airflow/example_dags/tutorial_dag.py
[2026-05-30T10:51:04.597+0000] {logging_mixin.py:188} INFO - [2026-05-30T10:51:04.597+0000] {dag.py:3047} INFO - Sync 1 DAGs
[2026-05-30T10:51:04.607+0000] {logging_mixin.py:188} INFO - [2026-05-30T10:51:04.607+0000] {dag.py:3834} INFO - Setting next_dagrun for tutorial_dag to None, run_after=None
[2026-05-30T10:51:04.624+0000] {processor.py:183} INFO - Processing /home/airflow/.local/lib/python3.8/site-packages/airflow/example_dags/tutorial_dag.py took 0.057 seconds
[2026-05-30T10:51:34.727+0000] {processor.py:161} INFO - Started process (PID=3866) to work on /home/airflow/.local/lib/python3.8/site-packages/airflow/example_dags/tutorial_dag.py
[2026-05-30T10:51:34.728+0000] {processor.py:830} INFO - Processing file /home/airflow/.local/lib/python3.8/site-packages/airflow/example_dags/tutorial_dag.py for tasks to queue
[2026-05-30T10:51:34.730+0000] {logging_mixin.py:188} INFO - [2026-05-30T10:51:34.730+0000] {dagbag.py:540} INFO - Filling up the DagBag from /home/airflow/.local/lib/python3.8/site-packages/airflow/example_dags/tutorial_dag.py
[2026-05-30T10:51:34.735+0000] {processor.py:840} INFO - DAG(s) 'tutorial_dag' retrieved from /home/airflow/.local/lib/python3.8/site-packages/airflow/example_dags/tutorial_dag.py
[2026-05-30T10:51:34.751+0000] {logging_mixin.py:188} INFO - [2026-05-30T10:51:34.751+0000] {dag.py:3047} INFO - Sync 1 DAGs
[2026-05-30T10:51:34.760+0000] {logging_mixin.py:188} INFO - [2026-05-30T10:51:34.760+0000] {dag.py:3834} INFO - Setting next_dagrun for tutorial_dag to None, run_after=None
[2026-05-30T10:51:34.777+0000] {processor.py:183} INFO - Processing /home/airflow/.local/lib/python3.8/site-packages/airflow/example_dags/tutorial_dag.py took 0.053 seconds
[2026-05-30T10:52:04.868+0000] {processor.py:161} INFO - Started process (PID=3921) to work on /home/airflow/.local/lib/python3.8/site-packages/airflow/example_dags/tutorial_dag.py
[2026-05-30T10:52:04.870+0000] {processor.py:830} INFO - Processing file /home/airflow/.local/lib/python3.8/site-packages/airflow/example_dags/tutorial_dag.py for tasks to queue
[2026-05-30T10:52:04.872+0000] {logging_mixin.py:188} INFO - [2026-05-30T10:52:04.871+0000] {dagbag.py:540} INFO - Filling up the DagBag from /home/airflow/.local/lib/python3.8/site-packages/airflow/example_dags/tutorial_dag.py
[2026-05-30T10:52:04.876+0000] {processor.py:840} INFO - DAG(s) 'tutorial_dag' retrieved from /home/airflow/.local/lib/python3.8/site-packages/airflow/example_dags/tutorial_dag.py
[2026-05-30T10:52:04.894+0000] {logging_mixin.py:188} INFO - [2026-05-30T10:52:04.894+0000] {dag.py:3047} INFO - Sync 1 DAGs
[2026-05-30T10:52:04.903+0000] {logging_mixin.py:188} INFO - [2026-05-30T10:52:04.903+0000] {dag.py:3834} INFO - Setting next_dagrun for tutorial_dag to None, run_after=None
[2026-05-30T10:52:04.922+0000] {processor.py:183} INFO - Processing /home/airflow/.local/lib/python3.8/site-packages/airflow/example_dags/tutorial_dag.py took 0.057 seconds
[2026-05-30T10:52:35.396+0000] {processor.py:161} INFO - Started process (PID=3976) to work on /home/airflow/.local/lib/python3.8/site-packages/airflow/example_dags/tutorial_dag.py
[2026-05-30T10:52:35.397+0000] {processor.py:830} INFO - Processing file /home/airflow/.local/lib/python3.8/site-packages/airflow/example_dags/tutorial_dag.py for tasks to queue
[2026-05-30T10:52:35.399+0000] {logging_mixin.py:188} INFO - [2026-05-30T10:52:35.399+0000] {dagbag.py:540} INFO - Filling up the DagBag from /home/airflow/.local/lib/python3.8/site-packages/airflow/example_dags/tutorial_dag.py
[2026-05-30T10:52:35.404+0000] {processor.py:840} INFO - DAG(s) 'tutorial_dag' retrieved from /home/airflow/.local/lib/python3.8/site-packages/airflow/example_dags/tutorial_dag.py
[2026-05-30T10:52:35.421+0000] {logging_mixin.py:188} INFO - [2026-05-30T10:52:35.420+0000] {dag.py:3047} INFO - Sync 1 DAGs
[2026-05-30T10:52:35.430+0000] {logging_mixin.py:188} INFO - [2026-05-30T10:52:35.430+0000] {dag.py:3834} INFO - Setting next_dagrun for tutorial_dag to None, run_after=None
[2026-05-30T10:52:35.447+0000] {processor.py:183} INFO - Processing /home/airflow/.local/lib/python3.8/site-packages/airflow/example_dags/tutorial_dag.py took 0.054 seconds
[2026-05-30T10:53:05.540+0000] {processor.py:161} INFO - Started process (PID=4031) to work on /home/airflow/.local/lib/python3.8/site-packages/airflow/example_dags/tutorial_dag.py
[2026-05-30T10:53:05.541+0000] {processor.py:830} INFO - Processing file /home/airflow/.local/lib/python3.8/site-packages/airflow/example_dags/tutorial_dag.py for tasks to queue
[2026-05-30T10:53:05.543+0000] {logging_mixin.py:188} INFO - [2026-05-30T10:53:05.543+0000] {dagbag.py:540} INFO - Filling up the DagBag from /home/airflow/.local/lib/python3.8/site-packages/airflow/example_dags/tutorial_dag.py
[2026-05-30T10:53:05.548+0000] {processor.py:840} INFO - DAG(s) 'tutorial_dag' retrieved from /home/airflow/.local/lib/python3.8/site-packages/airflow/example_dags/tutorial_dag.py
[2026-05-30T10:53:05.564+0000] {logging_mixin.py:188} INFO - [2026-05-30T10:53:05.563+0000] {dag.py:3047} INFO - Sync 1 DAGs
[2026-05-30T10:53:05.573+0000] {logging_mixin.py:188} INFO - [2026-05-30T10:53:05.573+0000] {dag.py:3834} INFO - Setting next_dagrun for tutorial_dag to None, run_after=None
[2026-05-30T10:53:05.587+0000] {processor.py:183} INFO - Processing /home/airflow/.local/lib/python3.8/site-packages/airflow/example_dags/tutorial_dag.py took 0.051 seconds
[2026-05-30T10:53:35.769+0000] {processor.py:161} INFO - Started process (PID=4086) to work on /home/airflow/.local/lib/python3.8/site-packages/airflow/example_dags/tutorial_dag.py
[2026-05-30T10:53:35.771+0000] {processor.py:830} INFO - Processing file /home/airflow/.local/lib/python3.8/site-packages/airflow/example_dags/tutorial_dag.py for tasks to queue
[2026-05-30T10:53:35.774+0000] {logging_mixin.py:188} INFO - [2026-05-30T10:53:35.773+0000] {dagbag.py:540} INFO - Filling up the DagBag from /home/airflow/.local/lib/python3.8/site-packages/airflow/example_dags/tutorial_dag.py
[2026-05-30T10:53:35.781+0000] {processor.py:840} INFO - DAG(s) 'tutorial_dag' retrieved from /home/airflow/.local/lib/python3.8/site-packages/airflow/example_dags/tutorial_dag.py
[2026-05-30T10:53:35.801+0000] {logging_mixin.py:188} INFO - [2026-05-30T10:53:35.801+0000] {dag.py:3047} INFO - Sync 1 DAGs
[2026-05-30T10:53:35.814+0000] {logging_mixin.py:188} INFO - [2026-05-30T10:53:35.813+0000] {dag.py:3834} INFO - Setting next_dagrun for tutorial_dag to None, run_after=None
[2026-05-30T10:53:35.835+0000] {processor.py:183} INFO - Processing /home/airflow/.local/lib/python3.8/site-packages/airflow/example_dags/tutorial_dag.py took 0.069 seconds
[2026-05-30T10:54:05.942+0000] {processor.py:161} INFO - Started process (PID=4141) to work on /home/airflow/.local/lib/python3.8/site-packages/airflow/example_dags/tutorial_dag.py
[2026-05-30T10:54:05.944+0000] {processor.py:830} INFO - Processing file /home/airflow/.local/lib/python3.8/site-packages/airflow/example_dags/tutorial_dag.py for tasks to queue
[2026-05-30T10:54:05.945+0000] {logging_mixin.py:188} INFO - [2026-05-30T10:54:05.945+0000] {dagbag.py:540} INFO - Filling up the DagBag from /home/airflow/.local/lib/python3.8/site-packages/airflow/example_dags/tutorial_dag.py
[2026-05-30T10:54:05.950+0000] {processor.py:840} INFO - DAG(s) 'tutorial_dag' retrieved from /home/airflow/.local/lib/python3.8/site-packages/airflow/example_dags/tutorial_dag.py
[2026-05-30T10:54:05.967+0000] {logging_mixin.py:188} INFO - [2026-05-30T10:54:05.966+0000] {dag.py:3047} INFO - Sync 1 DAGs
[2026-05-30T10:54:05.976+0000] {logging_mixin.py:188} INFO - [2026-05-30T10:54:05.976+0000] {dag.py:3834} INFO - Setting next_dagrun for tutorial_dag to None, run_after=None
[2026-05-30T10:54:05.994+0000] {processor.py:183} INFO - Processing /home/airflow/.local/lib/python3.8/site-packages/airflow/example_dags/tutorial_dag.py took 0.055 seconds
[2026-05-30T10:54:36.782+0000] {processor.py:161} INFO - Started process (PID=4196) to work on /home/airflow/.local/lib/python3.8/site-packages/airflow/example_dags/tutorial_dag.py
[2026-05-30T10:54:36.783+0000] {processor.py:830} INFO - Processing file /home/airflow/.local/lib/python3.8/site-packages/airflow/example_dags/tutorial_dag.py for tasks to queue
[2026-05-30T10:54:36.785+0000] {logging_mixin.py:188} INFO - [2026-05-30T10:54:36.784+0000] {dagbag.py:540} INFO - Filling up the DagBag from /home/airflow/.local/lib/python3.8/site-packages/airflow/example_dags/tutorial_dag.py
[2026-05-30T10:54:36.789+0000] {processor.py:840} INFO - DAG(s) 'tutorial_dag' retrieved from /home/airflow/.local/lib/python3.8/site-packages/airflow/example_dags/tutorial_dag.py
[2026-05-30T10:54:36.806+0000] {logging_mixin.py:188} INFO - [2026-05-30T10:54:36.805+0000] {dag.py:3047} INFO - Sync 1 DAGs
[2026-05-30T10:54:36.816+0000] {logging_mixin.py:188} INFO - [2026-05-30T10:54:36.816+0000] {dag.py:3834} INFO - Setting next_dagrun for tutorial_dag to None, run_after=None
[2026-05-30T10:54:36.843+0000] {processor.py:183} INFO - Processing /home/airflow/.local/lib/python3.8/site-packages/airflow/example_dags/tutorial_dag.py took 0.064 seconds
[2026-05-30T10:55:07.315+0000] {processor.py:161} INFO - Started process (PID=4251) to work on /home/airflow/.local/lib/python3.8/site-packages/airflow/example_dags/tutorial_dag.py
[2026-05-30T10:55:07.316+0000] {processor.py:830} INFO - Processing file /home/airflow/.local/lib/python3.8/site-packages/airflow/example_dags/tutorial_dag.py for tasks to queue
[2026-05-30T10:55:07.318+0000] {logging_mixin.py:188} INFO - [2026-05-30T10:55:07.318+0000] {dagbag.py:540} INFO - Filling up the DagBag from /home/airflow/.local/lib/python3.8/site-packages/airflow/example_dags/tutorial_dag.py
[2026-05-30T10:55:07.323+0000] {processor.py:840} INFO - DAG(s) 'tutorial_dag' retrieved from /home/airflow/.local/lib/python3.8/site-packages/airflow/example_dags/tutorial_dag.py
[2026-05-30T10:55:07.339+0000] {logging_mixin.py:188} INFO - [2026-05-30T10:55:07.339+0000] {dag.py:3047} INFO - Sync 1 DAGs
[2026-05-30T10:55:07.348+0000] {logging_mixin.py:188} INFO - [2026-05-30T10:55:07.348+0000] {dag.py:3834} INFO - Setting next_dagrun for tutorial_dag to None, run_after=None
[2026-05-30T10:55:07.364+0000] {processor.py:183} INFO - Processing /home/airflow/.local/lib/python3.8/site-packages/airflow/example_dags/tutorial_dag.py took 0.052 seconds
[2026-05-30T10:55:38.003+0000] {processor.py:161} INFO - Started process (PID=4312) to work on /home/airflow/.local/lib/python3.8/site-packages/airflow/example_dags/tutorial_dag.py
[2026-05-30T10:55:38.004+0000] {processor.py:830} INFO - Processing file /home/airflow/.local/lib/python3.8/site-packages/airflow/example_dags/tutorial_dag.py for tasks to queue
[2026-05-30T10:55:38.006+0000] {logging_mixin.py:188} INFO - [2026-05-30T10:55:38.006+0000] {dagbag.py:540} INFO - Filling up the DagBag from /home/airflow/.local/lib/python3.8/site-packages/airflow/example_dags/tutorial_dag.py
[2026-05-30T10:55:38.012+0000] {processor.py:840} INFO - DAG(s) 'tutorial_dag' retrieved from /home/airflow/.local/lib/python3.8/site-packages/airflow/example_dags/tutorial_dag.py
[2026-05-30T10:55:38.036+0000] {logging_mixin.py:188} INFO - [2026-05-30T10:55:38.036+0000] {dag.py:3047} INFO - Sync 1 DAGs
[2026-05-30T10:55:38.047+0000] {logging_mixin.py:188} INFO - [2026-05-30T10:55:38.047+0000] {dag.py:3834} INFO - Setting next_dagrun for tutorial_dag to None, run_after=None
[2026-05-30T10:55:38.067+0000] {processor.py:183} INFO - Processing /home/airflow/.local/lib/python3.8/site-packages/airflow/example_dags/tutorial_dag.py took 0.067 seconds
[2026-05-30T10:56:08.719+0000] {processor.py:161} INFO - Started process (PID=4367) to work on /home/airflow/.local/lib/python3.8/site-packages/airflow/example_dags/tutorial_dag.py
[2026-05-30T10:56:08.720+0000] {processor.py:830} INFO - Processing file /home/airflow/.local/lib/python3.8/site-packages/airflow/example_dags/tutorial_dag.py for tasks to queue
[2026-05-30T10:56:08.722+0000] {logging_mixin.py:188} INFO - [2026-05-30T10:56:08.722+0000] {dagbag.py:540} INFO - Filling up the DagBag from /home/airflow/.local/lib/python3.8/site-packages/airflow/example_dags/tutorial_dag.py
[2026-05-30T10:56:08.727+0000] {processor.py:840} INFO - DAG(s) 'tutorial_dag' retrieved from /home/airflow/.local/lib/python3.8/site-packages/airflow/example_dags/tutorial_dag.py
[2026-05-30T10:56:08.749+0000] {logging_mixin.py:188} INFO - [2026-05-30T10:56:08.749+0000] {dag.py:3047} INFO - Sync 1 DAGs
[2026-05-30T10:56:08.762+0000] {logging_mixin.py:188} INFO - [2026-05-30T10:56:08.762+0000] {dag.py:3834} INFO - Setting next_dagrun for tutorial_dag to None, run_after=None
[2026-05-30T10:56:08.781+0000] {processor.py:183} INFO - Processing /home/airflow/.local/lib/python3.8/site-packages/airflow/example_dags/tutorial_dag.py took 0.064 seconds
[2026-05-30T10:56:39.449+0000] {processor.py:161} INFO - Started process (PID=4421) to work on /home/airflow/.local/lib/python3.8/site-packages/airflow/example_dags/tutorial_dag.py
[2026-05-30T10:56:39.450+0000] {processor.py:830} INFO - Processing file /home/airflow/.local/lib/python3.8/site-packages/airflow/example_dags/tutorial_dag.py for tasks to queue
[2026-05-30T10:56:39.452+0000] {logging_mixin.py:188} INFO - [2026-05-30T10:56:39.452+0000] {dagbag.py:540} INFO - Filling up the DagBag from /home/airflow/.local/lib/python3.8/site-packages/airflow/example_dags/tutorial_dag.py
[2026-05-30T10:56:39.458+0000] {processor.py:840} INFO - DAG(s) 'tutorial_dag' retrieved from /home/airflow/.local/lib/python3.8/site-packages/airflow/example_dags/tutorial_dag.py
[2026-05-30T10:56:39.478+0000] {logging_mixin.py:188} INFO - [2026-05-30T10:56:39.478+0000] {dag.py:3047} INFO - Sync 1 DAGs
[2026-05-30T10:56:39.489+0000] {logging_mixin.py:188} INFO - [2026-05-30T10:56:39.489+0000] {dag.py:3834} INFO - Setting next_dagrun for tutorial_dag to None, run_after=None
[2026-05-30T10:56:39.511+0000] {processor.py:183} INFO - Processing /home/airflow/.local/lib/python3.8/site-packages/airflow/example_dags/tutorial_dag.py took 0.065 seconds
[2026-05-30T10:57:10.175+0000] {processor.py:161} INFO - Started process (PID=4476) to work on /home/airflow/.local/lib/python3.8/site-packages/airflow/example_dags/tutorial_dag.py
[2026-05-30T10:57:10.176+0000] {processor.py:830} INFO - Processing file /home/airflow/.local/lib/python3.8/site-packages/airflow/example_dags/tutorial_dag.py for tasks to queue
[2026-05-30T10:57:10.179+0000] {logging_mixin.py:188} INFO - [2026-05-30T10:57:10.178+0000] {dagbag.py:540} INFO - Filling up the DagBag from /home/airflow/.local/lib/python3.8/site-packages/airflow/example_dags/tutorial_dag.py
[2026-05-30T10:57:10.184+0000] {processor.py:840} INFO - DAG(s) 'tutorial_dag' retrieved from /home/airflow/.local/lib/python3.8/site-packages/airflow/example_dags/tutorial_dag.py
[2026-05-30T10:57:10.204+0000] {logging_mixin.py:188} INFO - [2026-05-30T10:57:10.203+0000] {dag.py:3047} INFO - Sync 1 DAGs
[2026-05-30T10:57:10.214+0000] {logging_mixin.py:188} INFO - [2026-05-30T10:57:10.214+0000] {dag.py:3834} INFO - Setting next_dagrun for tutorial_dag to None, run_after=None
[2026-05-30T10:57:10.234+0000] {processor.py:183} INFO - Processing /home/airflow/.local/lib/python3.8/site-packages/airflow/example_dags/tutorial_dag.py took 0.063 seconds
[2026-05-30T10:57:40.844+0000] {processor.py:161} INFO - Started process (PID=4531) to work on /home/airflow/.local/lib/python3.8/site-packages/airflow/example_dags/tutorial_dag.py
[2026-05-30T10:57:40.845+0000] {processor.py:830} INFO - Processing file /home/airflow/.local/lib/python3.8/site-packages/airflow/example_dags/tutorial_dag.py for tasks to queue
[2026-05-30T10:57:40.847+0000] {logging_mixin.py:188} INFO - [2026-05-30T10:57:40.847+0000] {dagbag.py:540} INFO - Filling up the DagBag from /home/airflow/.local/lib/python3.8/site-packages/airflow/example_dags/tutorial_dag.py
[2026-05-30T10:57:40.852+0000] {processor.py:840} INFO - DAG(s) 'tutorial_dag' retrieved from /home/airflow/.local/lib/python3.8/site-packages/airflow/example_dags/tutorial_dag.py
[2026-05-30T10:57:40.871+0000] {logging_mixin.py:188} INFO - [2026-05-30T10:57:40.871+0000] {dag.py:3047} INFO - Sync 1 DAGs
[2026-05-30T10:57:40.883+0000] {logging_mixin.py:188} INFO - [2026-05-30T10:57:40.883+0000] {dag.py:3834} INFO - Setting next_dagrun for tutorial_dag to None, run_after=None
[2026-05-30T10:57:40.903+0000] {processor.py:183} INFO - Processing /home/airflow/.local/lib/python3.8/site-packages/airflow/example_dags/tutorial_dag.py took 0.063 seconds
[2026-05-30T10:58:11.632+0000] {processor.py:161} INFO - Started process (PID=4586) to work on /home/airflow/.local/lib/python3.8/site-packages/airflow/example_dags/tutorial_dag.py
[2026-05-30T10:58:11.633+0000] {processor.py:830} INFO - Processing file /home/airflow/.local/lib/python3.8/site-packages/airflow/example_dags/tutorial_dag.py for tasks to queue
[2026-05-30T10:58:11.635+0000] {logging_mixin.py:188} INFO - [2026-05-30T10:58:11.634+0000] {dagbag.py:540} INFO - Filling up the DagBag from /home/airflow/.local/lib/python3.8/site-packages/airflow/example_dags/tutorial_dag.py
[2026-05-30T10:58:11.640+0000] {processor.py:840} INFO - DAG(s) 'tutorial_dag' retrieved from /home/airflow/.local/lib/python3.8/site-packages/airflow/example_dags/tutorial_dag.py
[2026-05-30T10:58:11.657+0000] {logging_mixin.py:188} INFO - [2026-05-30T10:58:11.657+0000] {dag.py:3047} INFO - Sync 1 DAGs
[2026-05-30T10:58:11.667+0000] {logging_mixin.py:188} INFO - [2026-05-30T10:58:11.667+0000] {dag.py:3834} INFO - Setting next_dagrun for tutorial_dag to None, run_after=None
[2026-05-30T10:58:11.684+0000] {processor.py:183} INFO - Processing /home/airflow/.local/lib/python3.8/site-packages/airflow/example_dags/tutorial_dag.py took 0.055 seconds
[2026-05-30T10:58:41.994+0000] {processor.py:161} INFO - Started process (PID=4642) to work on /home/airflow/.local/lib/python3.8/site-packages/airflow/example_dags/tutorial_dag.py
[2026-05-30T10:58:41.996+0000] {processor.py:830} INFO - Processing file /home/airflow/.local/lib/python3.8/site-packages/airflow/example_dags/tutorial_dag.py for tasks to queue
[2026-05-30T10:58:42.002+0000] {logging_mixin.py:188} INFO - [2026-05-30T10:58:42.000+0000] {dagbag.py:540} INFO - Filling up the DagBag from /home/airflow/.local/lib/python3.8/site-packages/airflow/example_dags/tutorial_dag.py
[2026-05-30T10:58:42.015+0000] {processor.py:840} INFO - DAG(s) 'tutorial_dag' retrieved from /home/airflow/.local/lib/python3.8/site-packages/airflow/example_dags/tutorial_dag.py
[2026-05-30T10:58:42.053+0000] {logging_mixin.py:188} INFO - [2026-05-30T10:58:42.053+0000] {dag.py:3047} INFO - Sync 1 DAGs
[2026-05-30T10:58:42.078+0000] {logging_mixin.py:188} INFO - [2026-05-30T10:58:42.078+0000] {dag.py:3834} INFO - Setting next_dagrun for tutorial_dag to None, run_after=None
[2026-05-30T10:58:42.126+0000] {processor.py:183} INFO - Processing /home/airflow/.local/lib/python3.8/site-packages/airflow/example_dags/tutorial_dag.py took 0.139 seconds
[2026-05-30T10:59:12.297+0000] {processor.py:161} INFO - Started process (PID=4697) to work on /home/airflow/.local/lib/python3.8/site-packages/airflow/example_dags/tutorial_dag.py
[2026-05-30T10:59:12.299+0000] {processor.py:830} INFO - Processing file /home/airflow/.local/lib/python3.8/site-packages/airflow/example_dags/tutorial_dag.py for tasks to queue
[2026-05-30T10:59:12.303+0000] {logging_mixin.py:188} INFO - [2026-05-30T10:59:12.302+0000] {dagbag.py:540} INFO - Filling up the DagBag from /home/airflow/.local/lib/python3.8/site-packages/airflow/example_dags/tutorial_dag.py
[2026-05-30T10:59:12.313+0000] {processor.py:840} INFO - DAG(s) 'tutorial_dag' retrieved from /home/airflow/.local/lib/python3.8/site-packages/airflow/example_dags/tutorial_dag.py
[2026-05-30T10:59:12.348+0000] {logging_mixin.py:188} INFO - [2026-05-30T10:59:12.348+0000] {dag.py:3047} INFO - Sync 1 DAGs
[2026-05-30T10:59:12.364+0000] {logging_mixin.py:188} INFO - [2026-05-30T10:59:12.364+0000] {dag.py:3834} INFO - Setting next_dagrun for tutorial_dag to None, run_after=None
[2026-05-30T10:59:12.401+0000] {processor.py:183} INFO - Processing /home/airflow/.local/lib/python3.8/site-packages/airflow/example_dags/tutorial_dag.py took 0.110 seconds
[2026-05-30T10:59:42.883+0000] {processor.py:161} INFO - Started process (PID=4752) to work on /home/airflow/.local/lib/python3.8/site-packages/airflow/example_dags/tutorial_dag.py
[2026-05-30T10:59:42.886+0000] {processor.py:830} INFO - Processing file /home/airflow/.local/lib/python3.8/site-packages/airflow/example_dags/tutorial_dag.py for tasks to queue
[2026-05-30T10:59:42.890+0000] {logging_mixin.py:188} INFO - [2026-05-30T10:59:42.889+0000] {dagbag.py:540} INFO - Filling up the DagBag from /home/airflow/.local/lib/python3.8/site-packages/airflow/example_dags/tutorial_dag.py
[2026-05-30T10:59:42.901+0000] {processor.py:840} INFO - DAG(s) 'tutorial_dag' retrieved from /home/airflow/.local/lib/python3.8/site-packages/airflow/example_dags/tutorial_dag.py
[2026-05-30T10:59:42.935+0000] {logging_mixin.py:188} INFO - [2026-05-30T10:59:42.935+0000] {dag.py:3047} INFO - Sync 1 DAGs
[2026-05-30T10:59:42.954+0000] {logging_mixin.py:188} INFO - [2026-05-30T10:59:42.954+0000] {dag.py:3834} INFO - Setting next_dagrun for tutorial_dag to None, run_after=None
[2026-05-30T10:59:42.994+0000] {processor.py:183} INFO - Processing /home/airflow/.local/lib/python3.8/site-packages/airflow/example_dags/tutorial_dag.py took 0.116 seconds
[2026-05-30T11:00:13.244+0000] {processor.py:161} INFO - Started process (PID=4807) to work on /home/airflow/.local/lib/python3.8/site-packages/airflow/example_dags/tutorial_dag.py
[2026-05-30T11:00:13.245+0000] {processor.py:830} INFO - Processing file /home/airflow/.local/lib/python3.8/site-packages/airflow/example_dags/tutorial_dag.py for tasks to queue
[2026-05-30T11:00:13.247+0000] {logging_mixin.py:188} INFO - [2026-05-30T11:00:13.247+0000] {dagbag.py:540} INFO - Filling up the DagBag from /home/airflow/.local/lib/python3.8/site-packages/airflow/example_dags/tutorial_dag.py
[2026-05-30T11:00:13.254+0000] {processor.py:840} INFO - DAG(s) 'tutorial_dag' retrieved from /home/airflow/.local/lib/python3.8/site-packages/airflow/example_dags/tutorial_dag.py
[2026-05-30T11:00:13.279+0000] {logging_mixin.py:188} INFO - [2026-05-30T11:00:13.279+0000] {dag.py:3047} INFO - Sync 1 DAGs
[2026-05-30T11:00:13.293+0000] {logging_mixin.py:188} INFO - [2026-05-30T11:00:13.292+0000] {dag.py:3834} INFO - Setting next_dagrun for tutorial_dag to None, run_after=None
[2026-05-30T11:00:13.317+0000] {processor.py:183} INFO - Processing /home/airflow/.local/lib/python3.8/site-packages/airflow/example_dags/tutorial_dag.py took 0.077 seconds
[2026-05-30T11:38:54.142+0000] {processor.py:161} INFO - Started process (PID=67) to work on /home/airflow/.local/lib/python3.8/site-packages/airflow/example_dags/tutorial_dag.py
[2026-05-30T11:38:54.146+0000] {processor.py:830} INFO - Processing file /home/airflow/.local/lib/python3.8/site-packages/airflow/example_dags/tutorial_dag.py for tasks to queue
[2026-05-30T11:38:54.153+0000] {logging_mixin.py:188} INFO - [2026-05-30T11:38:54.151+0000] {dagbag.py:540} INFO - Filling up the DagBag from /home/airflow/.local/lib/python3.8/site-packages/airflow/example_dags/tutorial_dag.py
[2026-05-30T11:38:54.168+0000] {processor.py:840} INFO - DAG(s) 'tutorial_dag' retrieved from /home/airflow/.local/lib/python3.8/site-packages/airflow/example_dags/tutorial_dag.py
[2026-05-30T11:38:54.260+0000] {logging_mixin.py:188} INFO - [2026-05-30T11:38:54.260+0000] {dag.py:3047} INFO - Sync 1 DAGs
[2026-05-30T11:38:54.294+0000] {logging_mixin.py:188} INFO - [2026-05-30T11:38:54.293+0000] {dag.py:3834} INFO - Setting next_dagrun for tutorial_dag to None, run_after=None
[2026-05-30T11:38:54.358+0000] {processor.py:183} INFO - Processing /home/airflow/.local/lib/python3.8/site-packages/airflow/example_dags/tutorial_dag.py took 0.223 seconds
[2026-05-30T11:39:24.699+0000] {processor.py:161} INFO - Started process (PID=122) to work on /home/airflow/.local/lib/python3.8/site-packages/airflow/example_dags/tutorial_dag.py
[2026-05-30T11:39:24.701+0000] {processor.py:830} INFO - Processing file /home/airflow/.local/lib/python3.8/site-packages/airflow/example_dags/tutorial_dag.py for tasks to queue
[2026-05-30T11:39:24.703+0000] {logging_mixin.py:188} INFO - [2026-05-30T11:39:24.702+0000] {dagbag.py:540} INFO - Filling up the DagBag from /home/airflow/.local/lib/python3.8/site-packages/airflow/example_dags/tutorial_dag.py
[2026-05-30T11:39:24.707+0000] {processor.py:840} INFO - DAG(s) 'tutorial_dag' retrieved from /home/airflow/.local/lib/python3.8/site-packages/airflow/example_dags/tutorial_dag.py
[2026-05-30T11:39:24.733+0000] {logging_mixin.py:188} INFO - [2026-05-30T11:39:24.733+0000] {dag.py:3047} INFO - Sync 1 DAGs
[2026-05-30T11:39:24.744+0000] {logging_mixin.py:188} INFO - [2026-05-30T11:39:24.744+0000] {dag.py:3834} INFO - Setting next_dagrun for tutorial_dag to None, run_after=None
[2026-05-30T11:39:24.763+0000] {processor.py:183} INFO - Processing /home/airflow/.local/lib/python3.8/site-packages/airflow/example_dags/tutorial_dag.py took 0.067 seconds
[2026-05-30T11:39:55.066+0000] {processor.py:161} INFO - Started process (PID=177) to work on /home/airflow/.local/lib/python3.8/site-packages/airflow/example_dags/tutorial_dag.py
[2026-05-30T11:39:55.067+0000] {processor.py:830} INFO - Processing file /home/airflow/.local/lib/python3.8/site-packages/airflow/example_dags/tutorial_dag.py for tasks to queue
[2026-05-30T11:39:55.069+0000] {logging_mixin.py:188} INFO - [2026-05-30T11:39:55.069+0000] {dagbag.py:540} INFO - Filling up the DagBag from /home/airflow/.local/lib/python3.8/site-packages/airflow/example_dags/tutorial_dag.py
[2026-05-30T11:39:55.074+0000] {processor.py:840} INFO - DAG(s) 'tutorial_dag' retrieved from /home/airflow/.local/lib/python3.8/site-packages/airflow/example_dags/tutorial_dag.py
[2026-05-30T11:39:55.092+0000] {logging_mixin.py:188} INFO - [2026-05-30T11:39:55.092+0000] {dag.py:3047} INFO - Sync 1 DAGs
[2026-05-30T11:39:55.105+0000] {logging_mixin.py:188} INFO - [2026-05-30T11:39:55.104+0000] {dag.py:3834} INFO - Setting next_dagrun for tutorial_dag to None, run_after=None
[2026-05-30T11:39:55.122+0000] {processor.py:183} INFO - Processing /home/airflow/.local/lib/python3.8/site-packages/airflow/example_dags/tutorial_dag.py took 0.059 seconds
[2026-05-30T11:40:25.723+0000] {processor.py:161} INFO - Started process (PID=231) to work on /home/airflow/.local/lib/python3.8/site-packages/airflow/example_dags/tutorial_dag.py
[2026-05-30T11:40:25.726+0000] {processor.py:830} INFO - Processing file /home/airflow/.local/lib/python3.8/site-packages/airflow/example_dags/tutorial_dag.py for tasks to queue
[2026-05-30T11:40:25.728+0000] {logging_mixin.py:188} INFO - [2026-05-30T11:40:25.728+0000] {dagbag.py:540} INFO - Filling up the DagBag from /home/airflow/.local/lib/python3.8/site-packages/airflow/example_dags/tutorial_dag.py
[2026-05-30T11:40:25.734+0000] {processor.py:840} INFO - DAG(s) 'tutorial_dag' retrieved from /home/airflow/.local/lib/python3.8/site-packages/airflow/example_dags/tutorial_dag.py
[2026-05-30T11:40:25.764+0000] {logging_mixin.py:188} INFO - [2026-05-30T11:40:25.763+0000] {dag.py:3047} INFO - Sync 1 DAGs
[2026-05-30T11:40:25.778+0000] {logging_mixin.py:188} INFO - [2026-05-30T11:40:25.778+0000] {dag.py:3834} INFO - Setting next_dagrun for tutorial_dag to None, run_after=None
[2026-05-30T11:40:25.829+0000] {processor.py:183} INFO - Processing /home/airflow/.local/lib/python3.8/site-packages/airflow/example_dags/tutorial_dag.py took 0.110 seconds
[2026-05-30T11:40:55.992+0000] {processor.py:161} INFO - Started process (PID=287) to work on /home/airflow/.local/lib/python3.8/site-packages/airflow/example_dags/tutorial_dag.py
[2026-05-30T11:40:55.993+0000] {processor.py:830} INFO - Processing file /home/airflow/.local/lib/python3.8/site-packages/airflow/example_dags/tutorial_dag.py for tasks to queue
[2026-05-30T11:40:55.996+0000] {logging_mixin.py:188} INFO - [2026-05-30T11:40:55.996+0000] {dagbag.py:540} INFO - Filling up the DagBag from /home/airflow/.local/lib/python3.8/site-packages/airflow/example_dags/tutorial_dag.py
[2026-05-30T11:40:56.001+0000] {processor.py:840} INFO - DAG(s) 'tutorial_dag' retrieved from /home/airflow/.local/lib/python3.8/site-packages/airflow/example_dags/tutorial_dag.py
[2026-05-30T11:40:56.027+0000] {logging_mixin.py:188} INFO - [2026-05-30T11:40:56.026+0000] {dag.py:3047} INFO - Sync 1 DAGs
[2026-05-30T11:40:56.040+0000] {logging_mixin.py:188} INFO - [2026-05-30T11:40:56.039+0000] {dag.py:3834} INFO - Setting next_dagrun for tutorial_dag to None, run_after=None
[2026-05-30T11:40:56.062+0000] {processor.py:183} INFO - Processing /home/airflow/.local/lib/python3.8/site-packages/airflow/example_dags/tutorial_dag.py took 0.074 seconds
[2026-05-30T11:41:26.188+0000] {processor.py:161} INFO - Started process (PID=342) to work on /home/airflow/.local/lib/python3.8/site-packages/airflow/example_dags/tutorial_dag.py
[2026-05-30T11:41:26.190+0000] {processor.py:830} INFO - Processing file /home/airflow/.local/lib/python3.8/site-packages/airflow/example_dags/tutorial_dag.py for tasks to queue
[2026-05-30T11:41:26.192+0000] {logging_mixin.py:188} INFO - [2026-05-30T11:41:26.192+0000] {dagbag.py:540} INFO - Filling up the DagBag from /home/airflow/.local/lib/python3.8/site-packages/airflow/example_dags/tutorial_dag.py
[2026-05-30T11:41:26.197+0000] {processor.py:840} INFO - DAG(s) 'tutorial_dag' retrieved from /home/airflow/.local/lib/python3.8/site-packages/airflow/example_dags/tutorial_dag.py
[2026-05-30T11:41:26.216+0000] {logging_mixin.py:188} INFO - [2026-05-30T11:41:26.216+0000] {dag.py:3047} INFO - Sync 1 DAGs
[2026-05-30T11:41:26.227+0000] {logging_mixin.py:188} INFO - [2026-05-30T11:41:26.227+0000] {dag.py:3834} INFO - Setting next_dagrun for tutorial_dag to None, run_after=None
[2026-05-30T11:41:26.248+0000] {processor.py:183} INFO - Processing /home/airflow/.local/lib/python3.8/site-packages/airflow/example_dags/tutorial_dag.py took 0.062 seconds
[2026-05-30T11:41:56.311+0000] {processor.py:161} INFO - Started process (PID=397) to work on /home/airflow/.local/lib/python3.8/site-packages/airflow/example_dags/tutorial_dag.py
[2026-05-30T11:41:56.312+0000] {processor.py:830} INFO - Processing file /home/airflow/.local/lib/python3.8/site-packages/airflow/example_dags/tutorial_dag.py for tasks to queue
[2026-05-30T11:41:56.315+0000] {logging_mixin.py:188} INFO - [2026-05-30T11:41:56.314+0000] {dagbag.py:540} INFO - Filling up the DagBag from /home/airflow/.local/lib/python3.8/site-packages/airflow/example_dags/tutorial_dag.py
[2026-05-30T11:41:56.317+0000] {processor.py:840} INFO - DAG(s) 'tutorial_dag' retrieved from /home/airflow/.local/lib/python3.8/site-packages/airflow/example_dags/tutorial_dag.py
[2026-05-30T11:41:56.336+0000] {logging_mixin.py:188} INFO - [2026-05-30T11:41:56.336+0000] {dag.py:3047} INFO - Sync 1 DAGs
[2026-05-30T11:41:56.347+0000] {logging_mixin.py:188} INFO - [2026-05-30T11:41:56.346+0000] {dag.py:3834} INFO - Setting next_dagrun for tutorial_dag to None, run_after=None
[2026-05-30T11:41:56.365+0000] {processor.py:183} INFO - Processing /home/airflow/.local/lib/python3.8/site-packages/airflow/example_dags/tutorial_dag.py took 0.060 seconds
[2026-05-30T11:42:27.370+0000] {processor.py:161} INFO - Started process (PID=458) to work on /home/airflow/.local/lib/python3.8/site-packages/airflow/example_dags/tutorial_dag.py
[2026-05-30T11:42:27.373+0000] {processor.py:830} INFO - Processing file /home/airflow/.local/lib/python3.8/site-packages/airflow/example_dags/tutorial_dag.py for tasks to queue
[2026-05-30T11:42:27.378+0000] {logging_mixin.py:188} INFO - [2026-05-30T11:42:27.378+0000] {dagbag.py:540} INFO - Filling up the DagBag from /home/airflow/.local/lib/python3.8/site-packages/airflow/example_dags/tutorial_dag.py
[2026-05-30T11:42:27.385+0000] {processor.py:840} INFO - DAG(s) 'tutorial_dag' retrieved from /home/airflow/.local/lib/python3.8/site-packages/airflow/example_dags/tutorial_dag.py
[2026-05-30T11:42:27.420+0000] {logging_mixin.py:188} INFO - [2026-05-30T11:42:27.420+0000] {dag.py:3047} INFO - Sync 1 DAGs
[2026-05-30T11:42:27.443+0000] {logging_mixin.py:188} INFO - [2026-05-30T11:42:27.443+0000] {dag.py:3834} INFO - Setting next_dagrun for tutorial_dag to None, run_after=None
[2026-05-30T11:42:27.471+0000] {processor.py:183} INFO - Processing /home/airflow/.local/lib/python3.8/site-packages/airflow/example_dags/tutorial_dag.py took 0.104 seconds
[2026-05-30T11:42:57.548+0000] {processor.py:161} INFO - Started process (PID=513) to work on /home/airflow/.local/lib/python3.8/site-packages/airflow/example_dags/tutorial_dag.py
[2026-05-30T11:42:57.549+0000] {processor.py:830} INFO - Processing file /home/airflow/.local/lib/python3.8/site-packages/airflow/example_dags/tutorial_dag.py for tasks to queue
[2026-05-30T11:42:57.551+0000] {logging_mixin.py:188} INFO - [2026-05-30T11:42:57.551+0000] {dagbag.py:540} INFO - Filling up the DagBag from /home/airflow/.local/lib/python3.8/site-packages/airflow/example_dags/tutorial_dag.py
[2026-05-30T11:42:57.556+0000] {processor.py:840} INFO - DAG(s) 'tutorial_dag' retrieved from /home/airflow/.local/lib/python3.8/site-packages/airflow/example_dags/tutorial_dag.py
[2026-05-30T11:42:57.574+0000] {logging_mixin.py:188} INFO - [2026-05-30T11:42:57.574+0000] {dag.py:3047} INFO - Sync 1 DAGs
[2026-05-30T11:42:57.584+0000] {logging_mixin.py:188} INFO - [2026-05-30T11:42:57.583+0000] {dag.py:3834} INFO - Setting next_dagrun for tutorial_dag to None, run_after=None
[2026-05-30T11:42:57.604+0000] {processor.py:183} INFO - Processing /home/airflow/.local/lib/python3.8/site-packages/airflow/example_dags/tutorial_dag.py took 0.059 seconds
[2026-05-30T11:43:28.322+0000] {processor.py:161} INFO - Started process (PID=568) to work on /home/airflow/.local/lib/python3.8/site-packages/airflow/example_dags/tutorial_dag.py
[2026-05-30T11:43:28.323+0000] {processor.py:830} INFO - Processing file /home/airflow/.local/lib/python3.8/site-packages/airflow/example_dags/tutorial_dag.py for tasks to queue
[2026-05-30T11:43:28.325+0000] {logging_mixin.py:188} INFO - [2026-05-30T11:43:28.325+0000] {dagbag.py:540} INFO - Filling up the DagBag from /home/airflow/.local/lib/python3.8/site-packages/airflow/example_dags/tutorial_dag.py
[2026-05-30T11:43:28.330+0000] {processor.py:840} INFO - DAG(s) 'tutorial_dag' retrieved from /home/airflow/.local/lib/python3.8/site-packages/airflow/example_dags/tutorial_dag.py
[2026-05-30T11:43:28.346+0000] {logging_mixin.py:188} INFO - [2026-05-30T11:43:28.346+0000] {dag.py:3047} INFO - Sync 1 DAGs
[2026-05-30T11:43:28.355+0000] {logging_mixin.py:188} INFO - [2026-05-30T11:43:28.354+0000] {dag.py:3834} INFO - Setting next_dagrun for tutorial_dag to None, run_after=None
[2026-05-30T11:43:28.368+0000] {processor.py:183} INFO - Processing /home/airflow/.local/lib/python3.8/site-packages/airflow/example_dags/tutorial_dag.py took 0.050 seconds
[2026-05-30T11:43:58.606+0000] {processor.py:161} INFO - Started process (PID=623) to work on /home/airflow/.local/lib/python3.8/site-packages/airflow/example_dags/tutorial_dag.py
[2026-05-30T11:43:58.607+0000] {processor.py:830} INFO - Processing file /home/airflow/.local/lib/python3.8/site-packages/airflow/example_dags/tutorial_dag.py for tasks to queue
[2026-05-30T11:43:58.610+0000] {logging_mixin.py:188} INFO - [2026-05-30T11:43:58.609+0000] {dagbag.py:540} INFO - Filling up the DagBag from /home/airflow/.local/lib/python3.8/site-packages/airflow/example_dags/tutorial_dag.py
[2026-05-30T11:43:58.615+0000] {processor.py:840} INFO - DAG(s) 'tutorial_dag' retrieved from /home/airflow/.local/lib/python3.8/site-packages/airflow/example_dags/tutorial_dag.py
[2026-05-30T11:43:58.631+0000] {logging_mixin.py:188} INFO - [2026-05-30T11:43:58.631+0000] {dag.py:3047} INFO - Sync 1 DAGs
[2026-05-30T11:43:58.640+0000] {logging_mixin.py:188} INFO - [2026-05-30T11:43:58.639+0000] {dag.py:3834} INFO - Setting next_dagrun for tutorial_dag to None, run_after=None
[2026-05-30T11:43:58.653+0000] {processor.py:183} INFO - Processing /home/airflow/.local/lib/python3.8/site-packages/airflow/example_dags/tutorial_dag.py took 0.049 seconds
[2026-05-30T11:44:29.203+0000] {processor.py:161} INFO - Started process (PID=678) to work on /home/airflow/.local/lib/python3.8/site-packages/airflow/example_dags/tutorial_dag.py
[2026-05-30T11:44:29.205+0000] {processor.py:830} INFO - Processing file /home/airflow/.local/lib/python3.8/site-packages/airflow/example_dags/tutorial_dag.py for tasks to queue
[2026-05-30T11:44:29.207+0000] {logging_mixin.py:188} INFO - [2026-05-30T11:44:29.206+0000] {dagbag.py:540} INFO - Filling up the DagBag from /home/airflow/.local/lib/python3.8/site-packages/airflow/example_dags/tutorial_dag.py
[2026-05-30T11:44:29.211+0000] {processor.py:840} INFO - DAG(s) 'tutorial_dag' retrieved from /home/airflow/.local/lib/python3.8/site-packages/airflow/example_dags/tutorial_dag.py
[2026-05-30T11:44:29.227+0000] {logging_mixin.py:188} INFO - [2026-05-30T11:44:29.226+0000] {dag.py:3047} INFO - Sync 1 DAGs
[2026-05-30T11:44:29.235+0000] {logging_mixin.py:188} INFO - [2026-05-30T11:44:29.235+0000] {dag.py:3834} INFO - Setting next_dagrun for tutorial_dag to None, run_after=None
[2026-05-30T11:44:29.248+0000] {processor.py:183} INFO - Processing /home/airflow/.local/lib/python3.8/site-packages/airflow/example_dags/tutorial_dag.py took 0.048 seconds
[2026-05-30T11:44:59.715+0000] {processor.py:161} INFO - Started process (PID=733) to work on /home/airflow/.local/lib/python3.8/site-packages/airflow/example_dags/tutorial_dag.py
[2026-05-30T11:44:59.716+0000] {processor.py:830} INFO - Processing file /home/airflow/.local/lib/python3.8/site-packages/airflow/example_dags/tutorial_dag.py for tasks to queue
[2026-05-30T11:44:59.718+0000] {logging_mixin.py:188} INFO - [2026-05-30T11:44:59.718+0000] {dagbag.py:540} INFO - Filling up the DagBag from /home/airflow/.local/lib/python3.8/site-packages/airflow/example_dags/tutorial_dag.py
[2026-05-30T11:44:59.723+0000] {processor.py:840} INFO - DAG(s) 'tutorial_dag' retrieved from /home/airflow/.local/lib/python3.8/site-packages/airflow/example_dags/tutorial_dag.py
[2026-05-30T11:44:59.738+0000] {logging_mixin.py:188} INFO - [2026-05-30T11:44:59.737+0000] {dag.py:3047} INFO - Sync 1 DAGs
[2026-05-30T11:44:59.746+0000] {logging_mixin.py:188} INFO - [2026-05-30T11:44:59.746+0000] {dag.py:3834} INFO - Setting next_dagrun for tutorial_dag to None, run_after=None
[2026-05-30T11:44:59.760+0000] {processor.py:183} INFO - Processing /home/airflow/.local/lib/python3.8/site-packages/airflow/example_dags/tutorial_dag.py took 0.048 seconds
[2026-05-30T11:45:30.147+0000] {processor.py:161} INFO - Started process (PID=788) to work on /home/airflow/.local/lib/python3.8/site-packages/airflow/example_dags/tutorial_dag.py
[2026-05-30T11:45:30.148+0000] {processor.py:830} INFO - Processing file /home/airflow/.local/lib/python3.8/site-packages/airflow/example_dags/tutorial_dag.py for tasks to queue
[2026-05-30T11:45:30.150+0000] {logging_mixin.py:188} INFO - [2026-05-30T11:45:30.149+0000] {dagbag.py:540} INFO - Filling up the DagBag from /home/airflow/.local/lib/python3.8/site-packages/airflow/example_dags/tutorial_dag.py
[2026-05-30T11:45:30.154+0000] {processor.py:840} INFO - DAG(s) 'tutorial_dag' retrieved from /home/airflow/.local/lib/python3.8/site-packages/airflow/example_dags/tutorial_dag.py
[2026-05-30T11:45:30.172+0000] {logging_mixin.py:188} INFO - [2026-05-30T11:45:30.171+0000] {dag.py:3047} INFO - Sync 1 DAGs
[2026-05-30T11:45:30.181+0000] {logging_mixin.py:188} INFO - [2026-05-30T11:45:30.181+0000] {dag.py:3834} INFO - Setting next_dagrun for tutorial_dag to None, run_after=None
[2026-05-30T11:45:30.203+0000] {processor.py:183} INFO - Processing /home/airflow/.local/lib/python3.8/site-packages/airflow/example_dags/tutorial_dag.py took 0.059 seconds
[2026-05-30T11:46:00.335+0000] {processor.py:161} INFO - Started process (PID=843) to work on /home/airflow/.local/lib/python3.8/site-packages/airflow/example_dags/tutorial_dag.py
[2026-05-30T11:46:00.336+0000] {processor.py:830} INFO - Processing file /home/airflow/.local/lib/python3.8/site-packages/airflow/example_dags/tutorial_dag.py for tasks to queue
[2026-05-30T11:46:00.340+0000] {logging_mixin.py:188} INFO - [2026-05-30T11:46:00.339+0000] {dagbag.py:540} INFO - Filling up the DagBag from /home/airflow/.local/lib/python3.8/site-packages/airflow/example_dags/tutorial_dag.py
[2026-05-30T11:46:00.345+0000] {processor.py:840} INFO - DAG(s) 'tutorial_dag' retrieved from /home/airflow/.local/lib/python3.8/site-packages/airflow/example_dags/tutorial_dag.py
[2026-05-30T11:46:00.362+0000] {logging_mixin.py:188} INFO - [2026-05-30T11:46:00.362+0000] {dag.py:3047} INFO - Sync 1 DAGs
[2026-05-30T11:46:00.371+0000] {logging_mixin.py:188} INFO - [2026-05-30T11:46:00.371+0000] {dag.py:3834} INFO - Setting next_dagrun for tutorial_dag to None, run_after=None
[2026-05-30T11:46:00.388+0000] {processor.py:183} INFO - Processing /home/airflow/.local/lib/python3.8/site-packages/airflow/example_dags/tutorial_dag.py took 0.056 seconds
[2026-05-30T11:46:30.890+0000] {processor.py:161} INFO - Started process (PID=898) to work on /home/airflow/.local/lib/python3.8/site-packages/airflow/example_dags/tutorial_dag.py
[2026-05-30T11:46:30.891+0000] {processor.py:830} INFO - Processing file /home/airflow/.local/lib/python3.8/site-packages/airflow/example_dags/tutorial_dag.py for tasks to queue
[2026-05-30T11:46:30.893+0000] {logging_mixin.py:188} INFO - [2026-05-30T11:46:30.893+0000] {dagbag.py:540} INFO - Filling up the DagBag from /home/airflow/.local/lib/python3.8/site-packages/airflow/example_dags/tutorial_dag.py
[2026-05-30T11:46:30.898+0000] {processor.py:840} INFO - DAG(s) 'tutorial_dag' retrieved from /home/airflow/.local/lib/python3.8/site-packages/airflow/example_dags/tutorial_dag.py
[2026-05-30T11:46:30.913+0000] {logging_mixin.py:188} INFO - [2026-05-30T11:46:30.913+0000] {dag.py:3047} INFO - Sync 1 DAGs
[2026-05-30T11:46:30.922+0000] {logging_mixin.py:188} INFO - [2026-05-30T11:46:30.922+0000] {dag.py:3834} INFO - Setting next_dagrun for tutorial_dag to None, run_after=None
[2026-05-30T11:46:30.939+0000] {processor.py:183} INFO - Processing /home/airflow/.local/lib/python3.8/site-packages/airflow/example_dags/tutorial_dag.py took 0.052 seconds
[2026-05-30T11:47:01.351+0000] {processor.py:161} INFO - Started process (PID=952) to work on /home/airflow/.local/lib/python3.8/site-packages/airflow/example_dags/tutorial_dag.py
[2026-05-30T11:47:01.353+0000] {processor.py:830} INFO - Processing file /home/airflow/.local/lib/python3.8/site-packages/airflow/example_dags/tutorial_dag.py for tasks to queue
[2026-05-30T11:47:01.355+0000] {logging_mixin.py:188} INFO - [2026-05-30T11:47:01.355+0000] {dagbag.py:540} INFO - Filling up the DagBag from /home/airflow/.local/lib/python3.8/site-packages/airflow/example_dags/tutorial_dag.py
[2026-05-30T11:47:01.361+0000] {processor.py:840} INFO - DAG(s) 'tutorial_dag' retrieved from /home/airflow/.local/lib/python3.8/site-packages/airflow/example_dags/tutorial_dag.py
[2026-05-30T11:47:01.378+0000] {logging_mixin.py:188} INFO - [2026-05-30T11:47:01.378+0000] {dag.py:3047} INFO - Sync 1 DAGs
[2026-05-30T11:47:01.388+0000] {logging_mixin.py:188} INFO - [2026-05-30T11:47:01.388+0000] {dag.py:3834} INFO - Setting next_dagrun for tutorial_dag to None, run_after=None
[2026-05-30T11:47:01.402+0000] {processor.py:183} INFO - Processing /home/airflow/.local/lib/python3.8/site-packages/airflow/example_dags/tutorial_dag.py took 0.055 seconds
[2026-05-30T11:47:31.713+0000] {processor.py:161} INFO - Started process (PID=1008) to work on /home/airflow/.local/lib/python3.8/site-packages/airflow/example_dags/tutorial_dag.py
[2026-05-30T11:47:31.714+0000] {processor.py:830} INFO - Processing file /home/airflow/.local/lib/python3.8/site-packages/airflow/example_dags/tutorial_dag.py for tasks to queue
[2026-05-30T11:47:31.715+0000] {logging_mixin.py:188} INFO - [2026-05-30T11:47:31.715+0000] {dagbag.py:540} INFO - Filling up the DagBag from /home/airflow/.local/lib/python3.8/site-packages/airflow/example_dags/tutorial_dag.py
[2026-05-30T11:47:31.720+0000] {processor.py:840} INFO - DAG(s) 'tutorial_dag' retrieved from /home/airflow/.local/lib/python3.8/site-packages/airflow/example_dags/tutorial_dag.py
[2026-05-30T11:47:31.736+0000] {logging_mixin.py:188} INFO - [2026-05-30T11:47:31.735+0000] {dag.py:3047} INFO - Sync 1 DAGs
[2026-05-30T11:47:31.745+0000] {logging_mixin.py:188} INFO - [2026-05-30T11:47:31.745+0000] {dag.py:3834} INFO - Setting next_dagrun for tutorial_dag to None, run_after=None
[2026-05-30T11:47:31.762+0000] {processor.py:183} INFO - Processing /home/airflow/.local/lib/python3.8/site-packages/airflow/example_dags/tutorial_dag.py took 0.052 seconds
[2026-05-30T11:48:02.105+0000] {processor.py:161} INFO - Started process (PID=1063) to work on /home/airflow/.local/lib/python3.8/site-packages/airflow/example_dags/tutorial_dag.py
[2026-05-30T11:48:02.106+0000] {processor.py:830} INFO - Processing file /home/airflow/.local/lib/python3.8/site-packages/airflow/example_dags/tutorial_dag.py for tasks to queue
[2026-05-30T11:48:02.108+0000] {logging_mixin.py:188} INFO - [2026-05-30T11:48:02.107+0000] {dagbag.py:540} INFO - Filling up the DagBag from /home/airflow/.local/lib/python3.8/site-packages/airflow/example_dags/tutorial_dag.py
[2026-05-30T11:48:02.112+0000] {processor.py:840} INFO - DAG(s) 'tutorial_dag' retrieved from /home/airflow/.local/lib/python3.8/site-packages/airflow/example_dags/tutorial_dag.py
[2026-05-30T11:48:02.131+0000] {logging_mixin.py:188} INFO - [2026-05-30T11:48:02.131+0000] {dag.py:3047} INFO - Sync 1 DAGs
[2026-05-30T11:48:02.141+0000] {logging_mixin.py:188} INFO - [2026-05-30T11:48:02.141+0000] {dag.py:3834} INFO - Setting next_dagrun for tutorial_dag to None, run_after=None
[2026-05-30T11:48:02.162+0000] {processor.py:183} INFO - Processing /home/airflow/.local/lib/python3.8/site-packages/airflow/example_dags/tutorial_dag.py took 0.061 seconds
[2026-05-30T11:48:32.550+0000] {processor.py:161} INFO - Started process (PID=1118) to work on /home/airflow/.local/lib/python3.8/site-packages/airflow/example_dags/tutorial_dag.py
[2026-05-30T11:48:32.551+0000] {processor.py:830} INFO - Processing file /home/airflow/.local/lib/python3.8/site-packages/airflow/example_dags/tutorial_dag.py for tasks to queue
[2026-05-30T11:48:32.552+0000] {logging_mixin.py:188} INFO - [2026-05-30T11:48:32.552+0000] {dagbag.py:540} INFO - Filling up the DagBag from /home/airflow/.local/lib/python3.8/site-packages/airflow/example_dags/tutorial_dag.py
[2026-05-30T11:48:32.557+0000] {processor.py:840} INFO - DAG(s) 'tutorial_dag' retrieved from /home/airflow/.local/lib/python3.8/site-packages/airflow/example_dags/tutorial_dag.py
[2026-05-30T11:48:32.575+0000] {logging_mixin.py:188} INFO - [2026-05-30T11:48:32.574+0000] {dag.py:3047} INFO - Sync 1 DAGs
[2026-05-30T11:48:32.584+0000] {logging_mixin.py:188} INFO - [2026-05-30T11:48:32.584+0000] {dag.py:3834} INFO - Setting next_dagrun for tutorial_dag to None, run_after=None
[2026-05-30T11:48:32.600+0000] {processor.py:183} INFO - Processing /home/airflow/.local/lib/python3.8/site-packages/airflow/example_dags/tutorial_dag.py took 0.052 seconds
[2026-05-30T11:49:03.072+0000] {processor.py:161} INFO - Started process (PID=1172) to work on /home/airflow/.local/lib/python3.8/site-packages/airflow/example_dags/tutorial_dag.py
[2026-05-30T11:49:03.074+0000] {processor.py:830} INFO - Processing file /home/airflow/.local/lib/python3.8/site-packages/airflow/example_dags/tutorial_dag.py for tasks to queue
[2026-05-30T11:49:03.076+0000] {logging_mixin.py:188} INFO - [2026-05-30T11:49:03.076+0000] {dagbag.py:540} INFO - Filling up the DagBag from /home/airflow/.local/lib/python3.8/site-packages/airflow/example_dags/tutorial_dag.py
[2026-05-30T11:49:03.082+0000] {processor.py:840} INFO - DAG(s) 'tutorial_dag' retrieved from /home/airflow/.local/lib/python3.8/site-packages/airflow/example_dags/tutorial_dag.py
[2026-05-30T11:49:03.106+0000] {logging_mixin.py:188} INFO - [2026-05-30T11:49:03.105+0000] {dag.py:3047} INFO - Sync 1 DAGs
[2026-05-30T11:49:03.118+0000] {logging_mixin.py:188} INFO - [2026-05-30T11:49:03.118+0000] {dag.py:3834} INFO - Setting next_dagrun for tutorial_dag to None, run_after=None
[2026-05-30T11:49:03.140+0000] {processor.py:183} INFO - Processing /home/airflow/.local/lib/python3.8/site-packages/airflow/example_dags/tutorial_dag.py took 0.073 seconds
[2026-05-30T11:49:33.312+0000] {processor.py:161} INFO - Started process (PID=1227) to work on /home/airflow/.local/lib/python3.8/site-packages/airflow/example_dags/tutorial_dag.py
[2026-05-30T11:49:33.314+0000] {processor.py:830} INFO - Processing file /home/airflow/.local/lib/python3.8/site-packages/airflow/example_dags/tutorial_dag.py for tasks to queue
[2026-05-30T11:49:33.316+0000] {logging_mixin.py:188} INFO - [2026-05-30T11:49:33.316+0000] {dagbag.py:540} INFO - Filling up the DagBag from /home/airflow/.local/lib/python3.8/site-packages/airflow/example_dags/tutorial_dag.py
[2026-05-30T11:49:33.321+0000] {processor.py:840} INFO - DAG(s) 'tutorial_dag' retrieved from /home/airflow/.local/lib/python3.8/site-packages/airflow/example_dags/tutorial_dag.py
[2026-05-30T11:49:33.340+0000] {logging_mixin.py:188} INFO - [2026-05-30T11:49:33.340+0000] {dag.py:3047} INFO - Sync 1 DAGs
[2026-05-30T11:49:33.350+0000] {logging_mixin.py:188} INFO - [2026-05-30T11:49:33.350+0000] {dag.py:3834} INFO - Setting next_dagrun for tutorial_dag to None, run_after=None
[2026-05-30T11:49:33.367+0000] {processor.py:183} INFO - Processing /home/airflow/.local/lib/python3.8/site-packages/airflow/example_dags/tutorial_dag.py took 0.058 seconds
[2026-05-30T11:50:03.652+0000] {processor.py:161} INFO - Started process (PID=1282) to work on /home/airflow/.local/lib/python3.8/site-packages/airflow/example_dags/tutorial_dag.py
[2026-05-30T11:50:03.654+0000] {processor.py:830} INFO - Processing file /home/airflow/.local/lib/python3.8/site-packages/airflow/example_dags/tutorial_dag.py for tasks to queue
[2026-05-30T11:50:03.655+0000] {logging_mixin.py:188} INFO - [2026-05-30T11:50:03.655+0000] {dagbag.py:540} INFO - Filling up the DagBag from /home/airflow/.local/lib/python3.8/site-packages/airflow/example_dags/tutorial_dag.py
[2026-05-30T11:50:03.661+0000] {processor.py:840} INFO - DAG(s) 'tutorial_dag' retrieved from /home/airflow/.local/lib/python3.8/site-packages/airflow/example_dags/tutorial_dag.py
[2026-05-30T11:50:03.678+0000] {logging_mixin.py:188} INFO - [2026-05-30T11:50:03.677+0000] {dag.py:3047} INFO - Sync 1 DAGs
[2026-05-30T11:50:03.687+0000] {logging_mixin.py:188} INFO - [2026-05-30T11:50:03.687+0000] {dag.py:3834} INFO - Setting next_dagrun for tutorial_dag to None, run_after=None
[2026-05-30T11:50:03.706+0000] {processor.py:183} INFO - Processing /home/airflow/.local/lib/python3.8/site-packages/airflow/example_dags/tutorial_dag.py took 0.056 seconds
[2026-05-30T11:50:34.314+0000] {processor.py:161} INFO - Started process (PID=1337) to work on /home/airflow/.local/lib/python3.8/site-packages/airflow/example_dags/tutorial_dag.py
[2026-05-30T11:50:34.315+0000] {processor.py:830} INFO - Processing file /home/airflow/.local/lib/python3.8/site-packages/airflow/example_dags/tutorial_dag.py for tasks to queue
[2026-05-30T11:50:34.317+0000] {logging_mixin.py:188} INFO - [2026-05-30T11:50:34.317+0000] {dagbag.py:540} INFO - Filling up the DagBag from /home/airflow/.local/lib/python3.8/site-packages/airflow/example_dags/tutorial_dag.py
[2026-05-30T11:50:34.322+0000] {processor.py:840} INFO - DAG(s) 'tutorial_dag' retrieved from /home/airflow/.local/lib/python3.8/site-packages/airflow/example_dags/tutorial_dag.py
[2026-05-30T11:50:34.338+0000] {logging_mixin.py:188} INFO - [2026-05-30T11:50:34.338+0000] {dag.py:3047} INFO - Sync 1 DAGs
[2026-05-30T11:50:34.348+0000] {logging_mixin.py:188} INFO - [2026-05-30T11:50:34.348+0000] {dag.py:3834} INFO - Setting next_dagrun for tutorial_dag to None, run_after=None
[2026-05-30T11:50:34.363+0000] {processor.py:183} INFO - Processing /home/airflow/.local/lib/python3.8/site-packages/airflow/example_dags/tutorial_dag.py took 0.051 seconds
[2026-05-30T11:51:04.696+0000] {processor.py:161} INFO - Started process (PID=1392) to work on /home/airflow/.local/lib/python3.8/site-packages/airflow/example_dags/tutorial_dag.py
[2026-05-30T11:51:04.697+0000] {processor.py:830} INFO - Processing file /home/airflow/.local/lib/python3.8/site-packages/airflow/example_dags/tutorial_dag.py for tasks to queue
[2026-05-30T11:51:04.699+0000] {logging_mixin.py:188} INFO - [2026-05-30T11:51:04.699+0000] {dagbag.py:540} INFO - Filling up the DagBag from /home/airflow/.local/lib/python3.8/site-packages/airflow/example_dags/tutorial_dag.py
[2026-05-30T11:51:04.704+0000] {processor.py:840} INFO - DAG(s) 'tutorial_dag' retrieved from /home/airflow/.local/lib/python3.8/site-packages/airflow/example_dags/tutorial_dag.py
[2026-05-30T11:51:04.719+0000] {logging_mixin.py:188} INFO - [2026-05-30T11:51:04.719+0000] {dag.py:3047} INFO - Sync 1 DAGs
[2026-05-30T11:51:04.728+0000] {logging_mixin.py:188} INFO - [2026-05-30T11:51:04.728+0000] {dag.py:3834} INFO - Setting next_dagrun for tutorial_dag to None, run_after=None
[2026-05-30T11:51:04.741+0000] {processor.py:183} INFO - Processing /home/airflow/.local/lib/python3.8/site-packages/airflow/example_dags/tutorial_dag.py took 0.048 seconds
[2026-05-30T11:51:35.587+0000] {processor.py:161} INFO - Started process (PID=1447) to work on /home/airflow/.local/lib/python3.8/site-packages/airflow/example_dags/tutorial_dag.py
[2026-05-30T11:51:35.589+0000] {processor.py:830} INFO - Processing file /home/airflow/.local/lib/python3.8/site-packages/airflow/example_dags/tutorial_dag.py for tasks to queue
[2026-05-30T11:51:35.591+0000] {logging_mixin.py:188} INFO - [2026-05-30T11:51:35.590+0000] {dagbag.py:540} INFO - Filling up the DagBag from /home/airflow/.local/lib/python3.8/site-packages/airflow/example_dags/tutorial_dag.py
[2026-05-30T11:51:35.596+0000] {processor.py:840} INFO - DAG(s) 'tutorial_dag' retrieved from /home/airflow/.local/lib/python3.8/site-packages/airflow/example_dags/tutorial_dag.py
[2026-05-30T11:51:35.612+0000] {logging_mixin.py:188} INFO - [2026-05-30T11:51:35.611+0000] {dag.py:3047} INFO - Sync 1 DAGs
[2026-05-30T11:51:35.620+0000] {logging_mixin.py:188} INFO - [2026-05-30T11:51:35.620+0000] {dag.py:3834} INFO - Setting next_dagrun for tutorial_dag to None, run_after=None
[2026-05-30T11:51:35.635+0000] {processor.py:183} INFO - Processing /home/airflow/.local/lib/python3.8/site-packages/airflow/example_dags/tutorial_dag.py took 0.051 seconds
[2026-05-30T11:52:06.075+0000] {processor.py:161} INFO - Started process (PID=1502) to work on /home/airflow/.local/lib/python3.8/site-packages/airflow/example_dags/tutorial_dag.py
[2026-05-30T11:52:06.076+0000] {processor.py:830} INFO - Processing file /home/airflow/.local/lib/python3.8/site-packages/airflow/example_dags/tutorial_dag.py for tasks to queue
[2026-05-30T11:52:06.077+0000] {logging_mixin.py:188} INFO - [2026-05-30T11:52:06.077+0000] {dagbag.py:540} INFO - Filling up the DagBag from /home/airflow/.local/lib/python3.8/site-packages/airflow/example_dags/tutorial_dag.py
[2026-05-30T11:52:06.082+0000] {processor.py:840} INFO - DAG(s) 'tutorial_dag' retrieved from /home/airflow/.local/lib/python3.8/site-packages/airflow/example_dags/tutorial_dag.py
[2026-05-30T11:52:06.101+0000] {logging_mixin.py:188} INFO - [2026-05-30T11:52:06.101+0000] {dag.py:3047} INFO - Sync 1 DAGs
[2026-05-30T11:52:06.112+0000] {logging_mixin.py:188} INFO - [2026-05-30T11:52:06.112+0000] {dag.py:3834} INFO - Setting next_dagrun for tutorial_dag to None, run_after=None
[2026-05-30T11:52:06.130+0000] {processor.py:183} INFO - Processing /home/airflow/.local/lib/python3.8/site-packages/airflow/example_dags/tutorial_dag.py took 0.058 seconds
[2026-05-30T11:52:36.538+0000] {processor.py:161} INFO - Started process (PID=1557) to work on /home/airflow/.local/lib/python3.8/site-packages/airflow/example_dags/tutorial_dag.py
[2026-05-30T11:52:36.539+0000] {processor.py:830} INFO - Processing file /home/airflow/.local/lib/python3.8/site-packages/airflow/example_dags/tutorial_dag.py for tasks to queue
[2026-05-30T11:52:36.541+0000] {logging_mixin.py:188} INFO - [2026-05-30T11:52:36.541+0000] {dagbag.py:540} INFO - Filling up the DagBag from /home/airflow/.local/lib/python3.8/site-packages/airflow/example_dags/tutorial_dag.py
[2026-05-30T11:52:36.546+0000] {processor.py:840} INFO - DAG(s) 'tutorial_dag' retrieved from /home/airflow/.local/lib/python3.8/site-packages/airflow/example_dags/tutorial_dag.py
[2026-05-30T11:52:36.565+0000] {logging_mixin.py:188} INFO - [2026-05-30T11:52:36.565+0000] {dag.py:3047} INFO - Sync 1 DAGs
[2026-05-30T11:52:36.575+0000] {logging_mixin.py:188} INFO - [2026-05-30T11:52:36.575+0000] {dag.py:3834} INFO - Setting next_dagrun for tutorial_dag to None, run_after=None
[2026-05-30T11:52:36.594+0000] {processor.py:183} INFO - Processing /home/airflow/.local/lib/python3.8/site-packages/airflow/example_dags/tutorial_dag.py took 0.059 seconds
[2026-05-30T11:53:06.942+0000] {processor.py:161} INFO - Started process (PID=1612) to work on /home/airflow/.local/lib/python3.8/site-packages/airflow/example_dags/tutorial_dag.py
[2026-05-30T11:53:06.943+0000] {processor.py:830} INFO - Processing file /home/airflow/.local/lib/python3.8/site-packages/airflow/example_dags/tutorial_dag.py for tasks to queue
[2026-05-30T11:53:06.945+0000] {logging_mixin.py:188} INFO - [2026-05-30T11:53:06.945+0000] {dagbag.py:540} INFO - Filling up the DagBag from /home/airflow/.local/lib/python3.8/site-packages/airflow/example_dags/tutorial_dag.py
[2026-05-30T11:53:06.952+0000] {processor.py:840} INFO - DAG(s) 'tutorial_dag' retrieved from /home/airflow/.local/lib/python3.8/site-packages/airflow/example_dags/tutorial_dag.py
[2026-05-30T11:53:06.970+0000] {logging_mixin.py:188} INFO - [2026-05-30T11:53:06.970+0000] {dag.py:3047} INFO - Sync 1 DAGs
[2026-05-30T11:53:06.980+0000] {logging_mixin.py:188} INFO - [2026-05-30T11:53:06.979+0000] {dag.py:3834} INFO - Setting next_dagrun for tutorial_dag to None, run_after=None
[2026-05-30T11:53:06.996+0000] {processor.py:183} INFO - Processing /home/airflow/.local/lib/python3.8/site-packages/airflow/example_dags/tutorial_dag.py took 0.057 seconds
[2026-05-30T11:53:37.394+0000] {processor.py:161} INFO - Started process (PID=1667) to work on /home/airflow/.local/lib/python3.8/site-packages/airflow/example_dags/tutorial_dag.py
[2026-05-30T11:53:37.396+0000] {processor.py:830} INFO - Processing file /home/airflow/.local/lib/python3.8/site-packages/airflow/example_dags/tutorial_dag.py for tasks to queue
[2026-05-30T11:53:37.398+0000] {logging_mixin.py:188} INFO - [2026-05-30T11:53:37.398+0000] {dagbag.py:540} INFO - Filling up the DagBag from /home/airflow/.local/lib/python3.8/site-packages/airflow/example_dags/tutorial_dag.py
[2026-05-30T11:53:37.405+0000] {processor.py:840} INFO - DAG(s) 'tutorial_dag' retrieved from /home/airflow/.local/lib/python3.8/site-packages/airflow/example_dags/tutorial_dag.py
[2026-05-30T11:53:37.426+0000] {logging_mixin.py:188} INFO - [2026-05-30T11:53:37.426+0000] {dag.py:3047} INFO - Sync 1 DAGs
[2026-05-30T11:53:37.436+0000] {logging_mixin.py:188} INFO - [2026-05-30T11:53:37.435+0000] {dag.py:3834} INFO - Setting next_dagrun for tutorial_dag to None, run_after=None
[2026-05-30T11:53:37.465+0000] {processor.py:183} INFO - Processing /home/airflow/.local/lib/python3.8/site-packages/airflow/example_dags/tutorial_dag.py took 0.073 seconds
[2026-05-30T11:54:07.574+0000] {processor.py:161} INFO - Started process (PID=1721) to work on /home/airflow/.local/lib/python3.8/site-packages/airflow/example_dags/tutorial_dag.py
[2026-05-30T11:54:07.575+0000] {processor.py:830} INFO - Processing file /home/airflow/.local/lib/python3.8/site-packages/airflow/example_dags/tutorial_dag.py for tasks to queue
[2026-05-30T11:54:07.577+0000] {logging_mixin.py:188} INFO - [2026-05-30T11:54:07.577+0000] {dagbag.py:540} INFO - Filling up the DagBag from /home/airflow/.local/lib/python3.8/site-packages/airflow/example_dags/tutorial_dag.py
[2026-05-30T11:54:07.583+0000] {processor.py:840} INFO - DAG(s) 'tutorial_dag' retrieved from /home/airflow/.local/lib/python3.8/site-packages/airflow/example_dags/tutorial_dag.py
[2026-05-30T11:54:07.599+0000] {logging_mixin.py:188} INFO - [2026-05-30T11:54:07.599+0000] {dag.py:3047} INFO - Sync 1 DAGs
[2026-05-30T11:54:07.609+0000] {logging_mixin.py:188} INFO - [2026-05-30T11:54:07.609+0000] {dag.py:3834} INFO - Setting next_dagrun for tutorial_dag to None, run_after=None
[2026-05-30T11:54:07.629+0000] {processor.py:183} INFO - Processing /home/airflow/.local/lib/python3.8/site-packages/airflow/example_dags/tutorial_dag.py took 0.058 seconds
[2026-05-30T11:54:37.880+0000] {processor.py:161} INFO - Started process (PID=1776) to work on /home/airflow/.local/lib/python3.8/site-packages/airflow/example_dags/tutorial_dag.py
[2026-05-30T11:54:37.881+0000] {processor.py:830} INFO - Processing file /home/airflow/.local/lib/python3.8/site-packages/airflow/example_dags/tutorial_dag.py for tasks to queue
[2026-05-30T11:54:37.883+0000] {logging_mixin.py:188} INFO - [2026-05-30T11:54:37.883+0000] {dagbag.py:540} INFO - Filling up the DagBag from /home/airflow/.local/lib/python3.8/site-packages/airflow/example_dags/tutorial_dag.py
[2026-05-30T11:54:37.888+0000] {processor.py:840} INFO - DAG(s) 'tutorial_dag' retrieved from /home/airflow/.local/lib/python3.8/site-packages/airflow/example_dags/tutorial_dag.py
[2026-05-30T11:54:37.903+0000] {logging_mixin.py:188} INFO - [2026-05-30T11:54:37.903+0000] {dag.py:3047} INFO - Sync 1 DAGs
[2026-05-30T11:54:37.913+0000] {logging_mixin.py:188} INFO - [2026-05-30T11:54:37.913+0000] {dag.py:3834} INFO - Setting next_dagrun for tutorial_dag to None, run_after=None
[2026-05-30T11:54:37.927+0000] {processor.py:183} INFO - Processing /home/airflow/.local/lib/python3.8/site-packages/airflow/example_dags/tutorial_dag.py took 0.050 seconds
[2026-05-30T11:55:08.269+0000] {processor.py:161} INFO - Started process (PID=1832) to work on /home/airflow/.local/lib/python3.8/site-packages/airflow/example_dags/tutorial_dag.py
[2026-05-30T11:55:08.271+0000] {processor.py:830} INFO - Processing file /home/airflow/.local/lib/python3.8/site-packages/airflow/example_dags/tutorial_dag.py for tasks to queue
[2026-05-30T11:55:08.272+0000] {logging_mixin.py:188} INFO - [2026-05-30T11:55:08.272+0000] {dagbag.py:540} INFO - Filling up the DagBag from /home/airflow/.local/lib/python3.8/site-packages/airflow/example_dags/tutorial_dag.py
[2026-05-30T11:55:08.278+0000] {processor.py:840} INFO - DAG(s) 'tutorial_dag' retrieved from /home/airflow/.local/lib/python3.8/site-packages/airflow/example_dags/tutorial_dag.py
[2026-05-30T11:55:08.295+0000] {logging_mixin.py:188} INFO - [2026-05-30T11:55:08.295+0000] {dag.py:3047} INFO - Sync 1 DAGs
[2026-05-30T11:55:08.305+0000] {logging_mixin.py:188} INFO - [2026-05-30T11:55:08.305+0000] {dag.py:3834} INFO - Setting next_dagrun for tutorial_dag to None, run_after=None
[2026-05-30T11:55:08.323+0000] {processor.py:183} INFO - Processing /home/airflow/.local/lib/python3.8/site-packages/airflow/example_dags/tutorial_dag.py took 0.056 seconds
[2026-05-30T11:55:38.555+0000] {processor.py:161} INFO - Started process (PID=1887) to work on /home/airflow/.local/lib/python3.8/site-packages/airflow/example_dags/tutorial_dag.py
[2026-05-30T11:55:38.556+0000] {processor.py:830} INFO - Processing file /home/airflow/.local/lib/python3.8/site-packages/airflow/example_dags/tutorial_dag.py for tasks to queue
[2026-05-30T11:55:38.558+0000] {logging_mixin.py:188} INFO - [2026-05-30T11:55:38.558+0000] {dagbag.py:540} INFO - Filling up the DagBag from /home/airflow/.local/lib/python3.8/site-packages/airflow/example_dags/tutorial_dag.py
[2026-05-30T11:55:38.563+0000] {processor.py:840} INFO - DAG(s) 'tutorial_dag' retrieved from /home/airflow/.local/lib/python3.8/site-packages/airflow/example_dags/tutorial_dag.py
[2026-05-30T11:55:38.580+0000] {logging_mixin.py:188} INFO - [2026-05-30T11:55:38.579+0000] {dag.py:3047} INFO - Sync 1 DAGs
[2026-05-30T11:55:38.589+0000] {logging_mixin.py:188} INFO - [2026-05-30T11:55:38.589+0000] {dag.py:3834} INFO - Setting next_dagrun for tutorial_dag to None, run_after=None
[2026-05-30T11:55:38.604+0000] {processor.py:183} INFO - Processing /home/airflow/.local/lib/python3.8/site-packages/airflow/example_dags/tutorial_dag.py took 0.052 seconds
[2026-05-30T11:56:08.987+0000] {processor.py:161} INFO - Started process (PID=1942) to work on /home/airflow/.local/lib/python3.8/site-packages/airflow/example_dags/tutorial_dag.py
[2026-05-30T11:56:08.988+0000] {processor.py:830} INFO - Processing file /home/airflow/.local/lib/python3.8/site-packages/airflow/example_dags/tutorial_dag.py for tasks to queue
[2026-05-30T11:56:08.990+0000] {logging_mixin.py:188} INFO - [2026-05-30T11:56:08.989+0000] {dagbag.py:540} INFO - Filling up the DagBag from /home/airflow/.local/lib/python3.8/site-packages/airflow/example_dags/tutorial_dag.py
[2026-05-30T11:56:08.994+0000] {processor.py:840} INFO - DAG(s) 'tutorial_dag' retrieved from /home/airflow/.local/lib/python3.8/site-packages/airflow/example_dags/tutorial_dag.py
[2026-05-30T11:56:09.012+0000] {logging_mixin.py:188} INFO - [2026-05-30T11:56:09.012+0000] {dag.py:3047} INFO - Sync 1 DAGs
[2026-05-30T11:56:09.119+0000] {logging_mixin.py:188} INFO - [2026-05-30T11:56:09.119+0000] {dag.py:3834} INFO - Setting next_dagrun for tutorial_dag to None, run_after=None
[2026-05-30T11:56:09.135+0000] {processor.py:183} INFO - Processing /home/airflow/.local/lib/python3.8/site-packages/airflow/example_dags/tutorial_dag.py took 0.151 seconds
[2026-05-30T11:56:39.877+0000] {processor.py:161} INFO - Started process (PID=1997) to work on /home/airflow/.local/lib/python3.8/site-packages/airflow/example_dags/tutorial_dag.py
[2026-05-30T11:56:39.879+0000] {processor.py:830} INFO - Processing file /home/airflow/.local/lib/python3.8/site-packages/airflow/example_dags/tutorial_dag.py for tasks to queue
[2026-05-30T11:56:39.881+0000] {logging_mixin.py:188} INFO - [2026-05-30T11:56:39.881+0000] {dagbag.py:540} INFO - Filling up the DagBag from /home/airflow/.local/lib/python3.8/site-packages/airflow/example_dags/tutorial_dag.py
[2026-05-30T11:56:39.886+0000] {processor.py:840} INFO - DAG(s) 'tutorial_dag' retrieved from /home/airflow/.local/lib/python3.8/site-packages/airflow/example_dags/tutorial_dag.py
[2026-05-30T11:56:39.904+0000] {logging_mixin.py:188} INFO - [2026-05-30T11:56:39.904+0000] {dag.py:3047} INFO - Sync 1 DAGs
[2026-05-30T11:56:39.915+0000] {logging_mixin.py:188} INFO - [2026-05-30T11:56:39.914+0000] {dag.py:3834} INFO - Setting next_dagrun for tutorial_dag to None, run_after=None
[2026-05-30T11:56:40.058+0000] {processor.py:183} INFO - Processing /home/airflow/.local/lib/python3.8/site-packages/airflow/example_dags/tutorial_dag.py took 0.183 seconds
[2026-05-30T11:57:11.005+0000] {processor.py:161} INFO - Started process (PID=2052) to work on /home/airflow/.local/lib/python3.8/site-packages/airflow/example_dags/tutorial_dag.py
[2026-05-30T11:57:11.007+0000] {processor.py:830} INFO - Processing file /home/airflow/.local/lib/python3.8/site-packages/airflow/example_dags/tutorial_dag.py for tasks to queue
[2026-05-30T11:57:11.013+0000] {logging_mixin.py:188} INFO - [2026-05-30T11:57:11.010+0000] {dagbag.py:540} INFO - Filling up the DagBag from /home/airflow/.local/lib/python3.8/site-packages/airflow/example_dags/tutorial_dag.py
[2026-05-30T11:57:11.024+0000] {processor.py:840} INFO - DAG(s) 'tutorial_dag' retrieved from /home/airflow/.local/lib/python3.8/site-packages/airflow/example_dags/tutorial_dag.py
[2026-05-30T11:57:11.066+0000] {logging_mixin.py:188} INFO - [2026-05-30T11:57:11.066+0000] {dag.py:3047} INFO - Sync 1 DAGs
[2026-05-30T11:57:11.087+0000] {logging_mixin.py:188} INFO - [2026-05-30T11:57:11.086+0000] {dag.py:3834} INFO - Setting next_dagrun for tutorial_dag to None, run_after=None
[2026-05-30T11:57:11.125+0000] {processor.py:183} INFO - Processing /home/airflow/.local/lib/python3.8/site-packages/airflow/example_dags/tutorial_dag.py took 0.125 seconds
[2026-05-30T11:57:42.080+0000] {processor.py:161} INFO - Started process (PID=2107) to work on /home/airflow/.local/lib/python3.8/site-packages/airflow/example_dags/tutorial_dag.py
[2026-05-30T11:57:42.081+0000] {processor.py:830} INFO - Processing file /home/airflow/.local/lib/python3.8/site-packages/airflow/example_dags/tutorial_dag.py for tasks to queue
[2026-05-30T11:57:42.082+0000] {logging_mixin.py:188} INFO - [2026-05-30T11:57:42.082+0000] {dagbag.py:540} INFO - Filling up the DagBag from /home/airflow/.local/lib/python3.8/site-packages/airflow/example_dags/tutorial_dag.py
[2026-05-30T11:57:42.088+0000] {processor.py:840} INFO - DAG(s) 'tutorial_dag' retrieved from /home/airflow/.local/lib/python3.8/site-packages/airflow/example_dags/tutorial_dag.py
[2026-05-30T11:57:42.105+0000] {logging_mixin.py:188} INFO - [2026-05-30T11:57:42.105+0000] {dag.py:3047} INFO - Sync 1 DAGs
[2026-05-30T11:57:42.118+0000] {logging_mixin.py:188} INFO - [2026-05-30T11:57:42.117+0000] {dag.py:3834} INFO - Setting next_dagrun for tutorial_dag to None, run_after=None
[2026-05-30T11:57:42.135+0000] {processor.py:183} INFO - Processing /home/airflow/.local/lib/python3.8/site-packages/airflow/example_dags/tutorial_dag.py took 0.058 seconds
[2026-05-30T11:58:12.604+0000] {processor.py:161} INFO - Started process (PID=2162) to work on /home/airflow/.local/lib/python3.8/site-packages/airflow/example_dags/tutorial_dag.py
[2026-05-30T11:58:12.605+0000] {processor.py:830} INFO - Processing file /home/airflow/.local/lib/python3.8/site-packages/airflow/example_dags/tutorial_dag.py for tasks to queue
[2026-05-30T11:58:12.607+0000] {logging_mixin.py:188} INFO - [2026-05-30T11:58:12.607+0000] {dagbag.py:540} INFO - Filling up the DagBag from /home/airflow/.local/lib/python3.8/site-packages/airflow/example_dags/tutorial_dag.py
[2026-05-30T11:58:12.612+0000] {processor.py:840} INFO - DAG(s) 'tutorial_dag' retrieved from /home/airflow/.local/lib/python3.8/site-packages/airflow/example_dags/tutorial_dag.py
[2026-05-30T11:58:12.631+0000] {logging_mixin.py:188} INFO - [2026-05-30T11:58:12.631+0000] {dag.py:3047} INFO - Sync 1 DAGs
[2026-05-30T11:58:12.642+0000] {logging_mixin.py:188} INFO - [2026-05-30T11:58:12.642+0000] {dag.py:3834} INFO - Setting next_dagrun for tutorial_dag to None, run_after=None
[2026-05-30T11:58:12.664+0000] {processor.py:183} INFO - Processing /home/airflow/.local/lib/python3.8/site-packages/airflow/example_dags/tutorial_dag.py took 0.063 seconds
[2026-05-30T11:58:43.295+0000] {processor.py:161} INFO - Started process (PID=2217) to work on /home/airflow/.local/lib/python3.8/site-packages/airflow/example_dags/tutorial_dag.py
[2026-05-30T11:58:43.296+0000] {processor.py:830} INFO - Processing file /home/airflow/.local/lib/python3.8/site-packages/airflow/example_dags/tutorial_dag.py for tasks to queue
[2026-05-30T11:58:43.299+0000] {logging_mixin.py:188} INFO - [2026-05-30T11:58:43.298+0000] {dagbag.py:540} INFO - Filling up the DagBag from /home/airflow/.local/lib/python3.8/site-packages/airflow/example_dags/tutorial_dag.py
[2026-05-30T11:58:43.305+0000] {processor.py:840} INFO - DAG(s) 'tutorial_dag' retrieved from /home/airflow/.local/lib/python3.8/site-packages/airflow/example_dags/tutorial_dag.py
[2026-05-30T11:58:43.324+0000] {logging_mixin.py:188} INFO - [2026-05-30T11:58:43.324+0000] {dag.py:3047} INFO - Sync 1 DAGs
[2026-05-30T11:58:43.335+0000] {logging_mixin.py:188} INFO - [2026-05-30T11:58:43.335+0000] {dag.py:3834} INFO - Setting next_dagrun for tutorial_dag to None, run_after=None
[2026-05-30T11:58:43.357+0000] {processor.py:183} INFO - Processing /home/airflow/.local/lib/python3.8/site-packages/airflow/example_dags/tutorial_dag.py took 0.066 seconds
[2026-05-30T11:59:13.485+0000] {processor.py:161} INFO - Started process (PID=2272) to work on /home/airflow/.local/lib/python3.8/site-packages/airflow/example_dags/tutorial_dag.py
[2026-05-30T11:59:13.486+0000] {processor.py:830} INFO - Processing file /home/airflow/.local/lib/python3.8/site-packages/airflow/example_dags/tutorial_dag.py for tasks to queue
[2026-05-30T11:59:13.488+0000] {logging_mixin.py:188} INFO - [2026-05-30T11:59:13.487+0000] {dagbag.py:540} INFO - Filling up the DagBag from /home/airflow/.local/lib/python3.8/site-packages/airflow/example_dags/tutorial_dag.py
[2026-05-30T11:59:13.492+0000] {processor.py:840} INFO - DAG(s) 'tutorial_dag' retrieved from /home/airflow/.local/lib/python3.8/site-packages/airflow/example_dags/tutorial_dag.py
[2026-05-30T11:59:13.512+0000] {logging_mixin.py:188} INFO - [2026-05-30T11:59:13.511+0000] {dag.py:3047} INFO - Sync 1 DAGs
[2026-05-30T11:59:13.522+0000] {logging_mixin.py:188} INFO - [2026-05-30T11:59:13.522+0000] {dag.py:3834} INFO - Setting next_dagrun for tutorial_dag to None, run_after=None
[2026-05-30T11:59:13.544+0000] {processor.py:183} INFO - Processing /home/airflow/.local/lib/python3.8/site-packages/airflow/example_dags/tutorial_dag.py took 0.062 seconds
[2026-05-30T11:59:43.756+0000] {processor.py:161} INFO - Started process (PID=2327) to work on /home/airflow/.local/lib/python3.8/site-packages/airflow/example_dags/tutorial_dag.py
[2026-05-30T11:59:43.757+0000] {processor.py:830} INFO - Processing file /home/airflow/.local/lib/python3.8/site-packages/airflow/example_dags/tutorial_dag.py for tasks to queue
[2026-05-30T11:59:43.758+0000] {logging_mixin.py:188} INFO - [2026-05-30T11:59:43.758+0000] {dagbag.py:540} INFO - Filling up the DagBag from /home/airflow/.local/lib/python3.8/site-packages/airflow/example_dags/tutorial_dag.py
[2026-05-30T11:59:43.763+0000] {processor.py:840} INFO - DAG(s) 'tutorial_dag' retrieved from /home/airflow/.local/lib/python3.8/site-packages/airflow/example_dags/tutorial_dag.py
[2026-05-30T11:59:43.780+0000] {logging_mixin.py:188} INFO - [2026-05-30T11:59:43.780+0000] {dag.py:3047} INFO - Sync 1 DAGs
[2026-05-30T11:59:43.789+0000] {logging_mixin.py:188} INFO - [2026-05-30T11:59:43.789+0000] {dag.py:3834} INFO - Setting next_dagrun for tutorial_dag to None, run_after=None
[2026-05-30T11:59:43.810+0000] {processor.py:183} INFO - Processing /home/airflow/.local/lib/python3.8/site-packages/airflow/example_dags/tutorial_dag.py took 0.057 seconds
[2026-05-30T12:00:14.037+0000] {processor.py:161} INFO - Started process (PID=2382) to work on /home/airflow/.local/lib/python3.8/site-packages/airflow/example_dags/tutorial_dag.py
[2026-05-30T12:00:14.039+0000] {processor.py:830} INFO - Processing file /home/airflow/.local/lib/python3.8/site-packages/airflow/example_dags/tutorial_dag.py for tasks to queue
[2026-05-30T12:00:14.041+0000] {logging_mixin.py:188} INFO - [2026-05-30T12:00:14.040+0000] {dagbag.py:540} INFO - Filling up the DagBag from /home/airflow/.local/lib/python3.8/site-packages/airflow/example_dags/tutorial_dag.py
[2026-05-30T12:00:14.045+0000] {processor.py:840} INFO - DAG(s) 'tutorial_dag' retrieved from /home/airflow/.local/lib/python3.8/site-packages/airflow/example_dags/tutorial_dag.py
[2026-05-30T12:00:14.068+0000] {logging_mixin.py:188} INFO - [2026-05-30T12:00:14.066+0000] {dag.py:3047} INFO - Sync 1 DAGs
[2026-05-30T12:00:14.085+0000] {logging_mixin.py:188} INFO - [2026-05-30T12:00:14.084+0000] {dag.py:3834} INFO - Setting next_dagrun for tutorial_dag to None, run_after=None
[2026-05-30T12:00:14.109+0000] {processor.py:183} INFO - Processing /home/airflow/.local/lib/python3.8/site-packages/airflow/example_dags/tutorial_dag.py took 0.074 seconds
[2026-05-30T12:00:44.395+0000] {processor.py:161} INFO - Started process (PID=2437) to work on /home/airflow/.local/lib/python3.8/site-packages/airflow/example_dags/tutorial_dag.py
[2026-05-30T12:00:44.396+0000] {processor.py:830} INFO - Processing file /home/airflow/.local/lib/python3.8/site-packages/airflow/example_dags/tutorial_dag.py for tasks to queue
[2026-05-30T12:00:44.398+0000] {logging_mixin.py:188} INFO - [2026-05-30T12:00:44.398+0000] {dagbag.py:540} INFO - Filling up the DagBag from /home/airflow/.local/lib/python3.8/site-packages/airflow/example_dags/tutorial_dag.py
[2026-05-30T12:00:44.402+0000] {processor.py:840} INFO - DAG(s) 'tutorial_dag' retrieved from /home/airflow/.local/lib/python3.8/site-packages/airflow/example_dags/tutorial_dag.py
[2026-05-30T12:00:44.420+0000] {logging_mixin.py:188} INFO - [2026-05-30T12:00:44.420+0000] {dag.py:3047} INFO - Sync 1 DAGs
[2026-05-30T12:00:44.430+0000] {logging_mixin.py:188} INFO - [2026-05-30T12:00:44.430+0000] {dag.py:3834} INFO - Setting next_dagrun for tutorial_dag to None, run_after=None
[2026-05-30T12:00:44.453+0000] {processor.py:183} INFO - Processing /home/airflow/.local/lib/python3.8/site-packages/airflow/example_dags/tutorial_dag.py took 0.060 seconds
[2026-05-30T12:01:14.620+0000] {processor.py:161} INFO - Started process (PID=2492) to work on /home/airflow/.local/lib/python3.8/site-packages/airflow/example_dags/tutorial_dag.py
[2026-05-30T12:01:14.621+0000] {processor.py:830} INFO - Processing file /home/airflow/.local/lib/python3.8/site-packages/airflow/example_dags/tutorial_dag.py for tasks to queue
[2026-05-30T12:01:14.623+0000] {logging_mixin.py:188} INFO - [2026-05-30T12:01:14.623+0000] {dagbag.py:540} INFO - Filling up the DagBag from /home/airflow/.local/lib/python3.8/site-packages/airflow/example_dags/tutorial_dag.py
[2026-05-30T12:01:14.629+0000] {processor.py:840} INFO - DAG(s) 'tutorial_dag' retrieved from /home/airflow/.local/lib/python3.8/site-packages/airflow/example_dags/tutorial_dag.py
[2026-05-30T12:01:14.653+0000] {logging_mixin.py:188} INFO - [2026-05-30T12:01:14.652+0000] {dag.py:3047} INFO - Sync 1 DAGs
[2026-05-30T12:01:14.667+0000] {logging_mixin.py:188} INFO - [2026-05-30T12:01:14.667+0000] {dag.py:3834} INFO - Setting next_dagrun for tutorial_dag to None, run_after=None
[2026-05-30T12:01:14.687+0000] {processor.py:183} INFO - Processing /home/airflow/.local/lib/python3.8/site-packages/airflow/example_dags/tutorial_dag.py took 0.071 seconds
[2026-05-30T12:01:44.909+0000] {processor.py:161} INFO - Started process (PID=2547) to work on /home/airflow/.local/lib/python3.8/site-packages/airflow/example_dags/tutorial_dag.py
[2026-05-30T12:01:44.910+0000] {processor.py:830} INFO - Processing file /home/airflow/.local/lib/python3.8/site-packages/airflow/example_dags/tutorial_dag.py for tasks to queue
[2026-05-30T12:01:44.912+0000] {logging_mixin.py:188} INFO - [2026-05-30T12:01:44.911+0000] {dagbag.py:540} INFO - Filling up the DagBag from /home/airflow/.local/lib/python3.8/site-packages/airflow/example_dags/tutorial_dag.py
[2026-05-30T12:01:44.916+0000] {processor.py:840} INFO - DAG(s) 'tutorial_dag' retrieved from /home/airflow/.local/lib/python3.8/site-packages/airflow/example_dags/tutorial_dag.py
[2026-05-30T12:01:44.932+0000] {logging_mixin.py:188} INFO - [2026-05-30T12:01:44.932+0000] {dag.py:3047} INFO - Sync 1 DAGs
[2026-05-30T12:01:44.941+0000] {logging_mixin.py:188} INFO - [2026-05-30T12:01:44.941+0000] {dag.py:3834} INFO - Setting next_dagrun for tutorial_dag to None, run_after=None
[2026-05-30T12:01:44.964+0000] {processor.py:183} INFO - Processing /home/airflow/.local/lib/python3.8/site-packages/airflow/example_dags/tutorial_dag.py took 0.057 seconds
[2026-05-30T12:02:15.243+0000] {processor.py:161} INFO - Started process (PID=2603) to work on /home/airflow/.local/lib/python3.8/site-packages/airflow/example_dags/tutorial_dag.py
[2026-05-30T12:02:15.244+0000] {processor.py:830} INFO - Processing file /home/airflow/.local/lib/python3.8/site-packages/airflow/example_dags/tutorial_dag.py for tasks to queue
[2026-05-30T12:02:15.247+0000] {logging_mixin.py:188} INFO - [2026-05-30T12:02:15.246+0000] {dagbag.py:540} INFO - Filling up the DagBag from /home/airflow/.local/lib/python3.8/site-packages/airflow/example_dags/tutorial_dag.py
[2026-05-30T12:02:15.251+0000] {processor.py:840} INFO - DAG(s) 'tutorial_dag' retrieved from /home/airflow/.local/lib/python3.8/site-packages/airflow/example_dags/tutorial_dag.py
[2026-05-30T12:02:15.275+0000] {logging_mixin.py:188} INFO - [2026-05-30T12:02:15.274+0000] {dag.py:3047} INFO - Sync 1 DAGs
[2026-05-30T12:02:15.285+0000] {logging_mixin.py:188} INFO - [2026-05-30T12:02:15.285+0000] {dag.py:3834} INFO - Setting next_dagrun for tutorial_dag to None, run_after=None
[2026-05-30T12:02:15.317+0000] {processor.py:183} INFO - Processing /home/airflow/.local/lib/python3.8/site-packages/airflow/example_dags/tutorial_dag.py took 0.077 seconds
[2026-05-30T12:02:45.942+0000] {processor.py:161} INFO - Started process (PID=2658) to work on /home/airflow/.local/lib/python3.8/site-packages/airflow/example_dags/tutorial_dag.py
[2026-05-30T12:02:45.944+0000] {processor.py:830} INFO - Processing file /home/airflow/.local/lib/python3.8/site-packages/airflow/example_dags/tutorial_dag.py for tasks to queue
[2026-05-30T12:02:45.945+0000] {logging_mixin.py:188} INFO - [2026-05-30T12:02:45.945+0000] {dagbag.py:540} INFO - Filling up the DagBag from /home/airflow/.local/lib/python3.8/site-packages/airflow/example_dags/tutorial_dag.py
[2026-05-30T12:02:45.951+0000] {processor.py:840} INFO - DAG(s) 'tutorial_dag' retrieved from /home/airflow/.local/lib/python3.8/site-packages/airflow/example_dags/tutorial_dag.py
[2026-05-30T12:02:45.972+0000] {logging_mixin.py:188} INFO - [2026-05-30T12:02:45.972+0000] {dag.py:3047} INFO - Sync 1 DAGs
[2026-05-30T12:02:45.983+0000] {logging_mixin.py:188} INFO - [2026-05-30T12:02:45.982+0000] {dag.py:3834} INFO - Setting next_dagrun for tutorial_dag to None, run_after=None
[2026-05-30T12:02:46.011+0000] {processor.py:183} INFO - Processing /home/airflow/.local/lib/python3.8/site-packages/airflow/example_dags/tutorial_dag.py took 0.072 seconds
[2026-05-30T12:03:16.638+0000] {processor.py:161} INFO - Started process (PID=2713) to work on /home/airflow/.local/lib/python3.8/site-packages/airflow/example_dags/tutorial_dag.py
[2026-05-30T12:03:16.639+0000] {processor.py:830} INFO - Processing file /home/airflow/.local/lib/python3.8/site-packages/airflow/example_dags/tutorial_dag.py for tasks to queue
[2026-05-30T12:03:16.641+0000] {logging_mixin.py:188} INFO - [2026-05-30T12:03:16.640+0000] {dagbag.py:540} INFO - Filling up the DagBag from /home/airflow/.local/lib/python3.8/site-packages/airflow/example_dags/tutorial_dag.py
[2026-05-30T12:03:16.645+0000] {processor.py:840} INFO - DAG(s) 'tutorial_dag' retrieved from /home/airflow/.local/lib/python3.8/site-packages/airflow/example_dags/tutorial_dag.py
[2026-05-30T12:03:16.667+0000] {logging_mixin.py:188} INFO - [2026-05-30T12:03:16.667+0000] {dag.py:3047} INFO - Sync 1 DAGs
[2026-05-30T12:03:16.677+0000] {logging_mixin.py:188} INFO - [2026-05-30T12:03:16.677+0000] {dag.py:3834} INFO - Setting next_dagrun for tutorial_dag to None, run_after=None
[2026-05-30T12:03:16.702+0000] {processor.py:183} INFO - Processing /home/airflow/.local/lib/python3.8/site-packages/airflow/example_dags/tutorial_dag.py took 0.067 seconds
[2026-05-30T12:03:47.124+0000] {processor.py:161} INFO - Started process (PID=2768) to work on /home/airflow/.local/lib/python3.8/site-packages/airflow/example_dags/tutorial_dag.py
[2026-05-30T12:03:47.125+0000] {processor.py:830} INFO - Processing file /home/airflow/.local/lib/python3.8/site-packages/airflow/example_dags/tutorial_dag.py for tasks to queue
[2026-05-30T12:03:47.130+0000] {logging_mixin.py:188} INFO - [2026-05-30T12:03:47.129+0000] {dagbag.py:540} INFO - Filling up the DagBag from /home/airflow/.local/lib/python3.8/site-packages/airflow/example_dags/tutorial_dag.py
[2026-05-30T12:03:47.136+0000] {processor.py:840} INFO - DAG(s) 'tutorial_dag' retrieved from /home/airflow/.local/lib/python3.8/site-packages/airflow/example_dags/tutorial_dag.py
[2026-05-30T12:03:47.162+0000] {logging_mixin.py:188} INFO - [2026-05-30T12:03:47.161+0000] {dag.py:3047} INFO - Sync 1 DAGs
[2026-05-30T12:03:47.180+0000] {logging_mixin.py:188} INFO - [2026-05-30T12:03:47.179+0000] {dag.py:3834} INFO - Setting next_dagrun for tutorial_dag to None, run_after=None
[2026-05-30T12:03:47.206+0000] {processor.py:183} INFO - Processing /home/airflow/.local/lib/python3.8/site-packages/airflow/example_dags/tutorial_dag.py took 0.085 seconds
[2026-05-30T12:04:17.555+0000] {processor.py:161} INFO - Started process (PID=2823) to work on /home/airflow/.local/lib/python3.8/site-packages/airflow/example_dags/tutorial_dag.py
[2026-05-30T12:04:17.557+0000] {processor.py:830} INFO - Processing file /home/airflow/.local/lib/python3.8/site-packages/airflow/example_dags/tutorial_dag.py for tasks to queue
[2026-05-30T12:04:17.559+0000] {logging_mixin.py:188} INFO - [2026-05-30T12:04:17.559+0000] {dagbag.py:540} INFO - Filling up the DagBag from /home/airflow/.local/lib/python3.8/site-packages/airflow/example_dags/tutorial_dag.py
[2026-05-30T12:04:17.568+0000] {processor.py:840} INFO - DAG(s) 'tutorial_dag' retrieved from /home/airflow/.local/lib/python3.8/site-packages/airflow/example_dags/tutorial_dag.py
[2026-05-30T12:04:17.589+0000] {logging_mixin.py:188} INFO - [2026-05-30T12:04:17.589+0000] {dag.py:3047} INFO - Sync 1 DAGs
[2026-05-30T12:04:17.602+0000] {logging_mixin.py:188} INFO - [2026-05-30T12:04:17.602+0000] {dag.py:3834} INFO - Setting next_dagrun for tutorial_dag to None, run_after=None
[2026-05-30T12:04:17.629+0000] {processor.py:183} INFO - Processing /home/airflow/.local/lib/python3.8/site-packages/airflow/example_dags/tutorial_dag.py took 0.080 seconds
[2026-05-30T12:04:48.056+0000] {processor.py:161} INFO - Started process (PID=2878) to work on /home/airflow/.local/lib/python3.8/site-packages/airflow/example_dags/tutorial_dag.py
[2026-05-30T12:04:48.058+0000] {processor.py:830} INFO - Processing file /home/airflow/.local/lib/python3.8/site-packages/airflow/example_dags/tutorial_dag.py for tasks to queue
[2026-05-30T12:04:48.059+0000] {logging_mixin.py:188} INFO - [2026-05-30T12:04:48.059+0000] {dagbag.py:540} INFO - Filling up the DagBag from /home/airflow/.local/lib/python3.8/site-packages/airflow/example_dags/tutorial_dag.py
[2026-05-30T12:04:48.064+0000] {processor.py:840} INFO - DAG(s) 'tutorial_dag' retrieved from /home/airflow/.local/lib/python3.8/site-packages/airflow/example_dags/tutorial_dag.py
[2026-05-30T12:04:48.083+0000] {logging_mixin.py:188} INFO - [2026-05-30T12:04:48.083+0000] {dag.py:3047} INFO - Sync 1 DAGs
[2026-05-30T12:04:48.093+0000] {logging_mixin.py:188} INFO - [2026-05-30T12:04:48.093+0000] {dag.py:3834} INFO - Setting next_dagrun for tutorial_dag to None, run_after=None
[2026-05-30T12:04:48.116+0000] {processor.py:183} INFO - Processing /home/airflow/.local/lib/python3.8/site-packages/airflow/example_dags/tutorial_dag.py took 0.063 seconds
[2026-05-30T12:05:18.304+0000] {processor.py:161} INFO - Started process (PID=2933) to work on /home/airflow/.local/lib/python3.8/site-packages/airflow/example_dags/tutorial_dag.py
[2026-05-30T12:05:18.308+0000] {processor.py:830} INFO - Processing file /home/airflow/.local/lib/python3.8/site-packages/airflow/example_dags/tutorial_dag.py for tasks to queue
[2026-05-30T12:05:18.310+0000] {logging_mixin.py:188} INFO - [2026-05-30T12:05:18.310+0000] {dagbag.py:540} INFO - Filling up the DagBag from /home/airflow/.local/lib/python3.8/site-packages/airflow/example_dags/tutorial_dag.py
[2026-05-30T12:05:18.315+0000] {processor.py:840} INFO - DAG(s) 'tutorial_dag' retrieved from /home/airflow/.local/lib/python3.8/site-packages/airflow/example_dags/tutorial_dag.py
[2026-05-30T12:05:18.335+0000] {logging_mixin.py:188} INFO - [2026-05-30T12:05:18.334+0000] {dag.py:3047} INFO - Sync 1 DAGs
[2026-05-30T12:05:18.344+0000] {logging_mixin.py:188} INFO - [2026-05-30T12:05:18.344+0000] {dag.py:3834} INFO - Setting next_dagrun for tutorial_dag to None, run_after=None
[2026-05-30T12:05:18.368+0000] {processor.py:183} INFO - Processing /home/airflow/.local/lib/python3.8/site-packages/airflow/example_dags/tutorial_dag.py took 0.067 seconds
[2026-05-30T12:05:48.446+0000] {processor.py:161} INFO - Started process (PID=2988) to work on /home/airflow/.local/lib/python3.8/site-packages/airflow/example_dags/tutorial_dag.py
[2026-05-30T12:05:48.447+0000] {processor.py:830} INFO - Processing file /home/airflow/.local/lib/python3.8/site-packages/airflow/example_dags/tutorial_dag.py for tasks to queue
[2026-05-30T12:05:48.449+0000] {logging_mixin.py:188} INFO - [2026-05-30T12:05:48.449+0000] {dagbag.py:540} INFO - Filling up the DagBag from /home/airflow/.local/lib/python3.8/site-packages/airflow/example_dags/tutorial_dag.py
[2026-05-30T12:05:48.454+0000] {processor.py:840} INFO - DAG(s) 'tutorial_dag' retrieved from /home/airflow/.local/lib/python3.8/site-packages/airflow/example_dags/tutorial_dag.py
[2026-05-30T12:05:48.474+0000] {logging_mixin.py:188} INFO - [2026-05-30T12:05:48.474+0000] {dag.py:3047} INFO - Sync 1 DAGs
[2026-05-30T12:05:48.485+0000] {logging_mixin.py:188} INFO - [2026-05-30T12:05:48.485+0000] {dag.py:3834} INFO - Setting next_dagrun for tutorial_dag to None, run_after=None
[2026-05-30T12:05:48.530+0000] {processor.py:183} INFO - Processing /home/airflow/.local/lib/python3.8/site-packages/airflow/example_dags/tutorial_dag.py took 0.087 seconds
[2026-05-30T12:06:18.576+0000] {processor.py:161} INFO - Started process (PID=3043) to work on /home/airflow/.local/lib/python3.8/site-packages/airflow/example_dags/tutorial_dag.py
[2026-05-30T12:06:18.578+0000] {processor.py:830} INFO - Processing file /home/airflow/.local/lib/python3.8/site-packages/airflow/example_dags/tutorial_dag.py for tasks to queue
[2026-05-30T12:06:18.579+0000] {logging_mixin.py:188} INFO - [2026-05-30T12:06:18.579+0000] {dagbag.py:540} INFO - Filling up the DagBag from /home/airflow/.local/lib/python3.8/site-packages/airflow/example_dags/tutorial_dag.py
[2026-05-30T12:06:18.584+0000] {processor.py:840} INFO - DAG(s) 'tutorial_dag' retrieved from /home/airflow/.local/lib/python3.8/site-packages/airflow/example_dags/tutorial_dag.py
[2026-05-30T12:06:18.604+0000] {logging_mixin.py:188} INFO - [2026-05-30T12:06:18.604+0000] {dag.py:3047} INFO - Sync 1 DAGs
[2026-05-30T12:06:18.615+0000] {logging_mixin.py:188} INFO - [2026-05-30T12:06:18.615+0000] {dag.py:3834} INFO - Setting next_dagrun for tutorial_dag to None, run_after=None
[2026-05-30T12:06:18.635+0000] {processor.py:183} INFO - Processing /home/airflow/.local/lib/python3.8/site-packages/airflow/example_dags/tutorial_dag.py took 0.061 seconds
[2026-05-30T12:06:48.760+0000] {processor.py:161} INFO - Started process (PID=3098) to work on /home/airflow/.local/lib/python3.8/site-packages/airflow/example_dags/tutorial_dag.py
[2026-05-30T12:06:48.761+0000] {processor.py:830} INFO - Processing file /home/airflow/.local/lib/python3.8/site-packages/airflow/example_dags/tutorial_dag.py for tasks to queue
[2026-05-30T12:06:48.763+0000] {logging_mixin.py:188} INFO - [2026-05-30T12:06:48.763+0000] {dagbag.py:540} INFO - Filling up the DagBag from /home/airflow/.local/lib/python3.8/site-packages/airflow/example_dags/tutorial_dag.py
[2026-05-30T12:06:48.769+0000] {processor.py:840} INFO - DAG(s) 'tutorial_dag' retrieved from /home/airflow/.local/lib/python3.8/site-packages/airflow/example_dags/tutorial_dag.py
[2026-05-30T12:06:48.788+0000] {logging_mixin.py:188} INFO - [2026-05-30T12:06:48.787+0000] {dag.py:3047} INFO - Sync 1 DAGs
[2026-05-30T12:06:48.797+0000] {logging_mixin.py:188} INFO - [2026-05-30T12:06:48.797+0000] {dag.py:3834} INFO - Setting next_dagrun for tutorial_dag to None, run_after=None
[2026-05-30T12:06:48.822+0000] {processor.py:183} INFO - Processing /home/airflow/.local/lib/python3.8/site-packages/airflow/example_dags/tutorial_dag.py took 0.065 seconds
[2026-05-30T12:07:19.460+0000] {processor.py:161} INFO - Started process (PID=3153) to work on /home/airflow/.local/lib/python3.8/site-packages/airflow/example_dags/tutorial_dag.py
[2026-05-30T12:07:19.461+0000] {processor.py:830} INFO - Processing file /home/airflow/.local/lib/python3.8/site-packages/airflow/example_dags/tutorial_dag.py for tasks to queue
[2026-05-30T12:07:19.463+0000] {logging_mixin.py:188} INFO - [2026-05-30T12:07:19.463+0000] {dagbag.py:540} INFO - Filling up the DagBag from /home/airflow/.local/lib/python3.8/site-packages/airflow/example_dags/tutorial_dag.py
[2026-05-30T12:07:19.472+0000] {processor.py:840} INFO - DAG(s) 'tutorial_dag' retrieved from /home/airflow/.local/lib/python3.8/site-packages/airflow/example_dags/tutorial_dag.py
[2026-05-30T12:07:19.496+0000] {logging_mixin.py:188} INFO - [2026-05-30T12:07:19.496+0000] {dag.py:3047} INFO - Sync 1 DAGs
[2026-05-30T12:07:19.511+0000] {logging_mixin.py:188} INFO - [2026-05-30T12:07:19.511+0000] {dag.py:3834} INFO - Setting next_dagrun for tutorial_dag to None, run_after=None
[2026-05-30T12:07:19.534+0000] {processor.py:183} INFO - Processing /home/airflow/.local/lib/python3.8/site-packages/airflow/example_dags/tutorial_dag.py took 0.077 seconds
[2026-05-30T12:07:50.030+0000] {processor.py:161} INFO - Started process (PID=3208) to work on /home/airflow/.local/lib/python3.8/site-packages/airflow/example_dags/tutorial_dag.py
[2026-05-30T12:07:50.031+0000] {processor.py:830} INFO - Processing file /home/airflow/.local/lib/python3.8/site-packages/airflow/example_dags/tutorial_dag.py for tasks to queue
[2026-05-30T12:07:50.032+0000] {logging_mixin.py:188} INFO - [2026-05-30T12:07:50.032+0000] {dagbag.py:540} INFO - Filling up the DagBag from /home/airflow/.local/lib/python3.8/site-packages/airflow/example_dags/tutorial_dag.py
[2026-05-30T12:07:50.036+0000] {processor.py:840} INFO - DAG(s) 'tutorial_dag' retrieved from /home/airflow/.local/lib/python3.8/site-packages/airflow/example_dags/tutorial_dag.py
[2026-05-30T12:07:50.055+0000] {logging_mixin.py:188} INFO - [2026-05-30T12:07:50.054+0000] {dag.py:3047} INFO - Sync 1 DAGs
[2026-05-30T12:07:50.068+0000] {logging_mixin.py:188} INFO - [2026-05-30T12:07:50.068+0000] {dag.py:3834} INFO - Setting next_dagrun for tutorial_dag to None, run_after=None
[2026-05-30T12:07:50.089+0000] {processor.py:183} INFO - Processing /home/airflow/.local/lib/python3.8/site-packages/airflow/example_dags/tutorial_dag.py took 0.062 seconds
[2026-05-30T12:08:20.627+0000] {processor.py:161} INFO - Started process (PID=3263) to work on /home/airflow/.local/lib/python3.8/site-packages/airflow/example_dags/tutorial_dag.py
[2026-05-30T12:08:20.629+0000] {processor.py:830} INFO - Processing file /home/airflow/.local/lib/python3.8/site-packages/airflow/example_dags/tutorial_dag.py for tasks to queue
[2026-05-30T12:08:20.631+0000] {logging_mixin.py:188} INFO - [2026-05-30T12:08:20.630+0000] {dagbag.py:540} INFO - Filling up the DagBag from /home/airflow/.local/lib/python3.8/site-packages/airflow/example_dags/tutorial_dag.py
[2026-05-30T12:08:20.636+0000] {processor.py:840} INFO - DAG(s) 'tutorial_dag' retrieved from /home/airflow/.local/lib/python3.8/site-packages/airflow/example_dags/tutorial_dag.py
[2026-05-30T12:08:20.656+0000] {logging_mixin.py:188} INFO - [2026-05-30T12:08:20.656+0000] {dag.py:3047} INFO - Sync 1 DAGs
[2026-05-30T12:08:20.667+0000] {logging_mixin.py:188} INFO - [2026-05-30T12:08:20.666+0000] {dag.py:3834} INFO - Setting next_dagrun for tutorial_dag to None, run_after=None
[2026-05-30T12:08:20.690+0000] {processor.py:183} INFO - Processing /home/airflow/.local/lib/python3.8/site-packages/airflow/example_dags/tutorial_dag.py took 0.065 seconds
[2026-05-30T12:08:51.354+0000] {processor.py:161} INFO - Started process (PID=3317) to work on /home/airflow/.local/lib/python3.8/site-packages/airflow/example_dags/tutorial_dag.py
[2026-05-30T12:08:51.355+0000] {processor.py:830} INFO - Processing file /home/airflow/.local/lib/python3.8/site-packages/airflow/example_dags/tutorial_dag.py for tasks to queue
[2026-05-30T12:08:51.357+0000] {logging_mixin.py:188} INFO - [2026-05-30T12:08:51.357+0000] {dagbag.py:540} INFO - Filling up the DagBag from /home/airflow/.local/lib/python3.8/site-packages/airflow/example_dags/tutorial_dag.py
[2026-05-30T12:08:51.362+0000] {processor.py:840} INFO - DAG(s) 'tutorial_dag' retrieved from /home/airflow/.local/lib/python3.8/site-packages/airflow/example_dags/tutorial_dag.py
[2026-05-30T12:08:51.387+0000] {logging_mixin.py:188} INFO - [2026-05-30T12:08:51.385+0000] {dag.py:3047} INFO - Sync 1 DAGs
[2026-05-30T12:08:51.399+0000] {logging_mixin.py:188} INFO - [2026-05-30T12:08:51.398+0000] {dag.py:3834} INFO - Setting next_dagrun for tutorial_dag to None, run_after=None
[2026-05-30T12:08:51.424+0000] {processor.py:183} INFO - Processing /home/airflow/.local/lib/python3.8/site-packages/airflow/example_dags/tutorial_dag.py took 0.073 seconds
[2026-05-30T12:09:21.648+0000] {processor.py:161} INFO - Started process (PID=3372) to work on /home/airflow/.local/lib/python3.8/site-packages/airflow/example_dags/tutorial_dag.py
[2026-05-30T12:09:21.650+0000] {processor.py:830} INFO - Processing file /home/airflow/.local/lib/python3.8/site-packages/airflow/example_dags/tutorial_dag.py for tasks to queue
[2026-05-30T12:09:21.652+0000] {logging_mixin.py:188} INFO - [2026-05-30T12:09:21.652+0000] {dagbag.py:540} INFO - Filling up the DagBag from /home/airflow/.local/lib/python3.8/site-packages/airflow/example_dags/tutorial_dag.py
[2026-05-30T12:09:21.657+0000] {processor.py:840} INFO - DAG(s) 'tutorial_dag' retrieved from /home/airflow/.local/lib/python3.8/site-packages/airflow/example_dags/tutorial_dag.py
[2026-05-30T12:09:21.682+0000] {logging_mixin.py:188} INFO - [2026-05-30T12:09:21.681+0000] {dag.py:3047} INFO - Sync 1 DAGs
[2026-05-30T12:09:21.692+0000] {logging_mixin.py:188} INFO - [2026-05-30T12:09:21.692+0000] {dag.py:3834} INFO - Setting next_dagrun for tutorial_dag to None, run_after=None
[2026-05-30T12:09:21.713+0000] {processor.py:183} INFO - Processing /home/airflow/.local/lib/python3.8/site-packages/airflow/example_dags/tutorial_dag.py took 0.068 seconds
[2026-05-30T12:09:52.078+0000] {processor.py:161} INFO - Started process (PID=3427) to work on /home/airflow/.local/lib/python3.8/site-packages/airflow/example_dags/tutorial_dag.py
[2026-05-30T12:09:52.079+0000] {processor.py:830} INFO - Processing file /home/airflow/.local/lib/python3.8/site-packages/airflow/example_dags/tutorial_dag.py for tasks to queue
[2026-05-30T12:09:52.081+0000] {logging_mixin.py:188} INFO - [2026-05-30T12:09:52.081+0000] {dagbag.py:540} INFO - Filling up the DagBag from /home/airflow/.local/lib/python3.8/site-packages/airflow/example_dags/tutorial_dag.py
[2026-05-30T12:09:52.086+0000] {processor.py:840} INFO - DAG(s) 'tutorial_dag' retrieved from /home/airflow/.local/lib/python3.8/site-packages/airflow/example_dags/tutorial_dag.py
[2026-05-30T12:09:52.105+0000] {logging_mixin.py:188} INFO - [2026-05-30T12:09:52.105+0000] {dag.py:3047} INFO - Sync 1 DAGs
[2026-05-30T12:09:52.114+0000] {logging_mixin.py:188} INFO - [2026-05-30T12:09:52.114+0000] {dag.py:3834} INFO - Setting next_dagrun for tutorial_dag to None, run_after=None
[2026-05-30T12:09:52.136+0000] {processor.py:183} INFO - Processing /home/airflow/.local/lib/python3.8/site-packages/airflow/example_dags/tutorial_dag.py took 0.061 seconds
[2026-05-30T12:10:22.427+0000] {processor.py:161} INFO - Started process (PID=3482) to work on /home/airflow/.local/lib/python3.8/site-packages/airflow/example_dags/tutorial_dag.py
[2026-05-30T12:10:22.429+0000] {processor.py:830} INFO - Processing file /home/airflow/.local/lib/python3.8/site-packages/airflow/example_dags/tutorial_dag.py for tasks to queue
[2026-05-30T12:10:22.431+0000] {logging_mixin.py:188} INFO - [2026-05-30T12:10:22.431+0000] {dagbag.py:540} INFO - Filling up the DagBag from /home/airflow/.local/lib/python3.8/site-packages/airflow/example_dags/tutorial_dag.py
[2026-05-30T12:10:22.436+0000] {processor.py:840} INFO - DAG(s) 'tutorial_dag' retrieved from /home/airflow/.local/lib/python3.8/site-packages/airflow/example_dags/tutorial_dag.py
[2026-05-30T12:10:22.457+0000] {logging_mixin.py:188} INFO - [2026-05-30T12:10:22.456+0000] {dag.py:3047} INFO - Sync 1 DAGs
[2026-05-30T12:10:22.467+0000] {logging_mixin.py:188} INFO - [2026-05-30T12:10:22.467+0000] {dag.py:3834} INFO - Setting next_dagrun for tutorial_dag to None, run_after=None
[2026-05-30T12:10:22.491+0000] {processor.py:183} INFO - Processing /home/airflow/.local/lib/python3.8/site-packages/airflow/example_dags/tutorial_dag.py took 0.067 seconds
[2026-05-30T12:10:52.874+0000] {processor.py:161} INFO - Started process (PID=3537) to work on /home/airflow/.local/lib/python3.8/site-packages/airflow/example_dags/tutorial_dag.py
[2026-05-30T12:10:52.875+0000] {processor.py:830} INFO - Processing file /home/airflow/.local/lib/python3.8/site-packages/airflow/example_dags/tutorial_dag.py for tasks to queue
[2026-05-30T12:10:52.877+0000] {logging_mixin.py:188} INFO - [2026-05-30T12:10:52.877+0000] {dagbag.py:540} INFO - Filling up the DagBag from /home/airflow/.local/lib/python3.8/site-packages/airflow/example_dags/tutorial_dag.py
[2026-05-30T12:10:52.882+0000] {processor.py:840} INFO - DAG(s) 'tutorial_dag' retrieved from /home/airflow/.local/lib/python3.8/site-packages/airflow/example_dags/tutorial_dag.py
[2026-05-30T12:10:52.901+0000] {logging_mixin.py:188} INFO - [2026-05-30T12:10:52.901+0000] {dag.py:3047} INFO - Sync 1 DAGs
[2026-05-30T12:10:52.911+0000] {logging_mixin.py:188} INFO - [2026-05-30T12:10:52.911+0000] {dag.py:3834} INFO - Setting next_dagrun for tutorial_dag to None, run_after=None
[2026-05-30T12:10:52.934+0000] {processor.py:183} INFO - Processing /home/airflow/.local/lib/python3.8/site-packages/airflow/example_dags/tutorial_dag.py took 0.063 seconds
[2026-05-30T12:11:23.097+0000] {processor.py:161} INFO - Started process (PID=3591) to work on /home/airflow/.local/lib/python3.8/site-packages/airflow/example_dags/tutorial_dag.py
[2026-05-30T12:11:23.098+0000] {processor.py:830} INFO - Processing file /home/airflow/.local/lib/python3.8/site-packages/airflow/example_dags/tutorial_dag.py for tasks to queue
[2026-05-30T12:11:23.100+0000] {logging_mixin.py:188} INFO - [2026-05-30T12:11:23.100+0000] {dagbag.py:540} INFO - Filling up the DagBag from /home/airflow/.local/lib/python3.8/site-packages/airflow/example_dags/tutorial_dag.py
[2026-05-30T12:11:23.105+0000] {processor.py:840} INFO - DAG(s) 'tutorial_dag' retrieved from /home/airflow/.local/lib/python3.8/site-packages/airflow/example_dags/tutorial_dag.py
[2026-05-30T12:11:23.125+0000] {logging_mixin.py:188} INFO - [2026-05-30T12:11:23.125+0000] {dag.py:3047} INFO - Sync 1 DAGs
[2026-05-30T12:11:23.136+0000] {logging_mixin.py:188} INFO - [2026-05-30T12:11:23.136+0000] {dag.py:3834} INFO - Setting next_dagrun for tutorial_dag to None, run_after=None
[2026-05-30T12:11:23.162+0000] {processor.py:183} INFO - Processing /home/airflow/.local/lib/python3.8/site-packages/airflow/example_dags/tutorial_dag.py took 0.068 seconds
[2026-05-30T12:11:53.536+0000] {processor.py:161} INFO - Started process (PID=3646) to work on /home/airflow/.local/lib/python3.8/site-packages/airflow/example_dags/tutorial_dag.py
[2026-05-30T12:11:53.537+0000] {processor.py:830} INFO - Processing file /home/airflow/.local/lib/python3.8/site-packages/airflow/example_dags/tutorial_dag.py for tasks to queue
[2026-05-30T12:11:53.538+0000] {logging_mixin.py:188} INFO - [2026-05-30T12:11:53.538+0000] {dagbag.py:540} INFO - Filling up the DagBag from /home/airflow/.local/lib/python3.8/site-packages/airflow/example_dags/tutorial_dag.py
[2026-05-30T12:11:53.543+0000] {processor.py:840} INFO - DAG(s) 'tutorial_dag' retrieved from /home/airflow/.local/lib/python3.8/site-packages/airflow/example_dags/tutorial_dag.py
[2026-05-30T12:11:53.561+0000] {logging_mixin.py:188} INFO - [2026-05-30T12:11:53.561+0000] {dag.py:3047} INFO - Sync 1 DAGs
[2026-05-30T12:11:53.571+0000] {logging_mixin.py:188} INFO - [2026-05-30T12:11:53.571+0000] {dag.py:3834} INFO - Setting next_dagrun for tutorial_dag to None, run_after=None
[2026-05-30T12:11:53.594+0000] {processor.py:183} INFO - Processing /home/airflow/.local/lib/python3.8/site-packages/airflow/example_dags/tutorial_dag.py took 0.061 seconds
[2026-05-30T12:12:23.886+0000] {processor.py:161} INFO - Started process (PID=3701) to work on /home/airflow/.local/lib/python3.8/site-packages/airflow/example_dags/tutorial_dag.py
[2026-05-30T12:12:23.887+0000] {processor.py:830} INFO - Processing file /home/airflow/.local/lib/python3.8/site-packages/airflow/example_dags/tutorial_dag.py for tasks to queue
[2026-05-30T12:12:23.889+0000] {logging_mixin.py:188} INFO - [2026-05-30T12:12:23.889+0000] {dagbag.py:540} INFO - Filling up the DagBag from /home/airflow/.local/lib/python3.8/site-packages/airflow/example_dags/tutorial_dag.py
[2026-05-30T12:12:23.893+0000] {processor.py:840} INFO - DAG(s) 'tutorial_dag' retrieved from /home/airflow/.local/lib/python3.8/site-packages/airflow/example_dags/tutorial_dag.py
[2026-05-30T12:12:23.910+0000] {logging_mixin.py:188} INFO - [2026-05-30T12:12:23.909+0000] {dag.py:3047} INFO - Sync 1 DAGs
[2026-05-30T12:12:23.919+0000] {logging_mixin.py:188} INFO - [2026-05-30T12:12:23.918+0000] {dag.py:3834} INFO - Setting next_dagrun for tutorial_dag to None, run_after=None
[2026-05-30T12:12:23.940+0000] {processor.py:183} INFO - Processing /home/airflow/.local/lib/python3.8/site-packages/airflow/example_dags/tutorial_dag.py took 0.057 seconds
[2026-05-30T12:12:54.361+0000] {processor.py:161} INFO - Started process (PID=3755) to work on /home/airflow/.local/lib/python3.8/site-packages/airflow/example_dags/tutorial_dag.py
[2026-05-30T12:12:54.362+0000] {processor.py:830} INFO - Processing file /home/airflow/.local/lib/python3.8/site-packages/airflow/example_dags/tutorial_dag.py for tasks to queue
[2026-05-30T12:12:54.364+0000] {logging_mixin.py:188} INFO - [2026-05-30T12:12:54.363+0000] {dagbag.py:540} INFO - Filling up the DagBag from /home/airflow/.local/lib/python3.8/site-packages/airflow/example_dags/tutorial_dag.py
[2026-05-30T12:12:54.368+0000] {processor.py:840} INFO - DAG(s) 'tutorial_dag' retrieved from /home/airflow/.local/lib/python3.8/site-packages/airflow/example_dags/tutorial_dag.py
[2026-05-30T12:12:54.388+0000] {logging_mixin.py:188} INFO - [2026-05-30T12:12:54.388+0000] {dag.py:3047} INFO - Sync 1 DAGs
[2026-05-30T12:12:54.398+0000] {logging_mixin.py:188} INFO - [2026-05-30T12:12:54.398+0000] {dag.py:3834} INFO - Setting next_dagrun for tutorial_dag to None, run_after=None
[2026-05-30T12:12:54.420+0000] {processor.py:183} INFO - Processing /home/airflow/.local/lib/python3.8/site-packages/airflow/example_dags/tutorial_dag.py took 0.062 seconds
[2026-05-30T12:13:24.600+0000] {processor.py:161} INFO - Started process (PID=3810) to work on /home/airflow/.local/lib/python3.8/site-packages/airflow/example_dags/tutorial_dag.py
[2026-05-30T12:13:24.601+0000] {processor.py:830} INFO - Processing file /home/airflow/.local/lib/python3.8/site-packages/airflow/example_dags/tutorial_dag.py for tasks to queue
[2026-05-30T12:13:24.603+0000] {logging_mixin.py:188} INFO - [2026-05-30T12:13:24.603+0000] {dagbag.py:540} INFO - Filling up the DagBag from /home/airflow/.local/lib/python3.8/site-packages/airflow/example_dags/tutorial_dag.py
[2026-05-30T12:13:24.608+0000] {processor.py:840} INFO - DAG(s) 'tutorial_dag' retrieved from /home/airflow/.local/lib/python3.8/site-packages/airflow/example_dags/tutorial_dag.py
[2026-05-30T12:13:24.627+0000] {logging_mixin.py:188} INFO - [2026-05-30T12:13:24.626+0000] {dag.py:3047} INFO - Sync 1 DAGs
[2026-05-30T12:13:24.637+0000] {logging_mixin.py:188} INFO - [2026-05-30T12:13:24.637+0000] {dag.py:3834} INFO - Setting next_dagrun for tutorial_dag to None, run_after=None
[2026-05-30T12:13:24.659+0000] {processor.py:183} INFO - Processing /home/airflow/.local/lib/python3.8/site-packages/airflow/example_dags/tutorial_dag.py took 0.062 seconds
[2026-05-30T12:13:54.976+0000] {processor.py:161} INFO - Started process (PID=3865) to work on /home/airflow/.local/lib/python3.8/site-packages/airflow/example_dags/tutorial_dag.py
[2026-05-30T12:13:54.978+0000] {processor.py:830} INFO - Processing file /home/airflow/.local/lib/python3.8/site-packages/airflow/example_dags/tutorial_dag.py for tasks to queue
[2026-05-30T12:13:54.980+0000] {logging_mixin.py:188} INFO - [2026-05-30T12:13:54.979+0000] {dagbag.py:540} INFO - Filling up the DagBag from /home/airflow/.local/lib/python3.8/site-packages/airflow/example_dags/tutorial_dag.py
[2026-05-30T12:13:54.985+0000] {processor.py:840} INFO - DAG(s) 'tutorial_dag' retrieved from /home/airflow/.local/lib/python3.8/site-packages/airflow/example_dags/tutorial_dag.py
[2026-05-30T12:13:55.002+0000] {logging_mixin.py:188} INFO - [2026-05-30T12:13:55.002+0000] {dag.py:3047} INFO - Sync 1 DAGs
[2026-05-30T12:13:55.012+0000] {logging_mixin.py:188} INFO - [2026-05-30T12:13:55.012+0000] {dag.py:3834} INFO - Setting next_dagrun for tutorial_dag to None, run_after=None
[2026-05-30T12:13:55.035+0000] {processor.py:183} INFO - Processing /home/airflow/.local/lib/python3.8/site-packages/airflow/example_dags/tutorial_dag.py took 0.061 seconds
[2026-05-30T12:14:25.232+0000] {processor.py:161} INFO - Started process (PID=3920) to work on /home/airflow/.local/lib/python3.8/site-packages/airflow/example_dags/tutorial_dag.py
[2026-05-30T12:14:25.234+0000] {processor.py:830} INFO - Processing file /home/airflow/.local/lib/python3.8/site-packages/airflow/example_dags/tutorial_dag.py for tasks to queue
[2026-05-30T12:14:25.236+0000] {logging_mixin.py:188} INFO - [2026-05-30T12:14:25.236+0000] {dagbag.py:540} INFO - Filling up the DagBag from /home/airflow/.local/lib/python3.8/site-packages/airflow/example_dags/tutorial_dag.py
[2026-05-30T12:14:25.242+0000] {processor.py:840} INFO - DAG(s) 'tutorial_dag' retrieved from /home/airflow/.local/lib/python3.8/site-packages/airflow/example_dags/tutorial_dag.py
[2026-05-30T12:14:25.270+0000] {logging_mixin.py:188} INFO - [2026-05-30T12:14:25.270+0000] {dag.py:3047} INFO - Sync 1 DAGs
[2026-05-30T12:14:25.284+0000] {logging_mixin.py:188} INFO - [2026-05-30T12:14:25.284+0000] {dag.py:3834} INFO - Setting next_dagrun for tutorial_dag to None, run_after=None
[2026-05-30T12:14:25.310+0000] {processor.py:183} INFO - Processing /home/airflow/.local/lib/python3.8/site-packages/airflow/example_dags/tutorial_dag.py took 0.081 seconds
[2026-05-30T12:14:55.511+0000] {processor.py:161} INFO - Started process (PID=3975) to work on /home/airflow/.local/lib/python3.8/site-packages/airflow/example_dags/tutorial_dag.py
[2026-05-30T12:14:55.513+0000] {processor.py:830} INFO - Processing file /home/airflow/.local/lib/python3.8/site-packages/airflow/example_dags/tutorial_dag.py for tasks to queue
[2026-05-30T12:14:55.515+0000] {logging_mixin.py:188} INFO - [2026-05-30T12:14:55.515+0000] {dagbag.py:540} INFO - Filling up the DagBag from /home/airflow/.local/lib/python3.8/site-packages/airflow/example_dags/tutorial_dag.py
[2026-05-30T12:14:55.521+0000] {processor.py:840} INFO - DAG(s) 'tutorial_dag' retrieved from /home/airflow/.local/lib/python3.8/site-packages/airflow/example_dags/tutorial_dag.py
[2026-05-30T12:14:55.542+0000] {logging_mixin.py:188} INFO - [2026-05-30T12:14:55.542+0000] {dag.py:3047} INFO - Sync 1 DAGs
[2026-05-30T12:14:55.554+0000] {logging_mixin.py:188} INFO - [2026-05-30T12:14:55.554+0000] {dag.py:3834} INFO - Setting next_dagrun for tutorial_dag to None, run_after=None
[2026-05-30T12:14:55.577+0000] {processor.py:183} INFO - Processing /home/airflow/.local/lib/python3.8/site-packages/airflow/example_dags/tutorial_dag.py took 0.069 seconds
[2026-05-30T12:15:25.792+0000] {processor.py:161} INFO - Started process (PID=4030) to work on /home/airflow/.local/lib/python3.8/site-packages/airflow/example_dags/tutorial_dag.py
[2026-05-30T12:15:25.794+0000] {processor.py:830} INFO - Processing file /home/airflow/.local/lib/python3.8/site-packages/airflow/example_dags/tutorial_dag.py for tasks to queue
[2026-05-30T12:15:25.797+0000] {logging_mixin.py:188} INFO - [2026-05-30T12:15:25.797+0000] {dagbag.py:540} INFO - Filling up the DagBag from /home/airflow/.local/lib/python3.8/site-packages/airflow/example_dags/tutorial_dag.py
[2026-05-30T12:15:25.806+0000] {processor.py:840} INFO - DAG(s) 'tutorial_dag' retrieved from /home/airflow/.local/lib/python3.8/site-packages/airflow/example_dags/tutorial_dag.py
[2026-05-30T12:15:25.829+0000] {logging_mixin.py:188} INFO - [2026-05-30T12:15:25.829+0000] {dag.py:3047} INFO - Sync 1 DAGs
[2026-05-30T12:15:25.844+0000] {logging_mixin.py:188} INFO - [2026-05-30T12:15:25.844+0000] {dag.py:3834} INFO - Setting next_dagrun for tutorial_dag to None, run_after=None
[2026-05-30T12:15:25.870+0000] {processor.py:183} INFO - Processing /home/airflow/.local/lib/python3.8/site-packages/airflow/example_dags/tutorial_dag.py took 0.084 seconds
[2026-05-30T12:15:55.951+0000] {processor.py:161} INFO - Started process (PID=4085) to work on /home/airflow/.local/lib/python3.8/site-packages/airflow/example_dags/tutorial_dag.py
[2026-05-30T12:15:55.952+0000] {processor.py:830} INFO - Processing file /home/airflow/.local/lib/python3.8/site-packages/airflow/example_dags/tutorial_dag.py for tasks to queue
[2026-05-30T12:15:55.954+0000] {logging_mixin.py:188} INFO - [2026-05-30T12:15:55.954+0000] {dagbag.py:540} INFO - Filling up the DagBag from /home/airflow/.local/lib/python3.8/site-packages/airflow/example_dags/tutorial_dag.py
[2026-05-30T12:15:55.959+0000] {processor.py:840} INFO - DAG(s) 'tutorial_dag' retrieved from /home/airflow/.local/lib/python3.8/site-packages/airflow/example_dags/tutorial_dag.py
[2026-05-30T12:15:55.976+0000] {logging_mixin.py:188} INFO - [2026-05-30T12:15:55.975+0000] {dag.py:3047} INFO - Sync 1 DAGs
[2026-05-30T12:15:55.986+0000] {logging_mixin.py:188} INFO - [2026-05-30T12:15:55.986+0000] {dag.py:3834} INFO - Setting next_dagrun for tutorial_dag to None, run_after=None
[2026-05-30T12:15:56.004+0000] {processor.py:183} INFO - Processing /home/airflow/.local/lib/python3.8/site-packages/airflow/example_dags/tutorial_dag.py took 0.056 seconds
[2026-05-30T12:16:26.295+0000] {processor.py:161} INFO - Started process (PID=4140) to work on /home/airflow/.local/lib/python3.8/site-packages/airflow/example_dags/tutorial_dag.py
[2026-05-30T12:16:26.296+0000] {processor.py:830} INFO - Processing file /home/airflow/.local/lib/python3.8/site-packages/airflow/example_dags/tutorial_dag.py for tasks to queue
[2026-05-30T12:16:26.298+0000] {logging_mixin.py:188} INFO - [2026-05-30T12:16:26.298+0000] {dagbag.py:540} INFO - Filling up the DagBag from /home/airflow/.local/lib/python3.8/site-packages/airflow/example_dags/tutorial_dag.py
[2026-05-30T12:16:26.303+0000] {processor.py:840} INFO - DAG(s) 'tutorial_dag' retrieved from /home/airflow/.local/lib/python3.8/site-packages/airflow/example_dags/tutorial_dag.py
[2026-05-30T12:16:26.324+0000] {logging_mixin.py:188} INFO - [2026-05-30T12:16:26.323+0000] {dag.py:3047} INFO - Sync 1 DAGs
[2026-05-30T12:16:26.335+0000] {logging_mixin.py:188} INFO - [2026-05-30T12:16:26.335+0000] {dag.py:3834} INFO - Setting next_dagrun for tutorial_dag to None, run_after=None
[2026-05-30T12:16:26.358+0000] {processor.py:183} INFO - Processing /home/airflow/.local/lib/python3.8/site-packages/airflow/example_dags/tutorial_dag.py took 0.066 seconds
[2026-05-30T12:16:56.525+0000] {processor.py:161} INFO - Started process (PID=4195) to work on /home/airflow/.local/lib/python3.8/site-packages/airflow/example_dags/tutorial_dag.py
[2026-05-30T12:16:56.527+0000] {processor.py:830} INFO - Processing file /home/airflow/.local/lib/python3.8/site-packages/airflow/example_dags/tutorial_dag.py for tasks to queue
[2026-05-30T12:16:56.530+0000] {logging_mixin.py:188} INFO - [2026-05-30T12:16:56.529+0000] {dagbag.py:540} INFO - Filling up the DagBag from /home/airflow/.local/lib/python3.8/site-packages/airflow/example_dags/tutorial_dag.py
[2026-05-30T12:16:56.534+0000] {processor.py:840} INFO - DAG(s) 'tutorial_dag' retrieved from /home/airflow/.local/lib/python3.8/site-packages/airflow/example_dags/tutorial_dag.py
[2026-05-30T12:16:56.555+0000] {logging_mixin.py:188} INFO - [2026-05-30T12:16:56.555+0000] {dag.py:3047} INFO - Sync 1 DAGs
[2026-05-30T12:16:56.567+0000] {logging_mixin.py:188} INFO - [2026-05-30T12:16:56.567+0000] {dag.py:3834} INFO - Setting next_dagrun for tutorial_dag to None, run_after=None
[2026-05-30T12:16:56.593+0000] {processor.py:183} INFO - Processing /home/airflow/.local/lib/python3.8/site-packages/airflow/example_dags/tutorial_dag.py took 0.071 seconds
[2026-05-30T12:17:26.761+0000] {processor.py:161} INFO - Started process (PID=4250) to work on /home/airflow/.local/lib/python3.8/site-packages/airflow/example_dags/tutorial_dag.py
[2026-05-30T12:17:26.763+0000] {processor.py:830} INFO - Processing file /home/airflow/.local/lib/python3.8/site-packages/airflow/example_dags/tutorial_dag.py for tasks to queue
[2026-05-30T12:17:26.765+0000] {logging_mixin.py:188} INFO - [2026-05-30T12:17:26.764+0000] {dagbag.py:540} INFO - Filling up the DagBag from /home/airflow/.local/lib/python3.8/site-packages/airflow/example_dags/tutorial_dag.py
[2026-05-30T12:17:26.771+0000] {processor.py:840} INFO - DAG(s) 'tutorial_dag' retrieved from /home/airflow/.local/lib/python3.8/site-packages/airflow/example_dags/tutorial_dag.py
[2026-05-30T12:17:26.789+0000] {logging_mixin.py:188} INFO - [2026-05-30T12:17:26.789+0000] {dag.py:3047} INFO - Sync 1 DAGs
[2026-05-30T12:17:26.801+0000] {logging_mixin.py:188} INFO - [2026-05-30T12:17:26.801+0000] {dag.py:3834} INFO - Setting next_dagrun for tutorial_dag to None, run_after=None
[2026-05-30T12:17:26.838+0000] {processor.py:183} INFO - Processing /home/airflow/.local/lib/python3.8/site-packages/airflow/example_dags/tutorial_dag.py took 0.079 seconds
[2026-05-30T12:17:57.128+0000] {processor.py:161} INFO - Started process (PID=4305) to work on /home/airflow/.local/lib/python3.8/site-packages/airflow/example_dags/tutorial_dag.py
[2026-05-30T12:17:57.129+0000] {processor.py:830} INFO - Processing file /home/airflow/.local/lib/python3.8/site-packages/airflow/example_dags/tutorial_dag.py for tasks to queue
[2026-05-30T12:17:57.131+0000] {logging_mixin.py:188} INFO - [2026-05-30T12:17:57.131+0000] {dagbag.py:540} INFO - Filling up the DagBag from /home/airflow/.local/lib/python3.8/site-packages/airflow/example_dags/tutorial_dag.py
[2026-05-30T12:17:57.139+0000] {processor.py:840} INFO - DAG(s) 'tutorial_dag' retrieved from /home/airflow/.local/lib/python3.8/site-packages/airflow/example_dags/tutorial_dag.py
[2026-05-30T12:17:57.161+0000] {logging_mixin.py:188} INFO - [2026-05-30T12:17:57.160+0000] {dag.py:3047} INFO - Sync 1 DAGs
[2026-05-30T12:17:57.171+0000] {logging_mixin.py:188} INFO - [2026-05-30T12:17:57.171+0000] {dag.py:3834} INFO - Setting next_dagrun for tutorial_dag to None, run_after=None
[2026-05-30T12:17:57.194+0000] {processor.py:183} INFO - Processing /home/airflow/.local/lib/python3.8/site-packages/airflow/example_dags/tutorial_dag.py took 0.070 seconds
[2026-05-30T12:18:27.349+0000] {processor.py:161} INFO - Started process (PID=4361) to work on /home/airflow/.local/lib/python3.8/site-packages/airflow/example_dags/tutorial_dag.py
[2026-05-30T12:18:27.351+0000] {processor.py:830} INFO - Processing file /home/airflow/.local/lib/python3.8/site-packages/airflow/example_dags/tutorial_dag.py for tasks to queue
[2026-05-30T12:18:27.353+0000] {logging_mixin.py:188} INFO - [2026-05-30T12:18:27.352+0000] {dagbag.py:540} INFO - Filling up the DagBag from /home/airflow/.local/lib/python3.8/site-packages/airflow/example_dags/tutorial_dag.py
[2026-05-30T12:18:27.358+0000] {processor.py:840} INFO - DAG(s) 'tutorial_dag' retrieved from /home/airflow/.local/lib/python3.8/site-packages/airflow/example_dags/tutorial_dag.py
[2026-05-30T12:18:27.377+0000] {logging_mixin.py:188} INFO - [2026-05-30T12:18:27.377+0000] {dag.py:3047} INFO - Sync 1 DAGs
[2026-05-30T12:18:27.388+0000] {logging_mixin.py:188} INFO - [2026-05-30T12:18:27.388+0000] {dag.py:3834} INFO - Setting next_dagrun for tutorial_dag to None, run_after=None
[2026-05-30T12:18:27.411+0000] {processor.py:183} INFO - Processing /home/airflow/.local/lib/python3.8/site-packages/airflow/example_dags/tutorial_dag.py took 0.064 seconds
[2026-05-30T12:18:58.099+0000] {processor.py:161} INFO - Started process (PID=4417) to work on /home/airflow/.local/lib/python3.8/site-packages/airflow/example_dags/tutorial_dag.py
[2026-05-30T12:18:58.100+0000] {processor.py:830} INFO - Processing file /home/airflow/.local/lib/python3.8/site-packages/airflow/example_dags/tutorial_dag.py for tasks to queue
[2026-05-30T12:18:58.102+0000] {logging_mixin.py:188} INFO - [2026-05-30T12:18:58.102+0000] {dagbag.py:540} INFO - Filling up the DagBag from /home/airflow/.local/lib/python3.8/site-packages/airflow/example_dags/tutorial_dag.py
[2026-05-30T12:18:58.106+0000] {processor.py:840} INFO - DAG(s) 'tutorial_dag' retrieved from /home/airflow/.local/lib/python3.8/site-packages/airflow/example_dags/tutorial_dag.py
[2026-05-30T12:18:58.133+0000] {logging_mixin.py:188} INFO - [2026-05-30T12:18:58.132+0000] {dag.py:3047} INFO - Sync 1 DAGs
[2026-05-30T12:18:58.145+0000] {logging_mixin.py:188} INFO - [2026-05-30T12:18:58.145+0000] {dag.py:3834} INFO - Setting next_dagrun for tutorial_dag to None, run_after=None
[2026-05-30T12:18:58.168+0000] {processor.py:183} INFO - Processing /home/airflow/.local/lib/python3.8/site-packages/airflow/example_dags/tutorial_dag.py took 0.071 seconds
[2026-05-30T12:19:28.872+0000] {processor.py:161} INFO - Started process (PID=4472) to work on /home/airflow/.local/lib/python3.8/site-packages/airflow/example_dags/tutorial_dag.py
[2026-05-30T12:19:28.873+0000] {processor.py:830} INFO - Processing file /home/airflow/.local/lib/python3.8/site-packages/airflow/example_dags/tutorial_dag.py for tasks to queue
[2026-05-30T12:19:28.875+0000] {logging_mixin.py:188} INFO - [2026-05-30T12:19:28.875+0000] {dagbag.py:540} INFO - Filling up the DagBag from /home/airflow/.local/lib/python3.8/site-packages/airflow/example_dags/tutorial_dag.py
[2026-05-30T12:19:28.880+0000] {processor.py:840} INFO - DAG(s) 'tutorial_dag' retrieved from /home/airflow/.local/lib/python3.8/site-packages/airflow/example_dags/tutorial_dag.py
[2026-05-30T12:19:28.899+0000] {logging_mixin.py:188} INFO - [2026-05-30T12:19:28.899+0000] {dag.py:3047} INFO - Sync 1 DAGs
[2026-05-30T12:19:28.910+0000] {logging_mixin.py:188} INFO - [2026-05-30T12:19:28.910+0000] {dag.py:3834} INFO - Setting next_dagrun for tutorial_dag to None, run_after=None
[2026-05-30T12:19:28.932+0000] {processor.py:183} INFO - Processing /home/airflow/.local/lib/python3.8/site-packages/airflow/example_dags/tutorial_dag.py took 0.063 seconds
[2026-05-30T12:19:59.546+0000] {processor.py:161} INFO - Started process (PID=4527) to work on /home/airflow/.local/lib/python3.8/site-packages/airflow/example_dags/tutorial_dag.py
[2026-05-30T12:19:59.547+0000] {processor.py:830} INFO - Processing file /home/airflow/.local/lib/python3.8/site-packages/airflow/example_dags/tutorial_dag.py for tasks to queue
[2026-05-30T12:19:59.549+0000] {logging_mixin.py:188} INFO - [2026-05-30T12:19:59.548+0000] {dagbag.py:540} INFO - Filling up the DagBag from /home/airflow/.local/lib/python3.8/site-packages/airflow/example_dags/tutorial_dag.py
[2026-05-30T12:19:59.554+0000] {processor.py:840} INFO - DAG(s) 'tutorial_dag' retrieved from /home/airflow/.local/lib/python3.8/site-packages/airflow/example_dags/tutorial_dag.py
[2026-05-30T12:19:59.575+0000] {logging_mixin.py:188} INFO - [2026-05-30T12:19:59.575+0000] {dag.py:3047} INFO - Sync 1 DAGs
[2026-05-30T12:19:59.588+0000] {logging_mixin.py:188} INFO - [2026-05-30T12:19:59.588+0000] {dag.py:3834} INFO - Setting next_dagrun for tutorial_dag to None, run_after=None
[2026-05-30T12:19:59.614+0000] {processor.py:183} INFO - Processing /home/airflow/.local/lib/python3.8/site-packages/airflow/example_dags/tutorial_dag.py took 0.072 seconds
[2026-05-30T12:20:30.051+0000] {processor.py:161} INFO - Started process (PID=4583) to work on /home/airflow/.local/lib/python3.8/site-packages/airflow/example_dags/tutorial_dag.py
[2026-05-30T12:20:30.053+0000] {processor.py:830} INFO - Processing file /home/airflow/.local/lib/python3.8/site-packages/airflow/example_dags/tutorial_dag.py for tasks to queue
[2026-05-30T12:20:30.054+0000] {logging_mixin.py:188} INFO - [2026-05-30T12:20:30.054+0000] {dagbag.py:540} INFO - Filling up the DagBag from /home/airflow/.local/lib/python3.8/site-packages/airflow/example_dags/tutorial_dag.py
[2026-05-30T12:20:30.059+0000] {processor.py:840} INFO - DAG(s) 'tutorial_dag' retrieved from /home/airflow/.local/lib/python3.8/site-packages/airflow/example_dags/tutorial_dag.py
[2026-05-30T12:20:30.079+0000] {logging_mixin.py:188} INFO - [2026-05-30T12:20:30.079+0000] {dag.py:3047} INFO - Sync 1 DAGs
[2026-05-30T12:20:30.091+0000] {logging_mixin.py:188} INFO - [2026-05-30T12:20:30.091+0000] {dag.py:3834} INFO - Setting next_dagrun for tutorial_dag to None, run_after=None
[2026-05-30T12:20:30.116+0000] {processor.py:183} INFO - Processing /home/airflow/.local/lib/python3.8/site-packages/airflow/example_dags/tutorial_dag.py took 0.067 seconds
[2026-05-30T12:21:00.651+0000] {processor.py:161} INFO - Started process (PID=4638) to work on /home/airflow/.local/lib/python3.8/site-packages/airflow/example_dags/tutorial_dag.py
[2026-05-30T12:21:00.652+0000] {processor.py:830} INFO - Processing file /home/airflow/.local/lib/python3.8/site-packages/airflow/example_dags/tutorial_dag.py for tasks to queue
[2026-05-30T12:21:00.654+0000] {logging_mixin.py:188} INFO - [2026-05-30T12:21:00.654+0000] {dagbag.py:540} INFO - Filling up the DagBag from /home/airflow/.local/lib/python3.8/site-packages/airflow/example_dags/tutorial_dag.py
[2026-05-30T12:21:00.659+0000] {processor.py:840} INFO - DAG(s) 'tutorial_dag' retrieved from /home/airflow/.local/lib/python3.8/site-packages/airflow/example_dags/tutorial_dag.py
[2026-05-30T12:21:00.678+0000] {logging_mixin.py:188} INFO - [2026-05-30T12:21:00.678+0000] {dag.py:3047} INFO - Sync 1 DAGs
[2026-05-30T12:21:00.687+0000] {logging_mixin.py:188} INFO - [2026-05-30T12:21:00.687+0000] {dag.py:3834} INFO - Setting next_dagrun for tutorial_dag to None, run_after=None
[2026-05-30T12:21:00.707+0000] {processor.py:183} INFO - Processing /home/airflow/.local/lib/python3.8/site-packages/airflow/example_dags/tutorial_dag.py took 0.059 seconds
[2026-05-30T12:21:31.269+0000] {processor.py:161} INFO - Started process (PID=4693) to work on /home/airflow/.local/lib/python3.8/site-packages/airflow/example_dags/tutorial_dag.py
[2026-05-30T12:21:31.271+0000] {processor.py:830} INFO - Processing file /home/airflow/.local/lib/python3.8/site-packages/airflow/example_dags/tutorial_dag.py for tasks to queue
[2026-05-30T12:21:31.274+0000] {logging_mixin.py:188} INFO - [2026-05-30T12:21:31.273+0000] {dagbag.py:540} INFO - Filling up the DagBag from /home/airflow/.local/lib/python3.8/site-packages/airflow/example_dags/tutorial_dag.py
[2026-05-30T12:21:31.279+0000] {processor.py:840} INFO - DAG(s) 'tutorial_dag' retrieved from /home/airflow/.local/lib/python3.8/site-packages/airflow/example_dags/tutorial_dag.py
[2026-05-30T12:21:31.300+0000] {logging_mixin.py:188} INFO - [2026-05-30T12:21:31.300+0000] {dag.py:3047} INFO - Sync 1 DAGs
[2026-05-30T12:21:31.311+0000] {logging_mixin.py:188} INFO - [2026-05-30T12:21:31.311+0000] {dag.py:3834} INFO - Setting next_dagrun for tutorial_dag to None, run_after=None
[2026-05-30T12:21:31.334+0000] {processor.py:183} INFO - Processing /home/airflow/.local/lib/python3.8/site-packages/airflow/example_dags/tutorial_dag.py took 0.068 seconds
[2026-05-30T12:22:02.057+0000] {processor.py:161} INFO - Started process (PID=4748) to work on /home/airflow/.local/lib/python3.8/site-packages/airflow/example_dags/tutorial_dag.py
[2026-05-30T12:22:02.060+0000] {processor.py:830} INFO - Processing file /home/airflow/.local/lib/python3.8/site-packages/airflow/example_dags/tutorial_dag.py for tasks to queue
[2026-05-30T12:22:02.062+0000] {logging_mixin.py:188} INFO - [2026-05-30T12:22:02.062+0000] {dagbag.py:540} INFO - Filling up the DagBag from /home/airflow/.local/lib/python3.8/site-packages/airflow/example_dags/tutorial_dag.py
[2026-05-30T12:22:02.067+0000] {processor.py:840} INFO - DAG(s) 'tutorial_dag' retrieved from /home/airflow/.local/lib/python3.8/site-packages/airflow/example_dags/tutorial_dag.py
[2026-05-30T12:22:02.088+0000] {logging_mixin.py:188} INFO - [2026-05-30T12:22:02.088+0000] {dag.py:3047} INFO - Sync 1 DAGs
[2026-05-30T12:22:02.102+0000] {logging_mixin.py:188} INFO - [2026-05-30T12:22:02.102+0000] {dag.py:3834} INFO - Setting next_dagrun for tutorial_dag to None, run_after=None
[2026-05-30T12:22:02.125+0000] {processor.py:183} INFO - Processing /home/airflow/.local/lib/python3.8/site-packages/airflow/example_dags/tutorial_dag.py took 0.070 seconds
[2026-05-30T12:22:32.770+0000] {processor.py:161} INFO - Started process (PID=4803) to work on /home/airflow/.local/lib/python3.8/site-packages/airflow/example_dags/tutorial_dag.py
[2026-05-30T12:22:32.773+0000] {processor.py:830} INFO - Processing file /home/airflow/.local/lib/python3.8/site-packages/airflow/example_dags/tutorial_dag.py for tasks to queue
[2026-05-30T12:22:32.775+0000] {logging_mixin.py:188} INFO - [2026-05-30T12:22:32.775+0000] {dagbag.py:540} INFO - Filling up the DagBag from /home/airflow/.local/lib/python3.8/site-packages/airflow/example_dags/tutorial_dag.py
[2026-05-30T12:22:32.781+0000] {processor.py:840} INFO - DAG(s) 'tutorial_dag' retrieved from /home/airflow/.local/lib/python3.8/site-packages/airflow/example_dags/tutorial_dag.py
[2026-05-30T12:22:32.806+0000] {logging_mixin.py:188} INFO - [2026-05-30T12:22:32.805+0000] {dag.py:3047} INFO - Sync 1 DAGs
[2026-05-30T12:22:32.819+0000] {logging_mixin.py:188} INFO - [2026-05-30T12:22:32.818+0000] {dag.py:3834} INFO - Setting next_dagrun for tutorial_dag to None, run_after=None
[2026-05-30T12:22:32.844+0000] {processor.py:183} INFO - Processing /home/airflow/.local/lib/python3.8/site-packages/airflow/example_dags/tutorial_dag.py took 0.077 seconds
[2026-05-30T12:23:03.201+0000] {processor.py:161} INFO - Started process (PID=4858) to work on /home/airflow/.local/lib/python3.8/site-packages/airflow/example_dags/tutorial_dag.py
[2026-05-30T12:23:03.204+0000] {processor.py:830} INFO - Processing file /home/airflow/.local/lib/python3.8/site-packages/airflow/example_dags/tutorial_dag.py for tasks to queue
[2026-05-30T12:23:03.206+0000] {logging_mixin.py:188} INFO - [2026-05-30T12:23:03.206+0000] {dagbag.py:540} INFO - Filling up the DagBag from /home/airflow/.local/lib/python3.8/site-packages/airflow/example_dags/tutorial_dag.py
[2026-05-30T12:23:03.212+0000] {processor.py:840} INFO - DAG(s) 'tutorial_dag' retrieved from /home/airflow/.local/lib/python3.8/site-packages/airflow/example_dags/tutorial_dag.py
[2026-05-30T12:23:03.245+0000] {logging_mixin.py:188} INFO - [2026-05-30T12:23:03.245+0000] {dag.py:3047} INFO - Sync 1 DAGs
[2026-05-30T12:23:03.258+0000] {logging_mixin.py:188} INFO - [2026-05-30T12:23:03.258+0000] {dag.py:3834} INFO - Setting next_dagrun for tutorial_dag to None, run_after=None
[2026-05-30T12:23:03.289+0000] {processor.py:183} INFO - Processing /home/airflow/.local/lib/python3.8/site-packages/airflow/example_dags/tutorial_dag.py took 0.091 seconds
[2026-05-30T12:23:33.760+0000] {processor.py:161} INFO - Started process (PID=4919) to work on /home/airflow/.local/lib/python3.8/site-packages/airflow/example_dags/tutorial_dag.py
[2026-05-30T12:23:33.761+0000] {processor.py:830} INFO - Processing file /home/airflow/.local/lib/python3.8/site-packages/airflow/example_dags/tutorial_dag.py for tasks to queue
[2026-05-30T12:23:33.764+0000] {logging_mixin.py:188} INFO - [2026-05-30T12:23:33.764+0000] {dagbag.py:540} INFO - Filling up the DagBag from /home/airflow/.local/lib/python3.8/site-packages/airflow/example_dags/tutorial_dag.py
[2026-05-30T12:23:33.771+0000] {processor.py:840} INFO - DAG(s) 'tutorial_dag' retrieved from /home/airflow/.local/lib/python3.8/site-packages/airflow/example_dags/tutorial_dag.py
[2026-05-30T12:23:33.790+0000] {logging_mixin.py:188} INFO - [2026-05-30T12:23:33.790+0000] {dag.py:3047} INFO - Sync 1 DAGs
[2026-05-30T12:23:33.802+0000] {logging_mixin.py:188} INFO - [2026-05-30T12:23:33.802+0000] {dag.py:3834} INFO - Setting next_dagrun for tutorial_dag to None, run_after=None
[2026-05-30T12:23:33.825+0000] {processor.py:183} INFO - Processing /home/airflow/.local/lib/python3.8/site-packages/airflow/example_dags/tutorial_dag.py took 0.069 seconds
[2026-05-30T12:24:04.326+0000] {processor.py:161} INFO - Started process (PID=4974) to work on /home/airflow/.local/lib/python3.8/site-packages/airflow/example_dags/tutorial_dag.py
[2026-05-30T12:24:04.327+0000] {processor.py:830} INFO - Processing file /home/airflow/.local/lib/python3.8/site-packages/airflow/example_dags/tutorial_dag.py for tasks to queue
[2026-05-30T12:24:04.329+0000] {logging_mixin.py:188} INFO - [2026-05-30T12:24:04.329+0000] {dagbag.py:540} INFO - Filling up the DagBag from /home/airflow/.local/lib/python3.8/site-packages/airflow/example_dags/tutorial_dag.py
[2026-05-30T12:24:04.334+0000] {processor.py:840} INFO - DAG(s) 'tutorial_dag' retrieved from /home/airflow/.local/lib/python3.8/site-packages/airflow/example_dags/tutorial_dag.py
[2026-05-30T12:24:04.351+0000] {logging_mixin.py:188} INFO - [2026-05-30T12:24:04.351+0000] {dag.py:3047} INFO - Sync 1 DAGs
[2026-05-30T12:24:04.361+0000] {logging_mixin.py:188} INFO - [2026-05-30T12:24:04.360+0000] {dag.py:3834} INFO - Setting next_dagrun for tutorial_dag to None, run_after=None
[2026-05-30T12:24:04.384+0000] {processor.py:183} INFO - Processing /home/airflow/.local/lib/python3.8/site-packages/airflow/example_dags/tutorial_dag.py took 0.060 seconds
[2026-05-30T12:24:34.957+0000] {processor.py:161} INFO - Started process (PID=5029) to work on /home/airflow/.local/lib/python3.8/site-packages/airflow/example_dags/tutorial_dag.py
[2026-05-30T12:24:34.958+0000] {processor.py:830} INFO - Processing file /home/airflow/.local/lib/python3.8/site-packages/airflow/example_dags/tutorial_dag.py for tasks to queue
[2026-05-30T12:24:34.960+0000] {logging_mixin.py:188} INFO - [2026-05-30T12:24:34.960+0000] {dagbag.py:540} INFO - Filling up the DagBag from /home/airflow/.local/lib/python3.8/site-packages/airflow/example_dags/tutorial_dag.py
[2026-05-30T12:24:34.964+0000] {processor.py:840} INFO - DAG(s) 'tutorial_dag' retrieved from /home/airflow/.local/lib/python3.8/site-packages/airflow/example_dags/tutorial_dag.py
[2026-05-30T12:24:34.981+0000] {logging_mixin.py:188} INFO - [2026-05-30T12:24:34.981+0000] {dag.py:3047} INFO - Sync 1 DAGs
[2026-05-30T12:24:34.992+0000] {logging_mixin.py:188} INFO - [2026-05-30T12:24:34.992+0000] {dag.py:3834} INFO - Setting next_dagrun for tutorial_dag to None, run_after=None
[2026-05-30T12:24:35.016+0000] {processor.py:183} INFO - Processing /home/airflow/.local/lib/python3.8/site-packages/airflow/example_dags/tutorial_dag.py took 0.062 seconds
[2026-05-30T12:25:05.415+0000] {processor.py:161} INFO - Started process (PID=5084) to work on /home/airflow/.local/lib/python3.8/site-packages/airflow/example_dags/tutorial_dag.py
[2026-05-30T12:25:05.416+0000] {processor.py:830} INFO - Processing file /home/airflow/.local/lib/python3.8/site-packages/airflow/example_dags/tutorial_dag.py for tasks to queue
[2026-05-30T12:25:05.418+0000] {logging_mixin.py:188} INFO - [2026-05-30T12:25:05.418+0000] {dagbag.py:540} INFO - Filling up the DagBag from /home/airflow/.local/lib/python3.8/site-packages/airflow/example_dags/tutorial_dag.py
[2026-05-30T12:25:05.422+0000] {processor.py:840} INFO - DAG(s) 'tutorial_dag' retrieved from /home/airflow/.local/lib/python3.8/site-packages/airflow/example_dags/tutorial_dag.py
[2026-05-30T12:25:05.440+0000] {logging_mixin.py:188} INFO - [2026-05-30T12:25:05.440+0000] {dag.py:3047} INFO - Sync 1 DAGs
[2026-05-30T12:25:05.450+0000] {logging_mixin.py:188} INFO - [2026-05-30T12:25:05.450+0000] {dag.py:3834} INFO - Setting next_dagrun for tutorial_dag to None, run_after=None
[2026-05-30T12:25:05.473+0000] {processor.py:183} INFO - Processing /home/airflow/.local/lib/python3.8/site-packages/airflow/example_dags/tutorial_dag.py took 0.060 seconds
[2026-05-30T12:25:35.961+0000] {processor.py:161} INFO - Started process (PID=5139) to work on /home/airflow/.local/lib/python3.8/site-packages/airflow/example_dags/tutorial_dag.py
[2026-05-30T12:25:35.963+0000] {processor.py:830} INFO - Processing file /home/airflow/.local/lib/python3.8/site-packages/airflow/example_dags/tutorial_dag.py for tasks to queue
[2026-05-30T12:25:35.965+0000] {logging_mixin.py:188} INFO - [2026-05-30T12:25:35.964+0000] {dagbag.py:540} INFO - Filling up the DagBag from /home/airflow/.local/lib/python3.8/site-packages/airflow/example_dags/tutorial_dag.py
[2026-05-30T12:25:35.969+0000] {processor.py:840} INFO - DAG(s) 'tutorial_dag' retrieved from /home/airflow/.local/lib/python3.8/site-packages/airflow/example_dags/tutorial_dag.py
[2026-05-30T12:25:35.987+0000] {logging_mixin.py:188} INFO - [2026-05-30T12:25:35.987+0000] {dag.py:3047} INFO - Sync 1 DAGs
[2026-05-30T12:25:35.998+0000] {logging_mixin.py:188} INFO - [2026-05-30T12:25:35.998+0000] {dag.py:3834} INFO - Setting next_dagrun for tutorial_dag to None, run_after=None
[2026-05-30T12:25:36.019+0000] {processor.py:183} INFO - Processing /home/airflow/.local/lib/python3.8/site-packages/airflow/example_dags/tutorial_dag.py took 0.060 seconds
[2026-05-30T12:26:06.115+0000] {processor.py:161} INFO - Started process (PID=5194) to work on /home/airflow/.local/lib/python3.8/site-packages/airflow/example_dags/tutorial_dag.py
[2026-05-30T12:26:06.117+0000] {processor.py:830} INFO - Processing file /home/airflow/.local/lib/python3.8/site-packages/airflow/example_dags/tutorial_dag.py for tasks to queue
[2026-05-30T12:26:06.120+0000] {logging_mixin.py:188} INFO - [2026-05-30T12:26:06.120+0000] {dagbag.py:540} INFO - Filling up the DagBag from /home/airflow/.local/lib/python3.8/site-packages/airflow/example_dags/tutorial_dag.py
[2026-05-30T12:26:06.129+0000] {processor.py:840} INFO - DAG(s) 'tutorial_dag' retrieved from /home/airflow/.local/lib/python3.8/site-packages/airflow/example_dags/tutorial_dag.py
[2026-05-30T12:26:06.159+0000] {logging_mixin.py:188} INFO - [2026-05-30T12:26:06.158+0000] {dag.py:3047} INFO - Sync 1 DAGs
[2026-05-30T12:26:06.175+0000] {logging_mixin.py:188} INFO - [2026-05-30T12:26:06.175+0000] {dag.py:3834} INFO - Setting next_dagrun for tutorial_dag to None, run_after=None
[2026-05-30T12:26:06.201+0000] {processor.py:183} INFO - Processing /home/airflow/.local/lib/python3.8/site-packages/airflow/example_dags/tutorial_dag.py took 0.091 seconds
[2026-05-30T12:26:36.284+0000] {processor.py:161} INFO - Started process (PID=5249) to work on /home/airflow/.local/lib/python3.8/site-packages/airflow/example_dags/tutorial_dag.py
[2026-05-30T12:26:36.285+0000] {processor.py:830} INFO - Processing file /home/airflow/.local/lib/python3.8/site-packages/airflow/example_dags/tutorial_dag.py for tasks to queue
[2026-05-30T12:26:36.288+0000] {logging_mixin.py:188} INFO - [2026-05-30T12:26:36.287+0000] {dagbag.py:540} INFO - Filling up the DagBag from /home/airflow/.local/lib/python3.8/site-packages/airflow/example_dags/tutorial_dag.py
[2026-05-30T12:26:36.293+0000] {processor.py:840} INFO - DAG(s) 'tutorial_dag' retrieved from /home/airflow/.local/lib/python3.8/site-packages/airflow/example_dags/tutorial_dag.py
[2026-05-30T12:26:36.311+0000] {logging_mixin.py:188} INFO - [2026-05-30T12:26:36.311+0000] {dag.py:3047} INFO - Sync 1 DAGs
[2026-05-30T12:26:36.321+0000] {logging_mixin.py:188} INFO - [2026-05-30T12:26:36.320+0000] {dag.py:3834} INFO - Setting next_dagrun for tutorial_dag to None, run_after=None
[2026-05-30T12:26:36.341+0000] {processor.py:183} INFO - Processing /home/airflow/.local/lib/python3.8/site-packages/airflow/example_dags/tutorial_dag.py took 0.060 seconds
[2026-05-30T12:27:07.162+0000] {processor.py:161} INFO - Started process (PID=5302) to work on /home/airflow/.local/lib/python3.8/site-packages/airflow/example_dags/tutorial_dag.py
[2026-05-30T12:27:07.164+0000] {processor.py:830} INFO - Processing file /home/airflow/.local/lib/python3.8/site-packages/airflow/example_dags/tutorial_dag.py for tasks to queue
[2026-05-30T12:27:07.165+0000] {logging_mixin.py:188} INFO - [2026-05-30T12:27:07.165+0000] {dagbag.py:540} INFO - Filling up the DagBag from /home/airflow/.local/lib/python3.8/site-packages/airflow/example_dags/tutorial_dag.py
[2026-05-30T12:27:07.170+0000] {processor.py:840} INFO - DAG(s) 'tutorial_dag' retrieved from /home/airflow/.local/lib/python3.8/site-packages/airflow/example_dags/tutorial_dag.py
[2026-05-30T12:27:07.188+0000] {logging_mixin.py:188} INFO - [2026-05-30T12:27:07.188+0000] {dag.py:3047} INFO - Sync 1 DAGs
[2026-05-30T12:27:07.200+0000] {logging_mixin.py:188} INFO - [2026-05-30T12:27:07.200+0000] {dag.py:3834} INFO - Setting next_dagrun for tutorial_dag to None, run_after=None
[2026-05-30T12:27:07.224+0000] {processor.py:183} INFO - Processing /home/airflow/.local/lib/python3.8/site-packages/airflow/example_dags/tutorial_dag.py took 0.064 seconds
[2026-05-30T12:27:37.413+0000] {processor.py:161} INFO - Started process (PID=5357) to work on /home/airflow/.local/lib/python3.8/site-packages/airflow/example_dags/tutorial_dag.py
[2026-05-30T12:27:37.414+0000] {processor.py:830} INFO - Processing file /home/airflow/.local/lib/python3.8/site-packages/airflow/example_dags/tutorial_dag.py for tasks to queue
[2026-05-30T12:27:37.417+0000] {logging_mixin.py:188} INFO - [2026-05-30T12:27:37.416+0000] {dagbag.py:540} INFO - Filling up the DagBag from /home/airflow/.local/lib/python3.8/site-packages/airflow/example_dags/tutorial_dag.py
[2026-05-30T12:27:37.422+0000] {processor.py:840} INFO - DAG(s) 'tutorial_dag' retrieved from /home/airflow/.local/lib/python3.8/site-packages/airflow/example_dags/tutorial_dag.py
[2026-05-30T12:27:37.442+0000] {logging_mixin.py:188} INFO - [2026-05-30T12:27:37.442+0000] {dag.py:3047} INFO - Sync 1 DAGs
[2026-05-30T12:27:37.455+0000] {logging_mixin.py:188} INFO - [2026-05-30T12:27:37.454+0000] {dag.py:3834} INFO - Setting next_dagrun for tutorial_dag to None, run_after=None
[2026-05-30T12:27:37.478+0000] {processor.py:183} INFO - Processing /home/airflow/.local/lib/python3.8/site-packages/airflow/example_dags/tutorial_dag.py took 0.069 seconds
[2026-05-30T12:28:07.638+0000] {processor.py:161} INFO - Started process (PID=5412) to work on /home/airflow/.local/lib/python3.8/site-packages/airflow/example_dags/tutorial_dag.py
[2026-05-30T12:28:07.639+0000] {processor.py:830} INFO - Processing file /home/airflow/.local/lib/python3.8/site-packages/airflow/example_dags/tutorial_dag.py for tasks to queue
[2026-05-30T12:28:07.641+0000] {logging_mixin.py:188} INFO - [2026-05-30T12:28:07.640+0000] {dagbag.py:540} INFO - Filling up the DagBag from /home/airflow/.local/lib/python3.8/site-packages/airflow/example_dags/tutorial_dag.py
[2026-05-30T12:28:07.645+0000] {processor.py:840} INFO - DAG(s) 'tutorial_dag' retrieved from /home/airflow/.local/lib/python3.8/site-packages/airflow/example_dags/tutorial_dag.py
[2026-05-30T12:28:07.667+0000] {logging_mixin.py:188} INFO - [2026-05-30T12:28:07.667+0000] {dag.py:3047} INFO - Sync 1 DAGs
[2026-05-30T12:28:07.678+0000] {logging_mixin.py:188} INFO - [2026-05-30T12:28:07.678+0000] {dag.py:3834} INFO - Setting next_dagrun for tutorial_dag to None, run_after=None
[2026-05-30T12:28:07.702+0000] {processor.py:183} INFO - Processing /home/airflow/.local/lib/python3.8/site-packages/airflow/example_dags/tutorial_dag.py took 0.067 seconds
[2026-05-30T12:28:38.018+0000] {processor.py:161} INFO - Started process (PID=5467) to work on /home/airflow/.local/lib/python3.8/site-packages/airflow/example_dags/tutorial_dag.py
[2026-05-30T12:28:38.020+0000] {processor.py:830} INFO - Processing file /home/airflow/.local/lib/python3.8/site-packages/airflow/example_dags/tutorial_dag.py for tasks to queue
[2026-05-30T12:28:38.023+0000] {logging_mixin.py:188} INFO - [2026-05-30T12:28:38.022+0000] {dagbag.py:540} INFO - Filling up the DagBag from /home/airflow/.local/lib/python3.8/site-packages/airflow/example_dags/tutorial_dag.py
[2026-05-30T12:28:38.030+0000] {processor.py:840} INFO - DAG(s) 'tutorial_dag' retrieved from /home/airflow/.local/lib/python3.8/site-packages/airflow/example_dags/tutorial_dag.py
[2026-05-30T12:28:38.057+0000] {logging_mixin.py:188} INFO - [2026-05-30T12:28:38.057+0000] {dag.py:3047} INFO - Sync 1 DAGs
[2026-05-30T12:28:38.071+0000] {logging_mixin.py:188} INFO - [2026-05-30T12:28:38.071+0000] {dag.py:3834} INFO - Setting next_dagrun for tutorial_dag to None, run_after=None
[2026-05-30T12:28:38.097+0000] {processor.py:183} INFO - Processing /home/airflow/.local/lib/python3.8/site-packages/airflow/example_dags/tutorial_dag.py took 0.085 seconds
[2026-05-30T12:29:08.461+0000] {processor.py:161} INFO - Started process (PID=5523) to work on /home/airflow/.local/lib/python3.8/site-packages/airflow/example_dags/tutorial_dag.py
[2026-05-30T12:29:08.462+0000] {processor.py:830} INFO - Processing file /home/airflow/.local/lib/python3.8/site-packages/airflow/example_dags/tutorial_dag.py for tasks to queue
[2026-05-30T12:29:08.464+0000] {logging_mixin.py:188} INFO - [2026-05-30T12:29:08.464+0000] {dagbag.py:540} INFO - Filling up the DagBag from /home/airflow/.local/lib/python3.8/site-packages/airflow/example_dags/tutorial_dag.py
[2026-05-30T12:29:08.468+0000] {processor.py:840} INFO - DAG(s) 'tutorial_dag' retrieved from /home/airflow/.local/lib/python3.8/site-packages/airflow/example_dags/tutorial_dag.py
[2026-05-30T12:29:08.487+0000] {logging_mixin.py:188} INFO - [2026-05-30T12:29:08.486+0000] {dag.py:3047} INFO - Sync 1 DAGs
[2026-05-30T12:29:08.497+0000] {logging_mixin.py:188} INFO - [2026-05-30T12:29:08.496+0000] {dag.py:3834} INFO - Setting next_dagrun for tutorial_dag to None, run_after=None
[2026-05-30T12:29:08.522+0000] {processor.py:183} INFO - Processing /home/airflow/.local/lib/python3.8/site-packages/airflow/example_dags/tutorial_dag.py took 0.064 seconds
[2026-05-30T12:29:38.616+0000] {processor.py:161} INFO - Started process (PID=5579) to work on /home/airflow/.local/lib/python3.8/site-packages/airflow/example_dags/tutorial_dag.py
[2026-05-30T12:29:38.618+0000] {processor.py:830} INFO - Processing file /home/airflow/.local/lib/python3.8/site-packages/airflow/example_dags/tutorial_dag.py for tasks to queue
[2026-05-30T12:29:38.620+0000] {logging_mixin.py:188} INFO - [2026-05-30T12:29:38.620+0000] {dagbag.py:540} INFO - Filling up the DagBag from /home/airflow/.local/lib/python3.8/site-packages/airflow/example_dags/tutorial_dag.py
[2026-05-30T12:29:38.626+0000] {processor.py:840} INFO - DAG(s) 'tutorial_dag' retrieved from /home/airflow/.local/lib/python3.8/site-packages/airflow/example_dags/tutorial_dag.py
[2026-05-30T12:29:38.644+0000] {logging_mixin.py:188} INFO - [2026-05-30T12:29:38.643+0000] {dag.py:3047} INFO - Sync 1 DAGs
[2026-05-30T12:29:38.653+0000] {logging_mixin.py:188} INFO - [2026-05-30T12:29:38.653+0000] {dag.py:3834} INFO - Setting next_dagrun for tutorial_dag to None, run_after=None
[2026-05-30T12:29:38.673+0000] {processor.py:183} INFO - Processing /home/airflow/.local/lib/python3.8/site-packages/airflow/example_dags/tutorial_dag.py took 0.059 seconds
[2026-05-30T12:30:09.270+0000] {processor.py:161} INFO - Started process (PID=5635) to work on /home/airflow/.local/lib/python3.8/site-packages/airflow/example_dags/tutorial_dag.py
[2026-05-30T12:30:09.271+0000] {processor.py:830} INFO - Processing file /home/airflow/.local/lib/python3.8/site-packages/airflow/example_dags/tutorial_dag.py for tasks to queue
[2026-05-30T12:30:09.274+0000] {logging_mixin.py:188} INFO - [2026-05-30T12:30:09.273+0000] {dagbag.py:540} INFO - Filling up the DagBag from /home/airflow/.local/lib/python3.8/site-packages/airflow/example_dags/tutorial_dag.py
[2026-05-30T12:30:09.279+0000] {processor.py:840} INFO - DAG(s) 'tutorial_dag' retrieved from /home/airflow/.local/lib/python3.8/site-packages/airflow/example_dags/tutorial_dag.py
[2026-05-30T12:30:09.298+0000] {logging_mixin.py:188} INFO - [2026-05-30T12:30:09.298+0000] {dag.py:3047} INFO - Sync 1 DAGs
[2026-05-30T12:30:09.309+0000] {logging_mixin.py:188} INFO - [2026-05-30T12:30:09.309+0000] {dag.py:3834} INFO - Setting next_dagrun for tutorial_dag to None, run_after=None
[2026-05-30T12:30:09.328+0000] {processor.py:183} INFO - Processing /home/airflow/.local/lib/python3.8/site-packages/airflow/example_dags/tutorial_dag.py took 0.061 seconds
[2026-05-30T12:30:40.081+0000] {processor.py:161} INFO - Started process (PID=5691) to work on /home/airflow/.local/lib/python3.8/site-packages/airflow/example_dags/tutorial_dag.py
[2026-05-30T12:30:40.082+0000] {processor.py:830} INFO - Processing file /home/airflow/.local/lib/python3.8/site-packages/airflow/example_dags/tutorial_dag.py for tasks to queue
[2026-05-30T12:30:40.084+0000] {logging_mixin.py:188} INFO - [2026-05-30T12:30:40.084+0000] {dagbag.py:540} INFO - Filling up the DagBag from /home/airflow/.local/lib/python3.8/site-packages/airflow/example_dags/tutorial_dag.py
[2026-05-30T12:30:40.090+0000] {processor.py:840} INFO - DAG(s) 'tutorial_dag' retrieved from /home/airflow/.local/lib/python3.8/site-packages/airflow/example_dags/tutorial_dag.py
[2026-05-30T12:30:40.106+0000] {logging_mixin.py:188} INFO - [2026-05-30T12:30:40.106+0000] {dag.py:3047} INFO - Sync 1 DAGs
[2026-05-30T12:30:40.117+0000] {logging_mixin.py:188} INFO - [2026-05-30T12:30:40.116+0000] {dag.py:3834} INFO - Setting next_dagrun for tutorial_dag to None, run_after=None
[2026-05-30T12:30:40.140+0000] {processor.py:183} INFO - Processing /home/airflow/.local/lib/python3.8/site-packages/airflow/example_dags/tutorial_dag.py took 0.061 seconds
[2026-05-30T12:31:10.510+0000] {processor.py:161} INFO - Started process (PID=5747) to work on /home/airflow/.local/lib/python3.8/site-packages/airflow/example_dags/tutorial_dag.py
[2026-05-30T12:31:10.511+0000] {processor.py:830} INFO - Processing file /home/airflow/.local/lib/python3.8/site-packages/airflow/example_dags/tutorial_dag.py for tasks to queue
[2026-05-30T12:31:10.514+0000] {logging_mixin.py:188} INFO - [2026-05-30T12:31:10.513+0000] {dagbag.py:540} INFO - Filling up the DagBag from /home/airflow/.local/lib/python3.8/site-packages/airflow/example_dags/tutorial_dag.py
[2026-05-30T12:31:10.521+0000] {processor.py:840} INFO - DAG(s) 'tutorial_dag' retrieved from /home/airflow/.local/lib/python3.8/site-packages/airflow/example_dags/tutorial_dag.py
[2026-05-30T12:31:10.543+0000] {logging_mixin.py:188} INFO - [2026-05-30T12:31:10.543+0000] {dag.py:3047} INFO - Sync 1 DAGs
[2026-05-30T12:31:10.558+0000] {logging_mixin.py:188} INFO - [2026-05-30T12:31:10.557+0000] {dag.py:3834} INFO - Setting next_dagrun for tutorial_dag to None, run_after=None
[2026-05-30T12:31:10.581+0000] {processor.py:183} INFO - Processing /home/airflow/.local/lib/python3.8/site-packages/airflow/example_dags/tutorial_dag.py took 0.074 seconds
[2026-05-30T12:31:40.765+0000] {processor.py:161} INFO - Started process (PID=5803) to work on /home/airflow/.local/lib/python3.8/site-packages/airflow/example_dags/tutorial_dag.py
[2026-05-30T12:31:40.767+0000] {processor.py:830} INFO - Processing file /home/airflow/.local/lib/python3.8/site-packages/airflow/example_dags/tutorial_dag.py for tasks to queue
[2026-05-30T12:31:40.769+0000] {logging_mixin.py:188} INFO - [2026-05-30T12:31:40.769+0000] {dagbag.py:540} INFO - Filling up the DagBag from /home/airflow/.local/lib/python3.8/site-packages/airflow/example_dags/tutorial_dag.py
[2026-05-30T12:31:40.773+0000] {processor.py:840} INFO - DAG(s) 'tutorial_dag' retrieved from /home/airflow/.local/lib/python3.8/site-packages/airflow/example_dags/tutorial_dag.py
[2026-05-30T12:31:40.791+0000] {logging_mixin.py:188} INFO - [2026-05-30T12:31:40.791+0000] {dag.py:3047} INFO - Sync 1 DAGs
[2026-05-30T12:31:40.801+0000] {logging_mixin.py:188} INFO - [2026-05-30T12:31:40.801+0000] {dag.py:3834} INFO - Setting next_dagrun for tutorial_dag to None, run_after=None
[2026-05-30T12:31:40.820+0000] {processor.py:183} INFO - Processing /home/airflow/.local/lib/python3.8/site-packages/airflow/example_dags/tutorial_dag.py took 0.057 seconds
[2026-05-30T12:32:11.083+0000] {processor.py:161} INFO - Started process (PID=5859) to work on /home/airflow/.local/lib/python3.8/site-packages/airflow/example_dags/tutorial_dag.py
[2026-05-30T12:32:11.084+0000] {processor.py:830} INFO - Processing file /home/airflow/.local/lib/python3.8/site-packages/airflow/example_dags/tutorial_dag.py for tasks to queue
[2026-05-30T12:32:11.086+0000] {logging_mixin.py:188} INFO - [2026-05-30T12:32:11.086+0000] {dagbag.py:540} INFO - Filling up the DagBag from /home/airflow/.local/lib/python3.8/site-packages/airflow/example_dags/tutorial_dag.py
[2026-05-30T12:32:11.093+0000] {processor.py:840} INFO - DAG(s) 'tutorial_dag' retrieved from /home/airflow/.local/lib/python3.8/site-packages/airflow/example_dags/tutorial_dag.py
[2026-05-30T12:32:11.113+0000] {logging_mixin.py:188} INFO - [2026-05-30T12:32:11.112+0000] {dag.py:3047} INFO - Sync 1 DAGs
[2026-05-30T12:32:11.124+0000] {logging_mixin.py:188} INFO - [2026-05-30T12:32:11.123+0000] {dag.py:3834} INFO - Setting next_dagrun for tutorial_dag to None, run_after=None
[2026-05-30T12:32:11.146+0000] {processor.py:183} INFO - Processing /home/airflow/.local/lib/python3.8/site-packages/airflow/example_dags/tutorial_dag.py took 0.066 seconds
[2026-05-30T12:32:41.514+0000] {processor.py:161} INFO - Started process (PID=5915) to work on /home/airflow/.local/lib/python3.8/site-packages/airflow/example_dags/tutorial_dag.py
[2026-05-30T12:32:41.515+0000] {processor.py:830} INFO - Processing file /home/airflow/.local/lib/python3.8/site-packages/airflow/example_dags/tutorial_dag.py for tasks to queue
[2026-05-30T12:32:41.517+0000] {logging_mixin.py:188} INFO - [2026-05-30T12:32:41.516+0000] {dagbag.py:540} INFO - Filling up the DagBag from /home/airflow/.local/lib/python3.8/site-packages/airflow/example_dags/tutorial_dag.py
[2026-05-30T12:32:41.522+0000] {processor.py:840} INFO - DAG(s) 'tutorial_dag' retrieved from /home/airflow/.local/lib/python3.8/site-packages/airflow/example_dags/tutorial_dag.py
[2026-05-30T12:32:41.540+0000] {logging_mixin.py:188} INFO - [2026-05-30T12:32:41.540+0000] {dag.py:3047} INFO - Sync 1 DAGs
[2026-05-30T12:32:41.550+0000] {logging_mixin.py:188} INFO - [2026-05-30T12:32:41.550+0000] {dag.py:3834} INFO - Setting next_dagrun for tutorial_dag to None, run_after=None
[2026-05-30T12:32:41.569+0000] {processor.py:183} INFO - Processing /home/airflow/.local/lib/python3.8/site-packages/airflow/example_dags/tutorial_dag.py took 0.058 seconds
[2026-05-30T12:33:11.715+0000] {processor.py:161} INFO - Started process (PID=5970) to work on /home/airflow/.local/lib/python3.8/site-packages/airflow/example_dags/tutorial_dag.py
[2026-05-30T12:33:11.717+0000] {processor.py:830} INFO - Processing file /home/airflow/.local/lib/python3.8/site-packages/airflow/example_dags/tutorial_dag.py for tasks to queue
[2026-05-30T12:33:11.719+0000] {logging_mixin.py:188} INFO - [2026-05-30T12:33:11.719+0000] {dagbag.py:540} INFO - Filling up the DagBag from /home/airflow/.local/lib/python3.8/site-packages/airflow/example_dags/tutorial_dag.py
[2026-05-30T12:33:11.723+0000] {processor.py:840} INFO - DAG(s) 'tutorial_dag' retrieved from /home/airflow/.local/lib/python3.8/site-packages/airflow/example_dags/tutorial_dag.py
[2026-05-30T12:33:11.742+0000] {logging_mixin.py:188} INFO - [2026-05-30T12:33:11.742+0000] {dag.py:3047} INFO - Sync 1 DAGs
[2026-05-30T12:33:11.752+0000] {logging_mixin.py:188} INFO - [2026-05-30T12:33:11.751+0000] {dag.py:3834} INFO - Setting next_dagrun for tutorial_dag to None, run_after=None
[2026-05-30T12:33:11.773+0000] {processor.py:183} INFO - Processing /home/airflow/.local/lib/python3.8/site-packages/airflow/example_dags/tutorial_dag.py took 0.060 seconds
[2026-05-30T12:33:42.021+0000] {processor.py:161} INFO - Started process (PID=6026) to work on /home/airflow/.local/lib/python3.8/site-packages/airflow/example_dags/tutorial_dag.py
[2026-05-30T12:33:42.023+0000] {processor.py:830} INFO - Processing file /home/airflow/.local/lib/python3.8/site-packages/airflow/example_dags/tutorial_dag.py for tasks to queue
[2026-05-30T12:33:42.025+0000] {logging_mixin.py:188} INFO - [2026-05-30T12:33:42.025+0000] {dagbag.py:540} INFO - Filling up the DagBag from /home/airflow/.local/lib/python3.8/site-packages/airflow/example_dags/tutorial_dag.py
[2026-05-30T12:33:42.033+0000] {processor.py:840} INFO - DAG(s) 'tutorial_dag' retrieved from /home/airflow/.local/lib/python3.8/site-packages/airflow/example_dags/tutorial_dag.py
[2026-05-30T12:33:42.055+0000] {logging_mixin.py:188} INFO - [2026-05-30T12:33:42.055+0000] {dag.py:3047} INFO - Sync 1 DAGs
[2026-05-30T12:33:42.068+0000] {logging_mixin.py:188} INFO - [2026-05-30T12:33:42.067+0000] {dag.py:3834} INFO - Setting next_dagrun for tutorial_dag to None, run_after=None
[2026-05-30T12:33:42.090+0000] {processor.py:183} INFO - Processing /home/airflow/.local/lib/python3.8/site-packages/airflow/example_dags/tutorial_dag.py took 0.073 seconds
[2026-05-30T12:34:12.347+0000] {processor.py:161} INFO - Started process (PID=6082) to work on /home/airflow/.local/lib/python3.8/site-packages/airflow/example_dags/tutorial_dag.py
[2026-05-30T12:34:12.348+0000] {processor.py:830} INFO - Processing file /home/airflow/.local/lib/python3.8/site-packages/airflow/example_dags/tutorial_dag.py for tasks to queue
[2026-05-30T12:34:12.350+0000] {logging_mixin.py:188} INFO - [2026-05-30T12:34:12.350+0000] {dagbag.py:540} INFO - Filling up the DagBag from /home/airflow/.local/lib/python3.8/site-packages/airflow/example_dags/tutorial_dag.py
[2026-05-30T12:34:12.355+0000] {processor.py:840} INFO - DAG(s) 'tutorial_dag' retrieved from /home/airflow/.local/lib/python3.8/site-packages/airflow/example_dags/tutorial_dag.py
[2026-05-30T12:34:12.378+0000] {logging_mixin.py:188} INFO - [2026-05-30T12:34:12.378+0000] {dag.py:3047} INFO - Sync 1 DAGs
[2026-05-30T12:34:12.388+0000] {logging_mixin.py:188} INFO - [2026-05-30T12:34:12.388+0000] {dag.py:3834} INFO - Setting next_dagrun for tutorial_dag to None, run_after=None
[2026-05-30T12:34:12.411+0000] {processor.py:183} INFO - Processing /home/airflow/.local/lib/python3.8/site-packages/airflow/example_dags/tutorial_dag.py took 0.069 seconds
[2026-05-30T12:34:42.666+0000] {processor.py:161} INFO - Started process (PID=6138) to work on /home/airflow/.local/lib/python3.8/site-packages/airflow/example_dags/tutorial_dag.py
[2026-05-30T12:34:42.667+0000] {processor.py:830} INFO - Processing file /home/airflow/.local/lib/python3.8/site-packages/airflow/example_dags/tutorial_dag.py for tasks to queue
[2026-05-30T12:34:42.669+0000] {logging_mixin.py:188} INFO - [2026-05-30T12:34:42.669+0000] {dagbag.py:540} INFO - Filling up the DagBag from /home/airflow/.local/lib/python3.8/site-packages/airflow/example_dags/tutorial_dag.py
[2026-05-30T12:34:42.673+0000] {processor.py:840} INFO - DAG(s) 'tutorial_dag' retrieved from /home/airflow/.local/lib/python3.8/site-packages/airflow/example_dags/tutorial_dag.py
[2026-05-30T12:34:42.691+0000] {logging_mixin.py:188} INFO - [2026-05-30T12:34:42.691+0000] {dag.py:3047} INFO - Sync 1 DAGs
[2026-05-30T12:34:42.701+0000] {logging_mixin.py:188} INFO - [2026-05-30T12:34:42.701+0000] {dag.py:3834} INFO - Setting next_dagrun for tutorial_dag to None, run_after=None
[2026-05-30T12:34:42.725+0000] {processor.py:183} INFO - Processing /home/airflow/.local/lib/python3.8/site-packages/airflow/example_dags/tutorial_dag.py took 0.062 seconds
[2026-05-30T12:35:13.627+0000] {processor.py:161} INFO - Started process (PID=6194) to work on /home/airflow/.local/lib/python3.8/site-packages/airflow/example_dags/tutorial_dag.py
[2026-05-30T12:35:13.629+0000] {processor.py:830} INFO - Processing file /home/airflow/.local/lib/python3.8/site-packages/airflow/example_dags/tutorial_dag.py for tasks to queue
[2026-05-30T12:35:13.631+0000] {logging_mixin.py:188} INFO - [2026-05-30T12:35:13.630+0000] {dagbag.py:540} INFO - Filling up the DagBag from /home/airflow/.local/lib/python3.8/site-packages/airflow/example_dags/tutorial_dag.py
[2026-05-30T12:35:13.635+0000] {processor.py:840} INFO - DAG(s) 'tutorial_dag' retrieved from /home/airflow/.local/lib/python3.8/site-packages/airflow/example_dags/tutorial_dag.py
[2026-05-30T12:35:13.653+0000] {logging_mixin.py:188} INFO - [2026-05-30T12:35:13.652+0000] {dag.py:3047} INFO - Sync 1 DAGs
[2026-05-30T12:35:13.663+0000] {logging_mixin.py:188} INFO - [2026-05-30T12:35:13.663+0000] {dag.py:3834} INFO - Setting next_dagrun for tutorial_dag to None, run_after=None
[2026-05-30T12:35:13.686+0000] {processor.py:183} INFO - Processing /home/airflow/.local/lib/python3.8/site-packages/airflow/example_dags/tutorial_dag.py took 0.061 seconds
[2026-05-30T12:35:44.209+0000] {processor.py:161} INFO - Started process (PID=6250) to work on /home/airflow/.local/lib/python3.8/site-packages/airflow/example_dags/tutorial_dag.py
[2026-05-30T12:35:44.211+0000] {processor.py:830} INFO - Processing file /home/airflow/.local/lib/python3.8/site-packages/airflow/example_dags/tutorial_dag.py for tasks to queue
[2026-05-30T12:35:44.213+0000] {logging_mixin.py:188} INFO - [2026-05-30T12:35:44.212+0000] {dagbag.py:540} INFO - Filling up the DagBag from /home/airflow/.local/lib/python3.8/site-packages/airflow/example_dags/tutorial_dag.py
[2026-05-30T12:35:44.218+0000] {processor.py:840} INFO - DAG(s) 'tutorial_dag' retrieved from /home/airflow/.local/lib/python3.8/site-packages/airflow/example_dags/tutorial_dag.py
[2026-05-30T12:35:44.236+0000] {logging_mixin.py:188} INFO - [2026-05-30T12:35:44.235+0000] {dag.py:3047} INFO - Sync 1 DAGs
[2026-05-30T12:35:44.245+0000] {logging_mixin.py:188} INFO - [2026-05-30T12:35:44.245+0000] {dag.py:3834} INFO - Setting next_dagrun for tutorial_dag to None, run_after=None
[2026-05-30T12:35:44.269+0000] {processor.py:183} INFO - Processing /home/airflow/.local/lib/python3.8/site-packages/airflow/example_dags/tutorial_dag.py took 0.062 seconds
[2026-05-30T12:36:14.863+0000] {processor.py:161} INFO - Started process (PID=6306) to work on /home/airflow/.local/lib/python3.8/site-packages/airflow/example_dags/tutorial_dag.py
[2026-05-30T12:36:14.864+0000] {processor.py:830} INFO - Processing file /home/airflow/.local/lib/python3.8/site-packages/airflow/example_dags/tutorial_dag.py for tasks to queue
[2026-05-30T12:36:14.866+0000] {logging_mixin.py:188} INFO - [2026-05-30T12:36:14.866+0000] {dagbag.py:540} INFO - Filling up the DagBag from /home/airflow/.local/lib/python3.8/site-packages/airflow/example_dags/tutorial_dag.py
[2026-05-30T12:36:14.871+0000] {processor.py:840} INFO - DAG(s) 'tutorial_dag' retrieved from /home/airflow/.local/lib/python3.8/site-packages/airflow/example_dags/tutorial_dag.py
[2026-05-30T12:36:14.888+0000] {logging_mixin.py:188} INFO - [2026-05-30T12:36:14.888+0000] {dag.py:3047} INFO - Sync 1 DAGs
[2026-05-30T12:36:14.898+0000] {logging_mixin.py:188} INFO - [2026-05-30T12:36:14.898+0000] {dag.py:3834} INFO - Setting next_dagrun for tutorial_dag to None, run_after=None
[2026-05-30T12:36:14.921+0000] {processor.py:183} INFO - Processing /home/airflow/.local/lib/python3.8/site-packages/airflow/example_dags/tutorial_dag.py took 0.061 seconds
[2026-05-30T12:36:45.644+0000] {processor.py:161} INFO - Started process (PID=6362) to work on /home/airflow/.local/lib/python3.8/site-packages/airflow/example_dags/tutorial_dag.py
[2026-05-30T12:36:45.645+0000] {processor.py:830} INFO - Processing file /home/airflow/.local/lib/python3.8/site-packages/airflow/example_dags/tutorial_dag.py for tasks to queue
[2026-05-30T12:36:45.648+0000] {logging_mixin.py:188} INFO - [2026-05-30T12:36:45.647+0000] {dagbag.py:540} INFO - Filling up the DagBag from /home/airflow/.local/lib/python3.8/site-packages/airflow/example_dags/tutorial_dag.py
[2026-05-30T12:36:45.654+0000] {processor.py:840} INFO - DAG(s) 'tutorial_dag' retrieved from /home/airflow/.local/lib/python3.8/site-packages/airflow/example_dags/tutorial_dag.py
[2026-05-30T12:36:45.678+0000] {logging_mixin.py:188} INFO - [2026-05-30T12:36:45.678+0000] {dag.py:3047} INFO - Sync 1 DAGs
[2026-05-30T12:36:45.689+0000] {logging_mixin.py:188} INFO - [2026-05-30T12:36:45.689+0000] {dag.py:3834} INFO - Setting next_dagrun for tutorial_dag to None, run_after=None
[2026-05-30T12:36:45.716+0000] {processor.py:183} INFO - Processing /home/airflow/.local/lib/python3.8/site-packages/airflow/example_dags/tutorial_dag.py took 0.077 seconds
[2026-05-30T12:37:15.981+0000] {processor.py:161} INFO - Started process (PID=6419) to work on /home/airflow/.local/lib/python3.8/site-packages/airflow/example_dags/tutorial_dag.py
[2026-05-30T12:37:15.983+0000] {processor.py:830} INFO - Processing file /home/airflow/.local/lib/python3.8/site-packages/airflow/example_dags/tutorial_dag.py for tasks to queue
[2026-05-30T12:37:15.985+0000] {logging_mixin.py:188} INFO - [2026-05-30T12:37:15.984+0000] {dagbag.py:540} INFO - Filling up the DagBag from /home/airflow/.local/lib/python3.8/site-packages/airflow/example_dags/tutorial_dag.py
[2026-05-30T12:37:15.991+0000] {processor.py:840} INFO - DAG(s) 'tutorial_dag' retrieved from /home/airflow/.local/lib/python3.8/site-packages/airflow/example_dags/tutorial_dag.py
[2026-05-30T12:37:16.015+0000] {logging_mixin.py:188} INFO - [2026-05-30T12:37:16.015+0000] {dag.py:3047} INFO - Sync 1 DAGs
[2026-05-30T12:37:16.027+0000] {logging_mixin.py:188} INFO - [2026-05-30T12:37:16.027+0000] {dag.py:3834} INFO - Setting next_dagrun for tutorial_dag to None, run_after=None
[2026-05-30T12:37:16.053+0000] {processor.py:183} INFO - Processing /home/airflow/.local/lib/python3.8/site-packages/airflow/example_dags/tutorial_dag.py took 0.076 seconds
[2026-05-30T12:37:46.187+0000] {processor.py:161} INFO - Started process (PID=6476) to work on /home/airflow/.local/lib/python3.8/site-packages/airflow/example_dags/tutorial_dag.py
[2026-05-30T12:37:46.189+0000] {processor.py:830} INFO - Processing file /home/airflow/.local/lib/python3.8/site-packages/airflow/example_dags/tutorial_dag.py for tasks to queue
[2026-05-30T12:37:46.193+0000] {logging_mixin.py:188} INFO - [2026-05-30T12:37:46.193+0000] {dagbag.py:540} INFO - Filling up the DagBag from /home/airflow/.local/lib/python3.8/site-packages/airflow/example_dags/tutorial_dag.py
[2026-05-30T12:37:46.201+0000] {processor.py:840} INFO - DAG(s) 'tutorial_dag' retrieved from /home/airflow/.local/lib/python3.8/site-packages/airflow/example_dags/tutorial_dag.py
[2026-05-30T12:37:46.227+0000] {logging_mixin.py:188} INFO - [2026-05-30T12:37:46.227+0000] {dag.py:3047} INFO - Sync 1 DAGs
[2026-05-30T12:37:46.246+0000] {logging_mixin.py:188} INFO - [2026-05-30T12:37:46.246+0000] {dag.py:3834} INFO - Setting next_dagrun for tutorial_dag to None, run_after=None
[2026-05-30T12:37:46.272+0000] {processor.py:183} INFO - Processing /home/airflow/.local/lib/python3.8/site-packages/airflow/example_dags/tutorial_dag.py took 0.090 seconds
[2026-05-30T12:38:16.380+0000] {processor.py:161} INFO - Started process (PID=6533) to work on /home/airflow/.local/lib/python3.8/site-packages/airflow/example_dags/tutorial_dag.py
[2026-05-30T12:38:16.382+0000] {processor.py:830} INFO - Processing file /home/airflow/.local/lib/python3.8/site-packages/airflow/example_dags/tutorial_dag.py for tasks to queue
[2026-05-30T12:38:16.387+0000] {logging_mixin.py:188} INFO - [2026-05-30T12:38:16.386+0000] {dagbag.py:540} INFO - Filling up the DagBag from /home/airflow/.local/lib/python3.8/site-packages/airflow/example_dags/tutorial_dag.py
[2026-05-30T12:38:16.400+0000] {processor.py:840} INFO - DAG(s) 'tutorial_dag' retrieved from /home/airflow/.local/lib/python3.8/site-packages/airflow/example_dags/tutorial_dag.py
[2026-05-30T12:38:16.433+0000] {logging_mixin.py:188} INFO - [2026-05-30T12:38:16.432+0000] {dag.py:3047} INFO - Sync 1 DAGs
[2026-05-30T12:38:16.446+0000] {logging_mixin.py:188} INFO - [2026-05-30T12:38:16.446+0000] {dag.py:3834} INFO - Setting next_dagrun for tutorial_dag to None, run_after=None
[2026-05-30T12:38:16.473+0000] {processor.py:183} INFO - Processing /home/airflow/.local/lib/python3.8/site-packages/airflow/example_dags/tutorial_dag.py took 0.097 seconds
[2026-05-30T12:38:47.004+0000] {processor.py:161} INFO - Started process (PID=6589) to work on /home/airflow/.local/lib/python3.8/site-packages/airflow/example_dags/tutorial_dag.py
[2026-05-30T12:38:47.005+0000] {processor.py:830} INFO - Processing file /home/airflow/.local/lib/python3.8/site-packages/airflow/example_dags/tutorial_dag.py for tasks to queue
[2026-05-30T12:38:47.007+0000] {logging_mixin.py:188} INFO - [2026-05-30T12:38:47.007+0000] {dagbag.py:540} INFO - Filling up the DagBag from /home/airflow/.local/lib/python3.8/site-packages/airflow/example_dags/tutorial_dag.py
[2026-05-30T12:38:47.012+0000] {processor.py:840} INFO - DAG(s) 'tutorial_dag' retrieved from /home/airflow/.local/lib/python3.8/site-packages/airflow/example_dags/tutorial_dag.py
[2026-05-30T12:38:47.030+0000] {logging_mixin.py:188} INFO - [2026-05-30T12:38:47.029+0000] {dag.py:3047} INFO - Sync 1 DAGs
[2026-05-30T12:38:47.040+0000] {logging_mixin.py:188} INFO - [2026-05-30T12:38:47.040+0000] {dag.py:3834} INFO - Setting next_dagrun for tutorial_dag to None, run_after=None
[2026-05-30T12:38:47.062+0000] {processor.py:183} INFO - Processing /home/airflow/.local/lib/python3.8/site-packages/airflow/example_dags/tutorial_dag.py took 0.060 seconds
[2026-05-30T12:39:17.665+0000] {processor.py:161} INFO - Started process (PID=6645) to work on /home/airflow/.local/lib/python3.8/site-packages/airflow/example_dags/tutorial_dag.py
[2026-05-30T12:39:17.667+0000] {processor.py:830} INFO - Processing file /home/airflow/.local/lib/python3.8/site-packages/airflow/example_dags/tutorial_dag.py for tasks to queue
[2026-05-30T12:39:17.669+0000] {logging_mixin.py:188} INFO - [2026-05-30T12:39:17.669+0000] {dagbag.py:540} INFO - Filling up the DagBag from /home/airflow/.local/lib/python3.8/site-packages/airflow/example_dags/tutorial_dag.py
[2026-05-30T12:39:17.674+0000] {processor.py:840} INFO - DAG(s) 'tutorial_dag' retrieved from /home/airflow/.local/lib/python3.8/site-packages/airflow/example_dags/tutorial_dag.py
[2026-05-30T12:39:17.693+0000] {logging_mixin.py:188} INFO - [2026-05-30T12:39:17.693+0000] {dag.py:3047} INFO - Sync 1 DAGs
[2026-05-30T12:39:17.705+0000] {logging_mixin.py:188} INFO - [2026-05-30T12:39:17.705+0000] {dag.py:3834} INFO - Setting next_dagrun for tutorial_dag to None, run_after=None
[2026-05-30T12:39:17.725+0000] {processor.py:183} INFO - Processing /home/airflow/.local/lib/python3.8/site-packages/airflow/example_dags/tutorial_dag.py took 0.062 seconds
[2026-05-30T12:39:48.171+0000] {processor.py:161} INFO - Started process (PID=6701) to work on /home/airflow/.local/lib/python3.8/site-packages/airflow/example_dags/tutorial_dag.py
[2026-05-30T12:39:48.172+0000] {processor.py:830} INFO - Processing file /home/airflow/.local/lib/python3.8/site-packages/airflow/example_dags/tutorial_dag.py for tasks to queue
[2026-05-30T12:39:48.174+0000] {logging_mixin.py:188} INFO - [2026-05-30T12:39:48.173+0000] {dagbag.py:540} INFO - Filling up the DagBag from /home/airflow/.local/lib/python3.8/site-packages/airflow/example_dags/tutorial_dag.py
[2026-05-30T12:39:48.178+0000] {processor.py:840} INFO - DAG(s) 'tutorial_dag' retrieved from /home/airflow/.local/lib/python3.8/site-packages/airflow/example_dags/tutorial_dag.py
[2026-05-30T12:39:48.196+0000] {logging_mixin.py:188} INFO - [2026-05-30T12:39:48.196+0000] {dag.py:3047} INFO - Sync 1 DAGs
[2026-05-30T12:39:48.206+0000] {logging_mixin.py:188} INFO - [2026-05-30T12:39:48.206+0000] {dag.py:3834} INFO - Setting next_dagrun for tutorial_dag to None, run_after=None
[2026-05-30T12:39:48.229+0000] {processor.py:183} INFO - Processing /home/airflow/.local/lib/python3.8/site-packages/airflow/example_dags/tutorial_dag.py took 0.061 seconds
[2026-05-30T12:40:18.802+0000] {processor.py:161} INFO - Started process (PID=6757) to work on /home/airflow/.local/lib/python3.8/site-packages/airflow/example_dags/tutorial_dag.py
[2026-05-30T12:40:18.804+0000] {processor.py:830} INFO - Processing file /home/airflow/.local/lib/python3.8/site-packages/airflow/example_dags/tutorial_dag.py for tasks to queue
[2026-05-30T12:40:18.805+0000] {logging_mixin.py:188} INFO - [2026-05-30T12:40:18.805+0000] {dagbag.py:540} INFO - Filling up the DagBag from /home/airflow/.local/lib/python3.8/site-packages/airflow/example_dags/tutorial_dag.py
[2026-05-30T12:40:18.810+0000] {processor.py:840} INFO - DAG(s) 'tutorial_dag' retrieved from /home/airflow/.local/lib/python3.8/site-packages/airflow/example_dags/tutorial_dag.py
[2026-05-30T12:40:18.828+0000] {logging_mixin.py:188} INFO - [2026-05-30T12:40:18.827+0000] {dag.py:3047} INFO - Sync 1 DAGs
[2026-05-30T12:40:18.837+0000] {logging_mixin.py:188} INFO - [2026-05-30T12:40:18.836+0000] {dag.py:3834} INFO - Setting next_dagrun for tutorial_dag to None, run_after=None
[2026-05-30T12:40:18.858+0000] {processor.py:183} INFO - Processing /home/airflow/.local/lib/python3.8/site-packages/airflow/example_dags/tutorial_dag.py took 0.058 seconds
[2026-05-30T12:40:49.416+0000] {processor.py:161} INFO - Started process (PID=6812) to work on /home/airflow/.local/lib/python3.8/site-packages/airflow/example_dags/tutorial_dag.py
[2026-05-30T12:40:49.418+0000] {processor.py:830} INFO - Processing file /home/airflow/.local/lib/python3.8/site-packages/airflow/example_dags/tutorial_dag.py for tasks to queue
[2026-05-30T12:40:49.420+0000] {logging_mixin.py:188} INFO - [2026-05-30T12:40:49.420+0000] {dagbag.py:540} INFO - Filling up the DagBag from /home/airflow/.local/lib/python3.8/site-packages/airflow/example_dags/tutorial_dag.py
[2026-05-30T12:40:49.425+0000] {processor.py:840} INFO - DAG(s) 'tutorial_dag' retrieved from /home/airflow/.local/lib/python3.8/site-packages/airflow/example_dags/tutorial_dag.py
[2026-05-30T12:40:49.441+0000] {logging_mixin.py:188} INFO - [2026-05-30T12:40:49.441+0000] {dag.py:3047} INFO - Sync 1 DAGs
[2026-05-30T12:40:49.451+0000] {logging_mixin.py:188} INFO - [2026-05-30T12:40:49.450+0000] {dag.py:3834} INFO - Setting next_dagrun for tutorial_dag to None, run_after=None
[2026-05-30T12:40:49.473+0000] {processor.py:183} INFO - Processing /home/airflow/.local/lib/python3.8/site-packages/airflow/example_dags/tutorial_dag.py took 0.059 seconds
[2026-05-30T12:41:20.041+0000] {processor.py:161} INFO - Started process (PID=6868) to work on /home/airflow/.local/lib/python3.8/site-packages/airflow/example_dags/tutorial_dag.py
[2026-05-30T12:41:20.042+0000] {processor.py:830} INFO - Processing file /home/airflow/.local/lib/python3.8/site-packages/airflow/example_dags/tutorial_dag.py for tasks to queue
[2026-05-30T12:41:20.043+0000] {logging_mixin.py:188} INFO - [2026-05-30T12:41:20.043+0000] {dagbag.py:540} INFO - Filling up the DagBag from /home/airflow/.local/lib/python3.8/site-packages/airflow/example_dags/tutorial_dag.py
[2026-05-30T12:41:20.049+0000] {processor.py:840} INFO - DAG(s) 'tutorial_dag' retrieved from /home/airflow/.local/lib/python3.8/site-packages/airflow/example_dags/tutorial_dag.py
[2026-05-30T12:41:20.066+0000] {logging_mixin.py:188} INFO - [2026-05-30T12:41:20.066+0000] {dag.py:3047} INFO - Sync 1 DAGs
[2026-05-30T12:41:20.078+0000] {logging_mixin.py:188} INFO - [2026-05-30T12:41:20.078+0000] {dag.py:3834} INFO - Setting next_dagrun for tutorial_dag to None, run_after=None
[2026-05-30T12:41:20.097+0000] {processor.py:183} INFO - Processing /home/airflow/.local/lib/python3.8/site-packages/airflow/example_dags/tutorial_dag.py took 0.059 seconds
[2026-05-30T12:41:50.686+0000] {processor.py:161} INFO - Started process (PID=6924) to work on /home/airflow/.local/lib/python3.8/site-packages/airflow/example_dags/tutorial_dag.py
[2026-05-30T12:41:50.688+0000] {processor.py:830} INFO - Processing file /home/airflow/.local/lib/python3.8/site-packages/airflow/example_dags/tutorial_dag.py for tasks to queue
[2026-05-30T12:41:50.691+0000] {logging_mixin.py:188} INFO - [2026-05-30T12:41:50.691+0000] {dagbag.py:540} INFO - Filling up the DagBag from /home/airflow/.local/lib/python3.8/site-packages/airflow/example_dags/tutorial_dag.py
[2026-05-30T12:41:50.696+0000] {processor.py:840} INFO - DAG(s) 'tutorial_dag' retrieved from /home/airflow/.local/lib/python3.8/site-packages/airflow/example_dags/tutorial_dag.py
[2026-05-30T12:41:50.716+0000] {logging_mixin.py:188} INFO - [2026-05-30T12:41:50.715+0000] {dag.py:3047} INFO - Sync 1 DAGs
[2026-05-30T12:41:50.728+0000] {logging_mixin.py:188} INFO - [2026-05-30T12:41:50.727+0000] {dag.py:3834} INFO - Setting next_dagrun for tutorial_dag to None, run_after=None
[2026-05-30T12:41:50.749+0000] {processor.py:183} INFO - Processing /home/airflow/.local/lib/python3.8/site-packages/airflow/example_dags/tutorial_dag.py took 0.066 seconds
[2026-05-30T12:42:21.335+0000] {processor.py:161} INFO - Started process (PID=6980) to work on /home/airflow/.local/lib/python3.8/site-packages/airflow/example_dags/tutorial_dag.py
[2026-05-30T12:42:21.336+0000] {processor.py:830} INFO - Processing file /home/airflow/.local/lib/python3.8/site-packages/airflow/example_dags/tutorial_dag.py for tasks to queue
[2026-05-30T12:42:21.338+0000] {logging_mixin.py:188} INFO - [2026-05-30T12:42:21.338+0000] {dagbag.py:540} INFO - Filling up the DagBag from /home/airflow/.local/lib/python3.8/site-packages/airflow/example_dags/tutorial_dag.py
[2026-05-30T12:42:21.343+0000] {processor.py:840} INFO - DAG(s) 'tutorial_dag' retrieved from /home/airflow/.local/lib/python3.8/site-packages/airflow/example_dags/tutorial_dag.py
[2026-05-30T12:42:21.365+0000] {logging_mixin.py:188} INFO - [2026-05-30T12:42:21.365+0000] {dag.py:3047} INFO - Sync 1 DAGs
[2026-05-30T12:42:21.379+0000] {logging_mixin.py:188} INFO - [2026-05-30T12:42:21.379+0000] {dag.py:3834} INFO - Setting next_dagrun for tutorial_dag to None, run_after=None
[2026-05-30T12:42:21.401+0000] {processor.py:183} INFO - Processing /home/airflow/.local/lib/python3.8/site-packages/airflow/example_dags/tutorial_dag.py took 0.069 seconds
[2026-05-30T12:42:52.173+0000] {processor.py:161} INFO - Started process (PID=7035) to work on /home/airflow/.local/lib/python3.8/site-packages/airflow/example_dags/tutorial_dag.py
[2026-05-30T12:42:52.175+0000] {processor.py:830} INFO - Processing file /home/airflow/.local/lib/python3.8/site-packages/airflow/example_dags/tutorial_dag.py for tasks to queue
[2026-05-30T12:42:52.177+0000] {logging_mixin.py:188} INFO - [2026-05-30T12:42:52.177+0000] {dagbag.py:540} INFO - Filling up the DagBag from /home/airflow/.local/lib/python3.8/site-packages/airflow/example_dags/tutorial_dag.py
[2026-05-30T12:42:52.183+0000] {processor.py:840} INFO - DAG(s) 'tutorial_dag' retrieved from /home/airflow/.local/lib/python3.8/site-packages/airflow/example_dags/tutorial_dag.py
[2026-05-30T12:42:52.205+0000] {logging_mixin.py:188} INFO - [2026-05-30T12:42:52.205+0000] {dag.py:3047} INFO - Sync 1 DAGs
[2026-05-30T12:42:52.218+0000] {logging_mixin.py:188} INFO - [2026-05-30T12:42:52.218+0000] {dag.py:3834} INFO - Setting next_dagrun for tutorial_dag to None, run_after=None
[2026-05-30T12:42:52.242+0000] {processor.py:183} INFO - Processing /home/airflow/.local/lib/python3.8/site-packages/airflow/example_dags/tutorial_dag.py took 0.072 seconds
[2026-05-30T12:43:22.383+0000] {processor.py:161} INFO - Started process (PID=7091) to work on /home/airflow/.local/lib/python3.8/site-packages/airflow/example_dags/tutorial_dag.py
[2026-05-30T12:43:22.385+0000] {processor.py:830} INFO - Processing file /home/airflow/.local/lib/python3.8/site-packages/airflow/example_dags/tutorial_dag.py for tasks to queue
[2026-05-30T12:43:22.387+0000] {logging_mixin.py:188} INFO - [2026-05-30T12:43:22.387+0000] {dagbag.py:540} INFO - Filling up the DagBag from /home/airflow/.local/lib/python3.8/site-packages/airflow/example_dags/tutorial_dag.py
[2026-05-30T12:43:22.392+0000] {processor.py:840} INFO - DAG(s) 'tutorial_dag' retrieved from /home/airflow/.local/lib/python3.8/site-packages/airflow/example_dags/tutorial_dag.py
[2026-05-30T12:43:22.411+0000] {logging_mixin.py:188} INFO - [2026-05-30T12:43:22.410+0000] {dag.py:3047} INFO - Sync 1 DAGs
[2026-05-30T12:43:22.422+0000] {logging_mixin.py:188} INFO - [2026-05-30T12:43:22.421+0000] {dag.py:3834} INFO - Setting next_dagrun for tutorial_dag to None, run_after=None
[2026-05-30T12:43:22.441+0000] {processor.py:183} INFO - Processing /home/airflow/.local/lib/python3.8/site-packages/airflow/example_dags/tutorial_dag.py took 0.060 seconds
[2026-05-30T12:43:52.507+0000] {processor.py:161} INFO - Started process (PID=7147) to work on /home/airflow/.local/lib/python3.8/site-packages/airflow/example_dags/tutorial_dag.py
[2026-05-30T12:43:52.509+0000] {processor.py:830} INFO - Processing file /home/airflow/.local/lib/python3.8/site-packages/airflow/example_dags/tutorial_dag.py for tasks to queue
[2026-05-30T12:43:52.511+0000] {logging_mixin.py:188} INFO - [2026-05-30T12:43:52.510+0000] {dagbag.py:540} INFO - Filling up the DagBag from /home/airflow/.local/lib/python3.8/site-packages/airflow/example_dags/tutorial_dag.py
[2026-05-30T12:43:52.516+0000] {processor.py:840} INFO - DAG(s) 'tutorial_dag' retrieved from /home/airflow/.local/lib/python3.8/site-packages/airflow/example_dags/tutorial_dag.py
[2026-05-30T12:43:52.533+0000] {logging_mixin.py:188} INFO - [2026-05-30T12:43:52.532+0000] {dag.py:3047} INFO - Sync 1 DAGs
[2026-05-30T12:43:52.542+0000] {logging_mixin.py:188} INFO - [2026-05-30T12:43:52.542+0000] {dag.py:3834} INFO - Setting next_dagrun for tutorial_dag to None, run_after=None
[2026-05-30T12:43:52.562+0000] {processor.py:183} INFO - Processing /home/airflow/.local/lib/python3.8/site-packages/airflow/example_dags/tutorial_dag.py took 0.057 seconds
[2026-05-30T12:44:23.166+0000] {processor.py:161} INFO - Started process (PID=7203) to work on /home/airflow/.local/lib/python3.8/site-packages/airflow/example_dags/tutorial_dag.py
[2026-05-30T12:44:23.167+0000] {processor.py:830} INFO - Processing file /home/airflow/.local/lib/python3.8/site-packages/airflow/example_dags/tutorial_dag.py for tasks to queue
[2026-05-30T12:44:23.170+0000] {logging_mixin.py:188} INFO - [2026-05-30T12:44:23.169+0000] {dagbag.py:540} INFO - Filling up the DagBag from /home/airflow/.local/lib/python3.8/site-packages/airflow/example_dags/tutorial_dag.py
[2026-05-30T12:44:23.174+0000] {processor.py:840} INFO - DAG(s) 'tutorial_dag' retrieved from /home/airflow/.local/lib/python3.8/site-packages/airflow/example_dags/tutorial_dag.py
[2026-05-30T12:44:23.194+0000] {logging_mixin.py:188} INFO - [2026-05-30T12:44:23.193+0000] {dag.py:3047} INFO - Sync 1 DAGs
[2026-05-30T12:44:23.204+0000] {logging_mixin.py:188} INFO - [2026-05-30T12:44:23.204+0000] {dag.py:3834} INFO - Setting next_dagrun for tutorial_dag to None, run_after=None
[2026-05-30T12:44:23.224+0000] {processor.py:183} INFO - Processing /home/airflow/.local/lib/python3.8/site-packages/airflow/example_dags/tutorial_dag.py took 0.060 seconds
[2026-05-30T12:44:53.958+0000] {processor.py:161} INFO - Started process (PID=7259) to work on /home/airflow/.local/lib/python3.8/site-packages/airflow/example_dags/tutorial_dag.py
[2026-05-30T12:44:53.959+0000] {processor.py:830} INFO - Processing file /home/airflow/.local/lib/python3.8/site-packages/airflow/example_dags/tutorial_dag.py for tasks to queue
[2026-05-30T12:44:53.961+0000] {logging_mixin.py:188} INFO - [2026-05-30T12:44:53.961+0000] {dagbag.py:540} INFO - Filling up the DagBag from /home/airflow/.local/lib/python3.8/site-packages/airflow/example_dags/tutorial_dag.py
[2026-05-30T12:44:53.965+0000] {processor.py:840} INFO - DAG(s) 'tutorial_dag' retrieved from /home/airflow/.local/lib/python3.8/site-packages/airflow/example_dags/tutorial_dag.py
[2026-05-30T12:44:53.983+0000] {logging_mixin.py:188} INFO - [2026-05-30T12:44:53.983+0000] {dag.py:3047} INFO - Sync 1 DAGs
[2026-05-30T12:44:53.992+0000] {logging_mixin.py:188} INFO - [2026-05-30T12:44:53.992+0000] {dag.py:3834} INFO - Setting next_dagrun for tutorial_dag to None, run_after=None
[2026-05-30T12:44:54.012+0000] {processor.py:183} INFO - Processing /home/airflow/.local/lib/python3.8/site-packages/airflow/example_dags/tutorial_dag.py took 0.057 seconds
[2026-05-30T12:45:24.281+0000] {processor.py:161} INFO - Started process (PID=7315) to work on /home/airflow/.local/lib/python3.8/site-packages/airflow/example_dags/tutorial_dag.py
[2026-05-30T12:45:24.283+0000] {processor.py:830} INFO - Processing file /home/airflow/.local/lib/python3.8/site-packages/airflow/example_dags/tutorial_dag.py for tasks to queue
[2026-05-30T12:45:24.285+0000] {logging_mixin.py:188} INFO - [2026-05-30T12:45:24.284+0000] {dagbag.py:540} INFO - Filling up the DagBag from /home/airflow/.local/lib/python3.8/site-packages/airflow/example_dags/tutorial_dag.py
[2026-05-30T12:45:24.290+0000] {processor.py:840} INFO - DAG(s) 'tutorial_dag' retrieved from /home/airflow/.local/lib/python3.8/site-packages/airflow/example_dags/tutorial_dag.py
[2026-05-30T12:45:24.308+0000] {logging_mixin.py:188} INFO - [2026-05-30T12:45:24.308+0000] {dag.py:3047} INFO - Sync 1 DAGs
[2026-05-30T12:45:24.318+0000] {logging_mixin.py:188} INFO - [2026-05-30T12:45:24.318+0000] {dag.py:3834} INFO - Setting next_dagrun for tutorial_dag to None, run_after=None
[2026-05-30T12:45:24.338+0000] {processor.py:183} INFO - Processing /home/airflow/.local/lib/python3.8/site-packages/airflow/example_dags/tutorial_dag.py took 0.060 seconds
[2026-05-30T12:45:54.874+0000] {processor.py:161} INFO - Started process (PID=7371) to work on /home/airflow/.local/lib/python3.8/site-packages/airflow/example_dags/tutorial_dag.py
[2026-05-30T12:45:54.875+0000] {processor.py:830} INFO - Processing file /home/airflow/.local/lib/python3.8/site-packages/airflow/example_dags/tutorial_dag.py for tasks to queue
[2026-05-30T12:45:54.878+0000] {logging_mixin.py:188} INFO - [2026-05-30T12:45:54.877+0000] {dagbag.py:540} INFO - Filling up the DagBag from /home/airflow/.local/lib/python3.8/site-packages/airflow/example_dags/tutorial_dag.py
[2026-05-30T12:45:54.884+0000] {processor.py:840} INFO - DAG(s) 'tutorial_dag' retrieved from /home/airflow/.local/lib/python3.8/site-packages/airflow/example_dags/tutorial_dag.py
[2026-05-30T12:45:54.902+0000] {logging_mixin.py:188} INFO - [2026-05-30T12:45:54.902+0000] {dag.py:3047} INFO - Sync 1 DAGs
[2026-05-30T12:45:54.913+0000] {logging_mixin.py:188} INFO - [2026-05-30T12:45:54.913+0000] {dag.py:3834} INFO - Setting next_dagrun for tutorial_dag to None, run_after=None
[2026-05-30T12:45:54.931+0000] {processor.py:183} INFO - Processing /home/airflow/.local/lib/python3.8/site-packages/airflow/example_dags/tutorial_dag.py took 0.060 seconds
[2026-05-30T12:46:25.098+0000] {processor.py:161} INFO - Started process (PID=7427) to work on /home/airflow/.local/lib/python3.8/site-packages/airflow/example_dags/tutorial_dag.py
[2026-05-30T12:46:25.099+0000] {processor.py:830} INFO - Processing file /home/airflow/.local/lib/python3.8/site-packages/airflow/example_dags/tutorial_dag.py for tasks to queue
[2026-05-30T12:46:25.102+0000] {logging_mixin.py:188} INFO - [2026-05-30T12:46:25.101+0000] {dagbag.py:540} INFO - Filling up the DagBag from /home/airflow/.local/lib/python3.8/site-packages/airflow/example_dags/tutorial_dag.py
[2026-05-30T12:46:25.107+0000] {processor.py:840} INFO - DAG(s) 'tutorial_dag' retrieved from /home/airflow/.local/lib/python3.8/site-packages/airflow/example_dags/tutorial_dag.py
[2026-05-30T12:46:25.126+0000] {logging_mixin.py:188} INFO - [2026-05-30T12:46:25.126+0000] {dag.py:3047} INFO - Sync 1 DAGs
[2026-05-30T12:46:25.138+0000] {logging_mixin.py:188} INFO - [2026-05-30T12:46:25.138+0000] {dag.py:3834} INFO - Setting next_dagrun for tutorial_dag to None, run_after=None
[2026-05-30T12:46:25.157+0000] {processor.py:183} INFO - Processing /home/airflow/.local/lib/python3.8/site-packages/airflow/example_dags/tutorial_dag.py took 0.062 seconds
[2026-05-30T12:46:55.823+0000] {processor.py:161} INFO - Started process (PID=7483) to work on /home/airflow/.local/lib/python3.8/site-packages/airflow/example_dags/tutorial_dag.py
[2026-05-30T12:46:55.825+0000] {processor.py:830} INFO - Processing file /home/airflow/.local/lib/python3.8/site-packages/airflow/example_dags/tutorial_dag.py for tasks to queue
[2026-05-30T12:46:55.827+0000] {logging_mixin.py:188} INFO - [2026-05-30T12:46:55.826+0000] {dagbag.py:540} INFO - Filling up the DagBag from /home/airflow/.local/lib/python3.8/site-packages/airflow/example_dags/tutorial_dag.py
[2026-05-30T12:46:55.833+0000] {processor.py:840} INFO - DAG(s) 'tutorial_dag' retrieved from /home/airflow/.local/lib/python3.8/site-packages/airflow/example_dags/tutorial_dag.py
[2026-05-30T12:46:55.854+0000] {logging_mixin.py:188} INFO - [2026-05-30T12:46:55.854+0000] {dag.py:3047} INFO - Sync 1 DAGs
[2026-05-30T12:46:55.866+0000] {logging_mixin.py:188} INFO - [2026-05-30T12:46:55.866+0000] {dag.py:3834} INFO - Setting next_dagrun for tutorial_dag to None, run_after=None
[2026-05-30T12:46:55.886+0000] {processor.py:183} INFO - Processing /home/airflow/.local/lib/python3.8/site-packages/airflow/example_dags/tutorial_dag.py took 0.066 seconds
[2026-05-30T12:47:26.534+0000] {processor.py:161} INFO - Started process (PID=7539) to work on /home/airflow/.local/lib/python3.8/site-packages/airflow/example_dags/tutorial_dag.py
[2026-05-30T12:47:26.536+0000] {processor.py:830} INFO - Processing file /home/airflow/.local/lib/python3.8/site-packages/airflow/example_dags/tutorial_dag.py for tasks to queue
[2026-05-30T12:47:26.538+0000] {logging_mixin.py:188} INFO - [2026-05-30T12:47:26.537+0000] {dagbag.py:540} INFO - Filling up the DagBag from /home/airflow/.local/lib/python3.8/site-packages/airflow/example_dags/tutorial_dag.py
[2026-05-30T12:47:26.543+0000] {processor.py:840} INFO - DAG(s) 'tutorial_dag' retrieved from /home/airflow/.local/lib/python3.8/site-packages/airflow/example_dags/tutorial_dag.py
[2026-05-30T12:47:26.561+0000] {logging_mixin.py:188} INFO - [2026-05-30T12:47:26.561+0000] {dag.py:3047} INFO - Sync 1 DAGs
[2026-05-30T12:47:26.571+0000] {logging_mixin.py:188} INFO - [2026-05-30T12:47:26.571+0000] {dag.py:3834} INFO - Setting next_dagrun for tutorial_dag to None, run_after=None
[2026-05-30T12:47:26.590+0000] {processor.py:183} INFO - Processing /home/airflow/.local/lib/python3.8/site-packages/airflow/example_dags/tutorial_dag.py took 0.060 seconds
[2026-05-30T12:47:57.185+0000] {processor.py:161} INFO - Started process (PID=7595) to work on /home/airflow/.local/lib/python3.8/site-packages/airflow/example_dags/tutorial_dag.py
[2026-05-30T12:47:57.186+0000] {processor.py:830} INFO - Processing file /home/airflow/.local/lib/python3.8/site-packages/airflow/example_dags/tutorial_dag.py for tasks to queue
[2026-05-30T12:47:57.188+0000] {logging_mixin.py:188} INFO - [2026-05-30T12:47:57.188+0000] {dagbag.py:540} INFO - Filling up the DagBag from /home/airflow/.local/lib/python3.8/site-packages/airflow/example_dags/tutorial_dag.py
[2026-05-30T12:47:57.193+0000] {processor.py:840} INFO - DAG(s) 'tutorial_dag' retrieved from /home/airflow/.local/lib/python3.8/site-packages/airflow/example_dags/tutorial_dag.py
[2026-05-30T12:47:57.210+0000] {logging_mixin.py:188} INFO - [2026-05-30T12:47:57.210+0000] {dag.py:3047} INFO - Sync 1 DAGs
[2026-05-30T12:47:57.221+0000] {logging_mixin.py:188} INFO - [2026-05-30T12:47:57.220+0000] {dag.py:3834} INFO - Setting next_dagrun for tutorial_dag to None, run_after=None
[2026-05-30T12:47:57.242+0000] {processor.py:183} INFO - Processing /home/airflow/.local/lib/python3.8/site-packages/airflow/example_dags/tutorial_dag.py took 0.060 seconds
[2026-05-30T12:48:27.353+0000] {processor.py:161} INFO - Started process (PID=7650) to work on /home/airflow/.local/lib/python3.8/site-packages/airflow/example_dags/tutorial_dag.py
[2026-05-30T12:48:27.355+0000] {processor.py:830} INFO - Processing file /home/airflow/.local/lib/python3.8/site-packages/airflow/example_dags/tutorial_dag.py for tasks to queue
[2026-05-30T12:48:27.357+0000] {logging_mixin.py:188} INFO - [2026-05-30T12:48:27.357+0000] {dagbag.py:540} INFO - Filling up the DagBag from /home/airflow/.local/lib/python3.8/site-packages/airflow/example_dags/tutorial_dag.py
[2026-05-30T12:48:27.363+0000] {processor.py:840} INFO - DAG(s) 'tutorial_dag' retrieved from /home/airflow/.local/lib/python3.8/site-packages/airflow/example_dags/tutorial_dag.py
[2026-05-30T12:48:27.384+0000] {logging_mixin.py:188} INFO - [2026-05-30T12:48:27.384+0000] {dag.py:3047} INFO - Sync 1 DAGs
[2026-05-30T12:48:27.395+0000] {logging_mixin.py:188} INFO - [2026-05-30T12:48:27.395+0000] {dag.py:3834} INFO - Setting next_dagrun for tutorial_dag to None, run_after=None
[2026-05-30T12:48:27.418+0000] {processor.py:183} INFO - Processing /home/airflow/.local/lib/python3.8/site-packages/airflow/example_dags/tutorial_dag.py took 0.068 seconds
[2026-05-30T12:48:57.482+0000] {processor.py:161} INFO - Started process (PID=7706) to work on /home/airflow/.local/lib/python3.8/site-packages/airflow/example_dags/tutorial_dag.py
[2026-05-30T12:48:57.483+0000] {processor.py:830} INFO - Processing file /home/airflow/.local/lib/python3.8/site-packages/airflow/example_dags/tutorial_dag.py for tasks to queue
[2026-05-30T12:48:57.485+0000] {logging_mixin.py:188} INFO - [2026-05-30T12:48:57.485+0000] {dagbag.py:540} INFO - Filling up the DagBag from /home/airflow/.local/lib/python3.8/site-packages/airflow/example_dags/tutorial_dag.py
[2026-05-30T12:48:57.490+0000] {processor.py:840} INFO - DAG(s) 'tutorial_dag' retrieved from /home/airflow/.local/lib/python3.8/site-packages/airflow/example_dags/tutorial_dag.py
[2026-05-30T12:48:57.508+0000] {logging_mixin.py:188} INFO - [2026-05-30T12:48:57.508+0000] {dag.py:3047} INFO - Sync 1 DAGs
[2026-05-30T12:48:57.518+0000] {logging_mixin.py:188} INFO - [2026-05-30T12:48:57.518+0000] {dag.py:3834} INFO - Setting next_dagrun for tutorial_dag to None, run_after=None
[2026-05-30T12:48:57.538+0000] {processor.py:183} INFO - Processing /home/airflow/.local/lib/python3.8/site-packages/airflow/example_dags/tutorial_dag.py took 0.059 seconds
[2026-05-30T12:49:28.409+0000] {processor.py:161} INFO - Started process (PID=7762) to work on /home/airflow/.local/lib/python3.8/site-packages/airflow/example_dags/tutorial_dag.py
[2026-05-30T12:49:28.411+0000] {processor.py:830} INFO - Processing file /home/airflow/.local/lib/python3.8/site-packages/airflow/example_dags/tutorial_dag.py for tasks to queue
[2026-05-30T12:49:28.412+0000] {logging_mixin.py:188} INFO - [2026-05-30T12:49:28.412+0000] {dagbag.py:540} INFO - Filling up the DagBag from /home/airflow/.local/lib/python3.8/site-packages/airflow/example_dags/tutorial_dag.py
[2026-05-30T12:49:28.417+0000] {processor.py:840} INFO - DAG(s) 'tutorial_dag' retrieved from /home/airflow/.local/lib/python3.8/site-packages/airflow/example_dags/tutorial_dag.py
[2026-05-30T12:49:28.436+0000] {logging_mixin.py:188} INFO - [2026-05-30T12:49:28.436+0000] {dag.py:3047} INFO - Sync 1 DAGs
[2026-05-30T12:49:28.448+0000] {logging_mixin.py:188} INFO - [2026-05-30T12:49:28.448+0000] {dag.py:3834} INFO - Setting next_dagrun for tutorial_dag to None, run_after=None
[2026-05-30T12:49:28.473+0000] {processor.py:183} INFO - Processing /home/airflow/.local/lib/python3.8/site-packages/airflow/example_dags/tutorial_dag.py took 0.066 seconds
[2026-05-30T12:49:59.195+0000] {processor.py:161} INFO - Started process (PID=7818) to work on /home/airflow/.local/lib/python3.8/site-packages/airflow/example_dags/tutorial_dag.py
[2026-05-30T12:49:59.196+0000] {processor.py:830} INFO - Processing file /home/airflow/.local/lib/python3.8/site-packages/airflow/example_dags/tutorial_dag.py for tasks to queue
[2026-05-30T12:49:59.199+0000] {logging_mixin.py:188} INFO - [2026-05-30T12:49:59.198+0000] {dagbag.py:540} INFO - Filling up the DagBag from /home/airflow/.local/lib/python3.8/site-packages/airflow/example_dags/tutorial_dag.py
[2026-05-30T12:49:59.207+0000] {processor.py:840} INFO - DAG(s) 'tutorial_dag' retrieved from /home/airflow/.local/lib/python3.8/site-packages/airflow/example_dags/tutorial_dag.py
[2026-05-30T12:49:59.231+0000] {logging_mixin.py:188} INFO - [2026-05-30T12:49:59.231+0000] {dag.py:3047} INFO - Sync 1 DAGs
[2026-05-30T12:49:59.247+0000] {logging_mixin.py:188} INFO - [2026-05-30T12:49:59.247+0000] {dag.py:3834} INFO - Setting next_dagrun for tutorial_dag to None, run_after=None
[2026-05-30T12:49:59.269+0000] {processor.py:183} INFO - Processing /home/airflow/.local/lib/python3.8/site-packages/airflow/example_dags/tutorial_dag.py took 0.077 seconds
[2026-05-30T12:50:29.973+0000] {processor.py:161} INFO - Started process (PID=7874) to work on /home/airflow/.local/lib/python3.8/site-packages/airflow/example_dags/tutorial_dag.py
[2026-05-30T12:50:29.974+0000] {processor.py:830} INFO - Processing file /home/airflow/.local/lib/python3.8/site-packages/airflow/example_dags/tutorial_dag.py for tasks to queue
[2026-05-30T12:50:29.977+0000] {logging_mixin.py:188} INFO - [2026-05-30T12:50:29.977+0000] {dagbag.py:540} INFO - Filling up the DagBag from /home/airflow/.local/lib/python3.8/site-packages/airflow/example_dags/tutorial_dag.py
[2026-05-30T12:50:29.983+0000] {processor.py:840} INFO - DAG(s) 'tutorial_dag' retrieved from /home/airflow/.local/lib/python3.8/site-packages/airflow/example_dags/tutorial_dag.py
[2026-05-30T12:50:30.005+0000] {logging_mixin.py:188} INFO - [2026-05-30T12:50:30.005+0000] {dag.py:3047} INFO - Sync 1 DAGs
[2026-05-30T12:50:30.019+0000] {logging_mixin.py:188} INFO - [2026-05-30T12:50:30.018+0000] {dag.py:3834} INFO - Setting next_dagrun for tutorial_dag to None, run_after=None
[2026-05-30T12:50:30.043+0000] {processor.py:183} INFO - Processing /home/airflow/.local/lib/python3.8/site-packages/airflow/example_dags/tutorial_dag.py took 0.073 seconds
[2026-05-30T12:51:00.602+0000] {processor.py:161} INFO - Started process (PID=7930) to work on /home/airflow/.local/lib/python3.8/site-packages/airflow/example_dags/tutorial_dag.py
[2026-05-30T12:51:00.603+0000] {processor.py:830} INFO - Processing file /home/airflow/.local/lib/python3.8/site-packages/airflow/example_dags/tutorial_dag.py for tasks to queue
[2026-05-30T12:51:00.607+0000] {logging_mixin.py:188} INFO - [2026-05-30T12:51:00.606+0000] {dagbag.py:540} INFO - Filling up the DagBag from /home/airflow/.local/lib/python3.8/site-packages/airflow/example_dags/tutorial_dag.py
[2026-05-30T12:51:00.613+0000] {processor.py:840} INFO - DAG(s) 'tutorial_dag' retrieved from /home/airflow/.local/lib/python3.8/site-packages/airflow/example_dags/tutorial_dag.py
[2026-05-30T12:51:00.636+0000] {logging_mixin.py:188} INFO - [2026-05-30T12:51:00.635+0000] {dag.py:3047} INFO - Sync 1 DAGs
[2026-05-30T12:51:00.648+0000] {logging_mixin.py:188} INFO - [2026-05-30T12:51:00.647+0000] {dag.py:3834} INFO - Setting next_dagrun for tutorial_dag to None, run_after=None
[2026-05-30T12:51:00.673+0000] {processor.py:183} INFO - Processing /home/airflow/.local/lib/python3.8/site-packages/airflow/example_dags/tutorial_dag.py took 0.075 seconds
[2026-05-30T12:51:31.265+0000] {processor.py:161} INFO - Started process (PID=7986) to work on /home/airflow/.local/lib/python3.8/site-packages/airflow/example_dags/tutorial_dag.py
[2026-05-30T12:51:31.266+0000] {processor.py:830} INFO - Processing file /home/airflow/.local/lib/python3.8/site-packages/airflow/example_dags/tutorial_dag.py for tasks to queue
[2026-05-30T12:51:31.268+0000] {logging_mixin.py:188} INFO - [2026-05-30T12:51:31.267+0000] {dagbag.py:540} INFO - Filling up the DagBag from /home/airflow/.local/lib/python3.8/site-packages/airflow/example_dags/tutorial_dag.py
[2026-05-30T12:51:31.272+0000] {processor.py:840} INFO - DAG(s) 'tutorial_dag' retrieved from /home/airflow/.local/lib/python3.8/site-packages/airflow/example_dags/tutorial_dag.py
[2026-05-30T12:51:31.292+0000] {logging_mixin.py:188} INFO - [2026-05-30T12:51:31.292+0000] {dag.py:3047} INFO - Sync 1 DAGs
[2026-05-30T12:51:31.302+0000] {logging_mixin.py:188} INFO - [2026-05-30T12:51:31.302+0000] {dag.py:3834} INFO - Setting next_dagrun for tutorial_dag to None, run_after=None
[2026-05-30T12:51:31.323+0000] {processor.py:183} INFO - Processing /home/airflow/.local/lib/python3.8/site-packages/airflow/example_dags/tutorial_dag.py took 0.062 seconds
[2026-05-30T12:52:02.046+0000] {processor.py:161} INFO - Started process (PID=8042) to work on /home/airflow/.local/lib/python3.8/site-packages/airflow/example_dags/tutorial_dag.py
[2026-05-30T12:52:02.048+0000] {processor.py:830} INFO - Processing file /home/airflow/.local/lib/python3.8/site-packages/airflow/example_dags/tutorial_dag.py for tasks to queue
[2026-05-30T12:52:02.050+0000] {logging_mixin.py:188} INFO - [2026-05-30T12:52:02.050+0000] {dagbag.py:540} INFO - Filling up the DagBag from /home/airflow/.local/lib/python3.8/site-packages/airflow/example_dags/tutorial_dag.py
[2026-05-30T12:52:02.058+0000] {processor.py:840} INFO - DAG(s) 'tutorial_dag' retrieved from /home/airflow/.local/lib/python3.8/site-packages/airflow/example_dags/tutorial_dag.py
[2026-05-30T12:52:02.076+0000] {logging_mixin.py:188} INFO - [2026-05-30T12:52:02.076+0000] {dag.py:3047} INFO - Sync 1 DAGs
[2026-05-30T12:52:02.087+0000] {logging_mixin.py:188} INFO - [2026-05-30T12:52:02.087+0000] {dag.py:3834} INFO - Setting next_dagrun for tutorial_dag to None, run_after=None
[2026-05-30T12:52:02.110+0000] {processor.py:183} INFO - Processing /home/airflow/.local/lib/python3.8/site-packages/airflow/example_dags/tutorial_dag.py took 0.066 seconds
[2026-05-30T12:52:32.916+0000] {processor.py:161} INFO - Started process (PID=8098) to work on /home/airflow/.local/lib/python3.8/site-packages/airflow/example_dags/tutorial_dag.py
[2026-05-30T12:52:32.918+0000] {processor.py:830} INFO - Processing file /home/airflow/.local/lib/python3.8/site-packages/airflow/example_dags/tutorial_dag.py for tasks to queue
[2026-05-30T12:52:32.921+0000] {logging_mixin.py:188} INFO - [2026-05-30T12:52:32.920+0000] {dagbag.py:540} INFO - Filling up the DagBag from /home/airflow/.local/lib/python3.8/site-packages/airflow/example_dags/tutorial_dag.py
[2026-05-30T12:52:32.925+0000] {processor.py:840} INFO - DAG(s) 'tutorial_dag' retrieved from /home/airflow/.local/lib/python3.8/site-packages/airflow/example_dags/tutorial_dag.py
[2026-05-30T12:52:32.943+0000] {logging_mixin.py:188} INFO - [2026-05-30T12:52:32.943+0000] {dag.py:3047} INFO - Sync 1 DAGs
[2026-05-30T12:52:32.955+0000] {logging_mixin.py:188} INFO - [2026-05-30T12:52:32.955+0000] {dag.py:3834} INFO - Setting next_dagrun for tutorial_dag to None, run_after=None
[2026-05-30T12:52:32.975+0000] {processor.py:183} INFO - Processing /home/airflow/.local/lib/python3.8/site-packages/airflow/example_dags/tutorial_dag.py took 0.062 seconds
[2026-05-30T12:53:03.681+0000] {processor.py:161} INFO - Started process (PID=8154) to work on /home/airflow/.local/lib/python3.8/site-packages/airflow/example_dags/tutorial_dag.py
[2026-05-30T12:53:03.682+0000] {processor.py:830} INFO - Processing file /home/airflow/.local/lib/python3.8/site-packages/airflow/example_dags/tutorial_dag.py for tasks to queue
[2026-05-30T12:53:03.684+0000] {logging_mixin.py:188} INFO - [2026-05-30T12:53:03.684+0000] {dagbag.py:540} INFO - Filling up the DagBag from /home/airflow/.local/lib/python3.8/site-packages/airflow/example_dags/tutorial_dag.py
[2026-05-30T12:53:03.689+0000] {processor.py:840} INFO - DAG(s) 'tutorial_dag' retrieved from /home/airflow/.local/lib/python3.8/site-packages/airflow/example_dags/tutorial_dag.py
[2026-05-30T12:53:03.717+0000] {logging_mixin.py:188} INFO - [2026-05-30T12:53:03.717+0000] {dag.py:3047} INFO - Sync 1 DAGs
[2026-05-30T12:53:03.729+0000] {logging_mixin.py:188} INFO - [2026-05-30T12:53:03.728+0000] {dag.py:3834} INFO - Setting next_dagrun for tutorial_dag to None, run_after=None
[2026-05-30T12:53:03.753+0000] {processor.py:183} INFO - Processing /home/airflow/.local/lib/python3.8/site-packages/airflow/example_dags/tutorial_dag.py took 0.075 seconds
[2026-05-30T12:53:34.422+0000] {processor.py:161} INFO - Started process (PID=8210) to work on /home/airflow/.local/lib/python3.8/site-packages/airflow/example_dags/tutorial_dag.py
[2026-05-30T12:53:34.423+0000] {processor.py:830} INFO - Processing file /home/airflow/.local/lib/python3.8/site-packages/airflow/example_dags/tutorial_dag.py for tasks to queue
[2026-05-30T12:53:34.426+0000] {logging_mixin.py:188} INFO - [2026-05-30T12:53:34.425+0000] {dagbag.py:540} INFO - Filling up the DagBag from /home/airflow/.local/lib/python3.8/site-packages/airflow/example_dags/tutorial_dag.py
[2026-05-30T12:53:34.432+0000] {processor.py:840} INFO - DAG(s) 'tutorial_dag' retrieved from /home/airflow/.local/lib/python3.8/site-packages/airflow/example_dags/tutorial_dag.py
[2026-05-30T12:53:34.452+0000] {logging_mixin.py:188} INFO - [2026-05-30T12:53:34.452+0000] {dag.py:3047} INFO - Sync 1 DAGs
[2026-05-30T12:53:34.463+0000] {logging_mixin.py:188} INFO - [2026-05-30T12:53:34.462+0000] {dag.py:3834} INFO - Setting next_dagrun for tutorial_dag to None, run_after=None
[2026-05-30T12:53:34.481+0000] {processor.py:183} INFO - Processing /home/airflow/.local/lib/python3.8/site-packages/airflow/example_dags/tutorial_dag.py took 0.063 seconds
[2026-05-30T12:54:05.183+0000] {processor.py:161} INFO - Started process (PID=8266) to work on /home/airflow/.local/lib/python3.8/site-packages/airflow/example_dags/tutorial_dag.py
[2026-05-30T12:54:05.185+0000] {processor.py:830} INFO - Processing file /home/airflow/.local/lib/python3.8/site-packages/airflow/example_dags/tutorial_dag.py for tasks to queue
[2026-05-30T12:54:05.187+0000] {logging_mixin.py:188} INFO - [2026-05-30T12:54:05.187+0000] {dagbag.py:540} INFO - Filling up the DagBag from /home/airflow/.local/lib/python3.8/site-packages/airflow/example_dags/tutorial_dag.py
[2026-05-30T12:54:05.192+0000] {processor.py:840} INFO - DAG(s) 'tutorial_dag' retrieved from /home/airflow/.local/lib/python3.8/site-packages/airflow/example_dags/tutorial_dag.py
[2026-05-30T12:54:05.210+0000] {logging_mixin.py:188} INFO - [2026-05-30T12:54:05.210+0000] {dag.py:3047} INFO - Sync 1 DAGs
[2026-05-30T12:54:05.221+0000] {logging_mixin.py:188} INFO - [2026-05-30T12:54:05.220+0000] {dag.py:3834} INFO - Setting next_dagrun for tutorial_dag to None, run_after=None
[2026-05-30T12:54:05.239+0000] {processor.py:183} INFO - Processing /home/airflow/.local/lib/python3.8/site-packages/airflow/example_dags/tutorial_dag.py took 0.059 seconds
[2026-05-30T12:54:36.044+0000] {processor.py:161} INFO - Started process (PID=8322) to work on /home/airflow/.local/lib/python3.8/site-packages/airflow/example_dags/tutorial_dag.py
[2026-05-30T12:54:36.046+0000] {processor.py:830} INFO - Processing file /home/airflow/.local/lib/python3.8/site-packages/airflow/example_dags/tutorial_dag.py for tasks to queue
[2026-05-30T12:54:36.048+0000] {logging_mixin.py:188} INFO - [2026-05-30T12:54:36.047+0000] {dagbag.py:540} INFO - Filling up the DagBag from /home/airflow/.local/lib/python3.8/site-packages/airflow/example_dags/tutorial_dag.py
[2026-05-30T12:54:36.054+0000] {processor.py:840} INFO - DAG(s) 'tutorial_dag' retrieved from /home/airflow/.local/lib/python3.8/site-packages/airflow/example_dags/tutorial_dag.py
[2026-05-30T12:54:36.075+0000] {logging_mixin.py:188} INFO - [2026-05-30T12:54:36.074+0000] {dag.py:3047} INFO - Sync 1 DAGs
[2026-05-30T12:54:36.087+0000] {logging_mixin.py:188} INFO - [2026-05-30T12:54:36.087+0000] {dag.py:3834} INFO - Setting next_dagrun for tutorial_dag to None, run_after=None
[2026-05-30T12:54:36.108+0000] {processor.py:183} INFO - Processing /home/airflow/.local/lib/python3.8/site-packages/airflow/example_dags/tutorial_dag.py took 0.067 seconds
[2026-05-30T12:55:06.778+0000] {processor.py:161} INFO - Started process (PID=8378) to work on /home/airflow/.local/lib/python3.8/site-packages/airflow/example_dags/tutorial_dag.py
[2026-05-30T12:55:06.780+0000] {processor.py:830} INFO - Processing file /home/airflow/.local/lib/python3.8/site-packages/airflow/example_dags/tutorial_dag.py for tasks to queue
[2026-05-30T12:55:06.782+0000] {logging_mixin.py:188} INFO - [2026-05-30T12:55:06.782+0000] {dagbag.py:540} INFO - Filling up the DagBag from /home/airflow/.local/lib/python3.8/site-packages/airflow/example_dags/tutorial_dag.py
[2026-05-30T12:55:06.787+0000] {processor.py:840} INFO - DAG(s) 'tutorial_dag' retrieved from /home/airflow/.local/lib/python3.8/site-packages/airflow/example_dags/tutorial_dag.py
[2026-05-30T12:55:06.805+0000] {logging_mixin.py:188} INFO - [2026-05-30T12:55:06.804+0000] {dag.py:3047} INFO - Sync 1 DAGs
[2026-05-30T12:55:06.815+0000] {logging_mixin.py:188} INFO - [2026-05-30T12:55:06.814+0000] {dag.py:3834} INFO - Setting next_dagrun for tutorial_dag to None, run_after=None
[2026-05-30T12:55:06.836+0000] {processor.py:183} INFO - Processing /home/airflow/.local/lib/python3.8/site-packages/airflow/example_dags/tutorial_dag.py took 0.060 seconds
[2026-05-30T12:55:37.579+0000] {processor.py:161} INFO - Started process (PID=8433) to work on /home/airflow/.local/lib/python3.8/site-packages/airflow/example_dags/tutorial_dag.py
[2026-05-30T12:55:37.580+0000] {processor.py:830} INFO - Processing file /home/airflow/.local/lib/python3.8/site-packages/airflow/example_dags/tutorial_dag.py for tasks to queue
[2026-05-30T12:55:37.582+0000] {logging_mixin.py:188} INFO - [2026-05-30T12:55:37.582+0000] {dagbag.py:540} INFO - Filling up the DagBag from /home/airflow/.local/lib/python3.8/site-packages/airflow/example_dags/tutorial_dag.py
[2026-05-30T12:55:37.587+0000] {processor.py:840} INFO - DAG(s) 'tutorial_dag' retrieved from /home/airflow/.local/lib/python3.8/site-packages/airflow/example_dags/tutorial_dag.py
[2026-05-30T12:55:37.605+0000] {logging_mixin.py:188} INFO - [2026-05-30T12:55:37.605+0000] {dag.py:3047} INFO - Sync 1 DAGs
[2026-05-30T12:55:37.616+0000] {logging_mixin.py:188} INFO - [2026-05-30T12:55:37.615+0000] {dag.py:3834} INFO - Setting next_dagrun for tutorial_dag to None, run_after=None
[2026-05-30T12:55:37.637+0000] {processor.py:183} INFO - Processing /home/airflow/.local/lib/python3.8/site-packages/airflow/example_dags/tutorial_dag.py took 0.062 seconds
[2026-05-30T12:56:08.088+0000] {processor.py:161} INFO - Started process (PID=8490) to work on /home/airflow/.local/lib/python3.8/site-packages/airflow/example_dags/tutorial_dag.py
[2026-05-30T12:56:08.090+0000] {processor.py:830} INFO - Processing file /home/airflow/.local/lib/python3.8/site-packages/airflow/example_dags/tutorial_dag.py for tasks to queue
[2026-05-30T12:56:08.093+0000] {logging_mixin.py:188} INFO - [2026-05-30T12:56:08.093+0000] {dagbag.py:540} INFO - Filling up the DagBag from /home/airflow/.local/lib/python3.8/site-packages/airflow/example_dags/tutorial_dag.py
[2026-05-30T12:56:08.100+0000] {processor.py:840} INFO - DAG(s) 'tutorial_dag' retrieved from /home/airflow/.local/lib/python3.8/site-packages/airflow/example_dags/tutorial_dag.py
[2026-05-30T12:56:08.124+0000] {logging_mixin.py:188} INFO - [2026-05-30T12:56:08.123+0000] {dag.py:3047} INFO - Sync 1 DAGs
[2026-05-30T12:56:08.138+0000] {logging_mixin.py:188} INFO - [2026-05-30T12:56:08.137+0000] {dag.py:3834} INFO - Setting next_dagrun for tutorial_dag to None, run_after=None
[2026-05-30T12:56:08.162+0000] {processor.py:183} INFO - Processing /home/airflow/.local/lib/python3.8/site-packages/airflow/example_dags/tutorial_dag.py took 0.076 seconds
[2026-05-30T12:56:38.856+0000] {processor.py:161} INFO - Started process (PID=8551) to work on /home/airflow/.local/lib/python3.8/site-packages/airflow/example_dags/tutorial_dag.py
[2026-05-30T12:56:38.857+0000] {processor.py:830} INFO - Processing file /home/airflow/.local/lib/python3.8/site-packages/airflow/example_dags/tutorial_dag.py for tasks to queue
[2026-05-30T12:56:38.859+0000] {logging_mixin.py:188} INFO - [2026-05-30T12:56:38.859+0000] {dagbag.py:540} INFO - Filling up the DagBag from /home/airflow/.local/lib/python3.8/site-packages/airflow/example_dags/tutorial_dag.py
[2026-05-30T12:56:38.864+0000] {processor.py:840} INFO - DAG(s) 'tutorial_dag' retrieved from /home/airflow/.local/lib/python3.8/site-packages/airflow/example_dags/tutorial_dag.py
[2026-05-30T12:56:38.883+0000] {logging_mixin.py:188} INFO - [2026-05-30T12:56:38.883+0000] {dag.py:3047} INFO - Sync 1 DAGs
[2026-05-30T12:56:38.893+0000] {logging_mixin.py:188} INFO - [2026-05-30T12:56:38.893+0000] {dag.py:3834} INFO - Setting next_dagrun for tutorial_dag to None, run_after=None
[2026-05-30T12:56:38.912+0000] {processor.py:183} INFO - Processing /home/airflow/.local/lib/python3.8/site-packages/airflow/example_dags/tutorial_dag.py took 0.059 seconds
[2026-05-30T12:57:09.428+0000] {processor.py:161} INFO - Started process (PID=8607) to work on /home/airflow/.local/lib/python3.8/site-packages/airflow/example_dags/tutorial_dag.py
[2026-05-30T12:57:09.430+0000] {processor.py:830} INFO - Processing file /home/airflow/.local/lib/python3.8/site-packages/airflow/example_dags/tutorial_dag.py for tasks to queue
[2026-05-30T12:57:09.432+0000] {logging_mixin.py:188} INFO - [2026-05-30T12:57:09.432+0000] {dagbag.py:540} INFO - Filling up the DagBag from /home/airflow/.local/lib/python3.8/site-packages/airflow/example_dags/tutorial_dag.py
[2026-05-30T12:57:09.438+0000] {processor.py:840} INFO - DAG(s) 'tutorial_dag' retrieved from /home/airflow/.local/lib/python3.8/site-packages/airflow/example_dags/tutorial_dag.py
[2026-05-30T12:57:09.469+0000] {logging_mixin.py:188} INFO - [2026-05-30T12:57:09.469+0000] {dag.py:3047} INFO - Sync 1 DAGs
[2026-05-30T12:57:09.491+0000] {logging_mixin.py:188} INFO - [2026-05-30T12:57:09.490+0000] {dag.py:3834} INFO - Setting next_dagrun for tutorial_dag to None, run_after=None
[2026-05-30T12:57:09.521+0000] {processor.py:183} INFO - Processing /home/airflow/.local/lib/python3.8/site-packages/airflow/example_dags/tutorial_dag.py took 0.097 seconds
[2026-05-30T12:57:39.998+0000] {processor.py:161} INFO - Started process (PID=8663) to work on /home/airflow/.local/lib/python3.8/site-packages/airflow/example_dags/tutorial_dag.py
[2026-05-30T12:57:40.000+0000] {processor.py:830} INFO - Processing file /home/airflow/.local/lib/python3.8/site-packages/airflow/example_dags/tutorial_dag.py for tasks to queue
[2026-05-30T12:57:40.003+0000] {logging_mixin.py:188} INFO - [2026-05-30T12:57:40.003+0000] {dagbag.py:540} INFO - Filling up the DagBag from /home/airflow/.local/lib/python3.8/site-packages/airflow/example_dags/tutorial_dag.py
[2026-05-30T12:57:40.008+0000] {processor.py:840} INFO - DAG(s) 'tutorial_dag' retrieved from /home/airflow/.local/lib/python3.8/site-packages/airflow/example_dags/tutorial_dag.py
[2026-05-30T12:57:40.025+0000] {logging_mixin.py:188} INFO - [2026-05-30T12:57:40.025+0000] {dag.py:3047} INFO - Sync 1 DAGs
[2026-05-30T12:57:40.035+0000] {logging_mixin.py:188} INFO - [2026-05-30T12:57:40.035+0000] {dag.py:3834} INFO - Setting next_dagrun for tutorial_dag to None, run_after=None
[2026-05-30T12:57:40.054+0000] {processor.py:183} INFO - Processing /home/airflow/.local/lib/python3.8/site-packages/airflow/example_dags/tutorial_dag.py took 0.060 seconds
[2026-05-30T12:58:10.726+0000] {processor.py:161} INFO - Started process (PID=8719) to work on /home/airflow/.local/lib/python3.8/site-packages/airflow/example_dags/tutorial_dag.py
[2026-05-30T12:58:10.728+0000] {processor.py:830} INFO - Processing file /home/airflow/.local/lib/python3.8/site-packages/airflow/example_dags/tutorial_dag.py for tasks to queue
[2026-05-30T12:58:10.730+0000] {logging_mixin.py:188} INFO - [2026-05-30T12:58:10.730+0000] {dagbag.py:540} INFO - Filling up the DagBag from /home/airflow/.local/lib/python3.8/site-packages/airflow/example_dags/tutorial_dag.py
[2026-05-30T12:58:10.736+0000] {processor.py:840} INFO - DAG(s) 'tutorial_dag' retrieved from /home/airflow/.local/lib/python3.8/site-packages/airflow/example_dags/tutorial_dag.py
[2026-05-30T12:58:10.755+0000] {logging_mixin.py:188} INFO - [2026-05-30T12:58:10.755+0000] {dag.py:3047} INFO - Sync 1 DAGs
[2026-05-30T12:58:10.766+0000] {logging_mixin.py:188} INFO - [2026-05-30T12:58:10.766+0000] {dag.py:3834} INFO - Setting next_dagrun for tutorial_dag to None, run_after=None
[2026-05-30T12:58:10.784+0000] {processor.py:183} INFO - Processing /home/airflow/.local/lib/python3.8/site-packages/airflow/example_dags/tutorial_dag.py took 0.061 seconds
[2026-05-30T12:58:41.358+0000] {processor.py:161} INFO - Started process (PID=8775) to work on /home/airflow/.local/lib/python3.8/site-packages/airflow/example_dags/tutorial_dag.py
[2026-05-30T12:58:41.360+0000] {processor.py:830} INFO - Processing file /home/airflow/.local/lib/python3.8/site-packages/airflow/example_dags/tutorial_dag.py for tasks to queue
[2026-05-30T12:58:41.362+0000] {logging_mixin.py:188} INFO - [2026-05-30T12:58:41.362+0000] {dagbag.py:540} INFO - Filling up the DagBag from /home/airflow/.local/lib/python3.8/site-packages/airflow/example_dags/tutorial_dag.py
[2026-05-30T12:58:41.366+0000] {processor.py:840} INFO - DAG(s) 'tutorial_dag' retrieved from /home/airflow/.local/lib/python3.8/site-packages/airflow/example_dags/tutorial_dag.py
[2026-05-30T12:58:41.384+0000] {logging_mixin.py:188} INFO - [2026-05-30T12:58:41.384+0000] {dag.py:3047} INFO - Sync 1 DAGs
[2026-05-30T12:58:41.395+0000] {logging_mixin.py:188} INFO - [2026-05-30T12:58:41.394+0000] {dag.py:3834} INFO - Setting next_dagrun for tutorial_dag to None, run_after=None
[2026-05-30T12:58:41.415+0000] {processor.py:183} INFO - Processing /home/airflow/.local/lib/python3.8/site-packages/airflow/example_dags/tutorial_dag.py took 0.059 seconds
[2026-05-30T12:59:12.012+0000] {processor.py:161} INFO - Started process (PID=8831) to work on /home/airflow/.local/lib/python3.8/site-packages/airflow/example_dags/tutorial_dag.py
[2026-05-30T12:59:12.014+0000] {processor.py:830} INFO - Processing file /home/airflow/.local/lib/python3.8/site-packages/airflow/example_dags/tutorial_dag.py for tasks to queue
[2026-05-30T12:59:12.016+0000] {logging_mixin.py:188} INFO - [2026-05-30T12:59:12.016+0000] {dagbag.py:540} INFO - Filling up the DagBag from /home/airflow/.local/lib/python3.8/site-packages/airflow/example_dags/tutorial_dag.py
[2026-05-30T12:59:12.022+0000] {processor.py:840} INFO - DAG(s) 'tutorial_dag' retrieved from /home/airflow/.local/lib/python3.8/site-packages/airflow/example_dags/tutorial_dag.py
[2026-05-30T12:59:12.040+0000] {logging_mixin.py:188} INFO - [2026-05-30T12:59:12.040+0000] {dag.py:3047} INFO - Sync 1 DAGs
[2026-05-30T12:59:12.051+0000] {logging_mixin.py:188} INFO - [2026-05-30T12:59:12.051+0000] {dag.py:3834} INFO - Setting next_dagrun for tutorial_dag to None, run_after=None
[2026-05-30T12:59:12.073+0000] {processor.py:183} INFO - Processing /home/airflow/.local/lib/python3.8/site-packages/airflow/example_dags/tutorial_dag.py took 0.063 seconds
[2026-05-30T12:59:42.539+0000] {processor.py:161} INFO - Started process (PID=8887) to work on /home/airflow/.local/lib/python3.8/site-packages/airflow/example_dags/tutorial_dag.py
[2026-05-30T12:59:42.541+0000] {processor.py:830} INFO - Processing file /home/airflow/.local/lib/python3.8/site-packages/airflow/example_dags/tutorial_dag.py for tasks to queue
[2026-05-30T12:59:42.543+0000] {logging_mixin.py:188} INFO - [2026-05-30T12:59:42.542+0000] {dagbag.py:540} INFO - Filling up the DagBag from /home/airflow/.local/lib/python3.8/site-packages/airflow/example_dags/tutorial_dag.py
[2026-05-30T12:59:42.549+0000] {processor.py:840} INFO - DAG(s) 'tutorial_dag' retrieved from /home/airflow/.local/lib/python3.8/site-packages/airflow/example_dags/tutorial_dag.py
[2026-05-30T12:59:42.567+0000] {logging_mixin.py:188} INFO - [2026-05-30T12:59:42.566+0000] {dag.py:3047} INFO - Sync 1 DAGs
[2026-05-30T12:59:42.577+0000] {logging_mixin.py:188} INFO - [2026-05-30T12:59:42.577+0000] {dag.py:3834} INFO - Setting next_dagrun for tutorial_dag to None, run_after=None
[2026-05-30T12:59:42.597+0000] {processor.py:183} INFO - Processing /home/airflow/.local/lib/python3.8/site-packages/airflow/example_dags/tutorial_dag.py took 0.060 seconds
[2026-05-30T13:00:13.231+0000] {processor.py:161} INFO - Started process (PID=8943) to work on /home/airflow/.local/lib/python3.8/site-packages/airflow/example_dags/tutorial_dag.py
[2026-05-30T13:00:13.232+0000] {processor.py:830} INFO - Processing file /home/airflow/.local/lib/python3.8/site-packages/airflow/example_dags/tutorial_dag.py for tasks to queue
[2026-05-30T13:00:13.234+0000] {logging_mixin.py:188} INFO - [2026-05-30T13:00:13.233+0000] {dagbag.py:540} INFO - Filling up the DagBag from /home/airflow/.local/lib/python3.8/site-packages/airflow/example_dags/tutorial_dag.py
[2026-05-30T13:00:13.238+0000] {processor.py:840} INFO - DAG(s) 'tutorial_dag' retrieved from /home/airflow/.local/lib/python3.8/site-packages/airflow/example_dags/tutorial_dag.py
[2026-05-30T13:00:13.256+0000] {logging_mixin.py:188} INFO - [2026-05-30T13:00:13.256+0000] {dag.py:3047} INFO - Sync 1 DAGs
[2026-05-30T13:00:13.268+0000] {logging_mixin.py:188} INFO - [2026-05-30T13:00:13.268+0000] {dag.py:3834} INFO - Setting next_dagrun for tutorial_dag to None, run_after=None
[2026-05-30T13:00:13.289+0000] {processor.py:183} INFO - Processing /home/airflow/.local/lib/python3.8/site-packages/airflow/example_dags/tutorial_dag.py took 0.061 seconds
[2026-05-30T13:00:43.762+0000] {processor.py:161} INFO - Started process (PID=8999) to work on /home/airflow/.local/lib/python3.8/site-packages/airflow/example_dags/tutorial_dag.py
[2026-05-30T13:00:43.764+0000] {processor.py:830} INFO - Processing file /home/airflow/.local/lib/python3.8/site-packages/airflow/example_dags/tutorial_dag.py for tasks to queue
[2026-05-30T13:00:43.765+0000] {logging_mixin.py:188} INFO - [2026-05-30T13:00:43.765+0000] {dagbag.py:540} INFO - Filling up the DagBag from /home/airflow/.local/lib/python3.8/site-packages/airflow/example_dags/tutorial_dag.py
[2026-05-30T13:00:43.773+0000] {processor.py:840} INFO - DAG(s) 'tutorial_dag' retrieved from /home/airflow/.local/lib/python3.8/site-packages/airflow/example_dags/tutorial_dag.py
[2026-05-30T13:00:43.792+0000] {logging_mixin.py:188} INFO - [2026-05-30T13:00:43.791+0000] {dag.py:3047} INFO - Sync 1 DAGs
[2026-05-30T13:00:43.802+0000] {logging_mixin.py:188} INFO - [2026-05-30T13:00:43.802+0000] {dag.py:3834} INFO - Setting next_dagrun for tutorial_dag to None, run_after=None
[2026-05-30T13:00:43.822+0000] {processor.py:183} INFO - Processing /home/airflow/.local/lib/python3.8/site-packages/airflow/example_dags/tutorial_dag.py took 0.063 seconds
[2026-05-30T13:01:14.489+0000] {processor.py:161} INFO - Started process (PID=9055) to work on /home/airflow/.local/lib/python3.8/site-packages/airflow/example_dags/tutorial_dag.py
[2026-05-30T13:01:14.491+0000] {processor.py:830} INFO - Processing file /home/airflow/.local/lib/python3.8/site-packages/airflow/example_dags/tutorial_dag.py for tasks to queue
[2026-05-30T13:01:14.493+0000] {logging_mixin.py:188} INFO - [2026-05-30T13:01:14.493+0000] {dagbag.py:540} INFO - Filling up the DagBag from /home/airflow/.local/lib/python3.8/site-packages/airflow/example_dags/tutorial_dag.py
[2026-05-30T13:01:14.498+0000] {processor.py:840} INFO - DAG(s) 'tutorial_dag' retrieved from /home/airflow/.local/lib/python3.8/site-packages/airflow/example_dags/tutorial_dag.py
[2026-05-30T13:01:14.517+0000] {logging_mixin.py:188} INFO - [2026-05-30T13:01:14.517+0000] {dag.py:3047} INFO - Sync 1 DAGs
[2026-05-30T13:01:14.528+0000] {logging_mixin.py:188} INFO - [2026-05-30T13:01:14.528+0000] {dag.py:3834} INFO - Setting next_dagrun for tutorial_dag to None, run_after=None
[2026-05-30T13:01:14.551+0000] {processor.py:183} INFO - Processing /home/airflow/.local/lib/python3.8/site-packages/airflow/example_dags/tutorial_dag.py took 0.064 seconds
[2026-05-30T13:01:44.776+0000] {processor.py:161} INFO - Started process (PID=9111) to work on /home/airflow/.local/lib/python3.8/site-packages/airflow/example_dags/tutorial_dag.py
[2026-05-30T13:01:44.777+0000] {processor.py:830} INFO - Processing file /home/airflow/.local/lib/python3.8/site-packages/airflow/example_dags/tutorial_dag.py for tasks to queue
[2026-05-30T13:01:44.779+0000] {logging_mixin.py:188} INFO - [2026-05-30T13:01:44.779+0000] {dagbag.py:540} INFO - Filling up the DagBag from /home/airflow/.local/lib/python3.8/site-packages/airflow/example_dags/tutorial_dag.py
[2026-05-30T13:01:44.785+0000] {processor.py:840} INFO - DAG(s) 'tutorial_dag' retrieved from /home/airflow/.local/lib/python3.8/site-packages/airflow/example_dags/tutorial_dag.py
[2026-05-30T13:01:44.802+0000] {logging_mixin.py:188} INFO - [2026-05-30T13:01:44.802+0000] {dag.py:3047} INFO - Sync 1 DAGs
[2026-05-30T13:01:44.812+0000] {logging_mixin.py:188} INFO - [2026-05-30T13:01:44.812+0000] {dag.py:3834} INFO - Setting next_dagrun for tutorial_dag to None, run_after=None
[2026-05-30T13:01:44.833+0000] {processor.py:183} INFO - Processing /home/airflow/.local/lib/python3.8/site-packages/airflow/example_dags/tutorial_dag.py took 0.059 seconds
[2026-05-30T13:02:15.604+0000] {processor.py:161} INFO - Started process (PID=9167) to work on /home/airflow/.local/lib/python3.8/site-packages/airflow/example_dags/tutorial_dag.py
[2026-05-30T13:02:15.605+0000] {processor.py:830} INFO - Processing file /home/airflow/.local/lib/python3.8/site-packages/airflow/example_dags/tutorial_dag.py for tasks to queue
[2026-05-30T13:02:15.607+0000] {logging_mixin.py:188} INFO - [2026-05-30T13:02:15.607+0000] {dagbag.py:540} INFO - Filling up the DagBag from /home/airflow/.local/lib/python3.8/site-packages/airflow/example_dags/tutorial_dag.py
[2026-05-30T13:02:15.613+0000] {processor.py:840} INFO - DAG(s) 'tutorial_dag' retrieved from /home/airflow/.local/lib/python3.8/site-packages/airflow/example_dags/tutorial_dag.py
[2026-05-30T13:02:15.632+0000] {logging_mixin.py:188} INFO - [2026-05-30T13:02:15.632+0000] {dag.py:3047} INFO - Sync 1 DAGs
[2026-05-30T13:02:15.642+0000] {logging_mixin.py:188} INFO - [2026-05-30T13:02:15.641+0000] {dag.py:3834} INFO - Setting next_dagrun for tutorial_dag to None, run_after=None
[2026-05-30T13:02:15.662+0000] {processor.py:183} INFO - Processing /home/airflow/.local/lib/python3.8/site-packages/airflow/example_dags/tutorial_dag.py took 0.061 seconds
[2026-05-30T13:02:46.362+0000] {processor.py:161} INFO - Started process (PID=9223) to work on /home/airflow/.local/lib/python3.8/site-packages/airflow/example_dags/tutorial_dag.py
[2026-05-30T13:02:46.364+0000] {processor.py:830} INFO - Processing file /home/airflow/.local/lib/python3.8/site-packages/airflow/example_dags/tutorial_dag.py for tasks to queue
[2026-05-30T13:02:46.367+0000] {logging_mixin.py:188} INFO - [2026-05-30T13:02:46.366+0000] {dagbag.py:540} INFO - Filling up the DagBag from /home/airflow/.local/lib/python3.8/site-packages/airflow/example_dags/tutorial_dag.py
[2026-05-30T13:02:46.373+0000] {processor.py:840} INFO - DAG(s) 'tutorial_dag' retrieved from /home/airflow/.local/lib/python3.8/site-packages/airflow/example_dags/tutorial_dag.py
[2026-05-30T13:02:46.399+0000] {logging_mixin.py:188} INFO - [2026-05-30T13:02:46.399+0000] {dag.py:3047} INFO - Sync 1 DAGs
[2026-05-30T13:02:46.411+0000] {logging_mixin.py:188} INFO - [2026-05-30T13:02:46.411+0000] {dag.py:3834} INFO - Setting next_dagrun for tutorial_dag to None, run_after=None
[2026-05-30T13:02:46.434+0000] {processor.py:183} INFO - Processing /home/airflow/.local/lib/python3.8/site-packages/airflow/example_dags/tutorial_dag.py took 0.078 seconds
[2026-05-30T13:03:17.028+0000] {processor.py:161} INFO - Started process (PID=9279) to work on /home/airflow/.local/lib/python3.8/site-packages/airflow/example_dags/tutorial_dag.py
[2026-05-30T13:03:17.029+0000] {processor.py:830} INFO - Processing file /home/airflow/.local/lib/python3.8/site-packages/airflow/example_dags/tutorial_dag.py for tasks to queue
[2026-05-30T13:03:17.031+0000] {logging_mixin.py:188} INFO - [2026-05-30T13:03:17.031+0000] {dagbag.py:540} INFO - Filling up the DagBag from /home/airflow/.local/lib/python3.8/site-packages/airflow/example_dags/tutorial_dag.py
[2026-05-30T13:03:17.039+0000] {processor.py:840} INFO - DAG(s) 'tutorial_dag' retrieved from /home/airflow/.local/lib/python3.8/site-packages/airflow/example_dags/tutorial_dag.py
[2026-05-30T13:03:17.060+0000] {logging_mixin.py:188} INFO - [2026-05-30T13:03:17.060+0000] {dag.py:3047} INFO - Sync 1 DAGs
[2026-05-30T13:03:17.072+0000] {logging_mixin.py:188} INFO - [2026-05-30T13:03:17.071+0000] {dag.py:3834} INFO - Setting next_dagrun for tutorial_dag to None, run_after=None
[2026-05-30T13:03:17.097+0000] {processor.py:183} INFO - Processing /home/airflow/.local/lib/python3.8/site-packages/airflow/example_dags/tutorial_dag.py took 0.074 seconds
[2026-05-30T13:03:47.927+0000] {processor.py:161} INFO - Started process (PID=9334) to work on /home/airflow/.local/lib/python3.8/site-packages/airflow/example_dags/tutorial_dag.py
[2026-05-30T13:03:47.928+0000] {processor.py:830} INFO - Processing file /home/airflow/.local/lib/python3.8/site-packages/airflow/example_dags/tutorial_dag.py for tasks to queue
[2026-05-30T13:03:47.930+0000] {logging_mixin.py:188} INFO - [2026-05-30T13:03:47.930+0000] {dagbag.py:540} INFO - Filling up the DagBag from /home/airflow/.local/lib/python3.8/site-packages/airflow/example_dags/tutorial_dag.py
[2026-05-30T13:03:47.935+0000] {processor.py:840} INFO - DAG(s) 'tutorial_dag' retrieved from /home/airflow/.local/lib/python3.8/site-packages/airflow/example_dags/tutorial_dag.py
[2026-05-30T13:03:47.953+0000] {logging_mixin.py:188} INFO - [2026-05-30T13:03:47.953+0000] {dag.py:3047} INFO - Sync 1 DAGs
[2026-05-30T13:03:47.963+0000] {logging_mixin.py:188} INFO - [2026-05-30T13:03:47.963+0000] {dag.py:3834} INFO - Setting next_dagrun for tutorial_dag to None, run_after=None
[2026-05-30T13:03:47.985+0000] {processor.py:183} INFO - Processing /home/airflow/.local/lib/python3.8/site-packages/airflow/example_dags/tutorial_dag.py took 0.060 seconds
[2026-05-30T13:04:18.468+0000] {processor.py:161} INFO - Started process (PID=9390) to work on /home/airflow/.local/lib/python3.8/site-packages/airflow/example_dags/tutorial_dag.py
[2026-05-30T13:04:18.470+0000] {processor.py:830} INFO - Processing file /home/airflow/.local/lib/python3.8/site-packages/airflow/example_dags/tutorial_dag.py for tasks to queue
[2026-05-30T13:04:18.472+0000] {logging_mixin.py:188} INFO - [2026-05-30T13:04:18.472+0000] {dagbag.py:540} INFO - Filling up the DagBag from /home/airflow/.local/lib/python3.8/site-packages/airflow/example_dags/tutorial_dag.py
[2026-05-30T13:04:18.478+0000] {processor.py:840} INFO - DAG(s) 'tutorial_dag' retrieved from /home/airflow/.local/lib/python3.8/site-packages/airflow/example_dags/tutorial_dag.py
[2026-05-30T13:04:18.497+0000] {logging_mixin.py:188} INFO - [2026-05-30T13:04:18.497+0000] {dag.py:3047} INFO - Sync 1 DAGs
[2026-05-30T13:04:18.509+0000] {logging_mixin.py:188} INFO - [2026-05-30T13:04:18.509+0000] {dag.py:3834} INFO - Setting next_dagrun for tutorial_dag to None, run_after=None
[2026-05-30T13:04:18.534+0000] {processor.py:183} INFO - Processing /home/airflow/.local/lib/python3.8/site-packages/airflow/example_dags/tutorial_dag.py took 0.069 seconds
[2026-05-30T13:04:49.104+0000] {processor.py:161} INFO - Started process (PID=9447) to work on /home/airflow/.local/lib/python3.8/site-packages/airflow/example_dags/tutorial_dag.py
[2026-05-30T13:04:49.105+0000] {processor.py:830} INFO - Processing file /home/airflow/.local/lib/python3.8/site-packages/airflow/example_dags/tutorial_dag.py for tasks to queue
[2026-05-30T13:04:49.107+0000] {logging_mixin.py:188} INFO - [2026-05-30T13:04:49.106+0000] {dagbag.py:540} INFO - Filling up the DagBag from /home/airflow/.local/lib/python3.8/site-packages/airflow/example_dags/tutorial_dag.py
[2026-05-30T13:04:49.111+0000] {processor.py:840} INFO - DAG(s) 'tutorial_dag' retrieved from /home/airflow/.local/lib/python3.8/site-packages/airflow/example_dags/tutorial_dag.py
[2026-05-30T13:04:49.131+0000] {logging_mixin.py:188} INFO - [2026-05-30T13:04:49.131+0000] {dag.py:3047} INFO - Sync 1 DAGs
[2026-05-30T13:04:49.145+0000] {logging_mixin.py:188} INFO - [2026-05-30T13:04:49.145+0000] {dag.py:3834} INFO - Setting next_dagrun for tutorial_dag to None, run_after=None
[2026-05-30T13:04:49.173+0000] {processor.py:183} INFO - Processing /home/airflow/.local/lib/python3.8/site-packages/airflow/example_dags/tutorial_dag.py took 0.072 seconds
[2026-05-30T13:05:19.656+0000] {processor.py:161} INFO - Started process (PID=9503) to work on /home/airflow/.local/lib/python3.8/site-packages/airflow/example_dags/tutorial_dag.py
[2026-05-30T13:05:19.657+0000] {processor.py:830} INFO - Processing file /home/airflow/.local/lib/python3.8/site-packages/airflow/example_dags/tutorial_dag.py for tasks to queue
[2026-05-30T13:05:19.659+0000] {logging_mixin.py:188} INFO - [2026-05-30T13:05:19.659+0000] {dagbag.py:540} INFO - Filling up the DagBag from /home/airflow/.local/lib/python3.8/site-packages/airflow/example_dags/tutorial_dag.py
[2026-05-30T13:05:19.664+0000] {processor.py:840} INFO - DAG(s) 'tutorial_dag' retrieved from /home/airflow/.local/lib/python3.8/site-packages/airflow/example_dags/tutorial_dag.py
[2026-05-30T13:05:19.681+0000] {logging_mixin.py:188} INFO - [2026-05-30T13:05:19.681+0000] {dag.py:3047} INFO - Sync 1 DAGs
[2026-05-30T13:05:19.691+0000] {logging_mixin.py:188} INFO - [2026-05-30T13:05:19.691+0000] {dag.py:3834} INFO - Setting next_dagrun for tutorial_dag to None, run_after=None
[2026-05-30T13:05:19.710+0000] {processor.py:183} INFO - Processing /home/airflow/.local/lib/python3.8/site-packages/airflow/example_dags/tutorial_dag.py took 0.057 seconds
[2026-05-30T13:05:49.888+0000] {processor.py:161} INFO - Started process (PID=9559) to work on /home/airflow/.local/lib/python3.8/site-packages/airflow/example_dags/tutorial_dag.py
[2026-05-30T13:05:49.893+0000] {processor.py:830} INFO - Processing file /home/airflow/.local/lib/python3.8/site-packages/airflow/example_dags/tutorial_dag.py for tasks to queue
[2026-05-30T13:05:49.896+0000] {logging_mixin.py:188} INFO - [2026-05-30T13:05:49.895+0000] {dagbag.py:540} INFO - Filling up the DagBag from /home/airflow/.local/lib/python3.8/site-packages/airflow/example_dags/tutorial_dag.py
[2026-05-30T13:05:49.905+0000] {processor.py:840} INFO - DAG(s) 'tutorial_dag' retrieved from /home/airflow/.local/lib/python3.8/site-packages/airflow/example_dags/tutorial_dag.py
[2026-05-30T13:05:49.927+0000] {logging_mixin.py:188} INFO - [2026-05-30T13:05:49.927+0000] {dag.py:3047} INFO - Sync 1 DAGs
[2026-05-30T13:05:49.939+0000] {logging_mixin.py:188} INFO - [2026-05-30T13:05:49.939+0000] {dag.py:3834} INFO - Setting next_dagrun for tutorial_dag to None, run_after=None
[2026-05-30T13:05:49.958+0000] {processor.py:183} INFO - Processing /home/airflow/.local/lib/python3.8/site-packages/airflow/example_dags/tutorial_dag.py took 0.074 seconds
[2026-05-30T13:06:20.272+0000] {processor.py:161} INFO - Started process (PID=9615) to work on /home/airflow/.local/lib/python3.8/site-packages/airflow/example_dags/tutorial_dag.py
[2026-05-30T13:06:20.274+0000] {processor.py:830} INFO - Processing file /home/airflow/.local/lib/python3.8/site-packages/airflow/example_dags/tutorial_dag.py for tasks to queue
[2026-05-30T13:06:20.276+0000] {logging_mixin.py:188} INFO - [2026-05-30T13:06:20.275+0000] {dagbag.py:540} INFO - Filling up the DagBag from /home/airflow/.local/lib/python3.8/site-packages/airflow/example_dags/tutorial_dag.py
[2026-05-30T13:06:20.281+0000] {processor.py:840} INFO - DAG(s) 'tutorial_dag' retrieved from /home/airflow/.local/lib/python3.8/site-packages/airflow/example_dags/tutorial_dag.py
[2026-05-30T13:06:20.299+0000] {logging_mixin.py:188} INFO - [2026-05-30T13:06:20.299+0000] {dag.py:3047} INFO - Sync 1 DAGs
[2026-05-30T13:06:20.309+0000] {logging_mixin.py:188} INFO - [2026-05-30T13:06:20.309+0000] {dag.py:3834} INFO - Setting next_dagrun for tutorial_dag to None, run_after=None
[2026-05-30T13:06:20.326+0000] {processor.py:183} INFO - Processing /home/airflow/.local/lib/python3.8/site-packages/airflow/example_dags/tutorial_dag.py took 0.057 seconds
[2026-05-30T13:06:50.909+0000] {processor.py:161} INFO - Started process (PID=9671) to work on /home/airflow/.local/lib/python3.8/site-packages/airflow/example_dags/tutorial_dag.py
[2026-05-30T13:06:50.910+0000] {processor.py:830} INFO - Processing file /home/airflow/.local/lib/python3.8/site-packages/airflow/example_dags/tutorial_dag.py for tasks to queue
[2026-05-30T13:06:50.912+0000] {logging_mixin.py:188} INFO - [2026-05-30T13:06:50.911+0000] {dagbag.py:540} INFO - Filling up the DagBag from /home/airflow/.local/lib/python3.8/site-packages/airflow/example_dags/tutorial_dag.py
[2026-05-30T13:06:50.916+0000] {processor.py:840} INFO - DAG(s) 'tutorial_dag' retrieved from /home/airflow/.local/lib/python3.8/site-packages/airflow/example_dags/tutorial_dag.py
[2026-05-30T13:06:50.933+0000] {logging_mixin.py:188} INFO - [2026-05-30T13:06:50.933+0000] {dag.py:3047} INFO - Sync 1 DAGs
[2026-05-30T13:06:50.943+0000] {logging_mixin.py:188} INFO - [2026-05-30T13:06:50.943+0000] {dag.py:3834} INFO - Setting next_dagrun for tutorial_dag to None, run_after=None
[2026-05-30T13:06:50.960+0000] {processor.py:183} INFO - Processing /home/airflow/.local/lib/python3.8/site-packages/airflow/example_dags/tutorial_dag.py took 0.054 seconds
[2026-05-30T13:07:21.670+0000] {processor.py:161} INFO - Started process (PID=9727) to work on /home/airflow/.local/lib/python3.8/site-packages/airflow/example_dags/tutorial_dag.py
[2026-05-30T13:07:21.671+0000] {processor.py:830} INFO - Processing file /home/airflow/.local/lib/python3.8/site-packages/airflow/example_dags/tutorial_dag.py for tasks to queue
[2026-05-30T13:07:21.673+0000] {logging_mixin.py:188} INFO - [2026-05-30T13:07:21.673+0000] {dagbag.py:540} INFO - Filling up the DagBag from /home/airflow/.local/lib/python3.8/site-packages/airflow/example_dags/tutorial_dag.py
[2026-05-30T13:07:21.678+0000] {processor.py:840} INFO - DAG(s) 'tutorial_dag' retrieved from /home/airflow/.local/lib/python3.8/site-packages/airflow/example_dags/tutorial_dag.py
[2026-05-30T13:07:21.695+0000] {logging_mixin.py:188} INFO - [2026-05-30T13:07:21.695+0000] {dag.py:3047} INFO - Sync 1 DAGs
[2026-05-30T13:07:21.705+0000] {logging_mixin.py:188} INFO - [2026-05-30T13:07:21.705+0000] {dag.py:3834} INFO - Setting next_dagrun for tutorial_dag to None, run_after=None
[2026-05-30T13:07:21.726+0000] {processor.py:183} INFO - Processing /home/airflow/.local/lib/python3.8/site-packages/airflow/example_dags/tutorial_dag.py took 0.059 seconds
[2026-05-30T13:07:52.422+0000] {processor.py:161} INFO - Started process (PID=9783) to work on /home/airflow/.local/lib/python3.8/site-packages/airflow/example_dags/tutorial_dag.py
[2026-05-30T13:07:52.423+0000] {processor.py:830} INFO - Processing file /home/airflow/.local/lib/python3.8/site-packages/airflow/example_dags/tutorial_dag.py for tasks to queue
[2026-05-30T13:07:52.425+0000] {logging_mixin.py:188} INFO - [2026-05-30T13:07:52.425+0000] {dagbag.py:540} INFO - Filling up the DagBag from /home/airflow/.local/lib/python3.8/site-packages/airflow/example_dags/tutorial_dag.py
[2026-05-30T13:07:52.430+0000] {processor.py:840} INFO - DAG(s) 'tutorial_dag' retrieved from /home/airflow/.local/lib/python3.8/site-packages/airflow/example_dags/tutorial_dag.py
[2026-05-30T13:07:52.455+0000] {logging_mixin.py:188} INFO - [2026-05-30T13:07:52.454+0000] {dag.py:3047} INFO - Sync 1 DAGs
[2026-05-30T13:07:52.466+0000] {logging_mixin.py:188} INFO - [2026-05-30T13:07:52.466+0000] {dag.py:3834} INFO - Setting next_dagrun for tutorial_dag to None, run_after=None
[2026-05-30T13:07:52.488+0000] {processor.py:183} INFO - Processing /home/airflow/.local/lib/python3.8/site-packages/airflow/example_dags/tutorial_dag.py took 0.069 seconds
[2026-05-30T13:08:22.604+0000] {processor.py:161} INFO - Started process (PID=9839) to work on /home/airflow/.local/lib/python3.8/site-packages/airflow/example_dags/tutorial_dag.py
[2026-05-30T13:08:22.605+0000] {processor.py:830} INFO - Processing file /home/airflow/.local/lib/python3.8/site-packages/airflow/example_dags/tutorial_dag.py for tasks to queue
[2026-05-30T13:08:22.607+0000] {logging_mixin.py:188} INFO - [2026-05-30T13:08:22.607+0000] {dagbag.py:540} INFO - Filling up the DagBag from /home/airflow/.local/lib/python3.8/site-packages/airflow/example_dags/tutorial_dag.py
[2026-05-30T13:08:22.611+0000] {processor.py:840} INFO - DAG(s) 'tutorial_dag' retrieved from /home/airflow/.local/lib/python3.8/site-packages/airflow/example_dags/tutorial_dag.py
[2026-05-30T13:08:22.629+0000] {logging_mixin.py:188} INFO - [2026-05-30T13:08:22.629+0000] {dag.py:3047} INFO - Sync 1 DAGs
[2026-05-30T13:08:22.639+0000] {logging_mixin.py:188} INFO - [2026-05-30T13:08:22.639+0000] {dag.py:3834} INFO - Setting next_dagrun for tutorial_dag to None, run_after=None
[2026-05-30T13:08:22.659+0000] {processor.py:183} INFO - Processing /home/airflow/.local/lib/python3.8/site-packages/airflow/example_dags/tutorial_dag.py took 0.058 seconds
[2026-05-30T13:08:53.326+0000] {processor.py:161} INFO - Started process (PID=9894) to work on /home/airflow/.local/lib/python3.8/site-packages/airflow/example_dags/tutorial_dag.py
[2026-05-30T13:08:53.328+0000] {processor.py:830} INFO - Processing file /home/airflow/.local/lib/python3.8/site-packages/airflow/example_dags/tutorial_dag.py for tasks to queue
[2026-05-30T13:08:53.329+0000] {logging_mixin.py:188} INFO - [2026-05-30T13:08:53.329+0000] {dagbag.py:540} INFO - Filling up the DagBag from /home/airflow/.local/lib/python3.8/site-packages/airflow/example_dags/tutorial_dag.py
[2026-05-30T13:08:53.335+0000] {processor.py:840} INFO - DAG(s) 'tutorial_dag' retrieved from /home/airflow/.local/lib/python3.8/site-packages/airflow/example_dags/tutorial_dag.py
[2026-05-30T13:08:53.352+0000] {logging_mixin.py:188} INFO - [2026-05-30T13:08:53.352+0000] {dag.py:3047} INFO - Sync 1 DAGs
[2026-05-30T13:08:53.362+0000] {logging_mixin.py:188} INFO - [2026-05-30T13:08:53.362+0000] {dag.py:3834} INFO - Setting next_dagrun for tutorial_dag to None, run_after=None
[2026-05-30T13:08:53.382+0000] {processor.py:183} INFO - Processing /home/airflow/.local/lib/python3.8/site-packages/airflow/example_dags/tutorial_dag.py took 0.059 seconds
[2026-05-30T13:09:24.035+0000] {processor.py:161} INFO - Started process (PID=9950) to work on /home/airflow/.local/lib/python3.8/site-packages/airflow/example_dags/tutorial_dag.py
[2026-05-30T13:09:24.036+0000] {processor.py:830} INFO - Processing file /home/airflow/.local/lib/python3.8/site-packages/airflow/example_dags/tutorial_dag.py for tasks to queue
[2026-05-30T13:09:24.038+0000] {logging_mixin.py:188} INFO - [2026-05-30T13:09:24.038+0000] {dagbag.py:540} INFO - Filling up the DagBag from /home/airflow/.local/lib/python3.8/site-packages/airflow/example_dags/tutorial_dag.py
[2026-05-30T13:09:24.044+0000] {processor.py:840} INFO - DAG(s) 'tutorial_dag' retrieved from /home/airflow/.local/lib/python3.8/site-packages/airflow/example_dags/tutorial_dag.py
[2026-05-30T13:09:24.062+0000] {logging_mixin.py:188} INFO - [2026-05-30T13:09:24.062+0000] {dag.py:3047} INFO - Sync 1 DAGs
[2026-05-30T13:09:24.072+0000] {logging_mixin.py:188} INFO - [2026-05-30T13:09:24.072+0000] {dag.py:3834} INFO - Setting next_dagrun for tutorial_dag to None, run_after=None
[2026-05-30T13:09:24.090+0000] {processor.py:183} INFO - Processing /home/airflow/.local/lib/python3.8/site-packages/airflow/example_dags/tutorial_dag.py took 0.058 seconds
[2026-05-30T13:09:54.562+0000] {processor.py:161} INFO - Started process (PID=10006) to work on /home/airflow/.local/lib/python3.8/site-packages/airflow/example_dags/tutorial_dag.py
[2026-05-30T13:09:54.564+0000] {processor.py:830} INFO - Processing file /home/airflow/.local/lib/python3.8/site-packages/airflow/example_dags/tutorial_dag.py for tasks to queue
[2026-05-30T13:09:54.565+0000] {logging_mixin.py:188} INFO - [2026-05-30T13:09:54.565+0000] {dagbag.py:540} INFO - Filling up the DagBag from /home/airflow/.local/lib/python3.8/site-packages/airflow/example_dags/tutorial_dag.py
[2026-05-30T13:09:54.570+0000] {processor.py:840} INFO - DAG(s) 'tutorial_dag' retrieved from /home/airflow/.local/lib/python3.8/site-packages/airflow/example_dags/tutorial_dag.py
[2026-05-30T13:09:54.588+0000] {logging_mixin.py:188} INFO - [2026-05-30T13:09:54.588+0000] {dag.py:3047} INFO - Sync 1 DAGs
[2026-05-30T13:09:54.598+0000] {logging_mixin.py:188} INFO - [2026-05-30T13:09:54.598+0000] {dag.py:3834} INFO - Setting next_dagrun for tutorial_dag to None, run_after=None
[2026-05-30T13:09:54.617+0000] {processor.py:183} INFO - Processing /home/airflow/.local/lib/python3.8/site-packages/airflow/example_dags/tutorial_dag.py took 0.058 seconds
[2026-05-30T13:10:25.404+0000] {processor.py:161} INFO - Started process (PID=10062) to work on /home/airflow/.local/lib/python3.8/site-packages/airflow/example_dags/tutorial_dag.py
[2026-05-30T13:10:25.405+0000] {processor.py:830} INFO - Processing file /home/airflow/.local/lib/python3.8/site-packages/airflow/example_dags/tutorial_dag.py for tasks to queue
[2026-05-30T13:10:25.407+0000] {logging_mixin.py:188} INFO - [2026-05-30T13:10:25.407+0000] {dagbag.py:540} INFO - Filling up the DagBag from /home/airflow/.local/lib/python3.8/site-packages/airflow/example_dags/tutorial_dag.py
[2026-05-30T13:10:25.411+0000] {processor.py:840} INFO - DAG(s) 'tutorial_dag' retrieved from /home/airflow/.local/lib/python3.8/site-packages/airflow/example_dags/tutorial_dag.py
[2026-05-30T13:10:25.431+0000] {logging_mixin.py:188} INFO - [2026-05-30T13:10:25.431+0000] {dag.py:3047} INFO - Sync 1 DAGs
[2026-05-30T13:10:25.441+0000] {logging_mixin.py:188} INFO - [2026-05-30T13:10:25.441+0000] {dag.py:3834} INFO - Setting next_dagrun for tutorial_dag to None, run_after=None
[2026-05-30T13:10:25.464+0000] {processor.py:183} INFO - Processing /home/airflow/.local/lib/python3.8/site-packages/airflow/example_dags/tutorial_dag.py took 0.063 seconds
[2026-05-30T13:10:55.752+0000] {processor.py:161} INFO - Started process (PID=10119) to work on /home/airflow/.local/lib/python3.8/site-packages/airflow/example_dags/tutorial_dag.py
[2026-05-30T13:10:55.753+0000] {processor.py:830} INFO - Processing file /home/airflow/.local/lib/python3.8/site-packages/airflow/example_dags/tutorial_dag.py for tasks to queue
[2026-05-30T13:10:55.756+0000] {logging_mixin.py:188} INFO - [2026-05-30T13:10:55.756+0000] {dagbag.py:540} INFO - Filling up the DagBag from /home/airflow/.local/lib/python3.8/site-packages/airflow/example_dags/tutorial_dag.py
[2026-05-30T13:10:55.762+0000] {processor.py:840} INFO - DAG(s) 'tutorial_dag' retrieved from /home/airflow/.local/lib/python3.8/site-packages/airflow/example_dags/tutorial_dag.py
[2026-05-30T13:10:55.780+0000] {logging_mixin.py:188} INFO - [2026-05-30T13:10:55.780+0000] {dag.py:3047} INFO - Sync 1 DAGs
[2026-05-30T13:10:55.790+0000] {logging_mixin.py:188} INFO - [2026-05-30T13:10:55.790+0000] {dag.py:3834} INFO - Setting next_dagrun for tutorial_dag to None, run_after=None
[2026-05-30T13:10:55.808+0000] {processor.py:183} INFO - Processing /home/airflow/.local/lib/python3.8/site-packages/airflow/example_dags/tutorial_dag.py took 0.060 seconds
[2026-05-30T13:11:26.262+0000] {processor.py:161} INFO - Started process (PID=10175) to work on /home/airflow/.local/lib/python3.8/site-packages/airflow/example_dags/tutorial_dag.py
[2026-05-30T13:11:26.263+0000] {processor.py:830} INFO - Processing file /home/airflow/.local/lib/python3.8/site-packages/airflow/example_dags/tutorial_dag.py for tasks to queue
[2026-05-30T13:11:26.265+0000] {logging_mixin.py:188} INFO - [2026-05-30T13:11:26.265+0000] {dagbag.py:540} INFO - Filling up the DagBag from /home/airflow/.local/lib/python3.8/site-packages/airflow/example_dags/tutorial_dag.py
[2026-05-30T13:11:26.269+0000] {processor.py:840} INFO - DAG(s) 'tutorial_dag' retrieved from /home/airflow/.local/lib/python3.8/site-packages/airflow/example_dags/tutorial_dag.py
[2026-05-30T13:11:26.287+0000] {logging_mixin.py:188} INFO - [2026-05-30T13:11:26.286+0000] {dag.py:3047} INFO - Sync 1 DAGs
[2026-05-30T13:11:26.297+0000] {logging_mixin.py:188} INFO - [2026-05-30T13:11:26.297+0000] {dag.py:3834} INFO - Setting next_dagrun for tutorial_dag to None, run_after=None
[2026-05-30T13:11:26.318+0000] {processor.py:183} INFO - Processing /home/airflow/.local/lib/python3.8/site-packages/airflow/example_dags/tutorial_dag.py took 0.059 seconds
[2026-05-30T13:11:56.620+0000] {processor.py:161} INFO - Started process (PID=10231) to work on /home/airflow/.local/lib/python3.8/site-packages/airflow/example_dags/tutorial_dag.py
[2026-05-30T13:11:56.622+0000] {processor.py:830} INFO - Processing file /home/airflow/.local/lib/python3.8/site-packages/airflow/example_dags/tutorial_dag.py for tasks to queue
[2026-05-30T13:11:56.624+0000] {logging_mixin.py:188} INFO - [2026-05-30T13:11:56.623+0000] {dagbag.py:540} INFO - Filling up the DagBag from /home/airflow/.local/lib/python3.8/site-packages/airflow/example_dags/tutorial_dag.py
[2026-05-30T13:11:56.628+0000] {processor.py:840} INFO - DAG(s) 'tutorial_dag' retrieved from /home/airflow/.local/lib/python3.8/site-packages/airflow/example_dags/tutorial_dag.py
[2026-05-30T13:11:56.645+0000] {logging_mixin.py:188} INFO - [2026-05-30T13:11:56.645+0000] {dag.py:3047} INFO - Sync 1 DAGs
[2026-05-30T13:11:56.655+0000] {logging_mixin.py:188} INFO - [2026-05-30T13:11:56.655+0000] {dag.py:3834} INFO - Setting next_dagrun for tutorial_dag to None, run_after=None
[2026-05-30T13:11:56.675+0000] {processor.py:183} INFO - Processing /home/airflow/.local/lib/python3.8/site-packages/airflow/example_dags/tutorial_dag.py took 0.057 seconds
[2026-05-30T13:12:26.863+0000] {processor.py:161} INFO - Started process (PID=10287) to work on /home/airflow/.local/lib/python3.8/site-packages/airflow/example_dags/tutorial_dag.py
[2026-05-30T13:12:26.865+0000] {processor.py:830} INFO - Processing file /home/airflow/.local/lib/python3.8/site-packages/airflow/example_dags/tutorial_dag.py for tasks to queue
[2026-05-30T13:12:26.866+0000] {logging_mixin.py:188} INFO - [2026-05-30T13:12:26.866+0000] {dagbag.py:540} INFO - Filling up the DagBag from /home/airflow/.local/lib/python3.8/site-packages/airflow/example_dags/tutorial_dag.py
[2026-05-30T13:12:26.872+0000] {processor.py:840} INFO - DAG(s) 'tutorial_dag' retrieved from /home/airflow/.local/lib/python3.8/site-packages/airflow/example_dags/tutorial_dag.py
[2026-05-30T13:12:26.892+0000] {logging_mixin.py:188} INFO - [2026-05-30T13:12:26.892+0000] {dag.py:3047} INFO - Sync 1 DAGs
[2026-05-30T13:12:26.904+0000] {logging_mixin.py:188} INFO - [2026-05-30T13:12:26.904+0000] {dag.py:3834} INFO - Setting next_dagrun for tutorial_dag to None, run_after=None
[2026-05-30T13:12:26.929+0000] {processor.py:183} INFO - Processing /home/airflow/.local/lib/python3.8/site-packages/airflow/example_dags/tutorial_dag.py took 0.070 seconds
[2026-05-30T13:12:57.477+0000] {processor.py:161} INFO - Started process (PID=10343) to work on /home/airflow/.local/lib/python3.8/site-packages/airflow/example_dags/tutorial_dag.py
[2026-05-30T13:12:57.479+0000] {processor.py:830} INFO - Processing file /home/airflow/.local/lib/python3.8/site-packages/airflow/example_dags/tutorial_dag.py for tasks to queue
[2026-05-30T13:12:57.482+0000] {logging_mixin.py:188} INFO - [2026-05-30T13:12:57.481+0000] {dagbag.py:540} INFO - Filling up the DagBag from /home/airflow/.local/lib/python3.8/site-packages/airflow/example_dags/tutorial_dag.py
[2026-05-30T13:12:57.487+0000] {processor.py:840} INFO - DAG(s) 'tutorial_dag' retrieved from /home/airflow/.local/lib/python3.8/site-packages/airflow/example_dags/tutorial_dag.py
[2026-05-30T13:12:57.505+0000] {logging_mixin.py:188} INFO - [2026-05-30T13:12:57.504+0000] {dag.py:3047} INFO - Sync 1 DAGs
[2026-05-30T13:12:57.515+0000] {logging_mixin.py:188} INFO - [2026-05-30T13:12:57.514+0000] {dag.py:3834} INFO - Setting next_dagrun for tutorial_dag to None, run_after=None
[2026-05-30T13:12:57.538+0000] {processor.py:183} INFO - Processing /home/airflow/.local/lib/python3.8/site-packages/airflow/example_dags/tutorial_dag.py took 0.063 seconds
[2026-05-30T13:13:27.676+0000] {processor.py:161} INFO - Started process (PID=10399) to work on /home/airflow/.local/lib/python3.8/site-packages/airflow/example_dags/tutorial_dag.py
[2026-05-30T13:13:27.677+0000] {processor.py:830} INFO - Processing file /home/airflow/.local/lib/python3.8/site-packages/airflow/example_dags/tutorial_dag.py for tasks to queue
[2026-05-30T13:13:27.679+0000] {logging_mixin.py:188} INFO - [2026-05-30T13:13:27.679+0000] {dagbag.py:540} INFO - Filling up the DagBag from /home/airflow/.local/lib/python3.8/site-packages/airflow/example_dags/tutorial_dag.py
[2026-05-30T13:13:27.684+0000] {processor.py:840} INFO - DAG(s) 'tutorial_dag' retrieved from /home/airflow/.local/lib/python3.8/site-packages/airflow/example_dags/tutorial_dag.py
[2026-05-30T13:13:27.701+0000] {logging_mixin.py:188} INFO - [2026-05-30T13:13:27.701+0000] {dag.py:3047} INFO - Sync 1 DAGs
[2026-05-30T13:13:27.711+0000] {logging_mixin.py:188} INFO - [2026-05-30T13:13:27.710+0000] {dag.py:3834} INFO - Setting next_dagrun for tutorial_dag to None, run_after=None
[2026-05-30T13:13:27.729+0000] {processor.py:183} INFO - Processing /home/airflow/.local/lib/python3.8/site-packages/airflow/example_dags/tutorial_dag.py took 0.055 seconds
[2026-05-30T13:13:58.246+0000] {processor.py:161} INFO - Started process (PID=10455) to work on /home/airflow/.local/lib/python3.8/site-packages/airflow/example_dags/tutorial_dag.py
[2026-05-30T13:13:58.249+0000] {processor.py:830} INFO - Processing file /home/airflow/.local/lib/python3.8/site-packages/airflow/example_dags/tutorial_dag.py for tasks to queue
[2026-05-30T13:13:58.252+0000] {logging_mixin.py:188} INFO - [2026-05-30T13:13:58.251+0000] {dagbag.py:540} INFO - Filling up the DagBag from /home/airflow/.local/lib/python3.8/site-packages/airflow/example_dags/tutorial_dag.py
[2026-05-30T13:13:58.258+0000] {processor.py:840} INFO - DAG(s) 'tutorial_dag' retrieved from /home/airflow/.local/lib/python3.8/site-packages/airflow/example_dags/tutorial_dag.py
[2026-05-30T13:13:58.293+0000] {logging_mixin.py:188} INFO - [2026-05-30T13:13:58.292+0000] {dag.py:3047} INFO - Sync 1 DAGs
[2026-05-30T13:13:58.310+0000] {logging_mixin.py:188} INFO - [2026-05-30T13:13:58.310+0000] {dag.py:3834} INFO - Setting next_dagrun for tutorial_dag to None, run_after=None
[2026-05-30T13:13:58.342+0000] {processor.py:183} INFO - Processing /home/airflow/.local/lib/python3.8/site-packages/airflow/example_dags/tutorial_dag.py took 0.102 seconds
[2026-05-30T13:14:28.935+0000] {processor.py:161} INFO - Started process (PID=10511) to work on /home/airflow/.local/lib/python3.8/site-packages/airflow/example_dags/tutorial_dag.py
[2026-05-30T13:14:28.936+0000] {processor.py:830} INFO - Processing file /home/airflow/.local/lib/python3.8/site-packages/airflow/example_dags/tutorial_dag.py for tasks to queue
[2026-05-30T13:14:28.938+0000] {logging_mixin.py:188} INFO - [2026-05-30T13:14:28.938+0000] {dagbag.py:540} INFO - Filling up the DagBag from /home/airflow/.local/lib/python3.8/site-packages/airflow/example_dags/tutorial_dag.py
[2026-05-30T13:14:28.943+0000] {processor.py:840} INFO - DAG(s) 'tutorial_dag' retrieved from /home/airflow/.local/lib/python3.8/site-packages/airflow/example_dags/tutorial_dag.py
[2026-05-30T13:14:28.960+0000] {logging_mixin.py:188} INFO - [2026-05-30T13:14:28.960+0000] {dag.py:3047} INFO - Sync 1 DAGs
[2026-05-30T13:14:28.971+0000] {logging_mixin.py:188} INFO - [2026-05-30T13:14:28.970+0000] {dag.py:3834} INFO - Setting next_dagrun for tutorial_dag to None, run_after=None
[2026-05-30T13:14:28.989+0000] {processor.py:183} INFO - Processing /home/airflow/.local/lib/python3.8/site-packages/airflow/example_dags/tutorial_dag.py took 0.057 seconds
[2026-05-30T13:14:59.305+0000] {processor.py:161} INFO - Started process (PID=10567) to work on /home/airflow/.local/lib/python3.8/site-packages/airflow/example_dags/tutorial_dag.py
[2026-05-30T13:14:59.307+0000] {processor.py:830} INFO - Processing file /home/airflow/.local/lib/python3.8/site-packages/airflow/example_dags/tutorial_dag.py for tasks to queue
[2026-05-30T13:14:59.308+0000] {logging_mixin.py:188} INFO - [2026-05-30T13:14:59.308+0000] {dagbag.py:540} INFO - Filling up the DagBag from /home/airflow/.local/lib/python3.8/site-packages/airflow/example_dags/tutorial_dag.py
[2026-05-30T13:14:59.313+0000] {processor.py:840} INFO - DAG(s) 'tutorial_dag' retrieved from /home/airflow/.local/lib/python3.8/site-packages/airflow/example_dags/tutorial_dag.py
[2026-05-30T13:14:59.336+0000] {logging_mixin.py:188} INFO - [2026-05-30T13:14:59.336+0000] {dag.py:3047} INFO - Sync 1 DAGs
[2026-05-30T13:14:59.349+0000] {logging_mixin.py:188} INFO - [2026-05-30T13:14:59.349+0000] {dag.py:3834} INFO - Setting next_dagrun for tutorial_dag to None, run_after=None
[2026-05-30T13:14:59.372+0000] {processor.py:183} INFO - Processing /home/airflow/.local/lib/python3.8/site-packages/airflow/example_dags/tutorial_dag.py took 0.070 seconds
[2026-05-30T13:15:29.808+0000] {processor.py:161} INFO - Started process (PID=10623) to work on /home/airflow/.local/lib/python3.8/site-packages/airflow/example_dags/tutorial_dag.py
[2026-05-30T13:15:29.811+0000] {processor.py:830} INFO - Processing file /home/airflow/.local/lib/python3.8/site-packages/airflow/example_dags/tutorial_dag.py for tasks to queue
[2026-05-30T13:15:29.815+0000] {logging_mixin.py:188} INFO - [2026-05-30T13:15:29.815+0000] {dagbag.py:540} INFO - Filling up the DagBag from /home/airflow/.local/lib/python3.8/site-packages/airflow/example_dags/tutorial_dag.py
[2026-05-30T13:15:29.825+0000] {processor.py:840} INFO - DAG(s) 'tutorial_dag' retrieved from /home/airflow/.local/lib/python3.8/site-packages/airflow/example_dags/tutorial_dag.py
[2026-05-30T13:15:29.855+0000] {logging_mixin.py:188} INFO - [2026-05-30T13:15:29.855+0000] {dag.py:3047} INFO - Sync 1 DAGs
[2026-05-30T13:15:29.866+0000] {logging_mixin.py:188} INFO - [2026-05-30T13:15:29.865+0000] {dag.py:3834} INFO - Setting next_dagrun for tutorial_dag to None, run_after=None
[2026-05-30T13:15:29.886+0000] {processor.py:183} INFO - Processing /home/airflow/.local/lib/python3.8/site-packages/airflow/example_dags/tutorial_dag.py took 0.085 seconds
[2026-05-30T13:16:00.280+0000] {processor.py:161} INFO - Started process (PID=10679) to work on /home/airflow/.local/lib/python3.8/site-packages/airflow/example_dags/tutorial_dag.py
[2026-05-30T13:16:00.282+0000] {processor.py:830} INFO - Processing file /home/airflow/.local/lib/python3.8/site-packages/airflow/example_dags/tutorial_dag.py for tasks to queue
[2026-05-30T13:16:00.283+0000] {logging_mixin.py:188} INFO - [2026-05-30T13:16:00.283+0000] {dagbag.py:540} INFO - Filling up the DagBag from /home/airflow/.local/lib/python3.8/site-packages/airflow/example_dags/tutorial_dag.py
[2026-05-30T13:16:00.288+0000] {processor.py:840} INFO - DAG(s) 'tutorial_dag' retrieved from /home/airflow/.local/lib/python3.8/site-packages/airflow/example_dags/tutorial_dag.py
[2026-05-30T13:16:00.306+0000] {logging_mixin.py:188} INFO - [2026-05-30T13:16:00.306+0000] {dag.py:3047} INFO - Sync 1 DAGs
[2026-05-30T13:16:00.317+0000] {logging_mixin.py:188} INFO - [2026-05-30T13:16:00.316+0000] {dag.py:3834} INFO - Setting next_dagrun for tutorial_dag to None, run_after=None
[2026-05-30T13:16:00.339+0000] {processor.py:183} INFO - Processing /home/airflow/.local/lib/python3.8/site-packages/airflow/example_dags/tutorial_dag.py took 0.062 seconds
[2026-05-30T13:16:30.735+0000] {processor.py:161} INFO - Started process (PID=10735) to work on /home/airflow/.local/lib/python3.8/site-packages/airflow/example_dags/tutorial_dag.py
[2026-05-30T13:16:30.737+0000] {processor.py:830} INFO - Processing file /home/airflow/.local/lib/python3.8/site-packages/airflow/example_dags/tutorial_dag.py for tasks to queue
[2026-05-30T13:16:30.739+0000] {logging_mixin.py:188} INFO - [2026-05-30T13:16:30.739+0000] {dagbag.py:540} INFO - Filling up the DagBag from /home/airflow/.local/lib/python3.8/site-packages/airflow/example_dags/tutorial_dag.py
[2026-05-30T13:16:30.745+0000] {processor.py:840} INFO - DAG(s) 'tutorial_dag' retrieved from /home/airflow/.local/lib/python3.8/site-packages/airflow/example_dags/tutorial_dag.py
[2026-05-30T13:16:30.767+0000] {logging_mixin.py:188} INFO - [2026-05-30T13:16:30.767+0000] {dag.py:3047} INFO - Sync 1 DAGs
[2026-05-30T13:16:30.778+0000] {logging_mixin.py:188} INFO - [2026-05-30T13:16:30.778+0000] {dag.py:3834} INFO - Setting next_dagrun for tutorial_dag to None, run_after=None
[2026-05-30T13:16:30.806+0000] {processor.py:183} INFO - Processing /home/airflow/.local/lib/python3.8/site-packages/airflow/example_dags/tutorial_dag.py took 0.075 seconds
[2026-05-30T13:17:01.294+0000] {processor.py:161} INFO - Started process (PID=10791) to work on /home/airflow/.local/lib/python3.8/site-packages/airflow/example_dags/tutorial_dag.py
[2026-05-30T13:17:01.295+0000] {processor.py:830} INFO - Processing file /home/airflow/.local/lib/python3.8/site-packages/airflow/example_dags/tutorial_dag.py for tasks to queue
[2026-05-30T13:17:01.299+0000] {logging_mixin.py:188} INFO - [2026-05-30T13:17:01.298+0000] {dagbag.py:540} INFO - Filling up the DagBag from /home/airflow/.local/lib/python3.8/site-packages/airflow/example_dags/tutorial_dag.py
[2026-05-30T13:17:01.306+0000] {processor.py:840} INFO - DAG(s) 'tutorial_dag' retrieved from /home/airflow/.local/lib/python3.8/site-packages/airflow/example_dags/tutorial_dag.py
[2026-05-30T13:17:01.332+0000] {logging_mixin.py:188} INFO - [2026-05-30T13:17:01.332+0000] {dag.py:3047} INFO - Sync 1 DAGs
[2026-05-30T13:17:01.344+0000] {logging_mixin.py:188} INFO - [2026-05-30T13:17:01.343+0000] {dag.py:3834} INFO - Setting next_dagrun for tutorial_dag to None, run_after=None
[2026-05-30T13:17:01.369+0000] {processor.py:183} INFO - Processing /home/airflow/.local/lib/python3.8/site-packages/airflow/example_dags/tutorial_dag.py took 0.079 seconds
[2026-05-30T13:17:31.759+0000] {processor.py:161} INFO - Started process (PID=10847) to work on /home/airflow/.local/lib/python3.8/site-packages/airflow/example_dags/tutorial_dag.py
[2026-05-30T13:17:31.761+0000] {processor.py:830} INFO - Processing file /home/airflow/.local/lib/python3.8/site-packages/airflow/example_dags/tutorial_dag.py for tasks to queue
[2026-05-30T13:17:31.766+0000] {logging_mixin.py:188} INFO - [2026-05-30T13:17:31.766+0000] {dagbag.py:540} INFO - Filling up the DagBag from /home/airflow/.local/lib/python3.8/site-packages/airflow/example_dags/tutorial_dag.py
[2026-05-30T13:17:31.772+0000] {processor.py:840} INFO - DAG(s) 'tutorial_dag' retrieved from /home/airflow/.local/lib/python3.8/site-packages/airflow/example_dags/tutorial_dag.py
[2026-05-30T13:17:31.789+0000] {logging_mixin.py:188} INFO - [2026-05-30T13:17:31.789+0000] {dag.py:3047} INFO - Sync 1 DAGs
[2026-05-30T13:17:31.799+0000] {logging_mixin.py:188} INFO - [2026-05-30T13:17:31.799+0000] {dag.py:3834} INFO - Setting next_dagrun for tutorial_dag to None, run_after=None
[2026-05-30T13:17:31.820+0000] {processor.py:183} INFO - Processing /home/airflow/.local/lib/python3.8/site-packages/airflow/example_dags/tutorial_dag.py took 0.064 seconds
[2026-05-30T13:18:02.198+0000] {processor.py:161} INFO - Started process (PID=10903) to work on /home/airflow/.local/lib/python3.8/site-packages/airflow/example_dags/tutorial_dag.py
[2026-05-30T13:18:02.199+0000] {processor.py:830} INFO - Processing file /home/airflow/.local/lib/python3.8/site-packages/airflow/example_dags/tutorial_dag.py for tasks to queue
[2026-05-30T13:18:02.201+0000] {logging_mixin.py:188} INFO - [2026-05-30T13:18:02.201+0000] {dagbag.py:540} INFO - Filling up the DagBag from /home/airflow/.local/lib/python3.8/site-packages/airflow/example_dags/tutorial_dag.py
[2026-05-30T13:18:02.206+0000] {processor.py:840} INFO - DAG(s) 'tutorial_dag' retrieved from /home/airflow/.local/lib/python3.8/site-packages/airflow/example_dags/tutorial_dag.py
[2026-05-30T13:18:02.224+0000] {logging_mixin.py:188} INFO - [2026-05-30T13:18:02.224+0000] {dag.py:3047} INFO - Sync 1 DAGs
[2026-05-30T13:18:02.234+0000] {logging_mixin.py:188} INFO - [2026-05-30T13:18:02.234+0000] {dag.py:3834} INFO - Setting next_dagrun for tutorial_dag to None, run_after=None
[2026-05-30T13:18:02.255+0000] {processor.py:183} INFO - Processing /home/airflow/.local/lib/python3.8/site-packages/airflow/example_dags/tutorial_dag.py took 0.060 seconds
[2026-05-30T13:18:32.544+0000] {processor.py:161} INFO - Started process (PID=10959) to work on /home/airflow/.local/lib/python3.8/site-packages/airflow/example_dags/tutorial_dag.py
[2026-05-30T13:18:32.546+0000] {processor.py:830} INFO - Processing file /home/airflow/.local/lib/python3.8/site-packages/airflow/example_dags/tutorial_dag.py for tasks to queue
[2026-05-30T13:18:32.547+0000] {logging_mixin.py:188} INFO - [2026-05-30T13:18:32.547+0000] {dagbag.py:540} INFO - Filling up the DagBag from /home/airflow/.local/lib/python3.8/site-packages/airflow/example_dags/tutorial_dag.py
[2026-05-30T13:18:32.552+0000] {processor.py:840} INFO - DAG(s) 'tutorial_dag' retrieved from /home/airflow/.local/lib/python3.8/site-packages/airflow/example_dags/tutorial_dag.py
[2026-05-30T13:18:32.569+0000] {logging_mixin.py:188} INFO - [2026-05-30T13:18:32.569+0000] {dag.py:3047} INFO - Sync 1 DAGs
[2026-05-30T13:18:32.580+0000] {logging_mixin.py:188} INFO - [2026-05-30T13:18:32.580+0000] {dag.py:3834} INFO - Setting next_dagrun for tutorial_dag to None, run_after=None
[2026-05-30T13:18:32.602+0000] {processor.py:183} INFO - Processing /home/airflow/.local/lib/python3.8/site-packages/airflow/example_dags/tutorial_dag.py took 0.060 seconds
[2026-05-30T13:19:03.185+0000] {processor.py:161} INFO - Started process (PID=11015) to work on /home/airflow/.local/lib/python3.8/site-packages/airflow/example_dags/tutorial_dag.py
[2026-05-30T13:19:03.187+0000] {processor.py:830} INFO - Processing file /home/airflow/.local/lib/python3.8/site-packages/airflow/example_dags/tutorial_dag.py for tasks to queue
[2026-05-30T13:19:03.189+0000] {logging_mixin.py:188} INFO - [2026-05-30T13:19:03.189+0000] {dagbag.py:540} INFO - Filling up the DagBag from /home/airflow/.local/lib/python3.8/site-packages/airflow/example_dags/tutorial_dag.py
[2026-05-30T13:19:03.198+0000] {processor.py:840} INFO - DAG(s) 'tutorial_dag' retrieved from /home/airflow/.local/lib/python3.8/site-packages/airflow/example_dags/tutorial_dag.py
[2026-05-30T13:19:03.223+0000] {logging_mixin.py:188} INFO - [2026-05-30T13:19:03.223+0000] {dag.py:3047} INFO - Sync 1 DAGs
[2026-05-30T13:19:03.241+0000] {logging_mixin.py:188} INFO - [2026-05-30T13:19:03.240+0000] {dag.py:3834} INFO - Setting next_dagrun for tutorial_dag to None, run_after=None
[2026-05-30T13:19:03.277+0000] {processor.py:183} INFO - Processing /home/airflow/.local/lib/python3.8/site-packages/airflow/example_dags/tutorial_dag.py took 0.097 seconds
[2026-05-30T13:19:33.612+0000] {processor.py:161} INFO - Started process (PID=11071) to work on /home/airflow/.local/lib/python3.8/site-packages/airflow/example_dags/tutorial_dag.py
[2026-05-30T13:19:33.613+0000] {processor.py:830} INFO - Processing file /home/airflow/.local/lib/python3.8/site-packages/airflow/example_dags/tutorial_dag.py for tasks to queue
[2026-05-30T13:19:33.615+0000] {logging_mixin.py:188} INFO - [2026-05-30T13:19:33.615+0000] {dagbag.py:540} INFO - Filling up the DagBag from /home/airflow/.local/lib/python3.8/site-packages/airflow/example_dags/tutorial_dag.py
[2026-05-30T13:19:33.620+0000] {processor.py:840} INFO - DAG(s) 'tutorial_dag' retrieved from /home/airflow/.local/lib/python3.8/site-packages/airflow/example_dags/tutorial_dag.py
[2026-05-30T13:19:33.637+0000] {logging_mixin.py:188} INFO - [2026-05-30T13:19:33.637+0000] {dag.py:3047} INFO - Sync 1 DAGs
[2026-05-30T13:19:33.648+0000] {logging_mixin.py:188} INFO - [2026-05-30T13:19:33.647+0000] {dag.py:3834} INFO - Setting next_dagrun for tutorial_dag to None, run_after=None
[2026-05-30T13:19:33.668+0000] {processor.py:183} INFO - Processing /home/airflow/.local/lib/python3.8/site-packages/airflow/example_dags/tutorial_dag.py took 0.058 seconds
[2026-05-30T13:20:04.390+0000] {processor.py:161} INFO - Started process (PID=11127) to work on /home/airflow/.local/lib/python3.8/site-packages/airflow/example_dags/tutorial_dag.py
[2026-05-30T13:20:04.393+0000] {processor.py:830} INFO - Processing file /home/airflow/.local/lib/python3.8/site-packages/airflow/example_dags/tutorial_dag.py for tasks to queue
[2026-05-30T13:20:04.397+0000] {logging_mixin.py:188} INFO - [2026-05-30T13:20:04.396+0000] {dagbag.py:540} INFO - Filling up the DagBag from /home/airflow/.local/lib/python3.8/site-packages/airflow/example_dags/tutorial_dag.py
[2026-05-30T13:20:04.409+0000] {processor.py:840} INFO - DAG(s) 'tutorial_dag' retrieved from /home/airflow/.local/lib/python3.8/site-packages/airflow/example_dags/tutorial_dag.py
[2026-05-30T13:20:04.454+0000] {logging_mixin.py:188} INFO - [2026-05-30T13:20:04.453+0000] {dag.py:3047} INFO - Sync 1 DAGs
[2026-05-30T13:20:04.476+0000] {logging_mixin.py:188} INFO - [2026-05-30T13:20:04.475+0000] {dag.py:3834} INFO - Setting next_dagrun for tutorial_dag to None, run_after=None
[2026-05-30T13:20:04.525+0000] {processor.py:183} INFO - Processing /home/airflow/.local/lib/python3.8/site-packages/airflow/example_dags/tutorial_dag.py took 0.144 seconds
[2026-05-30T13:20:35.353+0000] {processor.py:161} INFO - Started process (PID=11183) to work on /home/airflow/.local/lib/python3.8/site-packages/airflow/example_dags/tutorial_dag.py
[2026-05-30T13:20:35.354+0000] {processor.py:830} INFO - Processing file /home/airflow/.local/lib/python3.8/site-packages/airflow/example_dags/tutorial_dag.py for tasks to queue
[2026-05-30T13:20:35.357+0000] {logging_mixin.py:188} INFO - [2026-05-30T13:20:35.356+0000] {dagbag.py:540} INFO - Filling up the DagBag from /home/airflow/.local/lib/python3.8/site-packages/airflow/example_dags/tutorial_dag.py
[2026-05-30T13:20:35.362+0000] {processor.py:840} INFO - DAG(s) 'tutorial_dag' retrieved from /home/airflow/.local/lib/python3.8/site-packages/airflow/example_dags/tutorial_dag.py
[2026-05-30T13:20:35.380+0000] {logging_mixin.py:188} INFO - [2026-05-30T13:20:35.380+0000] {dag.py:3047} INFO - Sync 1 DAGs
[2026-05-30T13:20:35.390+0000] {logging_mixin.py:188} INFO - [2026-05-30T13:20:35.390+0000] {dag.py:3834} INFO - Setting next_dagrun for tutorial_dag to None, run_after=None
[2026-05-30T13:20:35.410+0000] {processor.py:183} INFO - Processing /home/airflow/.local/lib/python3.8/site-packages/airflow/example_dags/tutorial_dag.py took 0.059 seconds
[2026-05-30T13:21:05.899+0000] {processor.py:161} INFO - Started process (PID=11239) to work on /home/airflow/.local/lib/python3.8/site-packages/airflow/example_dags/tutorial_dag.py
[2026-05-30T13:21:05.901+0000] {processor.py:830} INFO - Processing file /home/airflow/.local/lib/python3.8/site-packages/airflow/example_dags/tutorial_dag.py for tasks to queue
[2026-05-30T13:21:05.904+0000] {logging_mixin.py:188} INFO - [2026-05-30T13:21:05.903+0000] {dagbag.py:540} INFO - Filling up the DagBag from /home/airflow/.local/lib/python3.8/site-packages/airflow/example_dags/tutorial_dag.py
[2026-05-30T13:21:05.909+0000] {processor.py:840} INFO - DAG(s) 'tutorial_dag' retrieved from /home/airflow/.local/lib/python3.8/site-packages/airflow/example_dags/tutorial_dag.py
[2026-05-30T13:21:05.927+0000] {logging_mixin.py:188} INFO - [2026-05-30T13:21:05.927+0000] {dag.py:3047} INFO - Sync 1 DAGs
[2026-05-30T13:21:05.938+0000] {logging_mixin.py:188} INFO - [2026-05-30T13:21:05.938+0000] {dag.py:3834} INFO - Setting next_dagrun for tutorial_dag to None, run_after=None
[2026-05-30T13:21:05.956+0000] {processor.py:183} INFO - Processing /home/airflow/.local/lib/python3.8/site-packages/airflow/example_dags/tutorial_dag.py took 0.059 seconds
[2026-05-30T13:21:36.066+0000] {processor.py:161} INFO - Started process (PID=11294) to work on /home/airflow/.local/lib/python3.8/site-packages/airflow/example_dags/tutorial_dag.py
[2026-05-30T13:21:36.069+0000] {processor.py:830} INFO - Processing file /home/airflow/.local/lib/python3.8/site-packages/airflow/example_dags/tutorial_dag.py for tasks to queue
[2026-05-30T13:21:36.075+0000] {logging_mixin.py:188} INFO - [2026-05-30T13:21:36.074+0000] {dagbag.py:540} INFO - Filling up the DagBag from /home/airflow/.local/lib/python3.8/site-packages/airflow/example_dags/tutorial_dag.py
[2026-05-30T13:21:36.080+0000] {processor.py:840} INFO - DAG(s) 'tutorial_dag' retrieved from /home/airflow/.local/lib/python3.8/site-packages/airflow/example_dags/tutorial_dag.py
[2026-05-30T13:21:36.097+0000] {logging_mixin.py:188} INFO - [2026-05-30T13:21:36.096+0000] {dag.py:3047} INFO - Sync 1 DAGs
[2026-05-30T13:21:36.106+0000] {logging_mixin.py:188} INFO - [2026-05-30T13:21:36.106+0000] {dag.py:3834} INFO - Setting next_dagrun for tutorial_dag to None, run_after=None
[2026-05-30T13:21:36.122+0000] {processor.py:183} INFO - Processing /home/airflow/.local/lib/python3.8/site-packages/airflow/example_dags/tutorial_dag.py took 0.059 seconds
[2026-05-30T13:22:06.239+0000] {processor.py:161} INFO - Started process (PID=11350) to work on /home/airflow/.local/lib/python3.8/site-packages/airflow/example_dags/tutorial_dag.py
[2026-05-30T13:22:06.241+0000] {processor.py:830} INFO - Processing file /home/airflow/.local/lib/python3.8/site-packages/airflow/example_dags/tutorial_dag.py for tasks to queue
[2026-05-30T13:22:06.243+0000] {logging_mixin.py:188} INFO - [2026-05-30T13:22:06.243+0000] {dagbag.py:540} INFO - Filling up the DagBag from /home/airflow/.local/lib/python3.8/site-packages/airflow/example_dags/tutorial_dag.py
[2026-05-30T13:22:06.248+0000] {processor.py:840} INFO - DAG(s) 'tutorial_dag' retrieved from /home/airflow/.local/lib/python3.8/site-packages/airflow/example_dags/tutorial_dag.py
[2026-05-30T13:22:06.265+0000] {logging_mixin.py:188} INFO - [2026-05-30T13:22:06.264+0000] {dag.py:3047} INFO - Sync 1 DAGs
[2026-05-30T13:22:06.274+0000] {logging_mixin.py:188} INFO - [2026-05-30T13:22:06.274+0000] {dag.py:3834} INFO - Setting next_dagrun for tutorial_dag to None, run_after=None
[2026-05-30T13:22:06.293+0000] {processor.py:183} INFO - Processing /home/airflow/.local/lib/python3.8/site-packages/airflow/example_dags/tutorial_dag.py took 0.057 seconds
[2026-05-30T13:22:36.648+0000] {processor.py:161} INFO - Started process (PID=11406) to work on /home/airflow/.local/lib/python3.8/site-packages/airflow/example_dags/tutorial_dag.py
[2026-05-30T13:22:36.649+0000] {processor.py:830} INFO - Processing file /home/airflow/.local/lib/python3.8/site-packages/airflow/example_dags/tutorial_dag.py for tasks to queue
[2026-05-30T13:22:36.652+0000] {logging_mixin.py:188} INFO - [2026-05-30T13:22:36.651+0000] {dagbag.py:540} INFO - Filling up the DagBag from /home/airflow/.local/lib/python3.8/site-packages/airflow/example_dags/tutorial_dag.py
[2026-05-30T13:22:36.657+0000] {processor.py:840} INFO - DAG(s) 'tutorial_dag' retrieved from /home/airflow/.local/lib/python3.8/site-packages/airflow/example_dags/tutorial_dag.py
[2026-05-30T13:22:36.673+0000] {logging_mixin.py:188} INFO - [2026-05-30T13:22:36.673+0000] {dag.py:3047} INFO - Sync 1 DAGs
[2026-05-30T13:22:36.683+0000] {logging_mixin.py:188} INFO - [2026-05-30T13:22:36.683+0000] {dag.py:3834} INFO - Setting next_dagrun for tutorial_dag to None, run_after=None
[2026-05-30T13:22:36.700+0000] {processor.py:183} INFO - Processing /home/airflow/.local/lib/python3.8/site-packages/airflow/example_dags/tutorial_dag.py took 0.055 seconds
[2026-05-30T13:23:06.780+0000] {processor.py:161} INFO - Started process (PID=11462) to work on /home/airflow/.local/lib/python3.8/site-packages/airflow/example_dags/tutorial_dag.py
[2026-05-30T13:23:06.783+0000] {processor.py:830} INFO - Processing file /home/airflow/.local/lib/python3.8/site-packages/airflow/example_dags/tutorial_dag.py for tasks to queue
[2026-05-30T13:23:06.785+0000] {logging_mixin.py:188} INFO - [2026-05-30T13:23:06.784+0000] {dagbag.py:540} INFO - Filling up the DagBag from /home/airflow/.local/lib/python3.8/site-packages/airflow/example_dags/tutorial_dag.py
[2026-05-30T13:23:06.790+0000] {processor.py:840} INFO - DAG(s) 'tutorial_dag' retrieved from /home/airflow/.local/lib/python3.8/site-packages/airflow/example_dags/tutorial_dag.py
[2026-05-30T13:23:06.807+0000] {logging_mixin.py:188} INFO - [2026-05-30T13:23:06.807+0000] {dag.py:3047} INFO - Sync 1 DAGs
[2026-05-30T13:23:06.818+0000] {logging_mixin.py:188} INFO - [2026-05-30T13:23:06.817+0000] {dag.py:3834} INFO - Setting next_dagrun for tutorial_dag to None, run_after=None
[2026-05-30T13:23:06.835+0000] {processor.py:183} INFO - Processing /home/airflow/.local/lib/python3.8/site-packages/airflow/example_dags/tutorial_dag.py took 0.057 seconds
[2026-05-30T13:23:37.147+0000] {processor.py:161} INFO - Started process (PID=11518) to work on /home/airflow/.local/lib/python3.8/site-packages/airflow/example_dags/tutorial_dag.py
[2026-05-30T13:23:37.149+0000] {processor.py:830} INFO - Processing file /home/airflow/.local/lib/python3.8/site-packages/airflow/example_dags/tutorial_dag.py for tasks to queue
[2026-05-30T13:23:37.151+0000] {logging_mixin.py:188} INFO - [2026-05-30T13:23:37.151+0000] {dagbag.py:540} INFO - Filling up the DagBag from /home/airflow/.local/lib/python3.8/site-packages/airflow/example_dags/tutorial_dag.py
[2026-05-30T13:23:37.157+0000] {processor.py:840} INFO - DAG(s) 'tutorial_dag' retrieved from /home/airflow/.local/lib/python3.8/site-packages/airflow/example_dags/tutorial_dag.py
[2026-05-30T13:23:37.175+0000] {logging_mixin.py:188} INFO - [2026-05-30T13:23:37.174+0000] {dag.py:3047} INFO - Sync 1 DAGs
[2026-05-30T13:23:37.185+0000] {logging_mixin.py:188} INFO - [2026-05-30T13:23:37.185+0000] {dag.py:3834} INFO - Setting next_dagrun for tutorial_dag to None, run_after=None
[2026-05-30T13:23:37.203+0000] {processor.py:183} INFO - Processing /home/airflow/.local/lib/python3.8/site-packages/airflow/example_dags/tutorial_dag.py took 0.058 seconds
[2026-05-30T13:24:07.705+0000] {processor.py:161} INFO - Started process (PID=11574) to work on /home/airflow/.local/lib/python3.8/site-packages/airflow/example_dags/tutorial_dag.py
[2026-05-30T13:24:07.707+0000] {processor.py:830} INFO - Processing file /home/airflow/.local/lib/python3.8/site-packages/airflow/example_dags/tutorial_dag.py for tasks to queue
[2026-05-30T13:24:07.710+0000] {logging_mixin.py:188} INFO - [2026-05-30T13:24:07.709+0000] {dagbag.py:540} INFO - Filling up the DagBag from /home/airflow/.local/lib/python3.8/site-packages/airflow/example_dags/tutorial_dag.py
[2026-05-30T13:24:07.715+0000] {processor.py:840} INFO - DAG(s) 'tutorial_dag' retrieved from /home/airflow/.local/lib/python3.8/site-packages/airflow/example_dags/tutorial_dag.py
[2026-05-30T13:24:07.738+0000] {logging_mixin.py:188} INFO - [2026-05-30T13:24:07.737+0000] {dag.py:3047} INFO - Sync 1 DAGs
[2026-05-30T13:24:07.749+0000] {logging_mixin.py:188} INFO - [2026-05-30T13:24:07.749+0000] {dag.py:3834} INFO - Setting next_dagrun for tutorial_dag to None, run_after=None
[2026-05-30T13:24:07.774+0000] {processor.py:183} INFO - Processing /home/airflow/.local/lib/python3.8/site-packages/airflow/example_dags/tutorial_dag.py took 0.072 seconds
[2026-05-30T13:24:38.623+0000] {processor.py:161} INFO - Started process (PID=11630) to work on /home/airflow/.local/lib/python3.8/site-packages/airflow/example_dags/tutorial_dag.py
[2026-05-30T13:24:38.625+0000] {processor.py:830} INFO - Processing file /home/airflow/.local/lib/python3.8/site-packages/airflow/example_dags/tutorial_dag.py for tasks to queue
[2026-05-30T13:24:38.629+0000] {logging_mixin.py:188} INFO - [2026-05-30T13:24:38.628+0000] {dagbag.py:540} INFO - Filling up the DagBag from /home/airflow/.local/lib/python3.8/site-packages/airflow/example_dags/tutorial_dag.py
[2026-05-30T13:24:38.639+0000] {processor.py:840} INFO - DAG(s) 'tutorial_dag' retrieved from /home/airflow/.local/lib/python3.8/site-packages/airflow/example_dags/tutorial_dag.py
[2026-05-30T13:24:38.670+0000] {logging_mixin.py:188} INFO - [2026-05-30T13:24:38.669+0000] {dag.py:3047} INFO - Sync 1 DAGs
[2026-05-30T13:24:38.689+0000] {logging_mixin.py:188} INFO - [2026-05-30T13:24:38.688+0000] {dag.py:3834} INFO - Setting next_dagrun for tutorial_dag to None, run_after=None
[2026-05-30T13:24:38.724+0000] {processor.py:183} INFO - Processing /home/airflow/.local/lib/python3.8/site-packages/airflow/example_dags/tutorial_dag.py took 0.105 seconds
[2026-05-30T13:25:08.857+0000] {processor.py:161} INFO - Started process (PID=11686) to work on /home/airflow/.local/lib/python3.8/site-packages/airflow/example_dags/tutorial_dag.py
[2026-05-30T13:25:08.859+0000] {processor.py:830} INFO - Processing file /home/airflow/.local/lib/python3.8/site-packages/airflow/example_dags/tutorial_dag.py for tasks to queue
[2026-05-30T13:25:08.862+0000] {logging_mixin.py:188} INFO - [2026-05-30T13:25:08.861+0000] {dagbag.py:540} INFO - Filling up the DagBag from /home/airflow/.local/lib/python3.8/site-packages/airflow/example_dags/tutorial_dag.py
[2026-05-30T13:25:08.867+0000] {processor.py:840} INFO - DAG(s) 'tutorial_dag' retrieved from /home/airflow/.local/lib/python3.8/site-packages/airflow/example_dags/tutorial_dag.py
[2026-05-30T13:25:08.886+0000] {logging_mixin.py:188} INFO - [2026-05-30T13:25:08.885+0000] {dag.py:3047} INFO - Sync 1 DAGs
[2026-05-30T13:25:08.895+0000] {logging_mixin.py:188} INFO - [2026-05-30T13:25:08.895+0000] {dag.py:3834} INFO - Setting next_dagrun for tutorial_dag to None, run_after=None
[2026-05-30T13:25:08.913+0000] {processor.py:183} INFO - Processing /home/airflow/.local/lib/python3.8/site-packages/airflow/example_dags/tutorial_dag.py took 0.060 seconds
[2026-05-30T13:25:39.181+0000] {processor.py:161} INFO - Started process (PID=11742) to work on /home/airflow/.local/lib/python3.8/site-packages/airflow/example_dags/tutorial_dag.py
[2026-05-30T13:25:39.182+0000] {processor.py:830} INFO - Processing file /home/airflow/.local/lib/python3.8/site-packages/airflow/example_dags/tutorial_dag.py for tasks to queue
[2026-05-30T13:25:39.185+0000] {logging_mixin.py:188} INFO - [2026-05-30T13:25:39.184+0000] {dagbag.py:540} INFO - Filling up the DagBag from /home/airflow/.local/lib/python3.8/site-packages/airflow/example_dags/tutorial_dag.py
[2026-05-30T13:25:39.192+0000] {processor.py:840} INFO - DAG(s) 'tutorial_dag' retrieved from /home/airflow/.local/lib/python3.8/site-packages/airflow/example_dags/tutorial_dag.py
[2026-05-30T13:25:39.214+0000] {logging_mixin.py:188} INFO - [2026-05-30T13:25:39.214+0000] {dag.py:3047} INFO - Sync 1 DAGs
[2026-05-30T13:25:39.226+0000] {logging_mixin.py:188} INFO - [2026-05-30T13:25:39.226+0000] {dag.py:3834} INFO - Setting next_dagrun for tutorial_dag to None, run_after=None
[2026-05-30T13:25:39.249+0000] {processor.py:183} INFO - Processing /home/airflow/.local/lib/python3.8/site-packages/airflow/example_dags/tutorial_dag.py took 0.072 seconds
[2026-05-30T13:26:09.546+0000] {processor.py:161} INFO - Started process (PID=11798) to work on /home/airflow/.local/lib/python3.8/site-packages/airflow/example_dags/tutorial_dag.py
[2026-05-30T13:26:09.548+0000] {processor.py:830} INFO - Processing file /home/airflow/.local/lib/python3.8/site-packages/airflow/example_dags/tutorial_dag.py for tasks to queue
[2026-05-30T13:26:09.550+0000] {logging_mixin.py:188} INFO - [2026-05-30T13:26:09.550+0000] {dagbag.py:540} INFO - Filling up the DagBag from /home/airflow/.local/lib/python3.8/site-packages/airflow/example_dags/tutorial_dag.py
[2026-05-30T13:26:09.556+0000] {processor.py:840} INFO - DAG(s) 'tutorial_dag' retrieved from /home/airflow/.local/lib/python3.8/site-packages/airflow/example_dags/tutorial_dag.py
[2026-05-30T13:26:09.574+0000] {logging_mixin.py:188} INFO - [2026-05-30T13:26:09.574+0000] {dag.py:3047} INFO - Sync 1 DAGs
[2026-05-30T13:26:09.584+0000] {logging_mixin.py:188} INFO - [2026-05-30T13:26:09.584+0000] {dag.py:3834} INFO - Setting next_dagrun for tutorial_dag to None, run_after=None
[2026-05-30T13:26:09.602+0000] {processor.py:183} INFO - Processing /home/airflow/.local/lib/python3.8/site-packages/airflow/example_dags/tutorial_dag.py took 0.059 seconds
[2026-05-30T13:26:40.089+0000] {processor.py:161} INFO - Started process (PID=11854) to work on /home/airflow/.local/lib/python3.8/site-packages/airflow/example_dags/tutorial_dag.py
[2026-05-30T13:26:40.091+0000] {processor.py:830} INFO - Processing file /home/airflow/.local/lib/python3.8/site-packages/airflow/example_dags/tutorial_dag.py for tasks to queue
[2026-05-30T13:26:40.093+0000] {logging_mixin.py:188} INFO - [2026-05-30T13:26:40.092+0000] {dagbag.py:540} INFO - Filling up the DagBag from /home/airflow/.local/lib/python3.8/site-packages/airflow/example_dags/tutorial_dag.py
[2026-05-30T13:26:40.097+0000] {processor.py:840} INFO - DAG(s) 'tutorial_dag' retrieved from /home/airflow/.local/lib/python3.8/site-packages/airflow/example_dags/tutorial_dag.py
[2026-05-30T13:26:40.116+0000] {logging_mixin.py:188} INFO - [2026-05-30T13:26:40.115+0000] {dag.py:3047} INFO - Sync 1 DAGs
[2026-05-30T13:26:40.126+0000] {logging_mixin.py:188} INFO - [2026-05-30T13:26:40.126+0000] {dag.py:3834} INFO - Setting next_dagrun for tutorial_dag to None, run_after=None
[2026-05-30T13:26:40.144+0000] {processor.py:183} INFO - Processing /home/airflow/.local/lib/python3.8/site-packages/airflow/example_dags/tutorial_dag.py took 0.058 seconds
[2026-05-30T13:27:10.374+0000] {processor.py:161} INFO - Started process (PID=11910) to work on /home/airflow/.local/lib/python3.8/site-packages/airflow/example_dags/tutorial_dag.py
[2026-05-30T13:27:10.375+0000] {processor.py:830} INFO - Processing file /home/airflow/.local/lib/python3.8/site-packages/airflow/example_dags/tutorial_dag.py for tasks to queue
[2026-05-30T13:27:10.378+0000] {logging_mixin.py:188} INFO - [2026-05-30T13:27:10.377+0000] {dagbag.py:540} INFO - Filling up the DagBag from /home/airflow/.local/lib/python3.8/site-packages/airflow/example_dags/tutorial_dag.py
[2026-05-30T13:27:10.384+0000] {processor.py:840} INFO - DAG(s) 'tutorial_dag' retrieved from /home/airflow/.local/lib/python3.8/site-packages/airflow/example_dags/tutorial_dag.py
[2026-05-30T13:27:10.406+0000] {logging_mixin.py:188} INFO - [2026-05-30T13:27:10.406+0000] {dag.py:3047} INFO - Sync 1 DAGs
[2026-05-30T13:27:10.417+0000] {logging_mixin.py:188} INFO - [2026-05-30T13:27:10.417+0000] {dag.py:3834} INFO - Setting next_dagrun for tutorial_dag to None, run_after=None
[2026-05-30T13:27:10.443+0000] {processor.py:183} INFO - Processing /home/airflow/.local/lib/python3.8/site-packages/airflow/example_dags/tutorial_dag.py took 0.072 seconds
[2026-05-30T13:27:40.849+0000] {processor.py:161} INFO - Started process (PID=11966) to work on /home/airflow/.local/lib/python3.8/site-packages/airflow/example_dags/tutorial_dag.py
[2026-05-30T13:27:40.850+0000] {processor.py:830} INFO - Processing file /home/airflow/.local/lib/python3.8/site-packages/airflow/example_dags/tutorial_dag.py for tasks to queue
[2026-05-30T13:27:40.852+0000] {logging_mixin.py:188} INFO - [2026-05-30T13:27:40.852+0000] {dagbag.py:540} INFO - Filling up the DagBag from /home/airflow/.local/lib/python3.8/site-packages/airflow/example_dags/tutorial_dag.py
[2026-05-30T13:27:40.857+0000] {processor.py:840} INFO - DAG(s) 'tutorial_dag' retrieved from /home/airflow/.local/lib/python3.8/site-packages/airflow/example_dags/tutorial_dag.py
[2026-05-30T13:27:40.875+0000] {logging_mixin.py:188} INFO - [2026-05-30T13:27:40.874+0000] {dag.py:3047} INFO - Sync 1 DAGs
[2026-05-30T13:27:40.885+0000] {logging_mixin.py:188} INFO - [2026-05-30T13:27:40.885+0000] {dag.py:3834} INFO - Setting next_dagrun for tutorial_dag to None, run_after=None
[2026-05-30T13:27:40.915+0000] {processor.py:183} INFO - Processing /home/airflow/.local/lib/python3.8/site-packages/airflow/example_dags/tutorial_dag.py took 0.069 seconds
[2026-05-30T13:28:11.199+0000] {processor.py:161} INFO - Started process (PID=12022) to work on /home/airflow/.local/lib/python3.8/site-packages/airflow/example_dags/tutorial_dag.py
[2026-05-30T13:28:11.200+0000] {processor.py:830} INFO - Processing file /home/airflow/.local/lib/python3.8/site-packages/airflow/example_dags/tutorial_dag.py for tasks to queue
[2026-05-30T13:28:11.202+0000] {logging_mixin.py:188} INFO - [2026-05-30T13:28:11.202+0000] {dagbag.py:540} INFO - Filling up the DagBag from /home/airflow/.local/lib/python3.8/site-packages/airflow/example_dags/tutorial_dag.py
[2026-05-30T13:28:11.207+0000] {processor.py:840} INFO - DAG(s) 'tutorial_dag' retrieved from /home/airflow/.local/lib/python3.8/site-packages/airflow/example_dags/tutorial_dag.py
[2026-05-30T13:28:11.226+0000] {logging_mixin.py:188} INFO - [2026-05-30T13:28:11.226+0000] {dag.py:3047} INFO - Sync 1 DAGs
[2026-05-30T13:28:11.237+0000] {logging_mixin.py:188} INFO - [2026-05-30T13:28:11.236+0000] {dag.py:3834} INFO - Setting next_dagrun for tutorial_dag to None, run_after=None
[2026-05-30T13:28:11.255+0000] {processor.py:183} INFO - Processing /home/airflow/.local/lib/python3.8/site-packages/airflow/example_dags/tutorial_dag.py took 0.059 seconds
[2026-05-30T13:28:41.537+0000] {processor.py:161} INFO - Started process (PID=12078) to work on /home/airflow/.local/lib/python3.8/site-packages/airflow/example_dags/tutorial_dag.py
[2026-05-30T13:28:41.540+0000] {processor.py:830} INFO - Processing file /home/airflow/.local/lib/python3.8/site-packages/airflow/example_dags/tutorial_dag.py for tasks to queue
[2026-05-30T13:28:41.543+0000] {logging_mixin.py:188} INFO - [2026-05-30T13:28:41.542+0000] {dagbag.py:540} INFO - Filling up the DagBag from /home/airflow/.local/lib/python3.8/site-packages/airflow/example_dags/tutorial_dag.py
[2026-05-30T13:28:41.553+0000] {processor.py:840} INFO - DAG(s) 'tutorial_dag' retrieved from /home/airflow/.local/lib/python3.8/site-packages/airflow/example_dags/tutorial_dag.py
[2026-05-30T13:28:41.581+0000] {logging_mixin.py:188} INFO - [2026-05-30T13:28:41.581+0000] {dag.py:3047} INFO - Sync 1 DAGs
[2026-05-30T13:28:41.596+0000] {logging_mixin.py:188} INFO - [2026-05-30T13:28:41.596+0000] {dag.py:3834} INFO - Setting next_dagrun for tutorial_dag to None, run_after=None
[2026-05-30T13:28:41.619+0000] {processor.py:183} INFO - Processing /home/airflow/.local/lib/python3.8/site-packages/airflow/example_dags/tutorial_dag.py took 0.086 seconds
[2026-05-30T13:29:11.919+0000] {processor.py:161} INFO - Started process (PID=12134) to work on /home/airflow/.local/lib/python3.8/site-packages/airflow/example_dags/tutorial_dag.py
[2026-05-30T13:29:11.921+0000] {processor.py:830} INFO - Processing file /home/airflow/.local/lib/python3.8/site-packages/airflow/example_dags/tutorial_dag.py for tasks to queue
[2026-05-30T13:29:11.925+0000] {logging_mixin.py:188} INFO - [2026-05-30T13:29:11.924+0000] {dagbag.py:540} INFO - Filling up the DagBag from /home/airflow/.local/lib/python3.8/site-packages/airflow/example_dags/tutorial_dag.py
[2026-05-30T13:29:11.931+0000] {processor.py:840} INFO - DAG(s) 'tutorial_dag' retrieved from /home/airflow/.local/lib/python3.8/site-packages/airflow/example_dags/tutorial_dag.py
[2026-05-30T13:29:11.948+0000] {logging_mixin.py:188} INFO - [2026-05-30T13:29:11.948+0000] {dag.py:3047} INFO - Sync 1 DAGs
[2026-05-30T13:29:11.958+0000] {logging_mixin.py:188} INFO - [2026-05-30T13:29:11.958+0000] {dag.py:3834} INFO - Setting next_dagrun for tutorial_dag to None, run_after=None
[2026-05-30T13:29:11.974+0000] {processor.py:183} INFO - Processing /home/airflow/.local/lib/python3.8/site-packages/airflow/example_dags/tutorial_dag.py took 0.058 seconds
[2026-05-30T13:29:42.740+0000] {processor.py:161} INFO - Started process (PID=12195) to work on /home/airflow/.local/lib/python3.8/site-packages/airflow/example_dags/tutorial_dag.py
[2026-05-30T13:29:42.741+0000] {processor.py:830} INFO - Processing file /home/airflow/.local/lib/python3.8/site-packages/airflow/example_dags/tutorial_dag.py for tasks to queue
[2026-05-30T13:29:42.744+0000] {logging_mixin.py:188} INFO - [2026-05-30T13:29:42.743+0000] {dagbag.py:540} INFO - Filling up the DagBag from /home/airflow/.local/lib/python3.8/site-packages/airflow/example_dags/tutorial_dag.py
[2026-05-30T13:29:42.752+0000] {processor.py:840} INFO - DAG(s) 'tutorial_dag' retrieved from /home/airflow/.local/lib/python3.8/site-packages/airflow/example_dags/tutorial_dag.py
[2026-05-30T13:29:42.771+0000] {logging_mixin.py:188} INFO - [2026-05-30T13:29:42.771+0000] {dag.py:3047} INFO - Sync 1 DAGs
[2026-05-30T13:29:42.781+0000] {logging_mixin.py:188} INFO - [2026-05-30T13:29:42.781+0000] {dag.py:3834} INFO - Setting next_dagrun for tutorial_dag to None, run_after=None
[2026-05-30T13:29:42.801+0000] {processor.py:183} INFO - Processing /home/airflow/.local/lib/python3.8/site-packages/airflow/example_dags/tutorial_dag.py took 0.068 seconds
[2026-05-30T13:30:13.169+0000] {processor.py:161} INFO - Started process (PID=12251) to work on /home/airflow/.local/lib/python3.8/site-packages/airflow/example_dags/tutorial_dag.py
[2026-05-30T13:30:13.170+0000] {processor.py:830} INFO - Processing file /home/airflow/.local/lib/python3.8/site-packages/airflow/example_dags/tutorial_dag.py for tasks to queue
[2026-05-30T13:30:13.172+0000] {logging_mixin.py:188} INFO - [2026-05-30T13:30:13.172+0000] {dagbag.py:540} INFO - Filling up the DagBag from /home/airflow/.local/lib/python3.8/site-packages/airflow/example_dags/tutorial_dag.py
[2026-05-30T13:30:13.177+0000] {processor.py:840} INFO - DAG(s) 'tutorial_dag' retrieved from /home/airflow/.local/lib/python3.8/site-packages/airflow/example_dags/tutorial_dag.py
[2026-05-30T13:30:13.192+0000] {logging_mixin.py:188} INFO - [2026-05-30T13:30:13.192+0000] {dag.py:3047} INFO - Sync 1 DAGs
[2026-05-30T13:30:13.202+0000] {logging_mixin.py:188} INFO - [2026-05-30T13:30:13.202+0000] {dag.py:3834} INFO - Setting next_dagrun for tutorial_dag to None, run_after=None
[2026-05-30T13:30:13.216+0000] {processor.py:183} INFO - Processing /home/airflow/.local/lib/python3.8/site-packages/airflow/example_dags/tutorial_dag.py took 0.050 seconds
[2026-05-30T13:30:43.577+0000] {processor.py:161} INFO - Started process (PID=12307) to work on /home/airflow/.local/lib/python3.8/site-packages/airflow/example_dags/tutorial_dag.py
[2026-05-30T13:30:43.579+0000] {processor.py:830} INFO - Processing file /home/airflow/.local/lib/python3.8/site-packages/airflow/example_dags/tutorial_dag.py for tasks to queue
[2026-05-30T13:30:43.581+0000] {logging_mixin.py:188} INFO - [2026-05-30T13:30:43.581+0000] {dagbag.py:540} INFO - Filling up the DagBag from /home/airflow/.local/lib/python3.8/site-packages/airflow/example_dags/tutorial_dag.py
[2026-05-30T13:30:43.586+0000] {processor.py:840} INFO - DAG(s) 'tutorial_dag' retrieved from /home/airflow/.local/lib/python3.8/site-packages/airflow/example_dags/tutorial_dag.py
[2026-05-30T13:30:43.604+0000] {logging_mixin.py:188} INFO - [2026-05-30T13:30:43.604+0000] {dag.py:3047} INFO - Sync 1 DAGs
[2026-05-30T13:30:43.615+0000] {logging_mixin.py:188} INFO - [2026-05-30T13:30:43.615+0000] {dag.py:3834} INFO - Setting next_dagrun for tutorial_dag to None, run_after=None
[2026-05-30T13:30:43.633+0000] {processor.py:183} INFO - Processing /home/airflow/.local/lib/python3.8/site-packages/airflow/example_dags/tutorial_dag.py took 0.059 seconds
[2026-05-30T13:31:14.151+0000] {processor.py:161} INFO - Started process (PID=12363) to work on /home/airflow/.local/lib/python3.8/site-packages/airflow/example_dags/tutorial_dag.py
[2026-05-30T13:31:14.152+0000] {processor.py:830} INFO - Processing file /home/airflow/.local/lib/python3.8/site-packages/airflow/example_dags/tutorial_dag.py for tasks to queue
[2026-05-30T13:31:14.154+0000] {logging_mixin.py:188} INFO - [2026-05-30T13:31:14.154+0000] {dagbag.py:540} INFO - Filling up the DagBag from /home/airflow/.local/lib/python3.8/site-packages/airflow/example_dags/tutorial_dag.py
[2026-05-30T13:31:14.159+0000] {processor.py:840} INFO - DAG(s) 'tutorial_dag' retrieved from /home/airflow/.local/lib/python3.8/site-packages/airflow/example_dags/tutorial_dag.py
[2026-05-30T13:31:14.176+0000] {logging_mixin.py:188} INFO - [2026-05-30T13:31:14.176+0000] {dag.py:3047} INFO - Sync 1 DAGs
[2026-05-30T13:31:14.186+0000] {logging_mixin.py:188} INFO - [2026-05-30T13:31:14.186+0000] {dag.py:3834} INFO - Setting next_dagrun for tutorial_dag to None, run_after=None
[2026-05-30T13:31:14.205+0000] {processor.py:183} INFO - Processing /home/airflow/.local/lib/python3.8/site-packages/airflow/example_dags/tutorial_dag.py took 0.057 seconds
[2026-05-30T13:31:44.716+0000] {processor.py:161} INFO - Started process (PID=12419) to work on /home/airflow/.local/lib/python3.8/site-packages/airflow/example_dags/tutorial_dag.py
[2026-05-30T13:31:44.719+0000] {processor.py:830} INFO - Processing file /home/airflow/.local/lib/python3.8/site-packages/airflow/example_dags/tutorial_dag.py for tasks to queue
[2026-05-30T13:31:44.721+0000] {logging_mixin.py:188} INFO - [2026-05-30T13:31:44.721+0000] {dagbag.py:540} INFO - Filling up the DagBag from /home/airflow/.local/lib/python3.8/site-packages/airflow/example_dags/tutorial_dag.py
[2026-05-30T13:31:44.727+0000] {processor.py:840} INFO - DAG(s) 'tutorial_dag' retrieved from /home/airflow/.local/lib/python3.8/site-packages/airflow/example_dags/tutorial_dag.py
[2026-05-30T13:31:44.746+0000] {logging_mixin.py:188} INFO - [2026-05-30T13:31:44.746+0000] {dag.py:3047} INFO - Sync 1 DAGs
[2026-05-30T13:31:44.756+0000] {logging_mixin.py:188} INFO - [2026-05-30T13:31:44.756+0000] {dag.py:3834} INFO - Setting next_dagrun for tutorial_dag to None, run_after=None
[2026-05-30T13:31:44.773+0000] {processor.py:183} INFO - Processing /home/airflow/.local/lib/python3.8/site-packages/airflow/example_dags/tutorial_dag.py took 0.060 seconds
[2026-05-30T13:32:15.312+0000] {processor.py:161} INFO - Started process (PID=12475) to work on /home/airflow/.local/lib/python3.8/site-packages/airflow/example_dags/tutorial_dag.py
[2026-05-30T13:32:15.313+0000] {processor.py:830} INFO - Processing file /home/airflow/.local/lib/python3.8/site-packages/airflow/example_dags/tutorial_dag.py for tasks to queue
[2026-05-30T13:32:15.316+0000] {logging_mixin.py:188} INFO - [2026-05-30T13:32:15.315+0000] {dagbag.py:540} INFO - Filling up the DagBag from /home/airflow/.local/lib/python3.8/site-packages/airflow/example_dags/tutorial_dag.py
[2026-05-30T13:32:15.321+0000] {processor.py:840} INFO - DAG(s) 'tutorial_dag' retrieved from /home/airflow/.local/lib/python3.8/site-packages/airflow/example_dags/tutorial_dag.py
[2026-05-30T13:32:15.337+0000] {logging_mixin.py:188} INFO - [2026-05-30T13:32:15.337+0000] {dag.py:3047} INFO - Sync 1 DAGs
[2026-05-30T13:32:15.347+0000] {logging_mixin.py:188} INFO - [2026-05-30T13:32:15.347+0000] {dag.py:3834} INFO - Setting next_dagrun for tutorial_dag to None, run_after=None
[2026-05-30T13:32:15.366+0000] {processor.py:183} INFO - Processing /home/airflow/.local/lib/python3.8/site-packages/airflow/example_dags/tutorial_dag.py took 0.057 seconds
[2026-05-30T13:32:45.838+0000] {processor.py:161} INFO - Started process (PID=12531) to work on /home/airflow/.local/lib/python3.8/site-packages/airflow/example_dags/tutorial_dag.py
[2026-05-30T13:32:45.839+0000] {processor.py:830} INFO - Processing file /home/airflow/.local/lib/python3.8/site-packages/airflow/example_dags/tutorial_dag.py for tasks to queue
[2026-05-30T13:32:45.842+0000] {logging_mixin.py:188} INFO - [2026-05-30T13:32:45.841+0000] {dagbag.py:540} INFO - Filling up the DagBag from /home/airflow/.local/lib/python3.8/site-packages/airflow/example_dags/tutorial_dag.py
[2026-05-30T13:32:45.847+0000] {processor.py:840} INFO - DAG(s) 'tutorial_dag' retrieved from /home/airflow/.local/lib/python3.8/site-packages/airflow/example_dags/tutorial_dag.py
[2026-05-30T13:32:45.864+0000] {logging_mixin.py:188} INFO - [2026-05-30T13:32:45.864+0000] {dag.py:3047} INFO - Sync 1 DAGs
[2026-05-30T13:32:45.875+0000] {logging_mixin.py:188} INFO - [2026-05-30T13:32:45.874+0000] {dag.py:3834} INFO - Setting next_dagrun for tutorial_dag to None, run_after=None
[2026-05-30T13:32:45.892+0000] {processor.py:183} INFO - Processing /home/airflow/.local/lib/python3.8/site-packages/airflow/example_dags/tutorial_dag.py took 0.057 seconds
[2026-05-30T13:33:16.359+0000] {processor.py:161} INFO - Started process (PID=12587) to work on /home/airflow/.local/lib/python3.8/site-packages/airflow/example_dags/tutorial_dag.py
[2026-05-30T13:33:16.361+0000] {processor.py:830} INFO - Processing file /home/airflow/.local/lib/python3.8/site-packages/airflow/example_dags/tutorial_dag.py for tasks to queue
[2026-05-30T13:33:16.364+0000] {logging_mixin.py:188} INFO - [2026-05-30T13:33:16.364+0000] {dagbag.py:540} INFO - Filling up the DagBag from /home/airflow/.local/lib/python3.8/site-packages/airflow/example_dags/tutorial_dag.py
[2026-05-30T13:33:16.370+0000] {processor.py:840} INFO - DAG(s) 'tutorial_dag' retrieved from /home/airflow/.local/lib/python3.8/site-packages/airflow/example_dags/tutorial_dag.py
[2026-05-30T13:33:16.388+0000] {logging_mixin.py:188} INFO - [2026-05-30T13:33:16.388+0000] {dag.py:3047} INFO - Sync 1 DAGs
[2026-05-30T13:33:16.398+0000] {logging_mixin.py:188} INFO - [2026-05-30T13:33:16.398+0000] {dag.py:3834} INFO - Setting next_dagrun for tutorial_dag to None, run_after=None
[2026-05-30T13:33:16.415+0000] {processor.py:183} INFO - Processing /home/airflow/.local/lib/python3.8/site-packages/airflow/example_dags/tutorial_dag.py took 0.059 seconds
[2026-05-30T13:33:46.846+0000] {processor.py:161} INFO - Started process (PID=12643) to work on /home/airflow/.local/lib/python3.8/site-packages/airflow/example_dags/tutorial_dag.py
[2026-05-30T13:33:46.848+0000] {processor.py:830} INFO - Processing file /home/airflow/.local/lib/python3.8/site-packages/airflow/example_dags/tutorial_dag.py for tasks to queue
[2026-05-30T13:33:46.850+0000] {logging_mixin.py:188} INFO - [2026-05-30T13:33:46.849+0000] {dagbag.py:540} INFO - Filling up the DagBag from /home/airflow/.local/lib/python3.8/site-packages/airflow/example_dags/tutorial_dag.py
[2026-05-30T13:33:46.855+0000] {processor.py:840} INFO - DAG(s) 'tutorial_dag' retrieved from /home/airflow/.local/lib/python3.8/site-packages/airflow/example_dags/tutorial_dag.py
[2026-05-30T13:33:46.874+0000] {logging_mixin.py:188} INFO - [2026-05-30T13:33:46.874+0000] {dag.py:3047} INFO - Sync 1 DAGs
[2026-05-30T13:33:46.885+0000] {logging_mixin.py:188} INFO - [2026-05-30T13:33:46.884+0000] {dag.py:3834} INFO - Setting next_dagrun for tutorial_dag to None, run_after=None
[2026-05-30T13:33:46.902+0000] {processor.py:183} INFO - Processing /home/airflow/.local/lib/python3.8/site-packages/airflow/example_dags/tutorial_dag.py took 0.059 seconds
[2026-05-30T13:34:17.456+0000] {processor.py:161} INFO - Started process (PID=12699) to work on /home/airflow/.local/lib/python3.8/site-packages/airflow/example_dags/tutorial_dag.py
[2026-05-30T13:34:17.458+0000] {processor.py:830} INFO - Processing file /home/airflow/.local/lib/python3.8/site-packages/airflow/example_dags/tutorial_dag.py for tasks to queue
[2026-05-30T13:34:17.461+0000] {logging_mixin.py:188} INFO - [2026-05-30T13:34:17.461+0000] {dagbag.py:540} INFO - Filling up the DagBag from /home/airflow/.local/lib/python3.8/site-packages/airflow/example_dags/tutorial_dag.py
[2026-05-30T13:34:17.466+0000] {processor.py:840} INFO - DAG(s) 'tutorial_dag' retrieved from /home/airflow/.local/lib/python3.8/site-packages/airflow/example_dags/tutorial_dag.py
[2026-05-30T13:34:17.485+0000] {logging_mixin.py:188} INFO - [2026-05-30T13:34:17.484+0000] {dag.py:3047} INFO - Sync 1 DAGs
[2026-05-30T13:34:17.495+0000] {logging_mixin.py:188} INFO - [2026-05-30T13:34:17.495+0000] {dag.py:3834} INFO - Setting next_dagrun for tutorial_dag to None, run_after=None
[2026-05-30T13:34:17.515+0000] {processor.py:183} INFO - Processing /home/airflow/.local/lib/python3.8/site-packages/airflow/example_dags/tutorial_dag.py took 0.061 seconds
[2026-05-30T13:34:48.037+0000] {processor.py:161} INFO - Started process (PID=12755) to work on /home/airflow/.local/lib/python3.8/site-packages/airflow/example_dags/tutorial_dag.py
[2026-05-30T13:34:48.038+0000] {processor.py:830} INFO - Processing file /home/airflow/.local/lib/python3.8/site-packages/airflow/example_dags/tutorial_dag.py for tasks to queue
[2026-05-30T13:34:48.041+0000] {logging_mixin.py:188} INFO - [2026-05-30T13:34:48.040+0000] {dagbag.py:540} INFO - Filling up the DagBag from /home/airflow/.local/lib/python3.8/site-packages/airflow/example_dags/tutorial_dag.py
[2026-05-30T13:34:48.048+0000] {processor.py:840} INFO - DAG(s) 'tutorial_dag' retrieved from /home/airflow/.local/lib/python3.8/site-packages/airflow/example_dags/tutorial_dag.py
[2026-05-30T13:34:48.068+0000] {logging_mixin.py:188} INFO - [2026-05-30T13:34:48.068+0000] {dag.py:3047} INFO - Sync 1 DAGs
[2026-05-30T13:34:48.079+0000] {logging_mixin.py:188} INFO - [2026-05-30T13:34:48.079+0000] {dag.py:3834} INFO - Setting next_dagrun for tutorial_dag to None, run_after=None
[2026-05-30T13:34:48.098+0000] {processor.py:183} INFO - Processing /home/airflow/.local/lib/python3.8/site-packages/airflow/example_dags/tutorial_dag.py took 0.063 seconds
[2026-05-30T13:35:18.641+0000] {processor.py:161} INFO - Started process (PID=12811) to work on /home/airflow/.local/lib/python3.8/site-packages/airflow/example_dags/tutorial_dag.py
[2026-05-30T13:35:18.642+0000] {processor.py:830} INFO - Processing file /home/airflow/.local/lib/python3.8/site-packages/airflow/example_dags/tutorial_dag.py for tasks to queue
[2026-05-30T13:35:18.644+0000] {logging_mixin.py:188} INFO - [2026-05-30T13:35:18.644+0000] {dagbag.py:540} INFO - Filling up the DagBag from /home/airflow/.local/lib/python3.8/site-packages/airflow/example_dags/tutorial_dag.py
[2026-05-30T13:35:18.650+0000] {processor.py:840} INFO - DAG(s) 'tutorial_dag' retrieved from /home/airflow/.local/lib/python3.8/site-packages/airflow/example_dags/tutorial_dag.py
[2026-05-30T13:35:18.666+0000] {logging_mixin.py:188} INFO - [2026-05-30T13:35:18.666+0000] {dag.py:3047} INFO - Sync 1 DAGs
[2026-05-30T13:35:18.676+0000] {logging_mixin.py:188} INFO - [2026-05-30T13:35:18.676+0000] {dag.py:3834} INFO - Setting next_dagrun for tutorial_dag to None, run_after=None
[2026-05-30T13:35:18.693+0000] {processor.py:183} INFO - Processing /home/airflow/.local/lib/python3.8/site-packages/airflow/example_dags/tutorial_dag.py took 0.056 seconds
[2026-05-30T13:35:49.205+0000] {processor.py:161} INFO - Started process (PID=12866) to work on /home/airflow/.local/lib/python3.8/site-packages/airflow/example_dags/tutorial_dag.py
[2026-05-30T13:35:49.206+0000] {processor.py:830} INFO - Processing file /home/airflow/.local/lib/python3.8/site-packages/airflow/example_dags/tutorial_dag.py for tasks to queue
[2026-05-30T13:35:49.209+0000] {logging_mixin.py:188} INFO - [2026-05-30T13:35:49.208+0000] {dagbag.py:540} INFO - Filling up the DagBag from /home/airflow/.local/lib/python3.8/site-packages/airflow/example_dags/tutorial_dag.py
[2026-05-30T13:35:49.216+0000] {processor.py:840} INFO - DAG(s) 'tutorial_dag' retrieved from /home/airflow/.local/lib/python3.8/site-packages/airflow/example_dags/tutorial_dag.py
[2026-05-30T13:35:49.239+0000] {logging_mixin.py:188} INFO - [2026-05-30T13:35:49.239+0000] {dag.py:3047} INFO - Sync 1 DAGs
[2026-05-30T13:35:49.254+0000] {logging_mixin.py:188} INFO - [2026-05-30T13:35:49.254+0000] {dag.py:3834} INFO - Setting next_dagrun for tutorial_dag to None, run_after=None
[2026-05-30T13:35:49.278+0000] {processor.py:183} INFO - Processing /home/airflow/.local/lib/python3.8/site-packages/airflow/example_dags/tutorial_dag.py took 0.077 seconds
[2026-05-30T13:36:19.648+0000] {processor.py:161} INFO - Started process (PID=12922) to work on /home/airflow/.local/lib/python3.8/site-packages/airflow/example_dags/tutorial_dag.py
[2026-05-30T13:36:19.650+0000] {processor.py:830} INFO - Processing file /home/airflow/.local/lib/python3.8/site-packages/airflow/example_dags/tutorial_dag.py for tasks to queue
[2026-05-30T13:36:19.654+0000] {logging_mixin.py:188} INFO - [2026-05-30T13:36:19.654+0000] {dagbag.py:540} INFO - Filling up the DagBag from /home/airflow/.local/lib/python3.8/site-packages/airflow/example_dags/tutorial_dag.py
[2026-05-30T13:36:19.659+0000] {processor.py:840} INFO - DAG(s) 'tutorial_dag' retrieved from /home/airflow/.local/lib/python3.8/site-packages/airflow/example_dags/tutorial_dag.py
[2026-05-30T13:36:19.676+0000] {logging_mixin.py:188} INFO - [2026-05-30T13:36:19.675+0000] {dag.py:3047} INFO - Sync 1 DAGs
[2026-05-30T13:36:19.686+0000] {logging_mixin.py:188} INFO - [2026-05-30T13:36:19.686+0000] {dag.py:3834} INFO - Setting next_dagrun for tutorial_dag to None, run_after=None
[2026-05-30T13:36:19.705+0000] {processor.py:183} INFO - Processing /home/airflow/.local/lib/python3.8/site-packages/airflow/example_dags/tutorial_dag.py took 0.061 seconds
[2026-05-30T13:36:50.209+0000] {processor.py:161} INFO - Started process (PID=12979) to work on /home/airflow/.local/lib/python3.8/site-packages/airflow/example_dags/tutorial_dag.py
[2026-05-30T13:36:50.211+0000] {processor.py:830} INFO - Processing file /home/airflow/.local/lib/python3.8/site-packages/airflow/example_dags/tutorial_dag.py for tasks to queue
[2026-05-30T13:36:50.214+0000] {logging_mixin.py:188} INFO - [2026-05-30T13:36:50.213+0000] {dagbag.py:540} INFO - Filling up the DagBag from /home/airflow/.local/lib/python3.8/site-packages/airflow/example_dags/tutorial_dag.py
[2026-05-30T13:36:50.219+0000] {processor.py:840} INFO - DAG(s) 'tutorial_dag' retrieved from /home/airflow/.local/lib/python3.8/site-packages/airflow/example_dags/tutorial_dag.py
[2026-05-30T13:36:50.236+0000] {logging_mixin.py:188} INFO - [2026-05-30T13:36:50.236+0000] {dag.py:3047} INFO - Sync 1 DAGs
[2026-05-30T13:36:50.246+0000] {logging_mixin.py:188} INFO - [2026-05-30T13:36:50.246+0000] {dag.py:3834} INFO - Setting next_dagrun for tutorial_dag to None, run_after=None
[2026-05-30T13:36:50.268+0000] {processor.py:183} INFO - Processing /home/airflow/.local/lib/python3.8/site-packages/airflow/example_dags/tutorial_dag.py took 0.063 seconds
[2026-05-30T13:37:20.577+0000] {processor.py:161} INFO - Started process (PID=13035) to work on /home/airflow/.local/lib/python3.8/site-packages/airflow/example_dags/tutorial_dag.py
[2026-05-30T13:37:20.578+0000] {processor.py:830} INFO - Processing file /home/airflow/.local/lib/python3.8/site-packages/airflow/example_dags/tutorial_dag.py for tasks to queue
[2026-05-30T13:37:20.580+0000] {logging_mixin.py:188} INFO - [2026-05-30T13:37:20.580+0000] {dagbag.py:540} INFO - Filling up the DagBag from /home/airflow/.local/lib/python3.8/site-packages/airflow/example_dags/tutorial_dag.py
[2026-05-30T13:37:20.586+0000] {processor.py:840} INFO - DAG(s) 'tutorial_dag' retrieved from /home/airflow/.local/lib/python3.8/site-packages/airflow/example_dags/tutorial_dag.py
[2026-05-30T13:37:20.605+0000] {logging_mixin.py:188} INFO - [2026-05-30T13:37:20.605+0000] {dag.py:3047} INFO - Sync 1 DAGs
[2026-05-30T13:37:20.615+0000] {logging_mixin.py:188} INFO - [2026-05-30T13:37:20.615+0000] {dag.py:3834} INFO - Setting next_dagrun for tutorial_dag to None, run_after=None
[2026-05-30T13:37:20.633+0000] {processor.py:183} INFO - Processing /home/airflow/.local/lib/python3.8/site-packages/airflow/example_dags/tutorial_dag.py took 0.059 seconds
[2026-05-30T13:37:50.954+0000] {processor.py:161} INFO - Started process (PID=13091) to work on /home/airflow/.local/lib/python3.8/site-packages/airflow/example_dags/tutorial_dag.py
[2026-05-30T13:37:50.956+0000] {processor.py:830} INFO - Processing file /home/airflow/.local/lib/python3.8/site-packages/airflow/example_dags/tutorial_dag.py for tasks to queue
[2026-05-30T13:37:50.957+0000] {logging_mixin.py:188} INFO - [2026-05-30T13:37:50.957+0000] {dagbag.py:540} INFO - Filling up the DagBag from /home/airflow/.local/lib/python3.8/site-packages/airflow/example_dags/tutorial_dag.py
[2026-05-30T13:37:50.962+0000] {processor.py:840} INFO - DAG(s) 'tutorial_dag' retrieved from /home/airflow/.local/lib/python3.8/site-packages/airflow/example_dags/tutorial_dag.py
[2026-05-30T13:37:50.980+0000] {logging_mixin.py:188} INFO - [2026-05-30T13:37:50.980+0000] {dag.py:3047} INFO - Sync 1 DAGs
[2026-05-30T13:37:50.990+0000] {logging_mixin.py:188} INFO - [2026-05-30T13:37:50.990+0000] {dag.py:3834} INFO - Setting next_dagrun for tutorial_dag to None, run_after=None
[2026-05-30T13:37:51.008+0000] {processor.py:183} INFO - Processing /home/airflow/.local/lib/python3.8/site-packages/airflow/example_dags/tutorial_dag.py took 0.056 seconds
[2026-05-30T13:38:21.376+0000] {processor.py:161} INFO - Started process (PID=13147) to work on /home/airflow/.local/lib/python3.8/site-packages/airflow/example_dags/tutorial_dag.py
[2026-05-30T13:38:21.377+0000] {processor.py:830} INFO - Processing file /home/airflow/.local/lib/python3.8/site-packages/airflow/example_dags/tutorial_dag.py for tasks to queue
[2026-05-30T13:38:21.380+0000] {logging_mixin.py:188} INFO - [2026-05-30T13:38:21.379+0000] {dagbag.py:540} INFO - Filling up the DagBag from /home/airflow/.local/lib/python3.8/site-packages/airflow/example_dags/tutorial_dag.py
[2026-05-30T13:38:21.384+0000] {processor.py:840} INFO - DAG(s) 'tutorial_dag' retrieved from /home/airflow/.local/lib/python3.8/site-packages/airflow/example_dags/tutorial_dag.py
[2026-05-30T13:38:21.405+0000] {logging_mixin.py:188} INFO - [2026-05-30T13:38:21.404+0000] {dag.py:3047} INFO - Sync 1 DAGs
[2026-05-30T13:38:21.419+0000] {logging_mixin.py:188} INFO - [2026-05-30T13:38:21.419+0000] {dag.py:3834} INFO - Setting next_dagrun for tutorial_dag to None, run_after=None
[2026-05-30T13:38:21.439+0000] {processor.py:183} INFO - Processing /home/airflow/.local/lib/python3.8/site-packages/airflow/example_dags/tutorial_dag.py took 0.066 seconds
[2026-05-30T13:38:52.075+0000] {processor.py:161} INFO - Started process (PID=13203) to work on /home/airflow/.local/lib/python3.8/site-packages/airflow/example_dags/tutorial_dag.py
[2026-05-30T13:38:52.076+0000] {processor.py:830} INFO - Processing file /home/airflow/.local/lib/python3.8/site-packages/airflow/example_dags/tutorial_dag.py for tasks to queue
[2026-05-30T13:38:52.078+0000] {logging_mixin.py:188} INFO - [2026-05-30T13:38:52.078+0000] {dagbag.py:540} INFO - Filling up the DagBag from /home/airflow/.local/lib/python3.8/site-packages/airflow/example_dags/tutorial_dag.py
[2026-05-30T13:38:52.083+0000] {processor.py:840} INFO - DAG(s) 'tutorial_dag' retrieved from /home/airflow/.local/lib/python3.8/site-packages/airflow/example_dags/tutorial_dag.py
[2026-05-30T13:38:52.101+0000] {logging_mixin.py:188} INFO - [2026-05-30T13:38:52.101+0000] {dag.py:3047} INFO - Sync 1 DAGs
[2026-05-30T13:38:52.111+0000] {logging_mixin.py:188} INFO - [2026-05-30T13:38:52.111+0000] {dag.py:3834} INFO - Setting next_dagrun for tutorial_dag to None, run_after=None
[2026-05-30T13:38:52.128+0000] {processor.py:183} INFO - Processing /home/airflow/.local/lib/python3.8/site-packages/airflow/example_dags/tutorial_dag.py took 0.056 seconds
[2026-05-30T13:39:22.686+0000] {processor.py:161} INFO - Started process (PID=13259) to work on /home/airflow/.local/lib/python3.8/site-packages/airflow/example_dags/tutorial_dag.py
[2026-05-30T13:39:22.687+0000] {processor.py:830} INFO - Processing file /home/airflow/.local/lib/python3.8/site-packages/airflow/example_dags/tutorial_dag.py for tasks to queue
[2026-05-30T13:39:22.689+0000] {logging_mixin.py:188} INFO - [2026-05-30T13:39:22.689+0000] {dagbag.py:540} INFO - Filling up the DagBag from /home/airflow/.local/lib/python3.8/site-packages/airflow/example_dags/tutorial_dag.py
[2026-05-30T13:39:22.694+0000] {processor.py:840} INFO - DAG(s) 'tutorial_dag' retrieved from /home/airflow/.local/lib/python3.8/site-packages/airflow/example_dags/tutorial_dag.py
[2026-05-30T13:39:22.713+0000] {logging_mixin.py:188} INFO - [2026-05-30T13:39:22.712+0000] {dag.py:3047} INFO - Sync 1 DAGs
[2026-05-30T13:39:22.723+0000] {logging_mixin.py:188} INFO - [2026-05-30T13:39:22.722+0000] {dag.py:3834} INFO - Setting next_dagrun for tutorial_dag to None, run_after=None
[2026-05-30T13:39:22.741+0000] {processor.py:183} INFO - Processing /home/airflow/.local/lib/python3.8/site-packages/airflow/example_dags/tutorial_dag.py took 0.058 seconds
[2026-05-30T13:39:53.108+0000] {processor.py:161} INFO - Started process (PID=13315) to work on /home/airflow/.local/lib/python3.8/site-packages/airflow/example_dags/tutorial_dag.py
[2026-05-30T13:39:53.110+0000] {processor.py:830} INFO - Processing file /home/airflow/.local/lib/python3.8/site-packages/airflow/example_dags/tutorial_dag.py for tasks to queue
[2026-05-30T13:39:53.112+0000] {logging_mixin.py:188} INFO - [2026-05-30T13:39:53.112+0000] {dagbag.py:540} INFO - Filling up the DagBag from /home/airflow/.local/lib/python3.8/site-packages/airflow/example_dags/tutorial_dag.py
[2026-05-30T13:39:53.118+0000] {processor.py:840} INFO - DAG(s) 'tutorial_dag' retrieved from /home/airflow/.local/lib/python3.8/site-packages/airflow/example_dags/tutorial_dag.py
[2026-05-30T13:39:53.139+0000] {logging_mixin.py:188} INFO - [2026-05-30T13:39:53.138+0000] {dag.py:3047} INFO - Sync 1 DAGs
[2026-05-30T13:39:53.149+0000] {logging_mixin.py:188} INFO - [2026-05-30T13:39:53.149+0000] {dag.py:3834} INFO - Setting next_dagrun for tutorial_dag to None, run_after=None
[2026-05-30T13:39:53.167+0000] {processor.py:183} INFO - Processing /home/airflow/.local/lib/python3.8/site-packages/airflow/example_dags/tutorial_dag.py took 0.064 seconds
[2026-05-30T13:40:23.475+0000] {processor.py:161} INFO - Started process (PID=13371) to work on /home/airflow/.local/lib/python3.8/site-packages/airflow/example_dags/tutorial_dag.py
[2026-05-30T13:40:23.477+0000] {processor.py:830} INFO - Processing file /home/airflow/.local/lib/python3.8/site-packages/airflow/example_dags/tutorial_dag.py for tasks to queue
[2026-05-30T13:40:23.479+0000] {logging_mixin.py:188} INFO - [2026-05-30T13:40:23.479+0000] {dagbag.py:540} INFO - Filling up the DagBag from /home/airflow/.local/lib/python3.8/site-packages/airflow/example_dags/tutorial_dag.py
[2026-05-30T13:40:23.485+0000] {processor.py:840} INFO - DAG(s) 'tutorial_dag' retrieved from /home/airflow/.local/lib/python3.8/site-packages/airflow/example_dags/tutorial_dag.py
[2026-05-30T13:40:23.503+0000] {logging_mixin.py:188} INFO - [2026-05-30T13:40:23.503+0000] {dag.py:3047} INFO - Sync 1 DAGs
[2026-05-30T13:40:23.513+0000] {logging_mixin.py:188} INFO - [2026-05-30T13:40:23.513+0000] {dag.py:3834} INFO - Setting next_dagrun for tutorial_dag to None, run_after=None
[2026-05-30T13:40:23.533+0000] {processor.py:183} INFO - Processing /home/airflow/.local/lib/python3.8/site-packages/airflow/example_dags/tutorial_dag.py took 0.060 seconds
[2026-05-30T13:40:54.113+0000] {processor.py:161} INFO - Started process (PID=13426) to work on /home/airflow/.local/lib/python3.8/site-packages/airflow/example_dags/tutorial_dag.py
[2026-05-30T13:40:54.114+0000] {processor.py:830} INFO - Processing file /home/airflow/.local/lib/python3.8/site-packages/airflow/example_dags/tutorial_dag.py for tasks to queue
[2026-05-30T13:40:54.116+0000] {logging_mixin.py:188} INFO - [2026-05-30T13:40:54.116+0000] {dagbag.py:540} INFO - Filling up the DagBag from /home/airflow/.local/lib/python3.8/site-packages/airflow/example_dags/tutorial_dag.py
[2026-05-30T13:40:54.121+0000] {processor.py:840} INFO - DAG(s) 'tutorial_dag' retrieved from /home/airflow/.local/lib/python3.8/site-packages/airflow/example_dags/tutorial_dag.py
[2026-05-30T13:40:54.140+0000] {logging_mixin.py:188} INFO - [2026-05-30T13:40:54.140+0000] {dag.py:3047} INFO - Sync 1 DAGs
[2026-05-30T13:40:54.150+0000] {logging_mixin.py:188} INFO - [2026-05-30T13:40:54.150+0000] {dag.py:3834} INFO - Setting next_dagrun for tutorial_dag to None, run_after=None
[2026-05-30T13:40:54.168+0000] {processor.py:183} INFO - Processing /home/airflow/.local/lib/python3.8/site-packages/airflow/example_dags/tutorial_dag.py took 0.058 seconds
[2026-05-30T13:41:24.656+0000] {processor.py:161} INFO - Started process (PID=13482) to work on /home/airflow/.local/lib/python3.8/site-packages/airflow/example_dags/tutorial_dag.py
[2026-05-30T13:41:24.658+0000] {processor.py:830} INFO - Processing file /home/airflow/.local/lib/python3.8/site-packages/airflow/example_dags/tutorial_dag.py for tasks to queue
[2026-05-30T13:41:24.660+0000] {logging_mixin.py:188} INFO - [2026-05-30T13:41:24.660+0000] {dagbag.py:540} INFO - Filling up the DagBag from /home/airflow/.local/lib/python3.8/site-packages/airflow/example_dags/tutorial_dag.py
[2026-05-30T13:41:24.665+0000] {processor.py:840} INFO - DAG(s) 'tutorial_dag' retrieved from /home/airflow/.local/lib/python3.8/site-packages/airflow/example_dags/tutorial_dag.py
[2026-05-30T13:41:24.685+0000] {logging_mixin.py:188} INFO - [2026-05-30T13:41:24.684+0000] {dag.py:3047} INFO - Sync 1 DAGs
[2026-05-30T13:41:24.694+0000] {logging_mixin.py:188} INFO - [2026-05-30T13:41:24.694+0000] {dag.py:3834} INFO - Setting next_dagrun for tutorial_dag to None, run_after=None
[2026-05-30T13:41:24.713+0000] {processor.py:183} INFO - Processing /home/airflow/.local/lib/python3.8/site-packages/airflow/example_dags/tutorial_dag.py took 0.059 seconds
[2026-05-30T13:41:55.175+0000] {processor.py:161} INFO - Started process (PID=13538) to work on /home/airflow/.local/lib/python3.8/site-packages/airflow/example_dags/tutorial_dag.py
[2026-05-30T13:41:55.176+0000] {processor.py:830} INFO - Processing file /home/airflow/.local/lib/python3.8/site-packages/airflow/example_dags/tutorial_dag.py for tasks to queue
[2026-05-30T13:41:55.178+0000] {logging_mixin.py:188} INFO - [2026-05-30T13:41:55.178+0000] {dagbag.py:540} INFO - Filling up the DagBag from /home/airflow/.local/lib/python3.8/site-packages/airflow/example_dags/tutorial_dag.py
[2026-05-30T13:41:55.184+0000] {processor.py:840} INFO - DAG(s) 'tutorial_dag' retrieved from /home/airflow/.local/lib/python3.8/site-packages/airflow/example_dags/tutorial_dag.py
[2026-05-30T13:41:55.212+0000] {logging_mixin.py:188} INFO - [2026-05-30T13:41:55.212+0000] {dag.py:3047} INFO - Sync 1 DAGs
[2026-05-30T13:41:55.227+0000] {logging_mixin.py:188} INFO - [2026-05-30T13:41:55.227+0000] {dag.py:3834} INFO - Setting next_dagrun for tutorial_dag to None, run_after=None
[2026-05-30T13:41:55.259+0000] {processor.py:183} INFO - Processing /home/airflow/.local/lib/python3.8/site-packages/airflow/example_dags/tutorial_dag.py took 0.088 seconds
[2026-05-30T13:42:25.765+0000] {processor.py:161} INFO - Started process (PID=13593) to work on /home/airflow/.local/lib/python3.8/site-packages/airflow/example_dags/tutorial_dag.py
[2026-05-30T13:42:25.766+0000] {processor.py:830} INFO - Processing file /home/airflow/.local/lib/python3.8/site-packages/airflow/example_dags/tutorial_dag.py for tasks to queue
[2026-05-30T13:42:25.768+0000] {logging_mixin.py:188} INFO - [2026-05-30T13:42:25.768+0000] {dagbag.py:540} INFO - Filling up the DagBag from /home/airflow/.local/lib/python3.8/site-packages/airflow/example_dags/tutorial_dag.py
[2026-05-30T13:42:25.774+0000] {processor.py:840} INFO - DAG(s) 'tutorial_dag' retrieved from /home/airflow/.local/lib/python3.8/site-packages/airflow/example_dags/tutorial_dag.py
[2026-05-30T13:42:25.794+0000] {logging_mixin.py:188} INFO - [2026-05-30T13:42:25.794+0000] {dag.py:3047} INFO - Sync 1 DAGs
[2026-05-30T13:42:25.803+0000] {logging_mixin.py:188} INFO - [2026-05-30T13:42:25.803+0000] {dag.py:3834} INFO - Setting next_dagrun for tutorial_dag to None, run_after=None
[2026-05-30T13:42:25.820+0000] {processor.py:183} INFO - Processing /home/airflow/.local/lib/python3.8/site-packages/airflow/example_dags/tutorial_dag.py took 0.058 seconds
[2026-05-30T13:42:56.176+0000] {processor.py:161} INFO - Started process (PID=13649) to work on /home/airflow/.local/lib/python3.8/site-packages/airflow/example_dags/tutorial_dag.py
[2026-05-30T13:42:56.178+0000] {processor.py:830} INFO - Processing file /home/airflow/.local/lib/python3.8/site-packages/airflow/example_dags/tutorial_dag.py for tasks to queue
[2026-05-30T13:42:56.180+0000] {logging_mixin.py:188} INFO - [2026-05-30T13:42:56.179+0000] {dagbag.py:540} INFO - Filling up the DagBag from /home/airflow/.local/lib/python3.8/site-packages/airflow/example_dags/tutorial_dag.py
[2026-05-30T13:42:56.186+0000] {processor.py:840} INFO - DAG(s) 'tutorial_dag' retrieved from /home/airflow/.local/lib/python3.8/site-packages/airflow/example_dags/tutorial_dag.py
[2026-05-30T13:42:56.204+0000] {logging_mixin.py:188} INFO - [2026-05-30T13:42:56.204+0000] {dag.py:3047} INFO - Sync 1 DAGs
[2026-05-30T13:42:56.214+0000] {logging_mixin.py:188} INFO - [2026-05-30T13:42:56.214+0000] {dag.py:3834} INFO - Setting next_dagrun for tutorial_dag to None, run_after=None
[2026-05-30T13:42:56.232+0000] {processor.py:183} INFO - Processing /home/airflow/.local/lib/python3.8/site-packages/airflow/example_dags/tutorial_dag.py took 0.059 seconds
[2026-05-30T13:43:26.916+0000] {processor.py:161} INFO - Started process (PID=13705) to work on /home/airflow/.local/lib/python3.8/site-packages/airflow/example_dags/tutorial_dag.py
[2026-05-30T13:43:26.917+0000] {processor.py:830} INFO - Processing file /home/airflow/.local/lib/python3.8/site-packages/airflow/example_dags/tutorial_dag.py for tasks to queue
[2026-05-30T13:43:26.919+0000] {logging_mixin.py:188} INFO - [2026-05-30T13:43:26.919+0000] {dagbag.py:540} INFO - Filling up the DagBag from /home/airflow/.local/lib/python3.8/site-packages/airflow/example_dags/tutorial_dag.py
[2026-05-30T13:43:26.925+0000] {processor.py:840} INFO - DAG(s) 'tutorial_dag' retrieved from /home/airflow/.local/lib/python3.8/site-packages/airflow/example_dags/tutorial_dag.py
[2026-05-30T13:43:26.944+0000] {logging_mixin.py:188} INFO - [2026-05-30T13:43:26.944+0000] {dag.py:3047} INFO - Sync 1 DAGs
[2026-05-30T13:43:26.955+0000] {logging_mixin.py:188} INFO - [2026-05-30T13:43:26.955+0000] {dag.py:3834} INFO - Setting next_dagrun for tutorial_dag to None, run_after=None
[2026-05-30T13:43:26.975+0000] {processor.py:183} INFO - Processing /home/airflow/.local/lib/python3.8/site-packages/airflow/example_dags/tutorial_dag.py took 0.062 seconds
[2026-05-30T13:43:57.275+0000] {processor.py:161} INFO - Started process (PID=13761) to work on /home/airflow/.local/lib/python3.8/site-packages/airflow/example_dags/tutorial_dag.py
[2026-05-30T13:43:57.276+0000] {processor.py:830} INFO - Processing file /home/airflow/.local/lib/python3.8/site-packages/airflow/example_dags/tutorial_dag.py for tasks to queue
[2026-05-30T13:43:57.278+0000] {logging_mixin.py:188} INFO - [2026-05-30T13:43:57.278+0000] {dagbag.py:540} INFO - Filling up the DagBag from /home/airflow/.local/lib/python3.8/site-packages/airflow/example_dags/tutorial_dag.py
[2026-05-30T13:43:57.283+0000] {processor.py:840} INFO - DAG(s) 'tutorial_dag' retrieved from /home/airflow/.local/lib/python3.8/site-packages/airflow/example_dags/tutorial_dag.py
[2026-05-30T13:43:57.303+0000] {logging_mixin.py:188} INFO - [2026-05-30T13:43:57.302+0000] {dag.py:3047} INFO - Sync 1 DAGs
[2026-05-30T13:43:57.315+0000] {logging_mixin.py:188} INFO - [2026-05-30T13:43:57.315+0000] {dag.py:3834} INFO - Setting next_dagrun for tutorial_dag to None, run_after=None
[2026-05-30T13:43:57.333+0000] {processor.py:183} INFO - Processing /home/airflow/.local/lib/python3.8/site-packages/airflow/example_dags/tutorial_dag.py took 0.062 seconds
[2026-05-30T13:44:27.994+0000] {processor.py:161} INFO - Started process (PID=13817) to work on /home/airflow/.local/lib/python3.8/site-packages/airflow/example_dags/tutorial_dag.py
[2026-05-30T13:44:27.995+0000] {processor.py:830} INFO - Processing file /home/airflow/.local/lib/python3.8/site-packages/airflow/example_dags/tutorial_dag.py for tasks to queue
[2026-05-30T13:44:28.000+0000] {logging_mixin.py:188} INFO - [2026-05-30T13:44:28.000+0000] {dagbag.py:540} INFO - Filling up the DagBag from /home/airflow/.local/lib/python3.8/site-packages/airflow/example_dags/tutorial_dag.py
[2026-05-30T13:44:28.007+0000] {processor.py:840} INFO - DAG(s) 'tutorial_dag' retrieved from /home/airflow/.local/lib/python3.8/site-packages/airflow/example_dags/tutorial_dag.py
[2026-05-30T13:44:28.025+0000] {logging_mixin.py:188} INFO - [2026-05-30T13:44:28.024+0000] {dag.py:3047} INFO - Sync 1 DAGs
[2026-05-30T13:44:28.035+0000] {logging_mixin.py:188} INFO - [2026-05-30T13:44:28.035+0000] {dag.py:3834} INFO - Setting next_dagrun for tutorial_dag to None, run_after=None
[2026-05-30T13:44:28.054+0000] {processor.py:183} INFO - Processing /home/airflow/.local/lib/python3.8/site-packages/airflow/example_dags/tutorial_dag.py took 0.064 seconds
[2026-05-30T13:44:58.529+0000] {processor.py:161} INFO - Started process (PID=13873) to work on /home/airflow/.local/lib/python3.8/site-packages/airflow/example_dags/tutorial_dag.py
[2026-05-30T13:44:58.530+0000] {processor.py:830} INFO - Processing file /home/airflow/.local/lib/python3.8/site-packages/airflow/example_dags/tutorial_dag.py for tasks to queue
[2026-05-30T13:44:58.532+0000] {logging_mixin.py:188} INFO - [2026-05-30T13:44:58.532+0000] {dagbag.py:540} INFO - Filling up the DagBag from /home/airflow/.local/lib/python3.8/site-packages/airflow/example_dags/tutorial_dag.py
[2026-05-30T13:44:58.538+0000] {processor.py:840} INFO - DAG(s) 'tutorial_dag' retrieved from /home/airflow/.local/lib/python3.8/site-packages/airflow/example_dags/tutorial_dag.py
[2026-05-30T13:44:58.555+0000] {logging_mixin.py:188} INFO - [2026-05-30T13:44:58.555+0000] {dag.py:3047} INFO - Sync 1 DAGs
[2026-05-30T13:44:58.565+0000] {logging_mixin.py:188} INFO - [2026-05-30T13:44:58.565+0000] {dag.py:3834} INFO - Setting next_dagrun for tutorial_dag to None, run_after=None
[2026-05-30T13:44:58.583+0000] {processor.py:183} INFO - Processing /home/airflow/.local/lib/python3.8/site-packages/airflow/example_dags/tutorial_dag.py took 0.057 seconds
[2026-05-30T13:45:29.244+0000] {processor.py:161} INFO - Started process (PID=13929) to work on /home/airflow/.local/lib/python3.8/site-packages/airflow/example_dags/tutorial_dag.py
[2026-05-30T13:45:29.245+0000] {processor.py:830} INFO - Processing file /home/airflow/.local/lib/python3.8/site-packages/airflow/example_dags/tutorial_dag.py for tasks to queue
[2026-05-30T13:45:29.248+0000] {logging_mixin.py:188} INFO - [2026-05-30T13:45:29.247+0000] {dagbag.py:540} INFO - Filling up the DagBag from /home/airflow/.local/lib/python3.8/site-packages/airflow/example_dags/tutorial_dag.py
[2026-05-30T13:45:29.253+0000] {processor.py:840} INFO - DAG(s) 'tutorial_dag' retrieved from /home/airflow/.local/lib/python3.8/site-packages/airflow/example_dags/tutorial_dag.py
[2026-05-30T13:45:29.270+0000] {logging_mixin.py:188} INFO - [2026-05-30T13:45:29.270+0000] {dag.py:3047} INFO - Sync 1 DAGs
[2026-05-30T13:45:29.280+0000] {logging_mixin.py:188} INFO - [2026-05-30T13:45:29.280+0000] {dag.py:3834} INFO - Setting next_dagrun for tutorial_dag to None, run_after=None
[2026-05-30T13:45:29.302+0000] {processor.py:183} INFO - Processing /home/airflow/.local/lib/python3.8/site-packages/airflow/example_dags/tutorial_dag.py took 0.061 seconds
[2026-05-30T13:45:59.815+0000] {processor.py:161} INFO - Started process (PID=13985) to work on /home/airflow/.local/lib/python3.8/site-packages/airflow/example_dags/tutorial_dag.py
[2026-05-30T13:45:59.817+0000] {processor.py:830} INFO - Processing file /home/airflow/.local/lib/python3.8/site-packages/airflow/example_dags/tutorial_dag.py for tasks to queue
[2026-05-30T13:45:59.819+0000] {logging_mixin.py:188} INFO - [2026-05-30T13:45:59.819+0000] {dagbag.py:540} INFO - Filling up the DagBag from /home/airflow/.local/lib/python3.8/site-packages/airflow/example_dags/tutorial_dag.py
[2026-05-30T13:45:59.826+0000] {processor.py:840} INFO - DAG(s) 'tutorial_dag' retrieved from /home/airflow/.local/lib/python3.8/site-packages/airflow/example_dags/tutorial_dag.py
[2026-05-30T13:45:59.849+0000] {logging_mixin.py:188} INFO - [2026-05-30T13:45:59.849+0000] {dag.py:3047} INFO - Sync 1 DAGs
[2026-05-30T13:45:59.859+0000] {logging_mixin.py:188} INFO - [2026-05-30T13:45:59.859+0000] {dag.py:3834} INFO - Setting next_dagrun for tutorial_dag to None, run_after=None
[2026-05-30T13:45:59.877+0000] {processor.py:183} INFO - Processing /home/airflow/.local/lib/python3.8/site-packages/airflow/example_dags/tutorial_dag.py took 0.065 seconds
[2026-05-30T13:46:30.528+0000] {processor.py:161} INFO - Started process (PID=14041) to work on /home/airflow/.local/lib/python3.8/site-packages/airflow/example_dags/tutorial_dag.py
[2026-05-30T13:46:30.529+0000] {processor.py:830} INFO - Processing file /home/airflow/.local/lib/python3.8/site-packages/airflow/example_dags/tutorial_dag.py for tasks to queue
[2026-05-30T13:46:30.532+0000] {logging_mixin.py:188} INFO - [2026-05-30T13:46:30.531+0000] {dagbag.py:540} INFO - Filling up the DagBag from /home/airflow/.local/lib/python3.8/site-packages/airflow/example_dags/tutorial_dag.py
[2026-05-30T13:46:30.537+0000] {processor.py:840} INFO - DAG(s) 'tutorial_dag' retrieved from /home/airflow/.local/lib/python3.8/site-packages/airflow/example_dags/tutorial_dag.py
[2026-05-30T13:46:30.556+0000] {logging_mixin.py:188} INFO - [2026-05-30T13:46:30.556+0000] {dag.py:3047} INFO - Sync 1 DAGs
[2026-05-30T13:46:30.567+0000] {logging_mixin.py:188} INFO - [2026-05-30T13:46:30.567+0000] {dag.py:3834} INFO - Setting next_dagrun for tutorial_dag to None, run_after=None
[2026-05-30T13:46:30.585+0000] {processor.py:183} INFO - Processing /home/airflow/.local/lib/python3.8/site-packages/airflow/example_dags/tutorial_dag.py took 0.060 seconds
