[2026-05-17T20:56:41.580+0000] {processor.py:161} INFO - Started process (PID=105) to work on /home/airflow/.local/lib/python3.8/site-packages/airflow/example_dags/example_xcom.py
[2026-05-17T20:56:41.582+0000] {processor.py:830} INFO - Processing file /home/airflow/.local/lib/python3.8/site-packages/airflow/example_dags/example_xcom.py for tasks to queue
[2026-05-17T20:56:41.586+0000] {logging_mixin.py:188} INFO - [2026-05-17T20:56:41.585+0000] {dagbag.py:540} INFO - Filling up the DagBag from /home/airflow/.local/lib/python3.8/site-packages/airflow/example_dags/example_xcom.py
[2026-05-17T20:56:41.605+0000] {processor.py:840} INFO - DAG(s) 'example_xcom' retrieved from /home/airflow/.local/lib/python3.8/site-packages/airflow/example_dags/example_xcom.py
[2026-05-17T20:56:41.631+0000] {logging_mixin.py:188} INFO - [2026-05-17T20:56:41.631+0000] {dag.py:3047} INFO - Sync 1 DAGs
[2026-05-17T20:56:41.666+0000] {logging_mixin.py:188} INFO - [2026-05-17T20:56:41.666+0000] {dag.py:3834} INFO - Setting next_dagrun for example_xcom to 2021-01-01 00:00:00+00:00, run_after=2021-01-01 00:00:00+00:00
[2026-05-17T20:56:41.704+0000] {processor.py:183} INFO - Processing /home/airflow/.local/lib/python3.8/site-packages/airflow/example_dags/example_xcom.py took 0.130 seconds
[2026-05-17T20:57:11.962+0000] {processor.py:161} INFO - Started process (PID=160) to work on /home/airflow/.local/lib/python3.8/site-packages/airflow/example_dags/example_xcom.py
[2026-05-17T20:57:11.964+0000] {processor.py:830} INFO - Processing file /home/airflow/.local/lib/python3.8/site-packages/airflow/example_dags/example_xcom.py for tasks to queue
[2026-05-17T20:57:11.966+0000] {logging_mixin.py:188} INFO - [2026-05-17T20:57:11.965+0000] {dagbag.py:540} INFO - Filling up the DagBag from /home/airflow/.local/lib/python3.8/site-packages/airflow/example_dags/example_xcom.py
[2026-05-17T20:57:11.973+0000] {processor.py:840} INFO - DAG(s) 'example_xcom' retrieved from /home/airflow/.local/lib/python3.8/site-packages/airflow/example_dags/example_xcom.py
[2026-05-17T20:57:12.056+0000] {logging_mixin.py:188} INFO - [2026-05-17T20:57:12.056+0000] {dag.py:3047} INFO - Sync 1 DAGs
[2026-05-17T20:57:12.072+0000] {logging_mixin.py:188} INFO - [2026-05-17T20:57:12.072+0000] {dag.py:3834} INFO - Setting next_dagrun for example_xcom to 2021-01-01 00:00:00+00:00, run_after=2021-01-01 00:00:00+00:00
[2026-05-17T20:57:12.092+0000] {processor.py:183} INFO - Processing /home/airflow/.local/lib/python3.8/site-packages/airflow/example_dags/example_xcom.py took 0.132 seconds
[2026-05-17T20:57:42.612+0000] {processor.py:161} INFO - Started process (PID=215) to work on /home/airflow/.local/lib/python3.8/site-packages/airflow/example_dags/example_xcom.py
[2026-05-17T20:57:42.614+0000] {processor.py:830} INFO - Processing file /home/airflow/.local/lib/python3.8/site-packages/airflow/example_dags/example_xcom.py for tasks to queue
[2026-05-17T20:57:42.619+0000] {logging_mixin.py:188} INFO - [2026-05-17T20:57:42.617+0000] {dagbag.py:540} INFO - Filling up the DagBag from /home/airflow/.local/lib/python3.8/site-packages/airflow/example_dags/example_xcom.py
[2026-05-17T20:57:42.638+0000] {processor.py:840} INFO - DAG(s) 'example_xcom' retrieved from /home/airflow/.local/lib/python3.8/site-packages/airflow/example_dags/example_xcom.py
[2026-05-17T20:57:42.672+0000] {logging_mixin.py:188} INFO - [2026-05-17T20:57:42.671+0000] {dag.py:3047} INFO - Sync 1 DAGs
[2026-05-17T20:57:42.697+0000] {logging_mixin.py:188} INFO - [2026-05-17T20:57:42.697+0000] {dag.py:3834} INFO - Setting next_dagrun for example_xcom to 2021-01-01 00:00:00+00:00, run_after=2021-01-01 00:00:00+00:00
[2026-05-17T20:57:42.727+0000] {processor.py:183} INFO - Processing /home/airflow/.local/lib/python3.8/site-packages/airflow/example_dags/example_xcom.py took 0.122 seconds
[2026-05-17T20:58:13.512+0000] {processor.py:161} INFO - Started process (PID=270) to work on /home/airflow/.local/lib/python3.8/site-packages/airflow/example_dags/example_xcom.py
[2026-05-17T20:58:13.514+0000] {processor.py:830} INFO - Processing file /home/airflow/.local/lib/python3.8/site-packages/airflow/example_dags/example_xcom.py for tasks to queue
[2026-05-17T20:58:13.516+0000] {logging_mixin.py:188} INFO - [2026-05-17T20:58:13.516+0000] {dagbag.py:540} INFO - Filling up the DagBag from /home/airflow/.local/lib/python3.8/site-packages/airflow/example_dags/example_xcom.py
[2026-05-17T20:58:13.524+0000] {processor.py:840} INFO - DAG(s) 'example_xcom' retrieved from /home/airflow/.local/lib/python3.8/site-packages/airflow/example_dags/example_xcom.py
[2026-05-17T20:58:13.551+0000] {logging_mixin.py:188} INFO - [2026-05-17T20:58:13.551+0000] {dag.py:3047} INFO - Sync 1 DAGs
[2026-05-17T20:58:13.574+0000] {logging_mixin.py:188} INFO - [2026-05-17T20:58:13.574+0000] {dag.py:3834} INFO - Setting next_dagrun for example_xcom to 2021-01-01 00:00:00+00:00, run_after=2021-01-01 00:00:00+00:00
[2026-05-17T20:58:13.599+0000] {processor.py:183} INFO - Processing /home/airflow/.local/lib/python3.8/site-packages/airflow/example_dags/example_xcom.py took 0.091 seconds
[2026-05-17T20:58:44.193+0000] {processor.py:161} INFO - Started process (PID=325) to work on /home/airflow/.local/lib/python3.8/site-packages/airflow/example_dags/example_xcom.py
[2026-05-17T20:58:44.195+0000] {processor.py:830} INFO - Processing file /home/airflow/.local/lib/python3.8/site-packages/airflow/example_dags/example_xcom.py for tasks to queue
[2026-05-17T20:58:44.198+0000] {logging_mixin.py:188} INFO - [2026-05-17T20:58:44.198+0000] {dagbag.py:540} INFO - Filling up the DagBag from /home/airflow/.local/lib/python3.8/site-packages/airflow/example_dags/example_xcom.py
[2026-05-17T20:58:44.214+0000] {processor.py:840} INFO - DAG(s) 'example_xcom' retrieved from /home/airflow/.local/lib/python3.8/site-packages/airflow/example_dags/example_xcom.py
[2026-05-17T20:58:44.261+0000] {logging_mixin.py:188} INFO - [2026-05-17T20:58:44.261+0000] {dag.py:3047} INFO - Sync 1 DAGs
[2026-05-17T20:58:44.308+0000] {logging_mixin.py:188} INFO - [2026-05-17T20:58:44.308+0000] {dag.py:3834} INFO - Setting next_dagrun for example_xcom to 2021-01-01 00:00:00+00:00, run_after=2021-01-01 00:00:00+00:00
[2026-05-17T20:58:44.364+0000] {processor.py:183} INFO - Processing /home/airflow/.local/lib/python3.8/site-packages/airflow/example_dags/example_xcom.py took 0.178 seconds
[2026-05-17T20:59:15.115+0000] {processor.py:161} INFO - Started process (PID=380) to work on /home/airflow/.local/lib/python3.8/site-packages/airflow/example_dags/example_xcom.py
[2026-05-17T20:59:15.116+0000] {processor.py:830} INFO - Processing file /home/airflow/.local/lib/python3.8/site-packages/airflow/example_dags/example_xcom.py for tasks to queue
[2026-05-17T20:59:15.121+0000] {logging_mixin.py:188} INFO - [2026-05-17T20:59:15.120+0000] {dagbag.py:540} INFO - Filling up the DagBag from /home/airflow/.local/lib/python3.8/site-packages/airflow/example_dags/example_xcom.py
[2026-05-17T20:59:15.130+0000] {processor.py:840} INFO - DAG(s) 'example_xcom' retrieved from /home/airflow/.local/lib/python3.8/site-packages/airflow/example_dags/example_xcom.py
[2026-05-17T20:59:15.155+0000] {logging_mixin.py:188} INFO - [2026-05-17T20:59:15.155+0000] {dag.py:3047} INFO - Sync 1 DAGs
[2026-05-17T20:59:15.175+0000] {logging_mixin.py:188} INFO - [2026-05-17T20:59:15.175+0000] {dag.py:3834} INFO - Setting next_dagrun for example_xcom to 2021-01-01 00:00:00+00:00, run_after=2021-01-01 00:00:00+00:00
[2026-05-17T20:59:15.192+0000] {processor.py:183} INFO - Processing /home/airflow/.local/lib/python3.8/site-packages/airflow/example_dags/example_xcom.py took 0.081 seconds
[2026-05-17T20:59:46.007+0000] {processor.py:161} INFO - Started process (PID=435) to work on /home/airflow/.local/lib/python3.8/site-packages/airflow/example_dags/example_xcom.py
[2026-05-17T20:59:46.008+0000] {processor.py:830} INFO - Processing file /home/airflow/.local/lib/python3.8/site-packages/airflow/example_dags/example_xcom.py for tasks to queue
[2026-05-17T20:59:46.010+0000] {logging_mixin.py:188} INFO - [2026-05-17T20:59:46.010+0000] {dagbag.py:540} INFO - Filling up the DagBag from /home/airflow/.local/lib/python3.8/site-packages/airflow/example_dags/example_xcom.py
[2026-05-17T20:59:46.021+0000] {processor.py:840} INFO - DAG(s) 'example_xcom' retrieved from /home/airflow/.local/lib/python3.8/site-packages/airflow/example_dags/example_xcom.py
[2026-05-17T20:59:46.040+0000] {logging_mixin.py:188} INFO - [2026-05-17T20:59:46.040+0000] {dag.py:3047} INFO - Sync 1 DAGs
[2026-05-17T20:59:46.058+0000] {logging_mixin.py:188} INFO - [2026-05-17T20:59:46.058+0000] {dag.py:3834} INFO - Setting next_dagrun for example_xcom to 2021-01-01 00:00:00+00:00, run_after=2021-01-01 00:00:00+00:00
[2026-05-17T20:59:46.079+0000] {processor.py:183} INFO - Processing /home/airflow/.local/lib/python3.8/site-packages/airflow/example_dags/example_xcom.py took 0.075 seconds
[2026-05-17T21:00:16.165+0000] {processor.py:161} INFO - Started process (PID=489) to work on /home/airflow/.local/lib/python3.8/site-packages/airflow/example_dags/example_xcom.py
[2026-05-17T21:00:16.168+0000] {processor.py:830} INFO - Processing file /home/airflow/.local/lib/python3.8/site-packages/airflow/example_dags/example_xcom.py for tasks to queue
[2026-05-17T21:00:16.170+0000] {logging_mixin.py:188} INFO - [2026-05-17T21:00:16.169+0000] {dagbag.py:540} INFO - Filling up the DagBag from /home/airflow/.local/lib/python3.8/site-packages/airflow/example_dags/example_xcom.py
[2026-05-17T21:00:16.176+0000] {processor.py:840} INFO - DAG(s) 'example_xcom' retrieved from /home/airflow/.local/lib/python3.8/site-packages/airflow/example_dags/example_xcom.py
[2026-05-17T21:00:16.198+0000] {logging_mixin.py:188} INFO - [2026-05-17T21:00:16.198+0000] {dag.py:3047} INFO - Sync 1 DAGs
[2026-05-17T21:00:16.222+0000] {logging_mixin.py:188} INFO - [2026-05-17T21:00:16.221+0000] {dag.py:3834} INFO - Setting next_dagrun for example_xcom to 2021-01-01 00:00:00+00:00, run_after=2021-01-01 00:00:00+00:00
[2026-05-17T21:00:16.241+0000] {processor.py:183} INFO - Processing /home/airflow/.local/lib/python3.8/site-packages/airflow/example_dags/example_xcom.py took 0.080 seconds
[2026-05-17T21:00:46.438+0000] {processor.py:161} INFO - Started process (PID=544) to work on /home/airflow/.local/lib/python3.8/site-packages/airflow/example_dags/example_xcom.py
[2026-05-17T21:00:46.440+0000] {processor.py:830} INFO - Processing file /home/airflow/.local/lib/python3.8/site-packages/airflow/example_dags/example_xcom.py for tasks to queue
[2026-05-17T21:00:46.444+0000] {logging_mixin.py:188} INFO - [2026-05-17T21:00:46.443+0000] {dagbag.py:540} INFO - Filling up the DagBag from /home/airflow/.local/lib/python3.8/site-packages/airflow/example_dags/example_xcom.py
[2026-05-17T21:00:46.453+0000] {processor.py:840} INFO - DAG(s) 'example_xcom' retrieved from /home/airflow/.local/lib/python3.8/site-packages/airflow/example_dags/example_xcom.py
[2026-05-17T21:00:46.479+0000] {logging_mixin.py:188} INFO - [2026-05-17T21:00:46.479+0000] {dag.py:3047} INFO - Sync 1 DAGs
[2026-05-17T21:00:46.498+0000] {logging_mixin.py:188} INFO - [2026-05-17T21:00:46.498+0000] {dag.py:3834} INFO - Setting next_dagrun for example_xcom to 2021-01-01 00:00:00+00:00, run_after=2021-01-01 00:00:00+00:00
[2026-05-17T21:00:46.519+0000] {processor.py:183} INFO - Processing /home/airflow/.local/lib/python3.8/site-packages/airflow/example_dags/example_xcom.py took 0.085 seconds
[2026-05-17T21:01:16.562+0000] {processor.py:161} INFO - Started process (PID=599) to work on /home/airflow/.local/lib/python3.8/site-packages/airflow/example_dags/example_xcom.py
[2026-05-17T21:01:16.564+0000] {processor.py:830} INFO - Processing file /home/airflow/.local/lib/python3.8/site-packages/airflow/example_dags/example_xcom.py for tasks to queue
[2026-05-17T21:01:16.566+0000] {logging_mixin.py:188} INFO - [2026-05-17T21:01:16.566+0000] {dagbag.py:540} INFO - Filling up the DagBag from /home/airflow/.local/lib/python3.8/site-packages/airflow/example_dags/example_xcom.py
[2026-05-17T21:01:16.574+0000] {processor.py:840} INFO - DAG(s) 'example_xcom' retrieved from /home/airflow/.local/lib/python3.8/site-packages/airflow/example_dags/example_xcom.py
[2026-05-17T21:01:16.593+0000] {logging_mixin.py:188} INFO - [2026-05-17T21:01:16.593+0000] {dag.py:3047} INFO - Sync 1 DAGs
[2026-05-17T21:01:16.610+0000] {logging_mixin.py:188} INFO - [2026-05-17T21:01:16.610+0000] {dag.py:3834} INFO - Setting next_dagrun for example_xcom to 2021-01-01 00:00:00+00:00, run_after=2021-01-01 00:00:00+00:00
[2026-05-17T21:01:16.629+0000] {processor.py:183} INFO - Processing /home/airflow/.local/lib/python3.8/site-packages/airflow/example_dags/example_xcom.py took 0.070 seconds
[2026-05-17T21:01:47.143+0000] {processor.py:161} INFO - Started process (PID=654) to work on /home/airflow/.local/lib/python3.8/site-packages/airflow/example_dags/example_xcom.py
[2026-05-17T21:01:47.145+0000] {processor.py:830} INFO - Processing file /home/airflow/.local/lib/python3.8/site-packages/airflow/example_dags/example_xcom.py for tasks to queue
[2026-05-17T21:01:47.147+0000] {logging_mixin.py:188} INFO - [2026-05-17T21:01:47.146+0000] {dagbag.py:540} INFO - Filling up the DagBag from /home/airflow/.local/lib/python3.8/site-packages/airflow/example_dags/example_xcom.py
[2026-05-17T21:01:47.155+0000] {processor.py:840} INFO - DAG(s) 'example_xcom' retrieved from /home/airflow/.local/lib/python3.8/site-packages/airflow/example_dags/example_xcom.py
[2026-05-17T21:01:47.176+0000] {logging_mixin.py:188} INFO - [2026-05-17T21:01:47.176+0000] {dag.py:3047} INFO - Sync 1 DAGs
[2026-05-17T21:01:47.197+0000] {logging_mixin.py:188} INFO - [2026-05-17T21:01:47.197+0000] {dag.py:3834} INFO - Setting next_dagrun for example_xcom to 2021-01-01 00:00:00+00:00, run_after=2021-01-01 00:00:00+00:00
[2026-05-17T21:01:47.220+0000] {processor.py:183} INFO - Processing /home/airflow/.local/lib/python3.8/site-packages/airflow/example_dags/example_xcom.py took 0.079 seconds
[2026-05-17T21:02:17.459+0000] {processor.py:161} INFO - Started process (PID=709) to work on /home/airflow/.local/lib/python3.8/site-packages/airflow/example_dags/example_xcom.py
[2026-05-17T21:02:17.460+0000] {processor.py:830} INFO - Processing file /home/airflow/.local/lib/python3.8/site-packages/airflow/example_dags/example_xcom.py for tasks to queue
[2026-05-17T21:02:17.463+0000] {logging_mixin.py:188} INFO - [2026-05-17T21:02:17.463+0000] {dagbag.py:540} INFO - Filling up the DagBag from /home/airflow/.local/lib/python3.8/site-packages/airflow/example_dags/example_xcom.py
[2026-05-17T21:02:17.469+0000] {processor.py:840} INFO - DAG(s) 'example_xcom' retrieved from /home/airflow/.local/lib/python3.8/site-packages/airflow/example_dags/example_xcom.py
[2026-05-17T21:02:17.489+0000] {logging_mixin.py:188} INFO - [2026-05-17T21:02:17.489+0000] {dag.py:3047} INFO - Sync 1 DAGs
[2026-05-17T21:02:17.506+0000] {logging_mixin.py:188} INFO - [2026-05-17T21:02:17.506+0000] {dag.py:3834} INFO - Setting next_dagrun for example_xcom to 2021-01-01 00:00:00+00:00, run_after=2021-01-01 00:00:00+00:00
[2026-05-17T21:02:17.523+0000] {processor.py:183} INFO - Processing /home/airflow/.local/lib/python3.8/site-packages/airflow/example_dags/example_xcom.py took 0.066 seconds
[2026-05-17T21:02:48.095+0000] {processor.py:161} INFO - Started process (PID=764) to work on /home/airflow/.local/lib/python3.8/site-packages/airflow/example_dags/example_xcom.py
[2026-05-17T21:02:48.097+0000] {processor.py:830} INFO - Processing file /home/airflow/.local/lib/python3.8/site-packages/airflow/example_dags/example_xcom.py for tasks to queue
[2026-05-17T21:02:48.098+0000] {logging_mixin.py:188} INFO - [2026-05-17T21:02:48.098+0000] {dagbag.py:540} INFO - Filling up the DagBag from /home/airflow/.local/lib/python3.8/site-packages/airflow/example_dags/example_xcom.py
[2026-05-17T21:02:48.107+0000] {processor.py:840} INFO - DAG(s) 'example_xcom' retrieved from /home/airflow/.local/lib/python3.8/site-packages/airflow/example_dags/example_xcom.py
[2026-05-17T21:02:48.127+0000] {logging_mixin.py:188} INFO - [2026-05-17T21:02:48.127+0000] {dag.py:3047} INFO - Sync 1 DAGs
[2026-05-17T21:02:48.143+0000] {logging_mixin.py:188} INFO - [2026-05-17T21:02:48.143+0000] {dag.py:3834} INFO - Setting next_dagrun for example_xcom to 2021-01-01 00:00:00+00:00, run_after=2021-01-01 00:00:00+00:00
[2026-05-17T21:02:48.162+0000] {processor.py:183} INFO - Processing /home/airflow/.local/lib/python3.8/site-packages/airflow/example_dags/example_xcom.py took 0.070 seconds
[2026-05-17T21:03:18.885+0000] {processor.py:161} INFO - Started process (PID=819) to work on /home/airflow/.local/lib/python3.8/site-packages/airflow/example_dags/example_xcom.py
[2026-05-17T21:03:18.887+0000] {processor.py:830} INFO - Processing file /home/airflow/.local/lib/python3.8/site-packages/airflow/example_dags/example_xcom.py for tasks to queue
[2026-05-17T21:03:18.890+0000] {logging_mixin.py:188} INFO - [2026-05-17T21:03:18.889+0000] {dagbag.py:540} INFO - Filling up the DagBag from /home/airflow/.local/lib/python3.8/site-packages/airflow/example_dags/example_xcom.py
[2026-05-17T21:03:18.896+0000] {processor.py:840} INFO - DAG(s) 'example_xcom' retrieved from /home/airflow/.local/lib/python3.8/site-packages/airflow/example_dags/example_xcom.py
[2026-05-17T21:03:18.918+0000] {logging_mixin.py:188} INFO - [2026-05-17T21:03:18.917+0000] {dag.py:3047} INFO - Sync 1 DAGs
[2026-05-17T21:03:18.935+0000] {logging_mixin.py:188} INFO - [2026-05-17T21:03:18.934+0000] {dag.py:3834} INFO - Setting next_dagrun for example_xcom to 2021-01-01 00:00:00+00:00, run_after=2021-01-01 00:00:00+00:00
[2026-05-17T21:03:18.950+0000] {processor.py:183} INFO - Processing /home/airflow/.local/lib/python3.8/site-packages/airflow/example_dags/example_xcom.py took 0.068 seconds
[2026-05-17T21:03:49.697+0000] {processor.py:161} INFO - Started process (PID=874) to work on /home/airflow/.local/lib/python3.8/site-packages/airflow/example_dags/example_xcom.py
[2026-05-17T21:03:49.699+0000] {processor.py:830} INFO - Processing file /home/airflow/.local/lib/python3.8/site-packages/airflow/example_dags/example_xcom.py for tasks to queue
[2026-05-17T21:03:49.701+0000] {logging_mixin.py:188} INFO - [2026-05-17T21:03:49.701+0000] {dagbag.py:540} INFO - Filling up the DagBag from /home/airflow/.local/lib/python3.8/site-packages/airflow/example_dags/example_xcom.py
[2026-05-17T21:03:49.708+0000] {processor.py:840} INFO - DAG(s) 'example_xcom' retrieved from /home/airflow/.local/lib/python3.8/site-packages/airflow/example_dags/example_xcom.py
[2026-05-17T21:03:49.726+0000] {logging_mixin.py:188} INFO - [2026-05-17T21:03:49.725+0000] {dag.py:3047} INFO - Sync 1 DAGs
[2026-05-17T21:03:49.742+0000] {logging_mixin.py:188} INFO - [2026-05-17T21:03:49.742+0000] {dag.py:3834} INFO - Setting next_dagrun for example_xcom to 2021-01-01 00:00:00+00:00, run_after=2021-01-01 00:00:00+00:00
[2026-05-17T21:03:49.759+0000] {processor.py:183} INFO - Processing /home/airflow/.local/lib/python3.8/site-packages/airflow/example_dags/example_xcom.py took 0.064 seconds
[2026-05-17T21:04:20.126+0000] {processor.py:161} INFO - Started process (PID=929) to work on /home/airflow/.local/lib/python3.8/site-packages/airflow/example_dags/example_xcom.py
[2026-05-17T21:04:20.127+0000] {processor.py:830} INFO - Processing file /home/airflow/.local/lib/python3.8/site-packages/airflow/example_dags/example_xcom.py for tasks to queue
[2026-05-17T21:04:20.130+0000] {logging_mixin.py:188} INFO - [2026-05-17T21:04:20.129+0000] {dagbag.py:540} INFO - Filling up the DagBag from /home/airflow/.local/lib/python3.8/site-packages/airflow/example_dags/example_xcom.py
[2026-05-17T21:04:20.139+0000] {processor.py:840} INFO - DAG(s) 'example_xcom' retrieved from /home/airflow/.local/lib/python3.8/site-packages/airflow/example_dags/example_xcom.py
[2026-05-17T21:04:20.158+0000] {logging_mixin.py:188} INFO - [2026-05-17T21:04:20.158+0000] {dag.py:3047} INFO - Sync 1 DAGs
[2026-05-17T21:04:20.178+0000] {logging_mixin.py:188} INFO - [2026-05-17T21:04:20.177+0000] {dag.py:3834} INFO - Setting next_dagrun for example_xcom to 2021-01-01 00:00:00+00:00, run_after=2021-01-01 00:00:00+00:00
[2026-05-17T21:04:20.196+0000] {processor.py:183} INFO - Processing /home/airflow/.local/lib/python3.8/site-packages/airflow/example_dags/example_xcom.py took 0.074 seconds
[2026-05-17T21:04:50.420+0000] {processor.py:161} INFO - Started process (PID=984) to work on /home/airflow/.local/lib/python3.8/site-packages/airflow/example_dags/example_xcom.py
[2026-05-17T21:04:50.422+0000] {processor.py:830} INFO - Processing file /home/airflow/.local/lib/python3.8/site-packages/airflow/example_dags/example_xcom.py for tasks to queue
[2026-05-17T21:04:50.424+0000] {logging_mixin.py:188} INFO - [2026-05-17T21:04:50.423+0000] {dagbag.py:540} INFO - Filling up the DagBag from /home/airflow/.local/lib/python3.8/site-packages/airflow/example_dags/example_xcom.py
[2026-05-17T21:04:50.431+0000] {processor.py:840} INFO - DAG(s) 'example_xcom' retrieved from /home/airflow/.local/lib/python3.8/site-packages/airflow/example_dags/example_xcom.py
[2026-05-17T21:04:50.453+0000] {logging_mixin.py:188} INFO - [2026-05-17T21:04:50.452+0000] {dag.py:3047} INFO - Sync 1 DAGs
[2026-05-17T21:04:50.470+0000] {logging_mixin.py:188} INFO - [2026-05-17T21:04:50.470+0000] {dag.py:3834} INFO - Setting next_dagrun for example_xcom to 2021-01-01 00:00:00+00:00, run_after=2021-01-01 00:00:00+00:00
[2026-05-17T21:04:50.486+0000] {processor.py:183} INFO - Processing /home/airflow/.local/lib/python3.8/site-packages/airflow/example_dags/example_xcom.py took 0.069 seconds
[2026-05-17T21:05:20.863+0000] {processor.py:161} INFO - Started process (PID=1039) to work on /home/airflow/.local/lib/python3.8/site-packages/airflow/example_dags/example_xcom.py
[2026-05-17T21:05:20.864+0000] {processor.py:830} INFO - Processing file /home/airflow/.local/lib/python3.8/site-packages/airflow/example_dags/example_xcom.py for tasks to queue
[2026-05-17T21:05:20.866+0000] {logging_mixin.py:188} INFO - [2026-05-17T21:05:20.866+0000] {dagbag.py:540} INFO - Filling up the DagBag from /home/airflow/.local/lib/python3.8/site-packages/airflow/example_dags/example_xcom.py
[2026-05-17T21:05:20.872+0000] {processor.py:840} INFO - DAG(s) 'example_xcom' retrieved from /home/airflow/.local/lib/python3.8/site-packages/airflow/example_dags/example_xcom.py
[2026-05-17T21:05:20.891+0000] {logging_mixin.py:188} INFO - [2026-05-17T21:05:20.891+0000] {dag.py:3047} INFO - Sync 1 DAGs
[2026-05-17T21:05:20.907+0000] {logging_mixin.py:188} INFO - [2026-05-17T21:05:20.907+0000] {dag.py:3834} INFO - Setting next_dagrun for example_xcom to 2021-01-01 00:00:00+00:00, run_after=2021-01-01 00:00:00+00:00
[2026-05-17T21:05:20.927+0000] {processor.py:183} INFO - Processing /home/airflow/.local/lib/python3.8/site-packages/airflow/example_dags/example_xcom.py took 0.067 seconds
[2026-05-17T21:05:51.230+0000] {processor.py:161} INFO - Started process (PID=1094) to work on /home/airflow/.local/lib/python3.8/site-packages/airflow/example_dags/example_xcom.py
[2026-05-17T21:05:51.232+0000] {processor.py:830} INFO - Processing file /home/airflow/.local/lib/python3.8/site-packages/airflow/example_dags/example_xcom.py for tasks to queue
[2026-05-17T21:05:51.235+0000] {logging_mixin.py:188} INFO - [2026-05-17T21:05:51.235+0000] {dagbag.py:540} INFO - Filling up the DagBag from /home/airflow/.local/lib/python3.8/site-packages/airflow/example_dags/example_xcom.py
[2026-05-17T21:05:51.243+0000] {processor.py:840} INFO - DAG(s) 'example_xcom' retrieved from /home/airflow/.local/lib/python3.8/site-packages/airflow/example_dags/example_xcom.py
[2026-05-17T21:05:51.273+0000] {logging_mixin.py:188} INFO - [2026-05-17T21:05:51.272+0000] {dag.py:3047} INFO - Sync 1 DAGs
[2026-05-17T21:05:51.295+0000] {logging_mixin.py:188} INFO - [2026-05-17T21:05:51.295+0000] {dag.py:3834} INFO - Setting next_dagrun for example_xcom to 2021-01-01 00:00:00+00:00, run_after=2021-01-01 00:00:00+00:00
[2026-05-17T21:05:51.321+0000] {processor.py:183} INFO - Processing /home/airflow/.local/lib/python3.8/site-packages/airflow/example_dags/example_xcom.py took 0.095 seconds
[2026-05-17T21:06:21.604+0000] {processor.py:161} INFO - Started process (PID=1149) to work on /home/airflow/.local/lib/python3.8/site-packages/airflow/example_dags/example_xcom.py
[2026-05-17T21:06:21.605+0000] {processor.py:830} INFO - Processing file /home/airflow/.local/lib/python3.8/site-packages/airflow/example_dags/example_xcom.py for tasks to queue
[2026-05-17T21:06:21.607+0000] {logging_mixin.py:188} INFO - [2026-05-17T21:06:21.607+0000] {dagbag.py:540} INFO - Filling up the DagBag from /home/airflow/.local/lib/python3.8/site-packages/airflow/example_dags/example_xcom.py
[2026-05-17T21:06:21.613+0000] {processor.py:840} INFO - DAG(s) 'example_xcom' retrieved from /home/airflow/.local/lib/python3.8/site-packages/airflow/example_dags/example_xcom.py
[2026-05-17T21:06:21.636+0000] {logging_mixin.py:188} INFO - [2026-05-17T21:06:21.636+0000] {dag.py:3047} INFO - Sync 1 DAGs
[2026-05-17T21:06:21.658+0000] {logging_mixin.py:188} INFO - [2026-05-17T21:06:21.657+0000] {dag.py:3834} INFO - Setting next_dagrun for example_xcom to 2021-01-01 00:00:00+00:00, run_after=2021-01-01 00:00:00+00:00
[2026-05-17T21:06:21.682+0000] {processor.py:183} INFO - Processing /home/airflow/.local/lib/python3.8/site-packages/airflow/example_dags/example_xcom.py took 0.082 seconds
[2026-05-17T21:06:52.376+0000] {processor.py:161} INFO - Started process (PID=1204) to work on /home/airflow/.local/lib/python3.8/site-packages/airflow/example_dags/example_xcom.py
[2026-05-17T21:06:52.377+0000] {processor.py:830} INFO - Processing file /home/airflow/.local/lib/python3.8/site-packages/airflow/example_dags/example_xcom.py for tasks to queue
[2026-05-17T21:06:52.380+0000] {logging_mixin.py:188} INFO - [2026-05-17T21:06:52.379+0000] {dagbag.py:540} INFO - Filling up the DagBag from /home/airflow/.local/lib/python3.8/site-packages/airflow/example_dags/example_xcom.py
[2026-05-17T21:06:52.392+0000] {processor.py:840} INFO - DAG(s) 'example_xcom' retrieved from /home/airflow/.local/lib/python3.8/site-packages/airflow/example_dags/example_xcom.py
[2026-05-17T21:06:52.417+0000] {logging_mixin.py:188} INFO - [2026-05-17T21:06:52.416+0000] {dag.py:3047} INFO - Sync 1 DAGs
[2026-05-17T21:06:52.436+0000] {logging_mixin.py:188} INFO - [2026-05-17T21:06:52.436+0000] {dag.py:3834} INFO - Setting next_dagrun for example_xcom to 2021-01-01 00:00:00+00:00, run_after=2021-01-01 00:00:00+00:00
[2026-05-17T21:06:52.454+0000] {processor.py:183} INFO - Processing /home/airflow/.local/lib/python3.8/site-packages/airflow/example_dags/example_xcom.py took 0.081 seconds
[2026-05-17T21:07:23.590+0000] {processor.py:161} INFO - Started process (PID=1259) to work on /home/airflow/.local/lib/python3.8/site-packages/airflow/example_dags/example_xcom.py
[2026-05-17T21:07:23.593+0000] {processor.py:830} INFO - Processing file /home/airflow/.local/lib/python3.8/site-packages/airflow/example_dags/example_xcom.py for tasks to queue
[2026-05-17T21:07:23.598+0000] {logging_mixin.py:188} INFO - [2026-05-17T21:07:23.598+0000] {dagbag.py:540} INFO - Filling up the DagBag from /home/airflow/.local/lib/python3.8/site-packages/airflow/example_dags/example_xcom.py
[2026-05-17T21:07:23.621+0000] {processor.py:840} INFO - DAG(s) 'example_xcom' retrieved from /home/airflow/.local/lib/python3.8/site-packages/airflow/example_dags/example_xcom.py
[2026-05-17T21:07:23.660+0000] {logging_mixin.py:188} INFO - [2026-05-17T21:07:23.659+0000] {dag.py:3047} INFO - Sync 1 DAGs
[2026-05-17T21:07:23.714+0000] {logging_mixin.py:188} INFO - [2026-05-17T21:07:23.712+0000] {dag.py:3834} INFO - Setting next_dagrun for example_xcom to 2021-01-01 00:00:00+00:00, run_after=2021-01-01 00:00:00+00:00
[2026-05-17T21:07:23.759+0000] {processor.py:183} INFO - Processing /home/airflow/.local/lib/python3.8/site-packages/airflow/example_dags/example_xcom.py took 0.175 seconds
[2026-05-17T21:07:54.322+0000] {processor.py:161} INFO - Started process (PID=1314) to work on /home/airflow/.local/lib/python3.8/site-packages/airflow/example_dags/example_xcom.py
[2026-05-17T21:07:54.324+0000] {processor.py:830} INFO - Processing file /home/airflow/.local/lib/python3.8/site-packages/airflow/example_dags/example_xcom.py for tasks to queue
[2026-05-17T21:07:54.327+0000] {logging_mixin.py:188} INFO - [2026-05-17T21:07:54.327+0000] {dagbag.py:540} INFO - Filling up the DagBag from /home/airflow/.local/lib/python3.8/site-packages/airflow/example_dags/example_xcom.py
[2026-05-17T21:07:54.340+0000] {processor.py:840} INFO - DAG(s) 'example_xcom' retrieved from /home/airflow/.local/lib/python3.8/site-packages/airflow/example_dags/example_xcom.py
[2026-05-17T21:07:54.481+0000] {logging_mixin.py:188} INFO - [2026-05-17T21:07:54.481+0000] {dag.py:3047} INFO - Sync 1 DAGs
[2026-05-17T21:07:54.506+0000] {logging_mixin.py:188} INFO - [2026-05-17T21:07:54.506+0000] {dag.py:3834} INFO - Setting next_dagrun for example_xcom to 2021-01-01 00:00:00+00:00, run_after=2021-01-01 00:00:00+00:00
[2026-05-17T21:07:54.537+0000] {processor.py:183} INFO - Processing /home/airflow/.local/lib/python3.8/site-packages/airflow/example_dags/example_xcom.py took 0.219 seconds
[2026-05-17T21:08:25.438+0000] {processor.py:161} INFO - Started process (PID=1369) to work on /home/airflow/.local/lib/python3.8/site-packages/airflow/example_dags/example_xcom.py
[2026-05-17T21:08:25.439+0000] {processor.py:830} INFO - Processing file /home/airflow/.local/lib/python3.8/site-packages/airflow/example_dags/example_xcom.py for tasks to queue
[2026-05-17T21:08:25.442+0000] {logging_mixin.py:188} INFO - [2026-05-17T21:08:25.442+0000] {dagbag.py:540} INFO - Filling up the DagBag from /home/airflow/.local/lib/python3.8/site-packages/airflow/example_dags/example_xcom.py
[2026-05-17T21:08:25.450+0000] {processor.py:840} INFO - DAG(s) 'example_xcom' retrieved from /home/airflow/.local/lib/python3.8/site-packages/airflow/example_dags/example_xcom.py
[2026-05-17T21:08:25.477+0000] {logging_mixin.py:188} INFO - [2026-05-17T21:08:25.477+0000] {dag.py:3047} INFO - Sync 1 DAGs
[2026-05-17T21:08:25.508+0000] {logging_mixin.py:188} INFO - [2026-05-17T21:08:25.508+0000] {dag.py:3834} INFO - Setting next_dagrun for example_xcom to 2021-01-01 00:00:00+00:00, run_after=2021-01-01 00:00:00+00:00
[2026-05-17T21:08:25.534+0000] {processor.py:183} INFO - Processing /home/airflow/.local/lib/python3.8/site-packages/airflow/example_dags/example_xcom.py took 0.099 seconds
[2026-05-17T21:08:56.192+0000] {processor.py:161} INFO - Started process (PID=1424) to work on /home/airflow/.local/lib/python3.8/site-packages/airflow/example_dags/example_xcom.py
[2026-05-17T21:08:56.195+0000] {processor.py:830} INFO - Processing file /home/airflow/.local/lib/python3.8/site-packages/airflow/example_dags/example_xcom.py for tasks to queue
[2026-05-17T21:08:56.202+0000] {logging_mixin.py:188} INFO - [2026-05-17T21:08:56.201+0000] {dagbag.py:540} INFO - Filling up the DagBag from /home/airflow/.local/lib/python3.8/site-packages/airflow/example_dags/example_xcom.py
[2026-05-17T21:08:56.237+0000] {processor.py:840} INFO - DAG(s) 'example_xcom' retrieved from /home/airflow/.local/lib/python3.8/site-packages/airflow/example_dags/example_xcom.py
[2026-05-17T21:08:56.293+0000] {logging_mixin.py:188} INFO - [2026-05-17T21:08:56.293+0000] {dag.py:3047} INFO - Sync 1 DAGs
[2026-05-17T21:08:56.357+0000] {logging_mixin.py:188} INFO - [2026-05-17T21:08:56.356+0000] {dag.py:3834} INFO - Setting next_dagrun for example_xcom to 2021-01-01 00:00:00+00:00, run_after=2021-01-01 00:00:00+00:00
[2026-05-17T21:08:56.411+0000] {processor.py:183} INFO - Processing /home/airflow/.local/lib/python3.8/site-packages/airflow/example_dags/example_xcom.py took 0.226 seconds
[2026-05-17T21:09:26.507+0000] {processor.py:161} INFO - Started process (PID=1479) to work on /home/airflow/.local/lib/python3.8/site-packages/airflow/example_dags/example_xcom.py
[2026-05-17T21:09:26.508+0000] {processor.py:830} INFO - Processing file /home/airflow/.local/lib/python3.8/site-packages/airflow/example_dags/example_xcom.py for tasks to queue
[2026-05-17T21:09:26.512+0000] {logging_mixin.py:188} INFO - [2026-05-17T21:09:26.511+0000] {dagbag.py:540} INFO - Filling up the DagBag from /home/airflow/.local/lib/python3.8/site-packages/airflow/example_dags/example_xcom.py
[2026-05-17T21:09:26.521+0000] {processor.py:840} INFO - DAG(s) 'example_xcom' retrieved from /home/airflow/.local/lib/python3.8/site-packages/airflow/example_dags/example_xcom.py
[2026-05-17T21:09:26.547+0000] {logging_mixin.py:188} INFO - [2026-05-17T21:09:26.547+0000] {dag.py:3047} INFO - Sync 1 DAGs
[2026-05-17T21:09:26.568+0000] {logging_mixin.py:188} INFO - [2026-05-17T21:09:26.568+0000] {dag.py:3834} INFO - Setting next_dagrun for example_xcom to 2021-01-01 00:00:00+00:00, run_after=2021-01-01 00:00:00+00:00
[2026-05-17T21:09:26.590+0000] {processor.py:183} INFO - Processing /home/airflow/.local/lib/python3.8/site-packages/airflow/example_dags/example_xcom.py took 0.087 seconds
[2026-05-17T21:09:57.263+0000] {processor.py:161} INFO - Started process (PID=1534) to work on /home/airflow/.local/lib/python3.8/site-packages/airflow/example_dags/example_xcom.py
[2026-05-17T21:09:57.264+0000] {processor.py:830} INFO - Processing file /home/airflow/.local/lib/python3.8/site-packages/airflow/example_dags/example_xcom.py for tasks to queue
[2026-05-17T21:09:57.266+0000] {logging_mixin.py:188} INFO - [2026-05-17T21:09:57.266+0000] {dagbag.py:540} INFO - Filling up the DagBag from /home/airflow/.local/lib/python3.8/site-packages/airflow/example_dags/example_xcom.py
[2026-05-17T21:09:57.272+0000] {processor.py:840} INFO - DAG(s) 'example_xcom' retrieved from /home/airflow/.local/lib/python3.8/site-packages/airflow/example_dags/example_xcom.py
[2026-05-17T21:09:57.289+0000] {logging_mixin.py:188} INFO - [2026-05-17T21:09:57.289+0000] {dag.py:3047} INFO - Sync 1 DAGs
[2026-05-17T21:09:57.304+0000] {logging_mixin.py:188} INFO - [2026-05-17T21:09:57.304+0000] {dag.py:3834} INFO - Setting next_dagrun for example_xcom to 2021-01-01 00:00:00+00:00, run_after=2021-01-01 00:00:00+00:00
[2026-05-17T21:09:57.318+0000] {processor.py:183} INFO - Processing /home/airflow/.local/lib/python3.8/site-packages/airflow/example_dags/example_xcom.py took 0.058 seconds
[2026-05-17T21:10:27.521+0000] {processor.py:161} INFO - Started process (PID=1590) to work on /home/airflow/.local/lib/python3.8/site-packages/airflow/example_dags/example_xcom.py
[2026-05-17T21:10:27.522+0000] {processor.py:830} INFO - Processing file /home/airflow/.local/lib/python3.8/site-packages/airflow/example_dags/example_xcom.py for tasks to queue
[2026-05-17T21:10:27.525+0000] {logging_mixin.py:188} INFO - [2026-05-17T21:10:27.524+0000] {dagbag.py:540} INFO - Filling up the DagBag from /home/airflow/.local/lib/python3.8/site-packages/airflow/example_dags/example_xcom.py
[2026-05-17T21:10:27.533+0000] {processor.py:840} INFO - DAG(s) 'example_xcom' retrieved from /home/airflow/.local/lib/python3.8/site-packages/airflow/example_dags/example_xcom.py
[2026-05-17T21:10:27.563+0000] {logging_mixin.py:188} INFO - [2026-05-17T21:10:27.562+0000] {dag.py:3047} INFO - Sync 1 DAGs
[2026-05-17T21:10:27.589+0000] {logging_mixin.py:188} INFO - [2026-05-17T21:10:27.589+0000] {dag.py:3834} INFO - Setting next_dagrun for example_xcom to 2021-01-01 00:00:00+00:00, run_after=2021-01-01 00:00:00+00:00
[2026-05-17T21:10:27.611+0000] {processor.py:183} INFO - Processing /home/airflow/.local/lib/python3.8/site-packages/airflow/example_dags/example_xcom.py took 0.094 seconds
[2026-05-17T21:10:57.681+0000] {processor.py:161} INFO - Started process (PID=1645) to work on /home/airflow/.local/lib/python3.8/site-packages/airflow/example_dags/example_xcom.py
[2026-05-17T21:10:57.683+0000] {processor.py:830} INFO - Processing file /home/airflow/.local/lib/python3.8/site-packages/airflow/example_dags/example_xcom.py for tasks to queue
[2026-05-17T21:10:57.686+0000] {logging_mixin.py:188} INFO - [2026-05-17T21:10:57.686+0000] {dagbag.py:540} INFO - Filling up the DagBag from /home/airflow/.local/lib/python3.8/site-packages/airflow/example_dags/example_xcom.py
[2026-05-17T21:10:57.696+0000] {processor.py:840} INFO - DAG(s) 'example_xcom' retrieved from /home/airflow/.local/lib/python3.8/site-packages/airflow/example_dags/example_xcom.py
[2026-05-17T21:10:57.716+0000] {logging_mixin.py:188} INFO - [2026-05-17T21:10:57.715+0000] {dag.py:3047} INFO - Sync 1 DAGs
[2026-05-17T21:10:57.740+0000] {logging_mixin.py:188} INFO - [2026-05-17T21:10:57.740+0000] {dag.py:3834} INFO - Setting next_dagrun for example_xcom to 2021-01-01 00:00:00+00:00, run_after=2021-01-01 00:00:00+00:00
[2026-05-17T21:10:57.761+0000] {processor.py:183} INFO - Processing /home/airflow/.local/lib/python3.8/site-packages/airflow/example_dags/example_xcom.py took 0.084 seconds
[2026-05-17T21:11:29.176+0000] {processor.py:161} INFO - Started process (PID=1700) to work on /home/airflow/.local/lib/python3.8/site-packages/airflow/example_dags/example_xcom.py
[2026-05-17T21:11:29.177+0000] {processor.py:830} INFO - Processing file /home/airflow/.local/lib/python3.8/site-packages/airflow/example_dags/example_xcom.py for tasks to queue
[2026-05-17T21:11:29.179+0000] {logging_mixin.py:188} INFO - [2026-05-17T21:11:29.179+0000] {dagbag.py:540} INFO - Filling up the DagBag from /home/airflow/.local/lib/python3.8/site-packages/airflow/example_dags/example_xcom.py
[2026-05-17T21:11:29.186+0000] {processor.py:840} INFO - DAG(s) 'example_xcom' retrieved from /home/airflow/.local/lib/python3.8/site-packages/airflow/example_dags/example_xcom.py
[2026-05-17T21:11:29.387+0000] {logging_mixin.py:188} INFO - [2026-05-17T21:11:29.386+0000] {dag.py:3047} INFO - Sync 1 DAGs
[2026-05-17T21:11:29.399+0000] {logging_mixin.py:188} INFO - [2026-05-17T21:11:29.399+0000] {dag.py:3834} INFO - Setting next_dagrun for example_xcom to 2021-01-01 00:00:00+00:00, run_after=2021-01-01 00:00:00+00:00
[2026-05-17T21:11:29.417+0000] {processor.py:183} INFO - Processing /home/airflow/.local/lib/python3.8/site-packages/airflow/example_dags/example_xcom.py took 0.245 seconds
[2026-05-17T21:12:00.192+0000] {processor.py:161} INFO - Started process (PID=1755) to work on /home/airflow/.local/lib/python3.8/site-packages/airflow/example_dags/example_xcom.py
[2026-05-17T21:12:00.194+0000] {processor.py:830} INFO - Processing file /home/airflow/.local/lib/python3.8/site-packages/airflow/example_dags/example_xcom.py for tasks to queue
[2026-05-17T21:12:00.197+0000] {logging_mixin.py:188} INFO - [2026-05-17T21:12:00.196+0000] {dagbag.py:540} INFO - Filling up the DagBag from /home/airflow/.local/lib/python3.8/site-packages/airflow/example_dags/example_xcom.py
[2026-05-17T21:12:00.204+0000] {processor.py:840} INFO - DAG(s) 'example_xcom' retrieved from /home/airflow/.local/lib/python3.8/site-packages/airflow/example_dags/example_xcom.py
[2026-05-17T21:12:00.228+0000] {logging_mixin.py:188} INFO - [2026-05-17T21:12:00.228+0000] {dag.py:3047} INFO - Sync 1 DAGs
[2026-05-17T21:12:00.246+0000] {logging_mixin.py:188} INFO - [2026-05-17T21:12:00.246+0000] {dag.py:3834} INFO - Setting next_dagrun for example_xcom to 2021-01-01 00:00:00+00:00, run_after=2021-01-01 00:00:00+00:00
[2026-05-17T21:12:00.271+0000] {processor.py:183} INFO - Processing /home/airflow/.local/lib/python3.8/site-packages/airflow/example_dags/example_xcom.py took 0.083 seconds
[2026-05-17T21:12:30.394+0000] {processor.py:161} INFO - Started process (PID=1810) to work on /home/airflow/.local/lib/python3.8/site-packages/airflow/example_dags/example_xcom.py
[2026-05-17T21:12:30.395+0000] {processor.py:830} INFO - Processing file /home/airflow/.local/lib/python3.8/site-packages/airflow/example_dags/example_xcom.py for tasks to queue
[2026-05-17T21:12:30.397+0000] {logging_mixin.py:188} INFO - [2026-05-17T21:12:30.397+0000] {dagbag.py:540} INFO - Filling up the DagBag from /home/airflow/.local/lib/python3.8/site-packages/airflow/example_dags/example_xcom.py
[2026-05-17T21:12:30.404+0000] {processor.py:840} INFO - DAG(s) 'example_xcom' retrieved from /home/airflow/.local/lib/python3.8/site-packages/airflow/example_dags/example_xcom.py
[2026-05-17T21:12:30.422+0000] {logging_mixin.py:188} INFO - [2026-05-17T21:12:30.422+0000] {dag.py:3047} INFO - Sync 1 DAGs
[2026-05-17T21:12:30.438+0000] {logging_mixin.py:188} INFO - [2026-05-17T21:12:30.438+0000] {dag.py:3834} INFO - Setting next_dagrun for example_xcom to 2021-01-01 00:00:00+00:00, run_after=2021-01-01 00:00:00+00:00
[2026-05-17T21:12:30.456+0000] {processor.py:183} INFO - Processing /home/airflow/.local/lib/python3.8/site-packages/airflow/example_dags/example_xcom.py took 0.065 seconds
[2026-05-17T21:13:00.708+0000] {processor.py:161} INFO - Started process (PID=1865) to work on /home/airflow/.local/lib/python3.8/site-packages/airflow/example_dags/example_xcom.py
[2026-05-17T21:13:00.712+0000] {processor.py:830} INFO - Processing file /home/airflow/.local/lib/python3.8/site-packages/airflow/example_dags/example_xcom.py for tasks to queue
[2026-05-17T21:13:00.719+0000] {logging_mixin.py:188} INFO - [2026-05-17T21:13:00.719+0000] {dagbag.py:540} INFO - Filling up the DagBag from /home/airflow/.local/lib/python3.8/site-packages/airflow/example_dags/example_xcom.py
[2026-05-17T21:13:00.726+0000] {processor.py:840} INFO - DAG(s) 'example_xcom' retrieved from /home/airflow/.local/lib/python3.8/site-packages/airflow/example_dags/example_xcom.py
[2026-05-17T21:13:00.745+0000] {logging_mixin.py:188} INFO - [2026-05-17T21:13:00.745+0000] {dag.py:3047} INFO - Sync 1 DAGs
[2026-05-17T21:13:00.760+0000] {logging_mixin.py:188} INFO - [2026-05-17T21:13:00.760+0000] {dag.py:3834} INFO - Setting next_dagrun for example_xcom to 2021-01-01 00:00:00+00:00, run_after=2021-01-01 00:00:00+00:00
[2026-05-17T21:13:00.780+0000] {processor.py:183} INFO - Processing /home/airflow/.local/lib/python3.8/site-packages/airflow/example_dags/example_xcom.py took 0.074 seconds
[2026-05-17T21:13:31.386+0000] {processor.py:161} INFO - Started process (PID=1920) to work on /home/airflow/.local/lib/python3.8/site-packages/airflow/example_dags/example_xcom.py
[2026-05-17T21:13:31.388+0000] {processor.py:830} INFO - Processing file /home/airflow/.local/lib/python3.8/site-packages/airflow/example_dags/example_xcom.py for tasks to queue
[2026-05-17T21:13:31.390+0000] {logging_mixin.py:188} INFO - [2026-05-17T21:13:31.389+0000] {dagbag.py:540} INFO - Filling up the DagBag from /home/airflow/.local/lib/python3.8/site-packages/airflow/example_dags/example_xcom.py
[2026-05-17T21:13:31.396+0000] {processor.py:840} INFO - DAG(s) 'example_xcom' retrieved from /home/airflow/.local/lib/python3.8/site-packages/airflow/example_dags/example_xcom.py
[2026-05-17T21:13:31.415+0000] {logging_mixin.py:188} INFO - [2026-05-17T21:13:31.415+0000] {dag.py:3047} INFO - Sync 1 DAGs
[2026-05-17T21:13:31.432+0000] {logging_mixin.py:188} INFO - [2026-05-17T21:13:31.432+0000] {dag.py:3834} INFO - Setting next_dagrun for example_xcom to 2021-01-01 00:00:00+00:00, run_after=2021-01-01 00:00:00+00:00
[2026-05-17T21:13:31.450+0000] {processor.py:183} INFO - Processing /home/airflow/.local/lib/python3.8/site-packages/airflow/example_dags/example_xcom.py took 0.067 seconds
[2026-05-17T21:14:01.874+0000] {processor.py:161} INFO - Started process (PID=1975) to work on /home/airflow/.local/lib/python3.8/site-packages/airflow/example_dags/example_xcom.py
[2026-05-17T21:14:01.876+0000] {processor.py:830} INFO - Processing file /home/airflow/.local/lib/python3.8/site-packages/airflow/example_dags/example_xcom.py for tasks to queue
[2026-05-17T21:14:01.878+0000] {logging_mixin.py:188} INFO - [2026-05-17T21:14:01.878+0000] {dagbag.py:540} INFO - Filling up the DagBag from /home/airflow/.local/lib/python3.8/site-packages/airflow/example_dags/example_xcom.py
[2026-05-17T21:14:01.886+0000] {processor.py:840} INFO - DAG(s) 'example_xcom' retrieved from /home/airflow/.local/lib/python3.8/site-packages/airflow/example_dags/example_xcom.py
[2026-05-17T21:14:01.911+0000] {logging_mixin.py:188} INFO - [2026-05-17T21:14:01.910+0000] {dag.py:3047} INFO - Sync 1 DAGs
[2026-05-17T21:14:01.932+0000] {logging_mixin.py:188} INFO - [2026-05-17T21:14:01.932+0000] {dag.py:3834} INFO - Setting next_dagrun for example_xcom to 2021-01-01 00:00:00+00:00, run_after=2021-01-01 00:00:00+00:00
[2026-05-17T21:14:01.955+0000] {processor.py:183} INFO - Processing /home/airflow/.local/lib/python3.8/site-packages/airflow/example_dags/example_xcom.py took 0.085 seconds
[2026-05-17T21:14:32.353+0000] {processor.py:161} INFO - Started process (PID=2030) to work on /home/airflow/.local/lib/python3.8/site-packages/airflow/example_dags/example_xcom.py
[2026-05-17T21:14:32.356+0000] {processor.py:830} INFO - Processing file /home/airflow/.local/lib/python3.8/site-packages/airflow/example_dags/example_xcom.py for tasks to queue
[2026-05-17T21:14:32.359+0000] {logging_mixin.py:188} INFO - [2026-05-17T21:14:32.359+0000] {dagbag.py:540} INFO - Filling up the DagBag from /home/airflow/.local/lib/python3.8/site-packages/airflow/example_dags/example_xcom.py
[2026-05-17T21:14:32.371+0000] {processor.py:840} INFO - DAG(s) 'example_xcom' retrieved from /home/airflow/.local/lib/python3.8/site-packages/airflow/example_dags/example_xcom.py
[2026-05-17T21:14:32.408+0000] {logging_mixin.py:188} INFO - [2026-05-17T21:14:32.407+0000] {dag.py:3047} INFO - Sync 1 DAGs
[2026-05-17T21:14:32.707+0000] {logging_mixin.py:188} INFO - [2026-05-17T21:14:32.706+0000] {dag.py:3834} INFO - Setting next_dagrun for example_xcom to 2021-01-01 00:00:00+00:00, run_after=2021-01-01 00:00:00+00:00
[2026-05-17T21:14:32.739+0000] {processor.py:183} INFO - Processing /home/airflow/.local/lib/python3.8/site-packages/airflow/example_dags/example_xcom.py took 0.391 seconds
[2026-05-17T21:15:03.533+0000] {processor.py:161} INFO - Started process (PID=2085) to work on /home/airflow/.local/lib/python3.8/site-packages/airflow/example_dags/example_xcom.py
[2026-05-17T21:15:03.541+0000] {processor.py:830} INFO - Processing file /home/airflow/.local/lib/python3.8/site-packages/airflow/example_dags/example_xcom.py for tasks to queue
[2026-05-17T21:15:03.556+0000] {logging_mixin.py:188} INFO - [2026-05-17T21:15:03.555+0000] {dagbag.py:540} INFO - Filling up the DagBag from /home/airflow/.local/lib/python3.8/site-packages/airflow/example_dags/example_xcom.py
[2026-05-17T21:15:03.564+0000] {processor.py:840} INFO - DAG(s) 'example_xcom' retrieved from /home/airflow/.local/lib/python3.8/site-packages/airflow/example_dags/example_xcom.py
[2026-05-17T21:15:03.626+0000] {logging_mixin.py:188} INFO - [2026-05-17T21:15:03.626+0000] {dag.py:3047} INFO - Sync 1 DAGs
[2026-05-17T21:15:03.662+0000] {logging_mixin.py:188} INFO - [2026-05-17T21:15:03.662+0000] {dag.py:3834} INFO - Setting next_dagrun for example_xcom to 2021-01-01 00:00:00+00:00, run_after=2021-01-01 00:00:00+00:00
[2026-05-17T21:15:03.916+0000] {processor.py:183} INFO - Processing /home/airflow/.local/lib/python3.8/site-packages/airflow/example_dags/example_xcom.py took 0.386 seconds
[2026-05-17T21:15:34.377+0000] {processor.py:161} INFO - Started process (PID=2140) to work on /home/airflow/.local/lib/python3.8/site-packages/airflow/example_dags/example_xcom.py
[2026-05-17T21:15:34.378+0000] {processor.py:830} INFO - Processing file /home/airflow/.local/lib/python3.8/site-packages/airflow/example_dags/example_xcom.py for tasks to queue
[2026-05-17T21:15:34.381+0000] {logging_mixin.py:188} INFO - [2026-05-17T21:15:34.381+0000] {dagbag.py:540} INFO - Filling up the DagBag from /home/airflow/.local/lib/python3.8/site-packages/airflow/example_dags/example_xcom.py
[2026-05-17T21:15:34.393+0000] {processor.py:840} INFO - DAG(s) 'example_xcom' retrieved from /home/airflow/.local/lib/python3.8/site-packages/airflow/example_dags/example_xcom.py
[2026-05-17T21:15:34.420+0000] {logging_mixin.py:188} INFO - [2026-05-17T21:15:34.420+0000] {dag.py:3047} INFO - Sync 1 DAGs
[2026-05-17T21:15:34.441+0000] {logging_mixin.py:188} INFO - [2026-05-17T21:15:34.441+0000] {dag.py:3834} INFO - Setting next_dagrun for example_xcom to 2021-01-01 00:00:00+00:00, run_after=2021-01-01 00:00:00+00:00
[2026-05-17T21:15:34.459+0000] {processor.py:183} INFO - Processing /home/airflow/.local/lib/python3.8/site-packages/airflow/example_dags/example_xcom.py took 0.086 seconds
[2026-05-17T21:16:04.878+0000] {processor.py:161} INFO - Started process (PID=2195) to work on /home/airflow/.local/lib/python3.8/site-packages/airflow/example_dags/example_xcom.py
[2026-05-17T21:16:04.880+0000] {processor.py:830} INFO - Processing file /home/airflow/.local/lib/python3.8/site-packages/airflow/example_dags/example_xcom.py for tasks to queue
[2026-05-17T21:16:04.882+0000] {logging_mixin.py:188} INFO - [2026-05-17T21:16:04.882+0000] {dagbag.py:540} INFO - Filling up the DagBag from /home/airflow/.local/lib/python3.8/site-packages/airflow/example_dags/example_xcom.py
[2026-05-17T21:16:04.890+0000] {processor.py:840} INFO - DAG(s) 'example_xcom' retrieved from /home/airflow/.local/lib/python3.8/site-packages/airflow/example_dags/example_xcom.py
[2026-05-17T21:16:04.914+0000] {logging_mixin.py:188} INFO - [2026-05-17T21:16:04.914+0000] {dag.py:3047} INFO - Sync 1 DAGs
[2026-05-17T21:16:04.935+0000] {logging_mixin.py:188} INFO - [2026-05-17T21:16:04.934+0000] {dag.py:3834} INFO - Setting next_dagrun for example_xcom to 2021-01-01 00:00:00+00:00, run_after=2021-01-01 00:00:00+00:00
[2026-05-17T21:16:04.963+0000] {processor.py:183} INFO - Processing /home/airflow/.local/lib/python3.8/site-packages/airflow/example_dags/example_xcom.py took 0.090 seconds
[2026-05-17T21:16:35.180+0000] {processor.py:161} INFO - Started process (PID=2250) to work on /home/airflow/.local/lib/python3.8/site-packages/airflow/example_dags/example_xcom.py
[2026-05-17T21:16:35.181+0000] {processor.py:830} INFO - Processing file /home/airflow/.local/lib/python3.8/site-packages/airflow/example_dags/example_xcom.py for tasks to queue
[2026-05-17T21:16:35.183+0000] {logging_mixin.py:188} INFO - [2026-05-17T21:16:35.183+0000] {dagbag.py:540} INFO - Filling up the DagBag from /home/airflow/.local/lib/python3.8/site-packages/airflow/example_dags/example_xcom.py
[2026-05-17T21:16:35.190+0000] {processor.py:840} INFO - DAG(s) 'example_xcom' retrieved from /home/airflow/.local/lib/python3.8/site-packages/airflow/example_dags/example_xcom.py
[2026-05-17T21:16:35.210+0000] {logging_mixin.py:188} INFO - [2026-05-17T21:16:35.210+0000] {dag.py:3047} INFO - Sync 1 DAGs
[2026-05-17T21:16:35.228+0000] {logging_mixin.py:188} INFO - [2026-05-17T21:16:35.228+0000] {dag.py:3834} INFO - Setting next_dagrun for example_xcom to 2021-01-01 00:00:00+00:00, run_after=2021-01-01 00:00:00+00:00
[2026-05-17T21:16:35.244+0000] {processor.py:183} INFO - Processing /home/airflow/.local/lib/python3.8/site-packages/airflow/example_dags/example_xcom.py took 0.067 seconds
[2026-05-17T21:17:05.652+0000] {processor.py:161} INFO - Started process (PID=2305) to work on /home/airflow/.local/lib/python3.8/site-packages/airflow/example_dags/example_xcom.py
[2026-05-17T21:17:05.654+0000] {processor.py:830} INFO - Processing file /home/airflow/.local/lib/python3.8/site-packages/airflow/example_dags/example_xcom.py for tasks to queue
[2026-05-17T21:17:05.656+0000] {logging_mixin.py:188} INFO - [2026-05-17T21:17:05.655+0000] {dagbag.py:540} INFO - Filling up the DagBag from /home/airflow/.local/lib/python3.8/site-packages/airflow/example_dags/example_xcom.py
[2026-05-17T21:17:05.802+0000] {processor.py:840} INFO - DAG(s) 'example_xcom' retrieved from /home/airflow/.local/lib/python3.8/site-packages/airflow/example_dags/example_xcom.py
[2026-05-17T21:17:05.818+0000] {logging_mixin.py:188} INFO - [2026-05-17T21:17:05.817+0000] {dag.py:3047} INFO - Sync 1 DAGs
[2026-05-17T21:17:05.833+0000] {logging_mixin.py:188} INFO - [2026-05-17T21:17:05.833+0000] {dag.py:3834} INFO - Setting next_dagrun for example_xcom to 2021-01-01 00:00:00+00:00, run_after=2021-01-01 00:00:00+00:00
[2026-05-17T21:17:05.858+0000] {processor.py:183} INFO - Processing /home/airflow/.local/lib/python3.8/site-packages/airflow/example_dags/example_xcom.py took 0.208 seconds
[2026-05-17T21:17:36.743+0000] {processor.py:161} INFO - Started process (PID=2359) to work on /home/airflow/.local/lib/python3.8/site-packages/airflow/example_dags/example_xcom.py
[2026-05-17T21:17:36.745+0000] {processor.py:830} INFO - Processing file /home/airflow/.local/lib/python3.8/site-packages/airflow/example_dags/example_xcom.py for tasks to queue
[2026-05-17T21:17:36.747+0000] {logging_mixin.py:188} INFO - [2026-05-17T21:17:36.747+0000] {dagbag.py:540} INFO - Filling up the DagBag from /home/airflow/.local/lib/python3.8/site-packages/airflow/example_dags/example_xcom.py
[2026-05-17T21:17:36.754+0000] {processor.py:840} INFO - DAG(s) 'example_xcom' retrieved from /home/airflow/.local/lib/python3.8/site-packages/airflow/example_dags/example_xcom.py
[2026-05-17T21:17:36.774+0000] {logging_mixin.py:188} INFO - [2026-05-17T21:17:36.773+0000] {dag.py:3047} INFO - Sync 1 DAGs
[2026-05-17T21:17:36.792+0000] {logging_mixin.py:188} INFO - [2026-05-17T21:17:36.792+0000] {dag.py:3834} INFO - Setting next_dagrun for example_xcom to 2021-01-01 00:00:00+00:00, run_after=2021-01-01 00:00:00+00:00
[2026-05-17T21:17:36.812+0000] {processor.py:183} INFO - Processing /home/airflow/.local/lib/python3.8/site-packages/airflow/example_dags/example_xcom.py took 0.071 seconds
[2026-05-17T21:18:07.720+0000] {processor.py:161} INFO - Started process (PID=2414) to work on /home/airflow/.local/lib/python3.8/site-packages/airflow/example_dags/example_xcom.py
[2026-05-17T21:18:07.722+0000] {processor.py:830} INFO - Processing file /home/airflow/.local/lib/python3.8/site-packages/airflow/example_dags/example_xcom.py for tasks to queue
[2026-05-17T21:18:07.723+0000] {logging_mixin.py:188} INFO - [2026-05-17T21:18:07.723+0000] {dagbag.py:540} INFO - Filling up the DagBag from /home/airflow/.local/lib/python3.8/site-packages/airflow/example_dags/example_xcom.py
[2026-05-17T21:18:07.730+0000] {processor.py:840} INFO - DAG(s) 'example_xcom' retrieved from /home/airflow/.local/lib/python3.8/site-packages/airflow/example_dags/example_xcom.py
[2026-05-17T21:18:07.748+0000] {logging_mixin.py:188} INFO - [2026-05-17T21:18:07.748+0000] {dag.py:3047} INFO - Sync 1 DAGs
[2026-05-17T21:18:07.765+0000] {logging_mixin.py:188} INFO - [2026-05-17T21:18:07.765+0000] {dag.py:3834} INFO - Setting next_dagrun for example_xcom to 2021-01-01 00:00:00+00:00, run_after=2021-01-01 00:00:00+00:00
[2026-05-17T21:18:07.785+0000] {processor.py:183} INFO - Processing /home/airflow/.local/lib/python3.8/site-packages/airflow/example_dags/example_xcom.py took 0.067 seconds
[2026-05-17T21:18:38.681+0000] {processor.py:161} INFO - Started process (PID=2469) to work on /home/airflow/.local/lib/python3.8/site-packages/airflow/example_dags/example_xcom.py
[2026-05-17T21:18:38.684+0000] {processor.py:830} INFO - Processing file /home/airflow/.local/lib/python3.8/site-packages/airflow/example_dags/example_xcom.py for tasks to queue
[2026-05-17T21:18:38.687+0000] {logging_mixin.py:188} INFO - [2026-05-17T21:18:38.687+0000] {dagbag.py:540} INFO - Filling up the DagBag from /home/airflow/.local/lib/python3.8/site-packages/airflow/example_dags/example_xcom.py
[2026-05-17T21:18:38.699+0000] {processor.py:840} INFO - DAG(s) 'example_xcom' retrieved from /home/airflow/.local/lib/python3.8/site-packages/airflow/example_dags/example_xcom.py
[2026-05-17T21:18:38.739+0000] {logging_mixin.py:188} INFO - [2026-05-17T21:18:38.738+0000] {dag.py:3047} INFO - Sync 1 DAGs
[2026-05-17T21:18:38.769+0000] {logging_mixin.py:188} INFO - [2026-05-17T21:18:38.769+0000] {dag.py:3834} INFO - Setting next_dagrun for example_xcom to 2021-01-01 00:00:00+00:00, run_after=2021-01-01 00:00:00+00:00
[2026-05-17T21:18:38.801+0000] {processor.py:183} INFO - Processing /home/airflow/.local/lib/python3.8/site-packages/airflow/example_dags/example_xcom.py took 0.128 seconds
[2026-05-17T21:19:08.894+0000] {processor.py:161} INFO - Started process (PID=2524) to work on /home/airflow/.local/lib/python3.8/site-packages/airflow/example_dags/example_xcom.py
[2026-05-17T21:19:08.895+0000] {processor.py:830} INFO - Processing file /home/airflow/.local/lib/python3.8/site-packages/airflow/example_dags/example_xcom.py for tasks to queue
[2026-05-17T21:19:08.898+0000] {logging_mixin.py:188} INFO - [2026-05-17T21:19:08.898+0000] {dagbag.py:540} INFO - Filling up the DagBag from /home/airflow/.local/lib/python3.8/site-packages/airflow/example_dags/example_xcom.py
[2026-05-17T21:19:08.909+0000] {processor.py:840} INFO - DAG(s) 'example_xcom' retrieved from /home/airflow/.local/lib/python3.8/site-packages/airflow/example_dags/example_xcom.py
[2026-05-17T21:19:08.927+0000] {logging_mixin.py:188} INFO - [2026-05-17T21:19:08.927+0000] {dag.py:3047} INFO - Sync 1 DAGs
[2026-05-17T21:19:08.944+0000] {logging_mixin.py:188} INFO - [2026-05-17T21:19:08.944+0000] {dag.py:3834} INFO - Setting next_dagrun for example_xcom to 2021-01-01 00:00:00+00:00, run_after=2021-01-01 00:00:00+00:00
[2026-05-17T21:19:08.960+0000] {processor.py:183} INFO - Processing /home/airflow/.local/lib/python3.8/site-packages/airflow/example_dags/example_xcom.py took 0.069 seconds
[2026-05-17T21:19:39.074+0000] {processor.py:161} INFO - Started process (PID=2579) to work on /home/airflow/.local/lib/python3.8/site-packages/airflow/example_dags/example_xcom.py
[2026-05-17T21:19:39.076+0000] {processor.py:830} INFO - Processing file /home/airflow/.local/lib/python3.8/site-packages/airflow/example_dags/example_xcom.py for tasks to queue
[2026-05-17T21:19:39.078+0000] {logging_mixin.py:188} INFO - [2026-05-17T21:19:39.077+0000] {dagbag.py:540} INFO - Filling up the DagBag from /home/airflow/.local/lib/python3.8/site-packages/airflow/example_dags/example_xcom.py
[2026-05-17T21:19:39.085+0000] {processor.py:840} INFO - DAG(s) 'example_xcom' retrieved from /home/airflow/.local/lib/python3.8/site-packages/airflow/example_dags/example_xcom.py
[2026-05-17T21:19:39.103+0000] {logging_mixin.py:188} INFO - [2026-05-17T21:19:39.103+0000] {dag.py:3047} INFO - Sync 1 DAGs
[2026-05-17T21:19:39.121+0000] {logging_mixin.py:188} INFO - [2026-05-17T21:19:39.120+0000] {dag.py:3834} INFO - Setting next_dagrun for example_xcom to 2021-01-01 00:00:00+00:00, run_after=2021-01-01 00:00:00+00:00
[2026-05-17T21:19:39.140+0000] {processor.py:183} INFO - Processing /home/airflow/.local/lib/python3.8/site-packages/airflow/example_dags/example_xcom.py took 0.069 seconds
[2026-05-17T21:20:09.238+0000] {processor.py:161} INFO - Started process (PID=2634) to work on /home/airflow/.local/lib/python3.8/site-packages/airflow/example_dags/example_xcom.py
[2026-05-17T21:20:09.240+0000] {processor.py:830} INFO - Processing file /home/airflow/.local/lib/python3.8/site-packages/airflow/example_dags/example_xcom.py for tasks to queue
[2026-05-17T21:20:09.242+0000] {logging_mixin.py:188} INFO - [2026-05-17T21:20:09.242+0000] {dagbag.py:540} INFO - Filling up the DagBag from /home/airflow/.local/lib/python3.8/site-packages/airflow/example_dags/example_xcom.py
[2026-05-17T21:20:09.253+0000] {processor.py:840} INFO - DAG(s) 'example_xcom' retrieved from /home/airflow/.local/lib/python3.8/site-packages/airflow/example_dags/example_xcom.py
[2026-05-17T21:20:09.274+0000] {logging_mixin.py:188} INFO - [2026-05-17T21:20:09.274+0000] {dag.py:3047} INFO - Sync 1 DAGs
[2026-05-17T21:20:09.297+0000] {logging_mixin.py:188} INFO - [2026-05-17T21:20:09.297+0000] {dag.py:3834} INFO - Setting next_dagrun for example_xcom to 2021-01-01 00:00:00+00:00, run_after=2021-01-01 00:00:00+00:00
[2026-05-17T21:20:09.314+0000] {processor.py:183} INFO - Processing /home/airflow/.local/lib/python3.8/site-packages/airflow/example_dags/example_xcom.py took 0.079 seconds
[2026-05-17T21:20:39.576+0000] {processor.py:161} INFO - Started process (PID=2689) to work on /home/airflow/.local/lib/python3.8/site-packages/airflow/example_dags/example_xcom.py
[2026-05-17T21:20:39.577+0000] {processor.py:830} INFO - Processing file /home/airflow/.local/lib/python3.8/site-packages/airflow/example_dags/example_xcom.py for tasks to queue
[2026-05-17T21:20:39.581+0000] {logging_mixin.py:188} INFO - [2026-05-17T21:20:39.581+0000] {dagbag.py:540} INFO - Filling up the DagBag from /home/airflow/.local/lib/python3.8/site-packages/airflow/example_dags/example_xcom.py
[2026-05-17T21:20:39.587+0000] {processor.py:840} INFO - DAG(s) 'example_xcom' retrieved from /home/airflow/.local/lib/python3.8/site-packages/airflow/example_dags/example_xcom.py
[2026-05-17T21:20:39.613+0000] {logging_mixin.py:188} INFO - [2026-05-17T21:20:39.612+0000] {dag.py:3047} INFO - Sync 1 DAGs
[2026-05-17T21:20:39.636+0000] {logging_mixin.py:188} INFO - [2026-05-17T21:20:39.636+0000] {dag.py:3834} INFO - Setting next_dagrun for example_xcom to 2021-01-01 00:00:00+00:00, run_after=2021-01-01 00:00:00+00:00
[2026-05-17T21:20:39.656+0000] {processor.py:183} INFO - Processing /home/airflow/.local/lib/python3.8/site-packages/airflow/example_dags/example_xcom.py took 0.084 seconds
[2026-05-17T21:21:09.733+0000] {processor.py:161} INFO - Started process (PID=2744) to work on /home/airflow/.local/lib/python3.8/site-packages/airflow/example_dags/example_xcom.py
[2026-05-17T21:21:09.735+0000] {processor.py:830} INFO - Processing file /home/airflow/.local/lib/python3.8/site-packages/airflow/example_dags/example_xcom.py for tasks to queue
[2026-05-17T21:21:09.737+0000] {logging_mixin.py:188} INFO - [2026-05-17T21:21:09.736+0000] {dagbag.py:540} INFO - Filling up the DagBag from /home/airflow/.local/lib/python3.8/site-packages/airflow/example_dags/example_xcom.py
[2026-05-17T21:21:09.743+0000] {processor.py:840} INFO - DAG(s) 'example_xcom' retrieved from /home/airflow/.local/lib/python3.8/site-packages/airflow/example_dags/example_xcom.py
[2026-05-17T21:21:09.765+0000] {logging_mixin.py:188} INFO - [2026-05-17T21:21:09.765+0000] {dag.py:3047} INFO - Sync 1 DAGs
[2026-05-17T21:21:09.786+0000] {logging_mixin.py:188} INFO - [2026-05-17T21:21:09.786+0000] {dag.py:3834} INFO - Setting next_dagrun for example_xcom to 2021-01-01 00:00:00+00:00, run_after=2021-01-01 00:00:00+00:00
[2026-05-17T21:21:09.809+0000] {processor.py:183} INFO - Processing /home/airflow/.local/lib/python3.8/site-packages/airflow/example_dags/example_xcom.py took 0.079 seconds
[2026-05-17T21:21:39.943+0000] {processor.py:161} INFO - Started process (PID=2799) to work on /home/airflow/.local/lib/python3.8/site-packages/airflow/example_dags/example_xcom.py
[2026-05-17T21:21:39.944+0000] {processor.py:830} INFO - Processing file /home/airflow/.local/lib/python3.8/site-packages/airflow/example_dags/example_xcom.py for tasks to queue
[2026-05-17T21:21:39.947+0000] {logging_mixin.py:188} INFO - [2026-05-17T21:21:39.946+0000] {dagbag.py:540} INFO - Filling up the DagBag from /home/airflow/.local/lib/python3.8/site-packages/airflow/example_dags/example_xcom.py
[2026-05-17T21:21:39.954+0000] {processor.py:840} INFO - DAG(s) 'example_xcom' retrieved from /home/airflow/.local/lib/python3.8/site-packages/airflow/example_dags/example_xcom.py
[2026-05-17T21:21:39.981+0000] {logging_mixin.py:188} INFO - [2026-05-17T21:21:39.980+0000] {dag.py:3047} INFO - Sync 1 DAGs
[2026-05-17T21:21:40.003+0000] {logging_mixin.py:188} INFO - [2026-05-17T21:21:40.002+0000] {dag.py:3834} INFO - Setting next_dagrun for example_xcom to 2021-01-01 00:00:00+00:00, run_after=2021-01-01 00:00:00+00:00
[2026-05-17T21:21:40.023+0000] {processor.py:183} INFO - Processing /home/airflow/.local/lib/python3.8/site-packages/airflow/example_dags/example_xcom.py took 0.083 seconds
[2026-05-17T21:22:10.228+0000] {processor.py:161} INFO - Started process (PID=2854) to work on /home/airflow/.local/lib/python3.8/site-packages/airflow/example_dags/example_xcom.py
[2026-05-17T21:22:10.230+0000] {processor.py:830} INFO - Processing file /home/airflow/.local/lib/python3.8/site-packages/airflow/example_dags/example_xcom.py for tasks to queue
[2026-05-17T21:22:10.232+0000] {logging_mixin.py:188} INFO - [2026-05-17T21:22:10.232+0000] {dagbag.py:540} INFO - Filling up the DagBag from /home/airflow/.local/lib/python3.8/site-packages/airflow/example_dags/example_xcom.py
[2026-05-17T21:22:10.238+0000] {processor.py:840} INFO - DAG(s) 'example_xcom' retrieved from /home/airflow/.local/lib/python3.8/site-packages/airflow/example_dags/example_xcom.py
[2026-05-17T21:22:10.258+0000] {logging_mixin.py:188} INFO - [2026-05-17T21:22:10.258+0000] {dag.py:3047} INFO - Sync 1 DAGs
[2026-05-17T21:22:10.285+0000] {logging_mixin.py:188} INFO - [2026-05-17T21:22:10.285+0000] {dag.py:3834} INFO - Setting next_dagrun for example_xcom to 2021-01-01 00:00:00+00:00, run_after=2021-01-01 00:00:00+00:00
[2026-05-17T21:22:10.306+0000] {processor.py:183} INFO - Processing /home/airflow/.local/lib/python3.8/site-packages/airflow/example_dags/example_xcom.py took 0.080 seconds
[2026-05-17T21:22:40.372+0000] {processor.py:161} INFO - Started process (PID=2909) to work on /home/airflow/.local/lib/python3.8/site-packages/airflow/example_dags/example_xcom.py
[2026-05-17T21:22:40.373+0000] {processor.py:830} INFO - Processing file /home/airflow/.local/lib/python3.8/site-packages/airflow/example_dags/example_xcom.py for tasks to queue
[2026-05-17T21:22:40.375+0000] {logging_mixin.py:188} INFO - [2026-05-17T21:22:40.375+0000] {dagbag.py:540} INFO - Filling up the DagBag from /home/airflow/.local/lib/python3.8/site-packages/airflow/example_dags/example_xcom.py
[2026-05-17T21:22:40.381+0000] {processor.py:840} INFO - DAG(s) 'example_xcom' retrieved from /home/airflow/.local/lib/python3.8/site-packages/airflow/example_dags/example_xcom.py
[2026-05-17T21:22:40.402+0000] {logging_mixin.py:188} INFO - [2026-05-17T21:22:40.401+0000] {dag.py:3047} INFO - Sync 1 DAGs
[2026-05-17T21:22:40.418+0000] {logging_mixin.py:188} INFO - [2026-05-17T21:22:40.418+0000] {dag.py:3834} INFO - Setting next_dagrun for example_xcom to 2021-01-01 00:00:00+00:00, run_after=2021-01-01 00:00:00+00:00
[2026-05-17T21:22:40.437+0000] {processor.py:183} INFO - Processing /home/airflow/.local/lib/python3.8/site-packages/airflow/example_dags/example_xcom.py took 0.068 seconds
[2026-05-17T21:23:10.480+0000] {processor.py:161} INFO - Started process (PID=2964) to work on /home/airflow/.local/lib/python3.8/site-packages/airflow/example_dags/example_xcom.py
[2026-05-17T21:23:10.482+0000] {processor.py:830} INFO - Processing file /home/airflow/.local/lib/python3.8/site-packages/airflow/example_dags/example_xcom.py for tasks to queue
[2026-05-17T21:23:10.484+0000] {logging_mixin.py:188} INFO - [2026-05-17T21:23:10.484+0000] {dagbag.py:540} INFO - Filling up the DagBag from /home/airflow/.local/lib/python3.8/site-packages/airflow/example_dags/example_xcom.py
[2026-05-17T21:23:10.491+0000] {processor.py:840} INFO - DAG(s) 'example_xcom' retrieved from /home/airflow/.local/lib/python3.8/site-packages/airflow/example_dags/example_xcom.py
[2026-05-17T21:23:10.509+0000] {logging_mixin.py:188} INFO - [2026-05-17T21:23:10.509+0000] {dag.py:3047} INFO - Sync 1 DAGs
[2026-05-17T21:23:10.529+0000] {logging_mixin.py:188} INFO - [2026-05-17T21:23:10.529+0000] {dag.py:3834} INFO - Setting next_dagrun for example_xcom to 2021-01-01 00:00:00+00:00, run_after=2021-01-01 00:00:00+00:00
[2026-05-17T21:23:10.545+0000] {processor.py:183} INFO - Processing /home/airflow/.local/lib/python3.8/site-packages/airflow/example_dags/example_xcom.py took 0.068 seconds
[2026-05-17T21:23:40.630+0000] {processor.py:161} INFO - Started process (PID=3020) to work on /home/airflow/.local/lib/python3.8/site-packages/airflow/example_dags/example_xcom.py
[2026-05-17T21:23:40.632+0000] {processor.py:830} INFO - Processing file /home/airflow/.local/lib/python3.8/site-packages/airflow/example_dags/example_xcom.py for tasks to queue
[2026-05-17T21:23:40.633+0000] {logging_mixin.py:188} INFO - [2026-05-17T21:23:40.633+0000] {dagbag.py:540} INFO - Filling up the DagBag from /home/airflow/.local/lib/python3.8/site-packages/airflow/example_dags/example_xcom.py
[2026-05-17T21:23:40.639+0000] {processor.py:840} INFO - DAG(s) 'example_xcom' retrieved from /home/airflow/.local/lib/python3.8/site-packages/airflow/example_dags/example_xcom.py
[2026-05-17T21:23:40.655+0000] {logging_mixin.py:188} INFO - [2026-05-17T21:23:40.655+0000] {dag.py:3047} INFO - Sync 1 DAGs
[2026-05-17T21:23:40.673+0000] {logging_mixin.py:188} INFO - [2026-05-17T21:23:40.673+0000] {dag.py:3834} INFO - Setting next_dagrun for example_xcom to 2021-01-01 00:00:00+00:00, run_after=2021-01-01 00:00:00+00:00
[2026-05-17T21:23:40.694+0000] {processor.py:183} INFO - Processing /home/airflow/.local/lib/python3.8/site-packages/airflow/example_dags/example_xcom.py took 0.066 seconds
[2026-05-17T21:24:11.400+0000] {processor.py:161} INFO - Started process (PID=3075) to work on /home/airflow/.local/lib/python3.8/site-packages/airflow/example_dags/example_xcom.py
[2026-05-17T21:24:11.401+0000] {processor.py:830} INFO - Processing file /home/airflow/.local/lib/python3.8/site-packages/airflow/example_dags/example_xcom.py for tasks to queue
[2026-05-17T21:24:11.403+0000] {logging_mixin.py:188} INFO - [2026-05-17T21:24:11.403+0000] {dagbag.py:540} INFO - Filling up the DagBag from /home/airflow/.local/lib/python3.8/site-packages/airflow/example_dags/example_xcom.py
[2026-05-17T21:24:11.411+0000] {processor.py:840} INFO - DAG(s) 'example_xcom' retrieved from /home/airflow/.local/lib/python3.8/site-packages/airflow/example_dags/example_xcom.py
[2026-05-17T21:24:11.431+0000] {logging_mixin.py:188} INFO - [2026-05-17T21:24:11.431+0000] {dag.py:3047} INFO - Sync 1 DAGs
[2026-05-17T21:24:11.450+0000] {logging_mixin.py:188} INFO - [2026-05-17T21:24:11.450+0000] {dag.py:3834} INFO - Setting next_dagrun for example_xcom to 2021-01-01 00:00:00+00:00, run_after=2021-01-01 00:00:00+00:00
[2026-05-17T21:24:11.466+0000] {processor.py:183} INFO - Processing /home/airflow/.local/lib/python3.8/site-packages/airflow/example_dags/example_xcom.py took 0.070 seconds
[2026-05-17T21:24:42.264+0000] {processor.py:161} INFO - Started process (PID=3130) to work on /home/airflow/.local/lib/python3.8/site-packages/airflow/example_dags/example_xcom.py
[2026-05-17T21:24:42.265+0000] {processor.py:830} INFO - Processing file /home/airflow/.local/lib/python3.8/site-packages/airflow/example_dags/example_xcom.py for tasks to queue
[2026-05-17T21:24:42.268+0000] {logging_mixin.py:188} INFO - [2026-05-17T21:24:42.267+0000] {dagbag.py:540} INFO - Filling up the DagBag from /home/airflow/.local/lib/python3.8/site-packages/airflow/example_dags/example_xcom.py
[2026-05-17T21:24:42.274+0000] {processor.py:840} INFO - DAG(s) 'example_xcom' retrieved from /home/airflow/.local/lib/python3.8/site-packages/airflow/example_dags/example_xcom.py
[2026-05-17T21:24:42.296+0000] {logging_mixin.py:188} INFO - [2026-05-17T21:24:42.296+0000] {dag.py:3047} INFO - Sync 1 DAGs
[2026-05-17T21:24:42.314+0000] {logging_mixin.py:188} INFO - [2026-05-17T21:24:42.314+0000] {dag.py:3834} INFO - Setting next_dagrun for example_xcom to 2021-01-01 00:00:00+00:00, run_after=2021-01-01 00:00:00+00:00
[2026-05-17T21:24:42.330+0000] {processor.py:183} INFO - Processing /home/airflow/.local/lib/python3.8/site-packages/airflow/example_dags/example_xcom.py took 0.069 seconds
[2026-05-17T21:25:14.080+0000] {processor.py:161} INFO - Started process (PID=3191) to work on /home/airflow/.local/lib/python3.8/site-packages/airflow/example_dags/example_xcom.py
[2026-05-17T21:25:14.082+0000] {processor.py:830} INFO - Processing file /home/airflow/.local/lib/python3.8/site-packages/airflow/example_dags/example_xcom.py for tasks to queue
[2026-05-17T21:25:14.084+0000] {logging_mixin.py:188} INFO - [2026-05-17T21:25:14.083+0000] {dagbag.py:540} INFO - Filling up the DagBag from /home/airflow/.local/lib/python3.8/site-packages/airflow/example_dags/example_xcom.py
[2026-05-17T21:25:14.091+0000] {processor.py:840} INFO - DAG(s) 'example_xcom' retrieved from /home/airflow/.local/lib/python3.8/site-packages/airflow/example_dags/example_xcom.py
[2026-05-17T21:25:14.109+0000] {logging_mixin.py:188} INFO - [2026-05-17T21:25:14.108+0000] {dag.py:3047} INFO - Sync 1 DAGs
[2026-05-17T21:25:14.127+0000] {logging_mixin.py:188} INFO - [2026-05-17T21:25:14.127+0000] {dag.py:3834} INFO - Setting next_dagrun for example_xcom to 2021-01-01 00:00:00+00:00, run_after=2021-01-01 00:00:00+00:00
[2026-05-17T21:25:14.153+0000] {processor.py:183} INFO - Processing /home/airflow/.local/lib/python3.8/site-packages/airflow/example_dags/example_xcom.py took 0.076 seconds
[2026-05-17T21:25:44.866+0000] {processor.py:161} INFO - Started process (PID=3246) to work on /home/airflow/.local/lib/python3.8/site-packages/airflow/example_dags/example_xcom.py
[2026-05-17T21:25:44.867+0000] {processor.py:830} INFO - Processing file /home/airflow/.local/lib/python3.8/site-packages/airflow/example_dags/example_xcom.py for tasks to queue
[2026-05-17T21:25:44.869+0000] {logging_mixin.py:188} INFO - [2026-05-17T21:25:44.869+0000] {dagbag.py:540} INFO - Filling up the DagBag from /home/airflow/.local/lib/python3.8/site-packages/airflow/example_dags/example_xcom.py
[2026-05-17T21:25:44.875+0000] {processor.py:840} INFO - DAG(s) 'example_xcom' retrieved from /home/airflow/.local/lib/python3.8/site-packages/airflow/example_dags/example_xcom.py
[2026-05-17T21:25:44.894+0000] {logging_mixin.py:188} INFO - [2026-05-17T21:25:44.894+0000] {dag.py:3047} INFO - Sync 1 DAGs
[2026-05-17T21:25:44.916+0000] {logging_mixin.py:188} INFO - [2026-05-17T21:25:44.915+0000] {dag.py:3834} INFO - Setting next_dagrun for example_xcom to 2021-01-01 00:00:00+00:00, run_after=2021-01-01 00:00:00+00:00
[2026-05-17T21:25:44.933+0000] {processor.py:183} INFO - Processing /home/airflow/.local/lib/python3.8/site-packages/airflow/example_dags/example_xcom.py took 0.070 seconds
[2026-05-17T21:26:15.762+0000] {processor.py:161} INFO - Started process (PID=3301) to work on /home/airflow/.local/lib/python3.8/site-packages/airflow/example_dags/example_xcom.py
[2026-05-17T21:26:15.763+0000] {processor.py:830} INFO - Processing file /home/airflow/.local/lib/python3.8/site-packages/airflow/example_dags/example_xcom.py for tasks to queue
[2026-05-17T21:26:15.765+0000] {logging_mixin.py:188} INFO - [2026-05-17T21:26:15.765+0000] {dagbag.py:540} INFO - Filling up the DagBag from /home/airflow/.local/lib/python3.8/site-packages/airflow/example_dags/example_xcom.py
[2026-05-17T21:26:15.771+0000] {processor.py:840} INFO - DAG(s) 'example_xcom' retrieved from /home/airflow/.local/lib/python3.8/site-packages/airflow/example_dags/example_xcom.py
[2026-05-17T21:26:15.789+0000] {logging_mixin.py:188} INFO - [2026-05-17T21:26:15.789+0000] {dag.py:3047} INFO - Sync 1 DAGs
[2026-05-17T21:26:15.806+0000] {logging_mixin.py:188} INFO - [2026-05-17T21:26:15.806+0000] {dag.py:3834} INFO - Setting next_dagrun for example_xcom to 2021-01-01 00:00:00+00:00, run_after=2021-01-01 00:00:00+00:00
[2026-05-17T21:26:15.825+0000] {processor.py:183} INFO - Processing /home/airflow/.local/lib/python3.8/site-packages/airflow/example_dags/example_xcom.py took 0.066 seconds
[2026-05-17T21:26:46.711+0000] {processor.py:161} INFO - Started process (PID=3356) to work on /home/airflow/.local/lib/python3.8/site-packages/airflow/example_dags/example_xcom.py
[2026-05-17T21:26:46.712+0000] {processor.py:830} INFO - Processing file /home/airflow/.local/lib/python3.8/site-packages/airflow/example_dags/example_xcom.py for tasks to queue
[2026-05-17T21:26:46.714+0000] {logging_mixin.py:188} INFO - [2026-05-17T21:26:46.714+0000] {dagbag.py:540} INFO - Filling up the DagBag from /home/airflow/.local/lib/python3.8/site-packages/airflow/example_dags/example_xcom.py
[2026-05-17T21:26:46.722+0000] {processor.py:840} INFO - DAG(s) 'example_xcom' retrieved from /home/airflow/.local/lib/python3.8/site-packages/airflow/example_dags/example_xcom.py
[2026-05-17T21:26:46.739+0000] {logging_mixin.py:188} INFO - [2026-05-17T21:26:46.739+0000] {dag.py:3047} INFO - Sync 1 DAGs
[2026-05-17T21:26:46.755+0000] {logging_mixin.py:188} INFO - [2026-05-17T21:26:46.755+0000] {dag.py:3834} INFO - Setting next_dagrun for example_xcom to 2021-01-01 00:00:00+00:00, run_after=2021-01-01 00:00:00+00:00
[2026-05-17T21:26:46.771+0000] {processor.py:183} INFO - Processing /home/airflow/.local/lib/python3.8/site-packages/airflow/example_dags/example_xcom.py took 0.064 seconds
[2026-05-17T21:27:17.487+0000] {processor.py:161} INFO - Started process (PID=3411) to work on /home/airflow/.local/lib/python3.8/site-packages/airflow/example_dags/example_xcom.py
[2026-05-17T21:27:17.488+0000] {processor.py:830} INFO - Processing file /home/airflow/.local/lib/python3.8/site-packages/airflow/example_dags/example_xcom.py for tasks to queue
[2026-05-17T21:27:17.490+0000] {logging_mixin.py:188} INFO - [2026-05-17T21:27:17.489+0000] {dagbag.py:540} INFO - Filling up the DagBag from /home/airflow/.local/lib/python3.8/site-packages/airflow/example_dags/example_xcom.py
[2026-05-17T21:27:17.497+0000] {processor.py:840} INFO - DAG(s) 'example_xcom' retrieved from /home/airflow/.local/lib/python3.8/site-packages/airflow/example_dags/example_xcom.py
[2026-05-17T21:27:17.516+0000] {logging_mixin.py:188} INFO - [2026-05-17T21:27:17.516+0000] {dag.py:3047} INFO - Sync 1 DAGs
[2026-05-17T21:27:17.534+0000] {logging_mixin.py:188} INFO - [2026-05-17T21:27:17.534+0000] {dag.py:3834} INFO - Setting next_dagrun for example_xcom to 2021-01-01 00:00:00+00:00, run_after=2021-01-01 00:00:00+00:00
[2026-05-17T21:27:17.550+0000] {processor.py:183} INFO - Processing /home/airflow/.local/lib/python3.8/site-packages/airflow/example_dags/example_xcom.py took 0.066 seconds
[2026-05-17T21:27:48.489+0000] {processor.py:161} INFO - Started process (PID=3466) to work on /home/airflow/.local/lib/python3.8/site-packages/airflow/example_dags/example_xcom.py
[2026-05-17T21:27:48.491+0000] {processor.py:830} INFO - Processing file /home/airflow/.local/lib/python3.8/site-packages/airflow/example_dags/example_xcom.py for tasks to queue
[2026-05-17T21:27:48.494+0000] {logging_mixin.py:188} INFO - [2026-05-17T21:27:48.494+0000] {dagbag.py:540} INFO - Filling up the DagBag from /home/airflow/.local/lib/python3.8/site-packages/airflow/example_dags/example_xcom.py
[2026-05-17T21:27:48.501+0000] {processor.py:840} INFO - DAG(s) 'example_xcom' retrieved from /home/airflow/.local/lib/python3.8/site-packages/airflow/example_dags/example_xcom.py
[2026-05-17T21:27:48.524+0000] {logging_mixin.py:188} INFO - [2026-05-17T21:27:48.524+0000] {dag.py:3047} INFO - Sync 1 DAGs
[2026-05-17T21:27:48.544+0000] {logging_mixin.py:188} INFO - [2026-05-17T21:27:48.544+0000] {dag.py:3834} INFO - Setting next_dagrun for example_xcom to 2021-01-01 00:00:00+00:00, run_after=2021-01-01 00:00:00+00:00
[2026-05-17T21:27:48.564+0000] {processor.py:183} INFO - Processing /home/airflow/.local/lib/python3.8/site-packages/airflow/example_dags/example_xcom.py took 0.080 seconds
[2026-05-17T21:28:18.854+0000] {processor.py:161} INFO - Started process (PID=3522) to work on /home/airflow/.local/lib/python3.8/site-packages/airflow/example_dags/example_xcom.py
[2026-05-17T21:28:18.855+0000] {processor.py:830} INFO - Processing file /home/airflow/.local/lib/python3.8/site-packages/airflow/example_dags/example_xcom.py for tasks to queue
[2026-05-17T21:28:18.857+0000] {logging_mixin.py:188} INFO - [2026-05-17T21:28:18.857+0000] {dagbag.py:540} INFO - Filling up the DagBag from /home/airflow/.local/lib/python3.8/site-packages/airflow/example_dags/example_xcom.py
[2026-05-17T21:28:18.866+0000] {processor.py:840} INFO - DAG(s) 'example_xcom' retrieved from /home/airflow/.local/lib/python3.8/site-packages/airflow/example_dags/example_xcom.py
[2026-05-17T21:28:18.887+0000] {logging_mixin.py:188} INFO - [2026-05-17T21:28:18.887+0000] {dag.py:3047} INFO - Sync 1 DAGs
[2026-05-17T21:28:18.908+0000] {logging_mixin.py:188} INFO - [2026-05-17T21:28:18.908+0000] {dag.py:3834} INFO - Setting next_dagrun for example_xcom to 2021-01-01 00:00:00+00:00, run_after=2021-01-01 00:00:00+00:00
[2026-05-17T21:28:18.927+0000] {processor.py:183} INFO - Processing /home/airflow/.local/lib/python3.8/site-packages/airflow/example_dags/example_xcom.py took 0.077 seconds
[2026-05-17T21:28:49.314+0000] {processor.py:161} INFO - Started process (PID=3577) to work on /home/airflow/.local/lib/python3.8/site-packages/airflow/example_dags/example_xcom.py
[2026-05-17T21:28:49.316+0000] {processor.py:830} INFO - Processing file /home/airflow/.local/lib/python3.8/site-packages/airflow/example_dags/example_xcom.py for tasks to queue
[2026-05-17T21:28:49.317+0000] {logging_mixin.py:188} INFO - [2026-05-17T21:28:49.317+0000] {dagbag.py:540} INFO - Filling up the DagBag from /home/airflow/.local/lib/python3.8/site-packages/airflow/example_dags/example_xcom.py
[2026-05-17T21:28:49.324+0000] {processor.py:840} INFO - DAG(s) 'example_xcom' retrieved from /home/airflow/.local/lib/python3.8/site-packages/airflow/example_dags/example_xcom.py
[2026-05-17T21:28:49.353+0000] {logging_mixin.py:188} INFO - [2026-05-17T21:28:49.353+0000] {dag.py:3047} INFO - Sync 1 DAGs
[2026-05-17T21:28:49.374+0000] {logging_mixin.py:188} INFO - [2026-05-17T21:28:49.374+0000] {dag.py:3834} INFO - Setting next_dagrun for example_xcom to 2021-01-01 00:00:00+00:00, run_after=2021-01-01 00:00:00+00:00
[2026-05-17T21:28:49.405+0000] {processor.py:183} INFO - Processing /home/airflow/.local/lib/python3.8/site-packages/airflow/example_dags/example_xcom.py took 0.097 seconds
[2026-05-17T21:29:20.133+0000] {processor.py:161} INFO - Started process (PID=3632) to work on /home/airflow/.local/lib/python3.8/site-packages/airflow/example_dags/example_xcom.py
[2026-05-17T21:29:20.134+0000] {processor.py:830} INFO - Processing file /home/airflow/.local/lib/python3.8/site-packages/airflow/example_dags/example_xcom.py for tasks to queue
[2026-05-17T21:29:20.136+0000] {logging_mixin.py:188} INFO - [2026-05-17T21:29:20.136+0000] {dagbag.py:540} INFO - Filling up the DagBag from /home/airflow/.local/lib/python3.8/site-packages/airflow/example_dags/example_xcom.py
[2026-05-17T21:29:20.144+0000] {processor.py:840} INFO - DAG(s) 'example_xcom' retrieved from /home/airflow/.local/lib/python3.8/site-packages/airflow/example_dags/example_xcom.py
[2026-05-17T21:29:20.164+0000] {logging_mixin.py:188} INFO - [2026-05-17T21:29:20.164+0000] {dag.py:3047} INFO - Sync 1 DAGs
[2026-05-17T21:29:20.186+0000] {logging_mixin.py:188} INFO - [2026-05-17T21:29:20.186+0000] {dag.py:3834} INFO - Setting next_dagrun for example_xcom to 2021-01-01 00:00:00+00:00, run_after=2021-01-01 00:00:00+00:00
[2026-05-17T21:29:20.209+0000] {processor.py:183} INFO - Processing /home/airflow/.local/lib/python3.8/site-packages/airflow/example_dags/example_xcom.py took 0.080 seconds
[2026-05-17T21:29:50.695+0000] {processor.py:161} INFO - Started process (PID=3687) to work on /home/airflow/.local/lib/python3.8/site-packages/airflow/example_dags/example_xcom.py
[2026-05-17T21:29:50.696+0000] {processor.py:830} INFO - Processing file /home/airflow/.local/lib/python3.8/site-packages/airflow/example_dags/example_xcom.py for tasks to queue
[2026-05-17T21:29:50.699+0000] {logging_mixin.py:188} INFO - [2026-05-17T21:29:50.698+0000] {dagbag.py:540} INFO - Filling up the DagBag from /home/airflow/.local/lib/python3.8/site-packages/airflow/example_dags/example_xcom.py
[2026-05-17T21:29:50.709+0000] {processor.py:840} INFO - DAG(s) 'example_xcom' retrieved from /home/airflow/.local/lib/python3.8/site-packages/airflow/example_dags/example_xcom.py
[2026-05-17T21:29:50.732+0000] {logging_mixin.py:188} INFO - [2026-05-17T21:29:50.731+0000] {dag.py:3047} INFO - Sync 1 DAGs
[2026-05-17T21:29:50.751+0000] {logging_mixin.py:188} INFO - [2026-05-17T21:29:50.750+0000] {dag.py:3834} INFO - Setting next_dagrun for example_xcom to 2021-01-01 00:00:00+00:00, run_after=2021-01-01 00:00:00+00:00
[2026-05-17T21:29:50.770+0000] {processor.py:183} INFO - Processing /home/airflow/.local/lib/python3.8/site-packages/airflow/example_dags/example_xcom.py took 0.078 seconds
[2026-05-17T21:30:20.975+0000] {processor.py:161} INFO - Started process (PID=3741) to work on /home/airflow/.local/lib/python3.8/site-packages/airflow/example_dags/example_xcom.py
[2026-05-17T21:30:20.977+0000] {processor.py:830} INFO - Processing file /home/airflow/.local/lib/python3.8/site-packages/airflow/example_dags/example_xcom.py for tasks to queue
[2026-05-17T21:30:20.979+0000] {logging_mixin.py:188} INFO - [2026-05-17T21:30:20.979+0000] {dagbag.py:540} INFO - Filling up the DagBag from /home/airflow/.local/lib/python3.8/site-packages/airflow/example_dags/example_xcom.py
[2026-05-17T21:30:20.987+0000] {processor.py:840} INFO - DAG(s) 'example_xcom' retrieved from /home/airflow/.local/lib/python3.8/site-packages/airflow/example_dags/example_xcom.py
[2026-05-17T21:30:21.008+0000] {logging_mixin.py:188} INFO - [2026-05-17T21:30:21.008+0000] {dag.py:3047} INFO - Sync 1 DAGs
[2026-05-17T21:30:21.026+0000] {logging_mixin.py:188} INFO - [2026-05-17T21:30:21.026+0000] {dag.py:3834} INFO - Setting next_dagrun for example_xcom to 2021-01-01 00:00:00+00:00, run_after=2021-01-01 00:00:00+00:00
[2026-05-17T21:30:21.047+0000] {processor.py:183} INFO - Processing /home/airflow/.local/lib/python3.8/site-packages/airflow/example_dags/example_xcom.py took 0.074 seconds
[2026-05-17T21:30:51.547+0000] {processor.py:161} INFO - Started process (PID=3796) to work on /home/airflow/.local/lib/python3.8/site-packages/airflow/example_dags/example_xcom.py
[2026-05-17T21:30:51.549+0000] {processor.py:830} INFO - Processing file /home/airflow/.local/lib/python3.8/site-packages/airflow/example_dags/example_xcom.py for tasks to queue
[2026-05-17T21:30:51.551+0000] {logging_mixin.py:188} INFO - [2026-05-17T21:30:51.551+0000] {dagbag.py:540} INFO - Filling up the DagBag from /home/airflow/.local/lib/python3.8/site-packages/airflow/example_dags/example_xcom.py
[2026-05-17T21:30:51.565+0000] {processor.py:840} INFO - DAG(s) 'example_xcom' retrieved from /home/airflow/.local/lib/python3.8/site-packages/airflow/example_dags/example_xcom.py
[2026-05-17T21:30:51.604+0000] {logging_mixin.py:188} INFO - [2026-05-17T21:30:51.603+0000] {dag.py:3047} INFO - Sync 1 DAGs
[2026-05-17T21:30:51.634+0000] {logging_mixin.py:188} INFO - [2026-05-17T21:30:51.633+0000] {dag.py:3834} INFO - Setting next_dagrun for example_xcom to 2021-01-01 00:00:00+00:00, run_after=2021-01-01 00:00:00+00:00
[2026-05-17T21:30:51.666+0000] {processor.py:183} INFO - Processing /home/airflow/.local/lib/python3.8/site-packages/airflow/example_dags/example_xcom.py took 0.124 seconds
[2026-05-17T21:31:22.460+0000] {processor.py:161} INFO - Started process (PID=3851) to work on /home/airflow/.local/lib/python3.8/site-packages/airflow/example_dags/example_xcom.py
[2026-05-17T21:31:22.462+0000] {processor.py:830} INFO - Processing file /home/airflow/.local/lib/python3.8/site-packages/airflow/example_dags/example_xcom.py for tasks to queue
[2026-05-17T21:31:22.466+0000] {logging_mixin.py:188} INFO - [2026-05-17T21:31:22.465+0000] {dagbag.py:540} INFO - Filling up the DagBag from /home/airflow/.local/lib/python3.8/site-packages/airflow/example_dags/example_xcom.py
[2026-05-17T21:31:22.481+0000] {processor.py:840} INFO - DAG(s) 'example_xcom' retrieved from /home/airflow/.local/lib/python3.8/site-packages/airflow/example_dags/example_xcom.py
[2026-05-17T21:31:22.511+0000] {logging_mixin.py:188} INFO - [2026-05-17T21:31:22.511+0000] {dag.py:3047} INFO - Sync 1 DAGs
[2026-05-17T21:31:22.544+0000] {logging_mixin.py:188} INFO - [2026-05-17T21:31:22.544+0000] {dag.py:3834} INFO - Setting next_dagrun for example_xcom to 2021-01-01 00:00:00+00:00, run_after=2021-01-01 00:00:00+00:00
[2026-05-17T21:31:22.571+0000] {processor.py:183} INFO - Processing /home/airflow/.local/lib/python3.8/site-packages/airflow/example_dags/example_xcom.py took 0.120 seconds
[2026-05-17T21:31:52.910+0000] {processor.py:161} INFO - Started process (PID=3906) to work on /home/airflow/.local/lib/python3.8/site-packages/airflow/example_dags/example_xcom.py
[2026-05-17T21:31:52.911+0000] {processor.py:830} INFO - Processing file /home/airflow/.local/lib/python3.8/site-packages/airflow/example_dags/example_xcom.py for tasks to queue
[2026-05-17T21:31:52.913+0000] {logging_mixin.py:188} INFO - [2026-05-17T21:31:52.913+0000] {dagbag.py:540} INFO - Filling up the DagBag from /home/airflow/.local/lib/python3.8/site-packages/airflow/example_dags/example_xcom.py
[2026-05-17T21:31:52.920+0000] {processor.py:840} INFO - DAG(s) 'example_xcom' retrieved from /home/airflow/.local/lib/python3.8/site-packages/airflow/example_dags/example_xcom.py
[2026-05-17T21:31:52.940+0000] {logging_mixin.py:188} INFO - [2026-05-17T21:31:52.940+0000] {dag.py:3047} INFO - Sync 1 DAGs
[2026-05-17T21:31:52.961+0000] {logging_mixin.py:188} INFO - [2026-05-17T21:31:52.960+0000] {dag.py:3834} INFO - Setting next_dagrun for example_xcom to 2021-01-01 00:00:00+00:00, run_after=2021-01-01 00:00:00+00:00
[2026-05-17T21:31:52.981+0000] {processor.py:183} INFO - Processing /home/airflow/.local/lib/python3.8/site-packages/airflow/example_dags/example_xcom.py took 0.074 seconds
[2026-05-17T21:32:23.925+0000] {processor.py:161} INFO - Started process (PID=3961) to work on /home/airflow/.local/lib/python3.8/site-packages/airflow/example_dags/example_xcom.py
[2026-05-17T21:32:23.926+0000] {processor.py:830} INFO - Processing file /home/airflow/.local/lib/python3.8/site-packages/airflow/example_dags/example_xcom.py for tasks to queue
[2026-05-17T21:32:23.928+0000] {logging_mixin.py:188} INFO - [2026-05-17T21:32:23.928+0000] {dagbag.py:540} INFO - Filling up the DagBag from /home/airflow/.local/lib/python3.8/site-packages/airflow/example_dags/example_xcom.py
[2026-05-17T21:32:23.936+0000] {processor.py:840} INFO - DAG(s) 'example_xcom' retrieved from /home/airflow/.local/lib/python3.8/site-packages/airflow/example_dags/example_xcom.py
[2026-05-17T21:32:23.956+0000] {logging_mixin.py:188} INFO - [2026-05-17T21:32:23.955+0000] {dag.py:3047} INFO - Sync 1 DAGs
[2026-05-17T21:32:23.974+0000] {logging_mixin.py:188} INFO - [2026-05-17T21:32:23.973+0000] {dag.py:3834} INFO - Setting next_dagrun for example_xcom to 2021-01-01 00:00:00+00:00, run_after=2021-01-01 00:00:00+00:00
[2026-05-17T21:32:23.995+0000] {processor.py:183} INFO - Processing /home/airflow/.local/lib/python3.8/site-packages/airflow/example_dags/example_xcom.py took 0.073 seconds
[2026-05-17T21:32:54.036+0000] {processor.py:161} INFO - Started process (PID=4016) to work on /home/airflow/.local/lib/python3.8/site-packages/airflow/example_dags/example_xcom.py
[2026-05-17T21:32:54.038+0000] {processor.py:830} INFO - Processing file /home/airflow/.local/lib/python3.8/site-packages/airflow/example_dags/example_xcom.py for tasks to queue
[2026-05-17T21:32:54.040+0000] {logging_mixin.py:188} INFO - [2026-05-17T21:32:54.040+0000] {dagbag.py:540} INFO - Filling up the DagBag from /home/airflow/.local/lib/python3.8/site-packages/airflow/example_dags/example_xcom.py
[2026-05-17T21:32:54.051+0000] {processor.py:840} INFO - DAG(s) 'example_xcom' retrieved from /home/airflow/.local/lib/python3.8/site-packages/airflow/example_dags/example_xcom.py
[2026-05-17T21:32:54.073+0000] {logging_mixin.py:188} INFO - [2026-05-17T21:32:54.073+0000] {dag.py:3047} INFO - Sync 1 DAGs
[2026-05-17T21:32:54.101+0000] {logging_mixin.py:188} INFO - [2026-05-17T21:32:54.101+0000] {dag.py:3834} INFO - Setting next_dagrun for example_xcom to 2021-01-01 00:00:00+00:00, run_after=2021-01-01 00:00:00+00:00
[2026-05-17T21:32:54.121+0000] {processor.py:183} INFO - Processing /home/airflow/.local/lib/python3.8/site-packages/airflow/example_dags/example_xcom.py took 0.090 seconds
[2026-05-17T21:33:24.314+0000] {processor.py:161} INFO - Started process (PID=4071) to work on /home/airflow/.local/lib/python3.8/site-packages/airflow/example_dags/example_xcom.py
[2026-05-17T21:33:24.316+0000] {processor.py:830} INFO - Processing file /home/airflow/.local/lib/python3.8/site-packages/airflow/example_dags/example_xcom.py for tasks to queue
[2026-05-17T21:33:24.318+0000] {logging_mixin.py:188} INFO - [2026-05-17T21:33:24.317+0000] {dagbag.py:540} INFO - Filling up the DagBag from /home/airflow/.local/lib/python3.8/site-packages/airflow/example_dags/example_xcom.py
[2026-05-17T21:33:24.325+0000] {processor.py:840} INFO - DAG(s) 'example_xcom' retrieved from /home/airflow/.local/lib/python3.8/site-packages/airflow/example_dags/example_xcom.py
[2026-05-17T21:33:24.346+0000] {logging_mixin.py:188} INFO - [2026-05-17T21:33:24.346+0000] {dag.py:3047} INFO - Sync 1 DAGs
[2026-05-17T21:33:24.366+0000] {logging_mixin.py:188} INFO - [2026-05-17T21:33:24.365+0000] {dag.py:3834} INFO - Setting next_dagrun for example_xcom to 2021-01-01 00:00:00+00:00, run_after=2021-01-01 00:00:00+00:00
[2026-05-17T21:33:24.385+0000] {processor.py:183} INFO - Processing /home/airflow/.local/lib/python3.8/site-packages/airflow/example_dags/example_xcom.py took 0.074 seconds
[2026-05-17T21:33:54.749+0000] {processor.py:161} INFO - Started process (PID=4126) to work on /home/airflow/.local/lib/python3.8/site-packages/airflow/example_dags/example_xcom.py
[2026-05-17T21:33:54.751+0000] {processor.py:830} INFO - Processing file /home/airflow/.local/lib/python3.8/site-packages/airflow/example_dags/example_xcom.py for tasks to queue
[2026-05-17T21:33:54.754+0000] {logging_mixin.py:188} INFO - [2026-05-17T21:33:54.753+0000] {dagbag.py:540} INFO - Filling up the DagBag from /home/airflow/.local/lib/python3.8/site-packages/airflow/example_dags/example_xcom.py
[2026-05-17T21:33:54.763+0000] {processor.py:840} INFO - DAG(s) 'example_xcom' retrieved from /home/airflow/.local/lib/python3.8/site-packages/airflow/example_dags/example_xcom.py
[2026-05-17T21:33:54.785+0000] {logging_mixin.py:188} INFO - [2026-05-17T21:33:54.784+0000] {dag.py:3047} INFO - Sync 1 DAGs
[2026-05-17T21:33:54.809+0000] {logging_mixin.py:188} INFO - [2026-05-17T21:33:54.809+0000] {dag.py:3834} INFO - Setting next_dagrun for example_xcom to 2021-01-01 00:00:00+00:00, run_after=2021-01-01 00:00:00+00:00
[2026-05-17T21:33:54.828+0000] {processor.py:183} INFO - Processing /home/airflow/.local/lib/python3.8/site-packages/airflow/example_dags/example_xcom.py took 0.081 seconds
[2026-05-17T21:34:24.922+0000] {processor.py:161} INFO - Started process (PID=4181) to work on /home/airflow/.local/lib/python3.8/site-packages/airflow/example_dags/example_xcom.py
[2026-05-17T21:34:24.924+0000] {processor.py:830} INFO - Processing file /home/airflow/.local/lib/python3.8/site-packages/airflow/example_dags/example_xcom.py for tasks to queue
[2026-05-17T21:34:24.926+0000] {logging_mixin.py:188} INFO - [2026-05-17T21:34:24.926+0000] {dagbag.py:540} INFO - Filling up the DagBag from /home/airflow/.local/lib/python3.8/site-packages/airflow/example_dags/example_xcom.py
[2026-05-17T21:34:24.932+0000] {processor.py:840} INFO - DAG(s) 'example_xcom' retrieved from /home/airflow/.local/lib/python3.8/site-packages/airflow/example_dags/example_xcom.py
[2026-05-17T21:34:24.954+0000] {logging_mixin.py:188} INFO - [2026-05-17T21:34:24.954+0000] {dag.py:3047} INFO - Sync 1 DAGs
[2026-05-17T21:34:24.973+0000] {logging_mixin.py:188} INFO - [2026-05-17T21:34:24.973+0000] {dag.py:3834} INFO - Setting next_dagrun for example_xcom to 2021-01-01 00:00:00+00:00, run_after=2021-01-01 00:00:00+00:00
[2026-05-17T21:34:24.989+0000] {processor.py:183} INFO - Processing /home/airflow/.local/lib/python3.8/site-packages/airflow/example_dags/example_xcom.py took 0.069 seconds
[2026-05-17T21:34:55.305+0000] {processor.py:161} INFO - Started process (PID=4236) to work on /home/airflow/.local/lib/python3.8/site-packages/airflow/example_dags/example_xcom.py
[2026-05-17T21:34:55.306+0000] {processor.py:830} INFO - Processing file /home/airflow/.local/lib/python3.8/site-packages/airflow/example_dags/example_xcom.py for tasks to queue
[2026-05-17T21:34:55.308+0000] {logging_mixin.py:188} INFO - [2026-05-17T21:34:55.308+0000] {dagbag.py:540} INFO - Filling up the DagBag from /home/airflow/.local/lib/python3.8/site-packages/airflow/example_dags/example_xcom.py
[2026-05-17T21:34:55.315+0000] {processor.py:840} INFO - DAG(s) 'example_xcom' retrieved from /home/airflow/.local/lib/python3.8/site-packages/airflow/example_dags/example_xcom.py
[2026-05-17T21:34:55.333+0000] {logging_mixin.py:188} INFO - [2026-05-17T21:34:55.332+0000] {dag.py:3047} INFO - Sync 1 DAGs
[2026-05-17T21:34:55.349+0000] {logging_mixin.py:188} INFO - [2026-05-17T21:34:55.349+0000] {dag.py:3834} INFO - Setting next_dagrun for example_xcom to 2021-01-01 00:00:00+00:00, run_after=2021-01-01 00:00:00+00:00
[2026-05-17T21:34:55.368+0000] {processor.py:183} INFO - Processing /home/airflow/.local/lib/python3.8/site-packages/airflow/example_dags/example_xcom.py took 0.066 seconds
[2026-05-17T21:35:25.516+0000] {processor.py:161} INFO - Started process (PID=4291) to work on /home/airflow/.local/lib/python3.8/site-packages/airflow/example_dags/example_xcom.py
[2026-05-17T21:35:25.517+0000] {processor.py:830} INFO - Processing file /home/airflow/.local/lib/python3.8/site-packages/airflow/example_dags/example_xcom.py for tasks to queue
[2026-05-17T21:35:25.519+0000] {logging_mixin.py:188} INFO - [2026-05-17T21:35:25.519+0000] {dagbag.py:540} INFO - Filling up the DagBag from /home/airflow/.local/lib/python3.8/site-packages/airflow/example_dags/example_xcom.py
[2026-05-17T21:35:25.526+0000] {processor.py:840} INFO - DAG(s) 'example_xcom' retrieved from /home/airflow/.local/lib/python3.8/site-packages/airflow/example_dags/example_xcom.py
[2026-05-17T21:35:25.547+0000] {logging_mixin.py:188} INFO - [2026-05-17T21:35:25.547+0000] {dag.py:3047} INFO - Sync 1 DAGs
[2026-05-17T21:35:25.566+0000] {logging_mixin.py:188} INFO - [2026-05-17T21:35:25.566+0000] {dag.py:3834} INFO - Setting next_dagrun for example_xcom to 2021-01-01 00:00:00+00:00, run_after=2021-01-01 00:00:00+00:00
[2026-05-17T21:35:25.585+0000] {processor.py:183} INFO - Processing /home/airflow/.local/lib/python3.8/site-packages/airflow/example_dags/example_xcom.py took 0.074 seconds
[2026-05-17T21:35:55.748+0000] {processor.py:161} INFO - Started process (PID=4346) to work on /home/airflow/.local/lib/python3.8/site-packages/airflow/example_dags/example_xcom.py
[2026-05-17T21:35:55.749+0000] {processor.py:830} INFO - Processing file /home/airflow/.local/lib/python3.8/site-packages/airflow/example_dags/example_xcom.py for tasks to queue
[2026-05-17T21:35:55.751+0000] {logging_mixin.py:188} INFO - [2026-05-17T21:35:55.751+0000] {dagbag.py:540} INFO - Filling up the DagBag from /home/airflow/.local/lib/python3.8/site-packages/airflow/example_dags/example_xcom.py
[2026-05-17T21:35:55.763+0000] {processor.py:840} INFO - DAG(s) 'example_xcom' retrieved from /home/airflow/.local/lib/python3.8/site-packages/airflow/example_dags/example_xcom.py
[2026-05-17T21:35:55.782+0000] {logging_mixin.py:188} INFO - [2026-05-17T21:35:55.781+0000] {dag.py:3047} INFO - Sync 1 DAGs
[2026-05-17T21:35:55.802+0000] {logging_mixin.py:188} INFO - [2026-05-17T21:35:55.802+0000] {dag.py:3834} INFO - Setting next_dagrun for example_xcom to 2021-01-01 00:00:00+00:00, run_after=2021-01-01 00:00:00+00:00
[2026-05-17T21:35:55.821+0000] {processor.py:183} INFO - Processing /home/airflow/.local/lib/python3.8/site-packages/airflow/example_dags/example_xcom.py took 0.076 seconds
[2026-05-17T21:36:26.111+0000] {processor.py:161} INFO - Started process (PID=4401) to work on /home/airflow/.local/lib/python3.8/site-packages/airflow/example_dags/example_xcom.py
[2026-05-17T21:36:26.112+0000] {processor.py:830} INFO - Processing file /home/airflow/.local/lib/python3.8/site-packages/airflow/example_dags/example_xcom.py for tasks to queue
[2026-05-17T21:36:26.114+0000] {logging_mixin.py:188} INFO - [2026-05-17T21:36:26.114+0000] {dagbag.py:540} INFO - Filling up the DagBag from /home/airflow/.local/lib/python3.8/site-packages/airflow/example_dags/example_xcom.py
[2026-05-17T21:36:26.123+0000] {processor.py:840} INFO - DAG(s) 'example_xcom' retrieved from /home/airflow/.local/lib/python3.8/site-packages/airflow/example_dags/example_xcom.py
[2026-05-17T21:36:26.143+0000] {logging_mixin.py:188} INFO - [2026-05-17T21:36:26.142+0000] {dag.py:3047} INFO - Sync 1 DAGs
[2026-05-17T21:36:26.164+0000] {logging_mixin.py:188} INFO - [2026-05-17T21:36:26.164+0000] {dag.py:3834} INFO - Setting next_dagrun for example_xcom to 2021-01-01 00:00:00+00:00, run_after=2021-01-01 00:00:00+00:00
[2026-05-17T21:36:26.181+0000] {processor.py:183} INFO - Processing /home/airflow/.local/lib/python3.8/site-packages/airflow/example_dags/example_xcom.py took 0.074 seconds
[2026-05-17T21:36:56.230+0000] {processor.py:161} INFO - Started process (PID=4456) to work on /home/airflow/.local/lib/python3.8/site-packages/airflow/example_dags/example_xcom.py
[2026-05-17T21:36:56.231+0000] {processor.py:830} INFO - Processing file /home/airflow/.local/lib/python3.8/site-packages/airflow/example_dags/example_xcom.py for tasks to queue
[2026-05-17T21:36:56.234+0000] {logging_mixin.py:188} INFO - [2026-05-17T21:36:56.233+0000] {dagbag.py:540} INFO - Filling up the DagBag from /home/airflow/.local/lib/python3.8/site-packages/airflow/example_dags/example_xcom.py
[2026-05-17T21:36:56.240+0000] {processor.py:840} INFO - DAG(s) 'example_xcom' retrieved from /home/airflow/.local/lib/python3.8/site-packages/airflow/example_dags/example_xcom.py
[2026-05-17T21:36:56.260+0000] {logging_mixin.py:188} INFO - [2026-05-17T21:36:56.259+0000] {dag.py:3047} INFO - Sync 1 DAGs
[2026-05-17T21:36:56.280+0000] {logging_mixin.py:188} INFO - [2026-05-17T21:36:56.280+0000] {dag.py:3834} INFO - Setting next_dagrun for example_xcom to 2021-01-01 00:00:00+00:00, run_after=2021-01-01 00:00:00+00:00
[2026-05-17T21:36:56.298+0000] {processor.py:183} INFO - Processing /home/airflow/.local/lib/python3.8/site-packages/airflow/example_dags/example_xcom.py took 0.073 seconds
[2026-05-17T21:37:26.752+0000] {processor.py:161} INFO - Started process (PID=4511) to work on /home/airflow/.local/lib/python3.8/site-packages/airflow/example_dags/example_xcom.py
[2026-05-17T21:37:26.753+0000] {processor.py:830} INFO - Processing file /home/airflow/.local/lib/python3.8/site-packages/airflow/example_dags/example_xcom.py for tasks to queue
[2026-05-17T21:37:26.755+0000] {logging_mixin.py:188} INFO - [2026-05-17T21:37:26.755+0000] {dagbag.py:540} INFO - Filling up the DagBag from /home/airflow/.local/lib/python3.8/site-packages/airflow/example_dags/example_xcom.py
[2026-05-17T21:37:26.763+0000] {processor.py:840} INFO - DAG(s) 'example_xcom' retrieved from /home/airflow/.local/lib/python3.8/site-packages/airflow/example_dags/example_xcom.py
[2026-05-17T21:37:26.786+0000] {logging_mixin.py:188} INFO - [2026-05-17T21:37:26.786+0000] {dag.py:3047} INFO - Sync 1 DAGs
[2026-05-17T21:37:26.808+0000] {logging_mixin.py:188} INFO - [2026-05-17T21:37:26.807+0000] {dag.py:3834} INFO - Setting next_dagrun for example_xcom to 2021-01-01 00:00:00+00:00, run_after=2021-01-01 00:00:00+00:00
[2026-05-17T21:37:26.833+0000] {processor.py:183} INFO - Processing /home/airflow/.local/lib/python3.8/site-packages/airflow/example_dags/example_xcom.py took 0.084 seconds
[2026-05-17T21:37:57.072+0000] {processor.py:161} INFO - Started process (PID=4566) to work on /home/airflow/.local/lib/python3.8/site-packages/airflow/example_dags/example_xcom.py
[2026-05-17T21:37:57.074+0000] {processor.py:830} INFO - Processing file /home/airflow/.local/lib/python3.8/site-packages/airflow/example_dags/example_xcom.py for tasks to queue
[2026-05-17T21:37:57.078+0000] {logging_mixin.py:188} INFO - [2026-05-17T21:37:57.077+0000] {dagbag.py:540} INFO - Filling up the DagBag from /home/airflow/.local/lib/python3.8/site-packages/airflow/example_dags/example_xcom.py
[2026-05-17T21:37:57.086+0000] {processor.py:840} INFO - DAG(s) 'example_xcom' retrieved from /home/airflow/.local/lib/python3.8/site-packages/airflow/example_dags/example_xcom.py
[2026-05-17T21:37:57.113+0000] {logging_mixin.py:188} INFO - [2026-05-17T21:37:57.113+0000] {dag.py:3047} INFO - Sync 1 DAGs
[2026-05-17T21:37:57.134+0000] {logging_mixin.py:188} INFO - [2026-05-17T21:37:57.134+0000] {dag.py:3834} INFO - Setting next_dagrun for example_xcom to 2021-01-01 00:00:00+00:00, run_after=2021-01-01 00:00:00+00:00
[2026-05-17T21:37:57.155+0000] {processor.py:183} INFO - Processing /home/airflow/.local/lib/python3.8/site-packages/airflow/example_dags/example_xcom.py took 0.087 seconds
[2026-05-17T21:38:27.517+0000] {processor.py:161} INFO - Started process (PID=4621) to work on /home/airflow/.local/lib/python3.8/site-packages/airflow/example_dags/example_xcom.py
[2026-05-17T21:38:27.518+0000] {processor.py:830} INFO - Processing file /home/airflow/.local/lib/python3.8/site-packages/airflow/example_dags/example_xcom.py for tasks to queue
[2026-05-17T21:38:27.520+0000] {logging_mixin.py:188} INFO - [2026-05-17T21:38:27.520+0000] {dagbag.py:540} INFO - Filling up the DagBag from /home/airflow/.local/lib/python3.8/site-packages/airflow/example_dags/example_xcom.py
[2026-05-17T21:38:27.527+0000] {processor.py:840} INFO - DAG(s) 'example_xcom' retrieved from /home/airflow/.local/lib/python3.8/site-packages/airflow/example_dags/example_xcom.py
[2026-05-17T21:38:27.544+0000] {logging_mixin.py:188} INFO - [2026-05-17T21:38:27.544+0000] {dag.py:3047} INFO - Sync 1 DAGs
[2026-05-17T21:38:27.567+0000] {logging_mixin.py:188} INFO - [2026-05-17T21:38:27.567+0000] {dag.py:3834} INFO - Setting next_dagrun for example_xcom to 2021-01-01 00:00:00+00:00, run_after=2021-01-01 00:00:00+00:00
[2026-05-17T21:38:27.585+0000] {processor.py:183} INFO - Processing /home/airflow/.local/lib/python3.8/site-packages/airflow/example_dags/example_xcom.py took 0.071 seconds
[2026-05-17T21:38:57.887+0000] {processor.py:161} INFO - Started process (PID=4676) to work on /home/airflow/.local/lib/python3.8/site-packages/airflow/example_dags/example_xcom.py
[2026-05-17T21:38:57.888+0000] {processor.py:830} INFO - Processing file /home/airflow/.local/lib/python3.8/site-packages/airflow/example_dags/example_xcom.py for tasks to queue
[2026-05-17T21:38:57.890+0000] {logging_mixin.py:188} INFO - [2026-05-17T21:38:57.890+0000] {dagbag.py:540} INFO - Filling up the DagBag from /home/airflow/.local/lib/python3.8/site-packages/airflow/example_dags/example_xcom.py
[2026-05-17T21:38:57.896+0000] {processor.py:840} INFO - DAG(s) 'example_xcom' retrieved from /home/airflow/.local/lib/python3.8/site-packages/airflow/example_dags/example_xcom.py
[2026-05-17T21:38:57.925+0000] {logging_mixin.py:188} INFO - [2026-05-17T21:38:57.924+0000] {dag.py:3047} INFO - Sync 1 DAGs
[2026-05-17T21:38:57.947+0000] {logging_mixin.py:188} INFO - [2026-05-17T21:38:57.947+0000] {dag.py:3834} INFO - Setting next_dagrun for example_xcom to 2021-01-01 00:00:00+00:00, run_after=2021-01-01 00:00:00+00:00
[2026-05-17T21:38:57.971+0000] {processor.py:183} INFO - Processing /home/airflow/.local/lib/python3.8/site-packages/airflow/example_dags/example_xcom.py took 0.088 seconds
[2026-05-17T21:39:28.049+0000] {processor.py:161} INFO - Started process (PID=4731) to work on /home/airflow/.local/lib/python3.8/site-packages/airflow/example_dags/example_xcom.py
[2026-05-17T21:39:28.051+0000] {processor.py:830} INFO - Processing file /home/airflow/.local/lib/python3.8/site-packages/airflow/example_dags/example_xcom.py for tasks to queue
[2026-05-17T21:39:28.053+0000] {logging_mixin.py:188} INFO - [2026-05-17T21:39:28.052+0000] {dagbag.py:540} INFO - Filling up the DagBag from /home/airflow/.local/lib/python3.8/site-packages/airflow/example_dags/example_xcom.py
[2026-05-17T21:39:28.059+0000] {processor.py:840} INFO - DAG(s) 'example_xcom' retrieved from /home/airflow/.local/lib/python3.8/site-packages/airflow/example_dags/example_xcom.py
[2026-05-17T21:39:28.080+0000] {logging_mixin.py:188} INFO - [2026-05-17T21:39:28.080+0000] {dag.py:3047} INFO - Sync 1 DAGs
[2026-05-17T21:39:28.099+0000] {logging_mixin.py:188} INFO - [2026-05-17T21:39:28.099+0000] {dag.py:3834} INFO - Setting next_dagrun for example_xcom to 2021-01-01 00:00:00+00:00, run_after=2021-01-01 00:00:00+00:00
[2026-05-17T21:39:28.116+0000] {processor.py:183} INFO - Processing /home/airflow/.local/lib/python3.8/site-packages/airflow/example_dags/example_xcom.py took 0.071 seconds
[2026-05-17T21:39:58.284+0000] {processor.py:161} INFO - Started process (PID=4786) to work on /home/airflow/.local/lib/python3.8/site-packages/airflow/example_dags/example_xcom.py
[2026-05-17T21:39:58.286+0000] {processor.py:830} INFO - Processing file /home/airflow/.local/lib/python3.8/site-packages/airflow/example_dags/example_xcom.py for tasks to queue
[2026-05-17T21:39:58.289+0000] {logging_mixin.py:188} INFO - [2026-05-17T21:39:58.289+0000] {dagbag.py:540} INFO - Filling up the DagBag from /home/airflow/.local/lib/python3.8/site-packages/airflow/example_dags/example_xcom.py
[2026-05-17T21:39:58.300+0000] {processor.py:840} INFO - DAG(s) 'example_xcom' retrieved from /home/airflow/.local/lib/python3.8/site-packages/airflow/example_dags/example_xcom.py
[2026-05-17T21:39:58.323+0000] {logging_mixin.py:188} INFO - [2026-05-17T21:39:58.323+0000] {dag.py:3047} INFO - Sync 1 DAGs
[2026-05-17T21:39:58.347+0000] {logging_mixin.py:188} INFO - [2026-05-17T21:39:58.347+0000] {dag.py:3834} INFO - Setting next_dagrun for example_xcom to 2021-01-01 00:00:00+00:00, run_after=2021-01-01 00:00:00+00:00
[2026-05-17T21:39:58.370+0000] {processor.py:183} INFO - Processing /home/airflow/.local/lib/python3.8/site-packages/airflow/example_dags/example_xcom.py took 0.090 seconds
[2026-05-17T21:40:28.458+0000] {processor.py:161} INFO - Started process (PID=4841) to work on /home/airflow/.local/lib/python3.8/site-packages/airflow/example_dags/example_xcom.py
[2026-05-17T21:40:28.459+0000] {processor.py:830} INFO - Processing file /home/airflow/.local/lib/python3.8/site-packages/airflow/example_dags/example_xcom.py for tasks to queue
[2026-05-17T21:40:28.461+0000] {logging_mixin.py:188} INFO - [2026-05-17T21:40:28.461+0000] {dagbag.py:540} INFO - Filling up the DagBag from /home/airflow/.local/lib/python3.8/site-packages/airflow/example_dags/example_xcom.py
[2026-05-17T21:40:28.467+0000] {processor.py:840} INFO - DAG(s) 'example_xcom' retrieved from /home/airflow/.local/lib/python3.8/site-packages/airflow/example_dags/example_xcom.py
[2026-05-17T21:40:28.485+0000] {logging_mixin.py:188} INFO - [2026-05-17T21:40:28.484+0000] {dag.py:3047} INFO - Sync 1 DAGs
[2026-05-17T21:40:28.502+0000] {logging_mixin.py:188} INFO - [2026-05-17T21:40:28.502+0000] {dag.py:3834} INFO - Setting next_dagrun for example_xcom to 2021-01-01 00:00:00+00:00, run_after=2021-01-01 00:00:00+00:00
[2026-05-17T21:40:28.520+0000] {processor.py:183} INFO - Processing /home/airflow/.local/lib/python3.8/site-packages/airflow/example_dags/example_xcom.py took 0.064 seconds
[2026-05-17T21:40:59.573+0000] {processor.py:161} INFO - Started process (PID=4896) to work on /home/airflow/.local/lib/python3.8/site-packages/airflow/example_dags/example_xcom.py
[2026-05-17T21:40:59.575+0000] {processor.py:830} INFO - Processing file /home/airflow/.local/lib/python3.8/site-packages/airflow/example_dags/example_xcom.py for tasks to queue
[2026-05-17T21:40:59.577+0000] {logging_mixin.py:188} INFO - [2026-05-17T21:40:59.576+0000] {dagbag.py:540} INFO - Filling up the DagBag from /home/airflow/.local/lib/python3.8/site-packages/airflow/example_dags/example_xcom.py
[2026-05-17T21:40:59.583+0000] {processor.py:840} INFO - DAG(s) 'example_xcom' retrieved from /home/airflow/.local/lib/python3.8/site-packages/airflow/example_dags/example_xcom.py
[2026-05-17T21:40:59.610+0000] {logging_mixin.py:188} INFO - [2026-05-17T21:40:59.609+0000] {dag.py:3047} INFO - Sync 1 DAGs
[2026-05-17T21:40:59.629+0000] {logging_mixin.py:188} INFO - [2026-05-17T21:40:59.628+0000] {dag.py:3834} INFO - Setting next_dagrun for example_xcom to 2021-01-01 00:00:00+00:00, run_after=2021-01-01 00:00:00+00:00
[2026-05-17T21:40:59.647+0000] {processor.py:183} INFO - Processing /home/airflow/.local/lib/python3.8/site-packages/airflow/example_dags/example_xcom.py took 0.078 seconds
[2026-05-17T21:41:30.032+0000] {processor.py:161} INFO - Started process (PID=4951) to work on /home/airflow/.local/lib/python3.8/site-packages/airflow/example_dags/example_xcom.py
[2026-05-17T21:41:30.033+0000] {processor.py:830} INFO - Processing file /home/airflow/.local/lib/python3.8/site-packages/airflow/example_dags/example_xcom.py for tasks to queue
[2026-05-17T21:41:30.036+0000] {logging_mixin.py:188} INFO - [2026-05-17T21:41:30.035+0000] {dagbag.py:540} INFO - Filling up the DagBag from /home/airflow/.local/lib/python3.8/site-packages/airflow/example_dags/example_xcom.py
[2026-05-17T21:41:30.044+0000] {processor.py:840} INFO - DAG(s) 'example_xcom' retrieved from /home/airflow/.local/lib/python3.8/site-packages/airflow/example_dags/example_xcom.py
[2026-05-17T21:41:30.077+0000] {logging_mixin.py:188} INFO - [2026-05-17T21:41:30.077+0000] {dag.py:3047} INFO - Sync 1 DAGs
[2026-05-17T21:41:30.102+0000] {logging_mixin.py:188} INFO - [2026-05-17T21:41:30.102+0000] {dag.py:3834} INFO - Setting next_dagrun for example_xcom to 2021-01-01 00:00:00+00:00, run_after=2021-01-01 00:00:00+00:00
[2026-05-17T21:41:30.126+0000] {processor.py:183} INFO - Processing /home/airflow/.local/lib/python3.8/site-packages/airflow/example_dags/example_xcom.py took 0.098 seconds
[2026-05-17T21:42:00.259+0000] {processor.py:161} INFO - Started process (PID=5006) to work on /home/airflow/.local/lib/python3.8/site-packages/airflow/example_dags/example_xcom.py
[2026-05-17T21:42:00.261+0000] {processor.py:830} INFO - Processing file /home/airflow/.local/lib/python3.8/site-packages/airflow/example_dags/example_xcom.py for tasks to queue
[2026-05-17T21:42:00.264+0000] {logging_mixin.py:188} INFO - [2026-05-17T21:42:00.263+0000] {dagbag.py:540} INFO - Filling up the DagBag from /home/airflow/.local/lib/python3.8/site-packages/airflow/example_dags/example_xcom.py
[2026-05-17T21:42:00.270+0000] {processor.py:840} INFO - DAG(s) 'example_xcom' retrieved from /home/airflow/.local/lib/python3.8/site-packages/airflow/example_dags/example_xcom.py
[2026-05-17T21:42:00.288+0000] {logging_mixin.py:188} INFO - [2026-05-17T21:42:00.288+0000] {dag.py:3047} INFO - Sync 1 DAGs
[2026-05-17T21:42:00.310+0000] {logging_mixin.py:188} INFO - [2026-05-17T21:42:00.310+0000] {dag.py:3834} INFO - Setting next_dagrun for example_xcom to 2021-01-01 00:00:00+00:00, run_after=2021-01-01 00:00:00+00:00
[2026-05-17T21:42:00.327+0000] {processor.py:183} INFO - Processing /home/airflow/.local/lib/python3.8/site-packages/airflow/example_dags/example_xcom.py took 0.071 seconds
[2026-05-17T21:42:31.267+0000] {processor.py:161} INFO - Started process (PID=5061) to work on /home/airflow/.local/lib/python3.8/site-packages/airflow/example_dags/example_xcom.py
[2026-05-17T21:42:31.269+0000] {processor.py:830} INFO - Processing file /home/airflow/.local/lib/python3.8/site-packages/airflow/example_dags/example_xcom.py for tasks to queue
[2026-05-17T21:42:31.274+0000] {logging_mixin.py:188} INFO - [2026-05-17T21:42:31.274+0000] {dagbag.py:540} INFO - Filling up the DagBag from /home/airflow/.local/lib/python3.8/site-packages/airflow/example_dags/example_xcom.py
[2026-05-17T21:42:31.291+0000] {processor.py:840} INFO - DAG(s) 'example_xcom' retrieved from /home/airflow/.local/lib/python3.8/site-packages/airflow/example_dags/example_xcom.py
[2026-05-17T21:42:31.319+0000] {logging_mixin.py:188} INFO - [2026-05-17T21:42:31.319+0000] {dag.py:3047} INFO - Sync 1 DAGs
[2026-05-17T21:42:31.347+0000] {logging_mixin.py:188} INFO - [2026-05-17T21:42:31.346+0000] {dag.py:3834} INFO - Setting next_dagrun for example_xcom to 2021-01-01 00:00:00+00:00, run_after=2021-01-01 00:00:00+00:00
[2026-05-17T21:42:31.370+0000] {processor.py:183} INFO - Processing /home/airflow/.local/lib/python3.8/site-packages/airflow/example_dags/example_xcom.py took 0.108 seconds
[2026-05-17T21:43:01.465+0000] {processor.py:161} INFO - Started process (PID=5116) to work on /home/airflow/.local/lib/python3.8/site-packages/airflow/example_dags/example_xcom.py
[2026-05-17T21:43:01.468+0000] {processor.py:830} INFO - Processing file /home/airflow/.local/lib/python3.8/site-packages/airflow/example_dags/example_xcom.py for tasks to queue
[2026-05-17T21:43:01.471+0000] {logging_mixin.py:188} INFO - [2026-05-17T21:43:01.471+0000] {dagbag.py:540} INFO - Filling up the DagBag from /home/airflow/.local/lib/python3.8/site-packages/airflow/example_dags/example_xcom.py
[2026-05-17T21:43:01.481+0000] {processor.py:840} INFO - DAG(s) 'example_xcom' retrieved from /home/airflow/.local/lib/python3.8/site-packages/airflow/example_dags/example_xcom.py
[2026-05-17T21:43:01.501+0000] {logging_mixin.py:188} INFO - [2026-05-17T21:43:01.501+0000] {dag.py:3047} INFO - Sync 1 DAGs
[2026-05-17T21:43:01.520+0000] {logging_mixin.py:188} INFO - [2026-05-17T21:43:01.520+0000] {dag.py:3834} INFO - Setting next_dagrun for example_xcom to 2021-01-01 00:00:00+00:00, run_after=2021-01-01 00:00:00+00:00
[2026-05-17T21:43:01.539+0000] {processor.py:183} INFO - Processing /home/airflow/.local/lib/python3.8/site-packages/airflow/example_dags/example_xcom.py took 0.078 seconds
[2026-05-17T21:43:31.801+0000] {processor.py:161} INFO - Started process (PID=5171) to work on /home/airflow/.local/lib/python3.8/site-packages/airflow/example_dags/example_xcom.py
[2026-05-17T21:43:31.803+0000] {processor.py:830} INFO - Processing file /home/airflow/.local/lib/python3.8/site-packages/airflow/example_dags/example_xcom.py for tasks to queue
[2026-05-17T21:43:31.805+0000] {logging_mixin.py:188} INFO - [2026-05-17T21:43:31.805+0000] {dagbag.py:540} INFO - Filling up the DagBag from /home/airflow/.local/lib/python3.8/site-packages/airflow/example_dags/example_xcom.py
[2026-05-17T21:43:31.814+0000] {processor.py:840} INFO - DAG(s) 'example_xcom' retrieved from /home/airflow/.local/lib/python3.8/site-packages/airflow/example_dags/example_xcom.py
[2026-05-17T21:43:31.839+0000] {logging_mixin.py:188} INFO - [2026-05-17T21:43:31.839+0000] {dag.py:3047} INFO - Sync 1 DAGs
[2026-05-17T21:43:31.859+0000] {logging_mixin.py:188} INFO - [2026-05-17T21:43:31.859+0000] {dag.py:3834} INFO - Setting next_dagrun for example_xcom to 2021-01-01 00:00:00+00:00, run_after=2021-01-01 00:00:00+00:00
[2026-05-17T21:43:31.886+0000] {processor.py:183} INFO - Processing /home/airflow/.local/lib/python3.8/site-packages/airflow/example_dags/example_xcom.py took 0.090 seconds
[2026-05-17T21:44:02.360+0000] {processor.py:161} INFO - Started process (PID=5226) to work on /home/airflow/.local/lib/python3.8/site-packages/airflow/example_dags/example_xcom.py
[2026-05-17T21:44:02.362+0000] {processor.py:830} INFO - Processing file /home/airflow/.local/lib/python3.8/site-packages/airflow/example_dags/example_xcom.py for tasks to queue
[2026-05-17T21:44:02.366+0000] {logging_mixin.py:188} INFO - [2026-05-17T21:44:02.365+0000] {dagbag.py:540} INFO - Filling up the DagBag from /home/airflow/.local/lib/python3.8/site-packages/airflow/example_dags/example_xcom.py
[2026-05-17T21:44:02.373+0000] {processor.py:840} INFO - DAG(s) 'example_xcom' retrieved from /home/airflow/.local/lib/python3.8/site-packages/airflow/example_dags/example_xcom.py
[2026-05-17T21:44:02.400+0000] {logging_mixin.py:188} INFO - [2026-05-17T21:44:02.399+0000] {dag.py:3047} INFO - Sync 1 DAGs
[2026-05-17T21:44:02.420+0000] {logging_mixin.py:188} INFO - [2026-05-17T21:44:02.420+0000] {dag.py:3834} INFO - Setting next_dagrun for example_xcom to 2021-01-01 00:00:00+00:00, run_after=2021-01-01 00:00:00+00:00
[2026-05-17T21:44:02.441+0000] {processor.py:183} INFO - Processing /home/airflow/.local/lib/python3.8/site-packages/airflow/example_dags/example_xcom.py took 0.085 seconds
[2026-05-17T21:44:33.404+0000] {processor.py:161} INFO - Started process (PID=5281) to work on /home/airflow/.local/lib/python3.8/site-packages/airflow/example_dags/example_xcom.py
[2026-05-17T21:44:33.407+0000] {processor.py:830} INFO - Processing file /home/airflow/.local/lib/python3.8/site-packages/airflow/example_dags/example_xcom.py for tasks to queue
[2026-05-17T21:44:33.412+0000] {logging_mixin.py:188} INFO - [2026-05-17T21:44:33.412+0000] {dagbag.py:540} INFO - Filling up the DagBag from /home/airflow/.local/lib/python3.8/site-packages/airflow/example_dags/example_xcom.py
[2026-05-17T21:44:33.423+0000] {processor.py:840} INFO - DAG(s) 'example_xcom' retrieved from /home/airflow/.local/lib/python3.8/site-packages/airflow/example_dags/example_xcom.py
[2026-05-17T21:44:33.456+0000] {logging_mixin.py:188} INFO - [2026-05-17T21:44:33.456+0000] {dag.py:3047} INFO - Sync 1 DAGs
[2026-05-17T21:44:33.481+0000] {logging_mixin.py:188} INFO - [2026-05-17T21:44:33.481+0000] {dag.py:3834} INFO - Setting next_dagrun for example_xcom to 2021-01-01 00:00:00+00:00, run_after=2021-01-01 00:00:00+00:00
[2026-05-17T21:44:33.503+0000] {processor.py:183} INFO - Processing /home/airflow/.local/lib/python3.8/site-packages/airflow/example_dags/example_xcom.py took 0.105 seconds
[2026-05-17T21:45:04.464+0000] {processor.py:161} INFO - Started process (PID=5334) to work on /home/airflow/.local/lib/python3.8/site-packages/airflow/example_dags/example_xcom.py
[2026-05-17T21:45:04.465+0000] {processor.py:830} INFO - Processing file /home/airflow/.local/lib/python3.8/site-packages/airflow/example_dags/example_xcom.py for tasks to queue
[2026-05-17T21:45:04.467+0000] {logging_mixin.py:188} INFO - [2026-05-17T21:45:04.467+0000] {dagbag.py:540} INFO - Filling up the DagBag from /home/airflow/.local/lib/python3.8/site-packages/airflow/example_dags/example_xcom.py
[2026-05-17T21:45:04.474+0000] {processor.py:840} INFO - DAG(s) 'example_xcom' retrieved from /home/airflow/.local/lib/python3.8/site-packages/airflow/example_dags/example_xcom.py
[2026-05-17T21:45:04.498+0000] {logging_mixin.py:188} INFO - [2026-05-17T21:45:04.497+0000] {dag.py:3047} INFO - Sync 1 DAGs
[2026-05-17T21:45:04.518+0000] {logging_mixin.py:188} INFO - [2026-05-17T21:45:04.518+0000] {dag.py:3834} INFO - Setting next_dagrun for example_xcom to 2021-01-01 00:00:00+00:00, run_after=2021-01-01 00:00:00+00:00
[2026-05-17T21:45:04.541+0000] {processor.py:183} INFO - Processing /home/airflow/.local/lib/python3.8/site-packages/airflow/example_dags/example_xcom.py took 0.080 seconds
[2026-05-17T21:45:34.744+0000] {processor.py:161} INFO - Started process (PID=5389) to work on /home/airflow/.local/lib/python3.8/site-packages/airflow/example_dags/example_xcom.py
[2026-05-17T21:45:34.746+0000] {processor.py:830} INFO - Processing file /home/airflow/.local/lib/python3.8/site-packages/airflow/example_dags/example_xcom.py for tasks to queue
[2026-05-17T21:45:34.749+0000] {logging_mixin.py:188} INFO - [2026-05-17T21:45:34.748+0000] {dagbag.py:540} INFO - Filling up the DagBag from /home/airflow/.local/lib/python3.8/site-packages/airflow/example_dags/example_xcom.py
[2026-05-17T21:45:34.756+0000] {processor.py:840} INFO - DAG(s) 'example_xcom' retrieved from /home/airflow/.local/lib/python3.8/site-packages/airflow/example_dags/example_xcom.py
[2026-05-17T21:45:34.776+0000] {logging_mixin.py:188} INFO - [2026-05-17T21:45:34.776+0000] {dag.py:3047} INFO - Sync 1 DAGs
[2026-05-17T21:45:34.795+0000] {logging_mixin.py:188} INFO - [2026-05-17T21:45:34.795+0000] {dag.py:3834} INFO - Setting next_dagrun for example_xcom to 2021-01-01 00:00:00+00:00, run_after=2021-01-01 00:00:00+00:00
[2026-05-17T21:45:34.818+0000] {processor.py:183} INFO - Processing /home/airflow/.local/lib/python3.8/site-packages/airflow/example_dags/example_xcom.py took 0.077 seconds
[2026-05-17T21:46:05.190+0000] {processor.py:161} INFO - Started process (PID=5444) to work on /home/airflow/.local/lib/python3.8/site-packages/airflow/example_dags/example_xcom.py
[2026-05-17T21:46:05.191+0000] {processor.py:830} INFO - Processing file /home/airflow/.local/lib/python3.8/site-packages/airflow/example_dags/example_xcom.py for tasks to queue
[2026-05-17T21:46:05.194+0000] {logging_mixin.py:188} INFO - [2026-05-17T21:46:05.193+0000] {dagbag.py:540} INFO - Filling up the DagBag from /home/airflow/.local/lib/python3.8/site-packages/airflow/example_dags/example_xcom.py
[2026-05-17T21:46:05.204+0000] {processor.py:840} INFO - DAG(s) 'example_xcom' retrieved from /home/airflow/.local/lib/python3.8/site-packages/airflow/example_dags/example_xcom.py
[2026-05-17T21:46:05.226+0000] {logging_mixin.py:188} INFO - [2026-05-17T21:46:05.226+0000] {dag.py:3047} INFO - Sync 1 DAGs
[2026-05-17T21:46:05.251+0000] {logging_mixin.py:188} INFO - [2026-05-17T21:46:05.251+0000] {dag.py:3834} INFO - Setting next_dagrun for example_xcom to 2021-01-01 00:00:00+00:00, run_after=2021-01-01 00:00:00+00:00
[2026-05-17T21:46:05.273+0000] {processor.py:183} INFO - Processing /home/airflow/.local/lib/python3.8/site-packages/airflow/example_dags/example_xcom.py took 0.085 seconds
[2026-05-17T21:46:35.782+0000] {processor.py:161} INFO - Started process (PID=5499) to work on /home/airflow/.local/lib/python3.8/site-packages/airflow/example_dags/example_xcom.py
[2026-05-17T21:46:35.783+0000] {processor.py:830} INFO - Processing file /home/airflow/.local/lib/python3.8/site-packages/airflow/example_dags/example_xcom.py for tasks to queue
[2026-05-17T21:46:35.785+0000] {logging_mixin.py:188} INFO - [2026-05-17T21:46:35.785+0000] {dagbag.py:540} INFO - Filling up the DagBag from /home/airflow/.local/lib/python3.8/site-packages/airflow/example_dags/example_xcom.py
[2026-05-17T21:46:35.792+0000] {processor.py:840} INFO - DAG(s) 'example_xcom' retrieved from /home/airflow/.local/lib/python3.8/site-packages/airflow/example_dags/example_xcom.py
[2026-05-17T21:46:35.812+0000] {logging_mixin.py:188} INFO - [2026-05-17T21:46:35.811+0000] {dag.py:3047} INFO - Sync 1 DAGs
[2026-05-17T21:46:35.835+0000] {logging_mixin.py:188} INFO - [2026-05-17T21:46:35.835+0000] {dag.py:3834} INFO - Setting next_dagrun for example_xcom to 2021-01-01 00:00:00+00:00, run_after=2021-01-01 00:00:00+00:00
[2026-05-17T21:46:35.860+0000] {processor.py:183} INFO - Processing /home/airflow/.local/lib/python3.8/site-packages/airflow/example_dags/example_xcom.py took 0.081 seconds
[2026-05-17T21:47:06.098+0000] {processor.py:161} INFO - Started process (PID=5554) to work on /home/airflow/.local/lib/python3.8/site-packages/airflow/example_dags/example_xcom.py
[2026-05-17T21:47:06.100+0000] {processor.py:830} INFO - Processing file /home/airflow/.local/lib/python3.8/site-packages/airflow/example_dags/example_xcom.py for tasks to queue
[2026-05-17T21:47:06.102+0000] {logging_mixin.py:188} INFO - [2026-05-17T21:47:06.101+0000] {dagbag.py:540} INFO - Filling up the DagBag from /home/airflow/.local/lib/python3.8/site-packages/airflow/example_dags/example_xcom.py
[2026-05-17T21:47:06.109+0000] {processor.py:840} INFO - DAG(s) 'example_xcom' retrieved from /home/airflow/.local/lib/python3.8/site-packages/airflow/example_dags/example_xcom.py
[2026-05-17T21:47:06.129+0000] {logging_mixin.py:188} INFO - [2026-05-17T21:47:06.129+0000] {dag.py:3047} INFO - Sync 1 DAGs
[2026-05-17T21:47:06.154+0000] {logging_mixin.py:188} INFO - [2026-05-17T21:47:06.154+0000] {dag.py:3834} INFO - Setting next_dagrun for example_xcom to 2021-01-01 00:00:00+00:00, run_after=2021-01-01 00:00:00+00:00
[2026-05-17T21:47:06.180+0000] {processor.py:183} INFO - Processing /home/airflow/.local/lib/python3.8/site-packages/airflow/example_dags/example_xcom.py took 0.085 seconds
[2026-05-17T21:47:36.927+0000] {processor.py:161} INFO - Started process (PID=5609) to work on /home/airflow/.local/lib/python3.8/site-packages/airflow/example_dags/example_xcom.py
[2026-05-17T21:47:36.928+0000] {processor.py:830} INFO - Processing file /home/airflow/.local/lib/python3.8/site-packages/airflow/example_dags/example_xcom.py for tasks to queue
[2026-05-17T21:47:36.930+0000] {logging_mixin.py:188} INFO - [2026-05-17T21:47:36.930+0000] {dagbag.py:540} INFO - Filling up the DagBag from /home/airflow/.local/lib/python3.8/site-packages/airflow/example_dags/example_xcom.py
[2026-05-17T21:47:36.937+0000] {processor.py:840} INFO - DAG(s) 'example_xcom' retrieved from /home/airflow/.local/lib/python3.8/site-packages/airflow/example_dags/example_xcom.py
[2026-05-17T21:47:36.960+0000] {logging_mixin.py:188} INFO - [2026-05-17T21:47:36.960+0000] {dag.py:3047} INFO - Sync 1 DAGs
[2026-05-17T21:47:36.992+0000] {logging_mixin.py:188} INFO - [2026-05-17T21:47:36.992+0000] {dag.py:3834} INFO - Setting next_dagrun for example_xcom to 2021-01-01 00:00:00+00:00, run_after=2021-01-01 00:00:00+00:00
[2026-05-17T21:47:37.018+0000] {processor.py:183} INFO - Processing /home/airflow/.local/lib/python3.8/site-packages/airflow/example_dags/example_xcom.py took 0.093 seconds
[2026-05-17T21:48:07.614+0000] {processor.py:161} INFO - Started process (PID=5663) to work on /home/airflow/.local/lib/python3.8/site-packages/airflow/example_dags/example_xcom.py
[2026-05-17T21:48:07.616+0000] {processor.py:830} INFO - Processing file /home/airflow/.local/lib/python3.8/site-packages/airflow/example_dags/example_xcom.py for tasks to queue
[2026-05-17T21:48:07.618+0000] {logging_mixin.py:188} INFO - [2026-05-17T21:48:07.617+0000] {dagbag.py:540} INFO - Filling up the DagBag from /home/airflow/.local/lib/python3.8/site-packages/airflow/example_dags/example_xcom.py
[2026-05-17T21:48:07.623+0000] {processor.py:840} INFO - DAG(s) 'example_xcom' retrieved from /home/airflow/.local/lib/python3.8/site-packages/airflow/example_dags/example_xcom.py
[2026-05-17T21:48:07.643+0000] {logging_mixin.py:188} INFO - [2026-05-17T21:48:07.643+0000] {dag.py:3047} INFO - Sync 1 DAGs
[2026-05-17T21:48:07.660+0000] {logging_mixin.py:188} INFO - [2026-05-17T21:48:07.660+0000] {dag.py:3834} INFO - Setting next_dagrun for example_xcom to 2021-01-01 00:00:00+00:00, run_after=2021-01-01 00:00:00+00:00
[2026-05-17T21:48:07.682+0000] {processor.py:183} INFO - Processing /home/airflow/.local/lib/python3.8/site-packages/airflow/example_dags/example_xcom.py took 0.071 seconds
[2026-05-17T21:48:38.519+0000] {processor.py:161} INFO - Started process (PID=5718) to work on /home/airflow/.local/lib/python3.8/site-packages/airflow/example_dags/example_xcom.py
[2026-05-17T21:48:38.520+0000] {processor.py:830} INFO - Processing file /home/airflow/.local/lib/python3.8/site-packages/airflow/example_dags/example_xcom.py for tasks to queue
[2026-05-17T21:48:38.522+0000] {logging_mixin.py:188} INFO - [2026-05-17T21:48:38.521+0000] {dagbag.py:540} INFO - Filling up the DagBag from /home/airflow/.local/lib/python3.8/site-packages/airflow/example_dags/example_xcom.py
[2026-05-17T21:48:38.529+0000] {processor.py:840} INFO - DAG(s) 'example_xcom' retrieved from /home/airflow/.local/lib/python3.8/site-packages/airflow/example_dags/example_xcom.py
[2026-05-17T21:48:38.550+0000] {logging_mixin.py:188} INFO - [2026-05-17T21:48:38.550+0000] {dag.py:3047} INFO - Sync 1 DAGs
[2026-05-17T21:48:38.568+0000] {logging_mixin.py:188} INFO - [2026-05-17T21:48:38.568+0000] {dag.py:3834} INFO - Setting next_dagrun for example_xcom to 2021-01-01 00:00:00+00:00, run_after=2021-01-01 00:00:00+00:00
[2026-05-17T21:48:38.589+0000] {processor.py:183} INFO - Processing /home/airflow/.local/lib/python3.8/site-packages/airflow/example_dags/example_xcom.py took 0.074 seconds
[2026-05-17T21:49:09.350+0000] {processor.py:161} INFO - Started process (PID=5773) to work on /home/airflow/.local/lib/python3.8/site-packages/airflow/example_dags/example_xcom.py
[2026-05-17T21:49:09.352+0000] {processor.py:830} INFO - Processing file /home/airflow/.local/lib/python3.8/site-packages/airflow/example_dags/example_xcom.py for tasks to queue
[2026-05-17T21:49:09.355+0000] {logging_mixin.py:188} INFO - [2026-05-17T21:49:09.354+0000] {dagbag.py:540} INFO - Filling up the DagBag from /home/airflow/.local/lib/python3.8/site-packages/airflow/example_dags/example_xcom.py
[2026-05-17T21:49:09.364+0000] {processor.py:840} INFO - DAG(s) 'example_xcom' retrieved from /home/airflow/.local/lib/python3.8/site-packages/airflow/example_dags/example_xcom.py
[2026-05-17T21:49:09.393+0000] {logging_mixin.py:188} INFO - [2026-05-17T21:49:09.392+0000] {dag.py:3047} INFO - Sync 1 DAGs
[2026-05-17T21:49:09.417+0000] {logging_mixin.py:188} INFO - [2026-05-17T21:49:09.417+0000] {dag.py:3834} INFO - Setting next_dagrun for example_xcom to 2021-01-01 00:00:00+00:00, run_after=2021-01-01 00:00:00+00:00
[2026-05-17T21:49:09.438+0000] {processor.py:183} INFO - Processing /home/airflow/.local/lib/python3.8/site-packages/airflow/example_dags/example_xcom.py took 0.091 seconds
[2026-05-17T21:49:39.905+0000] {processor.py:161} INFO - Started process (PID=5828) to work on /home/airflow/.local/lib/python3.8/site-packages/airflow/example_dags/example_xcom.py
[2026-05-17T21:49:39.907+0000] {processor.py:830} INFO - Processing file /home/airflow/.local/lib/python3.8/site-packages/airflow/example_dags/example_xcom.py for tasks to queue
[2026-05-17T21:49:39.909+0000] {logging_mixin.py:188} INFO - [2026-05-17T21:49:39.908+0000] {dagbag.py:540} INFO - Filling up the DagBag from /home/airflow/.local/lib/python3.8/site-packages/airflow/example_dags/example_xcom.py
[2026-05-17T21:49:39.915+0000] {processor.py:840} INFO - DAG(s) 'example_xcom' retrieved from /home/airflow/.local/lib/python3.8/site-packages/airflow/example_dags/example_xcom.py
[2026-05-17T21:49:39.933+0000] {logging_mixin.py:188} INFO - [2026-05-17T21:49:39.933+0000] {dag.py:3047} INFO - Sync 1 DAGs
[2026-05-17T21:49:39.950+0000] {logging_mixin.py:188} INFO - [2026-05-17T21:49:39.950+0000] {dag.py:3834} INFO - Setting next_dagrun for example_xcom to 2021-01-01 00:00:00+00:00, run_after=2021-01-01 00:00:00+00:00
[2026-05-17T21:49:39.986+0000] {processor.py:183} INFO - Processing /home/airflow/.local/lib/python3.8/site-packages/airflow/example_dags/example_xcom.py took 0.084 seconds
[2026-05-17T21:50:10.466+0000] {processor.py:161} INFO - Started process (PID=5884) to work on /home/airflow/.local/lib/python3.8/site-packages/airflow/example_dags/example_xcom.py
[2026-05-17T21:50:10.468+0000] {processor.py:830} INFO - Processing file /home/airflow/.local/lib/python3.8/site-packages/airflow/example_dags/example_xcom.py for tasks to queue
[2026-05-17T21:50:10.470+0000] {logging_mixin.py:188} INFO - [2026-05-17T21:50:10.470+0000] {dagbag.py:540} INFO - Filling up the DagBag from /home/airflow/.local/lib/python3.8/site-packages/airflow/example_dags/example_xcom.py
[2026-05-17T21:50:10.476+0000] {processor.py:840} INFO - DAG(s) 'example_xcom' retrieved from /home/airflow/.local/lib/python3.8/site-packages/airflow/example_dags/example_xcom.py
[2026-05-17T21:50:10.503+0000] {logging_mixin.py:188} INFO - [2026-05-17T21:50:10.503+0000] {dag.py:3047} INFO - Sync 1 DAGs
[2026-05-17T21:50:10.522+0000] {logging_mixin.py:188} INFO - [2026-05-17T21:50:10.522+0000] {dag.py:3834} INFO - Setting next_dagrun for example_xcom to 2021-01-01 00:00:00+00:00, run_after=2021-01-01 00:00:00+00:00
[2026-05-17T21:50:10.542+0000] {processor.py:183} INFO - Processing /home/airflow/.local/lib/python3.8/site-packages/airflow/example_dags/example_xcom.py took 0.078 seconds
[2026-05-17T21:50:40.853+0000] {processor.py:161} INFO - Started process (PID=5939) to work on /home/airflow/.local/lib/python3.8/site-packages/airflow/example_dags/example_xcom.py
[2026-05-17T21:50:40.854+0000] {processor.py:830} INFO - Processing file /home/airflow/.local/lib/python3.8/site-packages/airflow/example_dags/example_xcom.py for tasks to queue
[2026-05-17T21:50:40.856+0000] {logging_mixin.py:188} INFO - [2026-05-17T21:50:40.856+0000] {dagbag.py:540} INFO - Filling up the DagBag from /home/airflow/.local/lib/python3.8/site-packages/airflow/example_dags/example_xcom.py
[2026-05-17T21:50:40.863+0000] {processor.py:840} INFO - DAG(s) 'example_xcom' retrieved from /home/airflow/.local/lib/python3.8/site-packages/airflow/example_dags/example_xcom.py
[2026-05-17T21:50:40.883+0000] {logging_mixin.py:188} INFO - [2026-05-17T21:50:40.883+0000] {dag.py:3047} INFO - Sync 1 DAGs
[2026-05-17T21:50:40.900+0000] {logging_mixin.py:188} INFO - [2026-05-17T21:50:40.900+0000] {dag.py:3834} INFO - Setting next_dagrun for example_xcom to 2021-01-01 00:00:00+00:00, run_after=2021-01-01 00:00:00+00:00
[2026-05-17T21:50:40.919+0000] {processor.py:183} INFO - Processing /home/airflow/.local/lib/python3.8/site-packages/airflow/example_dags/example_xcom.py took 0.069 seconds
[2026-05-17T21:51:11.808+0000] {processor.py:161} INFO - Started process (PID=5994) to work on /home/airflow/.local/lib/python3.8/site-packages/airflow/example_dags/example_xcom.py
[2026-05-17T21:51:11.809+0000] {processor.py:830} INFO - Processing file /home/airflow/.local/lib/python3.8/site-packages/airflow/example_dags/example_xcom.py for tasks to queue
[2026-05-17T21:51:11.811+0000] {logging_mixin.py:188} INFO - [2026-05-17T21:51:11.811+0000] {dagbag.py:540} INFO - Filling up the DagBag from /home/airflow/.local/lib/python3.8/site-packages/airflow/example_dags/example_xcom.py
[2026-05-17T21:51:11.817+0000] {processor.py:840} INFO - DAG(s) 'example_xcom' retrieved from /home/airflow/.local/lib/python3.8/site-packages/airflow/example_dags/example_xcom.py
[2026-05-17T21:51:11.837+0000] {logging_mixin.py:188} INFO - [2026-05-17T21:51:11.837+0000] {dag.py:3047} INFO - Sync 1 DAGs
[2026-05-17T21:51:11.855+0000] {logging_mixin.py:188} INFO - [2026-05-17T21:51:11.855+0000] {dag.py:3834} INFO - Setting next_dagrun for example_xcom to 2021-01-01 00:00:00+00:00, run_after=2021-01-01 00:00:00+00:00
[2026-05-17T21:51:11.875+0000] {processor.py:183} INFO - Processing /home/airflow/.local/lib/python3.8/site-packages/airflow/example_dags/example_xcom.py took 0.070 seconds
[2026-05-17T21:51:42.297+0000] {processor.py:161} INFO - Started process (PID=6049) to work on /home/airflow/.local/lib/python3.8/site-packages/airflow/example_dags/example_xcom.py
[2026-05-17T21:51:42.299+0000] {processor.py:830} INFO - Processing file /home/airflow/.local/lib/python3.8/site-packages/airflow/example_dags/example_xcom.py for tasks to queue
[2026-05-17T21:51:42.302+0000] {logging_mixin.py:188} INFO - [2026-05-17T21:51:42.301+0000] {dagbag.py:540} INFO - Filling up the DagBag from /home/airflow/.local/lib/python3.8/site-packages/airflow/example_dags/example_xcom.py
[2026-05-17T21:51:42.312+0000] {processor.py:840} INFO - DAG(s) 'example_xcom' retrieved from /home/airflow/.local/lib/python3.8/site-packages/airflow/example_dags/example_xcom.py
[2026-05-17T21:51:42.348+0000] {logging_mixin.py:188} INFO - [2026-05-17T21:51:42.348+0000] {dag.py:3047} INFO - Sync 1 DAGs
[2026-05-17T21:51:42.373+0000] {logging_mixin.py:188} INFO - [2026-05-17T21:51:42.373+0000] {dag.py:3834} INFO - Setting next_dagrun for example_xcom to 2021-01-01 00:00:00+00:00, run_after=2021-01-01 00:00:00+00:00
[2026-05-17T21:51:42.393+0000] {processor.py:183} INFO - Processing /home/airflow/.local/lib/python3.8/site-packages/airflow/example_dags/example_xcom.py took 0.101 seconds
[2026-05-17T21:52:12.884+0000] {processor.py:161} INFO - Started process (PID=6104) to work on /home/airflow/.local/lib/python3.8/site-packages/airflow/example_dags/example_xcom.py
[2026-05-17T21:52:12.886+0000] {processor.py:830} INFO - Processing file /home/airflow/.local/lib/python3.8/site-packages/airflow/example_dags/example_xcom.py for tasks to queue
[2026-05-17T21:52:12.888+0000] {logging_mixin.py:188} INFO - [2026-05-17T21:52:12.888+0000] {dagbag.py:540} INFO - Filling up the DagBag from /home/airflow/.local/lib/python3.8/site-packages/airflow/example_dags/example_xcom.py
[2026-05-17T21:52:12.894+0000] {processor.py:840} INFO - DAG(s) 'example_xcom' retrieved from /home/airflow/.local/lib/python3.8/site-packages/airflow/example_dags/example_xcom.py
[2026-05-17T21:52:12.915+0000] {logging_mixin.py:188} INFO - [2026-05-17T21:52:12.914+0000] {dag.py:3047} INFO - Sync 1 DAGs
[2026-05-17T21:52:12.934+0000] {logging_mixin.py:188} INFO - [2026-05-17T21:52:12.934+0000] {dag.py:3834} INFO - Setting next_dagrun for example_xcom to 2021-01-01 00:00:00+00:00, run_after=2021-01-01 00:00:00+00:00
[2026-05-17T21:52:12.955+0000] {processor.py:183} INFO - Processing /home/airflow/.local/lib/python3.8/site-packages/airflow/example_dags/example_xcom.py took 0.074 seconds
[2026-05-17T21:52:43.299+0000] {processor.py:161} INFO - Started process (PID=6158) to work on /home/airflow/.local/lib/python3.8/site-packages/airflow/example_dags/example_xcom.py
[2026-05-17T21:52:43.300+0000] {processor.py:830} INFO - Processing file /home/airflow/.local/lib/python3.8/site-packages/airflow/example_dags/example_xcom.py for tasks to queue
[2026-05-17T21:52:43.302+0000] {logging_mixin.py:188} INFO - [2026-05-17T21:52:43.301+0000] {dagbag.py:540} INFO - Filling up the DagBag from /home/airflow/.local/lib/python3.8/site-packages/airflow/example_dags/example_xcom.py
[2026-05-17T21:52:43.311+0000] {processor.py:840} INFO - DAG(s) 'example_xcom' retrieved from /home/airflow/.local/lib/python3.8/site-packages/airflow/example_dags/example_xcom.py
[2026-05-17T21:52:43.335+0000] {logging_mixin.py:188} INFO - [2026-05-17T21:52:43.335+0000] {dag.py:3047} INFO - Sync 1 DAGs
[2026-05-17T21:52:43.353+0000] {logging_mixin.py:188} INFO - [2026-05-17T21:52:43.353+0000] {dag.py:3834} INFO - Setting next_dagrun for example_xcom to 2021-01-01 00:00:00+00:00, run_after=2021-01-01 00:00:00+00:00
[2026-05-17T21:52:43.373+0000] {processor.py:183} INFO - Processing /home/airflow/.local/lib/python3.8/site-packages/airflow/example_dags/example_xcom.py took 0.078 seconds
[2026-05-17T21:53:14.008+0000] {processor.py:161} INFO - Started process (PID=6213) to work on /home/airflow/.local/lib/python3.8/site-packages/airflow/example_dags/example_xcom.py
[2026-05-17T21:53:14.009+0000] {processor.py:830} INFO - Processing file /home/airflow/.local/lib/python3.8/site-packages/airflow/example_dags/example_xcom.py for tasks to queue
[2026-05-17T21:53:14.011+0000] {logging_mixin.py:188} INFO - [2026-05-17T21:53:14.011+0000] {dagbag.py:540} INFO - Filling up the DagBag from /home/airflow/.local/lib/python3.8/site-packages/airflow/example_dags/example_xcom.py
[2026-05-17T21:53:14.017+0000] {processor.py:840} INFO - DAG(s) 'example_xcom' retrieved from /home/airflow/.local/lib/python3.8/site-packages/airflow/example_dags/example_xcom.py
[2026-05-17T21:53:14.036+0000] {logging_mixin.py:188} INFO - [2026-05-17T21:53:14.036+0000] {dag.py:3047} INFO - Sync 1 DAGs
[2026-05-17T21:53:14.058+0000] {logging_mixin.py:188} INFO - [2026-05-17T21:53:14.058+0000] {dag.py:3834} INFO - Setting next_dagrun for example_xcom to 2021-01-01 00:00:00+00:00, run_after=2021-01-01 00:00:00+00:00
[2026-05-17T21:53:14.078+0000] {processor.py:183} INFO - Processing /home/airflow/.local/lib/python3.8/site-packages/airflow/example_dags/example_xcom.py took 0.072 seconds
[2026-05-17T21:53:45.059+0000] {processor.py:161} INFO - Started process (PID=6267) to work on /home/airflow/.local/lib/python3.8/site-packages/airflow/example_dags/example_xcom.py
[2026-05-17T21:53:45.062+0000] {processor.py:830} INFO - Processing file /home/airflow/.local/lib/python3.8/site-packages/airflow/example_dags/example_xcom.py for tasks to queue
[2026-05-17T21:53:45.065+0000] {logging_mixin.py:188} INFO - [2026-05-17T21:53:45.064+0000] {dagbag.py:540} INFO - Filling up the DagBag from /home/airflow/.local/lib/python3.8/site-packages/airflow/example_dags/example_xcom.py
[2026-05-17T21:53:45.077+0000] {processor.py:840} INFO - DAG(s) 'example_xcom' retrieved from /home/airflow/.local/lib/python3.8/site-packages/airflow/example_dags/example_xcom.py
[2026-05-17T21:53:45.103+0000] {logging_mixin.py:188} INFO - [2026-05-17T21:53:45.102+0000] {dag.py:3047} INFO - Sync 1 DAGs
[2026-05-17T21:53:45.123+0000] {logging_mixin.py:188} INFO - [2026-05-17T21:53:45.123+0000] {dag.py:3834} INFO - Setting next_dagrun for example_xcom to 2021-01-01 00:00:00+00:00, run_after=2021-01-01 00:00:00+00:00
[2026-05-17T21:53:45.148+0000] {processor.py:183} INFO - Processing /home/airflow/.local/lib/python3.8/site-packages/airflow/example_dags/example_xcom.py took 0.092 seconds
[2026-05-17T21:54:15.298+0000] {processor.py:161} INFO - Started process (PID=6322) to work on /home/airflow/.local/lib/python3.8/site-packages/airflow/example_dags/example_xcom.py
[2026-05-17T21:54:15.300+0000] {processor.py:830} INFO - Processing file /home/airflow/.local/lib/python3.8/site-packages/airflow/example_dags/example_xcom.py for tasks to queue
[2026-05-17T21:54:15.303+0000] {logging_mixin.py:188} INFO - [2026-05-17T21:54:15.303+0000] {dagbag.py:540} INFO - Filling up the DagBag from /home/airflow/.local/lib/python3.8/site-packages/airflow/example_dags/example_xcom.py
[2026-05-17T21:54:15.310+0000] {processor.py:840} INFO - DAG(s) 'example_xcom' retrieved from /home/airflow/.local/lib/python3.8/site-packages/airflow/example_dags/example_xcom.py
[2026-05-17T21:54:15.335+0000] {logging_mixin.py:188} INFO - [2026-05-17T21:54:15.334+0000] {dag.py:3047} INFO - Sync 1 DAGs
[2026-05-17T21:54:15.354+0000] {logging_mixin.py:188} INFO - [2026-05-17T21:54:15.353+0000] {dag.py:3834} INFO - Setting next_dagrun for example_xcom to 2021-01-01 00:00:00+00:00, run_after=2021-01-01 00:00:00+00:00
[2026-05-17T21:54:15.375+0000] {processor.py:183} INFO - Processing /home/airflow/.local/lib/python3.8/site-packages/airflow/example_dags/example_xcom.py took 0.080 seconds
[2026-05-17T21:54:45.997+0000] {processor.py:161} INFO - Started process (PID=6377) to work on /home/airflow/.local/lib/python3.8/site-packages/airflow/example_dags/example_xcom.py
[2026-05-17T21:54:46.000+0000] {processor.py:830} INFO - Processing file /home/airflow/.local/lib/python3.8/site-packages/airflow/example_dags/example_xcom.py for tasks to queue
[2026-05-17T21:54:46.003+0000] {logging_mixin.py:188} INFO - [2026-05-17T21:54:46.003+0000] {dagbag.py:540} INFO - Filling up the DagBag from /home/airflow/.local/lib/python3.8/site-packages/airflow/example_dags/example_xcom.py
[2026-05-17T21:54:46.023+0000] {processor.py:840} INFO - DAG(s) 'example_xcom' retrieved from /home/airflow/.local/lib/python3.8/site-packages/airflow/example_dags/example_xcom.py
[2026-05-17T21:54:46.055+0000] {logging_mixin.py:188} INFO - [2026-05-17T21:54:46.054+0000] {dag.py:3047} INFO - Sync 1 DAGs
[2026-05-17T21:54:46.079+0000] {logging_mixin.py:188} INFO - [2026-05-17T21:54:46.079+0000] {dag.py:3834} INFO - Setting next_dagrun for example_xcom to 2021-01-01 00:00:00+00:00, run_after=2021-01-01 00:00:00+00:00
[2026-05-17T21:54:46.105+0000] {processor.py:183} INFO - Processing /home/airflow/.local/lib/python3.8/site-packages/airflow/example_dags/example_xcom.py took 0.114 seconds
[2026-05-17T21:55:16.381+0000] {processor.py:161} INFO - Started process (PID=6432) to work on /home/airflow/.local/lib/python3.8/site-packages/airflow/example_dags/example_xcom.py
[2026-05-17T21:55:16.382+0000] {processor.py:830} INFO - Processing file /home/airflow/.local/lib/python3.8/site-packages/airflow/example_dags/example_xcom.py for tasks to queue
[2026-05-17T21:55:16.384+0000] {logging_mixin.py:188} INFO - [2026-05-17T21:55:16.384+0000] {dagbag.py:540} INFO - Filling up the DagBag from /home/airflow/.local/lib/python3.8/site-packages/airflow/example_dags/example_xcom.py
[2026-05-17T21:55:16.392+0000] {processor.py:840} INFO - DAG(s) 'example_xcom' retrieved from /home/airflow/.local/lib/python3.8/site-packages/airflow/example_dags/example_xcom.py
[2026-05-17T21:55:16.413+0000] {logging_mixin.py:188} INFO - [2026-05-17T21:55:16.413+0000] {dag.py:3047} INFO - Sync 1 DAGs
[2026-05-17T21:55:16.432+0000] {logging_mixin.py:188} INFO - [2026-05-17T21:55:16.432+0000] {dag.py:3834} INFO - Setting next_dagrun for example_xcom to 2021-01-01 00:00:00+00:00, run_after=2021-01-01 00:00:00+00:00
[2026-05-17T21:55:16.456+0000] {processor.py:183} INFO - Processing /home/airflow/.local/lib/python3.8/site-packages/airflow/example_dags/example_xcom.py took 0.079 seconds
[2026-05-17T21:55:47.038+0000] {processor.py:161} INFO - Started process (PID=6487) to work on /home/airflow/.local/lib/python3.8/site-packages/airflow/example_dags/example_xcom.py
[2026-05-17T21:55:47.040+0000] {processor.py:830} INFO - Processing file /home/airflow/.local/lib/python3.8/site-packages/airflow/example_dags/example_xcom.py for tasks to queue
[2026-05-17T21:55:47.043+0000] {logging_mixin.py:188} INFO - [2026-05-17T21:55:47.042+0000] {dagbag.py:540} INFO - Filling up the DagBag from /home/airflow/.local/lib/python3.8/site-packages/airflow/example_dags/example_xcom.py
[2026-05-17T21:55:47.057+0000] {processor.py:840} INFO - DAG(s) 'example_xcom' retrieved from /home/airflow/.local/lib/python3.8/site-packages/airflow/example_dags/example_xcom.py
[2026-05-17T21:55:47.086+0000] {logging_mixin.py:188} INFO - [2026-05-17T21:55:47.086+0000] {dag.py:3047} INFO - Sync 1 DAGs
[2026-05-17T21:55:47.114+0000] {logging_mixin.py:188} INFO - [2026-05-17T21:55:47.113+0000] {dag.py:3834} INFO - Setting next_dagrun for example_xcom to 2021-01-01 00:00:00+00:00, run_after=2021-01-01 00:00:00+00:00
[2026-05-17T21:55:47.139+0000] {processor.py:183} INFO - Processing /home/airflow/.local/lib/python3.8/site-packages/airflow/example_dags/example_xcom.py took 0.106 seconds
[2026-05-17T21:56:17.707+0000] {processor.py:161} INFO - Started process (PID=6542) to work on /home/airflow/.local/lib/python3.8/site-packages/airflow/example_dags/example_xcom.py
[2026-05-17T21:56:17.709+0000] {processor.py:830} INFO - Processing file /home/airflow/.local/lib/python3.8/site-packages/airflow/example_dags/example_xcom.py for tasks to queue
[2026-05-17T21:56:17.711+0000] {logging_mixin.py:188} INFO - [2026-05-17T21:56:17.711+0000] {dagbag.py:540} INFO - Filling up the DagBag from /home/airflow/.local/lib/python3.8/site-packages/airflow/example_dags/example_xcom.py
[2026-05-17T21:56:17.719+0000] {processor.py:840} INFO - DAG(s) 'example_xcom' retrieved from /home/airflow/.local/lib/python3.8/site-packages/airflow/example_dags/example_xcom.py
[2026-05-17T21:56:17.743+0000] {logging_mixin.py:188} INFO - [2026-05-17T21:56:17.742+0000] {dag.py:3047} INFO - Sync 1 DAGs
[2026-05-17T21:56:17.763+0000] {logging_mixin.py:188} INFO - [2026-05-17T21:56:17.762+0000] {dag.py:3834} INFO - Setting next_dagrun for example_xcom to 2021-01-01 00:00:00+00:00, run_after=2021-01-01 00:00:00+00:00
[2026-05-17T21:56:17.787+0000] {processor.py:183} INFO - Processing /home/airflow/.local/lib/python3.8/site-packages/airflow/example_dags/example_xcom.py took 0.082 seconds
[2026-05-17T21:56:48.193+0000] {processor.py:161} INFO - Started process (PID=6597) to work on /home/airflow/.local/lib/python3.8/site-packages/airflow/example_dags/example_xcom.py
[2026-05-17T21:56:48.195+0000] {processor.py:830} INFO - Processing file /home/airflow/.local/lib/python3.8/site-packages/airflow/example_dags/example_xcom.py for tasks to queue
[2026-05-17T21:56:48.198+0000] {logging_mixin.py:188} INFO - [2026-05-17T21:56:48.198+0000] {dagbag.py:540} INFO - Filling up the DagBag from /home/airflow/.local/lib/python3.8/site-packages/airflow/example_dags/example_xcom.py
[2026-05-17T21:56:48.204+0000] {processor.py:840} INFO - DAG(s) 'example_xcom' retrieved from /home/airflow/.local/lib/python3.8/site-packages/airflow/example_dags/example_xcom.py
[2026-05-17T21:56:48.224+0000] {logging_mixin.py:188} INFO - [2026-05-17T21:56:48.224+0000] {dag.py:3047} INFO - Sync 1 DAGs
[2026-05-17T21:56:48.242+0000] {logging_mixin.py:188} INFO - [2026-05-17T21:56:48.242+0000] {dag.py:3834} INFO - Setting next_dagrun for example_xcom to 2021-01-01 00:00:00+00:00, run_after=2021-01-01 00:00:00+00:00
[2026-05-17T21:56:48.266+0000] {processor.py:183} INFO - Processing /home/airflow/.local/lib/python3.8/site-packages/airflow/example_dags/example_xcom.py took 0.076 seconds
[2026-05-17T21:57:18.592+0000] {processor.py:161} INFO - Started process (PID=6652) to work on /home/airflow/.local/lib/python3.8/site-packages/airflow/example_dags/example_xcom.py
[2026-05-17T21:57:18.594+0000] {processor.py:830} INFO - Processing file /home/airflow/.local/lib/python3.8/site-packages/airflow/example_dags/example_xcom.py for tasks to queue
[2026-05-17T21:57:18.595+0000] {logging_mixin.py:188} INFO - [2026-05-17T21:57:18.595+0000] {dagbag.py:540} INFO - Filling up the DagBag from /home/airflow/.local/lib/python3.8/site-packages/airflow/example_dags/example_xcom.py
[2026-05-17T21:57:18.601+0000] {processor.py:840} INFO - DAG(s) 'example_xcom' retrieved from /home/airflow/.local/lib/python3.8/site-packages/airflow/example_dags/example_xcom.py
[2026-05-17T21:57:18.620+0000] {logging_mixin.py:188} INFO - [2026-05-17T21:57:18.620+0000] {dag.py:3047} INFO - Sync 1 DAGs
[2026-05-17T21:57:18.637+0000] {logging_mixin.py:188} INFO - [2026-05-17T21:57:18.637+0000] {dag.py:3834} INFO - Setting next_dagrun for example_xcom to 2021-01-01 00:00:00+00:00, run_after=2021-01-01 00:00:00+00:00
[2026-05-17T21:57:18.656+0000] {processor.py:183} INFO - Processing /home/airflow/.local/lib/python3.8/site-packages/airflow/example_dags/example_xcom.py took 0.066 seconds
[2026-05-17T21:57:48.931+0000] {processor.py:161} INFO - Started process (PID=6713) to work on /home/airflow/.local/lib/python3.8/site-packages/airflow/example_dags/example_xcom.py
[2026-05-17T21:57:48.933+0000] {processor.py:830} INFO - Processing file /home/airflow/.local/lib/python3.8/site-packages/airflow/example_dags/example_xcom.py for tasks to queue
[2026-05-17T21:57:48.935+0000] {logging_mixin.py:188} INFO - [2026-05-17T21:57:48.935+0000] {dagbag.py:540} INFO - Filling up the DagBag from /home/airflow/.local/lib/python3.8/site-packages/airflow/example_dags/example_xcom.py
[2026-05-17T21:57:48.941+0000] {processor.py:840} INFO - DAG(s) 'example_xcom' retrieved from /home/airflow/.local/lib/python3.8/site-packages/airflow/example_dags/example_xcom.py
[2026-05-17T21:57:48.961+0000] {logging_mixin.py:188} INFO - [2026-05-17T21:57:48.961+0000] {dag.py:3047} INFO - Sync 1 DAGs
[2026-05-17T21:57:48.978+0000] {logging_mixin.py:188} INFO - [2026-05-17T21:57:48.978+0000] {dag.py:3834} INFO - Setting next_dagrun for example_xcom to 2021-01-01 00:00:00+00:00, run_after=2021-01-01 00:00:00+00:00
[2026-05-17T21:57:48.997+0000] {processor.py:183} INFO - Processing /home/airflow/.local/lib/python3.8/site-packages/airflow/example_dags/example_xcom.py took 0.068 seconds
[2026-05-17T21:58:19.299+0000] {processor.py:161} INFO - Started process (PID=6768) to work on /home/airflow/.local/lib/python3.8/site-packages/airflow/example_dags/example_xcom.py
[2026-05-17T21:58:19.300+0000] {processor.py:830} INFO - Processing file /home/airflow/.local/lib/python3.8/site-packages/airflow/example_dags/example_xcom.py for tasks to queue
[2026-05-17T21:58:19.303+0000] {logging_mixin.py:188} INFO - [2026-05-17T21:58:19.302+0000] {dagbag.py:540} INFO - Filling up the DagBag from /home/airflow/.local/lib/python3.8/site-packages/airflow/example_dags/example_xcom.py
[2026-05-17T21:58:19.311+0000] {processor.py:840} INFO - DAG(s) 'example_xcom' retrieved from /home/airflow/.local/lib/python3.8/site-packages/airflow/example_dags/example_xcom.py
[2026-05-17T21:58:19.336+0000] {logging_mixin.py:188} INFO - [2026-05-17T21:58:19.335+0000] {dag.py:3047} INFO - Sync 1 DAGs
[2026-05-17T21:58:19.360+0000] {logging_mixin.py:188} INFO - [2026-05-17T21:58:19.359+0000] {dag.py:3834} INFO - Setting next_dagrun for example_xcom to 2021-01-01 00:00:00+00:00, run_after=2021-01-01 00:00:00+00:00
[2026-05-17T21:58:19.394+0000] {processor.py:183} INFO - Processing /home/airflow/.local/lib/python3.8/site-packages/airflow/example_dags/example_xcom.py took 0.100 seconds
[2026-05-17T21:58:49.782+0000] {processor.py:161} INFO - Started process (PID=6823) to work on /home/airflow/.local/lib/python3.8/site-packages/airflow/example_dags/example_xcom.py
[2026-05-17T21:58:49.784+0000] {processor.py:830} INFO - Processing file /home/airflow/.local/lib/python3.8/site-packages/airflow/example_dags/example_xcom.py for tasks to queue
[2026-05-17T21:58:49.786+0000] {logging_mixin.py:188} INFO - [2026-05-17T21:58:49.785+0000] {dagbag.py:540} INFO - Filling up the DagBag from /home/airflow/.local/lib/python3.8/site-packages/airflow/example_dags/example_xcom.py
[2026-05-17T21:58:49.791+0000] {processor.py:840} INFO - DAG(s) 'example_xcom' retrieved from /home/airflow/.local/lib/python3.8/site-packages/airflow/example_dags/example_xcom.py
[2026-05-17T21:58:49.811+0000] {logging_mixin.py:188} INFO - [2026-05-17T21:58:49.811+0000] {dag.py:3047} INFO - Sync 1 DAGs
[2026-05-17T21:58:49.830+0000] {logging_mixin.py:188} INFO - [2026-05-17T21:58:49.830+0000] {dag.py:3834} INFO - Setting next_dagrun for example_xcom to 2021-01-01 00:00:00+00:00, run_after=2021-01-01 00:00:00+00:00
[2026-05-17T21:58:49.847+0000] {processor.py:183} INFO - Processing /home/airflow/.local/lib/python3.8/site-packages/airflow/example_dags/example_xcom.py took 0.067 seconds
[2026-05-17T21:59:20.092+0000] {processor.py:161} INFO - Started process (PID=6878) to work on /home/airflow/.local/lib/python3.8/site-packages/airflow/example_dags/example_xcom.py
[2026-05-17T21:59:20.093+0000] {processor.py:830} INFO - Processing file /home/airflow/.local/lib/python3.8/site-packages/airflow/example_dags/example_xcom.py for tasks to queue
[2026-05-17T21:59:20.095+0000] {logging_mixin.py:188} INFO - [2026-05-17T21:59:20.095+0000] {dagbag.py:540} INFO - Filling up the DagBag from /home/airflow/.local/lib/python3.8/site-packages/airflow/example_dags/example_xcom.py
[2026-05-17T21:59:20.101+0000] {processor.py:840} INFO - DAG(s) 'example_xcom' retrieved from /home/airflow/.local/lib/python3.8/site-packages/airflow/example_dags/example_xcom.py
[2026-05-17T21:59:20.121+0000] {logging_mixin.py:188} INFO - [2026-05-17T21:59:20.121+0000] {dag.py:3047} INFO - Sync 1 DAGs
[2026-05-17T21:59:20.149+0000] {logging_mixin.py:188} INFO - [2026-05-17T21:59:20.148+0000] {dag.py:3834} INFO - Setting next_dagrun for example_xcom to 2021-01-01 00:00:00+00:00, run_after=2021-01-01 00:00:00+00:00
[2026-05-17T21:59:20.173+0000] {processor.py:183} INFO - Processing /home/airflow/.local/lib/python3.8/site-packages/airflow/example_dags/example_xcom.py took 0.084 seconds
[2026-05-17T21:59:50.436+0000] {processor.py:161} INFO - Started process (PID=6933) to work on /home/airflow/.local/lib/python3.8/site-packages/airflow/example_dags/example_xcom.py
[2026-05-17T21:59:50.437+0000] {processor.py:830} INFO - Processing file /home/airflow/.local/lib/python3.8/site-packages/airflow/example_dags/example_xcom.py for tasks to queue
[2026-05-17T21:59:50.439+0000] {logging_mixin.py:188} INFO - [2026-05-17T21:59:50.439+0000] {dagbag.py:540} INFO - Filling up the DagBag from /home/airflow/.local/lib/python3.8/site-packages/airflow/example_dags/example_xcom.py
[2026-05-17T21:59:50.446+0000] {processor.py:840} INFO - DAG(s) 'example_xcom' retrieved from /home/airflow/.local/lib/python3.8/site-packages/airflow/example_dags/example_xcom.py
[2026-05-17T21:59:50.465+0000] {logging_mixin.py:188} INFO - [2026-05-17T21:59:50.465+0000] {dag.py:3047} INFO - Sync 1 DAGs
[2026-05-17T21:59:50.484+0000] {logging_mixin.py:188} INFO - [2026-05-17T21:59:50.483+0000] {dag.py:3834} INFO - Setting next_dagrun for example_xcom to 2021-01-01 00:00:00+00:00, run_after=2021-01-01 00:00:00+00:00
[2026-05-17T21:59:50.504+0000] {processor.py:183} INFO - Processing /home/airflow/.local/lib/python3.8/site-packages/airflow/example_dags/example_xcom.py took 0.070 seconds
[2026-05-17T22:00:20.736+0000] {processor.py:161} INFO - Started process (PID=6988) to work on /home/airflow/.local/lib/python3.8/site-packages/airflow/example_dags/example_xcom.py
[2026-05-17T22:00:20.738+0000] {processor.py:830} INFO - Processing file /home/airflow/.local/lib/python3.8/site-packages/airflow/example_dags/example_xcom.py for tasks to queue
[2026-05-17T22:00:20.740+0000] {logging_mixin.py:188} INFO - [2026-05-17T22:00:20.739+0000] {dagbag.py:540} INFO - Filling up the DagBag from /home/airflow/.local/lib/python3.8/site-packages/airflow/example_dags/example_xcom.py
[2026-05-17T22:00:20.746+0000] {processor.py:840} INFO - DAG(s) 'example_xcom' retrieved from /home/airflow/.local/lib/python3.8/site-packages/airflow/example_dags/example_xcom.py
[2026-05-17T22:00:20.770+0000] {logging_mixin.py:188} INFO - [2026-05-17T22:00:20.770+0000] {dag.py:3047} INFO - Sync 1 DAGs
[2026-05-17T22:00:20.787+0000] {logging_mixin.py:188} INFO - [2026-05-17T22:00:20.787+0000] {dag.py:3834} INFO - Setting next_dagrun for example_xcom to 2021-01-01 00:00:00+00:00, run_after=2021-01-01 00:00:00+00:00
[2026-05-17T22:00:20.809+0000] {processor.py:183} INFO - Processing /home/airflow/.local/lib/python3.8/site-packages/airflow/example_dags/example_xcom.py took 0.075 seconds
[2026-05-17T22:00:51.170+0000] {processor.py:161} INFO - Started process (PID=7043) to work on /home/airflow/.local/lib/python3.8/site-packages/airflow/example_dags/example_xcom.py
[2026-05-17T22:00:51.172+0000] {processor.py:830} INFO - Processing file /home/airflow/.local/lib/python3.8/site-packages/airflow/example_dags/example_xcom.py for tasks to queue
[2026-05-17T22:00:51.174+0000] {logging_mixin.py:188} INFO - [2026-05-17T22:00:51.173+0000] {dagbag.py:540} INFO - Filling up the DagBag from /home/airflow/.local/lib/python3.8/site-packages/airflow/example_dags/example_xcom.py
[2026-05-17T22:00:51.180+0000] {processor.py:840} INFO - DAG(s) 'example_xcom' retrieved from /home/airflow/.local/lib/python3.8/site-packages/airflow/example_dags/example_xcom.py
[2026-05-17T22:00:51.202+0000] {logging_mixin.py:188} INFO - [2026-05-17T22:00:51.201+0000] {dag.py:3047} INFO - Sync 1 DAGs
[2026-05-17T22:00:51.221+0000] {logging_mixin.py:188} INFO - [2026-05-17T22:00:51.221+0000] {dag.py:3834} INFO - Setting next_dagrun for example_xcom to 2021-01-01 00:00:00+00:00, run_after=2021-01-01 00:00:00+00:00
[2026-05-17T22:00:51.239+0000] {processor.py:183} INFO - Processing /home/airflow/.local/lib/python3.8/site-packages/airflow/example_dags/example_xcom.py took 0.071 seconds
[2026-05-17T22:01:21.445+0000] {processor.py:161} INFO - Started process (PID=7098) to work on /home/airflow/.local/lib/python3.8/site-packages/airflow/example_dags/example_xcom.py
[2026-05-17T22:01:21.447+0000] {processor.py:830} INFO - Processing file /home/airflow/.local/lib/python3.8/site-packages/airflow/example_dags/example_xcom.py for tasks to queue
[2026-05-17T22:01:21.449+0000] {logging_mixin.py:188} INFO - [2026-05-17T22:01:21.449+0000] {dagbag.py:540} INFO - Filling up the DagBag from /home/airflow/.local/lib/python3.8/site-packages/airflow/example_dags/example_xcom.py
[2026-05-17T22:01:21.456+0000] {processor.py:840} INFO - DAG(s) 'example_xcom' retrieved from /home/airflow/.local/lib/python3.8/site-packages/airflow/example_dags/example_xcom.py
[2026-05-17T22:01:21.481+0000] {logging_mixin.py:188} INFO - [2026-05-17T22:01:21.480+0000] {dag.py:3047} INFO - Sync 1 DAGs
[2026-05-17T22:01:21.504+0000] {logging_mixin.py:188} INFO - [2026-05-17T22:01:21.504+0000] {dag.py:3834} INFO - Setting next_dagrun for example_xcom to 2021-01-01 00:00:00+00:00, run_after=2021-01-01 00:00:00+00:00
[2026-05-17T22:01:21.531+0000] {processor.py:183} INFO - Processing /home/airflow/.local/lib/python3.8/site-packages/airflow/example_dags/example_xcom.py took 0.090 seconds
[2026-05-17T22:01:51.862+0000] {processor.py:161} INFO - Started process (PID=7153) to work on /home/airflow/.local/lib/python3.8/site-packages/airflow/example_dags/example_xcom.py
[2026-05-17T22:01:51.864+0000] {processor.py:830} INFO - Processing file /home/airflow/.local/lib/python3.8/site-packages/airflow/example_dags/example_xcom.py for tasks to queue
[2026-05-17T22:01:51.866+0000] {logging_mixin.py:188} INFO - [2026-05-17T22:01:51.866+0000] {dagbag.py:540} INFO - Filling up the DagBag from /home/airflow/.local/lib/python3.8/site-packages/airflow/example_dags/example_xcom.py
[2026-05-17T22:01:51.876+0000] {processor.py:840} INFO - DAG(s) 'example_xcom' retrieved from /home/airflow/.local/lib/python3.8/site-packages/airflow/example_dags/example_xcom.py
[2026-05-17T22:01:51.901+0000] {logging_mixin.py:188} INFO - [2026-05-17T22:01:51.901+0000] {dag.py:3047} INFO - Sync 1 DAGs
[2026-05-17T22:01:51.926+0000] {logging_mixin.py:188} INFO - [2026-05-17T22:01:51.926+0000] {dag.py:3834} INFO - Setting next_dagrun for example_xcom to 2021-01-01 00:00:00+00:00, run_after=2021-01-01 00:00:00+00:00
[2026-05-17T22:01:51.949+0000] {processor.py:183} INFO - Processing /home/airflow/.local/lib/python3.8/site-packages/airflow/example_dags/example_xcom.py took 0.091 seconds
[2026-05-17T22:02:22.412+0000] {processor.py:161} INFO - Started process (PID=7208) to work on /home/airflow/.local/lib/python3.8/site-packages/airflow/example_dags/example_xcom.py
[2026-05-17T22:02:22.414+0000] {processor.py:830} INFO - Processing file /home/airflow/.local/lib/python3.8/site-packages/airflow/example_dags/example_xcom.py for tasks to queue
[2026-05-17T22:02:22.416+0000] {logging_mixin.py:188} INFO - [2026-05-17T22:02:22.416+0000] {dagbag.py:540} INFO - Filling up the DagBag from /home/airflow/.local/lib/python3.8/site-packages/airflow/example_dags/example_xcom.py
[2026-05-17T22:02:22.427+0000] {processor.py:840} INFO - DAG(s) 'example_xcom' retrieved from /home/airflow/.local/lib/python3.8/site-packages/airflow/example_dags/example_xcom.py
[2026-05-17T22:02:22.461+0000] {logging_mixin.py:188} INFO - [2026-05-17T22:02:22.461+0000] {dag.py:3047} INFO - Sync 1 DAGs
[2026-05-17T22:02:22.494+0000] {logging_mixin.py:188} INFO - [2026-05-17T22:02:22.494+0000] {dag.py:3834} INFO - Setting next_dagrun for example_xcom to 2021-01-01 00:00:00+00:00, run_after=2021-01-01 00:00:00+00:00
[2026-05-17T22:02:22.529+0000] {processor.py:183} INFO - Processing /home/airflow/.local/lib/python3.8/site-packages/airflow/example_dags/example_xcom.py took 0.121 seconds
[2026-05-17T22:02:53.067+0000] {processor.py:161} INFO - Started process (PID=7263) to work on /home/airflow/.local/lib/python3.8/site-packages/airflow/example_dags/example_xcom.py
[2026-05-17T22:02:53.069+0000] {processor.py:830} INFO - Processing file /home/airflow/.local/lib/python3.8/site-packages/airflow/example_dags/example_xcom.py for tasks to queue
[2026-05-17T22:02:53.072+0000] {logging_mixin.py:188} INFO - [2026-05-17T22:02:53.071+0000] {dagbag.py:540} INFO - Filling up the DagBag from /home/airflow/.local/lib/python3.8/site-packages/airflow/example_dags/example_xcom.py
[2026-05-17T22:02:53.079+0000] {processor.py:840} INFO - DAG(s) 'example_xcom' retrieved from /home/airflow/.local/lib/python3.8/site-packages/airflow/example_dags/example_xcom.py
[2026-05-17T22:02:53.109+0000] {logging_mixin.py:188} INFO - [2026-05-17T22:02:53.108+0000] {dag.py:3047} INFO - Sync 1 DAGs
[2026-05-17T22:02:53.130+0000] {logging_mixin.py:188} INFO - [2026-05-17T22:02:53.130+0000] {dag.py:3834} INFO - Setting next_dagrun for example_xcom to 2021-01-01 00:00:00+00:00, run_after=2021-01-01 00:00:00+00:00
[2026-05-17T22:02:53.158+0000] {processor.py:183} INFO - Processing /home/airflow/.local/lib/python3.8/site-packages/airflow/example_dags/example_xcom.py took 0.096 seconds
[2026-05-17T22:03:23.636+0000] {processor.py:161} INFO - Started process (PID=7318) to work on /home/airflow/.local/lib/python3.8/site-packages/airflow/example_dags/example_xcom.py
[2026-05-17T22:03:23.638+0000] {processor.py:830} INFO - Processing file /home/airflow/.local/lib/python3.8/site-packages/airflow/example_dags/example_xcom.py for tasks to queue
[2026-05-17T22:03:23.640+0000] {logging_mixin.py:188} INFO - [2026-05-17T22:03:23.639+0000] {dagbag.py:540} INFO - Filling up the DagBag from /home/airflow/.local/lib/python3.8/site-packages/airflow/example_dags/example_xcom.py
[2026-05-17T22:03:23.646+0000] {processor.py:840} INFO - DAG(s) 'example_xcom' retrieved from /home/airflow/.local/lib/python3.8/site-packages/airflow/example_dags/example_xcom.py
[2026-05-17T22:03:23.667+0000] {logging_mixin.py:188} INFO - [2026-05-17T22:03:23.666+0000] {dag.py:3047} INFO - Sync 1 DAGs
[2026-05-17T22:03:23.683+0000] {logging_mixin.py:188} INFO - [2026-05-17T22:03:23.683+0000] {dag.py:3834} INFO - Setting next_dagrun for example_xcom to 2021-01-01 00:00:00+00:00, run_after=2021-01-01 00:00:00+00:00
[2026-05-17T22:03:23.700+0000] {processor.py:183} INFO - Processing /home/airflow/.local/lib/python3.8/site-packages/airflow/example_dags/example_xcom.py took 0.067 seconds
[2026-05-17T22:03:54.489+0000] {processor.py:161} INFO - Started process (PID=7373) to work on /home/airflow/.local/lib/python3.8/site-packages/airflow/example_dags/example_xcom.py
[2026-05-17T22:03:54.491+0000] {processor.py:830} INFO - Processing file /home/airflow/.local/lib/python3.8/site-packages/airflow/example_dags/example_xcom.py for tasks to queue
[2026-05-17T22:03:54.494+0000] {logging_mixin.py:188} INFO - [2026-05-17T22:03:54.493+0000] {dagbag.py:540} INFO - Filling up the DagBag from /home/airflow/.local/lib/python3.8/site-packages/airflow/example_dags/example_xcom.py
[2026-05-17T22:03:54.501+0000] {processor.py:840} INFO - DAG(s) 'example_xcom' retrieved from /home/airflow/.local/lib/python3.8/site-packages/airflow/example_dags/example_xcom.py
[2026-05-17T22:03:54.522+0000] {logging_mixin.py:188} INFO - [2026-05-17T22:03:54.522+0000] {dag.py:3047} INFO - Sync 1 DAGs
[2026-05-17T22:03:54.540+0000] {logging_mixin.py:188} INFO - [2026-05-17T22:03:54.540+0000] {dag.py:3834} INFO - Setting next_dagrun for example_xcom to 2021-01-01 00:00:00+00:00, run_after=2021-01-01 00:00:00+00:00
[2026-05-17T22:03:54.560+0000] {processor.py:183} INFO - Processing /home/airflow/.local/lib/python3.8/site-packages/airflow/example_dags/example_xcom.py took 0.074 seconds
[2026-05-17T22:04:25.442+0000] {processor.py:161} INFO - Started process (PID=7428) to work on /home/airflow/.local/lib/python3.8/site-packages/airflow/example_dags/example_xcom.py
[2026-05-17T22:04:25.443+0000] {processor.py:830} INFO - Processing file /home/airflow/.local/lib/python3.8/site-packages/airflow/example_dags/example_xcom.py for tasks to queue
[2026-05-17T22:04:25.445+0000] {logging_mixin.py:188} INFO - [2026-05-17T22:04:25.445+0000] {dagbag.py:540} INFO - Filling up the DagBag from /home/airflow/.local/lib/python3.8/site-packages/airflow/example_dags/example_xcom.py
[2026-05-17T22:04:25.455+0000] {processor.py:840} INFO - DAG(s) 'example_xcom' retrieved from /home/airflow/.local/lib/python3.8/site-packages/airflow/example_dags/example_xcom.py
[2026-05-17T22:04:25.479+0000] {logging_mixin.py:188} INFO - [2026-05-17T22:04:25.479+0000] {dag.py:3047} INFO - Sync 1 DAGs
[2026-05-17T22:04:25.497+0000] {logging_mixin.py:188} INFO - [2026-05-17T22:04:25.497+0000] {dag.py:3834} INFO - Setting next_dagrun for example_xcom to 2021-01-01 00:00:00+00:00, run_after=2021-01-01 00:00:00+00:00
[2026-05-17T22:04:25.517+0000] {processor.py:183} INFO - Processing /home/airflow/.local/lib/python3.8/site-packages/airflow/example_dags/example_xcom.py took 0.079 seconds
[2026-05-17T22:04:55.575+0000] {processor.py:161} INFO - Started process (PID=7483) to work on /home/airflow/.local/lib/python3.8/site-packages/airflow/example_dags/example_xcom.py
[2026-05-17T22:04:55.576+0000] {processor.py:830} INFO - Processing file /home/airflow/.local/lib/python3.8/site-packages/airflow/example_dags/example_xcom.py for tasks to queue
[2026-05-17T22:04:55.578+0000] {logging_mixin.py:188} INFO - [2026-05-17T22:04:55.578+0000] {dagbag.py:540} INFO - Filling up the DagBag from /home/airflow/.local/lib/python3.8/site-packages/airflow/example_dags/example_xcom.py
[2026-05-17T22:04:55.587+0000] {processor.py:840} INFO - DAG(s) 'example_xcom' retrieved from /home/airflow/.local/lib/python3.8/site-packages/airflow/example_dags/example_xcom.py
[2026-05-17T22:04:55.608+0000] {logging_mixin.py:188} INFO - [2026-05-17T22:04:55.608+0000] {dag.py:3047} INFO - Sync 1 DAGs
[2026-05-17T22:04:55.629+0000] {logging_mixin.py:188} INFO - [2026-05-17T22:04:55.629+0000] {dag.py:3834} INFO - Setting next_dagrun for example_xcom to 2021-01-01 00:00:00+00:00, run_after=2021-01-01 00:00:00+00:00
[2026-05-17T22:04:55.652+0000] {processor.py:183} INFO - Processing /home/airflow/.local/lib/python3.8/site-packages/airflow/example_dags/example_xcom.py took 0.080 seconds
[2026-05-17T22:05:25.951+0000] {processor.py:161} INFO - Started process (PID=7538) to work on /home/airflow/.local/lib/python3.8/site-packages/airflow/example_dags/example_xcom.py
[2026-05-17T22:05:25.953+0000] {processor.py:830} INFO - Processing file /home/airflow/.local/lib/python3.8/site-packages/airflow/example_dags/example_xcom.py for tasks to queue
[2026-05-17T22:05:25.955+0000] {logging_mixin.py:188} INFO - [2026-05-17T22:05:25.954+0000] {dagbag.py:540} INFO - Filling up the DagBag from /home/airflow/.local/lib/python3.8/site-packages/airflow/example_dags/example_xcom.py
[2026-05-17T22:05:25.963+0000] {processor.py:840} INFO - DAG(s) 'example_xcom' retrieved from /home/airflow/.local/lib/python3.8/site-packages/airflow/example_dags/example_xcom.py
[2026-05-17T22:05:25.985+0000] {logging_mixin.py:188} INFO - [2026-05-17T22:05:25.985+0000] {dag.py:3047} INFO - Sync 1 DAGs
[2026-05-17T22:05:26.005+0000] {logging_mixin.py:188} INFO - [2026-05-17T22:05:26.005+0000] {dag.py:3834} INFO - Setting next_dagrun for example_xcom to 2021-01-01 00:00:00+00:00, run_after=2021-01-01 00:00:00+00:00
[2026-05-17T22:05:26.032+0000] {processor.py:183} INFO - Processing /home/airflow/.local/lib/python3.8/site-packages/airflow/example_dags/example_xcom.py took 0.084 seconds
[2026-05-17T22:05:56.609+0000] {processor.py:161} INFO - Started process (PID=7593) to work on /home/airflow/.local/lib/python3.8/site-packages/airflow/example_dags/example_xcom.py
[2026-05-17T22:05:56.611+0000] {processor.py:830} INFO - Processing file /home/airflow/.local/lib/python3.8/site-packages/airflow/example_dags/example_xcom.py for tasks to queue
[2026-05-17T22:05:56.612+0000] {logging_mixin.py:188} INFO - [2026-05-17T22:05:56.612+0000] {dagbag.py:540} INFO - Filling up the DagBag from /home/airflow/.local/lib/python3.8/site-packages/airflow/example_dags/example_xcom.py
[2026-05-17T22:05:56.619+0000] {processor.py:840} INFO - DAG(s) 'example_xcom' retrieved from /home/airflow/.local/lib/python3.8/site-packages/airflow/example_dags/example_xcom.py
[2026-05-17T22:05:56.637+0000] {logging_mixin.py:188} INFO - [2026-05-17T22:05:56.637+0000] {dag.py:3047} INFO - Sync 1 DAGs
[2026-05-17T22:05:56.654+0000] {logging_mixin.py:188} INFO - [2026-05-17T22:05:56.653+0000] {dag.py:3834} INFO - Setting next_dagrun for example_xcom to 2021-01-01 00:00:00+00:00, run_after=2021-01-01 00:00:00+00:00
[2026-05-17T22:05:56.672+0000] {processor.py:183} INFO - Processing /home/airflow/.local/lib/python3.8/site-packages/airflow/example_dags/example_xcom.py took 0.066 seconds
[2026-05-17T22:06:27.408+0000] {processor.py:161} INFO - Started process (PID=7648) to work on /home/airflow/.local/lib/python3.8/site-packages/airflow/example_dags/example_xcom.py
[2026-05-17T22:06:27.410+0000] {processor.py:830} INFO - Processing file /home/airflow/.local/lib/python3.8/site-packages/airflow/example_dags/example_xcom.py for tasks to queue
[2026-05-17T22:06:27.412+0000] {logging_mixin.py:188} INFO - [2026-05-17T22:06:27.411+0000] {dagbag.py:540} INFO - Filling up the DagBag from /home/airflow/.local/lib/python3.8/site-packages/airflow/example_dags/example_xcom.py
[2026-05-17T22:06:27.417+0000] {processor.py:840} INFO - DAG(s) 'example_xcom' retrieved from /home/airflow/.local/lib/python3.8/site-packages/airflow/example_dags/example_xcom.py
[2026-05-17T22:06:27.436+0000] {logging_mixin.py:188} INFO - [2026-05-17T22:06:27.436+0000] {dag.py:3047} INFO - Sync 1 DAGs
[2026-05-17T22:06:27.453+0000] {logging_mixin.py:188} INFO - [2026-05-17T22:06:27.452+0000] {dag.py:3834} INFO - Setting next_dagrun for example_xcom to 2021-01-01 00:00:00+00:00, run_after=2021-01-01 00:00:00+00:00
[2026-05-17T22:06:27.473+0000] {processor.py:183} INFO - Processing /home/airflow/.local/lib/python3.8/site-packages/airflow/example_dags/example_xcom.py took 0.068 seconds
[2026-05-17T22:06:58.291+0000] {processor.py:161} INFO - Started process (PID=7703) to work on /home/airflow/.local/lib/python3.8/site-packages/airflow/example_dags/example_xcom.py
[2026-05-17T22:06:58.292+0000] {processor.py:830} INFO - Processing file /home/airflow/.local/lib/python3.8/site-packages/airflow/example_dags/example_xcom.py for tasks to queue
[2026-05-17T22:06:58.294+0000] {logging_mixin.py:188} INFO - [2026-05-17T22:06:58.294+0000] {dagbag.py:540} INFO - Filling up the DagBag from /home/airflow/.local/lib/python3.8/site-packages/airflow/example_dags/example_xcom.py
[2026-05-17T22:06:58.300+0000] {processor.py:840} INFO - DAG(s) 'example_xcom' retrieved from /home/airflow/.local/lib/python3.8/site-packages/airflow/example_dags/example_xcom.py
[2026-05-17T22:06:58.427+0000] {logging_mixin.py:188} INFO - [2026-05-17T22:06:58.427+0000] {dag.py:3047} INFO - Sync 1 DAGs
[2026-05-17T22:06:58.442+0000] {logging_mixin.py:188} INFO - [2026-05-17T22:06:58.442+0000] {dag.py:3834} INFO - Setting next_dagrun for example_xcom to 2021-01-01 00:00:00+00:00, run_after=2021-01-01 00:00:00+00:00
[2026-05-17T22:06:58.459+0000] {processor.py:183} INFO - Processing /home/airflow/.local/lib/python3.8/site-packages/airflow/example_dags/example_xcom.py took 0.172 seconds
[2026-05-17T22:07:29.351+0000] {processor.py:161} INFO - Started process (PID=7758) to work on /home/airflow/.local/lib/python3.8/site-packages/airflow/example_dags/example_xcom.py
[2026-05-17T22:07:29.352+0000] {processor.py:830} INFO - Processing file /home/airflow/.local/lib/python3.8/site-packages/airflow/example_dags/example_xcom.py for tasks to queue
[2026-05-17T22:07:29.354+0000] {logging_mixin.py:188} INFO - [2026-05-17T22:07:29.354+0000] {dagbag.py:540} INFO - Filling up the DagBag from /home/airflow/.local/lib/python3.8/site-packages/airflow/example_dags/example_xcom.py
[2026-05-17T22:07:29.361+0000] {processor.py:840} INFO - DAG(s) 'example_xcom' retrieved from /home/airflow/.local/lib/python3.8/site-packages/airflow/example_dags/example_xcom.py
[2026-05-17T22:07:29.381+0000] {logging_mixin.py:188} INFO - [2026-05-17T22:07:29.381+0000] {dag.py:3047} INFO - Sync 1 DAGs
[2026-05-17T22:07:29.528+0000] {logging_mixin.py:188} INFO - [2026-05-17T22:07:29.527+0000] {dag.py:3834} INFO - Setting next_dagrun for example_xcom to 2021-01-01 00:00:00+00:00, run_after=2021-01-01 00:00:00+00:00
[2026-05-17T22:07:29.547+0000] {processor.py:183} INFO - Processing /home/airflow/.local/lib/python3.8/site-packages/airflow/example_dags/example_xcom.py took 0.199 seconds
[2026-05-17T22:07:59.670+0000] {processor.py:161} INFO - Started process (PID=7813) to work on /home/airflow/.local/lib/python3.8/site-packages/airflow/example_dags/example_xcom.py
[2026-05-17T22:07:59.671+0000] {processor.py:830} INFO - Processing file /home/airflow/.local/lib/python3.8/site-packages/airflow/example_dags/example_xcom.py for tasks to queue
[2026-05-17T22:07:59.673+0000] {logging_mixin.py:188} INFO - [2026-05-17T22:07:59.673+0000] {dagbag.py:540} INFO - Filling up the DagBag from /home/airflow/.local/lib/python3.8/site-packages/airflow/example_dags/example_xcom.py
[2026-05-17T22:07:59.679+0000] {processor.py:840} INFO - DAG(s) 'example_xcom' retrieved from /home/airflow/.local/lib/python3.8/site-packages/airflow/example_dags/example_xcom.py
[2026-05-17T22:07:59.697+0000] {logging_mixin.py:188} INFO - [2026-05-17T22:07:59.696+0000] {dag.py:3047} INFO - Sync 1 DAGs
[2026-05-17T22:07:59.816+0000] {logging_mixin.py:188} INFO - [2026-05-17T22:07:59.815+0000] {dag.py:3834} INFO - Setting next_dagrun for example_xcom to 2021-01-01 00:00:00+00:00, run_after=2021-01-01 00:00:00+00:00
[2026-05-17T22:07:59.855+0000] {processor.py:183} INFO - Processing /home/airflow/.local/lib/python3.8/site-packages/airflow/example_dags/example_xcom.py took 0.188 seconds
[2026-05-17T22:08:30.133+0000] {processor.py:161} INFO - Started process (PID=7868) to work on /home/airflow/.local/lib/python3.8/site-packages/airflow/example_dags/example_xcom.py
[2026-05-17T22:08:30.134+0000] {processor.py:830} INFO - Processing file /home/airflow/.local/lib/python3.8/site-packages/airflow/example_dags/example_xcom.py for tasks to queue
[2026-05-17T22:08:30.136+0000] {logging_mixin.py:188} INFO - [2026-05-17T22:08:30.136+0000] {dagbag.py:540} INFO - Filling up the DagBag from /home/airflow/.local/lib/python3.8/site-packages/airflow/example_dags/example_xcom.py
[2026-05-17T22:08:30.143+0000] {processor.py:840} INFO - DAG(s) 'example_xcom' retrieved from /home/airflow/.local/lib/python3.8/site-packages/airflow/example_dags/example_xcom.py
[2026-05-17T22:08:30.160+0000] {logging_mixin.py:188} INFO - [2026-05-17T22:08:30.159+0000] {dag.py:3047} INFO - Sync 1 DAGs
[2026-05-17T22:08:30.175+0000] {logging_mixin.py:188} INFO - [2026-05-17T22:08:30.175+0000] {dag.py:3834} INFO - Setting next_dagrun for example_xcom to 2021-01-01 00:00:00+00:00, run_after=2021-01-01 00:00:00+00:00
[2026-05-17T22:08:30.190+0000] {processor.py:183} INFO - Processing /home/airflow/.local/lib/python3.8/site-packages/airflow/example_dags/example_xcom.py took 0.060 seconds
[2026-05-17T22:09:00.511+0000] {processor.py:161} INFO - Started process (PID=7922) to work on /home/airflow/.local/lib/python3.8/site-packages/airflow/example_dags/example_xcom.py
[2026-05-17T22:09:00.512+0000] {processor.py:830} INFO - Processing file /home/airflow/.local/lib/python3.8/site-packages/airflow/example_dags/example_xcom.py for tasks to queue
[2026-05-17T22:09:00.514+0000] {logging_mixin.py:188} INFO - [2026-05-17T22:09:00.514+0000] {dagbag.py:540} INFO - Filling up the DagBag from /home/airflow/.local/lib/python3.8/site-packages/airflow/example_dags/example_xcom.py
[2026-05-17T22:09:00.521+0000] {processor.py:840} INFO - DAG(s) 'example_xcom' retrieved from /home/airflow/.local/lib/python3.8/site-packages/airflow/example_dags/example_xcom.py
[2026-05-17T22:09:00.539+0000] {logging_mixin.py:188} INFO - [2026-05-17T22:09:00.539+0000] {dag.py:3047} INFO - Sync 1 DAGs
[2026-05-17T22:09:00.556+0000] {logging_mixin.py:188} INFO - [2026-05-17T22:09:00.556+0000] {dag.py:3834} INFO - Setting next_dagrun for example_xcom to 2021-01-01 00:00:00+00:00, run_after=2021-01-01 00:00:00+00:00
[2026-05-17T22:09:00.574+0000] {processor.py:183} INFO - Processing /home/airflow/.local/lib/python3.8/site-packages/airflow/example_dags/example_xcom.py took 0.066 seconds
