[2026-05-17T20:56:38.413+0000] {processor.py:161} INFO - Started process (PID=77) to work on /home/airflow/.local/lib/python3.8/site-packages/airflow/example_dags/example_datasets.py
[2026-05-17T20:56:38.416+0000] {processor.py:830} INFO - Processing file /home/airflow/.local/lib/python3.8/site-packages/airflow/example_dags/example_datasets.py for tasks to queue
[2026-05-17T20:56:38.423+0000] {logging_mixin.py:188} INFO - [2026-05-17T20:56:38.422+0000] {dagbag.py:540} INFO - Filling up the DagBag from /home/airflow/.local/lib/python3.8/site-packages/airflow/example_dags/example_datasets.py
[2026-05-17T20:56:38.455+0000] {processor.py:840} INFO - DAG(s) 'dataset_consumes_1_never_scheduled', 'dataset_consumes_1_and_2', 'dataset_produces_2', 'dataset_produces_1', 'dataset_consumes_1', 'dataset_consumes_unknown_never_scheduled' retrieved from /home/airflow/.local/lib/python3.8/site-packages/airflow/example_dags/example_datasets.py
[2026-05-17T20:56:38.511+0000] {logging_mixin.py:188} INFO - [2026-05-17T20:56:38.510+0000] {dag.py:3047} INFO - Sync 6 DAGs
[2026-05-17T20:56:38.573+0000] {logging_mixin.py:188} INFO - [2026-05-17T20:56:38.572+0000] {dag.py:3834} INFO - Setting next_dagrun for dataset_consumes_1 to None, run_after=None
[2026-05-17T20:56:38.582+0000] {logging_mixin.py:188} INFO - [2026-05-17T20:56:38.582+0000] {dag.py:3834} INFO - Setting next_dagrun for dataset_consumes_1_and_2 to None, run_after=None
[2026-05-17T20:56:38.586+0000] {logging_mixin.py:188} INFO - [2026-05-17T20:56:38.586+0000] {dag.py:3834} INFO - Setting next_dagrun for dataset_consumes_1_never_scheduled to None, run_after=None
[2026-05-17T20:56:38.590+0000] {logging_mixin.py:188} INFO - [2026-05-17T20:56:38.589+0000] {dag.py:3834} INFO - Setting next_dagrun for dataset_consumes_unknown_never_scheduled to None, run_after=None
[2026-05-17T20:56:38.600+0000] {logging_mixin.py:188} INFO - [2026-05-17T20:56:38.599+0000] {dag.py:3834} INFO - Setting next_dagrun for dataset_produces_1 to 2026-05-16 00:00:00+00:00, run_after=2026-05-17 00:00:00+00:00
[2026-05-17T20:56:38.606+0000] {logging_mixin.py:188} INFO - [2026-05-17T20:56:38.605+0000] {dag.py:3834} INFO - Setting next_dagrun for dataset_produces_2 to None, run_after=None
[2026-05-17T20:56:38.719+0000] {processor.py:183} INFO - Processing /home/airflow/.local/lib/python3.8/site-packages/airflow/example_dags/example_datasets.py took 0.313 seconds
[2026-05-17T20:57:08.812+0000] {processor.py:161} INFO - Started process (PID=133) to work on /home/airflow/.local/lib/python3.8/site-packages/airflow/example_dags/example_datasets.py
[2026-05-17T20:57:08.813+0000] {processor.py:830} INFO - Processing file /home/airflow/.local/lib/python3.8/site-packages/airflow/example_dags/example_datasets.py for tasks to queue
[2026-05-17T20:57:08.820+0000] {logging_mixin.py:188} INFO - [2026-05-17T20:57:08.819+0000] {dagbag.py:540} INFO - Filling up the DagBag from /home/airflow/.local/lib/python3.8/site-packages/airflow/example_dags/example_datasets.py
[2026-05-17T20:57:08.829+0000] {processor.py:840} INFO - DAG(s) 'dataset_consumes_unknown_never_scheduled', 'dataset_consumes_1_never_scheduled', 'dataset_produces_2', 'dataset_consumes_1', 'dataset_consumes_1_and_2', 'dataset_produces_1' retrieved from /home/airflow/.local/lib/python3.8/site-packages/airflow/example_dags/example_datasets.py
[2026-05-17T20:57:08.957+0000] {logging_mixin.py:188} INFO - [2026-05-17T20:57:08.957+0000] {dag.py:3047} INFO - Sync 6 DAGs
[2026-05-17T20:57:08.974+0000] {logging_mixin.py:188} INFO - [2026-05-17T20:57:08.974+0000] {dag.py:3834} INFO - Setting next_dagrun for dataset_consumes_1 to None, run_after=None
[2026-05-17T20:57:08.977+0000] {logging_mixin.py:188} INFO - [2026-05-17T20:57:08.976+0000] {dag.py:3834} INFO - Setting next_dagrun for dataset_consumes_1_and_2 to None, run_after=None
[2026-05-17T20:57:08.978+0000] {logging_mixin.py:188} INFO - [2026-05-17T20:57:08.978+0000] {dag.py:3834} INFO - Setting next_dagrun for dataset_consumes_1_never_scheduled to None, run_after=None
[2026-05-17T20:57:08.979+0000] {logging_mixin.py:188} INFO - [2026-05-17T20:57:08.979+0000] {dag.py:3834} INFO - Setting next_dagrun for dataset_consumes_unknown_never_scheduled to None, run_after=None
[2026-05-17T20:57:08.982+0000] {logging_mixin.py:188} INFO - [2026-05-17T20:57:08.982+0000] {dag.py:3834} INFO - Setting next_dagrun for dataset_produces_1 to 2026-05-16 00:00:00+00:00, run_after=2026-05-17 00:00:00+00:00
[2026-05-17T20:57:08.983+0000] {logging_mixin.py:188} INFO - [2026-05-17T20:57:08.983+0000] {dag.py:3834} INFO - Setting next_dagrun for dataset_produces_2 to None, run_after=None
[2026-05-17T20:57:09.013+0000] {processor.py:183} INFO - Processing /home/airflow/.local/lib/python3.8/site-packages/airflow/example_dags/example_datasets.py took 0.204 seconds
[2026-05-17T20:57:39.122+0000] {processor.py:161} INFO - Started process (PID=188) to work on /home/airflow/.local/lib/python3.8/site-packages/airflow/example_dags/example_datasets.py
[2026-05-17T20:57:39.123+0000] {processor.py:830} INFO - Processing file /home/airflow/.local/lib/python3.8/site-packages/airflow/example_dags/example_datasets.py for tasks to queue
[2026-05-17T20:57:39.125+0000] {logging_mixin.py:188} INFO - [2026-05-17T20:57:39.125+0000] {dagbag.py:540} INFO - Filling up the DagBag from /home/airflow/.local/lib/python3.8/site-packages/airflow/example_dags/example_datasets.py
[2026-05-17T20:57:39.135+0000] {processor.py:840} INFO - DAG(s) 'dataset_consumes_unknown_never_scheduled', 'dataset_consumes_1_and_2', 'dataset_produces_1', 'dataset_consumes_1_never_scheduled', 'dataset_produces_2', 'dataset_consumes_1' retrieved from /home/airflow/.local/lib/python3.8/site-packages/airflow/example_dags/example_datasets.py
[2026-05-17T20:57:39.168+0000] {logging_mixin.py:188} INFO - [2026-05-17T20:57:39.168+0000] {dag.py:3047} INFO - Sync 6 DAGs
[2026-05-17T20:57:39.190+0000] {logging_mixin.py:188} INFO - [2026-05-17T20:57:39.190+0000] {dag.py:3834} INFO - Setting next_dagrun for dataset_consumes_1 to None, run_after=None
[2026-05-17T20:57:39.193+0000] {logging_mixin.py:188} INFO - [2026-05-17T20:57:39.193+0000] {dag.py:3834} INFO - Setting next_dagrun for dataset_consumes_1_and_2 to None, run_after=None
[2026-05-17T20:57:39.194+0000] {logging_mixin.py:188} INFO - [2026-05-17T20:57:39.194+0000] {dag.py:3834} INFO - Setting next_dagrun for dataset_consumes_1_never_scheduled to None, run_after=None
[2026-05-17T20:57:39.196+0000] {logging_mixin.py:188} INFO - [2026-05-17T20:57:39.196+0000] {dag.py:3834} INFO - Setting next_dagrun for dataset_consumes_unknown_never_scheduled to None, run_after=None
[2026-05-17T20:57:39.198+0000] {logging_mixin.py:188} INFO - [2026-05-17T20:57:39.198+0000] {dag.py:3834} INFO - Setting next_dagrun for dataset_produces_1 to 2026-05-16 00:00:00+00:00, run_after=2026-05-17 00:00:00+00:00
[2026-05-17T20:57:39.199+0000] {logging_mixin.py:188} INFO - [2026-05-17T20:57:39.199+0000] {dag.py:3834} INFO - Setting next_dagrun for dataset_produces_2 to None, run_after=None
[2026-05-17T20:57:39.238+0000] {processor.py:183} INFO - Processing /home/airflow/.local/lib/python3.8/site-packages/airflow/example_dags/example_datasets.py took 0.121 seconds
[2026-05-17T20:58:10.140+0000] {processor.py:161} INFO - Started process (PID=249) to work on /home/airflow/.local/lib/python3.8/site-packages/airflow/example_dags/example_datasets.py
[2026-05-17T20:58:10.141+0000] {processor.py:830} INFO - Processing file /home/airflow/.local/lib/python3.8/site-packages/airflow/example_dags/example_datasets.py for tasks to queue
[2026-05-17T20:58:10.145+0000] {logging_mixin.py:188} INFO - [2026-05-17T20:58:10.145+0000] {dagbag.py:540} INFO - Filling up the DagBag from /home/airflow/.local/lib/python3.8/site-packages/airflow/example_dags/example_datasets.py
[2026-05-17T20:58:10.155+0000] {processor.py:840} INFO - DAG(s) 'dataset_produces_1', 'dataset_consumes_1_and_2', 'dataset_consumes_1', 'dataset_consumes_unknown_never_scheduled', 'dataset_consumes_1_never_scheduled', 'dataset_produces_2' retrieved from /home/airflow/.local/lib/python3.8/site-packages/airflow/example_dags/example_datasets.py
[2026-05-17T20:58:10.229+0000] {logging_mixin.py:188} INFO - [2026-05-17T20:58:10.229+0000] {dag.py:3047} INFO - Sync 6 DAGs
[2026-05-17T20:58:10.311+0000] {logging_mixin.py:188} INFO - [2026-05-17T20:58:10.310+0000] {dag.py:3834} INFO - Setting next_dagrun for dataset_consumes_1 to None, run_after=None
[2026-05-17T20:58:10.324+0000] {logging_mixin.py:188} INFO - [2026-05-17T20:58:10.323+0000] {dag.py:3834} INFO - Setting next_dagrun for dataset_consumes_1_and_2 to None, run_after=None
[2026-05-17T20:58:10.327+0000] {logging_mixin.py:188} INFO - [2026-05-17T20:58:10.327+0000] {dag.py:3834} INFO - Setting next_dagrun for dataset_consumes_1_never_scheduled to None, run_after=None
[2026-05-17T20:58:10.338+0000] {logging_mixin.py:188} INFO - [2026-05-17T20:58:10.336+0000] {dag.py:3834} INFO - Setting next_dagrun for dataset_consumes_unknown_never_scheduled to None, run_after=None
[2026-05-17T20:58:10.345+0000] {logging_mixin.py:188} INFO - [2026-05-17T20:58:10.344+0000] {dag.py:3834} INFO - Setting next_dagrun for dataset_produces_1 to 2026-05-16 00:00:00+00:00, run_after=2026-05-17 00:00:00+00:00
[2026-05-17T20:58:10.357+0000] {logging_mixin.py:188} INFO - [2026-05-17T20:58:10.356+0000] {dag.py:3834} INFO - Setting next_dagrun for dataset_produces_2 to None, run_after=None
[2026-05-17T20:58:10.432+0000] {processor.py:183} INFO - Processing /home/airflow/.local/lib/python3.8/site-packages/airflow/example_dags/example_datasets.py took 0.297 seconds
[2026-05-17T20:58:40.552+0000] {processor.py:161} INFO - Started process (PID=305) to work on /home/airflow/.local/lib/python3.8/site-packages/airflow/example_dags/example_datasets.py
[2026-05-17T20:58:40.553+0000] {processor.py:830} INFO - Processing file /home/airflow/.local/lib/python3.8/site-packages/airflow/example_dags/example_datasets.py for tasks to queue
[2026-05-17T20:58:40.555+0000] {logging_mixin.py:188} INFO - [2026-05-17T20:58:40.555+0000] {dagbag.py:540} INFO - Filling up the DagBag from /home/airflow/.local/lib/python3.8/site-packages/airflow/example_dags/example_datasets.py
[2026-05-17T20:58:40.564+0000] {processor.py:840} INFO - DAG(s) 'dataset_consumes_unknown_never_scheduled', 'dataset_produces_2', 'dataset_consumes_1_never_scheduled', 'dataset_consumes_1', 'dataset_consumes_1_and_2', 'dataset_produces_1' retrieved from /home/airflow/.local/lib/python3.8/site-packages/airflow/example_dags/example_datasets.py
[2026-05-17T20:58:40.596+0000] {logging_mixin.py:188} INFO - [2026-05-17T20:58:40.596+0000] {dag.py:3047} INFO - Sync 6 DAGs
[2026-05-17T20:58:40.614+0000] {logging_mixin.py:188} INFO - [2026-05-17T20:58:40.614+0000] {dag.py:3834} INFO - Setting next_dagrun for dataset_consumes_1 to None, run_after=None
[2026-05-17T20:58:40.618+0000] {logging_mixin.py:188} INFO - [2026-05-17T20:58:40.617+0000] {dag.py:3834} INFO - Setting next_dagrun for dataset_consumes_1_and_2 to None, run_after=None
[2026-05-17T20:58:40.619+0000] {logging_mixin.py:188} INFO - [2026-05-17T20:58:40.619+0000] {dag.py:3834} INFO - Setting next_dagrun for dataset_consumes_1_never_scheduled to None, run_after=None
[2026-05-17T20:58:40.622+0000] {logging_mixin.py:188} INFO - [2026-05-17T20:58:40.622+0000] {dag.py:3834} INFO - Setting next_dagrun for dataset_consumes_unknown_never_scheduled to None, run_after=None
[2026-05-17T20:58:40.626+0000] {logging_mixin.py:188} INFO - [2026-05-17T20:58:40.626+0000] {dag.py:3834} INFO - Setting next_dagrun for dataset_produces_1 to 2026-05-16 00:00:00+00:00, run_after=2026-05-17 00:00:00+00:00
[2026-05-17T20:58:40.628+0000] {logging_mixin.py:188} INFO - [2026-05-17T20:58:40.628+0000] {dag.py:3834} INFO - Setting next_dagrun for dataset_produces_2 to None, run_after=None
[2026-05-17T20:58:40.656+0000] {processor.py:183} INFO - Processing /home/airflow/.local/lib/python3.8/site-packages/airflow/example_dags/example_datasets.py took 0.107 seconds
[2026-05-17T20:59:10.697+0000] {processor.py:161} INFO - Started process (PID=360) to work on /home/airflow/.local/lib/python3.8/site-packages/airflow/example_dags/example_datasets.py
[2026-05-17T20:59:10.699+0000] {processor.py:830} INFO - Processing file /home/airflow/.local/lib/python3.8/site-packages/airflow/example_dags/example_datasets.py for tasks to queue
[2026-05-17T20:59:10.701+0000] {logging_mixin.py:188} INFO - [2026-05-17T20:59:10.700+0000] {dagbag.py:540} INFO - Filling up the DagBag from /home/airflow/.local/lib/python3.8/site-packages/airflow/example_dags/example_datasets.py
[2026-05-17T20:59:10.710+0000] {processor.py:840} INFO - DAG(s) 'dataset_consumes_1', 'dataset_consumes_unknown_never_scheduled', 'dataset_consumes_1_never_scheduled', 'dataset_produces_2', 'dataset_consumes_1_and_2', 'dataset_produces_1' retrieved from /home/airflow/.local/lib/python3.8/site-packages/airflow/example_dags/example_datasets.py
[2026-05-17T20:59:10.747+0000] {logging_mixin.py:188} INFO - [2026-05-17T20:59:10.747+0000] {dag.py:3047} INFO - Sync 6 DAGs
[2026-05-17T20:59:10.766+0000] {logging_mixin.py:188} INFO - [2026-05-17T20:59:10.766+0000] {dag.py:3834} INFO - Setting next_dagrun for dataset_consumes_1 to None, run_after=None
[2026-05-17T20:59:10.769+0000] {logging_mixin.py:188} INFO - [2026-05-17T20:59:10.769+0000] {dag.py:3834} INFO - Setting next_dagrun for dataset_consumes_1_and_2 to None, run_after=None
[2026-05-17T20:59:10.771+0000] {logging_mixin.py:188} INFO - [2026-05-17T20:59:10.771+0000] {dag.py:3834} INFO - Setting next_dagrun for dataset_consumes_1_never_scheduled to None, run_after=None
[2026-05-17T20:59:10.772+0000] {logging_mixin.py:188} INFO - [2026-05-17T20:59:10.772+0000] {dag.py:3834} INFO - Setting next_dagrun for dataset_consumes_unknown_never_scheduled to None, run_after=None
[2026-05-17T20:59:10.777+0000] {logging_mixin.py:188} INFO - [2026-05-17T20:59:10.777+0000] {dag.py:3834} INFO - Setting next_dagrun for dataset_produces_1 to 2026-05-16 00:00:00+00:00, run_after=2026-05-17 00:00:00+00:00
[2026-05-17T20:59:10.779+0000] {logging_mixin.py:188} INFO - [2026-05-17T20:59:10.779+0000] {dag.py:3834} INFO - Setting next_dagrun for dataset_produces_2 to None, run_after=None
[2026-05-17T20:59:10.808+0000] {processor.py:183} INFO - Processing /home/airflow/.local/lib/python3.8/site-packages/airflow/example_dags/example_datasets.py took 0.114 seconds
[2026-05-17T20:59:40.898+0000] {processor.py:161} INFO - Started process (PID=415) to work on /home/airflow/.local/lib/python3.8/site-packages/airflow/example_dags/example_datasets.py
[2026-05-17T20:59:40.899+0000] {processor.py:830} INFO - Processing file /home/airflow/.local/lib/python3.8/site-packages/airflow/example_dags/example_datasets.py for tasks to queue
[2026-05-17T20:59:40.902+0000] {logging_mixin.py:188} INFO - [2026-05-17T20:59:40.902+0000] {dagbag.py:540} INFO - Filling up the DagBag from /home/airflow/.local/lib/python3.8/site-packages/airflow/example_dags/example_datasets.py
[2026-05-17T20:59:40.909+0000] {processor.py:840} INFO - DAG(s) 'dataset_consumes_1_and_2', 'dataset_produces_2', 'dataset_consumes_1_never_scheduled', 'dataset_consumes_1', 'dataset_produces_1', 'dataset_consumes_unknown_never_scheduled' retrieved from /home/airflow/.local/lib/python3.8/site-packages/airflow/example_dags/example_datasets.py
[2026-05-17T20:59:40.942+0000] {logging_mixin.py:188} INFO - [2026-05-17T20:59:40.942+0000] {dag.py:3047} INFO - Sync 6 DAGs
[2026-05-17T20:59:40.963+0000] {logging_mixin.py:188} INFO - [2026-05-17T20:59:40.963+0000] {dag.py:3834} INFO - Setting next_dagrun for dataset_consumes_1 to None, run_after=None
[2026-05-17T20:59:40.967+0000] {logging_mixin.py:188} INFO - [2026-05-17T20:59:40.967+0000] {dag.py:3834} INFO - Setting next_dagrun for dataset_consumes_1_and_2 to None, run_after=None
[2026-05-17T20:59:40.969+0000] {logging_mixin.py:188} INFO - [2026-05-17T20:59:40.969+0000] {dag.py:3834} INFO - Setting next_dagrun for dataset_consumes_1_never_scheduled to None, run_after=None
[2026-05-17T20:59:40.971+0000] {logging_mixin.py:188} INFO - [2026-05-17T20:59:40.971+0000] {dag.py:3834} INFO - Setting next_dagrun for dataset_consumes_unknown_never_scheduled to None, run_after=None
[2026-05-17T20:59:40.974+0000] {logging_mixin.py:188} INFO - [2026-05-17T20:59:40.974+0000] {dag.py:3834} INFO - Setting next_dagrun for dataset_produces_1 to 2026-05-16 00:00:00+00:00, run_after=2026-05-17 00:00:00+00:00
[2026-05-17T20:59:40.976+0000] {logging_mixin.py:188} INFO - [2026-05-17T20:59:40.975+0000] {dag.py:3834} INFO - Setting next_dagrun for dataset_produces_2 to None, run_after=None
[2026-05-17T20:59:41.005+0000] {processor.py:183} INFO - Processing /home/airflow/.local/lib/python3.8/site-packages/airflow/example_dags/example_datasets.py took 0.110 seconds
[2026-05-17T21:00:11.864+0000] {processor.py:161} INFO - Started process (PID=468) to work on /home/airflow/.local/lib/python3.8/site-packages/airflow/example_dags/example_datasets.py
[2026-05-17T21:00:11.868+0000] {processor.py:830} INFO - Processing file /home/airflow/.local/lib/python3.8/site-packages/airflow/example_dags/example_datasets.py for tasks to queue
[2026-05-17T21:00:11.872+0000] {logging_mixin.py:188} INFO - [2026-05-17T21:00:11.872+0000] {dagbag.py:540} INFO - Filling up the DagBag from /home/airflow/.local/lib/python3.8/site-packages/airflow/example_dags/example_datasets.py
[2026-05-17T21:00:11.881+0000] {processor.py:840} INFO - DAG(s) 'dataset_consumes_1_and_2', 'dataset_produces_1', 'dataset_consumes_1', 'dataset_produces_2', 'dataset_consumes_unknown_never_scheduled', 'dataset_consumes_1_never_scheduled' retrieved from /home/airflow/.local/lib/python3.8/site-packages/airflow/example_dags/example_datasets.py
[2026-05-17T21:00:11.939+0000] {logging_mixin.py:188} INFO - [2026-05-17T21:00:11.938+0000] {dag.py:3047} INFO - Sync 6 DAGs
[2026-05-17T21:00:11.970+0000] {logging_mixin.py:188} INFO - [2026-05-17T21:00:11.970+0000] {dag.py:3834} INFO - Setting next_dagrun for dataset_consumes_1 to None, run_after=None
[2026-05-17T21:00:11.974+0000] {logging_mixin.py:188} INFO - [2026-05-17T21:00:11.973+0000] {dag.py:3834} INFO - Setting next_dagrun for dataset_consumes_1_and_2 to None, run_after=None
[2026-05-17T21:00:11.975+0000] {logging_mixin.py:188} INFO - [2026-05-17T21:00:11.975+0000] {dag.py:3834} INFO - Setting next_dagrun for dataset_consumes_1_never_scheduled to None, run_after=None
[2026-05-17T21:00:11.976+0000] {logging_mixin.py:188} INFO - [2026-05-17T21:00:11.976+0000] {dag.py:3834} INFO - Setting next_dagrun for dataset_consumes_unknown_never_scheduled to None, run_after=None
[2026-05-17T21:00:11.979+0000] {logging_mixin.py:188} INFO - [2026-05-17T21:00:11.979+0000] {dag.py:3834} INFO - Setting next_dagrun for dataset_produces_1 to 2026-05-16 00:00:00+00:00, run_after=2026-05-17 00:00:00+00:00
[2026-05-17T21:00:11.981+0000] {logging_mixin.py:188} INFO - [2026-05-17T21:00:11.980+0000] {dag.py:3834} INFO - Setting next_dagrun for dataset_produces_2 to None, run_after=None
[2026-05-17T21:00:12.018+0000] {processor.py:183} INFO - Processing /home/airflow/.local/lib/python3.8/site-packages/airflow/example_dags/example_datasets.py took 0.157 seconds
[2026-05-17T21:00:42.223+0000] {processor.py:161} INFO - Started process (PID=523) to work on /home/airflow/.local/lib/python3.8/site-packages/airflow/example_dags/example_datasets.py
[2026-05-17T21:00:42.225+0000] {processor.py:830} INFO - Processing file /home/airflow/.local/lib/python3.8/site-packages/airflow/example_dags/example_datasets.py for tasks to queue
[2026-05-17T21:00:42.228+0000] {logging_mixin.py:188} INFO - [2026-05-17T21:00:42.227+0000] {dagbag.py:540} INFO - Filling up the DagBag from /home/airflow/.local/lib/python3.8/site-packages/airflow/example_dags/example_datasets.py
[2026-05-17T21:00:42.240+0000] {processor.py:840} INFO - DAG(s) 'dataset_consumes_1', 'dataset_consumes_1_never_scheduled', 'dataset_consumes_1_and_2', 'dataset_consumes_unknown_never_scheduled', 'dataset_produces_1', 'dataset_produces_2' retrieved from /home/airflow/.local/lib/python3.8/site-packages/airflow/example_dags/example_datasets.py
[2026-05-17T21:00:42.284+0000] {logging_mixin.py:188} INFO - [2026-05-17T21:00:42.283+0000] {dag.py:3047} INFO - Sync 6 DAGs
[2026-05-17T21:00:42.309+0000] {logging_mixin.py:188} INFO - [2026-05-17T21:00:42.309+0000] {dag.py:3834} INFO - Setting next_dagrun for dataset_consumes_1 to None, run_after=None
[2026-05-17T21:00:42.316+0000] {logging_mixin.py:188} INFO - [2026-05-17T21:00:42.316+0000] {dag.py:3834} INFO - Setting next_dagrun for dataset_consumes_1_and_2 to None, run_after=None
[2026-05-17T21:00:42.318+0000] {logging_mixin.py:188} INFO - [2026-05-17T21:00:42.318+0000] {dag.py:3834} INFO - Setting next_dagrun for dataset_consumes_1_never_scheduled to None, run_after=None
[2026-05-17T21:00:42.320+0000] {logging_mixin.py:188} INFO - [2026-05-17T21:00:42.319+0000] {dag.py:3834} INFO - Setting next_dagrun for dataset_consumes_unknown_never_scheduled to None, run_after=None
[2026-05-17T21:00:42.323+0000] {logging_mixin.py:188} INFO - [2026-05-17T21:00:42.323+0000] {dag.py:3834} INFO - Setting next_dagrun for dataset_produces_1 to 2026-05-16 00:00:00+00:00, run_after=2026-05-17 00:00:00+00:00
[2026-05-17T21:00:42.325+0000] {logging_mixin.py:188} INFO - [2026-05-17T21:00:42.325+0000] {dag.py:3834} INFO - Setting next_dagrun for dataset_produces_2 to None, run_after=None
[2026-05-17T21:00:42.354+0000] {processor.py:183} INFO - Processing /home/airflow/.local/lib/python3.8/site-packages/airflow/example_dags/example_datasets.py took 0.134 seconds
[2026-05-17T21:01:12.434+0000] {processor.py:161} INFO - Started process (PID=578) to work on /home/airflow/.local/lib/python3.8/site-packages/airflow/example_dags/example_datasets.py
[2026-05-17T21:01:12.435+0000] {processor.py:830} INFO - Processing file /home/airflow/.local/lib/python3.8/site-packages/airflow/example_dags/example_datasets.py for tasks to queue
[2026-05-17T21:01:12.437+0000] {logging_mixin.py:188} INFO - [2026-05-17T21:01:12.437+0000] {dagbag.py:540} INFO - Filling up the DagBag from /home/airflow/.local/lib/python3.8/site-packages/airflow/example_dags/example_datasets.py
[2026-05-17T21:01:12.447+0000] {processor.py:840} INFO - DAG(s) 'dataset_consumes_unknown_never_scheduled', 'dataset_consumes_1_never_scheduled', 'dataset_consumes_1_and_2', 'dataset_produces_1', 'dataset_produces_2', 'dataset_consumes_1' retrieved from /home/airflow/.local/lib/python3.8/site-packages/airflow/example_dags/example_datasets.py
[2026-05-17T21:01:12.485+0000] {logging_mixin.py:188} INFO - [2026-05-17T21:01:12.485+0000] {dag.py:3047} INFO - Sync 6 DAGs
[2026-05-17T21:01:12.507+0000] {logging_mixin.py:188} INFO - [2026-05-17T21:01:12.506+0000] {dag.py:3834} INFO - Setting next_dagrun for dataset_consumes_1 to None, run_after=None
[2026-05-17T21:01:12.510+0000] {logging_mixin.py:188} INFO - [2026-05-17T21:01:12.510+0000] {dag.py:3834} INFO - Setting next_dagrun for dataset_consumes_1_and_2 to None, run_after=None
[2026-05-17T21:01:12.511+0000] {logging_mixin.py:188} INFO - [2026-05-17T21:01:12.511+0000] {dag.py:3834} INFO - Setting next_dagrun for dataset_consumes_1_never_scheduled to None, run_after=None
[2026-05-17T21:01:12.513+0000] {logging_mixin.py:188} INFO - [2026-05-17T21:01:12.513+0000] {dag.py:3834} INFO - Setting next_dagrun for dataset_consumes_unknown_never_scheduled to None, run_after=None
[2026-05-17T21:01:12.516+0000] {logging_mixin.py:188} INFO - [2026-05-17T21:01:12.516+0000] {dag.py:3834} INFO - Setting next_dagrun for dataset_produces_1 to 2026-05-16 00:00:00+00:00, run_after=2026-05-17 00:00:00+00:00
[2026-05-17T21:01:12.519+0000] {logging_mixin.py:188} INFO - [2026-05-17T21:01:12.518+0000] {dag.py:3834} INFO - Setting next_dagrun for dataset_produces_2 to None, run_after=None
[2026-05-17T21:01:12.553+0000] {processor.py:183} INFO - Processing /home/airflow/.local/lib/python3.8/site-packages/airflow/example_dags/example_datasets.py took 0.123 seconds
[2026-05-17T21:01:42.855+0000] {processor.py:161} INFO - Started process (PID=633) to work on /home/airflow/.local/lib/python3.8/site-packages/airflow/example_dags/example_datasets.py
[2026-05-17T21:01:42.856+0000] {processor.py:830} INFO - Processing file /home/airflow/.local/lib/python3.8/site-packages/airflow/example_dags/example_datasets.py for tasks to queue
[2026-05-17T21:01:42.858+0000] {logging_mixin.py:188} INFO - [2026-05-17T21:01:42.858+0000] {dagbag.py:540} INFO - Filling up the DagBag from /home/airflow/.local/lib/python3.8/site-packages/airflow/example_dags/example_datasets.py
[2026-05-17T21:01:42.870+0000] {processor.py:840} INFO - DAG(s) 'dataset_consumes_1_and_2', 'dataset_consumes_unknown_never_scheduled', 'dataset_consumes_1_never_scheduled', 'dataset_produces_2', 'dataset_produces_1', 'dataset_consumes_1' retrieved from /home/airflow/.local/lib/python3.8/site-packages/airflow/example_dags/example_datasets.py
[2026-05-17T21:01:42.899+0000] {logging_mixin.py:188} INFO - [2026-05-17T21:01:42.899+0000] {dag.py:3047} INFO - Sync 6 DAGs
[2026-05-17T21:01:42.919+0000] {logging_mixin.py:188} INFO - [2026-05-17T21:01:42.919+0000] {dag.py:3834} INFO - Setting next_dagrun for dataset_consumes_1 to None, run_after=None
[2026-05-17T21:01:42.923+0000] {logging_mixin.py:188} INFO - [2026-05-17T21:01:42.922+0000] {dag.py:3834} INFO - Setting next_dagrun for dataset_consumes_1_and_2 to None, run_after=None
[2026-05-17T21:01:42.924+0000] {logging_mixin.py:188} INFO - [2026-05-17T21:01:42.924+0000] {dag.py:3834} INFO - Setting next_dagrun for dataset_consumes_1_never_scheduled to None, run_after=None
[2026-05-17T21:01:42.926+0000] {logging_mixin.py:188} INFO - [2026-05-17T21:01:42.925+0000] {dag.py:3834} INFO - Setting next_dagrun for dataset_consumes_unknown_never_scheduled to None, run_after=None
[2026-05-17T21:01:42.928+0000] {logging_mixin.py:188} INFO - [2026-05-17T21:01:42.928+0000] {dag.py:3834} INFO - Setting next_dagrun for dataset_produces_1 to 2026-05-16 00:00:00+00:00, run_after=2026-05-17 00:00:00+00:00
[2026-05-17T21:01:42.929+0000] {logging_mixin.py:188} INFO - [2026-05-17T21:01:42.929+0000] {dag.py:3834} INFO - Setting next_dagrun for dataset_produces_2 to None, run_after=None
[2026-05-17T21:01:42.963+0000] {processor.py:183} INFO - Processing /home/airflow/.local/lib/python3.8/site-packages/airflow/example_dags/example_datasets.py took 0.111 seconds
[2026-05-17T21:02:13.165+0000] {processor.py:161} INFO - Started process (PID=688) to work on /home/airflow/.local/lib/python3.8/site-packages/airflow/example_dags/example_datasets.py
[2026-05-17T21:02:13.166+0000] {processor.py:830} INFO - Processing file /home/airflow/.local/lib/python3.8/site-packages/airflow/example_dags/example_datasets.py for tasks to queue
[2026-05-17T21:02:13.168+0000] {logging_mixin.py:188} INFO - [2026-05-17T21:02:13.168+0000] {dagbag.py:540} INFO - Filling up the DagBag from /home/airflow/.local/lib/python3.8/site-packages/airflow/example_dags/example_datasets.py
[2026-05-17T21:02:13.177+0000] {processor.py:840} INFO - DAG(s) 'dataset_produces_1', 'dataset_consumes_1_and_2', 'dataset_consumes_1', 'dataset_consumes_1_never_scheduled', 'dataset_produces_2', 'dataset_consumes_unknown_never_scheduled' retrieved from /home/airflow/.local/lib/python3.8/site-packages/airflow/example_dags/example_datasets.py
[2026-05-17T21:02:13.207+0000] {logging_mixin.py:188} INFO - [2026-05-17T21:02:13.207+0000] {dag.py:3047} INFO - Sync 6 DAGs
[2026-05-17T21:02:13.227+0000] {logging_mixin.py:188} INFO - [2026-05-17T21:02:13.227+0000] {dag.py:3834} INFO - Setting next_dagrun for dataset_consumes_1 to None, run_after=None
[2026-05-17T21:02:13.231+0000] {logging_mixin.py:188} INFO - [2026-05-17T21:02:13.230+0000] {dag.py:3834} INFO - Setting next_dagrun for dataset_consumes_1_and_2 to None, run_after=None
[2026-05-17T21:02:13.232+0000] {logging_mixin.py:188} INFO - [2026-05-17T21:02:13.232+0000] {dag.py:3834} INFO - Setting next_dagrun for dataset_consumes_1_never_scheduled to None, run_after=None
[2026-05-17T21:02:13.234+0000] {logging_mixin.py:188} INFO - [2026-05-17T21:02:13.233+0000] {dag.py:3834} INFO - Setting next_dagrun for dataset_consumes_unknown_never_scheduled to None, run_after=None
[2026-05-17T21:02:13.237+0000] {logging_mixin.py:188} INFO - [2026-05-17T21:02:13.236+0000] {dag.py:3834} INFO - Setting next_dagrun for dataset_produces_1 to 2026-05-16 00:00:00+00:00, run_after=2026-05-17 00:00:00+00:00
[2026-05-17T21:02:13.238+0000] {logging_mixin.py:188} INFO - [2026-05-17T21:02:13.238+0000] {dag.py:3834} INFO - Setting next_dagrun for dataset_produces_2 to None, run_after=None
[2026-05-17T21:02:13.269+0000] {processor.py:183} INFO - Processing /home/airflow/.local/lib/python3.8/site-packages/airflow/example_dags/example_datasets.py took 0.108 seconds
[2026-05-17T21:02:43.736+0000] {processor.py:161} INFO - Started process (PID=743) to work on /home/airflow/.local/lib/python3.8/site-packages/airflow/example_dags/example_datasets.py
[2026-05-17T21:02:43.747+0000] {processor.py:830} INFO - Processing file /home/airflow/.local/lib/python3.8/site-packages/airflow/example_dags/example_datasets.py for tasks to queue
[2026-05-17T21:02:43.752+0000] {logging_mixin.py:188} INFO - [2026-05-17T21:02:43.752+0000] {dagbag.py:540} INFO - Filling up the DagBag from /home/airflow/.local/lib/python3.8/site-packages/airflow/example_dags/example_datasets.py
[2026-05-17T21:02:43.783+0000] {processor.py:840} INFO - DAG(s) 'dataset_produces_2', 'dataset_produces_1', 'dataset_consumes_1_never_scheduled', 'dataset_consumes_1', 'dataset_consumes_1_and_2', 'dataset_consumes_unknown_never_scheduled' retrieved from /home/airflow/.local/lib/python3.8/site-packages/airflow/example_dags/example_datasets.py
[2026-05-17T21:02:43.855+0000] {logging_mixin.py:188} INFO - [2026-05-17T21:02:43.854+0000] {dag.py:3047} INFO - Sync 6 DAGs
[2026-05-17T21:02:43.915+0000] {logging_mixin.py:188} INFO - [2026-05-17T21:02:43.915+0000] {dag.py:3834} INFO - Setting next_dagrun for dataset_consumes_1 to None, run_after=None
[2026-05-17T21:02:43.921+0000] {logging_mixin.py:188} INFO - [2026-05-17T21:02:43.920+0000] {dag.py:3834} INFO - Setting next_dagrun for dataset_consumes_1_and_2 to None, run_after=None
[2026-05-17T21:02:43.931+0000] {logging_mixin.py:188} INFO - [2026-05-17T21:02:43.930+0000] {dag.py:3834} INFO - Setting next_dagrun for dataset_consumes_1_never_scheduled to None, run_after=None
[2026-05-17T21:02:43.935+0000] {logging_mixin.py:188} INFO - [2026-05-17T21:02:43.934+0000] {dag.py:3834} INFO - Setting next_dagrun for dataset_consumes_unknown_never_scheduled to None, run_after=None
[2026-05-17T21:02:43.942+0000] {logging_mixin.py:188} INFO - [2026-05-17T21:02:43.938+0000] {dag.py:3834} INFO - Setting next_dagrun for dataset_produces_1 to 2026-05-16 00:00:00+00:00, run_after=2026-05-17 00:00:00+00:00
[2026-05-17T21:02:43.949+0000] {logging_mixin.py:188} INFO - [2026-05-17T21:02:43.949+0000] {dag.py:3834} INFO - Setting next_dagrun for dataset_produces_2 to None, run_after=None
[2026-05-17T21:02:44.016+0000] {processor.py:183} INFO - Processing /home/airflow/.local/lib/python3.8/site-packages/airflow/example_dags/example_datasets.py took 0.295 seconds
[2026-05-17T21:03:14.722+0000] {processor.py:161} INFO - Started process (PID=798) to work on /home/airflow/.local/lib/python3.8/site-packages/airflow/example_dags/example_datasets.py
[2026-05-17T21:03:14.724+0000] {processor.py:830} INFO - Processing file /home/airflow/.local/lib/python3.8/site-packages/airflow/example_dags/example_datasets.py for tasks to queue
[2026-05-17T21:03:14.725+0000] {logging_mixin.py:188} INFO - [2026-05-17T21:03:14.725+0000] {dagbag.py:540} INFO - Filling up the DagBag from /home/airflow/.local/lib/python3.8/site-packages/airflow/example_dags/example_datasets.py
[2026-05-17T21:03:14.733+0000] {processor.py:840} INFO - DAG(s) 'dataset_produces_1', 'dataset_consumes_1_and_2', 'dataset_consumes_1', 'dataset_produces_2', 'dataset_consumes_1_never_scheduled', 'dataset_consumes_unknown_never_scheduled' retrieved from /home/airflow/.local/lib/python3.8/site-packages/airflow/example_dags/example_datasets.py
[2026-05-17T21:03:14.772+0000] {logging_mixin.py:188} INFO - [2026-05-17T21:03:14.771+0000] {dag.py:3047} INFO - Sync 6 DAGs
[2026-05-17T21:03:14.793+0000] {logging_mixin.py:188} INFO - [2026-05-17T21:03:14.793+0000] {dag.py:3834} INFO - Setting next_dagrun for dataset_consumes_1 to None, run_after=None
[2026-05-17T21:03:14.796+0000] {logging_mixin.py:188} INFO - [2026-05-17T21:03:14.796+0000] {dag.py:3834} INFO - Setting next_dagrun for dataset_consumes_1_and_2 to None, run_after=None
[2026-05-17T21:03:14.798+0000] {logging_mixin.py:188} INFO - [2026-05-17T21:03:14.798+0000] {dag.py:3834} INFO - Setting next_dagrun for dataset_consumes_1_never_scheduled to None, run_after=None
[2026-05-17T21:03:14.800+0000] {logging_mixin.py:188} INFO - [2026-05-17T21:03:14.800+0000] {dag.py:3834} INFO - Setting next_dagrun for dataset_consumes_unknown_never_scheduled to None, run_after=None
[2026-05-17T21:03:14.802+0000] {logging_mixin.py:188} INFO - [2026-05-17T21:03:14.802+0000] {dag.py:3834} INFO - Setting next_dagrun for dataset_produces_1 to 2026-05-16 00:00:00+00:00, run_after=2026-05-17 00:00:00+00:00
[2026-05-17T21:03:14.805+0000] {logging_mixin.py:188} INFO - [2026-05-17T21:03:14.804+0000] {dag.py:3834} INFO - Setting next_dagrun for dataset_produces_2 to None, run_after=None
[2026-05-17T21:03:14.832+0000] {processor.py:183} INFO - Processing /home/airflow/.local/lib/python3.8/site-packages/airflow/example_dags/example_datasets.py took 0.113 seconds
[2026-05-17T21:03:45.593+0000] {processor.py:161} INFO - Started process (PID=853) to work on /home/airflow/.local/lib/python3.8/site-packages/airflow/example_dags/example_datasets.py
[2026-05-17T21:03:45.594+0000] {processor.py:830} INFO - Processing file /home/airflow/.local/lib/python3.8/site-packages/airflow/example_dags/example_datasets.py for tasks to queue
[2026-05-17T21:03:45.596+0000] {logging_mixin.py:188} INFO - [2026-05-17T21:03:45.596+0000] {dagbag.py:540} INFO - Filling up the DagBag from /home/airflow/.local/lib/python3.8/site-packages/airflow/example_dags/example_datasets.py
[2026-05-17T21:03:45.607+0000] {processor.py:840} INFO - DAG(s) 'dataset_consumes_1_never_scheduled', 'dataset_consumes_1', 'dataset_produces_1', 'dataset_consumes_unknown_never_scheduled', 'dataset_produces_2', 'dataset_consumes_1_and_2' retrieved from /home/airflow/.local/lib/python3.8/site-packages/airflow/example_dags/example_datasets.py
[2026-05-17T21:03:45.641+0000] {logging_mixin.py:188} INFO - [2026-05-17T21:03:45.640+0000] {dag.py:3047} INFO - Sync 6 DAGs
[2026-05-17T21:03:45.664+0000] {logging_mixin.py:188} INFO - [2026-05-17T21:03:45.663+0000] {dag.py:3834} INFO - Setting next_dagrun for dataset_consumes_1 to None, run_after=None
[2026-05-17T21:03:45.667+0000] {logging_mixin.py:188} INFO - [2026-05-17T21:03:45.667+0000] {dag.py:3834} INFO - Setting next_dagrun for dataset_consumes_1_and_2 to None, run_after=None
[2026-05-17T21:03:45.669+0000] {logging_mixin.py:188} INFO - [2026-05-17T21:03:45.669+0000] {dag.py:3834} INFO - Setting next_dagrun for dataset_consumes_1_never_scheduled to None, run_after=None
[2026-05-17T21:03:45.670+0000] {logging_mixin.py:188} INFO - [2026-05-17T21:03:45.670+0000] {dag.py:3834} INFO - Setting next_dagrun for dataset_consumes_unknown_never_scheduled to None, run_after=None
[2026-05-17T21:03:45.673+0000] {logging_mixin.py:188} INFO - [2026-05-17T21:03:45.673+0000] {dag.py:3834} INFO - Setting next_dagrun for dataset_produces_1 to 2026-05-16 00:00:00+00:00, run_after=2026-05-17 00:00:00+00:00
[2026-05-17T21:03:45.675+0000] {logging_mixin.py:188} INFO - [2026-05-17T21:03:45.675+0000] {dag.py:3834} INFO - Setting next_dagrun for dataset_produces_2 to None, run_after=None
[2026-05-17T21:03:45.705+0000] {processor.py:183} INFO - Processing /home/airflow/.local/lib/python3.8/site-packages/airflow/example_dags/example_datasets.py took 0.115 seconds
[2026-05-17T21:04:15.924+0000] {processor.py:161} INFO - Started process (PID=908) to work on /home/airflow/.local/lib/python3.8/site-packages/airflow/example_dags/example_datasets.py
[2026-05-17T21:04:15.925+0000] {processor.py:830} INFO - Processing file /home/airflow/.local/lib/python3.8/site-packages/airflow/example_dags/example_datasets.py for tasks to queue
[2026-05-17T21:04:15.927+0000] {logging_mixin.py:188} INFO - [2026-05-17T21:04:15.927+0000] {dagbag.py:540} INFO - Filling up the DagBag from /home/airflow/.local/lib/python3.8/site-packages/airflow/example_dags/example_datasets.py
[2026-05-17T21:04:15.936+0000] {processor.py:840} INFO - DAG(s) 'dataset_consumes_unknown_never_scheduled', 'dataset_consumes_1_and_2', 'dataset_produces_1', 'dataset_consumes_1', 'dataset_produces_2', 'dataset_consumes_1_never_scheduled' retrieved from /home/airflow/.local/lib/python3.8/site-packages/airflow/example_dags/example_datasets.py
[2026-05-17T21:04:15.982+0000] {logging_mixin.py:188} INFO - [2026-05-17T21:04:15.982+0000] {dag.py:3047} INFO - Sync 6 DAGs
[2026-05-17T21:04:16.029+0000] {logging_mixin.py:188} INFO - [2026-05-17T21:04:16.029+0000] {dag.py:3834} INFO - Setting next_dagrun for dataset_consumes_1 to None, run_after=None
[2026-05-17T21:04:16.038+0000] {logging_mixin.py:188} INFO - [2026-05-17T21:04:16.038+0000] {dag.py:3834} INFO - Setting next_dagrun for dataset_consumes_1_and_2 to None, run_after=None
[2026-05-17T21:04:16.042+0000] {logging_mixin.py:188} INFO - [2026-05-17T21:04:16.041+0000] {dag.py:3834} INFO - Setting next_dagrun for dataset_consumes_1_never_scheduled to None, run_after=None
[2026-05-17T21:04:16.043+0000] {logging_mixin.py:188} INFO - [2026-05-17T21:04:16.043+0000] {dag.py:3834} INFO - Setting next_dagrun for dataset_consumes_unknown_never_scheduled to None, run_after=None
[2026-05-17T21:04:16.047+0000] {logging_mixin.py:188} INFO - [2026-05-17T21:04:16.046+0000] {dag.py:3834} INFO - Setting next_dagrun for dataset_produces_1 to 2026-05-16 00:00:00+00:00, run_after=2026-05-17 00:00:00+00:00
[2026-05-17T21:04:16.054+0000] {logging_mixin.py:188} INFO - [2026-05-17T21:04:16.054+0000] {dag.py:3834} INFO - Setting next_dagrun for dataset_produces_2 to None, run_after=None
[2026-05-17T21:04:16.113+0000] {processor.py:183} INFO - Processing /home/airflow/.local/lib/python3.8/site-packages/airflow/example_dags/example_datasets.py took 0.191 seconds
[2026-05-17T21:04:46.239+0000] {processor.py:161} INFO - Started process (PID=964) to work on /home/airflow/.local/lib/python3.8/site-packages/airflow/example_dags/example_datasets.py
[2026-05-17T21:04:46.241+0000] {processor.py:830} INFO - Processing file /home/airflow/.local/lib/python3.8/site-packages/airflow/example_dags/example_datasets.py for tasks to queue
[2026-05-17T21:04:46.243+0000] {logging_mixin.py:188} INFO - [2026-05-17T21:04:46.243+0000] {dagbag.py:540} INFO - Filling up the DagBag from /home/airflow/.local/lib/python3.8/site-packages/airflow/example_dags/example_datasets.py
[2026-05-17T21:04:46.252+0000] {processor.py:840} INFO - DAG(s) 'dataset_consumes_1', 'dataset_consumes_1_and_2', 'dataset_produces_2', 'dataset_consumes_unknown_never_scheduled', 'dataset_consumes_1_never_scheduled', 'dataset_produces_1' retrieved from /home/airflow/.local/lib/python3.8/site-packages/airflow/example_dags/example_datasets.py
[2026-05-17T21:04:46.283+0000] {logging_mixin.py:188} INFO - [2026-05-17T21:04:46.283+0000] {dag.py:3047} INFO - Sync 6 DAGs
[2026-05-17T21:04:46.303+0000] {logging_mixin.py:188} INFO - [2026-05-17T21:04:46.303+0000] {dag.py:3834} INFO - Setting next_dagrun for dataset_consumes_1 to None, run_after=None
[2026-05-17T21:04:46.306+0000] {logging_mixin.py:188} INFO - [2026-05-17T21:04:46.306+0000] {dag.py:3834} INFO - Setting next_dagrun for dataset_consumes_1_and_2 to None, run_after=None
[2026-05-17T21:04:46.308+0000] {logging_mixin.py:188} INFO - [2026-05-17T21:04:46.307+0000] {dag.py:3834} INFO - Setting next_dagrun for dataset_consumes_1_never_scheduled to None, run_after=None
[2026-05-17T21:04:46.309+0000] {logging_mixin.py:188} INFO - [2026-05-17T21:04:46.309+0000] {dag.py:3834} INFO - Setting next_dagrun for dataset_consumes_unknown_never_scheduled to None, run_after=None
[2026-05-17T21:04:46.313+0000] {logging_mixin.py:188} INFO - [2026-05-17T21:04:46.312+0000] {dag.py:3834} INFO - Setting next_dagrun for dataset_produces_1 to 2026-05-16 00:00:00+00:00, run_after=2026-05-17 00:00:00+00:00
[2026-05-17T21:04:46.314+0000] {logging_mixin.py:188} INFO - [2026-05-17T21:04:46.314+0000] {dag.py:3834} INFO - Setting next_dagrun for dataset_produces_2 to None, run_after=None
[2026-05-17T21:04:46.342+0000] {processor.py:183} INFO - Processing /home/airflow/.local/lib/python3.8/site-packages/airflow/example_dags/example_datasets.py took 0.106 seconds
[2026-05-17T21:05:16.672+0000] {processor.py:161} INFO - Started process (PID=1018) to work on /home/airflow/.local/lib/python3.8/site-packages/airflow/example_dags/example_datasets.py
[2026-05-17T21:05:16.674+0000] {processor.py:830} INFO - Processing file /home/airflow/.local/lib/python3.8/site-packages/airflow/example_dags/example_datasets.py for tasks to queue
[2026-05-17T21:05:16.676+0000] {logging_mixin.py:188} INFO - [2026-05-17T21:05:16.676+0000] {dagbag.py:540} INFO - Filling up the DagBag from /home/airflow/.local/lib/python3.8/site-packages/airflow/example_dags/example_datasets.py
[2026-05-17T21:05:16.690+0000] {processor.py:840} INFO - DAG(s) 'dataset_consumes_1_never_scheduled', 'dataset_produces_2', 'dataset_consumes_1', 'dataset_consumes_unknown_never_scheduled', 'dataset_produces_1', 'dataset_consumes_1_and_2' retrieved from /home/airflow/.local/lib/python3.8/site-packages/airflow/example_dags/example_datasets.py
[2026-05-17T21:05:16.726+0000] {logging_mixin.py:188} INFO - [2026-05-17T21:05:16.725+0000] {dag.py:3047} INFO - Sync 6 DAGs
[2026-05-17T21:05:16.748+0000] {logging_mixin.py:188} INFO - [2026-05-17T21:05:16.748+0000] {dag.py:3834} INFO - Setting next_dagrun for dataset_consumes_1 to None, run_after=None
[2026-05-17T21:05:16.751+0000] {logging_mixin.py:188} INFO - [2026-05-17T21:05:16.751+0000] {dag.py:3834} INFO - Setting next_dagrun for dataset_consumes_1_and_2 to None, run_after=None
[2026-05-17T21:05:16.753+0000] {logging_mixin.py:188} INFO - [2026-05-17T21:05:16.752+0000] {dag.py:3834} INFO - Setting next_dagrun for dataset_consumes_1_never_scheduled to None, run_after=None
[2026-05-17T21:05:16.754+0000] {logging_mixin.py:188} INFO - [2026-05-17T21:05:16.754+0000] {dag.py:3834} INFO - Setting next_dagrun for dataset_consumes_unknown_never_scheduled to None, run_after=None
[2026-05-17T21:05:16.756+0000] {logging_mixin.py:188} INFO - [2026-05-17T21:05:16.756+0000] {dag.py:3834} INFO - Setting next_dagrun for dataset_produces_1 to 2026-05-16 00:00:00+00:00, run_after=2026-05-17 00:00:00+00:00
[2026-05-17T21:05:16.758+0000] {logging_mixin.py:188} INFO - [2026-05-17T21:05:16.758+0000] {dag.py:3834} INFO - Setting next_dagrun for dataset_produces_2 to None, run_after=None
[2026-05-17T21:05:16.786+0000] {processor.py:183} INFO - Processing /home/airflow/.local/lib/python3.8/site-packages/airflow/example_dags/example_datasets.py took 0.117 seconds
[2026-05-17T21:05:47.403+0000] {processor.py:161} INFO - Started process (PID=1073) to work on /home/airflow/.local/lib/python3.8/site-packages/airflow/example_dags/example_datasets.py
[2026-05-17T21:05:47.406+0000] {processor.py:830} INFO - Processing file /home/airflow/.local/lib/python3.8/site-packages/airflow/example_dags/example_datasets.py for tasks to queue
[2026-05-17T21:05:47.412+0000] {logging_mixin.py:188} INFO - [2026-05-17T21:05:47.411+0000] {dagbag.py:540} INFO - Filling up the DagBag from /home/airflow/.local/lib/python3.8/site-packages/airflow/example_dags/example_datasets.py
[2026-05-17T21:05:47.440+0000] {processor.py:840} INFO - DAG(s) 'dataset_produces_1', 'dataset_consumes_unknown_never_scheduled', 'dataset_consumes_1', 'dataset_consumes_1_and_2', 'dataset_consumes_1_never_scheduled', 'dataset_produces_2' retrieved from /home/airflow/.local/lib/python3.8/site-packages/airflow/example_dags/example_datasets.py
[2026-05-17T21:05:47.547+0000] {logging_mixin.py:188} INFO - [2026-05-17T21:05:47.547+0000] {dag.py:3047} INFO - Sync 6 DAGs
[2026-05-17T21:05:47.595+0000] {logging_mixin.py:188} INFO - [2026-05-17T21:05:47.594+0000] {dag.py:3834} INFO - Setting next_dagrun for dataset_consumes_1 to None, run_after=None
[2026-05-17T21:05:47.609+0000] {logging_mixin.py:188} INFO - [2026-05-17T21:05:47.608+0000] {dag.py:3834} INFO - Setting next_dagrun for dataset_consumes_1_and_2 to None, run_after=None
[2026-05-17T21:05:47.613+0000] {logging_mixin.py:188} INFO - [2026-05-17T21:05:47.612+0000] {dag.py:3834} INFO - Setting next_dagrun for dataset_consumes_1_never_scheduled to None, run_after=None
[2026-05-17T21:05:47.622+0000] {logging_mixin.py:188} INFO - [2026-05-17T21:05:47.621+0000] {dag.py:3834} INFO - Setting next_dagrun for dataset_consumes_unknown_never_scheduled to None, run_after=None
[2026-05-17T21:05:47.630+0000] {logging_mixin.py:188} INFO - [2026-05-17T21:05:47.630+0000] {dag.py:3834} INFO - Setting next_dagrun for dataset_produces_1 to 2026-05-16 00:00:00+00:00, run_after=2026-05-17 00:00:00+00:00
[2026-05-17T21:05:47.640+0000] {logging_mixin.py:188} INFO - [2026-05-17T21:05:47.639+0000] {dag.py:3834} INFO - Setting next_dagrun for dataset_produces_2 to None, run_after=None
[2026-05-17T21:05:47.735+0000] {processor.py:183} INFO - Processing /home/airflow/.local/lib/python3.8/site-packages/airflow/example_dags/example_datasets.py took 0.340 seconds
[2026-05-17T21:06:18.411+0000] {processor.py:161} INFO - Started process (PID=1128) to work on /home/airflow/.local/lib/python3.8/site-packages/airflow/example_dags/example_datasets.py
[2026-05-17T21:06:18.413+0000] {processor.py:830} INFO - Processing file /home/airflow/.local/lib/python3.8/site-packages/airflow/example_dags/example_datasets.py for tasks to queue
[2026-05-17T21:06:18.416+0000] {logging_mixin.py:188} INFO - [2026-05-17T21:06:18.416+0000] {dagbag.py:540} INFO - Filling up the DagBag from /home/airflow/.local/lib/python3.8/site-packages/airflow/example_dags/example_datasets.py
[2026-05-17T21:06:18.427+0000] {processor.py:840} INFO - DAG(s) 'dataset_produces_2', 'dataset_consumes_1_never_scheduled', 'dataset_consumes_1', 'dataset_consumes_unknown_never_scheduled', 'dataset_produces_1', 'dataset_consumes_1_and_2' retrieved from /home/airflow/.local/lib/python3.8/site-packages/airflow/example_dags/example_datasets.py
[2026-05-17T21:06:18.477+0000] {logging_mixin.py:188} INFO - [2026-05-17T21:06:18.476+0000] {dag.py:3047} INFO - Sync 6 DAGs
[2026-05-17T21:06:18.501+0000] {logging_mixin.py:188} INFO - [2026-05-17T21:06:18.501+0000] {dag.py:3834} INFO - Setting next_dagrun for dataset_consumes_1 to None, run_after=None
[2026-05-17T21:06:18.505+0000] {logging_mixin.py:188} INFO - [2026-05-17T21:06:18.505+0000] {dag.py:3834} INFO - Setting next_dagrun for dataset_consumes_1_and_2 to None, run_after=None
[2026-05-17T21:06:18.507+0000] {logging_mixin.py:188} INFO - [2026-05-17T21:06:18.507+0000] {dag.py:3834} INFO - Setting next_dagrun for dataset_consumes_1_never_scheduled to None, run_after=None
[2026-05-17T21:06:18.509+0000] {logging_mixin.py:188} INFO - [2026-05-17T21:06:18.509+0000] {dag.py:3834} INFO - Setting next_dagrun for dataset_consumes_unknown_never_scheduled to None, run_after=None
[2026-05-17T21:06:18.512+0000] {logging_mixin.py:188} INFO - [2026-05-17T21:06:18.512+0000] {dag.py:3834} INFO - Setting next_dagrun for dataset_produces_1 to 2026-05-16 00:00:00+00:00, run_after=2026-05-17 00:00:00+00:00
[2026-05-17T21:06:18.515+0000] {logging_mixin.py:188} INFO - [2026-05-17T21:06:18.515+0000] {dag.py:3834} INFO - Setting next_dagrun for dataset_produces_2 to None, run_after=None
[2026-05-17T21:06:18.562+0000] {processor.py:183} INFO - Processing /home/airflow/.local/lib/python3.8/site-packages/airflow/example_dags/example_datasets.py took 0.156 seconds
[2026-05-17T21:06:48.826+0000] {processor.py:161} INFO - Started process (PID=1183) to work on /home/airflow/.local/lib/python3.8/site-packages/airflow/example_dags/example_datasets.py
[2026-05-17T21:06:48.829+0000] {processor.py:830} INFO - Processing file /home/airflow/.local/lib/python3.8/site-packages/airflow/example_dags/example_datasets.py for tasks to queue
[2026-05-17T21:06:48.836+0000] {logging_mixin.py:188} INFO - [2026-05-17T21:06:48.835+0000] {dagbag.py:540} INFO - Filling up the DagBag from /home/airflow/.local/lib/python3.8/site-packages/airflow/example_dags/example_datasets.py
[2026-05-17T21:06:48.850+0000] {processor.py:840} INFO - DAG(s) 'dataset_consumes_1', 'dataset_produces_2', 'dataset_consumes_1_never_scheduled', 'dataset_consumes_unknown_never_scheduled', 'dataset_produces_1', 'dataset_consumes_1_and_2' retrieved from /home/airflow/.local/lib/python3.8/site-packages/airflow/example_dags/example_datasets.py
[2026-05-17T21:06:48.894+0000] {logging_mixin.py:188} INFO - [2026-05-17T21:06:48.893+0000] {dag.py:3047} INFO - Sync 6 DAGs
[2026-05-17T21:06:48.925+0000] {logging_mixin.py:188} INFO - [2026-05-17T21:06:48.925+0000] {dag.py:3834} INFO - Setting next_dagrun for dataset_consumes_1 to None, run_after=None
[2026-05-17T21:06:48.939+0000] {logging_mixin.py:188} INFO - [2026-05-17T21:06:48.938+0000] {dag.py:3834} INFO - Setting next_dagrun for dataset_consumes_1_and_2 to None, run_after=None
[2026-05-17T21:06:48.941+0000] {logging_mixin.py:188} INFO - [2026-05-17T21:06:48.941+0000] {dag.py:3834} INFO - Setting next_dagrun for dataset_consumes_1_never_scheduled to None, run_after=None
[2026-05-17T21:06:48.943+0000] {logging_mixin.py:188} INFO - [2026-05-17T21:06:48.943+0000] {dag.py:3834} INFO - Setting next_dagrun for dataset_consumes_unknown_never_scheduled to None, run_after=None
[2026-05-17T21:06:48.956+0000] {logging_mixin.py:188} INFO - [2026-05-17T21:06:48.955+0000] {dag.py:3834} INFO - Setting next_dagrun for dataset_produces_1 to 2026-05-16 00:00:00+00:00, run_after=2026-05-17 00:00:00+00:00
[2026-05-17T21:06:48.960+0000] {logging_mixin.py:188} INFO - [2026-05-17T21:06:48.959+0000] {dag.py:3834} INFO - Setting next_dagrun for dataset_produces_2 to None, run_after=None
[2026-05-17T21:06:49.018+0000] {processor.py:183} INFO - Processing /home/airflow/.local/lib/python3.8/site-packages/airflow/example_dags/example_datasets.py took 0.196 seconds
[2026-05-17T21:07:19.254+0000] {processor.py:161} INFO - Started process (PID=1238) to work on /home/airflow/.local/lib/python3.8/site-packages/airflow/example_dags/example_datasets.py
[2026-05-17T21:07:19.256+0000] {processor.py:830} INFO - Processing file /home/airflow/.local/lib/python3.8/site-packages/airflow/example_dags/example_datasets.py for tasks to queue
[2026-05-17T21:07:19.261+0000] {logging_mixin.py:188} INFO - [2026-05-17T21:07:19.261+0000] {dagbag.py:540} INFO - Filling up the DagBag from /home/airflow/.local/lib/python3.8/site-packages/airflow/example_dags/example_datasets.py
[2026-05-17T21:07:19.297+0000] {processor.py:840} INFO - DAG(s) 'dataset_produces_2', 'dataset_produces_1', 'dataset_consumes_1', 'dataset_consumes_1_never_scheduled', 'dataset_consumes_unknown_never_scheduled', 'dataset_consumes_1_and_2' retrieved from /home/airflow/.local/lib/python3.8/site-packages/airflow/example_dags/example_datasets.py
[2026-05-17T21:07:19.347+0000] {logging_mixin.py:188} INFO - [2026-05-17T21:07:19.347+0000] {dag.py:3047} INFO - Sync 6 DAGs
[2026-05-17T21:07:19.418+0000] {logging_mixin.py:188} INFO - [2026-05-17T21:07:19.418+0000] {dag.py:3834} INFO - Setting next_dagrun for dataset_consumes_1 to None, run_after=None
[2026-05-17T21:07:19.431+0000] {logging_mixin.py:188} INFO - [2026-05-17T21:07:19.431+0000] {dag.py:3834} INFO - Setting next_dagrun for dataset_consumes_1_and_2 to None, run_after=None
[2026-05-17T21:07:19.436+0000] {logging_mixin.py:188} INFO - [2026-05-17T21:07:19.435+0000] {dag.py:3834} INFO - Setting next_dagrun for dataset_consumes_1_never_scheduled to None, run_after=None
[2026-05-17T21:07:19.439+0000] {logging_mixin.py:188} INFO - [2026-05-17T21:07:19.439+0000] {dag.py:3834} INFO - Setting next_dagrun for dataset_consumes_unknown_never_scheduled to None, run_after=None
[2026-05-17T21:07:19.450+0000] {logging_mixin.py:188} INFO - [2026-05-17T21:07:19.450+0000] {dag.py:3834} INFO - Setting next_dagrun for dataset_produces_1 to 2026-05-16 00:00:00+00:00, run_after=2026-05-17 00:00:00+00:00
[2026-05-17T21:07:19.454+0000] {logging_mixin.py:188} INFO - [2026-05-17T21:07:19.454+0000] {dag.py:3834} INFO - Setting next_dagrun for dataset_produces_2 to None, run_after=None
[2026-05-17T21:07:19.543+0000] {processor.py:183} INFO - Processing /home/airflow/.local/lib/python3.8/site-packages/airflow/example_dags/example_datasets.py took 0.295 seconds
[2026-05-17T21:07:49.814+0000] {processor.py:161} INFO - Started process (PID=1293) to work on /home/airflow/.local/lib/python3.8/site-packages/airflow/example_dags/example_datasets.py
[2026-05-17T21:07:49.815+0000] {processor.py:830} INFO - Processing file /home/airflow/.local/lib/python3.8/site-packages/airflow/example_dags/example_datasets.py for tasks to queue
[2026-05-17T21:07:49.817+0000] {logging_mixin.py:188} INFO - [2026-05-17T21:07:49.817+0000] {dagbag.py:540} INFO - Filling up the DagBag from /home/airflow/.local/lib/python3.8/site-packages/airflow/example_dags/example_datasets.py
[2026-05-17T21:07:49.827+0000] {processor.py:840} INFO - DAG(s) 'dataset_produces_1', 'dataset_produces_2', 'dataset_consumes_unknown_never_scheduled', 'dataset_consumes_1', 'dataset_consumes_1_never_scheduled', 'dataset_consumes_1_and_2' retrieved from /home/airflow/.local/lib/python3.8/site-packages/airflow/example_dags/example_datasets.py
[2026-05-17T21:07:50.047+0000] {logging_mixin.py:188} INFO - [2026-05-17T21:07:50.047+0000] {dag.py:3047} INFO - Sync 6 DAGs
[2026-05-17T21:07:50.081+0000] {logging_mixin.py:188} INFO - [2026-05-17T21:07:50.080+0000] {dag.py:3834} INFO - Setting next_dagrun for dataset_consumes_1 to None, run_after=None
[2026-05-17T21:07:50.090+0000] {logging_mixin.py:188} INFO - [2026-05-17T21:07:50.088+0000] {dag.py:3834} INFO - Setting next_dagrun for dataset_consumes_1_and_2 to None, run_after=None
[2026-05-17T21:07:50.093+0000] {logging_mixin.py:188} INFO - [2026-05-17T21:07:50.093+0000] {dag.py:3834} INFO - Setting next_dagrun for dataset_consumes_1_never_scheduled to None, run_after=None
[2026-05-17T21:07:50.096+0000] {logging_mixin.py:188} INFO - [2026-05-17T21:07:50.096+0000] {dag.py:3834} INFO - Setting next_dagrun for dataset_consumes_unknown_never_scheduled to None, run_after=None
[2026-05-17T21:07:50.102+0000] {logging_mixin.py:188} INFO - [2026-05-17T21:07:50.101+0000] {dag.py:3834} INFO - Setting next_dagrun for dataset_produces_1 to 2026-05-16 00:00:00+00:00, run_after=2026-05-17 00:00:00+00:00
[2026-05-17T21:07:50.106+0000] {logging_mixin.py:188} INFO - [2026-05-17T21:07:50.105+0000] {dag.py:3834} INFO - Setting next_dagrun for dataset_produces_2 to None, run_after=None
[2026-05-17T21:07:50.369+0000] {processor.py:183} INFO - Processing /home/airflow/.local/lib/python3.8/site-packages/airflow/example_dags/example_datasets.py took 0.559 seconds
[2026-05-17T21:08:21.219+0000] {processor.py:161} INFO - Started process (PID=1349) to work on /home/airflow/.local/lib/python3.8/site-packages/airflow/example_dags/example_datasets.py
[2026-05-17T21:08:21.221+0000] {processor.py:830} INFO - Processing file /home/airflow/.local/lib/python3.8/site-packages/airflow/example_dags/example_datasets.py for tasks to queue
[2026-05-17T21:08:21.223+0000] {logging_mixin.py:188} INFO - [2026-05-17T21:08:21.223+0000] {dagbag.py:540} INFO - Filling up the DagBag from /home/airflow/.local/lib/python3.8/site-packages/airflow/example_dags/example_datasets.py
[2026-05-17T21:08:21.230+0000] {processor.py:840} INFO - DAG(s) 'dataset_consumes_1_never_scheduled', 'dataset_produces_2', 'dataset_produces_1', 'dataset_consumes_unknown_never_scheduled', 'dataset_consumes_1', 'dataset_consumes_1_and_2' retrieved from /home/airflow/.local/lib/python3.8/site-packages/airflow/example_dags/example_datasets.py
[2026-05-17T21:08:21.259+0000] {logging_mixin.py:188} INFO - [2026-05-17T21:08:21.258+0000] {dag.py:3047} INFO - Sync 6 DAGs
[2026-05-17T21:08:21.275+0000] {logging_mixin.py:188} INFO - [2026-05-17T21:08:21.275+0000] {dag.py:3834} INFO - Setting next_dagrun for dataset_consumes_1 to None, run_after=None
[2026-05-17T21:08:21.278+0000] {logging_mixin.py:188} INFO - [2026-05-17T21:08:21.278+0000] {dag.py:3834} INFO - Setting next_dagrun for dataset_consumes_1_and_2 to None, run_after=None
[2026-05-17T21:08:21.280+0000] {logging_mixin.py:188} INFO - [2026-05-17T21:08:21.280+0000] {dag.py:3834} INFO - Setting next_dagrun for dataset_consumes_1_never_scheduled to None, run_after=None
[2026-05-17T21:08:21.281+0000] {logging_mixin.py:188} INFO - [2026-05-17T21:08:21.281+0000] {dag.py:3834} INFO - Setting next_dagrun for dataset_consumes_unknown_never_scheduled to None, run_after=None
[2026-05-17T21:08:21.284+0000] {logging_mixin.py:188} INFO - [2026-05-17T21:08:21.284+0000] {dag.py:3834} INFO - Setting next_dagrun for dataset_produces_1 to 2026-05-16 00:00:00+00:00, run_after=2026-05-17 00:00:00+00:00
[2026-05-17T21:08:21.286+0000] {logging_mixin.py:188} INFO - [2026-05-17T21:08:21.286+0000] {dag.py:3834} INFO - Setting next_dagrun for dataset_produces_2 to None, run_after=None
[2026-05-17T21:08:21.313+0000] {processor.py:183} INFO - Processing /home/airflow/.local/lib/python3.8/site-packages/airflow/example_dags/example_datasets.py took 0.097 seconds
[2026-05-17T21:08:51.655+0000] {processor.py:161} INFO - Started process (PID=1404) to work on /home/airflow/.local/lib/python3.8/site-packages/airflow/example_dags/example_datasets.py
[2026-05-17T21:08:51.657+0000] {processor.py:830} INFO - Processing file /home/airflow/.local/lib/python3.8/site-packages/airflow/example_dags/example_datasets.py for tasks to queue
[2026-05-17T21:08:51.661+0000] {logging_mixin.py:188} INFO - [2026-05-17T21:08:51.660+0000] {dagbag.py:540} INFO - Filling up the DagBag from /home/airflow/.local/lib/python3.8/site-packages/airflow/example_dags/example_datasets.py
[2026-05-17T21:08:51.679+0000] {processor.py:840} INFO - DAG(s) 'dataset_produces_1', 'dataset_consumes_1_and_2', 'dataset_consumes_1_never_scheduled', 'dataset_consumes_unknown_never_scheduled', 'dataset_produces_2', 'dataset_consumes_1' retrieved from /home/airflow/.local/lib/python3.8/site-packages/airflow/example_dags/example_datasets.py
[2026-05-17T21:08:51.763+0000] {logging_mixin.py:188} INFO - [2026-05-17T21:08:51.762+0000] {dag.py:3047} INFO - Sync 6 DAGs
[2026-05-17T21:08:51.802+0000] {logging_mixin.py:188} INFO - [2026-05-17T21:08:51.802+0000] {dag.py:3834} INFO - Setting next_dagrun for dataset_consumes_1 to None, run_after=None
[2026-05-17T21:08:51.809+0000] {logging_mixin.py:188} INFO - [2026-05-17T21:08:51.808+0000] {dag.py:3834} INFO - Setting next_dagrun for dataset_consumes_1_and_2 to None, run_after=None
[2026-05-17T21:08:51.813+0000] {logging_mixin.py:188} INFO - [2026-05-17T21:08:51.813+0000] {dag.py:3834} INFO - Setting next_dagrun for dataset_consumes_1_never_scheduled to None, run_after=None
[2026-05-17T21:08:51.818+0000] {logging_mixin.py:188} INFO - [2026-05-17T21:08:51.818+0000] {dag.py:3834} INFO - Setting next_dagrun for dataset_consumes_unknown_never_scheduled to None, run_after=None
[2026-05-17T21:08:51.823+0000] {logging_mixin.py:188} INFO - [2026-05-17T21:08:51.822+0000] {dag.py:3834} INFO - Setting next_dagrun for dataset_produces_1 to 2026-05-16 00:00:00+00:00, run_after=2026-05-17 00:00:00+00:00
[2026-05-17T21:08:51.826+0000] {logging_mixin.py:188} INFO - [2026-05-17T21:08:51.826+0000] {dag.py:3834} INFO - Setting next_dagrun for dataset_produces_2 to None, run_after=None
[2026-05-17T21:08:51.891+0000] {processor.py:183} INFO - Processing /home/airflow/.local/lib/python3.8/site-packages/airflow/example_dags/example_datasets.py took 0.241 seconds
[2026-05-17T21:09:21.965+0000] {processor.py:161} INFO - Started process (PID=1460) to work on /home/airflow/.local/lib/python3.8/site-packages/airflow/example_dags/example_datasets.py
[2026-05-17T21:09:21.970+0000] {processor.py:830} INFO - Processing file /home/airflow/.local/lib/python3.8/site-packages/airflow/example_dags/example_datasets.py for tasks to queue
[2026-05-17T21:09:21.972+0000] {logging_mixin.py:188} INFO - [2026-05-17T21:09:21.972+0000] {dagbag.py:540} INFO - Filling up the DagBag from /home/airflow/.local/lib/python3.8/site-packages/airflow/example_dags/example_datasets.py
[2026-05-17T21:09:21.985+0000] {processor.py:840} INFO - DAG(s) 'dataset_consumes_1', 'dataset_produces_1', 'dataset_consumes_unknown_never_scheduled', 'dataset_consumes_1_and_2', 'dataset_produces_2', 'dataset_consumes_1_never_scheduled' retrieved from /home/airflow/.local/lib/python3.8/site-packages/airflow/example_dags/example_datasets.py
[2026-05-17T21:09:22.018+0000] {logging_mixin.py:188} INFO - [2026-05-17T21:09:22.018+0000] {dag.py:3047} INFO - Sync 6 DAGs
[2026-05-17T21:09:22.038+0000] {logging_mixin.py:188} INFO - [2026-05-17T21:09:22.038+0000] {dag.py:3834} INFO - Setting next_dagrun for dataset_consumes_1 to None, run_after=None
[2026-05-17T21:09:22.045+0000] {logging_mixin.py:188} INFO - [2026-05-17T21:09:22.044+0000] {dag.py:3834} INFO - Setting next_dagrun for dataset_consumes_1_and_2 to None, run_after=None
[2026-05-17T21:09:22.048+0000] {logging_mixin.py:188} INFO - [2026-05-17T21:09:22.048+0000] {dag.py:3834} INFO - Setting next_dagrun for dataset_consumes_1_never_scheduled to None, run_after=None
[2026-05-17T21:09:22.051+0000] {logging_mixin.py:188} INFO - [2026-05-17T21:09:22.051+0000] {dag.py:3834} INFO - Setting next_dagrun for dataset_consumes_unknown_never_scheduled to None, run_after=None
[2026-05-17T21:09:22.056+0000] {logging_mixin.py:188} INFO - [2026-05-17T21:09:22.055+0000] {dag.py:3834} INFO - Setting next_dagrun for dataset_produces_1 to 2026-05-16 00:00:00+00:00, run_after=2026-05-17 00:00:00+00:00
[2026-05-17T21:09:22.058+0000] {logging_mixin.py:188} INFO - [2026-05-17T21:09:22.058+0000] {dag.py:3834} INFO - Setting next_dagrun for dataset_produces_2 to None, run_after=None
[2026-05-17T21:09:22.122+0000] {processor.py:183} INFO - Processing /home/airflow/.local/lib/python3.8/site-packages/airflow/example_dags/example_datasets.py took 0.162 seconds
[2026-05-17T21:09:52.209+0000] {processor.py:161} INFO - Started process (PID=1514) to work on /home/airflow/.local/lib/python3.8/site-packages/airflow/example_dags/example_datasets.py
[2026-05-17T21:09:52.210+0000] {processor.py:830} INFO - Processing file /home/airflow/.local/lib/python3.8/site-packages/airflow/example_dags/example_datasets.py for tasks to queue
[2026-05-17T21:09:52.212+0000] {logging_mixin.py:188} INFO - [2026-05-17T21:09:52.211+0000] {dagbag.py:540} INFO - Filling up the DagBag from /home/airflow/.local/lib/python3.8/site-packages/airflow/example_dags/example_datasets.py
[2026-05-17T21:09:52.220+0000] {processor.py:840} INFO - DAG(s) 'dataset_produces_2', 'dataset_produces_1', 'dataset_consumes_unknown_never_scheduled', 'dataset_consumes_1_never_scheduled', 'dataset_consumes_1_and_2', 'dataset_consumes_1' retrieved from /home/airflow/.local/lib/python3.8/site-packages/airflow/example_dags/example_datasets.py
[2026-05-17T21:09:52.249+0000] {logging_mixin.py:188} INFO - [2026-05-17T21:09:52.249+0000] {dag.py:3047} INFO - Sync 6 DAGs
[2026-05-17T21:09:52.265+0000] {logging_mixin.py:188} INFO - [2026-05-17T21:09:52.265+0000] {dag.py:3834} INFO - Setting next_dagrun for dataset_consumes_1 to None, run_after=None
[2026-05-17T21:09:52.269+0000] {logging_mixin.py:188} INFO - [2026-05-17T21:09:52.269+0000] {dag.py:3834} INFO - Setting next_dagrun for dataset_consumes_1_and_2 to None, run_after=None
[2026-05-17T21:09:52.270+0000] {logging_mixin.py:188} INFO - [2026-05-17T21:09:52.270+0000] {dag.py:3834} INFO - Setting next_dagrun for dataset_consumes_1_never_scheduled to None, run_after=None
[2026-05-17T21:09:52.272+0000] {logging_mixin.py:188} INFO - [2026-05-17T21:09:52.272+0000] {dag.py:3834} INFO - Setting next_dagrun for dataset_consumes_unknown_never_scheduled to None, run_after=None
[2026-05-17T21:09:52.274+0000] {logging_mixin.py:188} INFO - [2026-05-17T21:09:52.274+0000] {dag.py:3834} INFO - Setting next_dagrun for dataset_produces_1 to 2026-05-16 00:00:00+00:00, run_after=2026-05-17 00:00:00+00:00
[2026-05-17T21:09:52.275+0000] {logging_mixin.py:188} INFO - [2026-05-17T21:09:52.275+0000] {dag.py:3834} INFO - Setting next_dagrun for dataset_produces_2 to None, run_after=None
[2026-05-17T21:09:52.304+0000] {processor.py:183} INFO - Processing /home/airflow/.local/lib/python3.8/site-packages/airflow/example_dags/example_datasets.py took 0.098 seconds
[2026-05-17T21:10:22.412+0000] {processor.py:161} INFO - Started process (PID=1570) to work on /home/airflow/.local/lib/python3.8/site-packages/airflow/example_dags/example_datasets.py
[2026-05-17T21:10:22.413+0000] {processor.py:830} INFO - Processing file /home/airflow/.local/lib/python3.8/site-packages/airflow/example_dags/example_datasets.py for tasks to queue
[2026-05-17T21:10:22.415+0000] {logging_mixin.py:188} INFO - [2026-05-17T21:10:22.415+0000] {dagbag.py:540} INFO - Filling up the DagBag from /home/airflow/.local/lib/python3.8/site-packages/airflow/example_dags/example_datasets.py
[2026-05-17T21:10:22.429+0000] {processor.py:840} INFO - DAG(s) 'dataset_consumes_1_never_scheduled', 'dataset_consumes_1', 'dataset_produces_2', 'dataset_consumes_1_and_2', 'dataset_consumes_unknown_never_scheduled', 'dataset_produces_1' retrieved from /home/airflow/.local/lib/python3.8/site-packages/airflow/example_dags/example_datasets.py
[2026-05-17T21:10:22.468+0000] {logging_mixin.py:188} INFO - [2026-05-17T21:10:22.468+0000] {dag.py:3047} INFO - Sync 6 DAGs
[2026-05-17T21:10:22.489+0000] {logging_mixin.py:188} INFO - [2026-05-17T21:10:22.489+0000] {dag.py:3834} INFO - Setting next_dagrun for dataset_consumes_1 to None, run_after=None
[2026-05-17T21:10:22.495+0000] {logging_mixin.py:188} INFO - [2026-05-17T21:10:22.494+0000] {dag.py:3834} INFO - Setting next_dagrun for dataset_consumes_1_and_2 to None, run_after=None
[2026-05-17T21:10:22.497+0000] {logging_mixin.py:188} INFO - [2026-05-17T21:10:22.496+0000] {dag.py:3834} INFO - Setting next_dagrun for dataset_consumes_1_never_scheduled to None, run_after=None
[2026-05-17T21:10:22.498+0000] {logging_mixin.py:188} INFO - [2026-05-17T21:10:22.498+0000] {dag.py:3834} INFO - Setting next_dagrun for dataset_consumes_unknown_never_scheduled to None, run_after=None
[2026-05-17T21:10:22.501+0000] {logging_mixin.py:188} INFO - [2026-05-17T21:10:22.501+0000] {dag.py:3834} INFO - Setting next_dagrun for dataset_produces_1 to 2026-05-16 00:00:00+00:00, run_after=2026-05-17 00:00:00+00:00
[2026-05-17T21:10:22.504+0000] {logging_mixin.py:188} INFO - [2026-05-17T21:10:22.504+0000] {dag.py:3834} INFO - Setting next_dagrun for dataset_produces_2 to None, run_after=None
[2026-05-17T21:10:22.540+0000] {processor.py:183} INFO - Processing /home/airflow/.local/lib/python3.8/site-packages/airflow/example_dags/example_datasets.py took 0.131 seconds
[2026-05-17T21:10:53.223+0000] {processor.py:161} INFO - Started process (PID=1626) to work on /home/airflow/.local/lib/python3.8/site-packages/airflow/example_dags/example_datasets.py
[2026-05-17T21:10:53.226+0000] {processor.py:830} INFO - Processing file /home/airflow/.local/lib/python3.8/site-packages/airflow/example_dags/example_datasets.py for tasks to queue
[2026-05-17T21:10:53.234+0000] {logging_mixin.py:188} INFO - [2026-05-17T21:10:53.232+0000] {dagbag.py:540} INFO - Filling up the DagBag from /home/airflow/.local/lib/python3.8/site-packages/airflow/example_dags/example_datasets.py
[2026-05-17T21:10:53.292+0000] {processor.py:840} INFO - DAG(s) 'dataset_consumes_1_never_scheduled', 'dataset_consumes_1_and_2', 'dataset_produces_1', 'dataset_consumes_unknown_never_scheduled', 'dataset_consumes_1', 'dataset_produces_2' retrieved from /home/airflow/.local/lib/python3.8/site-packages/airflow/example_dags/example_datasets.py
[2026-05-17T21:10:53.346+0000] {logging_mixin.py:188} INFO - [2026-05-17T21:10:53.346+0000] {dag.py:3047} INFO - Sync 6 DAGs
[2026-05-17T21:10:53.426+0000] {logging_mixin.py:188} INFO - [2026-05-17T21:10:53.426+0000] {dag.py:3834} INFO - Setting next_dagrun for dataset_consumes_1 to None, run_after=None
[2026-05-17T21:10:53.432+0000] {logging_mixin.py:188} INFO - [2026-05-17T21:10:53.431+0000] {dag.py:3834} INFO - Setting next_dagrun for dataset_consumes_1_and_2 to None, run_after=None
[2026-05-17T21:10:53.435+0000] {logging_mixin.py:188} INFO - [2026-05-17T21:10:53.434+0000] {dag.py:3834} INFO - Setting next_dagrun for dataset_consumes_1_never_scheduled to None, run_after=None
[2026-05-17T21:10:53.436+0000] {logging_mixin.py:188} INFO - [2026-05-17T21:10:53.436+0000] {dag.py:3834} INFO - Setting next_dagrun for dataset_consumes_unknown_never_scheduled to None, run_after=None
[2026-05-17T21:10:53.440+0000] {logging_mixin.py:188} INFO - [2026-05-17T21:10:53.440+0000] {dag.py:3834} INFO - Setting next_dagrun for dataset_produces_1 to 2026-05-16 00:00:00+00:00, run_after=2026-05-17 00:00:00+00:00
[2026-05-17T21:10:53.443+0000] {logging_mixin.py:188} INFO - [2026-05-17T21:10:53.442+0000] {dag.py:3834} INFO - Setting next_dagrun for dataset_produces_2 to None, run_after=None
[2026-05-17T21:10:53.490+0000] {processor.py:183} INFO - Processing /home/airflow/.local/lib/python3.8/site-packages/airflow/example_dags/example_datasets.py took 0.282 seconds
[2026-05-17T21:11:23.525+0000] {processor.py:161} INFO - Started process (PID=1679) to work on /home/airflow/.local/lib/python3.8/site-packages/airflow/example_dags/example_datasets.py
[2026-05-17T21:11:23.527+0000] {processor.py:830} INFO - Processing file /home/airflow/.local/lib/python3.8/site-packages/airflow/example_dags/example_datasets.py for tasks to queue
[2026-05-17T21:11:23.529+0000] {logging_mixin.py:188} INFO - [2026-05-17T21:11:23.529+0000] {dagbag.py:540} INFO - Filling up the DagBag from /home/airflow/.local/lib/python3.8/site-packages/airflow/example_dags/example_datasets.py
[2026-05-17T21:11:23.537+0000] {processor.py:840} INFO - DAG(s) 'dataset_consumes_unknown_never_scheduled', 'dataset_consumes_1', 'dataset_consumes_1_never_scheduled', 'dataset_consumes_1_and_2', 'dataset_produces_1', 'dataset_produces_2' retrieved from /home/airflow/.local/lib/python3.8/site-packages/airflow/example_dags/example_datasets.py
[2026-05-17T21:11:23.777+0000] {logging_mixin.py:188} INFO - [2026-05-17T21:11:23.777+0000] {dag.py:3047} INFO - Sync 6 DAGs
[2026-05-17T21:11:23.791+0000] {logging_mixin.py:188} INFO - [2026-05-17T21:11:23.791+0000] {dag.py:3834} INFO - Setting next_dagrun for dataset_consumes_1 to None, run_after=None
[2026-05-17T21:11:23.794+0000] {logging_mixin.py:188} INFO - [2026-05-17T21:11:23.794+0000] {dag.py:3834} INFO - Setting next_dagrun for dataset_consumes_1_and_2 to None, run_after=None
[2026-05-17T21:11:23.796+0000] {logging_mixin.py:188} INFO - [2026-05-17T21:11:23.796+0000] {dag.py:3834} INFO - Setting next_dagrun for dataset_consumes_1_never_scheduled to None, run_after=None
[2026-05-17T21:11:23.797+0000] {logging_mixin.py:188} INFO - [2026-05-17T21:11:23.797+0000] {dag.py:3834} INFO - Setting next_dagrun for dataset_consumes_unknown_never_scheduled to None, run_after=None
[2026-05-17T21:11:23.799+0000] {logging_mixin.py:188} INFO - [2026-05-17T21:11:23.799+0000] {dag.py:3834} INFO - Setting next_dagrun for dataset_produces_1 to 2026-05-16 00:00:00+00:00, run_after=2026-05-17 00:00:00+00:00
[2026-05-17T21:11:23.801+0000] {logging_mixin.py:188} INFO - [2026-05-17T21:11:23.801+0000] {dag.py:3834} INFO - Setting next_dagrun for dataset_produces_2 to None, run_after=None
[2026-05-17T21:11:23.827+0000] {processor.py:183} INFO - Processing /home/airflow/.local/lib/python3.8/site-packages/airflow/example_dags/example_datasets.py took 0.304 seconds
[2026-05-17T21:11:54.843+0000] {processor.py:161} INFO - Started process (PID=1734) to work on /home/airflow/.local/lib/python3.8/site-packages/airflow/example_dags/example_datasets.py
[2026-05-17T21:11:54.844+0000] {processor.py:830} INFO - Processing file /home/airflow/.local/lib/python3.8/site-packages/airflow/example_dags/example_datasets.py for tasks to queue
[2026-05-17T21:11:54.846+0000] {logging_mixin.py:188} INFO - [2026-05-17T21:11:54.845+0000] {dagbag.py:540} INFO - Filling up the DagBag from /home/airflow/.local/lib/python3.8/site-packages/airflow/example_dags/example_datasets.py
[2026-05-17T21:11:54.859+0000] {processor.py:840} INFO - DAG(s) 'dataset_consumes_1_never_scheduled', 'dataset_consumes_1_and_2', 'dataset_consumes_unknown_never_scheduled', 'dataset_produces_1', 'dataset_produces_2', 'dataset_consumes_1' retrieved from /home/airflow/.local/lib/python3.8/site-packages/airflow/example_dags/example_datasets.py
[2026-05-17T21:11:54.890+0000] {logging_mixin.py:188} INFO - [2026-05-17T21:11:54.890+0000] {dag.py:3047} INFO - Sync 6 DAGs
[2026-05-17T21:11:54.907+0000] {logging_mixin.py:188} INFO - [2026-05-17T21:11:54.907+0000] {dag.py:3834} INFO - Setting next_dagrun for dataset_consumes_1 to None, run_after=None
[2026-05-17T21:11:54.911+0000] {logging_mixin.py:188} INFO - [2026-05-17T21:11:54.911+0000] {dag.py:3834} INFO - Setting next_dagrun for dataset_consumes_1_and_2 to None, run_after=None
[2026-05-17T21:11:54.913+0000] {logging_mixin.py:188} INFO - [2026-05-17T21:11:54.913+0000] {dag.py:3834} INFO - Setting next_dagrun for dataset_consumes_1_never_scheduled to None, run_after=None
[2026-05-17T21:11:54.915+0000] {logging_mixin.py:188} INFO - [2026-05-17T21:11:54.915+0000] {dag.py:3834} INFO - Setting next_dagrun for dataset_consumes_unknown_never_scheduled to None, run_after=None
[2026-05-17T21:11:54.919+0000] {logging_mixin.py:188} INFO - [2026-05-17T21:11:54.919+0000] {dag.py:3834} INFO - Setting next_dagrun for dataset_produces_1 to 2026-05-16 00:00:00+00:00, run_after=2026-05-17 00:00:00+00:00
[2026-05-17T21:11:54.920+0000] {logging_mixin.py:188} INFO - [2026-05-17T21:11:54.920+0000] {dag.py:3834} INFO - Setting next_dagrun for dataset_produces_2 to None, run_after=None
[2026-05-17T21:11:54.960+0000] {processor.py:183} INFO - Processing /home/airflow/.local/lib/python3.8/site-packages/airflow/example_dags/example_datasets.py took 0.120 seconds
[2026-05-17T21:12:25.864+0000] {processor.py:161} INFO - Started process (PID=1789) to work on /home/airflow/.local/lib/python3.8/site-packages/airflow/example_dags/example_datasets.py
[2026-05-17T21:12:25.865+0000] {processor.py:830} INFO - Processing file /home/airflow/.local/lib/python3.8/site-packages/airflow/example_dags/example_datasets.py for tasks to queue
[2026-05-17T21:12:25.867+0000] {logging_mixin.py:188} INFO - [2026-05-17T21:12:25.867+0000] {dagbag.py:540} INFO - Filling up the DagBag from /home/airflow/.local/lib/python3.8/site-packages/airflow/example_dags/example_datasets.py
[2026-05-17T21:12:25.875+0000] {processor.py:840} INFO - DAG(s) 'dataset_consumes_1_and_2', 'dataset_consumes_1', 'dataset_produces_2', 'dataset_produces_1', 'dataset_consumes_unknown_never_scheduled', 'dataset_consumes_1_never_scheduled' retrieved from /home/airflow/.local/lib/python3.8/site-packages/airflow/example_dags/example_datasets.py
[2026-05-17T21:12:25.901+0000] {logging_mixin.py:188} INFO - [2026-05-17T21:12:25.901+0000] {dag.py:3047} INFO - Sync 6 DAGs
[2026-05-17T21:12:25.920+0000] {logging_mixin.py:188} INFO - [2026-05-17T21:12:25.920+0000] {dag.py:3834} INFO - Setting next_dagrun for dataset_consumes_1 to None, run_after=None
[2026-05-17T21:12:25.923+0000] {logging_mixin.py:188} INFO - [2026-05-17T21:12:25.923+0000] {dag.py:3834} INFO - Setting next_dagrun for dataset_consumes_1_and_2 to None, run_after=None
[2026-05-17T21:12:25.925+0000] {logging_mixin.py:188} INFO - [2026-05-17T21:12:25.925+0000] {dag.py:3834} INFO - Setting next_dagrun for dataset_consumes_1_never_scheduled to None, run_after=None
[2026-05-17T21:12:25.927+0000] {logging_mixin.py:188} INFO - [2026-05-17T21:12:25.926+0000] {dag.py:3834} INFO - Setting next_dagrun for dataset_consumes_unknown_never_scheduled to None, run_after=None
[2026-05-17T21:12:25.929+0000] {logging_mixin.py:188} INFO - [2026-05-17T21:12:25.929+0000] {dag.py:3834} INFO - Setting next_dagrun for dataset_produces_1 to 2026-05-16 00:00:00+00:00, run_after=2026-05-17 00:00:00+00:00
[2026-05-17T21:12:25.930+0000] {logging_mixin.py:188} INFO - [2026-05-17T21:12:25.930+0000] {dag.py:3834} INFO - Setting next_dagrun for dataset_produces_2 to None, run_after=None
[2026-05-17T21:12:25.959+0000] {processor.py:183} INFO - Processing /home/airflow/.local/lib/python3.8/site-packages/airflow/example_dags/example_datasets.py took 0.098 seconds
[2026-05-17T21:12:56.310+0000] {processor.py:161} INFO - Started process (PID=1844) to work on /home/airflow/.local/lib/python3.8/site-packages/airflow/example_dags/example_datasets.py
[2026-05-17T21:12:56.311+0000] {processor.py:830} INFO - Processing file /home/airflow/.local/lib/python3.8/site-packages/airflow/example_dags/example_datasets.py for tasks to queue
[2026-05-17T21:12:56.313+0000] {logging_mixin.py:188} INFO - [2026-05-17T21:12:56.313+0000] {dagbag.py:540} INFO - Filling up the DagBag from /home/airflow/.local/lib/python3.8/site-packages/airflow/example_dags/example_datasets.py
[2026-05-17T21:12:56.320+0000] {processor.py:840} INFO - DAG(s) 'dataset_consumes_1', 'dataset_consumes_1_and_2', 'dataset_consumes_1_never_scheduled', 'dataset_consumes_unknown_never_scheduled', 'dataset_produces_2', 'dataset_produces_1' retrieved from /home/airflow/.local/lib/python3.8/site-packages/airflow/example_dags/example_datasets.py
[2026-05-17T21:12:56.348+0000] {logging_mixin.py:188} INFO - [2026-05-17T21:12:56.347+0000] {dag.py:3047} INFO - Sync 6 DAGs
[2026-05-17T21:12:56.369+0000] {logging_mixin.py:188} INFO - [2026-05-17T21:12:56.369+0000] {dag.py:3834} INFO - Setting next_dagrun for dataset_consumes_1 to None, run_after=None
[2026-05-17T21:12:56.373+0000] {logging_mixin.py:188} INFO - [2026-05-17T21:12:56.373+0000] {dag.py:3834} INFO - Setting next_dagrun for dataset_consumes_1_and_2 to None, run_after=None
[2026-05-17T21:12:56.374+0000] {logging_mixin.py:188} INFO - [2026-05-17T21:12:56.374+0000] {dag.py:3834} INFO - Setting next_dagrun for dataset_consumes_1_never_scheduled to None, run_after=None
[2026-05-17T21:12:56.375+0000] {logging_mixin.py:188} INFO - [2026-05-17T21:12:56.375+0000] {dag.py:3834} INFO - Setting next_dagrun for dataset_consumes_unknown_never_scheduled to None, run_after=None
[2026-05-17T21:12:56.378+0000] {logging_mixin.py:188} INFO - [2026-05-17T21:12:56.377+0000] {dag.py:3834} INFO - Setting next_dagrun for dataset_produces_1 to 2026-05-16 00:00:00+00:00, run_after=2026-05-17 00:00:00+00:00
[2026-05-17T21:12:56.379+0000] {logging_mixin.py:188} INFO - [2026-05-17T21:12:56.379+0000] {dag.py:3834} INFO - Setting next_dagrun for dataset_produces_2 to None, run_after=None
[2026-05-17T21:12:56.409+0000] {processor.py:183} INFO - Processing /home/airflow/.local/lib/python3.8/site-packages/airflow/example_dags/example_datasets.py took 0.102 seconds
[2026-05-17T21:13:26.443+0000] {processor.py:161} INFO - Started process (PID=1898) to work on /home/airflow/.local/lib/python3.8/site-packages/airflow/example_dags/example_datasets.py
[2026-05-17T21:13:26.444+0000] {processor.py:830} INFO - Processing file /home/airflow/.local/lib/python3.8/site-packages/airflow/example_dags/example_datasets.py for tasks to queue
[2026-05-17T21:13:26.446+0000] {logging_mixin.py:188} INFO - [2026-05-17T21:13:26.445+0000] {dagbag.py:540} INFO - Filling up the DagBag from /home/airflow/.local/lib/python3.8/site-packages/airflow/example_dags/example_datasets.py
[2026-05-17T21:13:26.453+0000] {processor.py:840} INFO - DAG(s) 'dataset_consumes_1_never_scheduled', 'dataset_consumes_unknown_never_scheduled', 'dataset_consumes_1', 'dataset_produces_1', 'dataset_produces_2', 'dataset_consumes_1_and_2' retrieved from /home/airflow/.local/lib/python3.8/site-packages/airflow/example_dags/example_datasets.py
[2026-05-17T21:13:26.477+0000] {logging_mixin.py:188} INFO - [2026-05-17T21:13:26.477+0000] {dag.py:3047} INFO - Sync 6 DAGs
[2026-05-17T21:13:26.493+0000] {logging_mixin.py:188} INFO - [2026-05-17T21:13:26.492+0000] {dag.py:3834} INFO - Setting next_dagrun for dataset_consumes_1 to None, run_after=None
[2026-05-17T21:13:26.625+0000] {logging_mixin.py:188} INFO - [2026-05-17T21:13:26.625+0000] {dag.py:3834} INFO - Setting next_dagrun for dataset_consumes_1_and_2 to None, run_after=None
[2026-05-17T21:13:26.627+0000] {logging_mixin.py:188} INFO - [2026-05-17T21:13:26.627+0000] {dag.py:3834} INFO - Setting next_dagrun for dataset_consumes_1_never_scheduled to None, run_after=None
[2026-05-17T21:13:26.628+0000] {logging_mixin.py:188} INFO - [2026-05-17T21:13:26.628+0000] {dag.py:3834} INFO - Setting next_dagrun for dataset_consumes_unknown_never_scheduled to None, run_after=None
[2026-05-17T21:13:26.630+0000] {logging_mixin.py:188} INFO - [2026-05-17T21:13:26.630+0000] {dag.py:3834} INFO - Setting next_dagrun for dataset_produces_1 to 2026-05-16 00:00:00+00:00, run_after=2026-05-17 00:00:00+00:00
[2026-05-17T21:13:26.632+0000] {logging_mixin.py:188} INFO - [2026-05-17T21:13:26.632+0000] {dag.py:3834} INFO - Setting next_dagrun for dataset_produces_2 to None, run_after=None
[2026-05-17T21:13:26.657+0000] {processor.py:183} INFO - Processing /home/airflow/.local/lib/python3.8/site-packages/airflow/example_dags/example_datasets.py took 0.217 seconds
[2026-05-17T21:13:57.240+0000] {processor.py:161} INFO - Started process (PID=1954) to work on /home/airflow/.local/lib/python3.8/site-packages/airflow/example_dags/example_datasets.py
[2026-05-17T21:13:57.242+0000] {processor.py:830} INFO - Processing file /home/airflow/.local/lib/python3.8/site-packages/airflow/example_dags/example_datasets.py for tasks to queue
[2026-05-17T21:13:57.244+0000] {logging_mixin.py:188} INFO - [2026-05-17T21:13:57.244+0000] {dagbag.py:540} INFO - Filling up the DagBag from /home/airflow/.local/lib/python3.8/site-packages/airflow/example_dags/example_datasets.py
[2026-05-17T21:13:57.252+0000] {processor.py:840} INFO - DAG(s) 'dataset_produces_2', 'dataset_consumes_1_never_scheduled', 'dataset_consumes_unknown_never_scheduled', 'dataset_consumes_1', 'dataset_produces_1', 'dataset_consumes_1_and_2' retrieved from /home/airflow/.local/lib/python3.8/site-packages/airflow/example_dags/example_datasets.py
[2026-05-17T21:13:57.291+0000] {logging_mixin.py:188} INFO - [2026-05-17T21:13:57.291+0000] {dag.py:3047} INFO - Sync 6 DAGs
[2026-05-17T21:13:57.308+0000] {logging_mixin.py:188} INFO - [2026-05-17T21:13:57.308+0000] {dag.py:3834} INFO - Setting next_dagrun for dataset_consumes_1 to None, run_after=None
[2026-05-17T21:13:57.313+0000] {logging_mixin.py:188} INFO - [2026-05-17T21:13:57.313+0000] {dag.py:3834} INFO - Setting next_dagrun for dataset_consumes_1_and_2 to None, run_after=None
[2026-05-17T21:13:57.315+0000] {logging_mixin.py:188} INFO - [2026-05-17T21:13:57.315+0000] {dag.py:3834} INFO - Setting next_dagrun for dataset_consumes_1_never_scheduled to None, run_after=None
[2026-05-17T21:13:57.316+0000] {logging_mixin.py:188} INFO - [2026-05-17T21:13:57.316+0000] {dag.py:3834} INFO - Setting next_dagrun for dataset_consumes_unknown_never_scheduled to None, run_after=None
[2026-05-17T21:13:57.319+0000] {logging_mixin.py:188} INFO - [2026-05-17T21:13:57.318+0000] {dag.py:3834} INFO - Setting next_dagrun for dataset_produces_1 to 2026-05-16 00:00:00+00:00, run_after=2026-05-17 00:00:00+00:00
[2026-05-17T21:13:57.320+0000] {logging_mixin.py:188} INFO - [2026-05-17T21:13:57.320+0000] {dag.py:3834} INFO - Setting next_dagrun for dataset_produces_2 to None, run_after=None
[2026-05-17T21:13:57.485+0000] {processor.py:183} INFO - Processing /home/airflow/.local/lib/python3.8/site-packages/airflow/example_dags/example_datasets.py took 0.247 seconds
[2026-05-17T21:14:27.546+0000] {processor.py:161} INFO - Started process (PID=2008) to work on /home/airflow/.local/lib/python3.8/site-packages/airflow/example_dags/example_datasets.py
[2026-05-17T21:14:27.548+0000] {processor.py:830} INFO - Processing file /home/airflow/.local/lib/python3.8/site-packages/airflow/example_dags/example_datasets.py for tasks to queue
[2026-05-17T21:14:27.551+0000] {logging_mixin.py:188} INFO - [2026-05-17T21:14:27.550+0000] {dagbag.py:540} INFO - Filling up the DagBag from /home/airflow/.local/lib/python3.8/site-packages/airflow/example_dags/example_datasets.py
[2026-05-17T21:14:27.562+0000] {processor.py:840} INFO - DAG(s) 'dataset_consumes_1_never_scheduled', 'dataset_produces_1', 'dataset_consumes_1', 'dataset_consumes_unknown_never_scheduled', 'dataset_consumes_1_and_2', 'dataset_produces_2' retrieved from /home/airflow/.local/lib/python3.8/site-packages/airflow/example_dags/example_datasets.py
[2026-05-17T21:14:27.632+0000] {logging_mixin.py:188} INFO - [2026-05-17T21:14:27.631+0000] {dag.py:3047} INFO - Sync 6 DAGs
[2026-05-17T21:14:27.658+0000] {logging_mixin.py:188} INFO - [2026-05-17T21:14:27.658+0000] {dag.py:3834} INFO - Setting next_dagrun for dataset_consumes_1 to None, run_after=None
[2026-05-17T21:14:27.664+0000] {logging_mixin.py:188} INFO - [2026-05-17T21:14:27.663+0000] {dag.py:3834} INFO - Setting next_dagrun for dataset_consumes_1_and_2 to None, run_after=None
[2026-05-17T21:14:27.667+0000] {logging_mixin.py:188} INFO - [2026-05-17T21:14:27.666+0000] {dag.py:3834} INFO - Setting next_dagrun for dataset_consumes_1_never_scheduled to None, run_after=None
[2026-05-17T21:14:27.669+0000] {logging_mixin.py:188} INFO - [2026-05-17T21:14:27.669+0000] {dag.py:3834} INFO - Setting next_dagrun for dataset_consumes_unknown_never_scheduled to None, run_after=None
[2026-05-17T21:14:27.674+0000] {logging_mixin.py:188} INFO - [2026-05-17T21:14:27.673+0000] {dag.py:3834} INFO - Setting next_dagrun for dataset_produces_1 to 2026-05-16 00:00:00+00:00, run_after=2026-05-17 00:00:00+00:00
[2026-05-17T21:14:27.676+0000] {logging_mixin.py:188} INFO - [2026-05-17T21:14:27.676+0000] {dag.py:3834} INFO - Setting next_dagrun for dataset_produces_2 to None, run_after=None
[2026-05-17T21:14:27.919+0000] {processor.py:183} INFO - Processing /home/airflow/.local/lib/python3.8/site-packages/airflow/example_dags/example_datasets.py took 0.377 seconds
[2026-05-17T21:14:58.529+0000] {processor.py:161} INFO - Started process (PID=2064) to work on /home/airflow/.local/lib/python3.8/site-packages/airflow/example_dags/example_datasets.py
[2026-05-17T21:14:58.530+0000] {processor.py:830} INFO - Processing file /home/airflow/.local/lib/python3.8/site-packages/airflow/example_dags/example_datasets.py for tasks to queue
[2026-05-17T21:14:58.533+0000] {logging_mixin.py:188} INFO - [2026-05-17T21:14:58.532+0000] {dagbag.py:540} INFO - Filling up the DagBag from /home/airflow/.local/lib/python3.8/site-packages/airflow/example_dags/example_datasets.py
[2026-05-17T21:14:58.544+0000] {processor.py:840} INFO - DAG(s) 'dataset_produces_1', 'dataset_produces_2', 'dataset_consumes_1_and_2', 'dataset_consumes_1', 'dataset_consumes_unknown_never_scheduled', 'dataset_consumes_1_never_scheduled' retrieved from /home/airflow/.local/lib/python3.8/site-packages/airflow/example_dags/example_datasets.py
[2026-05-17T21:14:58.578+0000] {logging_mixin.py:188} INFO - [2026-05-17T21:14:58.578+0000] {dag.py:3047} INFO - Sync 6 DAGs
[2026-05-17T21:14:58.600+0000] {logging_mixin.py:188} INFO - [2026-05-17T21:14:58.600+0000] {dag.py:3834} INFO - Setting next_dagrun for dataset_consumes_1 to None, run_after=None
[2026-05-17T21:14:58.606+0000] {logging_mixin.py:188} INFO - [2026-05-17T21:14:58.606+0000] {dag.py:3834} INFO - Setting next_dagrun for dataset_consumes_1_and_2 to None, run_after=None
[2026-05-17T21:14:58.608+0000] {logging_mixin.py:188} INFO - [2026-05-17T21:14:58.608+0000] {dag.py:3834} INFO - Setting next_dagrun for dataset_consumes_1_never_scheduled to None, run_after=None
[2026-05-17T21:14:58.610+0000] {logging_mixin.py:188} INFO - [2026-05-17T21:14:58.609+0000] {dag.py:3834} INFO - Setting next_dagrun for dataset_consumes_unknown_never_scheduled to None, run_after=None
[2026-05-17T21:14:58.612+0000] {logging_mixin.py:188} INFO - [2026-05-17T21:14:58.612+0000] {dag.py:3834} INFO - Setting next_dagrun for dataset_produces_1 to 2026-05-16 00:00:00+00:00, run_after=2026-05-17 00:00:00+00:00
[2026-05-17T21:14:58.613+0000] {logging_mixin.py:188} INFO - [2026-05-17T21:14:58.613+0000] {dag.py:3834} INFO - Setting next_dagrun for dataset_produces_2 to None, run_after=None
[2026-05-17T21:14:58.656+0000] {processor.py:183} INFO - Processing /home/airflow/.local/lib/python3.8/site-packages/airflow/example_dags/example_datasets.py took 0.131 seconds
[2026-05-17T21:15:29.002+0000] {processor.py:161} INFO - Started process (PID=2119) to work on /home/airflow/.local/lib/python3.8/site-packages/airflow/example_dags/example_datasets.py
[2026-05-17T21:15:29.003+0000] {processor.py:830} INFO - Processing file /home/airflow/.local/lib/python3.8/site-packages/airflow/example_dags/example_datasets.py for tasks to queue
[2026-05-17T21:15:29.005+0000] {logging_mixin.py:188} INFO - [2026-05-17T21:15:29.005+0000] {dagbag.py:540} INFO - Filling up the DagBag from /home/airflow/.local/lib/python3.8/site-packages/airflow/example_dags/example_datasets.py
[2026-05-17T21:15:29.015+0000] {processor.py:840} INFO - DAG(s) 'dataset_produces_1', 'dataset_consumes_1', 'dataset_consumes_1_never_scheduled', 'dataset_consumes_unknown_never_scheduled', 'dataset_produces_2', 'dataset_consumes_1_and_2' retrieved from /home/airflow/.local/lib/python3.8/site-packages/airflow/example_dags/example_datasets.py
[2026-05-17T21:15:29.044+0000] {logging_mixin.py:188} INFO - [2026-05-17T21:15:29.044+0000] {dag.py:3047} INFO - Sync 6 DAGs
[2026-05-17T21:15:29.062+0000] {logging_mixin.py:188} INFO - [2026-05-17T21:15:29.062+0000] {dag.py:3834} INFO - Setting next_dagrun for dataset_consumes_1 to None, run_after=None
[2026-05-17T21:15:29.066+0000] {logging_mixin.py:188} INFO - [2026-05-17T21:15:29.066+0000] {dag.py:3834} INFO - Setting next_dagrun for dataset_consumes_1_and_2 to None, run_after=None
[2026-05-17T21:15:29.068+0000] {logging_mixin.py:188} INFO - [2026-05-17T21:15:29.068+0000] {dag.py:3834} INFO - Setting next_dagrun for dataset_consumes_1_never_scheduled to None, run_after=None
[2026-05-17T21:15:29.069+0000] {logging_mixin.py:188} INFO - [2026-05-17T21:15:29.069+0000] {dag.py:3834} INFO - Setting next_dagrun for dataset_consumes_unknown_never_scheduled to None, run_after=None
[2026-05-17T21:15:29.071+0000] {logging_mixin.py:188} INFO - [2026-05-17T21:15:29.071+0000] {dag.py:3834} INFO - Setting next_dagrun for dataset_produces_1 to 2026-05-16 00:00:00+00:00, run_after=2026-05-17 00:00:00+00:00
[2026-05-17T21:15:29.073+0000] {logging_mixin.py:188} INFO - [2026-05-17T21:15:29.072+0000] {dag.py:3834} INFO - Setting next_dagrun for dataset_produces_2 to None, run_after=None
[2026-05-17T21:15:29.104+0000] {processor.py:183} INFO - Processing /home/airflow/.local/lib/python3.8/site-packages/airflow/example_dags/example_datasets.py took 0.105 seconds
[2026-05-17T21:15:59.170+0000] {processor.py:161} INFO - Started process (PID=2173) to work on /home/airflow/.local/lib/python3.8/site-packages/airflow/example_dags/example_datasets.py
[2026-05-17T21:15:59.171+0000] {processor.py:830} INFO - Processing file /home/airflow/.local/lib/python3.8/site-packages/airflow/example_dags/example_datasets.py for tasks to queue
[2026-05-17T21:15:59.174+0000] {logging_mixin.py:188} INFO - [2026-05-17T21:15:59.173+0000] {dagbag.py:540} INFO - Filling up the DagBag from /home/airflow/.local/lib/python3.8/site-packages/airflow/example_dags/example_datasets.py
[2026-05-17T21:15:59.187+0000] {processor.py:840} INFO - DAG(s) 'dataset_consumes_1', 'dataset_consumes_1_never_scheduled', 'dataset_produces_1', 'dataset_consumes_1_and_2', 'dataset_produces_2', 'dataset_consumes_unknown_never_scheduled' retrieved from /home/airflow/.local/lib/python3.8/site-packages/airflow/example_dags/example_datasets.py
[2026-05-17T21:15:59.234+0000] {logging_mixin.py:188} INFO - [2026-05-17T21:15:59.234+0000] {dag.py:3047} INFO - Sync 6 DAGs
[2026-05-17T21:15:59.263+0000] {logging_mixin.py:188} INFO - [2026-05-17T21:15:59.263+0000] {dag.py:3834} INFO - Setting next_dagrun for dataset_consumes_1 to None, run_after=None
[2026-05-17T21:15:59.268+0000] {logging_mixin.py:188} INFO - [2026-05-17T21:15:59.268+0000] {dag.py:3834} INFO - Setting next_dagrun for dataset_consumes_1_and_2 to None, run_after=None
[2026-05-17T21:15:59.270+0000] {logging_mixin.py:188} INFO - [2026-05-17T21:15:59.270+0000] {dag.py:3834} INFO - Setting next_dagrun for dataset_consumes_1_never_scheduled to None, run_after=None
[2026-05-17T21:15:59.271+0000] {logging_mixin.py:188} INFO - [2026-05-17T21:15:59.271+0000] {dag.py:3834} INFO - Setting next_dagrun for dataset_consumes_unknown_never_scheduled to None, run_after=None
[2026-05-17T21:15:59.274+0000] {logging_mixin.py:188} INFO - [2026-05-17T21:15:59.274+0000] {dag.py:3834} INFO - Setting next_dagrun for dataset_produces_1 to 2026-05-16 00:00:00+00:00, run_after=2026-05-17 00:00:00+00:00
[2026-05-17T21:15:59.280+0000] {logging_mixin.py:188} INFO - [2026-05-17T21:15:59.280+0000] {dag.py:3834} INFO - Setting next_dagrun for dataset_produces_2 to None, run_after=None
[2026-05-17T21:15:59.316+0000] {processor.py:183} INFO - Processing /home/airflow/.local/lib/python3.8/site-packages/airflow/example_dags/example_datasets.py took 0.150 seconds
[2026-05-17T21:16:29.501+0000] {processor.py:161} INFO - Started process (PID=2228) to work on /home/airflow/.local/lib/python3.8/site-packages/airflow/example_dags/example_datasets.py
[2026-05-17T21:16:29.508+0000] {processor.py:830} INFO - Processing file /home/airflow/.local/lib/python3.8/site-packages/airflow/example_dags/example_datasets.py for tasks to queue
[2026-05-17T21:16:29.518+0000] {logging_mixin.py:188} INFO - [2026-05-17T21:16:29.517+0000] {dagbag.py:540} INFO - Filling up the DagBag from /home/airflow/.local/lib/python3.8/site-packages/airflow/example_dags/example_datasets.py
[2026-05-17T21:16:29.546+0000] {processor.py:840} INFO - DAG(s) 'dataset_consumes_1', 'dataset_produces_1', 'dataset_consumes_1_and_2', 'dataset_consumes_1_never_scheduled', 'dataset_consumes_unknown_never_scheduled', 'dataset_produces_2' retrieved from /home/airflow/.local/lib/python3.8/site-packages/airflow/example_dags/example_datasets.py
[2026-05-17T21:16:29.678+0000] {logging_mixin.py:188} INFO - [2026-05-17T21:16:29.677+0000] {dag.py:3047} INFO - Sync 6 DAGs
[2026-05-17T21:16:30.478+0000] {logging_mixin.py:188} INFO - [2026-05-17T21:16:30.477+0000] {dag.py:3834} INFO - Setting next_dagrun for dataset_consumes_1 to None, run_after=None
[2026-05-17T21:16:30.487+0000] {logging_mixin.py:188} INFO - [2026-05-17T21:16:30.486+0000] {dag.py:3834} INFO - Setting next_dagrun for dataset_consumes_1_and_2 to None, run_after=None
[2026-05-17T21:16:30.496+0000] {logging_mixin.py:188} INFO - [2026-05-17T21:16:30.495+0000] {dag.py:3834} INFO - Setting next_dagrun for dataset_consumes_1_never_scheduled to None, run_after=None
[2026-05-17T21:16:30.499+0000] {logging_mixin.py:188} INFO - [2026-05-17T21:16:30.498+0000] {dag.py:3834} INFO - Setting next_dagrun for dataset_consumes_unknown_never_scheduled to None, run_after=None
[2026-05-17T21:16:30.503+0000] {logging_mixin.py:188} INFO - [2026-05-17T21:16:30.503+0000] {dag.py:3834} INFO - Setting next_dagrun for dataset_produces_1 to 2026-05-16 00:00:00+00:00, run_after=2026-05-17 00:00:00+00:00
[2026-05-17T21:16:30.507+0000] {logging_mixin.py:188} INFO - [2026-05-17T21:16:30.507+0000] {dag.py:3834} INFO - Setting next_dagrun for dataset_produces_2 to None, run_after=None
[2026-05-17T21:16:30.562+0000] {processor.py:183} INFO - Processing /home/airflow/.local/lib/python3.8/site-packages/airflow/example_dags/example_datasets.py took 1.087 seconds
[2026-05-17T21:17:01.252+0000] {processor.py:161} INFO - Started process (PID=2284) to work on /home/airflow/.local/lib/python3.8/site-packages/airflow/example_dags/example_datasets.py
[2026-05-17T21:17:01.253+0000] {processor.py:830} INFO - Processing file /home/airflow/.local/lib/python3.8/site-packages/airflow/example_dags/example_datasets.py for tasks to queue
[2026-05-17T21:17:01.256+0000] {logging_mixin.py:188} INFO - [2026-05-17T21:17:01.256+0000] {dagbag.py:540} INFO - Filling up the DagBag from /home/airflow/.local/lib/python3.8/site-packages/airflow/example_dags/example_datasets.py
[2026-05-17T21:17:01.266+0000] {processor.py:840} INFO - DAG(s) 'dataset_consumes_unknown_never_scheduled', 'dataset_produces_1', 'dataset_consumes_1_and_2', 'dataset_consumes_1_never_scheduled', 'dataset_produces_2', 'dataset_consumes_1' retrieved from /home/airflow/.local/lib/python3.8/site-packages/airflow/example_dags/example_datasets.py
[2026-05-17T21:17:01.314+0000] {logging_mixin.py:188} INFO - [2026-05-17T21:17:01.314+0000] {dag.py:3047} INFO - Sync 6 DAGs
[2026-05-17T21:17:01.526+0000] {logging_mixin.py:188} INFO - [2026-05-17T21:17:01.525+0000] {dag.py:3834} INFO - Setting next_dagrun for dataset_consumes_1 to None, run_after=None
[2026-05-17T21:17:01.531+0000] {logging_mixin.py:188} INFO - [2026-05-17T21:17:01.530+0000] {dag.py:3834} INFO - Setting next_dagrun for dataset_consumes_1_and_2 to None, run_after=None
[2026-05-17T21:17:01.533+0000] {logging_mixin.py:188} INFO - [2026-05-17T21:17:01.533+0000] {dag.py:3834} INFO - Setting next_dagrun for dataset_consumes_1_never_scheduled to None, run_after=None
[2026-05-17T21:17:01.537+0000] {logging_mixin.py:188} INFO - [2026-05-17T21:17:01.537+0000] {dag.py:3834} INFO - Setting next_dagrun for dataset_consumes_unknown_never_scheduled to None, run_after=None
[2026-05-17T21:17:01.541+0000] {logging_mixin.py:188} INFO - [2026-05-17T21:17:01.540+0000] {dag.py:3834} INFO - Setting next_dagrun for dataset_produces_1 to 2026-05-16 00:00:00+00:00, run_after=2026-05-17 00:00:00+00:00
[2026-05-17T21:17:01.543+0000] {logging_mixin.py:188} INFO - [2026-05-17T21:17:01.543+0000] {dag.py:3834} INFO - Setting next_dagrun for dataset_produces_2 to None, run_after=None
[2026-05-17T21:17:01.591+0000] {processor.py:183} INFO - Processing /home/airflow/.local/lib/python3.8/site-packages/airflow/example_dags/example_datasets.py took 0.343 seconds
[2026-05-17T21:17:31.679+0000] {processor.py:161} INFO - Started process (PID=2337) to work on /home/airflow/.local/lib/python3.8/site-packages/airflow/example_dags/example_datasets.py
[2026-05-17T21:17:31.680+0000] {processor.py:830} INFO - Processing file /home/airflow/.local/lib/python3.8/site-packages/airflow/example_dags/example_datasets.py for tasks to queue
[2026-05-17T21:17:31.682+0000] {logging_mixin.py:188} INFO - [2026-05-17T21:17:31.682+0000] {dagbag.py:540} INFO - Filling up the DagBag from /home/airflow/.local/lib/python3.8/site-packages/airflow/example_dags/example_datasets.py
[2026-05-17T21:17:31.690+0000] {processor.py:840} INFO - DAG(s) 'dataset_produces_1', 'dataset_produces_2', 'dataset_consumes_1_and_2', 'dataset_consumes_1_never_scheduled', 'dataset_consumes_1', 'dataset_consumes_unknown_never_scheduled' retrieved from /home/airflow/.local/lib/python3.8/site-packages/airflow/example_dags/example_datasets.py
[2026-05-17T21:17:31.719+0000] {logging_mixin.py:188} INFO - [2026-05-17T21:17:31.719+0000] {dag.py:3047} INFO - Sync 6 DAGs
[2026-05-17T21:17:31.739+0000] {logging_mixin.py:188} INFO - [2026-05-17T21:17:31.739+0000] {dag.py:3834} INFO - Setting next_dagrun for dataset_consumes_1 to None, run_after=None
[2026-05-17T21:17:31.742+0000] {logging_mixin.py:188} INFO - [2026-05-17T21:17:31.742+0000] {dag.py:3834} INFO - Setting next_dagrun for dataset_consumes_1_and_2 to None, run_after=None
[2026-05-17T21:17:31.747+0000] {logging_mixin.py:188} INFO - [2026-05-17T21:17:31.747+0000] {dag.py:3834} INFO - Setting next_dagrun for dataset_consumes_1_never_scheduled to None, run_after=None
[2026-05-17T21:17:31.749+0000] {logging_mixin.py:188} INFO - [2026-05-17T21:17:31.749+0000] {dag.py:3834} INFO - Setting next_dagrun for dataset_consumes_unknown_never_scheduled to None, run_after=None
[2026-05-17T21:17:31.752+0000] {logging_mixin.py:188} INFO - [2026-05-17T21:17:31.752+0000] {dag.py:3834} INFO - Setting next_dagrun for dataset_produces_1 to 2026-05-16 00:00:00+00:00, run_after=2026-05-17 00:00:00+00:00
[2026-05-17T21:17:31.753+0000] {logging_mixin.py:188} INFO - [2026-05-17T21:17:31.753+0000] {dag.py:3834} INFO - Setting next_dagrun for dataset_produces_2 to None, run_after=None
[2026-05-17T21:17:31.782+0000] {processor.py:183} INFO - Processing /home/airflow/.local/lib/python3.8/site-packages/airflow/example_dags/example_datasets.py took 0.107 seconds
[2026-05-17T21:18:02.506+0000] {processor.py:161} INFO - Started process (PID=2393) to work on /home/airflow/.local/lib/python3.8/site-packages/airflow/example_dags/example_datasets.py
[2026-05-17T21:18:02.508+0000] {processor.py:830} INFO - Processing file /home/airflow/.local/lib/python3.8/site-packages/airflow/example_dags/example_datasets.py for tasks to queue
[2026-05-17T21:18:02.510+0000] {logging_mixin.py:188} INFO - [2026-05-17T21:18:02.510+0000] {dagbag.py:540} INFO - Filling up the DagBag from /home/airflow/.local/lib/python3.8/site-packages/airflow/example_dags/example_datasets.py
[2026-05-17T21:18:02.519+0000] {processor.py:840} INFO - DAG(s) 'dataset_produces_1', 'dataset_produces_2', 'dataset_consumes_unknown_never_scheduled', 'dataset_consumes_1_never_scheduled', 'dataset_consumes_1_and_2', 'dataset_consumes_1' retrieved from /home/airflow/.local/lib/python3.8/site-packages/airflow/example_dags/example_datasets.py
[2026-05-17T21:18:02.551+0000] {logging_mixin.py:188} INFO - [2026-05-17T21:18:02.550+0000] {dag.py:3047} INFO - Sync 6 DAGs
[2026-05-17T21:18:02.574+0000] {logging_mixin.py:188} INFO - [2026-05-17T21:18:02.574+0000] {dag.py:3834} INFO - Setting next_dagrun for dataset_consumes_1 to None, run_after=None
[2026-05-17T21:18:02.578+0000] {logging_mixin.py:188} INFO - [2026-05-17T21:18:02.578+0000] {dag.py:3834} INFO - Setting next_dagrun for dataset_consumes_1_and_2 to None, run_after=None
[2026-05-17T21:18:02.580+0000] {logging_mixin.py:188} INFO - [2026-05-17T21:18:02.579+0000] {dag.py:3834} INFO - Setting next_dagrun for dataset_consumes_1_never_scheduled to None, run_after=None
[2026-05-17T21:18:02.581+0000] {logging_mixin.py:188} INFO - [2026-05-17T21:18:02.581+0000] {dag.py:3834} INFO - Setting next_dagrun for dataset_consumes_unknown_never_scheduled to None, run_after=None
[2026-05-17T21:18:02.584+0000] {logging_mixin.py:188} INFO - [2026-05-17T21:18:02.584+0000] {dag.py:3834} INFO - Setting next_dagrun for dataset_produces_1 to 2026-05-16 00:00:00+00:00, run_after=2026-05-17 00:00:00+00:00
[2026-05-17T21:18:02.585+0000] {logging_mixin.py:188} INFO - [2026-05-17T21:18:02.585+0000] {dag.py:3834} INFO - Setting next_dagrun for dataset_produces_2 to None, run_after=None
[2026-05-17T21:18:02.616+0000] {processor.py:183} INFO - Processing /home/airflow/.local/lib/python3.8/site-packages/airflow/example_dags/example_datasets.py took 0.113 seconds
[2026-05-17T21:18:33.168+0000] {processor.py:161} INFO - Started process (PID=2448) to work on /home/airflow/.local/lib/python3.8/site-packages/airflow/example_dags/example_datasets.py
[2026-05-17T21:18:33.169+0000] {processor.py:830} INFO - Processing file /home/airflow/.local/lib/python3.8/site-packages/airflow/example_dags/example_datasets.py for tasks to queue
[2026-05-17T21:18:33.172+0000] {logging_mixin.py:188} INFO - [2026-05-17T21:18:33.171+0000] {dagbag.py:540} INFO - Filling up the DagBag from /home/airflow/.local/lib/python3.8/site-packages/airflow/example_dags/example_datasets.py
[2026-05-17T21:18:33.184+0000] {processor.py:840} INFO - DAG(s) 'dataset_consumes_unknown_never_scheduled', 'dataset_consumes_1_never_scheduled', 'dataset_produces_2', 'dataset_consumes_1_and_2', 'dataset_consumes_1', 'dataset_produces_1' retrieved from /home/airflow/.local/lib/python3.8/site-packages/airflow/example_dags/example_datasets.py
[2026-05-17T21:18:33.219+0000] {logging_mixin.py:188} INFO - [2026-05-17T21:18:33.219+0000] {dag.py:3047} INFO - Sync 6 DAGs
[2026-05-17T21:18:33.243+0000] {logging_mixin.py:188} INFO - [2026-05-17T21:18:33.242+0000] {dag.py:3834} INFO - Setting next_dagrun for dataset_consumes_1 to None, run_after=None
[2026-05-17T21:18:33.246+0000] {logging_mixin.py:188} INFO - [2026-05-17T21:18:33.246+0000] {dag.py:3834} INFO - Setting next_dagrun for dataset_consumes_1_and_2 to None, run_after=None
[2026-05-17T21:18:33.247+0000] {logging_mixin.py:188} INFO - [2026-05-17T21:18:33.247+0000] {dag.py:3834} INFO - Setting next_dagrun for dataset_consumes_1_never_scheduled to None, run_after=None
[2026-05-17T21:18:33.249+0000] {logging_mixin.py:188} INFO - [2026-05-17T21:18:33.249+0000] {dag.py:3834} INFO - Setting next_dagrun for dataset_consumes_unknown_never_scheduled to None, run_after=None
[2026-05-17T21:18:33.251+0000] {logging_mixin.py:188} INFO - [2026-05-17T21:18:33.251+0000] {dag.py:3834} INFO - Setting next_dagrun for dataset_produces_1 to 2026-05-16 00:00:00+00:00, run_after=2026-05-17 00:00:00+00:00
[2026-05-17T21:18:33.252+0000] {logging_mixin.py:188} INFO - [2026-05-17T21:18:33.252+0000] {dag.py:3834} INFO - Setting next_dagrun for dataset_produces_2 to None, run_after=None
[2026-05-17T21:18:33.285+0000] {processor.py:183} INFO - Processing /home/airflow/.local/lib/python3.8/site-packages/airflow/example_dags/example_datasets.py took 0.122 seconds
[2026-05-17T21:19:03.569+0000] {processor.py:161} INFO - Started process (PID=2503) to work on /home/airflow/.local/lib/python3.8/site-packages/airflow/example_dags/example_datasets.py
[2026-05-17T21:19:03.571+0000] {processor.py:830} INFO - Processing file /home/airflow/.local/lib/python3.8/site-packages/airflow/example_dags/example_datasets.py for tasks to queue
[2026-05-17T21:19:03.573+0000] {logging_mixin.py:188} INFO - [2026-05-17T21:19:03.572+0000] {dagbag.py:540} INFO - Filling up the DagBag from /home/airflow/.local/lib/python3.8/site-packages/airflow/example_dags/example_datasets.py
[2026-05-17T21:19:03.581+0000] {processor.py:840} INFO - DAG(s) 'dataset_produces_1', 'dataset_consumes_unknown_never_scheduled', 'dataset_produces_2', 'dataset_consumes_1', 'dataset_consumes_1_never_scheduled', 'dataset_consumes_1_and_2' retrieved from /home/airflow/.local/lib/python3.8/site-packages/airflow/example_dags/example_datasets.py
[2026-05-17T21:19:03.620+0000] {logging_mixin.py:188} INFO - [2026-05-17T21:19:03.620+0000] {dag.py:3047} INFO - Sync 6 DAGs
[2026-05-17T21:19:03.645+0000] {logging_mixin.py:188} INFO - [2026-05-17T21:19:03.645+0000] {dag.py:3834} INFO - Setting next_dagrun for dataset_consumes_1 to None, run_after=None
[2026-05-17T21:19:03.653+0000] {logging_mixin.py:188} INFO - [2026-05-17T21:19:03.652+0000] {dag.py:3834} INFO - Setting next_dagrun for dataset_consumes_1_and_2 to None, run_after=None
[2026-05-17T21:19:03.657+0000] {logging_mixin.py:188} INFO - [2026-05-17T21:19:03.657+0000] {dag.py:3834} INFO - Setting next_dagrun for dataset_consumes_1_never_scheduled to None, run_after=None
[2026-05-17T21:19:03.660+0000] {logging_mixin.py:188} INFO - [2026-05-17T21:19:03.659+0000] {dag.py:3834} INFO - Setting next_dagrun for dataset_consumes_unknown_never_scheduled to None, run_after=None
[2026-05-17T21:19:03.664+0000] {logging_mixin.py:188} INFO - [2026-05-17T21:19:03.663+0000] {dag.py:3834} INFO - Setting next_dagrun for dataset_produces_1 to 2026-05-16 00:00:00+00:00, run_after=2026-05-17 00:00:00+00:00
[2026-05-17T21:19:03.665+0000] {logging_mixin.py:188} INFO - [2026-05-17T21:19:03.665+0000] {dag.py:3834} INFO - Setting next_dagrun for dataset_produces_2 to None, run_after=None
[2026-05-17T21:19:03.698+0000] {processor.py:183} INFO - Processing /home/airflow/.local/lib/python3.8/site-packages/airflow/example_dags/example_datasets.py took 0.132 seconds
[2026-05-17T21:19:33.803+0000] {processor.py:161} INFO - Started process (PID=2558) to work on /home/airflow/.local/lib/python3.8/site-packages/airflow/example_dags/example_datasets.py
[2026-05-17T21:19:33.804+0000] {processor.py:830} INFO - Processing file /home/airflow/.local/lib/python3.8/site-packages/airflow/example_dags/example_datasets.py for tasks to queue
[2026-05-17T21:19:33.806+0000] {logging_mixin.py:188} INFO - [2026-05-17T21:19:33.805+0000] {dagbag.py:540} INFO - Filling up the DagBag from /home/airflow/.local/lib/python3.8/site-packages/airflow/example_dags/example_datasets.py
[2026-05-17T21:19:33.814+0000] {processor.py:840} INFO - DAG(s) 'dataset_produces_1', 'dataset_consumes_1_never_scheduled', 'dataset_produces_2', 'dataset_consumes_1', 'dataset_consumes_unknown_never_scheduled', 'dataset_consumes_1_and_2' retrieved from /home/airflow/.local/lib/python3.8/site-packages/airflow/example_dags/example_datasets.py
[2026-05-17T21:19:33.842+0000] {logging_mixin.py:188} INFO - [2026-05-17T21:19:33.842+0000] {dag.py:3047} INFO - Sync 6 DAGs
[2026-05-17T21:19:33.860+0000] {logging_mixin.py:188} INFO - [2026-05-17T21:19:33.860+0000] {dag.py:3834} INFO - Setting next_dagrun for dataset_consumes_1 to None, run_after=None
[2026-05-17T21:19:33.864+0000] {logging_mixin.py:188} INFO - [2026-05-17T21:19:33.864+0000] {dag.py:3834} INFO - Setting next_dagrun for dataset_consumes_1_and_2 to None, run_after=None
[2026-05-17T21:19:33.867+0000] {logging_mixin.py:188} INFO - [2026-05-17T21:19:33.866+0000] {dag.py:3834} INFO - Setting next_dagrun for dataset_consumes_1_never_scheduled to None, run_after=None
[2026-05-17T21:19:33.868+0000] {logging_mixin.py:188} INFO - [2026-05-17T21:19:33.868+0000] {dag.py:3834} INFO - Setting next_dagrun for dataset_consumes_unknown_never_scheduled to None, run_after=None
[2026-05-17T21:19:33.870+0000] {logging_mixin.py:188} INFO - [2026-05-17T21:19:33.870+0000] {dag.py:3834} INFO - Setting next_dagrun for dataset_produces_1 to 2026-05-16 00:00:00+00:00, run_after=2026-05-17 00:00:00+00:00
[2026-05-17T21:19:33.872+0000] {logging_mixin.py:188} INFO - [2026-05-17T21:19:33.872+0000] {dag.py:3834} INFO - Setting next_dagrun for dataset_produces_2 to None, run_after=None
[2026-05-17T21:19:33.922+0000] {processor.py:183} INFO - Processing /home/airflow/.local/lib/python3.8/site-packages/airflow/example_dags/example_datasets.py took 0.122 seconds
[2026-05-17T21:20:04.856+0000] {processor.py:161} INFO - Started process (PID=2613) to work on /home/airflow/.local/lib/python3.8/site-packages/airflow/example_dags/example_datasets.py
[2026-05-17T21:20:04.857+0000] {processor.py:830} INFO - Processing file /home/airflow/.local/lib/python3.8/site-packages/airflow/example_dags/example_datasets.py for tasks to queue
[2026-05-17T21:20:04.858+0000] {logging_mixin.py:188} INFO - [2026-05-17T21:20:04.858+0000] {dagbag.py:540} INFO - Filling up the DagBag from /home/airflow/.local/lib/python3.8/site-packages/airflow/example_dags/example_datasets.py
[2026-05-17T21:20:04.867+0000] {processor.py:840} INFO - DAG(s) 'dataset_consumes_1_and_2', 'dataset_consumes_1_never_scheduled', 'dataset_produces_1', 'dataset_consumes_unknown_never_scheduled', 'dataset_consumes_1', 'dataset_produces_2' retrieved from /home/airflow/.local/lib/python3.8/site-packages/airflow/example_dags/example_datasets.py
[2026-05-17T21:20:04.895+0000] {logging_mixin.py:188} INFO - [2026-05-17T21:20:04.895+0000] {dag.py:3047} INFO - Sync 6 DAGs
[2026-05-17T21:20:04.914+0000] {logging_mixin.py:188} INFO - [2026-05-17T21:20:04.914+0000] {dag.py:3834} INFO - Setting next_dagrun for dataset_consumes_1 to None, run_after=None
[2026-05-17T21:20:04.919+0000] {logging_mixin.py:188} INFO - [2026-05-17T21:20:04.918+0000] {dag.py:3834} INFO - Setting next_dagrun for dataset_consumes_1_and_2 to None, run_after=None
[2026-05-17T21:20:04.920+0000] {logging_mixin.py:188} INFO - [2026-05-17T21:20:04.920+0000] {dag.py:3834} INFO - Setting next_dagrun for dataset_consumes_1_never_scheduled to None, run_after=None
[2026-05-17T21:20:04.922+0000] {logging_mixin.py:188} INFO - [2026-05-17T21:20:04.921+0000] {dag.py:3834} INFO - Setting next_dagrun for dataset_consumes_unknown_never_scheduled to None, run_after=None
[2026-05-17T21:20:04.924+0000] {logging_mixin.py:188} INFO - [2026-05-17T21:20:04.924+0000] {dag.py:3834} INFO - Setting next_dagrun for dataset_produces_1 to 2026-05-16 00:00:00+00:00, run_after=2026-05-17 00:00:00+00:00
[2026-05-17T21:20:04.925+0000] {logging_mixin.py:188} INFO - [2026-05-17T21:20:04.925+0000] {dag.py:3834} INFO - Setting next_dagrun for dataset_produces_2 to None, run_after=None
[2026-05-17T21:20:04.958+0000] {processor.py:183} INFO - Processing /home/airflow/.local/lib/python3.8/site-packages/airflow/example_dags/example_datasets.py took 0.105 seconds
[2026-05-17T21:20:35.089+0000] {processor.py:161} INFO - Started process (PID=2668) to work on /home/airflow/.local/lib/python3.8/site-packages/airflow/example_dags/example_datasets.py
[2026-05-17T21:20:35.091+0000] {processor.py:830} INFO - Processing file /home/airflow/.local/lib/python3.8/site-packages/airflow/example_dags/example_datasets.py for tasks to queue
[2026-05-17T21:20:35.095+0000] {logging_mixin.py:188} INFO - [2026-05-17T21:20:35.094+0000] {dagbag.py:540} INFO - Filling up the DagBag from /home/airflow/.local/lib/python3.8/site-packages/airflow/example_dags/example_datasets.py
[2026-05-17T21:20:35.114+0000] {processor.py:840} INFO - DAG(s) 'dataset_produces_2', 'dataset_consumes_unknown_never_scheduled', 'dataset_produces_1', 'dataset_consumes_1_and_2', 'dataset_consumes_1', 'dataset_consumes_1_never_scheduled' retrieved from /home/airflow/.local/lib/python3.8/site-packages/airflow/example_dags/example_datasets.py
[2026-05-17T21:20:35.172+0000] {logging_mixin.py:188} INFO - [2026-05-17T21:20:35.172+0000] {dag.py:3047} INFO - Sync 6 DAGs
[2026-05-17T21:20:35.193+0000] {logging_mixin.py:188} INFO - [2026-05-17T21:20:35.193+0000] {dag.py:3834} INFO - Setting next_dagrun for dataset_consumes_1 to None, run_after=None
[2026-05-17T21:20:35.197+0000] {logging_mixin.py:188} INFO - [2026-05-17T21:20:35.197+0000] {dag.py:3834} INFO - Setting next_dagrun for dataset_consumes_1_and_2 to None, run_after=None
[2026-05-17T21:20:35.199+0000] {logging_mixin.py:188} INFO - [2026-05-17T21:20:35.199+0000] {dag.py:3834} INFO - Setting next_dagrun for dataset_consumes_1_never_scheduled to None, run_after=None
[2026-05-17T21:20:35.201+0000] {logging_mixin.py:188} INFO - [2026-05-17T21:20:35.201+0000] {dag.py:3834} INFO - Setting next_dagrun for dataset_consumes_unknown_never_scheduled to None, run_after=None
[2026-05-17T21:20:35.205+0000] {logging_mixin.py:188} INFO - [2026-05-17T21:20:35.205+0000] {dag.py:3834} INFO - Setting next_dagrun for dataset_produces_1 to 2026-05-16 00:00:00+00:00, run_after=2026-05-17 00:00:00+00:00
[2026-05-17T21:20:35.208+0000] {logging_mixin.py:188} INFO - [2026-05-17T21:20:35.207+0000] {dag.py:3834} INFO - Setting next_dagrun for dataset_produces_2 to None, run_after=None
[2026-05-17T21:20:35.244+0000] {processor.py:183} INFO - Processing /home/airflow/.local/lib/python3.8/site-packages/airflow/example_dags/example_datasets.py took 0.159 seconds
[2026-05-17T21:21:05.303+0000] {processor.py:161} INFO - Started process (PID=2723) to work on /home/airflow/.local/lib/python3.8/site-packages/airflow/example_dags/example_datasets.py
[2026-05-17T21:21:05.305+0000] {processor.py:830} INFO - Processing file /home/airflow/.local/lib/python3.8/site-packages/airflow/example_dags/example_datasets.py for tasks to queue
[2026-05-17T21:21:05.307+0000] {logging_mixin.py:188} INFO - [2026-05-17T21:21:05.307+0000] {dagbag.py:540} INFO - Filling up the DagBag from /home/airflow/.local/lib/python3.8/site-packages/airflow/example_dags/example_datasets.py
[2026-05-17T21:21:05.315+0000] {processor.py:840} INFO - DAG(s) 'dataset_consumes_1_never_scheduled', 'dataset_consumes_unknown_never_scheduled', 'dataset_produces_2', 'dataset_produces_1', 'dataset_consumes_1_and_2', 'dataset_consumes_1' retrieved from /home/airflow/.local/lib/python3.8/site-packages/airflow/example_dags/example_datasets.py
[2026-05-17T21:21:05.342+0000] {logging_mixin.py:188} INFO - [2026-05-17T21:21:05.342+0000] {dag.py:3047} INFO - Sync 6 DAGs
[2026-05-17T21:21:05.360+0000] {logging_mixin.py:188} INFO - [2026-05-17T21:21:05.360+0000] {dag.py:3834} INFO - Setting next_dagrun for dataset_consumes_1 to None, run_after=None
[2026-05-17T21:21:05.363+0000] {logging_mixin.py:188} INFO - [2026-05-17T21:21:05.363+0000] {dag.py:3834} INFO - Setting next_dagrun for dataset_consumes_1_and_2 to None, run_after=None
[2026-05-17T21:21:05.364+0000] {logging_mixin.py:188} INFO - [2026-05-17T21:21:05.364+0000] {dag.py:3834} INFO - Setting next_dagrun for dataset_consumes_1_never_scheduled to None, run_after=None
[2026-05-17T21:21:05.366+0000] {logging_mixin.py:188} INFO - [2026-05-17T21:21:05.366+0000] {dag.py:3834} INFO - Setting next_dagrun for dataset_consumes_unknown_never_scheduled to None, run_after=None
[2026-05-17T21:21:05.369+0000] {logging_mixin.py:188} INFO - [2026-05-17T21:21:05.369+0000] {dag.py:3834} INFO - Setting next_dagrun for dataset_produces_1 to 2026-05-16 00:00:00+00:00, run_after=2026-05-17 00:00:00+00:00
[2026-05-17T21:21:05.371+0000] {logging_mixin.py:188} INFO - [2026-05-17T21:21:05.371+0000] {dag.py:3834} INFO - Setting next_dagrun for dataset_produces_2 to None, run_after=None
[2026-05-17T21:21:05.399+0000] {processor.py:183} INFO - Processing /home/airflow/.local/lib/python3.8/site-packages/airflow/example_dags/example_datasets.py took 0.099 seconds
[2026-05-17T21:21:35.560+0000] {processor.py:161} INFO - Started process (PID=2778) to work on /home/airflow/.local/lib/python3.8/site-packages/airflow/example_dags/example_datasets.py
[2026-05-17T21:21:35.562+0000] {processor.py:830} INFO - Processing file /home/airflow/.local/lib/python3.8/site-packages/airflow/example_dags/example_datasets.py for tasks to queue
[2026-05-17T21:21:35.564+0000] {logging_mixin.py:188} INFO - [2026-05-17T21:21:35.563+0000] {dagbag.py:540} INFO - Filling up the DagBag from /home/airflow/.local/lib/python3.8/site-packages/airflow/example_dags/example_datasets.py
[2026-05-17T21:21:35.572+0000] {processor.py:840} INFO - DAG(s) 'dataset_consumes_1_and_2', 'dataset_consumes_unknown_never_scheduled', 'dataset_consumes_1', 'dataset_consumes_1_never_scheduled', 'dataset_produces_1', 'dataset_produces_2' retrieved from /home/airflow/.local/lib/python3.8/site-packages/airflow/example_dags/example_datasets.py
[2026-05-17T21:21:35.606+0000] {logging_mixin.py:188} INFO - [2026-05-17T21:21:35.606+0000] {dag.py:3047} INFO - Sync 6 DAGs
[2026-05-17T21:21:35.627+0000] {logging_mixin.py:188} INFO - [2026-05-17T21:21:35.627+0000] {dag.py:3834} INFO - Setting next_dagrun for dataset_consumes_1 to None, run_after=None
[2026-05-17T21:21:35.630+0000] {logging_mixin.py:188} INFO - [2026-05-17T21:21:35.630+0000] {dag.py:3834} INFO - Setting next_dagrun for dataset_consumes_1_and_2 to None, run_after=None
[2026-05-17T21:21:35.632+0000] {logging_mixin.py:188} INFO - [2026-05-17T21:21:35.632+0000] {dag.py:3834} INFO - Setting next_dagrun for dataset_consumes_1_never_scheduled to None, run_after=None
[2026-05-17T21:21:35.634+0000] {logging_mixin.py:188} INFO - [2026-05-17T21:21:35.634+0000] {dag.py:3834} INFO - Setting next_dagrun for dataset_consumes_unknown_never_scheduled to None, run_after=None
[2026-05-17T21:21:35.637+0000] {logging_mixin.py:188} INFO - [2026-05-17T21:21:35.637+0000] {dag.py:3834} INFO - Setting next_dagrun for dataset_produces_1 to 2026-05-16 00:00:00+00:00, run_after=2026-05-17 00:00:00+00:00
[2026-05-17T21:21:35.638+0000] {logging_mixin.py:188} INFO - [2026-05-17T21:21:35.638+0000] {dag.py:3834} INFO - Setting next_dagrun for dataset_produces_2 to None, run_after=None
[2026-05-17T21:21:35.675+0000] {processor.py:183} INFO - Processing /home/airflow/.local/lib/python3.8/site-packages/airflow/example_dags/example_datasets.py took 0.117 seconds
[2026-05-17T21:22:06.014+0000] {processor.py:161} INFO - Started process (PID=2833) to work on /home/airflow/.local/lib/python3.8/site-packages/airflow/example_dags/example_datasets.py
[2026-05-17T21:22:06.015+0000] {processor.py:830} INFO - Processing file /home/airflow/.local/lib/python3.8/site-packages/airflow/example_dags/example_datasets.py for tasks to queue
[2026-05-17T21:22:06.018+0000] {logging_mixin.py:188} INFO - [2026-05-17T21:22:06.017+0000] {dagbag.py:540} INFO - Filling up the DagBag from /home/airflow/.local/lib/python3.8/site-packages/airflow/example_dags/example_datasets.py
[2026-05-17T21:22:06.026+0000] {processor.py:840} INFO - DAG(s) 'dataset_consumes_1', 'dataset_consumes_1_and_2', 'dataset_consumes_unknown_never_scheduled', 'dataset_consumes_1_never_scheduled', 'dataset_produces_1', 'dataset_produces_2' retrieved from /home/airflow/.local/lib/python3.8/site-packages/airflow/example_dags/example_datasets.py
[2026-05-17T21:22:06.060+0000] {logging_mixin.py:188} INFO - [2026-05-17T21:22:06.060+0000] {dag.py:3047} INFO - Sync 6 DAGs
[2026-05-17T21:22:06.080+0000] {logging_mixin.py:188} INFO - [2026-05-17T21:22:06.080+0000] {dag.py:3834} INFO - Setting next_dagrun for dataset_consumes_1 to None, run_after=None
[2026-05-17T21:22:06.083+0000] {logging_mixin.py:188} INFO - [2026-05-17T21:22:06.083+0000] {dag.py:3834} INFO - Setting next_dagrun for dataset_consumes_1_and_2 to None, run_after=None
[2026-05-17T21:22:06.085+0000] {logging_mixin.py:188} INFO - [2026-05-17T21:22:06.085+0000] {dag.py:3834} INFO - Setting next_dagrun for dataset_consumes_1_never_scheduled to None, run_after=None
[2026-05-17T21:22:06.087+0000] {logging_mixin.py:188} INFO - [2026-05-17T21:22:06.087+0000] {dag.py:3834} INFO - Setting next_dagrun for dataset_consumes_unknown_never_scheduled to None, run_after=None
[2026-05-17T21:22:06.090+0000] {logging_mixin.py:188} INFO - [2026-05-17T21:22:06.090+0000] {dag.py:3834} INFO - Setting next_dagrun for dataset_produces_1 to 2026-05-16 00:00:00+00:00, run_after=2026-05-17 00:00:00+00:00
[2026-05-17T21:22:06.092+0000] {logging_mixin.py:188} INFO - [2026-05-17T21:22:06.092+0000] {dag.py:3834} INFO - Setting next_dagrun for dataset_produces_2 to None, run_after=None
[2026-05-17T21:22:06.124+0000] {processor.py:183} INFO - Processing /home/airflow/.local/lib/python3.8/site-packages/airflow/example_dags/example_datasets.py took 0.114 seconds
[2026-05-17T21:22:36.966+0000] {processor.py:161} INFO - Started process (PID=2888) to work on /home/airflow/.local/lib/python3.8/site-packages/airflow/example_dags/example_datasets.py
[2026-05-17T21:22:36.968+0000] {processor.py:830} INFO - Processing file /home/airflow/.local/lib/python3.8/site-packages/airflow/example_dags/example_datasets.py for tasks to queue
[2026-05-17T21:22:36.970+0000] {logging_mixin.py:188} INFO - [2026-05-17T21:22:36.970+0000] {dagbag.py:540} INFO - Filling up the DagBag from /home/airflow/.local/lib/python3.8/site-packages/airflow/example_dags/example_datasets.py
[2026-05-17T21:22:36.983+0000] {processor.py:840} INFO - DAG(s) 'dataset_consumes_1_never_scheduled', 'dataset_consumes_unknown_never_scheduled', 'dataset_produces_2', 'dataset_consumes_1', 'dataset_consumes_1_and_2', 'dataset_produces_1' retrieved from /home/airflow/.local/lib/python3.8/site-packages/airflow/example_dags/example_datasets.py
[2026-05-17T21:22:37.020+0000] {logging_mixin.py:188} INFO - [2026-05-17T21:22:37.020+0000] {dag.py:3047} INFO - Sync 6 DAGs
[2026-05-17T21:22:37.041+0000] {logging_mixin.py:188} INFO - [2026-05-17T21:22:37.041+0000] {dag.py:3834} INFO - Setting next_dagrun for dataset_consumes_1 to None, run_after=None
[2026-05-17T21:22:37.045+0000] {logging_mixin.py:188} INFO - [2026-05-17T21:22:37.045+0000] {dag.py:3834} INFO - Setting next_dagrun for dataset_consumes_1_and_2 to None, run_after=None
[2026-05-17T21:22:37.048+0000] {logging_mixin.py:188} INFO - [2026-05-17T21:22:37.047+0000] {dag.py:3834} INFO - Setting next_dagrun for dataset_consumes_1_never_scheduled to None, run_after=None
[2026-05-17T21:22:37.050+0000] {logging_mixin.py:188} INFO - [2026-05-17T21:22:37.049+0000] {dag.py:3834} INFO - Setting next_dagrun for dataset_consumes_unknown_never_scheduled to None, run_after=None
[2026-05-17T21:22:37.052+0000] {logging_mixin.py:188} INFO - [2026-05-17T21:22:37.052+0000] {dag.py:3834} INFO - Setting next_dagrun for dataset_produces_1 to 2026-05-16 00:00:00+00:00, run_after=2026-05-17 00:00:00+00:00
[2026-05-17T21:22:37.055+0000] {logging_mixin.py:188} INFO - [2026-05-17T21:22:37.054+0000] {dag.py:3834} INFO - Setting next_dagrun for dataset_produces_2 to None, run_after=None
[2026-05-17T21:22:37.086+0000] {processor.py:183} INFO - Processing /home/airflow/.local/lib/python3.8/site-packages/airflow/example_dags/example_datasets.py took 0.123 seconds
[2026-05-17T21:23:07.924+0000] {processor.py:161} INFO - Started process (PID=2943) to work on /home/airflow/.local/lib/python3.8/site-packages/airflow/example_dags/example_datasets.py
[2026-05-17T21:23:07.925+0000] {processor.py:830} INFO - Processing file /home/airflow/.local/lib/python3.8/site-packages/airflow/example_dags/example_datasets.py for tasks to queue
[2026-05-17T21:23:07.928+0000] {logging_mixin.py:188} INFO - [2026-05-17T21:23:07.927+0000] {dagbag.py:540} INFO - Filling up the DagBag from /home/airflow/.local/lib/python3.8/site-packages/airflow/example_dags/example_datasets.py
[2026-05-17T21:23:07.935+0000] {processor.py:840} INFO - DAG(s) 'dataset_consumes_1_and_2', 'dataset_consumes_1', 'dataset_consumes_unknown_never_scheduled', 'dataset_produces_1', 'dataset_consumes_1_never_scheduled', 'dataset_produces_2' retrieved from /home/airflow/.local/lib/python3.8/site-packages/airflow/example_dags/example_datasets.py
[2026-05-17T21:23:07.969+0000] {logging_mixin.py:188} INFO - [2026-05-17T21:23:07.968+0000] {dag.py:3047} INFO - Sync 6 DAGs
[2026-05-17T21:23:07.988+0000] {logging_mixin.py:188} INFO - [2026-05-17T21:23:07.988+0000] {dag.py:3834} INFO - Setting next_dagrun for dataset_consumes_1 to None, run_after=None
[2026-05-17T21:23:07.992+0000] {logging_mixin.py:188} INFO - [2026-05-17T21:23:07.992+0000] {dag.py:3834} INFO - Setting next_dagrun for dataset_consumes_1_and_2 to None, run_after=None
[2026-05-17T21:23:07.994+0000] {logging_mixin.py:188} INFO - [2026-05-17T21:23:07.994+0000] {dag.py:3834} INFO - Setting next_dagrun for dataset_consumes_1_never_scheduled to None, run_after=None
[2026-05-17T21:23:07.995+0000] {logging_mixin.py:188} INFO - [2026-05-17T21:23:07.995+0000] {dag.py:3834} INFO - Setting next_dagrun for dataset_consumes_unknown_never_scheduled to None, run_after=None
[2026-05-17T21:23:07.998+0000] {logging_mixin.py:188} INFO - [2026-05-17T21:23:07.997+0000] {dag.py:3834} INFO - Setting next_dagrun for dataset_produces_1 to 2026-05-16 00:00:00+00:00, run_after=2026-05-17 00:00:00+00:00
[2026-05-17T21:23:07.999+0000] {logging_mixin.py:188} INFO - [2026-05-17T21:23:07.999+0000] {dag.py:3834} INFO - Setting next_dagrun for dataset_produces_2 to None, run_after=None
[2026-05-17T21:23:08.030+0000] {processor.py:183} INFO - Processing /home/airflow/.local/lib/python3.8/site-packages/airflow/example_dags/example_datasets.py took 0.111 seconds
[2026-05-17T21:23:38.203+0000] {processor.py:161} INFO - Started process (PID=2999) to work on /home/airflow/.local/lib/python3.8/site-packages/airflow/example_dags/example_datasets.py
[2026-05-17T21:23:38.204+0000] {processor.py:830} INFO - Processing file /home/airflow/.local/lib/python3.8/site-packages/airflow/example_dags/example_datasets.py for tasks to queue
[2026-05-17T21:23:38.207+0000] {logging_mixin.py:188} INFO - [2026-05-17T21:23:38.206+0000] {dagbag.py:540} INFO - Filling up the DagBag from /home/airflow/.local/lib/python3.8/site-packages/airflow/example_dags/example_datasets.py
[2026-05-17T21:23:38.218+0000] {processor.py:840} INFO - DAG(s) 'dataset_consumes_1', 'dataset_consumes_unknown_never_scheduled', 'dataset_produces_2', 'dataset_consumes_1_never_scheduled', 'dataset_consumes_1_and_2', 'dataset_produces_1' retrieved from /home/airflow/.local/lib/python3.8/site-packages/airflow/example_dags/example_datasets.py
[2026-05-17T21:23:38.247+0000] {logging_mixin.py:188} INFO - [2026-05-17T21:23:38.246+0000] {dag.py:3047} INFO - Sync 6 DAGs
[2026-05-17T21:23:38.265+0000] {logging_mixin.py:188} INFO - [2026-05-17T21:23:38.265+0000] {dag.py:3834} INFO - Setting next_dagrun for dataset_consumes_1 to None, run_after=None
[2026-05-17T21:23:38.269+0000] {logging_mixin.py:188} INFO - [2026-05-17T21:23:38.268+0000] {dag.py:3834} INFO - Setting next_dagrun for dataset_consumes_1_and_2 to None, run_after=None
[2026-05-17T21:23:38.270+0000] {logging_mixin.py:188} INFO - [2026-05-17T21:23:38.270+0000] {dag.py:3834} INFO - Setting next_dagrun for dataset_consumes_1_never_scheduled to None, run_after=None
[2026-05-17T21:23:38.272+0000] {logging_mixin.py:188} INFO - [2026-05-17T21:23:38.272+0000] {dag.py:3834} INFO - Setting next_dagrun for dataset_consumes_unknown_never_scheduled to None, run_after=None
[2026-05-17T21:23:38.274+0000] {logging_mixin.py:188} INFO - [2026-05-17T21:23:38.274+0000] {dag.py:3834} INFO - Setting next_dagrun for dataset_produces_1 to 2026-05-16 00:00:00+00:00, run_after=2026-05-17 00:00:00+00:00
[2026-05-17T21:23:38.276+0000] {logging_mixin.py:188} INFO - [2026-05-17T21:23:38.275+0000] {dag.py:3834} INFO - Setting next_dagrun for dataset_produces_2 to None, run_after=None
[2026-05-17T21:23:38.308+0000] {processor.py:183} INFO - Processing /home/airflow/.local/lib/python3.8/site-packages/airflow/example_dags/example_datasets.py took 0.108 seconds
[2026-05-17T21:24:09.163+0000] {processor.py:161} INFO - Started process (PID=3054) to work on /home/airflow/.local/lib/python3.8/site-packages/airflow/example_dags/example_datasets.py
[2026-05-17T21:24:09.165+0000] {processor.py:830} INFO - Processing file /home/airflow/.local/lib/python3.8/site-packages/airflow/example_dags/example_datasets.py for tasks to queue
[2026-05-17T21:24:09.166+0000] {logging_mixin.py:188} INFO - [2026-05-17T21:24:09.166+0000] {dagbag.py:540} INFO - Filling up the DagBag from /home/airflow/.local/lib/python3.8/site-packages/airflow/example_dags/example_datasets.py
[2026-05-17T21:24:09.175+0000] {processor.py:840} INFO - DAG(s) 'dataset_consumes_1_and_2', 'dataset_consumes_1_never_scheduled', 'dataset_consumes_unknown_never_scheduled', 'dataset_consumes_1', 'dataset_produces_1', 'dataset_produces_2' retrieved from /home/airflow/.local/lib/python3.8/site-packages/airflow/example_dags/example_datasets.py
[2026-05-17T21:24:09.205+0000] {logging_mixin.py:188} INFO - [2026-05-17T21:24:09.205+0000] {dag.py:3047} INFO - Sync 6 DAGs
[2026-05-17T21:24:09.222+0000] {logging_mixin.py:188} INFO - [2026-05-17T21:24:09.222+0000] {dag.py:3834} INFO - Setting next_dagrun for dataset_consumes_1 to None, run_after=None
[2026-05-17T21:24:09.226+0000] {logging_mixin.py:188} INFO - [2026-05-17T21:24:09.226+0000] {dag.py:3834} INFO - Setting next_dagrun for dataset_consumes_1_and_2 to None, run_after=None
[2026-05-17T21:24:09.227+0000] {logging_mixin.py:188} INFO - [2026-05-17T21:24:09.227+0000] {dag.py:3834} INFO - Setting next_dagrun for dataset_consumes_1_never_scheduled to None, run_after=None
[2026-05-17T21:24:09.228+0000] {logging_mixin.py:188} INFO - [2026-05-17T21:24:09.228+0000] {dag.py:3834} INFO - Setting next_dagrun for dataset_consumes_unknown_never_scheduled to None, run_after=None
[2026-05-17T21:24:09.231+0000] {logging_mixin.py:188} INFO - [2026-05-17T21:24:09.231+0000] {dag.py:3834} INFO - Setting next_dagrun for dataset_produces_1 to 2026-05-16 00:00:00+00:00, run_after=2026-05-17 00:00:00+00:00
[2026-05-17T21:24:09.232+0000] {logging_mixin.py:188} INFO - [2026-05-17T21:24:09.232+0000] {dag.py:3834} INFO - Setting next_dagrun for dataset_produces_2 to None, run_after=None
[2026-05-17T21:24:09.259+0000] {processor.py:183} INFO - Processing /home/airflow/.local/lib/python3.8/site-packages/airflow/example_dags/example_datasets.py took 0.100 seconds
[2026-05-17T21:24:39.988+0000] {processor.py:161} INFO - Started process (PID=3109) to work on /home/airflow/.local/lib/python3.8/site-packages/airflow/example_dags/example_datasets.py
[2026-05-17T21:24:39.989+0000] {processor.py:830} INFO - Processing file /home/airflow/.local/lib/python3.8/site-packages/airflow/example_dags/example_datasets.py for tasks to queue
[2026-05-17T21:24:39.991+0000] {logging_mixin.py:188} INFO - [2026-05-17T21:24:39.990+0000] {dagbag.py:540} INFO - Filling up the DagBag from /home/airflow/.local/lib/python3.8/site-packages/airflow/example_dags/example_datasets.py
[2026-05-17T21:24:39.999+0000] {processor.py:840} INFO - DAG(s) 'dataset_produces_2', 'dataset_consumes_1_never_scheduled', 'dataset_consumes_1', 'dataset_consumes_unknown_never_scheduled', 'dataset_consumes_1_and_2', 'dataset_produces_1' retrieved from /home/airflow/.local/lib/python3.8/site-packages/airflow/example_dags/example_datasets.py
[2026-05-17T21:24:40.025+0000] {logging_mixin.py:188} INFO - [2026-05-17T21:24:40.025+0000] {dag.py:3047} INFO - Sync 6 DAGs
[2026-05-17T21:24:40.042+0000] {logging_mixin.py:188} INFO - [2026-05-17T21:24:40.042+0000] {dag.py:3834} INFO - Setting next_dagrun for dataset_consumes_1 to None, run_after=None
[2026-05-17T21:24:40.045+0000] {logging_mixin.py:188} INFO - [2026-05-17T21:24:40.045+0000] {dag.py:3834} INFO - Setting next_dagrun for dataset_consumes_1_and_2 to None, run_after=None
[2026-05-17T21:24:40.047+0000] {logging_mixin.py:188} INFO - [2026-05-17T21:24:40.046+0000] {dag.py:3834} INFO - Setting next_dagrun for dataset_consumes_1_never_scheduled to None, run_after=None
[2026-05-17T21:24:40.048+0000] {logging_mixin.py:188} INFO - [2026-05-17T21:24:40.048+0000] {dag.py:3834} INFO - Setting next_dagrun for dataset_consumes_unknown_never_scheduled to None, run_after=None
[2026-05-17T21:24:40.050+0000] {logging_mixin.py:188} INFO - [2026-05-17T21:24:40.050+0000] {dag.py:3834} INFO - Setting next_dagrun for dataset_produces_1 to 2026-05-16 00:00:00+00:00, run_after=2026-05-17 00:00:00+00:00
[2026-05-17T21:24:40.051+0000] {logging_mixin.py:188} INFO - [2026-05-17T21:24:40.051+0000] {dag.py:3834} INFO - Setting next_dagrun for dataset_produces_2 to None, run_after=None
[2026-05-17T21:24:40.086+0000] {processor.py:183} INFO - Processing /home/airflow/.local/lib/python3.8/site-packages/airflow/example_dags/example_datasets.py took 0.101 seconds
[2026-05-17T21:25:10.945+0000] {processor.py:161} INFO - Started process (PID=3164) to work on /home/airflow/.local/lib/python3.8/site-packages/airflow/example_dags/example_datasets.py
[2026-05-17T21:25:10.946+0000] {processor.py:830} INFO - Processing file /home/airflow/.local/lib/python3.8/site-packages/airflow/example_dags/example_datasets.py for tasks to queue
[2026-05-17T21:25:10.948+0000] {logging_mixin.py:188} INFO - [2026-05-17T21:25:10.948+0000] {dagbag.py:540} INFO - Filling up the DagBag from /home/airflow/.local/lib/python3.8/site-packages/airflow/example_dags/example_datasets.py
[2026-05-17T21:25:10.959+0000] {processor.py:840} INFO - DAG(s) 'dataset_consumes_1_and_2', 'dataset_produces_2', 'dataset_produces_1', 'dataset_consumes_1_never_scheduled', 'dataset_consumes_unknown_never_scheduled', 'dataset_consumes_1' retrieved from /home/airflow/.local/lib/python3.8/site-packages/airflow/example_dags/example_datasets.py
[2026-05-17T21:25:10.988+0000] {logging_mixin.py:188} INFO - [2026-05-17T21:25:10.988+0000] {dag.py:3047} INFO - Sync 6 DAGs
[2026-05-17T21:25:11.006+0000] {logging_mixin.py:188} INFO - [2026-05-17T21:25:11.006+0000] {dag.py:3834} INFO - Setting next_dagrun for dataset_consumes_1 to None, run_after=None
[2026-05-17T21:25:11.010+0000] {logging_mixin.py:188} INFO - [2026-05-17T21:25:11.009+0000] {dag.py:3834} INFO - Setting next_dagrun for dataset_consumes_1_and_2 to None, run_after=None
[2026-05-17T21:25:11.011+0000] {logging_mixin.py:188} INFO - [2026-05-17T21:25:11.011+0000] {dag.py:3834} INFO - Setting next_dagrun for dataset_consumes_1_never_scheduled to None, run_after=None
[2026-05-17T21:25:11.012+0000] {logging_mixin.py:188} INFO - [2026-05-17T21:25:11.012+0000] {dag.py:3834} INFO - Setting next_dagrun for dataset_consumes_unknown_never_scheduled to None, run_after=None
[2026-05-17T21:25:11.014+0000] {logging_mixin.py:188} INFO - [2026-05-17T21:25:11.014+0000] {dag.py:3834} INFO - Setting next_dagrun for dataset_produces_1 to 2026-05-16 00:00:00+00:00, run_after=2026-05-17 00:00:00+00:00
[2026-05-17T21:25:11.015+0000] {logging_mixin.py:188} INFO - [2026-05-17T21:25:11.015+0000] {dag.py:3834} INFO - Setting next_dagrun for dataset_produces_2 to None, run_after=None
[2026-05-17T21:25:11.043+0000] {processor.py:183} INFO - Processing /home/airflow/.local/lib/python3.8/site-packages/airflow/example_dags/example_datasets.py took 0.101 seconds
[2026-05-17T21:25:41.753+0000] {processor.py:161} INFO - Started process (PID=3219) to work on /home/airflow/.local/lib/python3.8/site-packages/airflow/example_dags/example_datasets.py
[2026-05-17T21:25:41.755+0000] {processor.py:830} INFO - Processing file /home/airflow/.local/lib/python3.8/site-packages/airflow/example_dags/example_datasets.py for tasks to queue
[2026-05-17T21:25:41.757+0000] {logging_mixin.py:188} INFO - [2026-05-17T21:25:41.757+0000] {dagbag.py:540} INFO - Filling up the DagBag from /home/airflow/.local/lib/python3.8/site-packages/airflow/example_dags/example_datasets.py
[2026-05-17T21:25:41.765+0000] {processor.py:840} INFO - DAG(s) 'dataset_consumes_1_never_scheduled', 'dataset_consumes_1_and_2', 'dataset_consumes_1', 'dataset_consumes_unknown_never_scheduled', 'dataset_produces_2', 'dataset_produces_1' retrieved from /home/airflow/.local/lib/python3.8/site-packages/airflow/example_dags/example_datasets.py
[2026-05-17T21:25:41.804+0000] {logging_mixin.py:188} INFO - [2026-05-17T21:25:41.804+0000] {dag.py:3047} INFO - Sync 6 DAGs
[2026-05-17T21:25:41.823+0000] {logging_mixin.py:188} INFO - [2026-05-17T21:25:41.822+0000] {dag.py:3834} INFO - Setting next_dagrun for dataset_consumes_1 to None, run_after=None
[2026-05-17T21:25:41.827+0000] {logging_mixin.py:188} INFO - [2026-05-17T21:25:41.827+0000] {dag.py:3834} INFO - Setting next_dagrun for dataset_consumes_1_and_2 to None, run_after=None
[2026-05-17T21:25:41.829+0000] {logging_mixin.py:188} INFO - [2026-05-17T21:25:41.829+0000] {dag.py:3834} INFO - Setting next_dagrun for dataset_consumes_1_never_scheduled to None, run_after=None
[2026-05-17T21:25:41.830+0000] {logging_mixin.py:188} INFO - [2026-05-17T21:25:41.830+0000] {dag.py:3834} INFO - Setting next_dagrun for dataset_consumes_unknown_never_scheduled to None, run_after=None
[2026-05-17T21:25:41.833+0000] {logging_mixin.py:188} INFO - [2026-05-17T21:25:41.832+0000] {dag.py:3834} INFO - Setting next_dagrun for dataset_produces_1 to 2026-05-16 00:00:00+00:00, run_after=2026-05-17 00:00:00+00:00
[2026-05-17T21:25:41.835+0000] {logging_mixin.py:188} INFO - [2026-05-17T21:25:41.835+0000] {dag.py:3834} INFO - Setting next_dagrun for dataset_produces_2 to None, run_after=None
[2026-05-17T21:25:41.866+0000] {processor.py:183} INFO - Processing /home/airflow/.local/lib/python3.8/site-packages/airflow/example_dags/example_datasets.py took 0.117 seconds
[2026-05-17T21:26:12.451+0000] {processor.py:161} INFO - Started process (PID=3274) to work on /home/airflow/.local/lib/python3.8/site-packages/airflow/example_dags/example_datasets.py
[2026-05-17T21:26:12.452+0000] {processor.py:830} INFO - Processing file /home/airflow/.local/lib/python3.8/site-packages/airflow/example_dags/example_datasets.py for tasks to queue
[2026-05-17T21:26:12.454+0000] {logging_mixin.py:188} INFO - [2026-05-17T21:26:12.453+0000] {dagbag.py:540} INFO - Filling up the DagBag from /home/airflow/.local/lib/python3.8/site-packages/airflow/example_dags/example_datasets.py
[2026-05-17T21:26:12.461+0000] {processor.py:840} INFO - DAG(s) 'dataset_consumes_unknown_never_scheduled', 'dataset_consumes_1', 'dataset_consumes_1_and_2', 'dataset_produces_1', 'dataset_produces_2', 'dataset_consumes_1_never_scheduled' retrieved from /home/airflow/.local/lib/python3.8/site-packages/airflow/example_dags/example_datasets.py
[2026-05-17T21:26:12.487+0000] {logging_mixin.py:188} INFO - [2026-05-17T21:26:12.487+0000] {dag.py:3047} INFO - Sync 6 DAGs
[2026-05-17T21:26:12.505+0000] {logging_mixin.py:188} INFO - [2026-05-17T21:26:12.505+0000] {dag.py:3834} INFO - Setting next_dagrun for dataset_consumes_1 to None, run_after=None
[2026-05-17T21:26:12.508+0000] {logging_mixin.py:188} INFO - [2026-05-17T21:26:12.507+0000] {dag.py:3834} INFO - Setting next_dagrun for dataset_consumes_1_and_2 to None, run_after=None
[2026-05-17T21:26:12.509+0000] {logging_mixin.py:188} INFO - [2026-05-17T21:26:12.509+0000] {dag.py:3834} INFO - Setting next_dagrun for dataset_consumes_1_never_scheduled to None, run_after=None
[2026-05-17T21:26:12.511+0000] {logging_mixin.py:188} INFO - [2026-05-17T21:26:12.511+0000] {dag.py:3834} INFO - Setting next_dagrun for dataset_consumes_unknown_never_scheduled to None, run_after=None
[2026-05-17T21:26:12.513+0000] {logging_mixin.py:188} INFO - [2026-05-17T21:26:12.513+0000] {dag.py:3834} INFO - Setting next_dagrun for dataset_produces_1 to 2026-05-16 00:00:00+00:00, run_after=2026-05-17 00:00:00+00:00
[2026-05-17T21:26:12.514+0000] {logging_mixin.py:188} INFO - [2026-05-17T21:26:12.514+0000] {dag.py:3834} INFO - Setting next_dagrun for dataset_produces_2 to None, run_after=None
[2026-05-17T21:26:12.546+0000] {processor.py:183} INFO - Processing /home/airflow/.local/lib/python3.8/site-packages/airflow/example_dags/example_datasets.py took 0.098 seconds
[2026-05-17T21:26:43.382+0000] {processor.py:161} INFO - Started process (PID=3329) to work on /home/airflow/.local/lib/python3.8/site-packages/airflow/example_dags/example_datasets.py
[2026-05-17T21:26:43.384+0000] {processor.py:830} INFO - Processing file /home/airflow/.local/lib/python3.8/site-packages/airflow/example_dags/example_datasets.py for tasks to queue
[2026-05-17T21:26:43.386+0000] {logging_mixin.py:188} INFO - [2026-05-17T21:26:43.385+0000] {dagbag.py:540} INFO - Filling up the DagBag from /home/airflow/.local/lib/python3.8/site-packages/airflow/example_dags/example_datasets.py
[2026-05-17T21:26:43.394+0000] {processor.py:840} INFO - DAG(s) 'dataset_consumes_1', 'dataset_consumes_1_and_2', 'dataset_consumes_1_never_scheduled', 'dataset_produces_1', 'dataset_consumes_unknown_never_scheduled', 'dataset_produces_2' retrieved from /home/airflow/.local/lib/python3.8/site-packages/airflow/example_dags/example_datasets.py
[2026-05-17T21:26:43.423+0000] {logging_mixin.py:188} INFO - [2026-05-17T21:26:43.423+0000] {dag.py:3047} INFO - Sync 6 DAGs
[2026-05-17T21:26:43.443+0000] {logging_mixin.py:188} INFO - [2026-05-17T21:26:43.443+0000] {dag.py:3834} INFO - Setting next_dagrun for dataset_consumes_1 to None, run_after=None
[2026-05-17T21:26:43.446+0000] {logging_mixin.py:188} INFO - [2026-05-17T21:26:43.446+0000] {dag.py:3834} INFO - Setting next_dagrun for dataset_consumes_1_and_2 to None, run_after=None
[2026-05-17T21:26:43.448+0000] {logging_mixin.py:188} INFO - [2026-05-17T21:26:43.447+0000] {dag.py:3834} INFO - Setting next_dagrun for dataset_consumes_1_never_scheduled to None, run_after=None
[2026-05-17T21:26:43.449+0000] {logging_mixin.py:188} INFO - [2026-05-17T21:26:43.449+0000] {dag.py:3834} INFO - Setting next_dagrun for dataset_consumes_unknown_never_scheduled to None, run_after=None
[2026-05-17T21:26:43.451+0000] {logging_mixin.py:188} INFO - [2026-05-17T21:26:43.451+0000] {dag.py:3834} INFO - Setting next_dagrun for dataset_produces_1 to 2026-05-16 00:00:00+00:00, run_after=2026-05-17 00:00:00+00:00
[2026-05-17T21:26:43.452+0000] {logging_mixin.py:188} INFO - [2026-05-17T21:26:43.452+0000] {dag.py:3834} INFO - Setting next_dagrun for dataset_produces_2 to None, run_after=None
[2026-05-17T21:26:43.486+0000] {processor.py:183} INFO - Processing /home/airflow/.local/lib/python3.8/site-packages/airflow/example_dags/example_datasets.py took 0.107 seconds
[2026-05-17T21:27:14.323+0000] {processor.py:161} INFO - Started process (PID=3390) to work on /home/airflow/.local/lib/python3.8/site-packages/airflow/example_dags/example_datasets.py
[2026-05-17T21:27:14.325+0000] {processor.py:830} INFO - Processing file /home/airflow/.local/lib/python3.8/site-packages/airflow/example_dags/example_datasets.py for tasks to queue
[2026-05-17T21:27:14.327+0000] {logging_mixin.py:188} INFO - [2026-05-17T21:27:14.327+0000] {dagbag.py:540} INFO - Filling up the DagBag from /home/airflow/.local/lib/python3.8/site-packages/airflow/example_dags/example_datasets.py
[2026-05-17T21:27:14.335+0000] {processor.py:840} INFO - DAG(s) 'dataset_consumes_1', 'dataset_produces_2', 'dataset_consumes_1_and_2', 'dataset_produces_1', 'dataset_consumes_unknown_never_scheduled', 'dataset_consumes_1_never_scheduled' retrieved from /home/airflow/.local/lib/python3.8/site-packages/airflow/example_dags/example_datasets.py
[2026-05-17T21:27:14.369+0000] {logging_mixin.py:188} INFO - [2026-05-17T21:27:14.368+0000] {dag.py:3047} INFO - Sync 6 DAGs
[2026-05-17T21:27:14.388+0000] {logging_mixin.py:188} INFO - [2026-05-17T21:27:14.388+0000] {dag.py:3834} INFO - Setting next_dagrun for dataset_consumes_1 to None, run_after=None
[2026-05-17T21:27:14.392+0000] {logging_mixin.py:188} INFO - [2026-05-17T21:27:14.391+0000] {dag.py:3834} INFO - Setting next_dagrun for dataset_consumes_1_and_2 to None, run_after=None
[2026-05-17T21:27:14.394+0000] {logging_mixin.py:188} INFO - [2026-05-17T21:27:14.394+0000] {dag.py:3834} INFO - Setting next_dagrun for dataset_consumes_1_never_scheduled to None, run_after=None
[2026-05-17T21:27:14.397+0000] {logging_mixin.py:188} INFO - [2026-05-17T21:27:14.397+0000] {dag.py:3834} INFO - Setting next_dagrun for dataset_consumes_unknown_never_scheduled to None, run_after=None
[2026-05-17T21:27:14.402+0000] {logging_mixin.py:188} INFO - [2026-05-17T21:27:14.402+0000] {dag.py:3834} INFO - Setting next_dagrun for dataset_produces_1 to 2026-05-16 00:00:00+00:00, run_after=2026-05-17 00:00:00+00:00
[2026-05-17T21:27:14.405+0000] {logging_mixin.py:188} INFO - [2026-05-17T21:27:14.405+0000] {dag.py:3834} INFO - Setting next_dagrun for dataset_produces_2 to None, run_after=None
[2026-05-17T21:27:14.443+0000] {processor.py:183} INFO - Processing /home/airflow/.local/lib/python3.8/site-packages/airflow/example_dags/example_datasets.py took 0.123 seconds
[2026-05-17T21:27:45.132+0000] {processor.py:161} INFO - Started process (PID=3445) to work on /home/airflow/.local/lib/python3.8/site-packages/airflow/example_dags/example_datasets.py
[2026-05-17T21:27:45.133+0000] {processor.py:830} INFO - Processing file /home/airflow/.local/lib/python3.8/site-packages/airflow/example_dags/example_datasets.py for tasks to queue
[2026-05-17T21:27:45.135+0000] {logging_mixin.py:188} INFO - [2026-05-17T21:27:45.135+0000] {dagbag.py:540} INFO - Filling up the DagBag from /home/airflow/.local/lib/python3.8/site-packages/airflow/example_dags/example_datasets.py
[2026-05-17T21:27:45.143+0000] {processor.py:840} INFO - DAG(s) 'dataset_produces_2', 'dataset_consumes_1_never_scheduled', 'dataset_produces_1', 'dataset_consumes_unknown_never_scheduled', 'dataset_consumes_1_and_2', 'dataset_consumes_1' retrieved from /home/airflow/.local/lib/python3.8/site-packages/airflow/example_dags/example_datasets.py
[2026-05-17T21:27:45.170+0000] {logging_mixin.py:188} INFO - [2026-05-17T21:27:45.170+0000] {dag.py:3047} INFO - Sync 6 DAGs
[2026-05-17T21:27:45.188+0000] {logging_mixin.py:188} INFO - [2026-05-17T21:27:45.188+0000] {dag.py:3834} INFO - Setting next_dagrun for dataset_consumes_1 to None, run_after=None
[2026-05-17T21:27:45.195+0000] {logging_mixin.py:188} INFO - [2026-05-17T21:27:45.195+0000] {dag.py:3834} INFO - Setting next_dagrun for dataset_consumes_1_and_2 to None, run_after=None
[2026-05-17T21:27:45.196+0000] {logging_mixin.py:188} INFO - [2026-05-17T21:27:45.196+0000] {dag.py:3834} INFO - Setting next_dagrun for dataset_consumes_1_never_scheduled to None, run_after=None
[2026-05-17T21:27:45.198+0000] {logging_mixin.py:188} INFO - [2026-05-17T21:27:45.197+0000] {dag.py:3834} INFO - Setting next_dagrun for dataset_consumes_unknown_never_scheduled to None, run_after=None
[2026-05-17T21:27:45.200+0000] {logging_mixin.py:188} INFO - [2026-05-17T21:27:45.200+0000] {dag.py:3834} INFO - Setting next_dagrun for dataset_produces_1 to 2026-05-16 00:00:00+00:00, run_after=2026-05-17 00:00:00+00:00
[2026-05-17T21:27:45.201+0000] {logging_mixin.py:188} INFO - [2026-05-17T21:27:45.201+0000] {dag.py:3834} INFO - Setting next_dagrun for dataset_produces_2 to None, run_after=None
[2026-05-17T21:27:45.229+0000] {processor.py:183} INFO - Processing /home/airflow/.local/lib/python3.8/site-packages/airflow/example_dags/example_datasets.py took 0.099 seconds
[2026-05-17T21:28:15.439+0000] {processor.py:161} INFO - Started process (PID=3501) to work on /home/airflow/.local/lib/python3.8/site-packages/airflow/example_dags/example_datasets.py
[2026-05-17T21:28:15.441+0000] {processor.py:830} INFO - Processing file /home/airflow/.local/lib/python3.8/site-packages/airflow/example_dags/example_datasets.py for tasks to queue
[2026-05-17T21:28:15.443+0000] {logging_mixin.py:188} INFO - [2026-05-17T21:28:15.442+0000] {dagbag.py:540} INFO - Filling up the DagBag from /home/airflow/.local/lib/python3.8/site-packages/airflow/example_dags/example_datasets.py
[2026-05-17T21:28:15.453+0000] {processor.py:840} INFO - DAG(s) 'dataset_consumes_1_never_scheduled', 'dataset_consumes_1_and_2', 'dataset_consumes_1', 'dataset_consumes_unknown_never_scheduled', 'dataset_produces_2', 'dataset_produces_1' retrieved from /home/airflow/.local/lib/python3.8/site-packages/airflow/example_dags/example_datasets.py
[2026-05-17T21:28:15.484+0000] {logging_mixin.py:188} INFO - [2026-05-17T21:28:15.484+0000] {dag.py:3047} INFO - Sync 6 DAGs
[2026-05-17T21:28:15.504+0000] {logging_mixin.py:188} INFO - [2026-05-17T21:28:15.504+0000] {dag.py:3834} INFO - Setting next_dagrun for dataset_consumes_1 to None, run_after=None
[2026-05-17T21:28:15.508+0000] {logging_mixin.py:188} INFO - [2026-05-17T21:28:15.508+0000] {dag.py:3834} INFO - Setting next_dagrun for dataset_consumes_1_and_2 to None, run_after=None
[2026-05-17T21:28:15.510+0000] {logging_mixin.py:188} INFO - [2026-05-17T21:28:15.510+0000] {dag.py:3834} INFO - Setting next_dagrun for dataset_consumes_1_never_scheduled to None, run_after=None
[2026-05-17T21:28:15.511+0000] {logging_mixin.py:188} INFO - [2026-05-17T21:28:15.511+0000] {dag.py:3834} INFO - Setting next_dagrun for dataset_consumes_unknown_never_scheduled to None, run_after=None
[2026-05-17T21:28:15.515+0000] {logging_mixin.py:188} INFO - [2026-05-17T21:28:15.515+0000] {dag.py:3834} INFO - Setting next_dagrun for dataset_produces_1 to 2026-05-16 00:00:00+00:00, run_after=2026-05-17 00:00:00+00:00
[2026-05-17T21:28:15.517+0000] {logging_mixin.py:188} INFO - [2026-05-17T21:28:15.517+0000] {dag.py:3834} INFO - Setting next_dagrun for dataset_produces_2 to None, run_after=None
[2026-05-17T21:28:15.545+0000] {processor.py:183} INFO - Processing /home/airflow/.local/lib/python3.8/site-packages/airflow/example_dags/example_datasets.py took 0.108 seconds
[2026-05-17T21:28:45.837+0000] {processor.py:161} INFO - Started process (PID=3556) to work on /home/airflow/.local/lib/python3.8/site-packages/airflow/example_dags/example_datasets.py
[2026-05-17T21:28:45.838+0000] {processor.py:830} INFO - Processing file /home/airflow/.local/lib/python3.8/site-packages/airflow/example_dags/example_datasets.py for tasks to queue
[2026-05-17T21:28:45.841+0000] {logging_mixin.py:188} INFO - [2026-05-17T21:28:45.841+0000] {dagbag.py:540} INFO - Filling up the DagBag from /home/airflow/.local/lib/python3.8/site-packages/airflow/example_dags/example_datasets.py
[2026-05-17T21:28:45.852+0000] {processor.py:840} INFO - DAG(s) 'dataset_produces_2', 'dataset_consumes_unknown_never_scheduled', 'dataset_consumes_1_and_2', 'dataset_consumes_1', 'dataset_consumes_1_never_scheduled', 'dataset_produces_1' retrieved from /home/airflow/.local/lib/python3.8/site-packages/airflow/example_dags/example_datasets.py
[2026-05-17T21:28:45.889+0000] {logging_mixin.py:188} INFO - [2026-05-17T21:28:45.889+0000] {dag.py:3047} INFO - Sync 6 DAGs
[2026-05-17T21:28:45.913+0000] {logging_mixin.py:188} INFO - [2026-05-17T21:28:45.913+0000] {dag.py:3834} INFO - Setting next_dagrun for dataset_consumes_1 to None, run_after=None
[2026-05-17T21:28:45.918+0000] {logging_mixin.py:188} INFO - [2026-05-17T21:28:45.918+0000] {dag.py:3834} INFO - Setting next_dagrun for dataset_consumes_1_and_2 to None, run_after=None
[2026-05-17T21:28:45.920+0000] {logging_mixin.py:188} INFO - [2026-05-17T21:28:45.919+0000] {dag.py:3834} INFO - Setting next_dagrun for dataset_consumes_1_never_scheduled to None, run_after=None
[2026-05-17T21:28:45.921+0000] {logging_mixin.py:188} INFO - [2026-05-17T21:28:45.921+0000] {dag.py:3834} INFO - Setting next_dagrun for dataset_consumes_unknown_never_scheduled to None, run_after=None
[2026-05-17T21:28:45.924+0000] {logging_mixin.py:188} INFO - [2026-05-17T21:28:45.924+0000] {dag.py:3834} INFO - Setting next_dagrun for dataset_produces_1 to 2026-05-16 00:00:00+00:00, run_after=2026-05-17 00:00:00+00:00
[2026-05-17T21:28:45.927+0000] {logging_mixin.py:188} INFO - [2026-05-17T21:28:45.927+0000] {dag.py:3834} INFO - Setting next_dagrun for dataset_produces_2 to None, run_after=None
[2026-05-17T21:28:45.967+0000] {processor.py:183} INFO - Processing /home/airflow/.local/lib/python3.8/site-packages/airflow/example_dags/example_datasets.py took 0.134 seconds
[2026-05-17T21:29:16.056+0000] {processor.py:161} INFO - Started process (PID=3610) to work on /home/airflow/.local/lib/python3.8/site-packages/airflow/example_dags/example_datasets.py
[2026-05-17T21:29:16.058+0000] {processor.py:830} INFO - Processing file /home/airflow/.local/lib/python3.8/site-packages/airflow/example_dags/example_datasets.py for tasks to queue
[2026-05-17T21:29:16.060+0000] {logging_mixin.py:188} INFO - [2026-05-17T21:29:16.060+0000] {dagbag.py:540} INFO - Filling up the DagBag from /home/airflow/.local/lib/python3.8/site-packages/airflow/example_dags/example_datasets.py
[2026-05-17T21:29:16.070+0000] {processor.py:840} INFO - DAG(s) 'dataset_consumes_unknown_never_scheduled', 'dataset_consumes_1', 'dataset_produces_1', 'dataset_produces_2', 'dataset_consumes_1_and_2', 'dataset_consumes_1_never_scheduled' retrieved from /home/airflow/.local/lib/python3.8/site-packages/airflow/example_dags/example_datasets.py
[2026-05-17T21:29:16.112+0000] {logging_mixin.py:188} INFO - [2026-05-17T21:29:16.112+0000] {dag.py:3047} INFO - Sync 6 DAGs
[2026-05-17T21:29:16.138+0000] {logging_mixin.py:188} INFO - [2026-05-17T21:29:16.137+0000] {dag.py:3834} INFO - Setting next_dagrun for dataset_consumes_1 to None, run_after=None
[2026-05-17T21:29:16.144+0000] {logging_mixin.py:188} INFO - [2026-05-17T21:29:16.144+0000] {dag.py:3834} INFO - Setting next_dagrun for dataset_consumes_1_and_2 to None, run_after=None
[2026-05-17T21:29:16.147+0000] {logging_mixin.py:188} INFO - [2026-05-17T21:29:16.147+0000] {dag.py:3834} INFO - Setting next_dagrun for dataset_consumes_1_never_scheduled to None, run_after=None
[2026-05-17T21:29:16.150+0000] {logging_mixin.py:188} INFO - [2026-05-17T21:29:16.149+0000] {dag.py:3834} INFO - Setting next_dagrun for dataset_consumes_unknown_never_scheduled to None, run_after=None
[2026-05-17T21:29:16.153+0000] {logging_mixin.py:188} INFO - [2026-05-17T21:29:16.153+0000] {dag.py:3834} INFO - Setting next_dagrun for dataset_produces_1 to 2026-05-16 00:00:00+00:00, run_after=2026-05-17 00:00:00+00:00
[2026-05-17T21:29:16.157+0000] {logging_mixin.py:188} INFO - [2026-05-17T21:29:16.157+0000] {dag.py:3834} INFO - Setting next_dagrun for dataset_produces_2 to None, run_after=None
[2026-05-17T21:29:16.195+0000] {processor.py:183} INFO - Processing /home/airflow/.local/lib/python3.8/site-packages/airflow/example_dags/example_datasets.py took 0.144 seconds
[2026-05-17T21:29:47.028+0000] {processor.py:161} INFO - Started process (PID=3666) to work on /home/airflow/.local/lib/python3.8/site-packages/airflow/example_dags/example_datasets.py
[2026-05-17T21:29:47.030+0000] {processor.py:830} INFO - Processing file /home/airflow/.local/lib/python3.8/site-packages/airflow/example_dags/example_datasets.py for tasks to queue
[2026-05-17T21:29:47.032+0000] {logging_mixin.py:188} INFO - [2026-05-17T21:29:47.031+0000] {dagbag.py:540} INFO - Filling up the DagBag from /home/airflow/.local/lib/python3.8/site-packages/airflow/example_dags/example_datasets.py
[2026-05-17T21:29:47.043+0000] {processor.py:840} INFO - DAG(s) 'dataset_consumes_1_and_2', 'dataset_produces_2', 'dataset_produces_1', 'dataset_consumes_unknown_never_scheduled', 'dataset_consumes_1', 'dataset_consumes_1_never_scheduled' retrieved from /home/airflow/.local/lib/python3.8/site-packages/airflow/example_dags/example_datasets.py
[2026-05-17T21:29:47.083+0000] {logging_mixin.py:188} INFO - [2026-05-17T21:29:47.083+0000] {dag.py:3047} INFO - Sync 6 DAGs
[2026-05-17T21:29:47.107+0000] {logging_mixin.py:188} INFO - [2026-05-17T21:29:47.107+0000] {dag.py:3834} INFO - Setting next_dagrun for dataset_consumes_1 to None, run_after=None
[2026-05-17T21:29:47.112+0000] {logging_mixin.py:188} INFO - [2026-05-17T21:29:47.112+0000] {dag.py:3834} INFO - Setting next_dagrun for dataset_consumes_1_and_2 to None, run_after=None
[2026-05-17T21:29:47.114+0000] {logging_mixin.py:188} INFO - [2026-05-17T21:29:47.114+0000] {dag.py:3834} INFO - Setting next_dagrun for dataset_consumes_1_never_scheduled to None, run_after=None
[2026-05-17T21:29:47.116+0000] {logging_mixin.py:188} INFO - [2026-05-17T21:29:47.116+0000] {dag.py:3834} INFO - Setting next_dagrun for dataset_consumes_unknown_never_scheduled to None, run_after=None
[2026-05-17T21:29:47.119+0000] {logging_mixin.py:188} INFO - [2026-05-17T21:29:47.118+0000] {dag.py:3834} INFO - Setting next_dagrun for dataset_produces_1 to 2026-05-16 00:00:00+00:00, run_after=2026-05-17 00:00:00+00:00
[2026-05-17T21:29:47.121+0000] {logging_mixin.py:188} INFO - [2026-05-17T21:29:47.121+0000] {dag.py:3834} INFO - Setting next_dagrun for dataset_produces_2 to None, run_after=None
[2026-05-17T21:29:47.160+0000] {processor.py:183} INFO - Processing /home/airflow/.local/lib/python3.8/site-packages/airflow/example_dags/example_datasets.py took 0.137 seconds
[2026-05-17T21:30:17.389+0000] {processor.py:161} INFO - Started process (PID=3720) to work on /home/airflow/.local/lib/python3.8/site-packages/airflow/example_dags/example_datasets.py
[2026-05-17T21:30:17.391+0000] {processor.py:830} INFO - Processing file /home/airflow/.local/lib/python3.8/site-packages/airflow/example_dags/example_datasets.py for tasks to queue
[2026-05-17T21:30:17.392+0000] {logging_mixin.py:188} INFO - [2026-05-17T21:30:17.392+0000] {dagbag.py:540} INFO - Filling up the DagBag from /home/airflow/.local/lib/python3.8/site-packages/airflow/example_dags/example_datasets.py
[2026-05-17T21:30:17.404+0000] {processor.py:840} INFO - DAG(s) 'dataset_produces_2', 'dataset_produces_1', 'dataset_consumes_1_never_scheduled', 'dataset_consumes_1_and_2', 'dataset_consumes_unknown_never_scheduled', 'dataset_consumes_1' retrieved from /home/airflow/.local/lib/python3.8/site-packages/airflow/example_dags/example_datasets.py
[2026-05-17T21:30:17.439+0000] {logging_mixin.py:188} INFO - [2026-05-17T21:30:17.438+0000] {dag.py:3047} INFO - Sync 6 DAGs
[2026-05-17T21:30:17.459+0000] {logging_mixin.py:188} INFO - [2026-05-17T21:30:17.459+0000] {dag.py:3834} INFO - Setting next_dagrun for dataset_consumes_1 to None, run_after=None
[2026-05-17T21:30:17.462+0000] {logging_mixin.py:188} INFO - [2026-05-17T21:30:17.462+0000] {dag.py:3834} INFO - Setting next_dagrun for dataset_consumes_1_and_2 to None, run_after=None
[2026-05-17T21:30:17.464+0000] {logging_mixin.py:188} INFO - [2026-05-17T21:30:17.464+0000] {dag.py:3834} INFO - Setting next_dagrun for dataset_consumes_1_never_scheduled to None, run_after=None
[2026-05-17T21:30:17.468+0000] {logging_mixin.py:188} INFO - [2026-05-17T21:30:17.468+0000] {dag.py:3834} INFO - Setting next_dagrun for dataset_consumes_unknown_never_scheduled to None, run_after=None
[2026-05-17T21:30:17.471+0000] {logging_mixin.py:188} INFO - [2026-05-17T21:30:17.471+0000] {dag.py:3834} INFO - Setting next_dagrun for dataset_produces_1 to 2026-05-16 00:00:00+00:00, run_after=2026-05-17 00:00:00+00:00
[2026-05-17T21:30:17.473+0000] {logging_mixin.py:188} INFO - [2026-05-17T21:30:17.473+0000] {dag.py:3834} INFO - Setting next_dagrun for dataset_produces_2 to None, run_after=None
[2026-05-17T21:30:17.508+0000] {processor.py:183} INFO - Processing /home/airflow/.local/lib/python3.8/site-packages/airflow/example_dags/example_datasets.py took 0.122 seconds
[2026-05-17T21:30:47.744+0000] {processor.py:161} INFO - Started process (PID=3775) to work on /home/airflow/.local/lib/python3.8/site-packages/airflow/example_dags/example_datasets.py
[2026-05-17T21:30:47.745+0000] {processor.py:830} INFO - Processing file /home/airflow/.local/lib/python3.8/site-packages/airflow/example_dags/example_datasets.py for tasks to queue
[2026-05-17T21:30:47.747+0000] {logging_mixin.py:188} INFO - [2026-05-17T21:30:47.747+0000] {dagbag.py:540} INFO - Filling up the DagBag from /home/airflow/.local/lib/python3.8/site-packages/airflow/example_dags/example_datasets.py
[2026-05-17T21:30:47.755+0000] {processor.py:840} INFO - DAG(s) 'dataset_consumes_1_never_scheduled', 'dataset_produces_2', 'dataset_consumes_1', 'dataset_consumes_1_and_2', 'dataset_consumes_unknown_never_scheduled', 'dataset_produces_1' retrieved from /home/airflow/.local/lib/python3.8/site-packages/airflow/example_dags/example_datasets.py
[2026-05-17T21:30:47.788+0000] {logging_mixin.py:188} INFO - [2026-05-17T21:30:47.788+0000] {dag.py:3047} INFO - Sync 6 DAGs
[2026-05-17T21:30:47.810+0000] {logging_mixin.py:188} INFO - [2026-05-17T21:30:47.809+0000] {dag.py:3834} INFO - Setting next_dagrun for dataset_consumes_1 to None, run_after=None
[2026-05-17T21:30:47.814+0000] {logging_mixin.py:188} INFO - [2026-05-17T21:30:47.814+0000] {dag.py:3834} INFO - Setting next_dagrun for dataset_consumes_1_and_2 to None, run_after=None
[2026-05-17T21:30:47.816+0000] {logging_mixin.py:188} INFO - [2026-05-17T21:30:47.815+0000] {dag.py:3834} INFO - Setting next_dagrun for dataset_consumes_1_never_scheduled to None, run_after=None
[2026-05-17T21:30:47.819+0000] {logging_mixin.py:188} INFO - [2026-05-17T21:30:47.818+0000] {dag.py:3834} INFO - Setting next_dagrun for dataset_consumes_unknown_never_scheduled to None, run_after=None
[2026-05-17T21:30:47.822+0000] {logging_mixin.py:188} INFO - [2026-05-17T21:30:47.822+0000] {dag.py:3834} INFO - Setting next_dagrun for dataset_produces_1 to 2026-05-16 00:00:00+00:00, run_after=2026-05-17 00:00:00+00:00
[2026-05-17T21:30:47.823+0000] {logging_mixin.py:188} INFO - [2026-05-17T21:30:47.823+0000] {dag.py:3834} INFO - Setting next_dagrun for dataset_produces_2 to None, run_after=None
[2026-05-17T21:30:47.855+0000] {processor.py:183} INFO - Processing /home/airflow/.local/lib/python3.8/site-packages/airflow/example_dags/example_datasets.py took 0.115 seconds
[2026-05-17T21:31:18.420+0000] {processor.py:161} INFO - Started process (PID=3830) to work on /home/airflow/.local/lib/python3.8/site-packages/airflow/example_dags/example_datasets.py
[2026-05-17T21:31:18.422+0000] {processor.py:830} INFO - Processing file /home/airflow/.local/lib/python3.8/site-packages/airflow/example_dags/example_datasets.py for tasks to queue
[2026-05-17T21:31:18.428+0000] {logging_mixin.py:188} INFO - [2026-05-17T21:31:18.428+0000] {dagbag.py:540} INFO - Filling up the DagBag from /home/airflow/.local/lib/python3.8/site-packages/airflow/example_dags/example_datasets.py
[2026-05-17T21:31:18.441+0000] {processor.py:840} INFO - DAG(s) 'dataset_consumes_unknown_never_scheduled', 'dataset_consumes_1', 'dataset_produces_2', 'dataset_consumes_1_and_2', 'dataset_consumes_1_never_scheduled', 'dataset_produces_1' retrieved from /home/airflow/.local/lib/python3.8/site-packages/airflow/example_dags/example_datasets.py
[2026-05-17T21:31:18.510+0000] {logging_mixin.py:188} INFO - [2026-05-17T21:31:18.509+0000] {dag.py:3047} INFO - Sync 6 DAGs
[2026-05-17T21:31:18.544+0000] {logging_mixin.py:188} INFO - [2026-05-17T21:31:18.544+0000] {dag.py:3834} INFO - Setting next_dagrun for dataset_consumes_1 to None, run_after=None
[2026-05-17T21:31:18.552+0000] {logging_mixin.py:188} INFO - [2026-05-17T21:31:18.552+0000] {dag.py:3834} INFO - Setting next_dagrun for dataset_consumes_1_and_2 to None, run_after=None
[2026-05-17T21:31:18.555+0000] {logging_mixin.py:188} INFO - [2026-05-17T21:31:18.555+0000] {dag.py:3834} INFO - Setting next_dagrun for dataset_consumes_1_never_scheduled to None, run_after=None
[2026-05-17T21:31:18.560+0000] {logging_mixin.py:188} INFO - [2026-05-17T21:31:18.560+0000] {dag.py:3834} INFO - Setting next_dagrun for dataset_consumes_unknown_never_scheduled to None, run_after=None
[2026-05-17T21:31:18.564+0000] {logging_mixin.py:188} INFO - [2026-05-17T21:31:18.564+0000] {dag.py:3834} INFO - Setting next_dagrun for dataset_produces_1 to 2026-05-16 00:00:00+00:00, run_after=2026-05-17 00:00:00+00:00
[2026-05-17T21:31:18.568+0000] {logging_mixin.py:188} INFO - [2026-05-17T21:31:18.567+0000] {dag.py:3834} INFO - Setting next_dagrun for dataset_produces_2 to None, run_after=None
[2026-05-17T21:31:18.653+0000] {processor.py:183} INFO - Processing /home/airflow/.local/lib/python3.8/site-packages/airflow/example_dags/example_datasets.py took 0.238 seconds
[2026-05-17T21:31:49.334+0000] {processor.py:161} INFO - Started process (PID=3885) to work on /home/airflow/.local/lib/python3.8/site-packages/airflow/example_dags/example_datasets.py
[2026-05-17T21:31:49.335+0000] {processor.py:830} INFO - Processing file /home/airflow/.local/lib/python3.8/site-packages/airflow/example_dags/example_datasets.py for tasks to queue
[2026-05-17T21:31:49.339+0000] {logging_mixin.py:188} INFO - [2026-05-17T21:31:49.339+0000] {dagbag.py:540} INFO - Filling up the DagBag from /home/airflow/.local/lib/python3.8/site-packages/airflow/example_dags/example_datasets.py
[2026-05-17T21:31:49.348+0000] {processor.py:840} INFO - DAG(s) 'dataset_consumes_1_never_scheduled', 'dataset_consumes_unknown_never_scheduled', 'dataset_produces_1', 'dataset_consumes_1', 'dataset_produces_2', 'dataset_consumes_1_and_2' retrieved from /home/airflow/.local/lib/python3.8/site-packages/airflow/example_dags/example_datasets.py
[2026-05-17T21:31:49.386+0000] {logging_mixin.py:188} INFO - [2026-05-17T21:31:49.385+0000] {dag.py:3047} INFO - Sync 6 DAGs
[2026-05-17T21:31:49.409+0000] {logging_mixin.py:188} INFO - [2026-05-17T21:31:49.409+0000] {dag.py:3834} INFO - Setting next_dagrun for dataset_consumes_1 to None, run_after=None
[2026-05-17T21:31:49.413+0000] {logging_mixin.py:188} INFO - [2026-05-17T21:31:49.413+0000] {dag.py:3834} INFO - Setting next_dagrun for dataset_consumes_1_and_2 to None, run_after=None
[2026-05-17T21:31:49.414+0000] {logging_mixin.py:188} INFO - [2026-05-17T21:31:49.414+0000] {dag.py:3834} INFO - Setting next_dagrun for dataset_consumes_1_never_scheduled to None, run_after=None
[2026-05-17T21:31:49.416+0000] {logging_mixin.py:188} INFO - [2026-05-17T21:31:49.416+0000] {dag.py:3834} INFO - Setting next_dagrun for dataset_consumes_unknown_never_scheduled to None, run_after=None
[2026-05-17T21:31:49.418+0000] {logging_mixin.py:188} INFO - [2026-05-17T21:31:49.418+0000] {dag.py:3834} INFO - Setting next_dagrun for dataset_produces_1 to 2026-05-16 00:00:00+00:00, run_after=2026-05-17 00:00:00+00:00
[2026-05-17T21:31:49.420+0000] {logging_mixin.py:188} INFO - [2026-05-17T21:31:49.420+0000] {dag.py:3834} INFO - Setting next_dagrun for dataset_produces_2 to None, run_after=None
[2026-05-17T21:31:49.455+0000] {processor.py:183} INFO - Processing /home/airflow/.local/lib/python3.8/site-packages/airflow/example_dags/example_datasets.py took 0.124 seconds
[2026-05-17T21:32:19.541+0000] {processor.py:161} INFO - Started process (PID=3940) to work on /home/airflow/.local/lib/python3.8/site-packages/airflow/example_dags/example_datasets.py
[2026-05-17T21:32:19.543+0000] {processor.py:830} INFO - Processing file /home/airflow/.local/lib/python3.8/site-packages/airflow/example_dags/example_datasets.py for tasks to queue
[2026-05-17T21:32:19.544+0000] {logging_mixin.py:188} INFO - [2026-05-17T21:32:19.544+0000] {dagbag.py:540} INFO - Filling up the DagBag from /home/airflow/.local/lib/python3.8/site-packages/airflow/example_dags/example_datasets.py
[2026-05-17T21:32:19.553+0000] {processor.py:840} INFO - DAG(s) 'dataset_produces_1', 'dataset_consumes_1_and_2', 'dataset_produces_2', 'dataset_consumes_unknown_never_scheduled', 'dataset_consumes_1_never_scheduled', 'dataset_consumes_1' retrieved from /home/airflow/.local/lib/python3.8/site-packages/airflow/example_dags/example_datasets.py
[2026-05-17T21:32:19.582+0000] {logging_mixin.py:188} INFO - [2026-05-17T21:32:19.582+0000] {dag.py:3047} INFO - Sync 6 DAGs
[2026-05-17T21:32:19.604+0000] {logging_mixin.py:188} INFO - [2026-05-17T21:32:19.604+0000] {dag.py:3834} INFO - Setting next_dagrun for dataset_consumes_1 to None, run_after=None
[2026-05-17T21:32:19.608+0000] {logging_mixin.py:188} INFO - [2026-05-17T21:32:19.607+0000] {dag.py:3834} INFO - Setting next_dagrun for dataset_consumes_1_and_2 to None, run_after=None
[2026-05-17T21:32:19.609+0000] {logging_mixin.py:188} INFO - [2026-05-17T21:32:19.609+0000] {dag.py:3834} INFO - Setting next_dagrun for dataset_consumes_1_never_scheduled to None, run_after=None
[2026-05-17T21:32:19.610+0000] {logging_mixin.py:188} INFO - [2026-05-17T21:32:19.610+0000] {dag.py:3834} INFO - Setting next_dagrun for dataset_consumes_unknown_never_scheduled to None, run_after=None
[2026-05-17T21:32:19.613+0000] {logging_mixin.py:188} INFO - [2026-05-17T21:32:19.613+0000] {dag.py:3834} INFO - Setting next_dagrun for dataset_produces_1 to 2026-05-16 00:00:00+00:00, run_after=2026-05-17 00:00:00+00:00
[2026-05-17T21:32:19.614+0000] {logging_mixin.py:188} INFO - [2026-05-17T21:32:19.614+0000] {dag.py:3834} INFO - Setting next_dagrun for dataset_produces_2 to None, run_after=None
[2026-05-17T21:32:19.647+0000] {processor.py:183} INFO - Processing /home/airflow/.local/lib/python3.8/site-packages/airflow/example_dags/example_datasets.py took 0.109 seconds
[2026-05-17T21:32:50.483+0000] {processor.py:161} INFO - Started process (PID=3995) to work on /home/airflow/.local/lib/python3.8/site-packages/airflow/example_dags/example_datasets.py
[2026-05-17T21:32:50.484+0000] {processor.py:830} INFO - Processing file /home/airflow/.local/lib/python3.8/site-packages/airflow/example_dags/example_datasets.py for tasks to queue
[2026-05-17T21:32:50.487+0000] {logging_mixin.py:188} INFO - [2026-05-17T21:32:50.486+0000] {dagbag.py:540} INFO - Filling up the DagBag from /home/airflow/.local/lib/python3.8/site-packages/airflow/example_dags/example_datasets.py
[2026-05-17T21:32:50.496+0000] {processor.py:840} INFO - DAG(s) 'dataset_consumes_1_and_2', 'dataset_consumes_1', 'dataset_consumes_unknown_never_scheduled', 'dataset_produces_2', 'dataset_produces_1', 'dataset_consumes_1_never_scheduled' retrieved from /home/airflow/.local/lib/python3.8/site-packages/airflow/example_dags/example_datasets.py
[2026-05-17T21:32:50.535+0000] {logging_mixin.py:188} INFO - [2026-05-17T21:32:50.535+0000] {dag.py:3047} INFO - Sync 6 DAGs
[2026-05-17T21:32:50.562+0000] {logging_mixin.py:188} INFO - [2026-05-17T21:32:50.562+0000] {dag.py:3834} INFO - Setting next_dagrun for dataset_consumes_1 to None, run_after=None
[2026-05-17T21:32:50.566+0000] {logging_mixin.py:188} INFO - [2026-05-17T21:32:50.566+0000] {dag.py:3834} INFO - Setting next_dagrun for dataset_consumes_1_and_2 to None, run_after=None
[2026-05-17T21:32:50.568+0000] {logging_mixin.py:188} INFO - [2026-05-17T21:32:50.567+0000] {dag.py:3834} INFO - Setting next_dagrun for dataset_consumes_1_never_scheduled to None, run_after=None
[2026-05-17T21:32:50.570+0000] {logging_mixin.py:188} INFO - [2026-05-17T21:32:50.570+0000] {dag.py:3834} INFO - Setting next_dagrun for dataset_consumes_unknown_never_scheduled to None, run_after=None
[2026-05-17T21:32:50.574+0000] {logging_mixin.py:188} INFO - [2026-05-17T21:32:50.574+0000] {dag.py:3834} INFO - Setting next_dagrun for dataset_produces_1 to 2026-05-16 00:00:00+00:00, run_after=2026-05-17 00:00:00+00:00
[2026-05-17T21:32:50.576+0000] {logging_mixin.py:188} INFO - [2026-05-17T21:32:50.576+0000] {dag.py:3834} INFO - Setting next_dagrun for dataset_produces_2 to None, run_after=None
[2026-05-17T21:32:50.619+0000] {processor.py:183} INFO - Processing /home/airflow/.local/lib/python3.8/site-packages/airflow/example_dags/example_datasets.py took 0.140 seconds
[2026-05-17T21:33:20.851+0000] {processor.py:161} INFO - Started process (PID=4050) to work on /home/airflow/.local/lib/python3.8/site-packages/airflow/example_dags/example_datasets.py
[2026-05-17T21:33:20.852+0000] {processor.py:830} INFO - Processing file /home/airflow/.local/lib/python3.8/site-packages/airflow/example_dags/example_datasets.py for tasks to queue
[2026-05-17T21:33:20.854+0000] {logging_mixin.py:188} INFO - [2026-05-17T21:33:20.854+0000] {dagbag.py:540} INFO - Filling up the DagBag from /home/airflow/.local/lib/python3.8/site-packages/airflow/example_dags/example_datasets.py
[2026-05-17T21:33:20.866+0000] {processor.py:840} INFO - DAG(s) 'dataset_produces_1', 'dataset_consumes_unknown_never_scheduled', 'dataset_produces_2', 'dataset_consumes_1', 'dataset_consumes_1_never_scheduled', 'dataset_consumes_1_and_2' retrieved from /home/airflow/.local/lib/python3.8/site-packages/airflow/example_dags/example_datasets.py
[2026-05-17T21:33:20.903+0000] {logging_mixin.py:188} INFO - [2026-05-17T21:33:20.903+0000] {dag.py:3047} INFO - Sync 6 DAGs
[2026-05-17T21:33:20.927+0000] {logging_mixin.py:188} INFO - [2026-05-17T21:33:20.927+0000] {dag.py:3834} INFO - Setting next_dagrun for dataset_consumes_1 to None, run_after=None
[2026-05-17T21:33:20.931+0000] {logging_mixin.py:188} INFO - [2026-05-17T21:33:20.931+0000] {dag.py:3834} INFO - Setting next_dagrun for dataset_consumes_1_and_2 to None, run_after=None
[2026-05-17T21:33:20.932+0000] {logging_mixin.py:188} INFO - [2026-05-17T21:33:20.932+0000] {dag.py:3834} INFO - Setting next_dagrun for dataset_consumes_1_never_scheduled to None, run_after=None
[2026-05-17T21:33:20.933+0000] {logging_mixin.py:188} INFO - [2026-05-17T21:33:20.933+0000] {dag.py:3834} INFO - Setting next_dagrun for dataset_consumes_unknown_never_scheduled to None, run_after=None
[2026-05-17T21:33:20.936+0000] {logging_mixin.py:188} INFO - [2026-05-17T21:33:20.936+0000] {dag.py:3834} INFO - Setting next_dagrun for dataset_produces_1 to 2026-05-16 00:00:00+00:00, run_after=2026-05-17 00:00:00+00:00
[2026-05-17T21:33:20.938+0000] {logging_mixin.py:188} INFO - [2026-05-17T21:33:20.938+0000] {dag.py:3834} INFO - Setting next_dagrun for dataset_produces_2 to None, run_after=None
[2026-05-17T21:33:20.973+0000] {processor.py:183} INFO - Processing /home/airflow/.local/lib/python3.8/site-packages/airflow/example_dags/example_datasets.py took 0.125 seconds
[2026-05-17T21:33:51.290+0000] {processor.py:161} INFO - Started process (PID=4105) to work on /home/airflow/.local/lib/python3.8/site-packages/airflow/example_dags/example_datasets.py
[2026-05-17T21:33:51.291+0000] {processor.py:830} INFO - Processing file /home/airflow/.local/lib/python3.8/site-packages/airflow/example_dags/example_datasets.py for tasks to queue
[2026-05-17T21:33:51.293+0000] {logging_mixin.py:188} INFO - [2026-05-17T21:33:51.293+0000] {dagbag.py:540} INFO - Filling up the DagBag from /home/airflow/.local/lib/python3.8/site-packages/airflow/example_dags/example_datasets.py
[2026-05-17T21:33:51.301+0000] {processor.py:840} INFO - DAG(s) 'dataset_produces_2', 'dataset_consumes_1', 'dataset_consumes_unknown_never_scheduled', 'dataset_consumes_1_never_scheduled', 'dataset_produces_1', 'dataset_consumes_1_and_2' retrieved from /home/airflow/.local/lib/python3.8/site-packages/airflow/example_dags/example_datasets.py
[2026-05-17T21:33:51.342+0000] {logging_mixin.py:188} INFO - [2026-05-17T21:33:51.341+0000] {dag.py:3047} INFO - Sync 6 DAGs
[2026-05-17T21:33:51.367+0000] {logging_mixin.py:188} INFO - [2026-05-17T21:33:51.366+0000] {dag.py:3834} INFO - Setting next_dagrun for dataset_consumes_1 to None, run_after=None
[2026-05-17T21:33:51.371+0000] {logging_mixin.py:188} INFO - [2026-05-17T21:33:51.371+0000] {dag.py:3834} INFO - Setting next_dagrun for dataset_consumes_1_and_2 to None, run_after=None
[2026-05-17T21:33:51.373+0000] {logging_mixin.py:188} INFO - [2026-05-17T21:33:51.373+0000] {dag.py:3834} INFO - Setting next_dagrun for dataset_consumes_1_never_scheduled to None, run_after=None
[2026-05-17T21:33:51.375+0000] {logging_mixin.py:188} INFO - [2026-05-17T21:33:51.375+0000] {dag.py:3834} INFO - Setting next_dagrun for dataset_consumes_unknown_never_scheduled to None, run_after=None
[2026-05-17T21:33:51.379+0000] {logging_mixin.py:188} INFO - [2026-05-17T21:33:51.379+0000] {dag.py:3834} INFO - Setting next_dagrun for dataset_produces_1 to 2026-05-16 00:00:00+00:00, run_after=2026-05-17 00:00:00+00:00
[2026-05-17T21:33:51.381+0000] {logging_mixin.py:188} INFO - [2026-05-17T21:33:51.381+0000] {dag.py:3834} INFO - Setting next_dagrun for dataset_produces_2 to None, run_after=None
[2026-05-17T21:33:51.413+0000] {processor.py:183} INFO - Processing /home/airflow/.local/lib/python3.8/site-packages/airflow/example_dags/example_datasets.py took 0.127 seconds
[2026-05-17T21:34:21.536+0000] {processor.py:161} INFO - Started process (PID=4160) to work on /home/airflow/.local/lib/python3.8/site-packages/airflow/example_dags/example_datasets.py
[2026-05-17T21:34:21.538+0000] {processor.py:830} INFO - Processing file /home/airflow/.local/lib/python3.8/site-packages/airflow/example_dags/example_datasets.py for tasks to queue
[2026-05-17T21:34:21.540+0000] {logging_mixin.py:188} INFO - [2026-05-17T21:34:21.539+0000] {dagbag.py:540} INFO - Filling up the DagBag from /home/airflow/.local/lib/python3.8/site-packages/airflow/example_dags/example_datasets.py
[2026-05-17T21:34:21.548+0000] {processor.py:840} INFO - DAG(s) 'dataset_consumes_1', 'dataset_produces_2', 'dataset_consumes_unknown_never_scheduled', 'dataset_consumes_1_never_scheduled', 'dataset_consumes_1_and_2', 'dataset_produces_1' retrieved from /home/airflow/.local/lib/python3.8/site-packages/airflow/example_dags/example_datasets.py
[2026-05-17T21:34:21.583+0000] {logging_mixin.py:188} INFO - [2026-05-17T21:34:21.582+0000] {dag.py:3047} INFO - Sync 6 DAGs
[2026-05-17T21:34:21.603+0000] {logging_mixin.py:188} INFO - [2026-05-17T21:34:21.603+0000] {dag.py:3834} INFO - Setting next_dagrun for dataset_consumes_1 to None, run_after=None
[2026-05-17T21:34:21.608+0000] {logging_mixin.py:188} INFO - [2026-05-17T21:34:21.607+0000] {dag.py:3834} INFO - Setting next_dagrun for dataset_consumes_1_and_2 to None, run_after=None
[2026-05-17T21:34:21.610+0000] {logging_mixin.py:188} INFO - [2026-05-17T21:34:21.609+0000] {dag.py:3834} INFO - Setting next_dagrun for dataset_consumes_1_never_scheduled to None, run_after=None
[2026-05-17T21:34:21.612+0000] {logging_mixin.py:188} INFO - [2026-05-17T21:34:21.611+0000] {dag.py:3834} INFO - Setting next_dagrun for dataset_consumes_unknown_never_scheduled to None, run_after=None
[2026-05-17T21:34:21.615+0000] {logging_mixin.py:188} INFO - [2026-05-17T21:34:21.614+0000] {dag.py:3834} INFO - Setting next_dagrun for dataset_produces_1 to 2026-05-16 00:00:00+00:00, run_after=2026-05-17 00:00:00+00:00
[2026-05-17T21:34:21.617+0000] {logging_mixin.py:188} INFO - [2026-05-17T21:34:21.617+0000] {dag.py:3834} INFO - Setting next_dagrun for dataset_produces_2 to None, run_after=None
[2026-05-17T21:34:21.649+0000] {processor.py:183} INFO - Processing /home/airflow/.local/lib/python3.8/site-packages/airflow/example_dags/example_datasets.py took 0.116 seconds
[2026-05-17T21:34:51.852+0000] {processor.py:161} INFO - Started process (PID=4215) to work on /home/airflow/.local/lib/python3.8/site-packages/airflow/example_dags/example_datasets.py
[2026-05-17T21:34:51.855+0000] {processor.py:830} INFO - Processing file /home/airflow/.local/lib/python3.8/site-packages/airflow/example_dags/example_datasets.py for tasks to queue
[2026-05-17T21:34:51.857+0000] {logging_mixin.py:188} INFO - [2026-05-17T21:34:51.857+0000] {dagbag.py:540} INFO - Filling up the DagBag from /home/airflow/.local/lib/python3.8/site-packages/airflow/example_dags/example_datasets.py
[2026-05-17T21:34:51.868+0000] {processor.py:840} INFO - DAG(s) 'dataset_consumes_1_and_2', 'dataset_produces_1', 'dataset_produces_2', 'dataset_consumes_unknown_never_scheduled', 'dataset_consumes_1_never_scheduled', 'dataset_consumes_1' retrieved from /home/airflow/.local/lib/python3.8/site-packages/airflow/example_dags/example_datasets.py
[2026-05-17T21:34:51.899+0000] {logging_mixin.py:188} INFO - [2026-05-17T21:34:51.899+0000] {dag.py:3047} INFO - Sync 6 DAGs
[2026-05-17T21:34:51.920+0000] {logging_mixin.py:188} INFO - [2026-05-17T21:34:51.920+0000] {dag.py:3834} INFO - Setting next_dagrun for dataset_consumes_1 to None, run_after=None
[2026-05-17T21:34:51.924+0000] {logging_mixin.py:188} INFO - [2026-05-17T21:34:51.924+0000] {dag.py:3834} INFO - Setting next_dagrun for dataset_consumes_1_and_2 to None, run_after=None
[2026-05-17T21:34:51.925+0000] {logging_mixin.py:188} INFO - [2026-05-17T21:34:51.925+0000] {dag.py:3834} INFO - Setting next_dagrun for dataset_consumes_1_never_scheduled to None, run_after=None
[2026-05-17T21:34:51.927+0000] {logging_mixin.py:188} INFO - [2026-05-17T21:34:51.927+0000] {dag.py:3834} INFO - Setting next_dagrun for dataset_consumes_unknown_never_scheduled to None, run_after=None
[2026-05-17T21:34:51.929+0000] {logging_mixin.py:188} INFO - [2026-05-17T21:34:51.929+0000] {dag.py:3834} INFO - Setting next_dagrun for dataset_produces_1 to 2026-05-16 00:00:00+00:00, run_after=2026-05-17 00:00:00+00:00
[2026-05-17T21:34:51.931+0000] {logging_mixin.py:188} INFO - [2026-05-17T21:34:51.931+0000] {dag.py:3834} INFO - Setting next_dagrun for dataset_produces_2 to None, run_after=None
[2026-05-17T21:34:51.971+0000] {processor.py:183} INFO - Processing /home/airflow/.local/lib/python3.8/site-packages/airflow/example_dags/example_datasets.py took 0.122 seconds
[2026-05-17T21:35:22.139+0000] {processor.py:161} INFO - Started process (PID=4270) to work on /home/airflow/.local/lib/python3.8/site-packages/airflow/example_dags/example_datasets.py
[2026-05-17T21:35:22.140+0000] {processor.py:830} INFO - Processing file /home/airflow/.local/lib/python3.8/site-packages/airflow/example_dags/example_datasets.py for tasks to queue
[2026-05-17T21:35:22.143+0000] {logging_mixin.py:188} INFO - [2026-05-17T21:35:22.143+0000] {dagbag.py:540} INFO - Filling up the DagBag from /home/airflow/.local/lib/python3.8/site-packages/airflow/example_dags/example_datasets.py
[2026-05-17T21:35:22.151+0000] {processor.py:840} INFO - DAG(s) 'dataset_consumes_1_never_scheduled', 'dataset_consumes_1_and_2', 'dataset_consumes_unknown_never_scheduled', 'dataset_consumes_1', 'dataset_produces_1', 'dataset_produces_2' retrieved from /home/airflow/.local/lib/python3.8/site-packages/airflow/example_dags/example_datasets.py
[2026-05-17T21:35:22.188+0000] {logging_mixin.py:188} INFO - [2026-05-17T21:35:22.188+0000] {dag.py:3047} INFO - Sync 6 DAGs
[2026-05-17T21:35:22.211+0000] {logging_mixin.py:188} INFO - [2026-05-17T21:35:22.211+0000] {dag.py:3834} INFO - Setting next_dagrun for dataset_consumes_1 to None, run_after=None
[2026-05-17T21:35:22.214+0000] {logging_mixin.py:188} INFO - [2026-05-17T21:35:22.214+0000] {dag.py:3834} INFO - Setting next_dagrun for dataset_consumes_1_and_2 to None, run_after=None
[2026-05-17T21:35:22.215+0000] {logging_mixin.py:188} INFO - [2026-05-17T21:35:22.215+0000] {dag.py:3834} INFO - Setting next_dagrun for dataset_consumes_1_never_scheduled to None, run_after=None
[2026-05-17T21:35:22.216+0000] {logging_mixin.py:188} INFO - [2026-05-17T21:35:22.216+0000] {dag.py:3834} INFO - Setting next_dagrun for dataset_consumes_unknown_never_scheduled to None, run_after=None
[2026-05-17T21:35:22.219+0000] {logging_mixin.py:188} INFO - [2026-05-17T21:35:22.218+0000] {dag.py:3834} INFO - Setting next_dagrun for dataset_produces_1 to 2026-05-16 00:00:00+00:00, run_after=2026-05-17 00:00:00+00:00
[2026-05-17T21:35:22.221+0000] {logging_mixin.py:188} INFO - [2026-05-17T21:35:22.220+0000] {dag.py:3834} INFO - Setting next_dagrun for dataset_produces_2 to None, run_after=None
[2026-05-17T21:35:22.262+0000] {processor.py:183} INFO - Processing /home/airflow/.local/lib/python3.8/site-packages/airflow/example_dags/example_datasets.py took 0.126 seconds
[2026-05-17T21:35:52.327+0000] {processor.py:161} INFO - Started process (PID=4324) to work on /home/airflow/.local/lib/python3.8/site-packages/airflow/example_dags/example_datasets.py
[2026-05-17T21:35:52.328+0000] {processor.py:830} INFO - Processing file /home/airflow/.local/lib/python3.8/site-packages/airflow/example_dags/example_datasets.py for tasks to queue
[2026-05-17T21:35:52.330+0000] {logging_mixin.py:188} INFO - [2026-05-17T21:35:52.330+0000] {dagbag.py:540} INFO - Filling up the DagBag from /home/airflow/.local/lib/python3.8/site-packages/airflow/example_dags/example_datasets.py
[2026-05-17T21:35:52.339+0000] {processor.py:840} INFO - DAG(s) 'dataset_consumes_1_and_2', 'dataset_produces_2', 'dataset_consumes_1', 'dataset_produces_1', 'dataset_consumes_unknown_never_scheduled', 'dataset_consumes_1_never_scheduled' retrieved from /home/airflow/.local/lib/python3.8/site-packages/airflow/example_dags/example_datasets.py
[2026-05-17T21:35:52.369+0000] {logging_mixin.py:188} INFO - [2026-05-17T21:35:52.368+0000] {dag.py:3047} INFO - Sync 6 DAGs
[2026-05-17T21:35:52.395+0000] {logging_mixin.py:188} INFO - [2026-05-17T21:35:52.395+0000] {dag.py:3834} INFO - Setting next_dagrun for dataset_consumes_1 to None, run_after=None
[2026-05-17T21:35:52.401+0000] {logging_mixin.py:188} INFO - [2026-05-17T21:35:52.401+0000] {dag.py:3834} INFO - Setting next_dagrun for dataset_consumes_1_and_2 to None, run_after=None
[2026-05-17T21:35:52.402+0000] {logging_mixin.py:188} INFO - [2026-05-17T21:35:52.402+0000] {dag.py:3834} INFO - Setting next_dagrun for dataset_consumes_1_never_scheduled to None, run_after=None
[2026-05-17T21:35:52.403+0000] {logging_mixin.py:188} INFO - [2026-05-17T21:35:52.403+0000] {dag.py:3834} INFO - Setting next_dagrun for dataset_consumes_unknown_never_scheduled to None, run_after=None
[2026-05-17T21:35:52.406+0000] {logging_mixin.py:188} INFO - [2026-05-17T21:35:52.406+0000] {dag.py:3834} INFO - Setting next_dagrun for dataset_produces_1 to 2026-05-16 00:00:00+00:00, run_after=2026-05-17 00:00:00+00:00
[2026-05-17T21:35:52.408+0000] {logging_mixin.py:188} INFO - [2026-05-17T21:35:52.407+0000] {dag.py:3834} INFO - Setting next_dagrun for dataset_produces_2 to None, run_after=None
[2026-05-17T21:35:52.434+0000] {processor.py:183} INFO - Processing /home/airflow/.local/lib/python3.8/site-packages/airflow/example_dags/example_datasets.py took 0.110 seconds
[2026-05-17T21:36:22.638+0000] {processor.py:161} INFO - Started process (PID=4379) to work on /home/airflow/.local/lib/python3.8/site-packages/airflow/example_dags/example_datasets.py
[2026-05-17T21:36:22.640+0000] {processor.py:830} INFO - Processing file /home/airflow/.local/lib/python3.8/site-packages/airflow/example_dags/example_datasets.py for tasks to queue
[2026-05-17T21:36:22.642+0000] {logging_mixin.py:188} INFO - [2026-05-17T21:36:22.642+0000] {dagbag.py:540} INFO - Filling up the DagBag from /home/airflow/.local/lib/python3.8/site-packages/airflow/example_dags/example_datasets.py
[2026-05-17T21:36:22.652+0000] {processor.py:840} INFO - DAG(s) 'dataset_consumes_unknown_never_scheduled', 'dataset_consumes_1', 'dataset_consumes_1_and_2', 'dataset_produces_2', 'dataset_produces_1', 'dataset_consumes_1_never_scheduled' retrieved from /home/airflow/.local/lib/python3.8/site-packages/airflow/example_dags/example_datasets.py
[2026-05-17T21:36:22.690+0000] {logging_mixin.py:188} INFO - [2026-05-17T21:36:22.690+0000] {dag.py:3047} INFO - Sync 6 DAGs
[2026-05-17T21:36:22.711+0000] {logging_mixin.py:188} INFO - [2026-05-17T21:36:22.711+0000] {dag.py:3834} INFO - Setting next_dagrun for dataset_consumes_1 to None, run_after=None
[2026-05-17T21:36:22.714+0000] {logging_mixin.py:188} INFO - [2026-05-17T21:36:22.714+0000] {dag.py:3834} INFO - Setting next_dagrun for dataset_consumes_1_and_2 to None, run_after=None
[2026-05-17T21:36:22.716+0000] {logging_mixin.py:188} INFO - [2026-05-17T21:36:22.716+0000] {dag.py:3834} INFO - Setting next_dagrun for dataset_consumes_1_never_scheduled to None, run_after=None
[2026-05-17T21:36:22.717+0000] {logging_mixin.py:188} INFO - [2026-05-17T21:36:22.717+0000] {dag.py:3834} INFO - Setting next_dagrun for dataset_consumes_unknown_never_scheduled to None, run_after=None
[2026-05-17T21:36:22.720+0000] {logging_mixin.py:188} INFO - [2026-05-17T21:36:22.720+0000] {dag.py:3834} INFO - Setting next_dagrun for dataset_produces_1 to 2026-05-16 00:00:00+00:00, run_after=2026-05-17 00:00:00+00:00
[2026-05-17T21:36:22.722+0000] {logging_mixin.py:188} INFO - [2026-05-17T21:36:22.722+0000] {dag.py:3834} INFO - Setting next_dagrun for dataset_produces_2 to None, run_after=None
[2026-05-17T21:36:22.756+0000] {processor.py:183} INFO - Processing /home/airflow/.local/lib/python3.8/site-packages/airflow/example_dags/example_datasets.py took 0.122 seconds
[2026-05-17T21:36:53.011+0000] {processor.py:161} INFO - Started process (PID=4435) to work on /home/airflow/.local/lib/python3.8/site-packages/airflow/example_dags/example_datasets.py
[2026-05-17T21:36:53.013+0000] {processor.py:830} INFO - Processing file /home/airflow/.local/lib/python3.8/site-packages/airflow/example_dags/example_datasets.py for tasks to queue
[2026-05-17T21:36:53.015+0000] {logging_mixin.py:188} INFO - [2026-05-17T21:36:53.015+0000] {dagbag.py:540} INFO - Filling up the DagBag from /home/airflow/.local/lib/python3.8/site-packages/airflow/example_dags/example_datasets.py
[2026-05-17T21:36:53.023+0000] {processor.py:840} INFO - DAG(s) 'dataset_consumes_1_never_scheduled', 'dataset_produces_2', 'dataset_consumes_unknown_never_scheduled', 'dataset_consumes_1_and_2', 'dataset_consumes_1', 'dataset_produces_1' retrieved from /home/airflow/.local/lib/python3.8/site-packages/airflow/example_dags/example_datasets.py
[2026-05-17T21:36:53.053+0000] {logging_mixin.py:188} INFO - [2026-05-17T21:36:53.053+0000] {dag.py:3047} INFO - Sync 6 DAGs
[2026-05-17T21:36:53.072+0000] {logging_mixin.py:188} INFO - [2026-05-17T21:36:53.072+0000] {dag.py:3834} INFO - Setting next_dagrun for dataset_consumes_1 to None, run_after=None
[2026-05-17T21:36:53.075+0000] {logging_mixin.py:188} INFO - [2026-05-17T21:36:53.075+0000] {dag.py:3834} INFO - Setting next_dagrun for dataset_consumes_1_and_2 to None, run_after=None
[2026-05-17T21:36:53.077+0000] {logging_mixin.py:188} INFO - [2026-05-17T21:36:53.077+0000] {dag.py:3834} INFO - Setting next_dagrun for dataset_consumes_1_never_scheduled to None, run_after=None
[2026-05-17T21:36:53.080+0000] {logging_mixin.py:188} INFO - [2026-05-17T21:36:53.080+0000] {dag.py:3834} INFO - Setting next_dagrun for dataset_consumes_unknown_never_scheduled to None, run_after=None
[2026-05-17T21:36:53.083+0000] {logging_mixin.py:188} INFO - [2026-05-17T21:36:53.083+0000] {dag.py:3834} INFO - Setting next_dagrun for dataset_produces_1 to 2026-05-16 00:00:00+00:00, run_after=2026-05-17 00:00:00+00:00
[2026-05-17T21:36:53.087+0000] {logging_mixin.py:188} INFO - [2026-05-17T21:36:53.087+0000] {dag.py:3834} INFO - Setting next_dagrun for dataset_produces_2 to None, run_after=None
[2026-05-17T21:36:53.121+0000] {processor.py:183} INFO - Processing /home/airflow/.local/lib/python3.8/site-packages/airflow/example_dags/example_datasets.py took 0.113 seconds
[2026-05-17T21:37:23.273+0000] {processor.py:161} INFO - Started process (PID=4490) to work on /home/airflow/.local/lib/python3.8/site-packages/airflow/example_dags/example_datasets.py
[2026-05-17T21:37:23.275+0000] {processor.py:830} INFO - Processing file /home/airflow/.local/lib/python3.8/site-packages/airflow/example_dags/example_datasets.py for tasks to queue
[2026-05-17T21:37:23.276+0000] {logging_mixin.py:188} INFO - [2026-05-17T21:37:23.276+0000] {dagbag.py:540} INFO - Filling up the DagBag from /home/airflow/.local/lib/python3.8/site-packages/airflow/example_dags/example_datasets.py
[2026-05-17T21:37:23.286+0000] {processor.py:840} INFO - DAG(s) 'dataset_consumes_1_never_scheduled', 'dataset_produces_1', 'dataset_produces_2', 'dataset_consumes_unknown_never_scheduled', 'dataset_consumes_1', 'dataset_consumes_1_and_2' retrieved from /home/airflow/.local/lib/python3.8/site-packages/airflow/example_dags/example_datasets.py
[2026-05-17T21:37:23.320+0000] {logging_mixin.py:188} INFO - [2026-05-17T21:37:23.320+0000] {dag.py:3047} INFO - Sync 6 DAGs
[2026-05-17T21:37:23.339+0000] {logging_mixin.py:188} INFO - [2026-05-17T21:37:23.338+0000] {dag.py:3834} INFO - Setting next_dagrun for dataset_consumes_1 to None, run_after=None
[2026-05-17T21:37:23.342+0000] {logging_mixin.py:188} INFO - [2026-05-17T21:37:23.342+0000] {dag.py:3834} INFO - Setting next_dagrun for dataset_consumes_1_and_2 to None, run_after=None
[2026-05-17T21:37:23.344+0000] {logging_mixin.py:188} INFO - [2026-05-17T21:37:23.343+0000] {dag.py:3834} INFO - Setting next_dagrun for dataset_consumes_1_never_scheduled to None, run_after=None
[2026-05-17T21:37:23.346+0000] {logging_mixin.py:188} INFO - [2026-05-17T21:37:23.346+0000] {dag.py:3834} INFO - Setting next_dagrun for dataset_consumes_unknown_never_scheduled to None, run_after=None
[2026-05-17T21:37:23.350+0000] {logging_mixin.py:188} INFO - [2026-05-17T21:37:23.350+0000] {dag.py:3834} INFO - Setting next_dagrun for dataset_produces_1 to 2026-05-16 00:00:00+00:00, run_after=2026-05-17 00:00:00+00:00
[2026-05-17T21:37:23.353+0000] {logging_mixin.py:188} INFO - [2026-05-17T21:37:23.353+0000] {dag.py:3834} INFO - Setting next_dagrun for dataset_produces_2 to None, run_after=None
[2026-05-17T21:37:23.385+0000] {processor.py:183} INFO - Processing /home/airflow/.local/lib/python3.8/site-packages/airflow/example_dags/example_datasets.py took 0.115 seconds
[2026-05-17T21:37:53.616+0000] {processor.py:161} INFO - Started process (PID=4545) to work on /home/airflow/.local/lib/python3.8/site-packages/airflow/example_dags/example_datasets.py
[2026-05-17T21:37:53.617+0000] {processor.py:830} INFO - Processing file /home/airflow/.local/lib/python3.8/site-packages/airflow/example_dags/example_datasets.py for tasks to queue
[2026-05-17T21:37:53.620+0000] {logging_mixin.py:188} INFO - [2026-05-17T21:37:53.619+0000] {dagbag.py:540} INFO - Filling up the DagBag from /home/airflow/.local/lib/python3.8/site-packages/airflow/example_dags/example_datasets.py
[2026-05-17T21:37:53.630+0000] {processor.py:840} INFO - DAG(s) 'dataset_consumes_unknown_never_scheduled', 'dataset_consumes_1', 'dataset_consumes_1_and_2', 'dataset_produces_1', 'dataset_produces_2', 'dataset_consumes_1_never_scheduled' retrieved from /home/airflow/.local/lib/python3.8/site-packages/airflow/example_dags/example_datasets.py
[2026-05-17T21:37:53.665+0000] {logging_mixin.py:188} INFO - [2026-05-17T21:37:53.664+0000] {dag.py:3047} INFO - Sync 6 DAGs
[2026-05-17T21:37:53.686+0000] {logging_mixin.py:188} INFO - [2026-05-17T21:37:53.685+0000] {dag.py:3834} INFO - Setting next_dagrun for dataset_consumes_1 to None, run_after=None
[2026-05-17T21:37:53.688+0000] {logging_mixin.py:188} INFO - [2026-05-17T21:37:53.688+0000] {dag.py:3834} INFO - Setting next_dagrun for dataset_consumes_1_and_2 to None, run_after=None
[2026-05-17T21:37:53.691+0000] {logging_mixin.py:188} INFO - [2026-05-17T21:37:53.691+0000] {dag.py:3834} INFO - Setting next_dagrun for dataset_consumes_1_never_scheduled to None, run_after=None
[2026-05-17T21:37:53.695+0000] {logging_mixin.py:188} INFO - [2026-05-17T21:37:53.694+0000] {dag.py:3834} INFO - Setting next_dagrun for dataset_consumes_unknown_never_scheduled to None, run_after=None
[2026-05-17T21:37:53.699+0000] {logging_mixin.py:188} INFO - [2026-05-17T21:37:53.699+0000] {dag.py:3834} INFO - Setting next_dagrun for dataset_produces_1 to 2026-05-16 00:00:00+00:00, run_after=2026-05-17 00:00:00+00:00
[2026-05-17T21:37:53.702+0000] {logging_mixin.py:188} INFO - [2026-05-17T21:37:53.702+0000] {dag.py:3834} INFO - Setting next_dagrun for dataset_produces_2 to None, run_after=None
[2026-05-17T21:37:53.745+0000] {processor.py:183} INFO - Processing /home/airflow/.local/lib/python3.8/site-packages/airflow/example_dags/example_datasets.py took 0.132 seconds
[2026-05-17T21:38:23.895+0000] {processor.py:161} INFO - Started process (PID=4599) to work on /home/airflow/.local/lib/python3.8/site-packages/airflow/example_dags/example_datasets.py
[2026-05-17T21:38:23.897+0000] {processor.py:830} INFO - Processing file /home/airflow/.local/lib/python3.8/site-packages/airflow/example_dags/example_datasets.py for tasks to queue
[2026-05-17T21:38:23.899+0000] {logging_mixin.py:188} INFO - [2026-05-17T21:38:23.898+0000] {dagbag.py:540} INFO - Filling up the DagBag from /home/airflow/.local/lib/python3.8/site-packages/airflow/example_dags/example_datasets.py
[2026-05-17T21:38:23.909+0000] {processor.py:840} INFO - DAG(s) 'dataset_consumes_unknown_never_scheduled', 'dataset_consumes_1_and_2', 'dataset_produces_2', 'dataset_consumes_1_never_scheduled', 'dataset_consumes_1', 'dataset_produces_1' retrieved from /home/airflow/.local/lib/python3.8/site-packages/airflow/example_dags/example_datasets.py
[2026-05-17T21:38:23.942+0000] {logging_mixin.py:188} INFO - [2026-05-17T21:38:23.942+0000] {dag.py:3047} INFO - Sync 6 DAGs
[2026-05-17T21:38:23.962+0000] {logging_mixin.py:188} INFO - [2026-05-17T21:38:23.962+0000] {dag.py:3834} INFO - Setting next_dagrun for dataset_consumes_1 to None, run_after=None
[2026-05-17T21:38:23.965+0000] {logging_mixin.py:188} INFO - [2026-05-17T21:38:23.965+0000] {dag.py:3834} INFO - Setting next_dagrun for dataset_consumes_1_and_2 to None, run_after=None
[2026-05-17T21:38:23.966+0000] {logging_mixin.py:188} INFO - [2026-05-17T21:38:23.966+0000] {dag.py:3834} INFO - Setting next_dagrun for dataset_consumes_1_never_scheduled to None, run_after=None
[2026-05-17T21:38:23.967+0000] {logging_mixin.py:188} INFO - [2026-05-17T21:38:23.967+0000] {dag.py:3834} INFO - Setting next_dagrun for dataset_consumes_unknown_never_scheduled to None, run_after=None
[2026-05-17T21:38:23.971+0000] {logging_mixin.py:188} INFO - [2026-05-17T21:38:23.971+0000] {dag.py:3834} INFO - Setting next_dagrun for dataset_produces_1 to 2026-05-16 00:00:00+00:00, run_after=2026-05-17 00:00:00+00:00
[2026-05-17T21:38:23.974+0000] {logging_mixin.py:188} INFO - [2026-05-17T21:38:23.974+0000] {dag.py:3834} INFO - Setting next_dagrun for dataset_produces_2 to None, run_after=None
[2026-05-17T21:38:24.010+0000] {processor.py:183} INFO - Processing /home/airflow/.local/lib/python3.8/site-packages/airflow/example_dags/example_datasets.py took 0.118 seconds
[2026-05-17T21:38:54.377+0000] {processor.py:161} INFO - Started process (PID=4655) to work on /home/airflow/.local/lib/python3.8/site-packages/airflow/example_dags/example_datasets.py
[2026-05-17T21:38:54.379+0000] {processor.py:830} INFO - Processing file /home/airflow/.local/lib/python3.8/site-packages/airflow/example_dags/example_datasets.py for tasks to queue
[2026-05-17T21:38:54.385+0000] {logging_mixin.py:188} INFO - [2026-05-17T21:38:54.384+0000] {dagbag.py:540} INFO - Filling up the DagBag from /home/airflow/.local/lib/python3.8/site-packages/airflow/example_dags/example_datasets.py
[2026-05-17T21:38:54.400+0000] {processor.py:840} INFO - DAG(s) 'dataset_consumes_1_and_2', 'dataset_consumes_unknown_never_scheduled', 'dataset_consumes_1', 'dataset_produces_2', 'dataset_consumes_1_never_scheduled', 'dataset_produces_1' retrieved from /home/airflow/.local/lib/python3.8/site-packages/airflow/example_dags/example_datasets.py
[2026-05-17T21:38:54.442+0000] {logging_mixin.py:188} INFO - [2026-05-17T21:38:54.442+0000] {dag.py:3047} INFO - Sync 6 DAGs
[2026-05-17T21:38:54.470+0000] {logging_mixin.py:188} INFO - [2026-05-17T21:38:54.470+0000] {dag.py:3834} INFO - Setting next_dagrun for dataset_consumes_1 to None, run_after=None
[2026-05-17T21:38:54.475+0000] {logging_mixin.py:188} INFO - [2026-05-17T21:38:54.475+0000] {dag.py:3834} INFO - Setting next_dagrun for dataset_consumes_1_and_2 to None, run_after=None
[2026-05-17T21:38:54.476+0000] {logging_mixin.py:188} INFO - [2026-05-17T21:38:54.476+0000] {dag.py:3834} INFO - Setting next_dagrun for dataset_consumes_1_never_scheduled to None, run_after=None
[2026-05-17T21:38:54.479+0000] {logging_mixin.py:188} INFO - [2026-05-17T21:38:54.479+0000] {dag.py:3834} INFO - Setting next_dagrun for dataset_consumes_unknown_never_scheduled to None, run_after=None
[2026-05-17T21:38:54.483+0000] {logging_mixin.py:188} INFO - [2026-05-17T21:38:54.482+0000] {dag.py:3834} INFO - Setting next_dagrun for dataset_produces_1 to 2026-05-16 00:00:00+00:00, run_after=2026-05-17 00:00:00+00:00
[2026-05-17T21:38:54.487+0000] {logging_mixin.py:188} INFO - [2026-05-17T21:38:54.487+0000] {dag.py:3834} INFO - Setting next_dagrun for dataset_produces_2 to None, run_after=None
[2026-05-17T21:38:54.525+0000] {processor.py:183} INFO - Processing /home/airflow/.local/lib/python3.8/site-packages/airflow/example_dags/example_datasets.py took 0.153 seconds
[2026-05-17T21:39:24.598+0000] {processor.py:161} INFO - Started process (PID=4709) to work on /home/airflow/.local/lib/python3.8/site-packages/airflow/example_dags/example_datasets.py
[2026-05-17T21:39:24.599+0000] {processor.py:830} INFO - Processing file /home/airflow/.local/lib/python3.8/site-packages/airflow/example_dags/example_datasets.py for tasks to queue
[2026-05-17T21:39:24.600+0000] {logging_mixin.py:188} INFO - [2026-05-17T21:39:24.600+0000] {dagbag.py:540} INFO - Filling up the DagBag from /home/airflow/.local/lib/python3.8/site-packages/airflow/example_dags/example_datasets.py
[2026-05-17T21:39:24.608+0000] {processor.py:840} INFO - DAG(s) 'dataset_produces_2', 'dataset_produces_1', 'dataset_consumes_unknown_never_scheduled', 'dataset_consumes_1_never_scheduled', 'dataset_consumes_1_and_2', 'dataset_consumes_1' retrieved from /home/airflow/.local/lib/python3.8/site-packages/airflow/example_dags/example_datasets.py
[2026-05-17T21:39:24.634+0000] {logging_mixin.py:188} INFO - [2026-05-17T21:39:24.633+0000] {dag.py:3047} INFO - Sync 6 DAGs
[2026-05-17T21:39:24.651+0000] {logging_mixin.py:188} INFO - [2026-05-17T21:39:24.651+0000] {dag.py:3834} INFO - Setting next_dagrun for dataset_consumes_1 to None, run_after=None
[2026-05-17T21:39:24.654+0000] {logging_mixin.py:188} INFO - [2026-05-17T21:39:24.654+0000] {dag.py:3834} INFO - Setting next_dagrun for dataset_consumes_1_and_2 to None, run_after=None
[2026-05-17T21:39:24.656+0000] {logging_mixin.py:188} INFO - [2026-05-17T21:39:24.656+0000] {dag.py:3834} INFO - Setting next_dagrun for dataset_consumes_1_never_scheduled to None, run_after=None
[2026-05-17T21:39:24.658+0000] {logging_mixin.py:188} INFO - [2026-05-17T21:39:24.658+0000] {dag.py:3834} INFO - Setting next_dagrun for dataset_consumes_unknown_never_scheduled to None, run_after=None
[2026-05-17T21:39:24.660+0000] {logging_mixin.py:188} INFO - [2026-05-17T21:39:24.660+0000] {dag.py:3834} INFO - Setting next_dagrun for dataset_produces_1 to 2026-05-16 00:00:00+00:00, run_after=2026-05-17 00:00:00+00:00
[2026-05-17T21:39:24.662+0000] {logging_mixin.py:188} INFO - [2026-05-17T21:39:24.662+0000] {dag.py:3834} INFO - Setting next_dagrun for dataset_produces_2 to None, run_after=None
[2026-05-17T21:39:24.688+0000] {processor.py:183} INFO - Processing /home/airflow/.local/lib/python3.8/site-packages/airflow/example_dags/example_datasets.py took 0.093 seconds
[2026-05-17T21:39:54.734+0000] {processor.py:161} INFO - Started process (PID=4764) to work on /home/airflow/.local/lib/python3.8/site-packages/airflow/example_dags/example_datasets.py
[2026-05-17T21:39:54.735+0000] {processor.py:830} INFO - Processing file /home/airflow/.local/lib/python3.8/site-packages/airflow/example_dags/example_datasets.py for tasks to queue
[2026-05-17T21:39:54.737+0000] {logging_mixin.py:188} INFO - [2026-05-17T21:39:54.736+0000] {dagbag.py:540} INFO - Filling up the DagBag from /home/airflow/.local/lib/python3.8/site-packages/airflow/example_dags/example_datasets.py
[2026-05-17T21:39:54.746+0000] {processor.py:840} INFO - DAG(s) 'dataset_consumes_1_and_2', 'dataset_consumes_1_never_scheduled', 'dataset_produces_1', 'dataset_consumes_1', 'dataset_produces_2', 'dataset_consumes_unknown_never_scheduled' retrieved from /home/airflow/.local/lib/python3.8/site-packages/airflow/example_dags/example_datasets.py
[2026-05-17T21:39:54.775+0000] {logging_mixin.py:188} INFO - [2026-05-17T21:39:54.774+0000] {dag.py:3047} INFO - Sync 6 DAGs
[2026-05-17T21:39:54.793+0000] {logging_mixin.py:188} INFO - [2026-05-17T21:39:54.793+0000] {dag.py:3834} INFO - Setting next_dagrun for dataset_consumes_1 to None, run_after=None
[2026-05-17T21:39:54.797+0000] {logging_mixin.py:188} INFO - [2026-05-17T21:39:54.796+0000] {dag.py:3834} INFO - Setting next_dagrun for dataset_consumes_1_and_2 to None, run_after=None
[2026-05-17T21:39:54.798+0000] {logging_mixin.py:188} INFO - [2026-05-17T21:39:54.798+0000] {dag.py:3834} INFO - Setting next_dagrun for dataset_consumes_1_never_scheduled to None, run_after=None
[2026-05-17T21:39:54.799+0000] {logging_mixin.py:188} INFO - [2026-05-17T21:39:54.799+0000] {dag.py:3834} INFO - Setting next_dagrun for dataset_consumes_unknown_never_scheduled to None, run_after=None
[2026-05-17T21:39:54.801+0000] {logging_mixin.py:188} INFO - [2026-05-17T21:39:54.801+0000] {dag.py:3834} INFO - Setting next_dagrun for dataset_produces_1 to 2026-05-16 00:00:00+00:00, run_after=2026-05-17 00:00:00+00:00
[2026-05-17T21:39:54.803+0000] {logging_mixin.py:188} INFO - [2026-05-17T21:39:54.803+0000] {dag.py:3834} INFO - Setting next_dagrun for dataset_produces_2 to None, run_after=None
[2026-05-17T21:39:54.833+0000] {processor.py:183} INFO - Processing /home/airflow/.local/lib/python3.8/site-packages/airflow/example_dags/example_datasets.py took 0.102 seconds
[2026-05-17T21:40:24.879+0000] {processor.py:161} INFO - Started process (PID=4817) to work on /home/airflow/.local/lib/python3.8/site-packages/airflow/example_dags/example_datasets.py
[2026-05-17T21:40:24.881+0000] {processor.py:830} INFO - Processing file /home/airflow/.local/lib/python3.8/site-packages/airflow/example_dags/example_datasets.py for tasks to queue
[2026-05-17T21:40:24.882+0000] {logging_mixin.py:188} INFO - [2026-05-17T21:40:24.882+0000] {dagbag.py:540} INFO - Filling up the DagBag from /home/airflow/.local/lib/python3.8/site-packages/airflow/example_dags/example_datasets.py
[2026-05-17T21:40:24.891+0000] {processor.py:840} INFO - DAG(s) 'dataset_produces_1', 'dataset_consumes_unknown_never_scheduled', 'dataset_consumes_1_never_scheduled', 'dataset_consumes_1_and_2', 'dataset_consumes_1', 'dataset_produces_2' retrieved from /home/airflow/.local/lib/python3.8/site-packages/airflow/example_dags/example_datasets.py
[2026-05-17T21:40:24.918+0000] {logging_mixin.py:188} INFO - [2026-05-17T21:40:24.917+0000] {dag.py:3047} INFO - Sync 6 DAGs
[2026-05-17T21:40:24.934+0000] {logging_mixin.py:188} INFO - [2026-05-17T21:40:24.934+0000] {dag.py:3834} INFO - Setting next_dagrun for dataset_consumes_1 to None, run_after=None
[2026-05-17T21:40:24.938+0000] {logging_mixin.py:188} INFO - [2026-05-17T21:40:24.937+0000] {dag.py:3834} INFO - Setting next_dagrun for dataset_consumes_1_and_2 to None, run_after=None
[2026-05-17T21:40:24.939+0000] {logging_mixin.py:188} INFO - [2026-05-17T21:40:24.939+0000] {dag.py:3834} INFO - Setting next_dagrun for dataset_consumes_1_never_scheduled to None, run_after=None
[2026-05-17T21:40:24.941+0000] {logging_mixin.py:188} INFO - [2026-05-17T21:40:24.941+0000] {dag.py:3834} INFO - Setting next_dagrun for dataset_consumes_unknown_never_scheduled to None, run_after=None
[2026-05-17T21:40:24.944+0000] {logging_mixin.py:188} INFO - [2026-05-17T21:40:24.944+0000] {dag.py:3834} INFO - Setting next_dagrun for dataset_produces_1 to 2026-05-16 00:00:00+00:00, run_after=2026-05-17 00:00:00+00:00
[2026-05-17T21:40:24.945+0000] {logging_mixin.py:188} INFO - [2026-05-17T21:40:24.945+0000] {dag.py:3834} INFO - Setting next_dagrun for dataset_produces_2 to None, run_after=None
[2026-05-17T21:40:24.975+0000] {processor.py:183} INFO - Processing /home/airflow/.local/lib/python3.8/site-packages/airflow/example_dags/example_datasets.py took 0.099 seconds
[2026-05-17T21:40:55.072+0000] {processor.py:161} INFO - Started process (PID=4872) to work on /home/airflow/.local/lib/python3.8/site-packages/airflow/example_dags/example_datasets.py
[2026-05-17T21:40:55.074+0000] {processor.py:830} INFO - Processing file /home/airflow/.local/lib/python3.8/site-packages/airflow/example_dags/example_datasets.py for tasks to queue
[2026-05-17T21:40:55.079+0000] {logging_mixin.py:188} INFO - [2026-05-17T21:40:55.078+0000] {dagbag.py:540} INFO - Filling up the DagBag from /home/airflow/.local/lib/python3.8/site-packages/airflow/example_dags/example_datasets.py
[2026-05-17T21:40:55.094+0000] {processor.py:840} INFO - DAG(s) 'dataset_produces_1', 'dataset_produces_2', 'dataset_consumes_unknown_never_scheduled', 'dataset_consumes_1_never_scheduled', 'dataset_consumes_1_and_2', 'dataset_consumes_1' retrieved from /home/airflow/.local/lib/python3.8/site-packages/airflow/example_dags/example_datasets.py
[2026-05-17T21:40:55.175+0000] {logging_mixin.py:188} INFO - [2026-05-17T21:40:55.174+0000] {dag.py:3047} INFO - Sync 6 DAGs
[2026-05-17T21:40:55.210+0000] {logging_mixin.py:188} INFO - [2026-05-17T21:40:55.209+0000] {dag.py:3834} INFO - Setting next_dagrun for dataset_consumes_1 to None, run_after=None
[2026-05-17T21:40:55.215+0000] {logging_mixin.py:188} INFO - [2026-05-17T21:40:55.214+0000] {dag.py:3834} INFO - Setting next_dagrun for dataset_consumes_1_and_2 to None, run_after=None
[2026-05-17T21:40:55.221+0000] {logging_mixin.py:188} INFO - [2026-05-17T21:40:55.221+0000] {dag.py:3834} INFO - Setting next_dagrun for dataset_consumes_1_never_scheduled to None, run_after=None
[2026-05-17T21:40:55.225+0000] {logging_mixin.py:188} INFO - [2026-05-17T21:40:55.224+0000] {dag.py:3834} INFO - Setting next_dagrun for dataset_consumes_unknown_never_scheduled to None, run_after=None
[2026-05-17T21:40:55.232+0000] {logging_mixin.py:188} INFO - [2026-05-17T21:40:55.232+0000] {dag.py:3834} INFO - Setting next_dagrun for dataset_produces_1 to 2026-05-16 00:00:00+00:00, run_after=2026-05-17 00:00:00+00:00
[2026-05-17T21:40:55.238+0000] {logging_mixin.py:188} INFO - [2026-05-17T21:40:55.237+0000] {dag.py:3834} INFO - Setting next_dagrun for dataset_produces_2 to None, run_after=None
[2026-05-17T21:40:55.321+0000] {processor.py:183} INFO - Processing /home/airflow/.local/lib/python3.8/site-packages/airflow/example_dags/example_datasets.py took 0.258 seconds
[2026-05-17T21:41:26.169+0000] {processor.py:161} INFO - Started process (PID=4928) to work on /home/airflow/.local/lib/python3.8/site-packages/airflow/example_dags/example_datasets.py
[2026-05-17T21:41:26.172+0000] {processor.py:830} INFO - Processing file /home/airflow/.local/lib/python3.8/site-packages/airflow/example_dags/example_datasets.py for tasks to queue
[2026-05-17T21:41:26.179+0000] {logging_mixin.py:188} INFO - [2026-05-17T21:41:26.179+0000] {dagbag.py:540} INFO - Filling up the DagBag from /home/airflow/.local/lib/python3.8/site-packages/airflow/example_dags/example_datasets.py
[2026-05-17T21:41:26.188+0000] {processor.py:840} INFO - DAG(s) 'dataset_produces_1', 'dataset_consumes_1_never_scheduled', 'dataset_consumes_1_and_2', 'dataset_consumes_unknown_never_scheduled', 'dataset_consumes_1', 'dataset_produces_2' retrieved from /home/airflow/.local/lib/python3.8/site-packages/airflow/example_dags/example_datasets.py
[2026-05-17T21:41:26.229+0000] {logging_mixin.py:188} INFO - [2026-05-17T21:41:26.229+0000] {dag.py:3047} INFO - Sync 6 DAGs
[2026-05-17T21:41:26.250+0000] {logging_mixin.py:188} INFO - [2026-05-17T21:41:26.250+0000] {dag.py:3834} INFO - Setting next_dagrun for dataset_consumes_1 to None, run_after=None
[2026-05-17T21:41:26.256+0000] {logging_mixin.py:188} INFO - [2026-05-17T21:41:26.256+0000] {dag.py:3834} INFO - Setting next_dagrun for dataset_consumes_1_and_2 to None, run_after=None
[2026-05-17T21:41:26.259+0000] {logging_mixin.py:188} INFO - [2026-05-17T21:41:26.258+0000] {dag.py:3834} INFO - Setting next_dagrun for dataset_consumes_1_never_scheduled to None, run_after=None
[2026-05-17T21:41:26.261+0000] {logging_mixin.py:188} INFO - [2026-05-17T21:41:26.260+0000] {dag.py:3834} INFO - Setting next_dagrun for dataset_consumes_unknown_never_scheduled to None, run_after=None
[2026-05-17T21:41:26.264+0000] {logging_mixin.py:188} INFO - [2026-05-17T21:41:26.264+0000] {dag.py:3834} INFO - Setting next_dagrun for dataset_produces_1 to 2026-05-16 00:00:00+00:00, run_after=2026-05-17 00:00:00+00:00
[2026-05-17T21:41:26.267+0000] {logging_mixin.py:188} INFO - [2026-05-17T21:41:26.267+0000] {dag.py:3834} INFO - Setting next_dagrun for dataset_produces_2 to None, run_after=None
[2026-05-17T21:41:26.307+0000] {processor.py:183} INFO - Processing /home/airflow/.local/lib/python3.8/site-packages/airflow/example_dags/example_datasets.py took 0.140 seconds
[2026-05-17T21:41:56.565+0000] {processor.py:161} INFO - Started process (PID=4983) to work on /home/airflow/.local/lib/python3.8/site-packages/airflow/example_dags/example_datasets.py
[2026-05-17T21:41:56.567+0000] {processor.py:830} INFO - Processing file /home/airflow/.local/lib/python3.8/site-packages/airflow/example_dags/example_datasets.py for tasks to queue
[2026-05-17T21:41:56.569+0000] {logging_mixin.py:188} INFO - [2026-05-17T21:41:56.568+0000] {dagbag.py:540} INFO - Filling up the DagBag from /home/airflow/.local/lib/python3.8/site-packages/airflow/example_dags/example_datasets.py
[2026-05-17T21:41:56.578+0000] {processor.py:840} INFO - DAG(s) 'dataset_consumes_unknown_never_scheduled', 'dataset_consumes_1_and_2', 'dataset_produces_2', 'dataset_consumes_1', 'dataset_consumes_1_never_scheduled', 'dataset_produces_1' retrieved from /home/airflow/.local/lib/python3.8/site-packages/airflow/example_dags/example_datasets.py
[2026-05-17T21:41:56.606+0000] {logging_mixin.py:188} INFO - [2026-05-17T21:41:56.606+0000] {dag.py:3047} INFO - Sync 6 DAGs
[2026-05-17T21:41:56.624+0000] {logging_mixin.py:188} INFO - [2026-05-17T21:41:56.623+0000] {dag.py:3834} INFO - Setting next_dagrun for dataset_consumes_1 to None, run_after=None
[2026-05-17T21:41:56.629+0000] {logging_mixin.py:188} INFO - [2026-05-17T21:41:56.628+0000] {dag.py:3834} INFO - Setting next_dagrun for dataset_consumes_1_and_2 to None, run_after=None
[2026-05-17T21:41:56.630+0000] {logging_mixin.py:188} INFO - [2026-05-17T21:41:56.630+0000] {dag.py:3834} INFO - Setting next_dagrun for dataset_consumes_1_never_scheduled to None, run_after=None
[2026-05-17T21:41:56.632+0000] {logging_mixin.py:188} INFO - [2026-05-17T21:41:56.632+0000] {dag.py:3834} INFO - Setting next_dagrun for dataset_consumes_unknown_never_scheduled to None, run_after=None
[2026-05-17T21:41:56.635+0000] {logging_mixin.py:188} INFO - [2026-05-17T21:41:56.635+0000] {dag.py:3834} INFO - Setting next_dagrun for dataset_produces_1 to 2026-05-16 00:00:00+00:00, run_after=2026-05-17 00:00:00+00:00
[2026-05-17T21:41:56.637+0000] {logging_mixin.py:188} INFO - [2026-05-17T21:41:56.637+0000] {dag.py:3834} INFO - Setting next_dagrun for dataset_produces_2 to None, run_after=None
[2026-05-17T21:41:56.678+0000] {processor.py:183} INFO - Processing /home/airflow/.local/lib/python3.8/site-packages/airflow/example_dags/example_datasets.py took 0.115 seconds
[2026-05-17T21:42:26.771+0000] {processor.py:161} INFO - Started process (PID=5037) to work on /home/airflow/.local/lib/python3.8/site-packages/airflow/example_dags/example_datasets.py
[2026-05-17T21:42:26.773+0000] {processor.py:830} INFO - Processing file /home/airflow/.local/lib/python3.8/site-packages/airflow/example_dags/example_datasets.py for tasks to queue
[2026-05-17T21:42:26.774+0000] {logging_mixin.py:188} INFO - [2026-05-17T21:42:26.774+0000] {dagbag.py:540} INFO - Filling up the DagBag from /home/airflow/.local/lib/python3.8/site-packages/airflow/example_dags/example_datasets.py
[2026-05-17T21:42:26.782+0000] {processor.py:840} INFO - DAG(s) 'dataset_consumes_1_never_scheduled', 'dataset_consumes_1', 'dataset_produces_2', 'dataset_consumes_1_and_2', 'dataset_produces_1', 'dataset_consumes_unknown_never_scheduled' retrieved from /home/airflow/.local/lib/python3.8/site-packages/airflow/example_dags/example_datasets.py
[2026-05-17T21:42:26.810+0000] {logging_mixin.py:188} INFO - [2026-05-17T21:42:26.810+0000] {dag.py:3047} INFO - Sync 6 DAGs
[2026-05-17T21:42:26.826+0000] {logging_mixin.py:188} INFO - [2026-05-17T21:42:26.826+0000] {dag.py:3834} INFO - Setting next_dagrun for dataset_consumes_1 to None, run_after=None
[2026-05-17T21:42:26.829+0000] {logging_mixin.py:188} INFO - [2026-05-17T21:42:26.829+0000] {dag.py:3834} INFO - Setting next_dagrun for dataset_consumes_1_and_2 to None, run_after=None
[2026-05-17T21:42:26.831+0000] {logging_mixin.py:188} INFO - [2026-05-17T21:42:26.831+0000] {dag.py:3834} INFO - Setting next_dagrun for dataset_consumes_1_never_scheduled to None, run_after=None
[2026-05-17T21:42:26.832+0000] {logging_mixin.py:188} INFO - [2026-05-17T21:42:26.832+0000] {dag.py:3834} INFO - Setting next_dagrun for dataset_consumes_unknown_never_scheduled to None, run_after=None
[2026-05-17T21:42:26.834+0000] {logging_mixin.py:188} INFO - [2026-05-17T21:42:26.834+0000] {dag.py:3834} INFO - Setting next_dagrun for dataset_produces_1 to 2026-05-16 00:00:00+00:00, run_after=2026-05-17 00:00:00+00:00
[2026-05-17T21:42:26.836+0000] {logging_mixin.py:188} INFO - [2026-05-17T21:42:26.835+0000] {dag.py:3834} INFO - Setting next_dagrun for dataset_produces_2 to None, run_after=None
[2026-05-17T21:42:26.871+0000] {processor.py:183} INFO - Processing /home/airflow/.local/lib/python3.8/site-packages/airflow/example_dags/example_datasets.py took 0.103 seconds
[2026-05-17T21:42:56.910+0000] {processor.py:161} INFO - Started process (PID=5092) to work on /home/airflow/.local/lib/python3.8/site-packages/airflow/example_dags/example_datasets.py
[2026-05-17T21:42:56.912+0000] {processor.py:830} INFO - Processing file /home/airflow/.local/lib/python3.8/site-packages/airflow/example_dags/example_datasets.py for tasks to queue
[2026-05-17T21:42:56.913+0000] {logging_mixin.py:188} INFO - [2026-05-17T21:42:56.913+0000] {dagbag.py:540} INFO - Filling up the DagBag from /home/airflow/.local/lib/python3.8/site-packages/airflow/example_dags/example_datasets.py
[2026-05-17T21:42:56.925+0000] {processor.py:840} INFO - DAG(s) 'dataset_consumes_unknown_never_scheduled', 'dataset_consumes_1_never_scheduled', 'dataset_produces_1', 'dataset_produces_2', 'dataset_consumes_1_and_2', 'dataset_consumes_1' retrieved from /home/airflow/.local/lib/python3.8/site-packages/airflow/example_dags/example_datasets.py
[2026-05-17T21:42:56.954+0000] {logging_mixin.py:188} INFO - [2026-05-17T21:42:56.954+0000] {dag.py:3047} INFO - Sync 6 DAGs
[2026-05-17T21:42:56.971+0000] {logging_mixin.py:188} INFO - [2026-05-17T21:42:56.970+0000] {dag.py:3834} INFO - Setting next_dagrun for dataset_consumes_1 to None, run_after=None
[2026-05-17T21:42:56.974+0000] {logging_mixin.py:188} INFO - [2026-05-17T21:42:56.974+0000] {dag.py:3834} INFO - Setting next_dagrun for dataset_consumes_1_and_2 to None, run_after=None
[2026-05-17T21:42:56.976+0000] {logging_mixin.py:188} INFO - [2026-05-17T21:42:56.976+0000] {dag.py:3834} INFO - Setting next_dagrun for dataset_consumes_1_never_scheduled to None, run_after=None
[2026-05-17T21:42:56.978+0000] {logging_mixin.py:188} INFO - [2026-05-17T21:42:56.978+0000] {dag.py:3834} INFO - Setting next_dagrun for dataset_consumes_unknown_never_scheduled to None, run_after=None
[2026-05-17T21:42:56.980+0000] {logging_mixin.py:188} INFO - [2026-05-17T21:42:56.980+0000] {dag.py:3834} INFO - Setting next_dagrun for dataset_produces_1 to 2026-05-16 00:00:00+00:00, run_after=2026-05-17 00:00:00+00:00
[2026-05-17T21:42:56.982+0000] {logging_mixin.py:188} INFO - [2026-05-17T21:42:56.982+0000] {dag.py:3834} INFO - Setting next_dagrun for dataset_produces_2 to None, run_after=None
[2026-05-17T21:42:57.012+0000] {processor.py:183} INFO - Processing /home/airflow/.local/lib/python3.8/site-packages/airflow/example_dags/example_datasets.py took 0.106 seconds
[2026-05-17T21:43:27.149+0000] {processor.py:161} INFO - Started process (PID=5147) to work on /home/airflow/.local/lib/python3.8/site-packages/airflow/example_dags/example_datasets.py
[2026-05-17T21:43:27.150+0000] {processor.py:830} INFO - Processing file /home/airflow/.local/lib/python3.8/site-packages/airflow/example_dags/example_datasets.py for tasks to queue
[2026-05-17T21:43:27.153+0000] {logging_mixin.py:188} INFO - [2026-05-17T21:43:27.153+0000] {dagbag.py:540} INFO - Filling up the DagBag from /home/airflow/.local/lib/python3.8/site-packages/airflow/example_dags/example_datasets.py
[2026-05-17T21:43:27.162+0000] {processor.py:840} INFO - DAG(s) 'dataset_consumes_unknown_never_scheduled', 'dataset_produces_2', 'dataset_consumes_1_and_2', 'dataset_produces_1', 'dataset_consumes_1_never_scheduled', 'dataset_consumes_1' retrieved from /home/airflow/.local/lib/python3.8/site-packages/airflow/example_dags/example_datasets.py
[2026-05-17T21:43:27.195+0000] {logging_mixin.py:188} INFO - [2026-05-17T21:43:27.194+0000] {dag.py:3047} INFO - Sync 6 DAGs
[2026-05-17T21:43:27.215+0000] {logging_mixin.py:188} INFO - [2026-05-17T21:43:27.214+0000] {dag.py:3834} INFO - Setting next_dagrun for dataset_consumes_1 to None, run_after=None
[2026-05-17T21:43:27.220+0000] {logging_mixin.py:188} INFO - [2026-05-17T21:43:27.219+0000] {dag.py:3834} INFO - Setting next_dagrun for dataset_consumes_1_and_2 to None, run_after=None
[2026-05-17T21:43:27.222+0000] {logging_mixin.py:188} INFO - [2026-05-17T21:43:27.222+0000] {dag.py:3834} INFO - Setting next_dagrun for dataset_consumes_1_never_scheduled to None, run_after=None
[2026-05-17T21:43:27.223+0000] {logging_mixin.py:188} INFO - [2026-05-17T21:43:27.223+0000] {dag.py:3834} INFO - Setting next_dagrun for dataset_consumes_unknown_never_scheduled to None, run_after=None
[2026-05-17T21:43:27.226+0000] {logging_mixin.py:188} INFO - [2026-05-17T21:43:27.226+0000] {dag.py:3834} INFO - Setting next_dagrun for dataset_produces_1 to 2026-05-16 00:00:00+00:00, run_after=2026-05-17 00:00:00+00:00
[2026-05-17T21:43:27.228+0000] {logging_mixin.py:188} INFO - [2026-05-17T21:43:27.227+0000] {dag.py:3834} INFO - Setting next_dagrun for dataset_produces_2 to None, run_after=None
[2026-05-17T21:43:27.266+0000] {processor.py:183} INFO - Processing /home/airflow/.local/lib/python3.8/site-packages/airflow/example_dags/example_datasets.py took 0.121 seconds
[2026-05-17T21:43:57.343+0000] {processor.py:161} INFO - Started process (PID=5202) to work on /home/airflow/.local/lib/python3.8/site-packages/airflow/example_dags/example_datasets.py
[2026-05-17T21:43:57.344+0000] {processor.py:830} INFO - Processing file /home/airflow/.local/lib/python3.8/site-packages/airflow/example_dags/example_datasets.py for tasks to queue
[2026-05-17T21:43:57.347+0000] {logging_mixin.py:188} INFO - [2026-05-17T21:43:57.347+0000] {dagbag.py:540} INFO - Filling up the DagBag from /home/airflow/.local/lib/python3.8/site-packages/airflow/example_dags/example_datasets.py
[2026-05-17T21:43:57.355+0000] {processor.py:840} INFO - DAG(s) 'dataset_consumes_1_never_scheduled', 'dataset_consumes_1', 'dataset_consumes_unknown_never_scheduled', 'dataset_consumes_1_and_2', 'dataset_produces_1', 'dataset_produces_2' retrieved from /home/airflow/.local/lib/python3.8/site-packages/airflow/example_dags/example_datasets.py
[2026-05-17T21:43:57.388+0000] {logging_mixin.py:188} INFO - [2026-05-17T21:43:57.388+0000] {dag.py:3047} INFO - Sync 6 DAGs
[2026-05-17T21:43:57.406+0000] {logging_mixin.py:188} INFO - [2026-05-17T21:43:57.406+0000] {dag.py:3834} INFO - Setting next_dagrun for dataset_consumes_1 to None, run_after=None
[2026-05-17T21:43:57.410+0000] {logging_mixin.py:188} INFO - [2026-05-17T21:43:57.410+0000] {dag.py:3834} INFO - Setting next_dagrun for dataset_consumes_1_and_2 to None, run_after=None
[2026-05-17T21:43:57.412+0000] {logging_mixin.py:188} INFO - [2026-05-17T21:43:57.411+0000] {dag.py:3834} INFO - Setting next_dagrun for dataset_consumes_1_never_scheduled to None, run_after=None
[2026-05-17T21:43:57.414+0000] {logging_mixin.py:188} INFO - [2026-05-17T21:43:57.414+0000] {dag.py:3834} INFO - Setting next_dagrun for dataset_consumes_unknown_never_scheduled to None, run_after=None
[2026-05-17T21:43:57.417+0000] {logging_mixin.py:188} INFO - [2026-05-17T21:43:57.416+0000] {dag.py:3834} INFO - Setting next_dagrun for dataset_produces_1 to 2026-05-16 00:00:00+00:00, run_after=2026-05-17 00:00:00+00:00
[2026-05-17T21:43:57.418+0000] {logging_mixin.py:188} INFO - [2026-05-17T21:43:57.418+0000] {dag.py:3834} INFO - Setting next_dagrun for dataset_produces_2 to None, run_after=None
[2026-05-17T21:43:57.454+0000] {processor.py:183} INFO - Processing /home/airflow/.local/lib/python3.8/site-packages/airflow/example_dags/example_datasets.py took 0.114 seconds
[2026-05-17T21:44:27.839+0000] {processor.py:161} INFO - Started process (PID=5257) to work on /home/airflow/.local/lib/python3.8/site-packages/airflow/example_dags/example_datasets.py
[2026-05-17T21:44:27.841+0000] {processor.py:830} INFO - Processing file /home/airflow/.local/lib/python3.8/site-packages/airflow/example_dags/example_datasets.py for tasks to queue
[2026-05-17T21:44:27.843+0000] {logging_mixin.py:188} INFO - [2026-05-17T21:44:27.843+0000] {dagbag.py:540} INFO - Filling up the DagBag from /home/airflow/.local/lib/python3.8/site-packages/airflow/example_dags/example_datasets.py
[2026-05-17T21:44:27.851+0000] {processor.py:840} INFO - DAG(s) 'dataset_consumes_1_never_scheduled', 'dataset_produces_1', 'dataset_produces_2', 'dataset_consumes_1_and_2', 'dataset_consumes_unknown_never_scheduled', 'dataset_consumes_1' retrieved from /home/airflow/.local/lib/python3.8/site-packages/airflow/example_dags/example_datasets.py
[2026-05-17T21:44:27.889+0000] {logging_mixin.py:188} INFO - [2026-05-17T21:44:27.888+0000] {dag.py:3047} INFO - Sync 6 DAGs
[2026-05-17T21:44:27.910+0000] {logging_mixin.py:188} INFO - [2026-05-17T21:44:27.909+0000] {dag.py:3834} INFO - Setting next_dagrun for dataset_consumes_1 to None, run_after=None
[2026-05-17T21:44:27.913+0000] {logging_mixin.py:188} INFO - [2026-05-17T21:44:27.913+0000] {dag.py:3834} INFO - Setting next_dagrun for dataset_consumes_1_and_2 to None, run_after=None
[2026-05-17T21:44:27.915+0000] {logging_mixin.py:188} INFO - [2026-05-17T21:44:27.915+0000] {dag.py:3834} INFO - Setting next_dagrun for dataset_consumes_1_never_scheduled to None, run_after=None
[2026-05-17T21:44:27.916+0000] {logging_mixin.py:188} INFO - [2026-05-17T21:44:27.916+0000] {dag.py:3834} INFO - Setting next_dagrun for dataset_consumes_unknown_never_scheduled to None, run_after=None
[2026-05-17T21:44:27.919+0000] {logging_mixin.py:188} INFO - [2026-05-17T21:44:27.918+0000] {dag.py:3834} INFO - Setting next_dagrun for dataset_produces_1 to 2026-05-16 00:00:00+00:00, run_after=2026-05-17 00:00:00+00:00
[2026-05-17T21:44:27.920+0000] {logging_mixin.py:188} INFO - [2026-05-17T21:44:27.920+0000] {dag.py:3834} INFO - Setting next_dagrun for dataset_produces_2 to None, run_after=None
[2026-05-17T21:44:27.963+0000] {processor.py:183} INFO - Processing /home/airflow/.local/lib/python3.8/site-packages/airflow/example_dags/example_datasets.py took 0.128 seconds
[2026-05-17T21:44:58.123+0000] {processor.py:161} INFO - Started process (PID=5312) to work on /home/airflow/.local/lib/python3.8/site-packages/airflow/example_dags/example_datasets.py
[2026-05-17T21:44:58.125+0000] {processor.py:830} INFO - Processing file /home/airflow/.local/lib/python3.8/site-packages/airflow/example_dags/example_datasets.py for tasks to queue
[2026-05-17T21:44:58.127+0000] {logging_mixin.py:188} INFO - [2026-05-17T21:44:58.126+0000] {dagbag.py:540} INFO - Filling up the DagBag from /home/airflow/.local/lib/python3.8/site-packages/airflow/example_dags/example_datasets.py
[2026-05-17T21:44:58.135+0000] {processor.py:840} INFO - DAG(s) 'dataset_consumes_1_never_scheduled', 'dataset_produces_1', 'dataset_consumes_unknown_never_scheduled', 'dataset_consumes_1', 'dataset_consumes_1_and_2', 'dataset_produces_2' retrieved from /home/airflow/.local/lib/python3.8/site-packages/airflow/example_dags/example_datasets.py
[2026-05-17T21:44:58.170+0000] {logging_mixin.py:188} INFO - [2026-05-17T21:44:58.169+0000] {dag.py:3047} INFO - Sync 6 DAGs
[2026-05-17T21:44:58.193+0000] {logging_mixin.py:188} INFO - [2026-05-17T21:44:58.193+0000] {dag.py:3834} INFO - Setting next_dagrun for dataset_consumes_1 to None, run_after=None
[2026-05-17T21:44:58.197+0000] {logging_mixin.py:188} INFO - [2026-05-17T21:44:58.197+0000] {dag.py:3834} INFO - Setting next_dagrun for dataset_consumes_1_and_2 to None, run_after=None
[2026-05-17T21:44:58.199+0000] {logging_mixin.py:188} INFO - [2026-05-17T21:44:58.198+0000] {dag.py:3834} INFO - Setting next_dagrun for dataset_consumes_1_never_scheduled to None, run_after=None
[2026-05-17T21:44:58.200+0000] {logging_mixin.py:188} INFO - [2026-05-17T21:44:58.200+0000] {dag.py:3834} INFO - Setting next_dagrun for dataset_consumes_unknown_never_scheduled to None, run_after=None
[2026-05-17T21:44:58.202+0000] {logging_mixin.py:188} INFO - [2026-05-17T21:44:58.202+0000] {dag.py:3834} INFO - Setting next_dagrun for dataset_produces_1 to 2026-05-16 00:00:00+00:00, run_after=2026-05-17 00:00:00+00:00
[2026-05-17T21:44:58.205+0000] {logging_mixin.py:188} INFO - [2026-05-17T21:44:58.205+0000] {dag.py:3834} INFO - Setting next_dagrun for dataset_produces_2 to None, run_after=None
[2026-05-17T21:44:58.243+0000] {processor.py:183} INFO - Processing /home/airflow/.local/lib/python3.8/site-packages/airflow/example_dags/example_datasets.py took 0.124 seconds
[2026-05-17T21:45:28.434+0000] {processor.py:161} INFO - Started process (PID=5367) to work on /home/airflow/.local/lib/python3.8/site-packages/airflow/example_dags/example_datasets.py
[2026-05-17T21:45:28.435+0000] {processor.py:830} INFO - Processing file /home/airflow/.local/lib/python3.8/site-packages/airflow/example_dags/example_datasets.py for tasks to queue
[2026-05-17T21:45:28.437+0000] {logging_mixin.py:188} INFO - [2026-05-17T21:45:28.437+0000] {dagbag.py:540} INFO - Filling up the DagBag from /home/airflow/.local/lib/python3.8/site-packages/airflow/example_dags/example_datasets.py
[2026-05-17T21:45:28.446+0000] {processor.py:840} INFO - DAG(s) 'dataset_consumes_unknown_never_scheduled', 'dataset_consumes_1_never_scheduled', 'dataset_produces_1', 'dataset_consumes_1', 'dataset_consumes_1_and_2', 'dataset_produces_2' retrieved from /home/airflow/.local/lib/python3.8/site-packages/airflow/example_dags/example_datasets.py
[2026-05-17T21:45:28.483+0000] {logging_mixin.py:188} INFO - [2026-05-17T21:45:28.483+0000] {dag.py:3047} INFO - Sync 6 DAGs
[2026-05-17T21:45:28.507+0000] {logging_mixin.py:188} INFO - [2026-05-17T21:45:28.506+0000] {dag.py:3834} INFO - Setting next_dagrun for dataset_consumes_1 to None, run_after=None
[2026-05-17T21:45:28.510+0000] {logging_mixin.py:188} INFO - [2026-05-17T21:45:28.510+0000] {dag.py:3834} INFO - Setting next_dagrun for dataset_consumes_1_and_2 to None, run_after=None
[2026-05-17T21:45:28.512+0000] {logging_mixin.py:188} INFO - [2026-05-17T21:45:28.512+0000] {dag.py:3834} INFO - Setting next_dagrun for dataset_consumes_1_never_scheduled to None, run_after=None
[2026-05-17T21:45:28.514+0000] {logging_mixin.py:188} INFO - [2026-05-17T21:45:28.514+0000] {dag.py:3834} INFO - Setting next_dagrun for dataset_consumes_unknown_never_scheduled to None, run_after=None
[2026-05-17T21:45:28.522+0000] {logging_mixin.py:188} INFO - [2026-05-17T21:45:28.522+0000] {dag.py:3834} INFO - Setting next_dagrun for dataset_produces_1 to 2026-05-16 00:00:00+00:00, run_after=2026-05-17 00:00:00+00:00
[2026-05-17T21:45:28.525+0000] {logging_mixin.py:188} INFO - [2026-05-17T21:45:28.525+0000] {dag.py:3834} INFO - Setting next_dagrun for dataset_produces_2 to None, run_after=None
[2026-05-17T21:45:28.560+0000] {processor.py:183} INFO - Processing /home/airflow/.local/lib/python3.8/site-packages/airflow/example_dags/example_datasets.py took 0.129 seconds
[2026-05-17T21:45:58.795+0000] {processor.py:161} INFO - Started process (PID=5422) to work on /home/airflow/.local/lib/python3.8/site-packages/airflow/example_dags/example_datasets.py
[2026-05-17T21:45:58.798+0000] {processor.py:830} INFO - Processing file /home/airflow/.local/lib/python3.8/site-packages/airflow/example_dags/example_datasets.py for tasks to queue
[2026-05-17T21:45:58.801+0000] {logging_mixin.py:188} INFO - [2026-05-17T21:45:58.801+0000] {dagbag.py:540} INFO - Filling up the DagBag from /home/airflow/.local/lib/python3.8/site-packages/airflow/example_dags/example_datasets.py
[2026-05-17T21:45:58.811+0000] {processor.py:840} INFO - DAG(s) 'dataset_consumes_1_and_2', 'dataset_produces_1', 'dataset_produces_2', 'dataset_consumes_1', 'dataset_consumes_unknown_never_scheduled', 'dataset_consumes_1_never_scheduled' retrieved from /home/airflow/.local/lib/python3.8/site-packages/airflow/example_dags/example_datasets.py
[2026-05-17T21:45:58.861+0000] {logging_mixin.py:188} INFO - [2026-05-17T21:45:58.860+0000] {dag.py:3047} INFO - Sync 6 DAGs
[2026-05-17T21:45:58.891+0000] {logging_mixin.py:188} INFO - [2026-05-17T21:45:58.891+0000] {dag.py:3834} INFO - Setting next_dagrun for dataset_consumes_1 to None, run_after=None
[2026-05-17T21:45:58.897+0000] {logging_mixin.py:188} INFO - [2026-05-17T21:45:58.896+0000] {dag.py:3834} INFO - Setting next_dagrun for dataset_consumes_1_and_2 to None, run_after=None
[2026-05-17T21:45:58.899+0000] {logging_mixin.py:188} INFO - [2026-05-17T21:45:58.899+0000] {dag.py:3834} INFO - Setting next_dagrun for dataset_consumes_1_never_scheduled to None, run_after=None
[2026-05-17T21:45:58.901+0000] {logging_mixin.py:188} INFO - [2026-05-17T21:45:58.901+0000] {dag.py:3834} INFO - Setting next_dagrun for dataset_consumes_unknown_never_scheduled to None, run_after=None
[2026-05-17T21:45:58.904+0000] {logging_mixin.py:188} INFO - [2026-05-17T21:45:58.904+0000] {dag.py:3834} INFO - Setting next_dagrun for dataset_produces_1 to 2026-05-16 00:00:00+00:00, run_after=2026-05-17 00:00:00+00:00
[2026-05-17T21:45:58.906+0000] {logging_mixin.py:188} INFO - [2026-05-17T21:45:58.906+0000] {dag.py:3834} INFO - Setting next_dagrun for dataset_produces_2 to None, run_after=None
[2026-05-17T21:45:58.963+0000] {processor.py:183} INFO - Processing /home/airflow/.local/lib/python3.8/site-packages/airflow/example_dags/example_datasets.py took 0.172 seconds
[2026-05-17T21:46:29.463+0000] {processor.py:161} INFO - Started process (PID=5477) to work on /home/airflow/.local/lib/python3.8/site-packages/airflow/example_dags/example_datasets.py
[2026-05-17T21:46:29.464+0000] {processor.py:830} INFO - Processing file /home/airflow/.local/lib/python3.8/site-packages/airflow/example_dags/example_datasets.py for tasks to queue
[2026-05-17T21:46:29.466+0000] {logging_mixin.py:188} INFO - [2026-05-17T21:46:29.466+0000] {dagbag.py:540} INFO - Filling up the DagBag from /home/airflow/.local/lib/python3.8/site-packages/airflow/example_dags/example_datasets.py
[2026-05-17T21:46:29.475+0000] {processor.py:840} INFO - DAG(s) 'dataset_consumes_1_and_2', 'dataset_produces_2', 'dataset_produces_1', 'dataset_consumes_1_never_scheduled', 'dataset_consumes_1', 'dataset_consumes_unknown_never_scheduled' retrieved from /home/airflow/.local/lib/python3.8/site-packages/airflow/example_dags/example_datasets.py
[2026-05-17T21:46:29.515+0000] {logging_mixin.py:188} INFO - [2026-05-17T21:46:29.515+0000] {dag.py:3047} INFO - Sync 6 DAGs
[2026-05-17T21:46:29.537+0000] {logging_mixin.py:188} INFO - [2026-05-17T21:46:29.537+0000] {dag.py:3834} INFO - Setting next_dagrun for dataset_consumes_1 to None, run_after=None
[2026-05-17T21:46:29.542+0000] {logging_mixin.py:188} INFO - [2026-05-17T21:46:29.542+0000] {dag.py:3834} INFO - Setting next_dagrun for dataset_consumes_1_and_2 to None, run_after=None
[2026-05-17T21:46:29.544+0000] {logging_mixin.py:188} INFO - [2026-05-17T21:46:29.544+0000] {dag.py:3834} INFO - Setting next_dagrun for dataset_consumes_1_never_scheduled to None, run_after=None
[2026-05-17T21:46:29.546+0000] {logging_mixin.py:188} INFO - [2026-05-17T21:46:29.545+0000] {dag.py:3834} INFO - Setting next_dagrun for dataset_consumes_unknown_never_scheduled to None, run_after=None
[2026-05-17T21:46:29.548+0000] {logging_mixin.py:188} INFO - [2026-05-17T21:46:29.548+0000] {dag.py:3834} INFO - Setting next_dagrun for dataset_produces_1 to 2026-05-16 00:00:00+00:00, run_after=2026-05-17 00:00:00+00:00
[2026-05-17T21:46:29.551+0000] {logging_mixin.py:188} INFO - [2026-05-17T21:46:29.550+0000] {dag.py:3834} INFO - Setting next_dagrun for dataset_produces_2 to None, run_after=None
[2026-05-17T21:46:29.584+0000] {processor.py:183} INFO - Processing /home/airflow/.local/lib/python3.8/site-packages/airflow/example_dags/example_datasets.py took 0.124 seconds
[2026-05-17T21:46:59.774+0000] {processor.py:161} INFO - Started process (PID=5532) to work on /home/airflow/.local/lib/python3.8/site-packages/airflow/example_dags/example_datasets.py
[2026-05-17T21:46:59.776+0000] {processor.py:830} INFO - Processing file /home/airflow/.local/lib/python3.8/site-packages/airflow/example_dags/example_datasets.py for tasks to queue
[2026-05-17T21:46:59.778+0000] {logging_mixin.py:188} INFO - [2026-05-17T21:46:59.778+0000] {dagbag.py:540} INFO - Filling up the DagBag from /home/airflow/.local/lib/python3.8/site-packages/airflow/example_dags/example_datasets.py
[2026-05-17T21:46:59.788+0000] {processor.py:840} INFO - DAG(s) 'dataset_consumes_1_never_scheduled', 'dataset_produces_2', 'dataset_consumes_1_and_2', 'dataset_consumes_unknown_never_scheduled', 'dataset_consumes_1', 'dataset_produces_1' retrieved from /home/airflow/.local/lib/python3.8/site-packages/airflow/example_dags/example_datasets.py
[2026-05-17T21:46:59.824+0000] {logging_mixin.py:188} INFO - [2026-05-17T21:46:59.824+0000] {dag.py:3047} INFO - Sync 6 DAGs
[2026-05-17T21:46:59.848+0000] {logging_mixin.py:188} INFO - [2026-05-17T21:46:59.848+0000] {dag.py:3834} INFO - Setting next_dagrun for dataset_consumes_1 to None, run_after=None
[2026-05-17T21:46:59.853+0000] {logging_mixin.py:188} INFO - [2026-05-17T21:46:59.852+0000] {dag.py:3834} INFO - Setting next_dagrun for dataset_consumes_1_and_2 to None, run_after=None
[2026-05-17T21:46:59.855+0000] {logging_mixin.py:188} INFO - [2026-05-17T21:46:59.855+0000] {dag.py:3834} INFO - Setting next_dagrun for dataset_consumes_1_never_scheduled to None, run_after=None
[2026-05-17T21:46:59.857+0000] {logging_mixin.py:188} INFO - [2026-05-17T21:46:59.857+0000] {dag.py:3834} INFO - Setting next_dagrun for dataset_consumes_unknown_never_scheduled to None, run_after=None
[2026-05-17T21:46:59.861+0000] {logging_mixin.py:188} INFO - [2026-05-17T21:46:59.861+0000] {dag.py:3834} INFO - Setting next_dagrun for dataset_produces_1 to 2026-05-16 00:00:00+00:00, run_after=2026-05-17 00:00:00+00:00
[2026-05-17T21:46:59.863+0000] {logging_mixin.py:188} INFO - [2026-05-17T21:46:59.863+0000] {dag.py:3834} INFO - Setting next_dagrun for dataset_produces_2 to None, run_after=None
[2026-05-17T21:46:59.896+0000] {processor.py:183} INFO - Processing /home/airflow/.local/lib/python3.8/site-packages/airflow/example_dags/example_datasets.py took 0.125 seconds
[2026-05-17T21:47:30.642+0000] {processor.py:161} INFO - Started process (PID=5587) to work on /home/airflow/.local/lib/python3.8/site-packages/airflow/example_dags/example_datasets.py
[2026-05-17T21:47:30.644+0000] {processor.py:830} INFO - Processing file /home/airflow/.local/lib/python3.8/site-packages/airflow/example_dags/example_datasets.py for tasks to queue
[2026-05-17T21:47:30.646+0000] {logging_mixin.py:188} INFO - [2026-05-17T21:47:30.646+0000] {dagbag.py:540} INFO - Filling up the DagBag from /home/airflow/.local/lib/python3.8/site-packages/airflow/example_dags/example_datasets.py
[2026-05-17T21:47:30.655+0000] {processor.py:840} INFO - DAG(s) 'dataset_consumes_unknown_never_scheduled', 'dataset_produces_1', 'dataset_consumes_1', 'dataset_consumes_1_and_2', 'dataset_produces_2', 'dataset_consumes_1_never_scheduled' retrieved from /home/airflow/.local/lib/python3.8/site-packages/airflow/example_dags/example_datasets.py
[2026-05-17T21:47:30.690+0000] {logging_mixin.py:188} INFO - [2026-05-17T21:47:30.689+0000] {dag.py:3047} INFO - Sync 6 DAGs
[2026-05-17T21:47:30.712+0000] {logging_mixin.py:188} INFO - [2026-05-17T21:47:30.711+0000] {dag.py:3834} INFO - Setting next_dagrun for dataset_consumes_1 to None, run_after=None
[2026-05-17T21:47:30.717+0000] {logging_mixin.py:188} INFO - [2026-05-17T21:47:30.716+0000] {dag.py:3834} INFO - Setting next_dagrun for dataset_consumes_1_and_2 to None, run_after=None
[2026-05-17T21:47:30.720+0000] {logging_mixin.py:188} INFO - [2026-05-17T21:47:30.720+0000] {dag.py:3834} INFO - Setting next_dagrun for dataset_consumes_1_never_scheduled to None, run_after=None
[2026-05-17T21:47:30.722+0000] {logging_mixin.py:188} INFO - [2026-05-17T21:47:30.721+0000] {dag.py:3834} INFO - Setting next_dagrun for dataset_consumes_unknown_never_scheduled to None, run_after=None
[2026-05-17T21:47:30.725+0000] {logging_mixin.py:188} INFO - [2026-05-17T21:47:30.725+0000] {dag.py:3834} INFO - Setting next_dagrun for dataset_produces_1 to 2026-05-16 00:00:00+00:00, run_after=2026-05-17 00:00:00+00:00
[2026-05-17T21:47:30.727+0000] {logging_mixin.py:188} INFO - [2026-05-17T21:47:30.727+0000] {dag.py:3834} INFO - Setting next_dagrun for dataset_produces_2 to None, run_after=None
[2026-05-17T21:47:30.757+0000] {processor.py:183} INFO - Processing /home/airflow/.local/lib/python3.8/site-packages/airflow/example_dags/example_datasets.py took 0.118 seconds
[2026-05-17T21:48:01.481+0000] {processor.py:161} INFO - Started process (PID=5641) to work on /home/airflow/.local/lib/python3.8/site-packages/airflow/example_dags/example_datasets.py
[2026-05-17T21:48:01.483+0000] {processor.py:830} INFO - Processing file /home/airflow/.local/lib/python3.8/site-packages/airflow/example_dags/example_datasets.py for tasks to queue
[2026-05-17T21:48:01.485+0000] {logging_mixin.py:188} INFO - [2026-05-17T21:48:01.485+0000] {dagbag.py:540} INFO - Filling up the DagBag from /home/airflow/.local/lib/python3.8/site-packages/airflow/example_dags/example_datasets.py
[2026-05-17T21:48:01.492+0000] {processor.py:840} INFO - DAG(s) 'dataset_consumes_1', 'dataset_consumes_1_never_scheduled', 'dataset_consumes_unknown_never_scheduled', 'dataset_produces_1', 'dataset_consumes_1_and_2', 'dataset_produces_2' retrieved from /home/airflow/.local/lib/python3.8/site-packages/airflow/example_dags/example_datasets.py
[2026-05-17T21:48:01.523+0000] {logging_mixin.py:188} INFO - [2026-05-17T21:48:01.523+0000] {dag.py:3047} INFO - Sync 6 DAGs
[2026-05-17T21:48:01.546+0000] {logging_mixin.py:188} INFO - [2026-05-17T21:48:01.546+0000] {dag.py:3834} INFO - Setting next_dagrun for dataset_consumes_1 to None, run_after=None
[2026-05-17T21:48:01.551+0000] {logging_mixin.py:188} INFO - [2026-05-17T21:48:01.551+0000] {dag.py:3834} INFO - Setting next_dagrun for dataset_consumes_1_and_2 to None, run_after=None
[2026-05-17T21:48:01.553+0000] {logging_mixin.py:188} INFO - [2026-05-17T21:48:01.553+0000] {dag.py:3834} INFO - Setting next_dagrun for dataset_consumes_1_never_scheduled to None, run_after=None
[2026-05-17T21:48:01.554+0000] {logging_mixin.py:188} INFO - [2026-05-17T21:48:01.554+0000] {dag.py:3834} INFO - Setting next_dagrun for dataset_consumes_unknown_never_scheduled to None, run_after=None
[2026-05-17T21:48:01.557+0000] {logging_mixin.py:188} INFO - [2026-05-17T21:48:01.557+0000] {dag.py:3834} INFO - Setting next_dagrun for dataset_produces_1 to 2026-05-16 00:00:00+00:00, run_after=2026-05-17 00:00:00+00:00
[2026-05-17T21:48:01.559+0000] {logging_mixin.py:188} INFO - [2026-05-17T21:48:01.559+0000] {dag.py:3834} INFO - Setting next_dagrun for dataset_produces_2 to None, run_after=None
[2026-05-17T21:48:01.587+0000] {processor.py:183} INFO - Processing /home/airflow/.local/lib/python3.8/site-packages/airflow/example_dags/example_datasets.py took 0.110 seconds
[2026-05-17T21:48:32.107+0000] {processor.py:161} INFO - Started process (PID=5696) to work on /home/airflow/.local/lib/python3.8/site-packages/airflow/example_dags/example_datasets.py
[2026-05-17T21:48:32.110+0000] {processor.py:830} INFO - Processing file /home/airflow/.local/lib/python3.8/site-packages/airflow/example_dags/example_datasets.py for tasks to queue
[2026-05-17T21:48:32.115+0000] {logging_mixin.py:188} INFO - [2026-05-17T21:48:32.115+0000] {dagbag.py:540} INFO - Filling up the DagBag from /home/airflow/.local/lib/python3.8/site-packages/airflow/example_dags/example_datasets.py
[2026-05-17T21:48:32.126+0000] {processor.py:840} INFO - DAG(s) 'dataset_produces_1', 'dataset_consumes_1', 'dataset_produces_2', 'dataset_consumes_1_and_2', 'dataset_consumes_unknown_never_scheduled', 'dataset_consumes_1_never_scheduled' retrieved from /home/airflow/.local/lib/python3.8/site-packages/airflow/example_dags/example_datasets.py
[2026-05-17T21:48:32.182+0000] {logging_mixin.py:188} INFO - [2026-05-17T21:48:32.182+0000] {dag.py:3047} INFO - Sync 6 DAGs
[2026-05-17T21:48:32.221+0000] {logging_mixin.py:188} INFO - [2026-05-17T21:48:32.221+0000] {dag.py:3834} INFO - Setting next_dagrun for dataset_consumes_1 to None, run_after=None
[2026-05-17T21:48:32.233+0000] {logging_mixin.py:188} INFO - [2026-05-17T21:48:32.232+0000] {dag.py:3834} INFO - Setting next_dagrun for dataset_consumes_1_and_2 to None, run_after=None
[2026-05-17T21:48:32.237+0000] {logging_mixin.py:188} INFO - [2026-05-17T21:48:32.237+0000] {dag.py:3834} INFO - Setting next_dagrun for dataset_consumes_1_never_scheduled to None, run_after=None
[2026-05-17T21:48:32.239+0000] {logging_mixin.py:188} INFO - [2026-05-17T21:48:32.239+0000] {dag.py:3834} INFO - Setting next_dagrun for dataset_consumes_unknown_never_scheduled to None, run_after=None
[2026-05-17T21:48:32.249+0000] {logging_mixin.py:188} INFO - [2026-05-17T21:48:32.248+0000] {dag.py:3834} INFO - Setting next_dagrun for dataset_produces_1 to 2026-05-16 00:00:00+00:00, run_after=2026-05-17 00:00:00+00:00
[2026-05-17T21:48:32.252+0000] {logging_mixin.py:188} INFO - [2026-05-17T21:48:32.251+0000] {dag.py:3834} INFO - Setting next_dagrun for dataset_produces_2 to None, run_after=None
[2026-05-17T21:48:32.287+0000] {processor.py:183} INFO - Processing /home/airflow/.local/lib/python3.8/site-packages/airflow/example_dags/example_datasets.py took 0.184 seconds
[2026-05-17T21:49:02.547+0000] {processor.py:161} INFO - Started process (PID=5751) to work on /home/airflow/.local/lib/python3.8/site-packages/airflow/example_dags/example_datasets.py
[2026-05-17T21:49:02.549+0000] {processor.py:830} INFO - Processing file /home/airflow/.local/lib/python3.8/site-packages/airflow/example_dags/example_datasets.py for tasks to queue
[2026-05-17T21:49:02.552+0000] {logging_mixin.py:188} INFO - [2026-05-17T21:49:02.552+0000] {dagbag.py:540} INFO - Filling up the DagBag from /home/airflow/.local/lib/python3.8/site-packages/airflow/example_dags/example_datasets.py
[2026-05-17T21:49:02.566+0000] {processor.py:840} INFO - DAG(s) 'dataset_consumes_1_and_2', 'dataset_produces_1', 'dataset_produces_2', 'dataset_consumes_1', 'dataset_consumes_unknown_never_scheduled', 'dataset_consumes_1_never_scheduled' retrieved from /home/airflow/.local/lib/python3.8/site-packages/airflow/example_dags/example_datasets.py
[2026-05-17T21:49:02.619+0000] {logging_mixin.py:188} INFO - [2026-05-17T21:49:02.619+0000] {dag.py:3047} INFO - Sync 6 DAGs
[2026-05-17T21:49:02.648+0000] {logging_mixin.py:188} INFO - [2026-05-17T21:49:02.648+0000] {dag.py:3834} INFO - Setting next_dagrun for dataset_consumes_1 to None, run_after=None
[2026-05-17T21:49:02.653+0000] {logging_mixin.py:188} INFO - [2026-05-17T21:49:02.652+0000] {dag.py:3834} INFO - Setting next_dagrun for dataset_consumes_1_and_2 to None, run_after=None
[2026-05-17T21:49:02.656+0000] {logging_mixin.py:188} INFO - [2026-05-17T21:49:02.656+0000] {dag.py:3834} INFO - Setting next_dagrun for dataset_consumes_1_never_scheduled to None, run_after=None
[2026-05-17T21:49:02.659+0000] {logging_mixin.py:188} INFO - [2026-05-17T21:49:02.659+0000] {dag.py:3834} INFO - Setting next_dagrun for dataset_consumes_unknown_never_scheduled to None, run_after=None
[2026-05-17T21:49:02.663+0000] {logging_mixin.py:188} INFO - [2026-05-17T21:49:02.662+0000] {dag.py:3834} INFO - Setting next_dagrun for dataset_produces_1 to 2026-05-16 00:00:00+00:00, run_after=2026-05-17 00:00:00+00:00
[2026-05-17T21:49:02.666+0000] {logging_mixin.py:188} INFO - [2026-05-17T21:49:02.666+0000] {dag.py:3834} INFO - Setting next_dagrun for dataset_produces_2 to None, run_after=None
[2026-05-17T21:49:02.705+0000] {processor.py:183} INFO - Processing /home/airflow/.local/lib/python3.8/site-packages/airflow/example_dags/example_datasets.py took 0.164 seconds
[2026-05-17T21:49:33.467+0000] {processor.py:161} INFO - Started process (PID=5806) to work on /home/airflow/.local/lib/python3.8/site-packages/airflow/example_dags/example_datasets.py
[2026-05-17T21:49:33.469+0000] {processor.py:830} INFO - Processing file /home/airflow/.local/lib/python3.8/site-packages/airflow/example_dags/example_datasets.py for tasks to queue
[2026-05-17T21:49:33.472+0000] {logging_mixin.py:188} INFO - [2026-05-17T21:49:33.471+0000] {dagbag.py:540} INFO - Filling up the DagBag from /home/airflow/.local/lib/python3.8/site-packages/airflow/example_dags/example_datasets.py
[2026-05-17T21:49:33.481+0000] {processor.py:840} INFO - DAG(s) 'dataset_produces_2', 'dataset_produces_1', 'dataset_consumes_1', 'dataset_consumes_1_never_scheduled', 'dataset_consumes_unknown_never_scheduled', 'dataset_consumes_1_and_2' retrieved from /home/airflow/.local/lib/python3.8/site-packages/airflow/example_dags/example_datasets.py
[2026-05-17T21:49:33.518+0000] {logging_mixin.py:188} INFO - [2026-05-17T21:49:33.517+0000] {dag.py:3047} INFO - Sync 6 DAGs
[2026-05-17T21:49:33.539+0000] {logging_mixin.py:188} INFO - [2026-05-17T21:49:33.539+0000] {dag.py:3834} INFO - Setting next_dagrun for dataset_consumes_1 to None, run_after=None
[2026-05-17T21:49:33.545+0000] {logging_mixin.py:188} INFO - [2026-05-17T21:49:33.545+0000] {dag.py:3834} INFO - Setting next_dagrun for dataset_consumes_1_and_2 to None, run_after=None
[2026-05-17T21:49:33.547+0000] {logging_mixin.py:188} INFO - [2026-05-17T21:49:33.547+0000] {dag.py:3834} INFO - Setting next_dagrun for dataset_consumes_1_never_scheduled to None, run_after=None
[2026-05-17T21:49:33.549+0000] {logging_mixin.py:188} INFO - [2026-05-17T21:49:33.549+0000] {dag.py:3834} INFO - Setting next_dagrun for dataset_consumes_unknown_never_scheduled to None, run_after=None
[2026-05-17T21:49:33.555+0000] {logging_mixin.py:188} INFO - [2026-05-17T21:49:33.555+0000] {dag.py:3834} INFO - Setting next_dagrun for dataset_produces_1 to 2026-05-16 00:00:00+00:00, run_after=2026-05-17 00:00:00+00:00
[2026-05-17T21:49:33.558+0000] {logging_mixin.py:188} INFO - [2026-05-17T21:49:33.558+0000] {dag.py:3834} INFO - Setting next_dagrun for dataset_produces_2 to None, run_after=None
[2026-05-17T21:49:33.600+0000] {processor.py:183} INFO - Processing /home/airflow/.local/lib/python3.8/site-packages/airflow/example_dags/example_datasets.py took 0.139 seconds
[2026-05-17T21:50:03.968+0000] {processor.py:161} INFO - Started process (PID=5862) to work on /home/airflow/.local/lib/python3.8/site-packages/airflow/example_dags/example_datasets.py
[2026-05-17T21:50:03.970+0000] {processor.py:830} INFO - Processing file /home/airflow/.local/lib/python3.8/site-packages/airflow/example_dags/example_datasets.py for tasks to queue
[2026-05-17T21:50:03.972+0000] {logging_mixin.py:188} INFO - [2026-05-17T21:50:03.972+0000] {dagbag.py:540} INFO - Filling up the DagBag from /home/airflow/.local/lib/python3.8/site-packages/airflow/example_dags/example_datasets.py
[2026-05-17T21:50:03.982+0000] {processor.py:840} INFO - DAG(s) 'dataset_produces_2', 'dataset_consumes_unknown_never_scheduled', 'dataset_produces_1', 'dataset_consumes_1', 'dataset_consumes_1_and_2', 'dataset_consumes_1_never_scheduled' retrieved from /home/airflow/.local/lib/python3.8/site-packages/airflow/example_dags/example_datasets.py
[2026-05-17T21:50:04.019+0000] {logging_mixin.py:188} INFO - [2026-05-17T21:50:04.019+0000] {dag.py:3047} INFO - Sync 6 DAGs
[2026-05-17T21:50:04.040+0000] {logging_mixin.py:188} INFO - [2026-05-17T21:50:04.040+0000] {dag.py:3834} INFO - Setting next_dagrun for dataset_consumes_1 to None, run_after=None
[2026-05-17T21:50:04.045+0000] {logging_mixin.py:188} INFO - [2026-05-17T21:50:04.045+0000] {dag.py:3834} INFO - Setting next_dagrun for dataset_consumes_1_and_2 to None, run_after=None
[2026-05-17T21:50:04.049+0000] {logging_mixin.py:188} INFO - [2026-05-17T21:50:04.049+0000] {dag.py:3834} INFO - Setting next_dagrun for dataset_consumes_1_never_scheduled to None, run_after=None
[2026-05-17T21:50:04.051+0000] {logging_mixin.py:188} INFO - [2026-05-17T21:50:04.051+0000] {dag.py:3834} INFO - Setting next_dagrun for dataset_consumes_unknown_never_scheduled to None, run_after=None
[2026-05-17T21:50:04.055+0000] {logging_mixin.py:188} INFO - [2026-05-17T21:50:04.055+0000] {dag.py:3834} INFO - Setting next_dagrun for dataset_produces_1 to 2026-05-16 00:00:00+00:00, run_after=2026-05-17 00:00:00+00:00
[2026-05-17T21:50:04.057+0000] {logging_mixin.py:188} INFO - [2026-05-17T21:50:04.056+0000] {dag.py:3834} INFO - Setting next_dagrun for dataset_produces_2 to None, run_after=None
[2026-05-17T21:50:04.095+0000] {processor.py:183} INFO - Processing /home/airflow/.local/lib/python3.8/site-packages/airflow/example_dags/example_datasets.py took 0.129 seconds
[2026-05-17T21:50:34.478+0000] {processor.py:161} INFO - Started process (PID=5917) to work on /home/airflow/.local/lib/python3.8/site-packages/airflow/example_dags/example_datasets.py
[2026-05-17T21:50:34.480+0000] {processor.py:830} INFO - Processing file /home/airflow/.local/lib/python3.8/site-packages/airflow/example_dags/example_datasets.py for tasks to queue
[2026-05-17T21:50:34.482+0000] {logging_mixin.py:188} INFO - [2026-05-17T21:50:34.482+0000] {dagbag.py:540} INFO - Filling up the DagBag from /home/airflow/.local/lib/python3.8/site-packages/airflow/example_dags/example_datasets.py
[2026-05-17T21:50:34.490+0000] {processor.py:840} INFO - DAG(s) 'dataset_produces_2', 'dataset_consumes_1', 'dataset_produces_1', 'dataset_consumes_1_never_scheduled', 'dataset_consumes_1_and_2', 'dataset_consumes_unknown_never_scheduled' retrieved from /home/airflow/.local/lib/python3.8/site-packages/airflow/example_dags/example_datasets.py
[2026-05-17T21:50:34.523+0000] {logging_mixin.py:188} INFO - [2026-05-17T21:50:34.523+0000] {dag.py:3047} INFO - Sync 6 DAGs
[2026-05-17T21:50:34.545+0000] {logging_mixin.py:188} INFO - [2026-05-17T21:50:34.544+0000] {dag.py:3834} INFO - Setting next_dagrun for dataset_consumes_1 to None, run_after=None
[2026-05-17T21:50:34.549+0000] {logging_mixin.py:188} INFO - [2026-05-17T21:50:34.549+0000] {dag.py:3834} INFO - Setting next_dagrun for dataset_consumes_1_and_2 to None, run_after=None
[2026-05-17T21:50:34.552+0000] {logging_mixin.py:188} INFO - [2026-05-17T21:50:34.551+0000] {dag.py:3834} INFO - Setting next_dagrun for dataset_consumes_1_never_scheduled to None, run_after=None
[2026-05-17T21:50:34.553+0000] {logging_mixin.py:188} INFO - [2026-05-17T21:50:34.553+0000] {dag.py:3834} INFO - Setting next_dagrun for dataset_consumes_unknown_never_scheduled to None, run_after=None
[2026-05-17T21:50:34.560+0000] {logging_mixin.py:188} INFO - [2026-05-17T21:50:34.559+0000] {dag.py:3834} INFO - Setting next_dagrun for dataset_produces_1 to 2026-05-16 00:00:00+00:00, run_after=2026-05-17 00:00:00+00:00
[2026-05-17T21:50:34.563+0000] {logging_mixin.py:188} INFO - [2026-05-17T21:50:34.563+0000] {dag.py:3834} INFO - Setting next_dagrun for dataset_produces_2 to None, run_after=None
[2026-05-17T21:50:34.593+0000] {processor.py:183} INFO - Processing /home/airflow/.local/lib/python3.8/site-packages/airflow/example_dags/example_datasets.py took 0.119 seconds
[2026-05-17T21:51:05.451+0000] {processor.py:161} INFO - Started process (PID=5972) to work on /home/airflow/.local/lib/python3.8/site-packages/airflow/example_dags/example_datasets.py
[2026-05-17T21:51:05.453+0000] {processor.py:830} INFO - Processing file /home/airflow/.local/lib/python3.8/site-packages/airflow/example_dags/example_datasets.py for tasks to queue
[2026-05-17T21:51:05.455+0000] {logging_mixin.py:188} INFO - [2026-05-17T21:51:05.454+0000] {dagbag.py:540} INFO - Filling up the DagBag from /home/airflow/.local/lib/python3.8/site-packages/airflow/example_dags/example_datasets.py
[2026-05-17T21:51:05.464+0000] {processor.py:840} INFO - DAG(s) 'dataset_consumes_unknown_never_scheduled', 'dataset_produces_2', 'dataset_consumes_1_never_scheduled', 'dataset_produces_1', 'dataset_consumes_1_and_2', 'dataset_consumes_1' retrieved from /home/airflow/.local/lib/python3.8/site-packages/airflow/example_dags/example_datasets.py
[2026-05-17T21:51:05.494+0000] {logging_mixin.py:188} INFO - [2026-05-17T21:51:05.494+0000] {dag.py:3047} INFO - Sync 6 DAGs
[2026-05-17T21:51:05.518+0000] {logging_mixin.py:188} INFO - [2026-05-17T21:51:05.518+0000] {dag.py:3834} INFO - Setting next_dagrun for dataset_consumes_1 to None, run_after=None
[2026-05-17T21:51:05.524+0000] {logging_mixin.py:188} INFO - [2026-05-17T21:51:05.523+0000] {dag.py:3834} INFO - Setting next_dagrun for dataset_consumes_1_and_2 to None, run_after=None
[2026-05-17T21:51:05.526+0000] {logging_mixin.py:188} INFO - [2026-05-17T21:51:05.525+0000] {dag.py:3834} INFO - Setting next_dagrun for dataset_consumes_1_never_scheduled to None, run_after=None
[2026-05-17T21:51:05.527+0000] {logging_mixin.py:188} INFO - [2026-05-17T21:51:05.527+0000] {dag.py:3834} INFO - Setting next_dagrun for dataset_consumes_unknown_never_scheduled to None, run_after=None
[2026-05-17T21:51:05.529+0000] {logging_mixin.py:188} INFO - [2026-05-17T21:51:05.529+0000] {dag.py:3834} INFO - Setting next_dagrun for dataset_produces_1 to 2026-05-16 00:00:00+00:00, run_after=2026-05-17 00:00:00+00:00
[2026-05-17T21:51:05.530+0000] {logging_mixin.py:188} INFO - [2026-05-17T21:51:05.530+0000] {dag.py:3834} INFO - Setting next_dagrun for dataset_produces_2 to None, run_after=None
[2026-05-17T21:51:05.560+0000] {processor.py:183} INFO - Processing /home/airflow/.local/lib/python3.8/site-packages/airflow/example_dags/example_datasets.py took 0.112 seconds
[2026-05-17T21:51:36.069+0000] {processor.py:161} INFO - Started process (PID=6027) to work on /home/airflow/.local/lib/python3.8/site-packages/airflow/example_dags/example_datasets.py
[2026-05-17T21:51:36.071+0000] {processor.py:830} INFO - Processing file /home/airflow/.local/lib/python3.8/site-packages/airflow/example_dags/example_datasets.py for tasks to queue
[2026-05-17T21:51:36.073+0000] {logging_mixin.py:188} INFO - [2026-05-17T21:51:36.072+0000] {dagbag.py:540} INFO - Filling up the DagBag from /home/airflow/.local/lib/python3.8/site-packages/airflow/example_dags/example_datasets.py
[2026-05-17T21:51:36.081+0000] {processor.py:840} INFO - DAG(s) 'dataset_consumes_unknown_never_scheduled', 'dataset_consumes_1', 'dataset_produces_1', 'dataset_consumes_1_never_scheduled', 'dataset_produces_2', 'dataset_consumes_1_and_2' retrieved from /home/airflow/.local/lib/python3.8/site-packages/airflow/example_dags/example_datasets.py
[2026-05-17T21:51:36.110+0000] {logging_mixin.py:188} INFO - [2026-05-17T21:51:36.110+0000] {dag.py:3047} INFO - Sync 6 DAGs
[2026-05-17T21:51:36.128+0000] {logging_mixin.py:188} INFO - [2026-05-17T21:51:36.128+0000] {dag.py:3834} INFO - Setting next_dagrun for dataset_consumes_1 to None, run_after=None
[2026-05-17T21:51:36.132+0000] {logging_mixin.py:188} INFO - [2026-05-17T21:51:36.131+0000] {dag.py:3834} INFO - Setting next_dagrun for dataset_consumes_1_and_2 to None, run_after=None
[2026-05-17T21:51:36.133+0000] {logging_mixin.py:188} INFO - [2026-05-17T21:51:36.133+0000] {dag.py:3834} INFO - Setting next_dagrun for dataset_consumes_1_never_scheduled to None, run_after=None
[2026-05-17T21:51:36.134+0000] {logging_mixin.py:188} INFO - [2026-05-17T21:51:36.134+0000] {dag.py:3834} INFO - Setting next_dagrun for dataset_consumes_unknown_never_scheduled to None, run_after=None
[2026-05-17T21:51:36.138+0000] {logging_mixin.py:188} INFO - [2026-05-17T21:51:36.137+0000] {dag.py:3834} INFO - Setting next_dagrun for dataset_produces_1 to 2026-05-16 00:00:00+00:00, run_after=2026-05-17 00:00:00+00:00
[2026-05-17T21:51:36.139+0000] {logging_mixin.py:188} INFO - [2026-05-17T21:51:36.139+0000] {dag.py:3834} INFO - Setting next_dagrun for dataset_produces_2 to None, run_after=None
[2026-05-17T21:51:36.168+0000] {processor.py:183} INFO - Processing /home/airflow/.local/lib/python3.8/site-packages/airflow/example_dags/example_datasets.py took 0.103 seconds
[2026-05-17T21:52:06.691+0000] {processor.py:161} INFO - Started process (PID=6082) to work on /home/airflow/.local/lib/python3.8/site-packages/airflow/example_dags/example_datasets.py
[2026-05-17T21:52:06.693+0000] {processor.py:830} INFO - Processing file /home/airflow/.local/lib/python3.8/site-packages/airflow/example_dags/example_datasets.py for tasks to queue
[2026-05-17T21:52:06.695+0000] {logging_mixin.py:188} INFO - [2026-05-17T21:52:06.695+0000] {dagbag.py:540} INFO - Filling up the DagBag from /home/airflow/.local/lib/python3.8/site-packages/airflow/example_dags/example_datasets.py
[2026-05-17T21:52:06.704+0000] {processor.py:840} INFO - DAG(s) 'dataset_produces_1', 'dataset_consumes_unknown_never_scheduled', 'dataset_produces_2', 'dataset_consumes_1_and_2', 'dataset_consumes_1_never_scheduled', 'dataset_consumes_1' retrieved from /home/airflow/.local/lib/python3.8/site-packages/airflow/example_dags/example_datasets.py
[2026-05-17T21:52:06.737+0000] {logging_mixin.py:188} INFO - [2026-05-17T21:52:06.737+0000] {dag.py:3047} INFO - Sync 6 DAGs
[2026-05-17T21:52:06.755+0000] {logging_mixin.py:188} INFO - [2026-05-17T21:52:06.755+0000] {dag.py:3834} INFO - Setting next_dagrun for dataset_consumes_1 to None, run_after=None
[2026-05-17T21:52:06.759+0000] {logging_mixin.py:188} INFO - [2026-05-17T21:52:06.758+0000] {dag.py:3834} INFO - Setting next_dagrun for dataset_consumes_1_and_2 to None, run_after=None
[2026-05-17T21:52:06.760+0000] {logging_mixin.py:188} INFO - [2026-05-17T21:52:06.760+0000] {dag.py:3834} INFO - Setting next_dagrun for dataset_consumes_1_never_scheduled to None, run_after=None
[2026-05-17T21:52:06.762+0000] {logging_mixin.py:188} INFO - [2026-05-17T21:52:06.762+0000] {dag.py:3834} INFO - Setting next_dagrun for dataset_consumes_unknown_never_scheduled to None, run_after=None
[2026-05-17T21:52:06.765+0000] {logging_mixin.py:188} INFO - [2026-05-17T21:52:06.765+0000] {dag.py:3834} INFO - Setting next_dagrun for dataset_produces_1 to 2026-05-16 00:00:00+00:00, run_after=2026-05-17 00:00:00+00:00
[2026-05-17T21:52:06.767+0000] {logging_mixin.py:188} INFO - [2026-05-17T21:52:06.767+0000] {dag.py:3834} INFO - Setting next_dagrun for dataset_produces_2 to None, run_after=None
[2026-05-17T21:52:06.800+0000] {processor.py:183} INFO - Processing /home/airflow/.local/lib/python3.8/site-packages/airflow/example_dags/example_datasets.py took 0.112 seconds
[2026-05-17T21:52:37.163+0000] {processor.py:161} INFO - Started process (PID=6136) to work on /home/airflow/.local/lib/python3.8/site-packages/airflow/example_dags/example_datasets.py
[2026-05-17T21:52:37.165+0000] {processor.py:830} INFO - Processing file /home/airflow/.local/lib/python3.8/site-packages/airflow/example_dags/example_datasets.py for tasks to queue
[2026-05-17T21:52:37.168+0000] {logging_mixin.py:188} INFO - [2026-05-17T21:52:37.168+0000] {dagbag.py:540} INFO - Filling up the DagBag from /home/airflow/.local/lib/python3.8/site-packages/airflow/example_dags/example_datasets.py
[2026-05-17T21:52:37.176+0000] {processor.py:840} INFO - DAG(s) 'dataset_consumes_1_and_2', 'dataset_produces_1', 'dataset_consumes_unknown_never_scheduled', 'dataset_consumes_1', 'dataset_produces_2', 'dataset_consumes_1_never_scheduled' retrieved from /home/airflow/.local/lib/python3.8/site-packages/airflow/example_dags/example_datasets.py
[2026-05-17T21:52:37.210+0000] {logging_mixin.py:188} INFO - [2026-05-17T21:52:37.210+0000] {dag.py:3047} INFO - Sync 6 DAGs
[2026-05-17T21:52:37.232+0000] {logging_mixin.py:188} INFO - [2026-05-17T21:52:37.232+0000] {dag.py:3834} INFO - Setting next_dagrun for dataset_consumes_1 to None, run_after=None
[2026-05-17T21:52:37.235+0000] {logging_mixin.py:188} INFO - [2026-05-17T21:52:37.235+0000] {dag.py:3834} INFO - Setting next_dagrun for dataset_consumes_1_and_2 to None, run_after=None
[2026-05-17T21:52:37.237+0000] {logging_mixin.py:188} INFO - [2026-05-17T21:52:37.237+0000] {dag.py:3834} INFO - Setting next_dagrun for dataset_consumes_1_never_scheduled to None, run_after=None
[2026-05-17T21:52:37.239+0000] {logging_mixin.py:188} INFO - [2026-05-17T21:52:37.238+0000] {dag.py:3834} INFO - Setting next_dagrun for dataset_consumes_unknown_never_scheduled to None, run_after=None
[2026-05-17T21:52:37.242+0000] {logging_mixin.py:188} INFO - [2026-05-17T21:52:37.241+0000] {dag.py:3834} INFO - Setting next_dagrun for dataset_produces_1 to 2026-05-16 00:00:00+00:00, run_after=2026-05-17 00:00:00+00:00
[2026-05-17T21:52:37.245+0000] {logging_mixin.py:188} INFO - [2026-05-17T21:52:37.244+0000] {dag.py:3834} INFO - Setting next_dagrun for dataset_produces_2 to None, run_after=None
[2026-05-17T21:52:37.274+0000] {processor.py:183} INFO - Processing /home/airflow/.local/lib/python3.8/site-packages/airflow/example_dags/example_datasets.py took 0.114 seconds
[2026-05-17T21:53:07.575+0000] {processor.py:161} INFO - Started process (PID=6191) to work on /home/airflow/.local/lib/python3.8/site-packages/airflow/example_dags/example_datasets.py
[2026-05-17T21:53:07.576+0000] {processor.py:830} INFO - Processing file /home/airflow/.local/lib/python3.8/site-packages/airflow/example_dags/example_datasets.py for tasks to queue
[2026-05-17T21:53:07.578+0000] {logging_mixin.py:188} INFO - [2026-05-17T21:53:07.578+0000] {dagbag.py:540} INFO - Filling up the DagBag from /home/airflow/.local/lib/python3.8/site-packages/airflow/example_dags/example_datasets.py
[2026-05-17T21:53:07.586+0000] {processor.py:840} INFO - DAG(s) 'dataset_produces_1', 'dataset_produces_2', 'dataset_consumes_1_never_scheduled', 'dataset_consumes_1', 'dataset_consumes_unknown_never_scheduled', 'dataset_consumes_1_and_2' retrieved from /home/airflow/.local/lib/python3.8/site-packages/airflow/example_dags/example_datasets.py
[2026-05-17T21:53:07.615+0000] {logging_mixin.py:188} INFO - [2026-05-17T21:53:07.614+0000] {dag.py:3047} INFO - Sync 6 DAGs
[2026-05-17T21:53:07.632+0000] {logging_mixin.py:188} INFO - [2026-05-17T21:53:07.632+0000] {dag.py:3834} INFO - Setting next_dagrun for dataset_consumes_1 to None, run_after=None
[2026-05-17T21:53:07.636+0000] {logging_mixin.py:188} INFO - [2026-05-17T21:53:07.635+0000] {dag.py:3834} INFO - Setting next_dagrun for dataset_consumes_1_and_2 to None, run_after=None
[2026-05-17T21:53:07.637+0000] {logging_mixin.py:188} INFO - [2026-05-17T21:53:07.637+0000] {dag.py:3834} INFO - Setting next_dagrun for dataset_consumes_1_never_scheduled to None, run_after=None
[2026-05-17T21:53:07.639+0000] {logging_mixin.py:188} INFO - [2026-05-17T21:53:07.639+0000] {dag.py:3834} INFO - Setting next_dagrun for dataset_consumes_unknown_never_scheduled to None, run_after=None
[2026-05-17T21:53:07.642+0000] {logging_mixin.py:188} INFO - [2026-05-17T21:53:07.642+0000] {dag.py:3834} INFO - Setting next_dagrun for dataset_produces_1 to 2026-05-16 00:00:00+00:00, run_after=2026-05-17 00:00:00+00:00
[2026-05-17T21:53:07.644+0000] {logging_mixin.py:188} INFO - [2026-05-17T21:53:07.643+0000] {dag.py:3834} INFO - Setting next_dagrun for dataset_produces_2 to None, run_after=None
[2026-05-17T21:53:07.673+0000] {processor.py:183} INFO - Processing /home/airflow/.local/lib/python3.8/site-packages/airflow/example_dags/example_datasets.py took 0.102 seconds
[2026-05-17T21:53:38.468+0000] {processor.py:161} INFO - Started process (PID=6245) to work on /home/airflow/.local/lib/python3.8/site-packages/airflow/example_dags/example_datasets.py
[2026-05-17T21:53:38.471+0000] {processor.py:830} INFO - Processing file /home/airflow/.local/lib/python3.8/site-packages/airflow/example_dags/example_datasets.py for tasks to queue
[2026-05-17T21:53:38.475+0000] {logging_mixin.py:188} INFO - [2026-05-17T21:53:38.475+0000] {dagbag.py:540} INFO - Filling up the DagBag from /home/airflow/.local/lib/python3.8/site-packages/airflow/example_dags/example_datasets.py
[2026-05-17T21:53:38.494+0000] {processor.py:840} INFO - DAG(s) 'dataset_consumes_1_and_2', 'dataset_produces_1', 'dataset_consumes_1', 'dataset_consumes_1_never_scheduled', 'dataset_consumes_unknown_never_scheduled', 'dataset_produces_2' retrieved from /home/airflow/.local/lib/python3.8/site-packages/airflow/example_dags/example_datasets.py
[2026-05-17T21:53:38.546+0000] {logging_mixin.py:188} INFO - [2026-05-17T21:53:38.546+0000] {dag.py:3047} INFO - Sync 6 DAGs
[2026-05-17T21:53:38.578+0000] {logging_mixin.py:188} INFO - [2026-05-17T21:53:38.578+0000] {dag.py:3834} INFO - Setting next_dagrun for dataset_consumes_1 to None, run_after=None
[2026-05-17T21:53:38.582+0000] {logging_mixin.py:188} INFO - [2026-05-17T21:53:38.582+0000] {dag.py:3834} INFO - Setting next_dagrun for dataset_consumes_1_and_2 to None, run_after=None
[2026-05-17T21:53:38.584+0000] {logging_mixin.py:188} INFO - [2026-05-17T21:53:38.584+0000] {dag.py:3834} INFO - Setting next_dagrun for dataset_consumes_1_never_scheduled to None, run_after=None
[2026-05-17T21:53:38.586+0000] {logging_mixin.py:188} INFO - [2026-05-17T21:53:38.585+0000] {dag.py:3834} INFO - Setting next_dagrun for dataset_consumes_unknown_never_scheduled to None, run_after=None
[2026-05-17T21:53:38.589+0000] {logging_mixin.py:188} INFO - [2026-05-17T21:53:38.589+0000] {dag.py:3834} INFO - Setting next_dagrun for dataset_produces_1 to 2026-05-16 00:00:00+00:00, run_after=2026-05-17 00:00:00+00:00
[2026-05-17T21:53:38.591+0000] {logging_mixin.py:188} INFO - [2026-05-17T21:53:38.591+0000] {dag.py:3834} INFO - Setting next_dagrun for dataset_produces_2 to None, run_after=None
[2026-05-17T21:53:38.644+0000] {processor.py:183} INFO - Processing /home/airflow/.local/lib/python3.8/site-packages/airflow/example_dags/example_datasets.py took 0.187 seconds
[2026-05-17T21:54:08.937+0000] {processor.py:161} INFO - Started process (PID=6300) to work on /home/airflow/.local/lib/python3.8/site-packages/airflow/example_dags/example_datasets.py
[2026-05-17T21:54:08.939+0000] {processor.py:830} INFO - Processing file /home/airflow/.local/lib/python3.8/site-packages/airflow/example_dags/example_datasets.py for tasks to queue
[2026-05-17T21:54:08.940+0000] {logging_mixin.py:188} INFO - [2026-05-17T21:54:08.940+0000] {dagbag.py:540} INFO - Filling up the DagBag from /home/airflow/.local/lib/python3.8/site-packages/airflow/example_dags/example_datasets.py
[2026-05-17T21:54:08.948+0000] {processor.py:840} INFO - DAG(s) 'dataset_produces_1', 'dataset_consumes_1_never_scheduled', 'dataset_consumes_1_and_2', 'dataset_consumes_unknown_never_scheduled', 'dataset_consumes_1', 'dataset_produces_2' retrieved from /home/airflow/.local/lib/python3.8/site-packages/airflow/example_dags/example_datasets.py
[2026-05-17T21:54:08.980+0000] {logging_mixin.py:188} INFO - [2026-05-17T21:54:08.980+0000] {dag.py:3047} INFO - Sync 6 DAGs
[2026-05-17T21:54:09.003+0000] {logging_mixin.py:188} INFO - [2026-05-17T21:54:09.003+0000] {dag.py:3834} INFO - Setting next_dagrun for dataset_consumes_1 to None, run_after=None
[2026-05-17T21:54:09.007+0000] {logging_mixin.py:188} INFO - [2026-05-17T21:54:09.007+0000] {dag.py:3834} INFO - Setting next_dagrun for dataset_consumes_1_and_2 to None, run_after=None
[2026-05-17T21:54:09.008+0000] {logging_mixin.py:188} INFO - [2026-05-17T21:54:09.008+0000] {dag.py:3834} INFO - Setting next_dagrun for dataset_consumes_1_never_scheduled to None, run_after=None
[2026-05-17T21:54:09.009+0000] {logging_mixin.py:188} INFO - [2026-05-17T21:54:09.009+0000] {dag.py:3834} INFO - Setting next_dagrun for dataset_consumes_unknown_never_scheduled to None, run_after=None
[2026-05-17T21:54:09.012+0000] {logging_mixin.py:188} INFO - [2026-05-17T21:54:09.012+0000] {dag.py:3834} INFO - Setting next_dagrun for dataset_produces_1 to 2026-05-16 00:00:00+00:00, run_after=2026-05-17 00:00:00+00:00
[2026-05-17T21:54:09.014+0000] {logging_mixin.py:188} INFO - [2026-05-17T21:54:09.013+0000] {dag.py:3834} INFO - Setting next_dagrun for dataset_produces_2 to None, run_after=None
[2026-05-17T21:54:09.046+0000] {processor.py:183} INFO - Processing /home/airflow/.local/lib/python3.8/site-packages/airflow/example_dags/example_datasets.py took 0.112 seconds
[2026-05-17T21:54:39.233+0000] {processor.py:161} INFO - Started process (PID=6355) to work on /home/airflow/.local/lib/python3.8/site-packages/airflow/example_dags/example_datasets.py
[2026-05-17T21:54:39.235+0000] {processor.py:830} INFO - Processing file /home/airflow/.local/lib/python3.8/site-packages/airflow/example_dags/example_datasets.py for tasks to queue
[2026-05-17T21:54:39.237+0000] {logging_mixin.py:188} INFO - [2026-05-17T21:54:39.237+0000] {dagbag.py:540} INFO - Filling up the DagBag from /home/airflow/.local/lib/python3.8/site-packages/airflow/example_dags/example_datasets.py
[2026-05-17T21:54:39.246+0000] {processor.py:840} INFO - DAG(s) 'dataset_produces_1', 'dataset_consumes_1_never_scheduled', 'dataset_consumes_1_and_2', 'dataset_consumes_unknown_never_scheduled', 'dataset_produces_2', 'dataset_consumes_1' retrieved from /home/airflow/.local/lib/python3.8/site-packages/airflow/example_dags/example_datasets.py
[2026-05-17T21:54:39.297+0000] {logging_mixin.py:188} INFO - [2026-05-17T21:54:39.295+0000] {dag.py:3047} INFO - Sync 6 DAGs
[2026-05-17T21:54:39.356+0000] {logging_mixin.py:188} INFO - [2026-05-17T21:54:39.356+0000] {dag.py:3834} INFO - Setting next_dagrun for dataset_consumes_1 to None, run_after=None
[2026-05-17T21:54:39.366+0000] {logging_mixin.py:188} INFO - [2026-05-17T21:54:39.364+0000] {dag.py:3834} INFO - Setting next_dagrun for dataset_consumes_1_and_2 to None, run_after=None
[2026-05-17T21:54:39.374+0000] {logging_mixin.py:188} INFO - [2026-05-17T21:54:39.373+0000] {dag.py:3834} INFO - Setting next_dagrun for dataset_consumes_1_never_scheduled to None, run_after=None
[2026-05-17T21:54:39.380+0000] {logging_mixin.py:188} INFO - [2026-05-17T21:54:39.379+0000] {dag.py:3834} INFO - Setting next_dagrun for dataset_consumes_unknown_never_scheduled to None, run_after=None
[2026-05-17T21:54:39.384+0000] {logging_mixin.py:188} INFO - [2026-05-17T21:54:39.384+0000] {dag.py:3834} INFO - Setting next_dagrun for dataset_produces_1 to 2026-05-16 00:00:00+00:00, run_after=2026-05-17 00:00:00+00:00
[2026-05-17T21:54:39.387+0000] {logging_mixin.py:188} INFO - [2026-05-17T21:54:39.387+0000] {dag.py:3834} INFO - Setting next_dagrun for dataset_produces_2 to None, run_after=None
[2026-05-17T21:54:39.440+0000] {processor.py:183} INFO - Processing /home/airflow/.local/lib/python3.8/site-packages/airflow/example_dags/example_datasets.py took 0.213 seconds
[2026-05-17T21:55:09.649+0000] {processor.py:161} INFO - Started process (PID=6410) to work on /home/airflow/.local/lib/python3.8/site-packages/airflow/example_dags/example_datasets.py
[2026-05-17T21:55:09.651+0000] {processor.py:830} INFO - Processing file /home/airflow/.local/lib/python3.8/site-packages/airflow/example_dags/example_datasets.py for tasks to queue
[2026-05-17T21:55:09.652+0000] {logging_mixin.py:188} INFO - [2026-05-17T21:55:09.652+0000] {dagbag.py:540} INFO - Filling up the DagBag from /home/airflow/.local/lib/python3.8/site-packages/airflow/example_dags/example_datasets.py
[2026-05-17T21:55:09.662+0000] {processor.py:840} INFO - DAG(s) 'dataset_produces_1', 'dataset_consumes_1_and_2', 'dataset_produces_2', 'dataset_consumes_1', 'dataset_consumes_unknown_never_scheduled', 'dataset_consumes_1_never_scheduled' retrieved from /home/airflow/.local/lib/python3.8/site-packages/airflow/example_dags/example_datasets.py
[2026-05-17T21:55:09.696+0000] {logging_mixin.py:188} INFO - [2026-05-17T21:55:09.695+0000] {dag.py:3047} INFO - Sync 6 DAGs
[2026-05-17T21:55:09.716+0000] {logging_mixin.py:188} INFO - [2026-05-17T21:55:09.716+0000] {dag.py:3834} INFO - Setting next_dagrun for dataset_consumes_1 to None, run_after=None
[2026-05-17T21:55:09.720+0000] {logging_mixin.py:188} INFO - [2026-05-17T21:55:09.720+0000] {dag.py:3834} INFO - Setting next_dagrun for dataset_consumes_1_and_2 to None, run_after=None
[2026-05-17T21:55:09.721+0000] {logging_mixin.py:188} INFO - [2026-05-17T21:55:09.721+0000] {dag.py:3834} INFO - Setting next_dagrun for dataset_consumes_1_never_scheduled to None, run_after=None
[2026-05-17T21:55:09.723+0000] {logging_mixin.py:188} INFO - [2026-05-17T21:55:09.723+0000] {dag.py:3834} INFO - Setting next_dagrun for dataset_consumes_unknown_never_scheduled to None, run_after=None
[2026-05-17T21:55:09.726+0000] {logging_mixin.py:188} INFO - [2026-05-17T21:55:09.726+0000] {dag.py:3834} INFO - Setting next_dagrun for dataset_produces_1 to 2026-05-16 00:00:00+00:00, run_after=2026-05-17 00:00:00+00:00
[2026-05-17T21:55:09.727+0000] {logging_mixin.py:188} INFO - [2026-05-17T21:55:09.727+0000] {dag.py:3834} INFO - Setting next_dagrun for dataset_produces_2 to None, run_after=None
[2026-05-17T21:55:09.762+0000] {processor.py:183} INFO - Processing /home/airflow/.local/lib/python3.8/site-packages/airflow/example_dags/example_datasets.py took 0.116 seconds
[2026-05-17T21:55:39.879+0000] {processor.py:161} INFO - Started process (PID=6465) to work on /home/airflow/.local/lib/python3.8/site-packages/airflow/example_dags/example_datasets.py
[2026-05-17T21:55:39.880+0000] {processor.py:830} INFO - Processing file /home/airflow/.local/lib/python3.8/site-packages/airflow/example_dags/example_datasets.py for tasks to queue
[2026-05-17T21:55:39.882+0000] {logging_mixin.py:188} INFO - [2026-05-17T21:55:39.882+0000] {dagbag.py:540} INFO - Filling up the DagBag from /home/airflow/.local/lib/python3.8/site-packages/airflow/example_dags/example_datasets.py
[2026-05-17T21:55:39.891+0000] {processor.py:840} INFO - DAG(s) 'dataset_consumes_unknown_never_scheduled', 'dataset_produces_1', 'dataset_produces_2', 'dataset_consumes_1_and_2', 'dataset_consumes_1', 'dataset_consumes_1_never_scheduled' retrieved from /home/airflow/.local/lib/python3.8/site-packages/airflow/example_dags/example_datasets.py
[2026-05-17T21:55:39.924+0000] {logging_mixin.py:188} INFO - [2026-05-17T21:55:39.924+0000] {dag.py:3047} INFO - Sync 6 DAGs
[2026-05-17T21:55:39.944+0000] {logging_mixin.py:188} INFO - [2026-05-17T21:55:39.944+0000] {dag.py:3834} INFO - Setting next_dagrun for dataset_consumes_1 to None, run_after=None
[2026-05-17T21:55:39.948+0000] {logging_mixin.py:188} INFO - [2026-05-17T21:55:39.948+0000] {dag.py:3834} INFO - Setting next_dagrun for dataset_consumes_1_and_2 to None, run_after=None
[2026-05-17T21:55:39.949+0000] {logging_mixin.py:188} INFO - [2026-05-17T21:55:39.949+0000] {dag.py:3834} INFO - Setting next_dagrun for dataset_consumes_1_never_scheduled to None, run_after=None
[2026-05-17T21:55:39.950+0000] {logging_mixin.py:188} INFO - [2026-05-17T21:55:39.950+0000] {dag.py:3834} INFO - Setting next_dagrun for dataset_consumes_unknown_never_scheduled to None, run_after=None
[2026-05-17T21:55:39.953+0000] {logging_mixin.py:188} INFO - [2026-05-17T21:55:39.952+0000] {dag.py:3834} INFO - Setting next_dagrun for dataset_produces_1 to 2026-05-16 00:00:00+00:00, run_after=2026-05-17 00:00:00+00:00
[2026-05-17T21:55:39.954+0000] {logging_mixin.py:188} INFO - [2026-05-17T21:55:39.954+0000] {dag.py:3834} INFO - Setting next_dagrun for dataset_produces_2 to None, run_after=None
[2026-05-17T21:55:39.985+0000] {processor.py:183} INFO - Processing /home/airflow/.local/lib/python3.8/site-packages/airflow/example_dags/example_datasets.py took 0.109 seconds
[2026-05-17T21:56:10.589+0000] {processor.py:161} INFO - Started process (PID=6520) to work on /home/airflow/.local/lib/python3.8/site-packages/airflow/example_dags/example_datasets.py
[2026-05-17T21:56:10.591+0000] {processor.py:830} INFO - Processing file /home/airflow/.local/lib/python3.8/site-packages/airflow/example_dags/example_datasets.py for tasks to queue
[2026-05-17T21:56:10.593+0000] {logging_mixin.py:188} INFO - [2026-05-17T21:56:10.593+0000] {dagbag.py:540} INFO - Filling up the DagBag from /home/airflow/.local/lib/python3.8/site-packages/airflow/example_dags/example_datasets.py
[2026-05-17T21:56:10.602+0000] {processor.py:840} INFO - DAG(s) 'dataset_consumes_unknown_never_scheduled', 'dataset_consumes_1', 'dataset_produces_1', 'dataset_consumes_1_never_scheduled', 'dataset_consumes_1_and_2', 'dataset_produces_2' retrieved from /home/airflow/.local/lib/python3.8/site-packages/airflow/example_dags/example_datasets.py
[2026-05-17T21:56:10.636+0000] {logging_mixin.py:188} INFO - [2026-05-17T21:56:10.636+0000] {dag.py:3047} INFO - Sync 6 DAGs
[2026-05-17T21:56:10.657+0000] {logging_mixin.py:188} INFO - [2026-05-17T21:56:10.657+0000] {dag.py:3834} INFO - Setting next_dagrun for dataset_consumes_1 to None, run_after=None
[2026-05-17T21:56:10.661+0000] {logging_mixin.py:188} INFO - [2026-05-17T21:56:10.660+0000] {dag.py:3834} INFO - Setting next_dagrun for dataset_consumes_1_and_2 to None, run_after=None
[2026-05-17T21:56:10.662+0000] {logging_mixin.py:188} INFO - [2026-05-17T21:56:10.662+0000] {dag.py:3834} INFO - Setting next_dagrun for dataset_consumes_1_never_scheduled to None, run_after=None
[2026-05-17T21:56:10.663+0000] {logging_mixin.py:188} INFO - [2026-05-17T21:56:10.663+0000] {dag.py:3834} INFO - Setting next_dagrun for dataset_consumes_unknown_never_scheduled to None, run_after=None
[2026-05-17T21:56:10.665+0000] {logging_mixin.py:188} INFO - [2026-05-17T21:56:10.665+0000] {dag.py:3834} INFO - Setting next_dagrun for dataset_produces_1 to 2026-05-16 00:00:00+00:00, run_after=2026-05-17 00:00:00+00:00
[2026-05-17T21:56:10.668+0000] {logging_mixin.py:188} INFO - [2026-05-17T21:56:10.667+0000] {dag.py:3834} INFO - Setting next_dagrun for dataset_produces_2 to None, run_after=None
[2026-05-17T21:56:10.698+0000] {processor.py:183} INFO - Processing /home/airflow/.local/lib/python3.8/site-packages/airflow/example_dags/example_datasets.py took 0.112 seconds
[2026-05-17T21:56:41.114+0000] {processor.py:161} INFO - Started process (PID=6575) to work on /home/airflow/.local/lib/python3.8/site-packages/airflow/example_dags/example_datasets.py
[2026-05-17T21:56:41.116+0000] {processor.py:830} INFO - Processing file /home/airflow/.local/lib/python3.8/site-packages/airflow/example_dags/example_datasets.py for tasks to queue
[2026-05-17T21:56:41.118+0000] {logging_mixin.py:188} INFO - [2026-05-17T21:56:41.118+0000] {dagbag.py:540} INFO - Filling up the DagBag from /home/airflow/.local/lib/python3.8/site-packages/airflow/example_dags/example_datasets.py
[2026-05-17T21:56:41.127+0000] {processor.py:840} INFO - DAG(s) 'dataset_consumes_1', 'dataset_produces_2', 'dataset_produces_1', 'dataset_consumes_1_never_scheduled', 'dataset_consumes_1_and_2', 'dataset_consumes_unknown_never_scheduled' retrieved from /home/airflow/.local/lib/python3.8/site-packages/airflow/example_dags/example_datasets.py
[2026-05-17T21:56:41.165+0000] {logging_mixin.py:188} INFO - [2026-05-17T21:56:41.164+0000] {dag.py:3047} INFO - Sync 6 DAGs
[2026-05-17T21:56:41.189+0000] {logging_mixin.py:188} INFO - [2026-05-17T21:56:41.188+0000] {dag.py:3834} INFO - Setting next_dagrun for dataset_consumes_1 to None, run_after=None
[2026-05-17T21:56:41.192+0000] {logging_mixin.py:188} INFO - [2026-05-17T21:56:41.192+0000] {dag.py:3834} INFO - Setting next_dagrun for dataset_consumes_1_and_2 to None, run_after=None
[2026-05-17T21:56:41.194+0000] {logging_mixin.py:188} INFO - [2026-05-17T21:56:41.194+0000] {dag.py:3834} INFO - Setting next_dagrun for dataset_consumes_1_never_scheduled to None, run_after=None
[2026-05-17T21:56:41.195+0000] {logging_mixin.py:188} INFO - [2026-05-17T21:56:41.195+0000] {dag.py:3834} INFO - Setting next_dagrun for dataset_consumes_unknown_never_scheduled to None, run_after=None
[2026-05-17T21:56:41.198+0000] {logging_mixin.py:188} INFO - [2026-05-17T21:56:41.198+0000] {dag.py:3834} INFO - Setting next_dagrun for dataset_produces_1 to 2026-05-16 00:00:00+00:00, run_after=2026-05-17 00:00:00+00:00
[2026-05-17T21:56:41.200+0000] {logging_mixin.py:188} INFO - [2026-05-17T21:56:41.200+0000] {dag.py:3834} INFO - Setting next_dagrun for dataset_produces_2 to None, run_after=None
[2026-05-17T21:56:41.231+0000] {processor.py:183} INFO - Processing /home/airflow/.local/lib/python3.8/site-packages/airflow/example_dags/example_datasets.py took 0.121 seconds
[2026-05-17T21:57:11.544+0000] {processor.py:161} INFO - Started process (PID=6630) to work on /home/airflow/.local/lib/python3.8/site-packages/airflow/example_dags/example_datasets.py
[2026-05-17T21:57:11.546+0000] {processor.py:830} INFO - Processing file /home/airflow/.local/lib/python3.8/site-packages/airflow/example_dags/example_datasets.py for tasks to queue
[2026-05-17T21:57:11.548+0000] {logging_mixin.py:188} INFO - [2026-05-17T21:57:11.548+0000] {dagbag.py:540} INFO - Filling up the DagBag from /home/airflow/.local/lib/python3.8/site-packages/airflow/example_dags/example_datasets.py
[2026-05-17T21:57:11.556+0000] {processor.py:840} INFO - DAG(s) 'dataset_consumes_1_and_2', 'dataset_consumes_1', 'dataset_produces_2', 'dataset_consumes_unknown_never_scheduled', 'dataset_produces_1', 'dataset_consumes_1_never_scheduled' retrieved from /home/airflow/.local/lib/python3.8/site-packages/airflow/example_dags/example_datasets.py
[2026-05-17T21:57:11.588+0000] {logging_mixin.py:188} INFO - [2026-05-17T21:57:11.588+0000] {dag.py:3047} INFO - Sync 6 DAGs
[2026-05-17T21:57:11.607+0000] {logging_mixin.py:188} INFO - [2026-05-17T21:57:11.607+0000] {dag.py:3834} INFO - Setting next_dagrun for dataset_consumes_1 to None, run_after=None
[2026-05-17T21:57:11.611+0000] {logging_mixin.py:188} INFO - [2026-05-17T21:57:11.611+0000] {dag.py:3834} INFO - Setting next_dagrun for dataset_consumes_1_and_2 to None, run_after=None
[2026-05-17T21:57:11.613+0000] {logging_mixin.py:188} INFO - [2026-05-17T21:57:11.613+0000] {dag.py:3834} INFO - Setting next_dagrun for dataset_consumes_1_never_scheduled to None, run_after=None
[2026-05-17T21:57:11.615+0000] {logging_mixin.py:188} INFO - [2026-05-17T21:57:11.615+0000] {dag.py:3834} INFO - Setting next_dagrun for dataset_consumes_unknown_never_scheduled to None, run_after=None
[2026-05-17T21:57:11.618+0000] {logging_mixin.py:188} INFO - [2026-05-17T21:57:11.617+0000] {dag.py:3834} INFO - Setting next_dagrun for dataset_produces_1 to 2026-05-16 00:00:00+00:00, run_after=2026-05-17 00:00:00+00:00
[2026-05-17T21:57:11.620+0000] {logging_mixin.py:188} INFO - [2026-05-17T21:57:11.619+0000] {dag.py:3834} INFO - Setting next_dagrun for dataset_produces_2 to None, run_after=None
[2026-05-17T21:57:11.649+0000] {processor.py:183} INFO - Processing /home/airflow/.local/lib/python3.8/site-packages/airflow/example_dags/example_datasets.py took 0.108 seconds
[2026-05-17T21:57:41.785+0000] {processor.py:161} INFO - Started process (PID=6685) to work on /home/airflow/.local/lib/python3.8/site-packages/airflow/example_dags/example_datasets.py
[2026-05-17T21:57:41.786+0000] {processor.py:830} INFO - Processing file /home/airflow/.local/lib/python3.8/site-packages/airflow/example_dags/example_datasets.py for tasks to queue
[2026-05-17T21:57:41.789+0000] {logging_mixin.py:188} INFO - [2026-05-17T21:57:41.788+0000] {dagbag.py:540} INFO - Filling up the DagBag from /home/airflow/.local/lib/python3.8/site-packages/airflow/example_dags/example_datasets.py
[2026-05-17T21:57:41.798+0000] {processor.py:840} INFO - DAG(s) 'dataset_consumes_1_and_2', 'dataset_consumes_1', 'dataset_consumes_1_never_scheduled', 'dataset_consumes_unknown_never_scheduled', 'dataset_produces_2', 'dataset_produces_1' retrieved from /home/airflow/.local/lib/python3.8/site-packages/airflow/example_dags/example_datasets.py
[2026-05-17T21:57:41.830+0000] {logging_mixin.py:188} INFO - [2026-05-17T21:57:41.829+0000] {dag.py:3047} INFO - Sync 6 DAGs
[2026-05-17T21:57:41.850+0000] {logging_mixin.py:188} INFO - [2026-05-17T21:57:41.850+0000] {dag.py:3834} INFO - Setting next_dagrun for dataset_consumes_1 to None, run_after=None
[2026-05-17T21:57:41.854+0000] {logging_mixin.py:188} INFO - [2026-05-17T21:57:41.854+0000] {dag.py:3834} INFO - Setting next_dagrun for dataset_consumes_1_and_2 to None, run_after=None
[2026-05-17T21:57:41.858+0000] {logging_mixin.py:188} INFO - [2026-05-17T21:57:41.857+0000] {dag.py:3834} INFO - Setting next_dagrun for dataset_consumes_1_never_scheduled to None, run_after=None
[2026-05-17T21:57:41.861+0000] {logging_mixin.py:188} INFO - [2026-05-17T21:57:41.861+0000] {dag.py:3834} INFO - Setting next_dagrun for dataset_consumes_unknown_never_scheduled to None, run_after=None
[2026-05-17T21:57:41.864+0000] {logging_mixin.py:188} INFO - [2026-05-17T21:57:41.864+0000] {dag.py:3834} INFO - Setting next_dagrun for dataset_produces_1 to 2026-05-16 00:00:00+00:00, run_after=2026-05-17 00:00:00+00:00
[2026-05-17T21:57:41.865+0000] {logging_mixin.py:188} INFO - [2026-05-17T21:57:41.865+0000] {dag.py:3834} INFO - Setting next_dagrun for dataset_produces_2 to None, run_after=None
[2026-05-17T21:57:41.896+0000] {processor.py:183} INFO - Processing /home/airflow/.local/lib/python3.8/site-packages/airflow/example_dags/example_datasets.py took 0.114 seconds
[2026-05-17T21:58:12.195+0000] {processor.py:161} INFO - Started process (PID=6740) to work on /home/airflow/.local/lib/python3.8/site-packages/airflow/example_dags/example_datasets.py
[2026-05-17T21:58:12.196+0000] {processor.py:830} INFO - Processing file /home/airflow/.local/lib/python3.8/site-packages/airflow/example_dags/example_datasets.py for tasks to queue
[2026-05-17T21:58:12.198+0000] {logging_mixin.py:188} INFO - [2026-05-17T21:58:12.198+0000] {dagbag.py:540} INFO - Filling up the DagBag from /home/airflow/.local/lib/python3.8/site-packages/airflow/example_dags/example_datasets.py
[2026-05-17T21:58:12.207+0000] {processor.py:840} INFO - DAG(s) 'dataset_consumes_unknown_never_scheduled', 'dataset_produces_2', 'dataset_consumes_1_never_scheduled', 'dataset_produces_1', 'dataset_consumes_1_and_2', 'dataset_consumes_1' retrieved from /home/airflow/.local/lib/python3.8/site-packages/airflow/example_dags/example_datasets.py
[2026-05-17T21:58:12.240+0000] {logging_mixin.py:188} INFO - [2026-05-17T21:58:12.240+0000] {dag.py:3047} INFO - Sync 6 DAGs
[2026-05-17T21:58:12.262+0000] {logging_mixin.py:188} INFO - [2026-05-17T21:58:12.262+0000] {dag.py:3834} INFO - Setting next_dagrun for dataset_consumes_1 to None, run_after=None
[2026-05-17T21:58:12.266+0000] {logging_mixin.py:188} INFO - [2026-05-17T21:58:12.266+0000] {dag.py:3834} INFO - Setting next_dagrun for dataset_consumes_1_and_2 to None, run_after=None
[2026-05-17T21:58:12.267+0000] {logging_mixin.py:188} INFO - [2026-05-17T21:58:12.267+0000] {dag.py:3834} INFO - Setting next_dagrun for dataset_consumes_1_never_scheduled to None, run_after=None
[2026-05-17T21:58:12.270+0000] {logging_mixin.py:188} INFO - [2026-05-17T21:58:12.269+0000] {dag.py:3834} INFO - Setting next_dagrun for dataset_consumes_unknown_never_scheduled to None, run_after=None
[2026-05-17T21:58:12.273+0000] {logging_mixin.py:188} INFO - [2026-05-17T21:58:12.273+0000] {dag.py:3834} INFO - Setting next_dagrun for dataset_produces_1 to 2026-05-16 00:00:00+00:00, run_after=2026-05-17 00:00:00+00:00
[2026-05-17T21:58:12.276+0000] {logging_mixin.py:188} INFO - [2026-05-17T21:58:12.276+0000] {dag.py:3834} INFO - Setting next_dagrun for dataset_produces_2 to None, run_after=None
[2026-05-17T21:58:12.311+0000] {processor.py:183} INFO - Processing /home/airflow/.local/lib/python3.8/site-packages/airflow/example_dags/example_datasets.py took 0.119 seconds
[2026-05-17T21:58:42.623+0000] {processor.py:161} INFO - Started process (PID=6795) to work on /home/airflow/.local/lib/python3.8/site-packages/airflow/example_dags/example_datasets.py
[2026-05-17T21:58:42.624+0000] {processor.py:830} INFO - Processing file /home/airflow/.local/lib/python3.8/site-packages/airflow/example_dags/example_datasets.py for tasks to queue
[2026-05-17T21:58:42.626+0000] {logging_mixin.py:188} INFO - [2026-05-17T21:58:42.626+0000] {dagbag.py:540} INFO - Filling up the DagBag from /home/airflow/.local/lib/python3.8/site-packages/airflow/example_dags/example_datasets.py
[2026-05-17T21:58:42.634+0000] {processor.py:840} INFO - DAG(s) 'dataset_consumes_1_and_2', 'dataset_produces_2', 'dataset_consumes_unknown_never_scheduled', 'dataset_consumes_1', 'dataset_consumes_1_never_scheduled', 'dataset_produces_1' retrieved from /home/airflow/.local/lib/python3.8/site-packages/airflow/example_dags/example_datasets.py
[2026-05-17T21:58:42.663+0000] {logging_mixin.py:188} INFO - [2026-05-17T21:58:42.663+0000] {dag.py:3047} INFO - Sync 6 DAGs
[2026-05-17T21:58:42.685+0000] {logging_mixin.py:188} INFO - [2026-05-17T21:58:42.685+0000] {dag.py:3834} INFO - Setting next_dagrun for dataset_consumes_1 to None, run_after=None
[2026-05-17T21:58:42.689+0000] {logging_mixin.py:188} INFO - [2026-05-17T21:58:42.688+0000] {dag.py:3834} INFO - Setting next_dagrun for dataset_consumes_1_and_2 to None, run_after=None
[2026-05-17T21:58:42.690+0000] {logging_mixin.py:188} INFO - [2026-05-17T21:58:42.690+0000] {dag.py:3834} INFO - Setting next_dagrun for dataset_consumes_1_never_scheduled to None, run_after=None
[2026-05-17T21:58:42.692+0000] {logging_mixin.py:188} INFO - [2026-05-17T21:58:42.691+0000] {dag.py:3834} INFO - Setting next_dagrun for dataset_consumes_unknown_never_scheduled to None, run_after=None
[2026-05-17T21:58:42.694+0000] {logging_mixin.py:188} INFO - [2026-05-17T21:58:42.694+0000] {dag.py:3834} INFO - Setting next_dagrun for dataset_produces_1 to 2026-05-16 00:00:00+00:00, run_after=2026-05-17 00:00:00+00:00
[2026-05-17T21:58:42.696+0000] {logging_mixin.py:188} INFO - [2026-05-17T21:58:42.696+0000] {dag.py:3834} INFO - Setting next_dagrun for dataset_produces_2 to None, run_after=None
[2026-05-17T21:58:42.726+0000] {processor.py:183} INFO - Processing /home/airflow/.local/lib/python3.8/site-packages/airflow/example_dags/example_datasets.py took 0.106 seconds
[2026-05-17T21:59:13.005+0000] {processor.py:161} INFO - Started process (PID=6850) to work on /home/airflow/.local/lib/python3.8/site-packages/airflow/example_dags/example_datasets.py
[2026-05-17T21:59:13.006+0000] {processor.py:830} INFO - Processing file /home/airflow/.local/lib/python3.8/site-packages/airflow/example_dags/example_datasets.py for tasks to queue
[2026-05-17T21:59:13.008+0000] {logging_mixin.py:188} INFO - [2026-05-17T21:59:13.008+0000] {dagbag.py:540} INFO - Filling up the DagBag from /home/airflow/.local/lib/python3.8/site-packages/airflow/example_dags/example_datasets.py
[2026-05-17T21:59:13.017+0000] {processor.py:840} INFO - DAG(s) 'dataset_produces_1', 'dataset_consumes_1', 'dataset_consumes_unknown_never_scheduled', 'dataset_consumes_1_and_2', 'dataset_consumes_1_never_scheduled', 'dataset_produces_2' retrieved from /home/airflow/.local/lib/python3.8/site-packages/airflow/example_dags/example_datasets.py
[2026-05-17T21:59:13.051+0000] {logging_mixin.py:188} INFO - [2026-05-17T21:59:13.050+0000] {dag.py:3047} INFO - Sync 6 DAGs
[2026-05-17T21:59:13.072+0000] {logging_mixin.py:188} INFO - [2026-05-17T21:59:13.072+0000] {dag.py:3834} INFO - Setting next_dagrun for dataset_consumes_1 to None, run_after=None
[2026-05-17T21:59:13.076+0000] {logging_mixin.py:188} INFO - [2026-05-17T21:59:13.076+0000] {dag.py:3834} INFO - Setting next_dagrun for dataset_consumes_1_and_2 to None, run_after=None
[2026-05-17T21:59:13.078+0000] {logging_mixin.py:188} INFO - [2026-05-17T21:59:13.078+0000] {dag.py:3834} INFO - Setting next_dagrun for dataset_consumes_1_never_scheduled to None, run_after=None
[2026-05-17T21:59:13.082+0000] {logging_mixin.py:188} INFO - [2026-05-17T21:59:13.082+0000] {dag.py:3834} INFO - Setting next_dagrun for dataset_consumes_unknown_never_scheduled to None, run_after=None
[2026-05-17T21:59:13.085+0000] {logging_mixin.py:188} INFO - [2026-05-17T21:59:13.084+0000] {dag.py:3834} INFO - Setting next_dagrun for dataset_produces_1 to 2026-05-16 00:00:00+00:00, run_after=2026-05-17 00:00:00+00:00
[2026-05-17T21:59:13.086+0000] {logging_mixin.py:188} INFO - [2026-05-17T21:59:13.086+0000] {dag.py:3834} INFO - Setting next_dagrun for dataset_produces_2 to None, run_after=None
[2026-05-17T21:59:13.114+0000] {processor.py:183} INFO - Processing /home/airflow/.local/lib/python3.8/site-packages/airflow/example_dags/example_datasets.py took 0.115 seconds
[2026-05-17T21:59:43.298+0000] {processor.py:161} INFO - Started process (PID=6905) to work on /home/airflow/.local/lib/python3.8/site-packages/airflow/example_dags/example_datasets.py
[2026-05-17T21:59:43.300+0000] {processor.py:830} INFO - Processing file /home/airflow/.local/lib/python3.8/site-packages/airflow/example_dags/example_datasets.py for tasks to queue
[2026-05-17T21:59:43.304+0000] {logging_mixin.py:188} INFO - [2026-05-17T21:59:43.304+0000] {dagbag.py:540} INFO - Filling up the DagBag from /home/airflow/.local/lib/python3.8/site-packages/airflow/example_dags/example_datasets.py
[2026-05-17T21:59:43.318+0000] {processor.py:840} INFO - DAG(s) 'dataset_produces_2', 'dataset_consumes_1', 'dataset_produces_1', 'dataset_consumes_unknown_never_scheduled', 'dataset_consumes_1_and_2', 'dataset_consumes_1_never_scheduled' retrieved from /home/airflow/.local/lib/python3.8/site-packages/airflow/example_dags/example_datasets.py
[2026-05-17T21:59:43.371+0000] {logging_mixin.py:188} INFO - [2026-05-17T21:59:43.370+0000] {dag.py:3047} INFO - Sync 6 DAGs
[2026-05-17T21:59:43.397+0000] {logging_mixin.py:188} INFO - [2026-05-17T21:59:43.397+0000] {dag.py:3834} INFO - Setting next_dagrun for dataset_consumes_1 to None, run_after=None
[2026-05-17T21:59:43.401+0000] {logging_mixin.py:188} INFO - [2026-05-17T21:59:43.401+0000] {dag.py:3834} INFO - Setting next_dagrun for dataset_consumes_1_and_2 to None, run_after=None
[2026-05-17T21:59:43.403+0000] {logging_mixin.py:188} INFO - [2026-05-17T21:59:43.403+0000] {dag.py:3834} INFO - Setting next_dagrun for dataset_consumes_1_never_scheduled to None, run_after=None
[2026-05-17T21:59:43.405+0000] {logging_mixin.py:188} INFO - [2026-05-17T21:59:43.405+0000] {dag.py:3834} INFO - Setting next_dagrun for dataset_consumes_unknown_never_scheduled to None, run_after=None
[2026-05-17T21:59:43.410+0000] {logging_mixin.py:188} INFO - [2026-05-17T21:59:43.410+0000] {dag.py:3834} INFO - Setting next_dagrun for dataset_produces_1 to 2026-05-16 00:00:00+00:00, run_after=2026-05-17 00:00:00+00:00
[2026-05-17T21:59:43.412+0000] {logging_mixin.py:188} INFO - [2026-05-17T21:59:43.412+0000] {dag.py:3834} INFO - Setting next_dagrun for dataset_produces_2 to None, run_after=None
[2026-05-17T21:59:43.455+0000] {processor.py:183} INFO - Processing /home/airflow/.local/lib/python3.8/site-packages/airflow/example_dags/example_datasets.py took 0.161 seconds
[2026-05-17T22:00:13.622+0000] {processor.py:161} INFO - Started process (PID=6960) to work on /home/airflow/.local/lib/python3.8/site-packages/airflow/example_dags/example_datasets.py
[2026-05-17T22:00:13.623+0000] {processor.py:830} INFO - Processing file /home/airflow/.local/lib/python3.8/site-packages/airflow/example_dags/example_datasets.py for tasks to queue
[2026-05-17T22:00:13.625+0000] {logging_mixin.py:188} INFO - [2026-05-17T22:00:13.625+0000] {dagbag.py:540} INFO - Filling up the DagBag from /home/airflow/.local/lib/python3.8/site-packages/airflow/example_dags/example_datasets.py
[2026-05-17T22:00:13.632+0000] {processor.py:840} INFO - DAG(s) 'dataset_produces_2', 'dataset_produces_1', 'dataset_consumes_unknown_never_scheduled', 'dataset_consumes_1', 'dataset_consumes_1_and_2', 'dataset_consumes_1_never_scheduled' retrieved from /home/airflow/.local/lib/python3.8/site-packages/airflow/example_dags/example_datasets.py
[2026-05-17T22:00:13.664+0000] {logging_mixin.py:188} INFO - [2026-05-17T22:00:13.663+0000] {dag.py:3047} INFO - Sync 6 DAGs
[2026-05-17T22:00:13.689+0000] {logging_mixin.py:188} INFO - [2026-05-17T22:00:13.689+0000] {dag.py:3834} INFO - Setting next_dagrun for dataset_consumes_1 to None, run_after=None
[2026-05-17T22:00:13.695+0000] {logging_mixin.py:188} INFO - [2026-05-17T22:00:13.695+0000] {dag.py:3834} INFO - Setting next_dagrun for dataset_consumes_1_and_2 to None, run_after=None
[2026-05-17T22:00:13.697+0000] {logging_mixin.py:188} INFO - [2026-05-17T22:00:13.697+0000] {dag.py:3834} INFO - Setting next_dagrun for dataset_consumes_1_never_scheduled to None, run_after=None
[2026-05-17T22:00:13.701+0000] {logging_mixin.py:188} INFO - [2026-05-17T22:00:13.700+0000] {dag.py:3834} INFO - Setting next_dagrun for dataset_consumes_unknown_never_scheduled to None, run_after=None
[2026-05-17T22:00:13.705+0000] {logging_mixin.py:188} INFO - [2026-05-17T22:00:13.705+0000] {dag.py:3834} INFO - Setting next_dagrun for dataset_produces_1 to 2026-05-16 00:00:00+00:00, run_after=2026-05-17 00:00:00+00:00
[2026-05-17T22:00:13.707+0000] {logging_mixin.py:188} INFO - [2026-05-17T22:00:13.707+0000] {dag.py:3834} INFO - Setting next_dagrun for dataset_produces_2 to None, run_after=None
[2026-05-17T22:00:13.741+0000] {processor.py:183} INFO - Processing /home/airflow/.local/lib/python3.8/site-packages/airflow/example_dags/example_datasets.py took 0.122 seconds
[2026-05-17T22:00:43.973+0000] {processor.py:161} INFO - Started process (PID=7015) to work on /home/airflow/.local/lib/python3.8/site-packages/airflow/example_dags/example_datasets.py
[2026-05-17T22:00:43.974+0000] {processor.py:830} INFO - Processing file /home/airflow/.local/lib/python3.8/site-packages/airflow/example_dags/example_datasets.py for tasks to queue
[2026-05-17T22:00:43.976+0000] {logging_mixin.py:188} INFO - [2026-05-17T22:00:43.976+0000] {dagbag.py:540} INFO - Filling up the DagBag from /home/airflow/.local/lib/python3.8/site-packages/airflow/example_dags/example_datasets.py
[2026-05-17T22:00:43.987+0000] {processor.py:840} INFO - DAG(s) 'dataset_consumes_1', 'dataset_consumes_unknown_never_scheduled', 'dataset_produces_1', 'dataset_consumes_1_never_scheduled', 'dataset_consumes_1_and_2', 'dataset_produces_2' retrieved from /home/airflow/.local/lib/python3.8/site-packages/airflow/example_dags/example_datasets.py
[2026-05-17T22:00:44.017+0000] {logging_mixin.py:188} INFO - [2026-05-17T22:00:44.017+0000] {dag.py:3047} INFO - Sync 6 DAGs
[2026-05-17T22:00:44.039+0000] {logging_mixin.py:188} INFO - [2026-05-17T22:00:44.039+0000] {dag.py:3834} INFO - Setting next_dagrun for dataset_consumes_1 to None, run_after=None
[2026-05-17T22:00:44.042+0000] {logging_mixin.py:188} INFO - [2026-05-17T22:00:44.042+0000] {dag.py:3834} INFO - Setting next_dagrun for dataset_consumes_1_and_2 to None, run_after=None
[2026-05-17T22:00:44.045+0000] {logging_mixin.py:188} INFO - [2026-05-17T22:00:44.044+0000] {dag.py:3834} INFO - Setting next_dagrun for dataset_consumes_1_never_scheduled to None, run_after=None
[2026-05-17T22:00:44.046+0000] {logging_mixin.py:188} INFO - [2026-05-17T22:00:44.046+0000] {dag.py:3834} INFO - Setting next_dagrun for dataset_consumes_unknown_never_scheduled to None, run_after=None
[2026-05-17T22:00:44.049+0000] {logging_mixin.py:188} INFO - [2026-05-17T22:00:44.049+0000] {dag.py:3834} INFO - Setting next_dagrun for dataset_produces_1 to 2026-05-16 00:00:00+00:00, run_after=2026-05-17 00:00:00+00:00
[2026-05-17T22:00:44.052+0000] {logging_mixin.py:188} INFO - [2026-05-17T22:00:44.052+0000] {dag.py:3834} INFO - Setting next_dagrun for dataset_produces_2 to None, run_after=None
[2026-05-17T22:00:44.081+0000] {processor.py:183} INFO - Processing /home/airflow/.local/lib/python3.8/site-packages/airflow/example_dags/example_datasets.py took 0.111 seconds
[2026-05-17T22:01:14.622+0000] {processor.py:161} INFO - Started process (PID=7070) to work on /home/airflow/.local/lib/python3.8/site-packages/airflow/example_dags/example_datasets.py
[2026-05-17T22:01:14.624+0000] {processor.py:830} INFO - Processing file /home/airflow/.local/lib/python3.8/site-packages/airflow/example_dags/example_datasets.py for tasks to queue
[2026-05-17T22:01:14.626+0000] {logging_mixin.py:188} INFO - [2026-05-17T22:01:14.626+0000] {dagbag.py:540} INFO - Filling up the DagBag from /home/airflow/.local/lib/python3.8/site-packages/airflow/example_dags/example_datasets.py
[2026-05-17T22:01:14.637+0000] {processor.py:840} INFO - DAG(s) 'dataset_consumes_1_and_2', 'dataset_produces_2', 'dataset_produces_1', 'dataset_consumes_1', 'dataset_consumes_unknown_never_scheduled', 'dataset_consumes_1_never_scheduled' retrieved from /home/airflow/.local/lib/python3.8/site-packages/airflow/example_dags/example_datasets.py
[2026-05-17T22:01:14.676+0000] {logging_mixin.py:188} INFO - [2026-05-17T22:01:14.676+0000] {dag.py:3047} INFO - Sync 6 DAGs
[2026-05-17T22:01:14.699+0000] {logging_mixin.py:188} INFO - [2026-05-17T22:01:14.699+0000] {dag.py:3834} INFO - Setting next_dagrun for dataset_consumes_1 to None, run_after=None
[2026-05-17T22:01:14.852+0000] {logging_mixin.py:188} INFO - [2026-05-17T22:01:14.851+0000] {dag.py:3834} INFO - Setting next_dagrun for dataset_consumes_1_and_2 to None, run_after=None
[2026-05-17T22:01:14.854+0000] {logging_mixin.py:188} INFO - [2026-05-17T22:01:14.854+0000] {dag.py:3834} INFO - Setting next_dagrun for dataset_consumes_1_never_scheduled to None, run_after=None
[2026-05-17T22:01:14.856+0000] {logging_mixin.py:188} INFO - [2026-05-17T22:01:14.855+0000] {dag.py:3834} INFO - Setting next_dagrun for dataset_consumes_unknown_never_scheduled to None, run_after=None
[2026-05-17T22:01:14.858+0000] {logging_mixin.py:188} INFO - [2026-05-17T22:01:14.858+0000] {dag.py:3834} INFO - Setting next_dagrun for dataset_produces_1 to 2026-05-16 00:00:00+00:00, run_after=2026-05-17 00:00:00+00:00
[2026-05-17T22:01:14.862+0000] {logging_mixin.py:188} INFO - [2026-05-17T22:01:14.861+0000] {dag.py:3834} INFO - Setting next_dagrun for dataset_produces_2 to None, run_after=None
[2026-05-17T22:01:14.902+0000] {processor.py:183} INFO - Processing /home/airflow/.local/lib/python3.8/site-packages/airflow/example_dags/example_datasets.py took 0.283 seconds
[2026-05-17T22:01:45.085+0000] {processor.py:161} INFO - Started process (PID=7126) to work on /home/airflow/.local/lib/python3.8/site-packages/airflow/example_dags/example_datasets.py
[2026-05-17T22:01:45.086+0000] {processor.py:830} INFO - Processing file /home/airflow/.local/lib/python3.8/site-packages/airflow/example_dags/example_datasets.py for tasks to queue
[2026-05-17T22:01:45.088+0000] {logging_mixin.py:188} INFO - [2026-05-17T22:01:45.088+0000] {dagbag.py:540} INFO - Filling up the DagBag from /home/airflow/.local/lib/python3.8/site-packages/airflow/example_dags/example_datasets.py
[2026-05-17T22:01:45.097+0000] {processor.py:840} INFO - DAG(s) 'dataset_produces_1', 'dataset_produces_2', 'dataset_consumes_1', 'dataset_consumes_1_and_2', 'dataset_consumes_unknown_never_scheduled', 'dataset_consumes_1_never_scheduled' retrieved from /home/airflow/.local/lib/python3.8/site-packages/airflow/example_dags/example_datasets.py
[2026-05-17T22:01:45.128+0000] {logging_mixin.py:188} INFO - [2026-05-17T22:01:45.128+0000] {dag.py:3047} INFO - Sync 6 DAGs
[2026-05-17T22:01:45.312+0000] {logging_mixin.py:188} INFO - [2026-05-17T22:01:45.312+0000] {dag.py:3834} INFO - Setting next_dagrun for dataset_consumes_1 to None, run_after=None
[2026-05-17T22:01:45.316+0000] {logging_mixin.py:188} INFO - [2026-05-17T22:01:45.316+0000] {dag.py:3834} INFO - Setting next_dagrun for dataset_consumes_1_and_2 to None, run_after=None
[2026-05-17T22:01:45.318+0000] {logging_mixin.py:188} INFO - [2026-05-17T22:01:45.318+0000] {dag.py:3834} INFO - Setting next_dagrun for dataset_consumes_1_never_scheduled to None, run_after=None
[2026-05-17T22:01:45.319+0000] {logging_mixin.py:188} INFO - [2026-05-17T22:01:45.319+0000] {dag.py:3834} INFO - Setting next_dagrun for dataset_consumes_unknown_never_scheduled to None, run_after=None
[2026-05-17T22:01:45.322+0000] {logging_mixin.py:188} INFO - [2026-05-17T22:01:45.322+0000] {dag.py:3834} INFO - Setting next_dagrun for dataset_produces_1 to 2026-05-16 00:00:00+00:00, run_after=2026-05-17 00:00:00+00:00
[2026-05-17T22:01:45.327+0000] {logging_mixin.py:188} INFO - [2026-05-17T22:01:45.326+0000] {dag.py:3834} INFO - Setting next_dagrun for dataset_produces_2 to None, run_after=None
[2026-05-17T22:01:45.352+0000] {processor.py:183} INFO - Processing /home/airflow/.local/lib/python3.8/site-packages/airflow/example_dags/example_datasets.py took 0.270 seconds
[2026-05-17T22:02:15.438+0000] {processor.py:161} INFO - Started process (PID=7180) to work on /home/airflow/.local/lib/python3.8/site-packages/airflow/example_dags/example_datasets.py
[2026-05-17T22:02:15.440+0000] {processor.py:830} INFO - Processing file /home/airflow/.local/lib/python3.8/site-packages/airflow/example_dags/example_datasets.py for tasks to queue
[2026-05-17T22:02:15.443+0000] {logging_mixin.py:188} INFO - [2026-05-17T22:02:15.442+0000] {dagbag.py:540} INFO - Filling up the DagBag from /home/airflow/.local/lib/python3.8/site-packages/airflow/example_dags/example_datasets.py
[2026-05-17T22:02:15.452+0000] {processor.py:840} INFO - DAG(s) 'dataset_produces_1', 'dataset_consumes_1_and_2', 'dataset_consumes_1', 'dataset_consumes_1_never_scheduled', 'dataset_consumes_unknown_never_scheduled', 'dataset_produces_2' retrieved from /home/airflow/.local/lib/python3.8/site-packages/airflow/example_dags/example_datasets.py
[2026-05-17T22:02:15.484+0000] {logging_mixin.py:188} INFO - [2026-05-17T22:02:15.484+0000] {dag.py:3047} INFO - Sync 6 DAGs
[2026-05-17T22:02:15.658+0000] {logging_mixin.py:188} INFO - [2026-05-17T22:02:15.658+0000] {dag.py:3834} INFO - Setting next_dagrun for dataset_consumes_1 to None, run_after=None
[2026-05-17T22:02:15.662+0000] {logging_mixin.py:188} INFO - [2026-05-17T22:02:15.661+0000] {dag.py:3834} INFO - Setting next_dagrun for dataset_consumes_1_and_2 to None, run_after=None
[2026-05-17T22:02:15.664+0000] {logging_mixin.py:188} INFO - [2026-05-17T22:02:15.663+0000] {dag.py:3834} INFO - Setting next_dagrun for dataset_consumes_1_never_scheduled to None, run_after=None
[2026-05-17T22:02:15.665+0000] {logging_mixin.py:188} INFO - [2026-05-17T22:02:15.665+0000] {dag.py:3834} INFO - Setting next_dagrun for dataset_consumes_unknown_never_scheduled to None, run_after=None
[2026-05-17T22:02:15.668+0000] {logging_mixin.py:188} INFO - [2026-05-17T22:02:15.667+0000] {dag.py:3834} INFO - Setting next_dagrun for dataset_produces_1 to 2026-05-16 00:00:00+00:00, run_after=2026-05-17 00:00:00+00:00
[2026-05-17T22:02:15.671+0000] {logging_mixin.py:188} INFO - [2026-05-17T22:02:15.670+0000] {dag.py:3834} INFO - Setting next_dagrun for dataset_produces_2 to None, run_after=None
[2026-05-17T22:02:15.698+0000] {processor.py:183} INFO - Processing /home/airflow/.local/lib/python3.8/site-packages/airflow/example_dags/example_datasets.py took 0.264 seconds
[2026-05-17T22:02:46.008+0000] {processor.py:161} INFO - Started process (PID=7235) to work on /home/airflow/.local/lib/python3.8/site-packages/airflow/example_dags/example_datasets.py
[2026-05-17T22:02:46.009+0000] {processor.py:830} INFO - Processing file /home/airflow/.local/lib/python3.8/site-packages/airflow/example_dags/example_datasets.py for tasks to queue
[2026-05-17T22:02:46.011+0000] {logging_mixin.py:188} INFO - [2026-05-17T22:02:46.011+0000] {dagbag.py:540} INFO - Filling up the DagBag from /home/airflow/.local/lib/python3.8/site-packages/airflow/example_dags/example_datasets.py
[2026-05-17T22:02:46.020+0000] {processor.py:840} INFO - DAG(s) 'dataset_produces_1', 'dataset_consumes_unknown_never_scheduled', 'dataset_consumes_1', 'dataset_produces_2', 'dataset_consumes_1_never_scheduled', 'dataset_consumes_1_and_2' retrieved from /home/airflow/.local/lib/python3.8/site-packages/airflow/example_dags/example_datasets.py
[2026-05-17T22:02:46.050+0000] {logging_mixin.py:188} INFO - [2026-05-17T22:02:46.050+0000] {dag.py:3047} INFO - Sync 6 DAGs
[2026-05-17T22:02:46.218+0000] {logging_mixin.py:188} INFO - [2026-05-17T22:02:46.218+0000] {dag.py:3834} INFO - Setting next_dagrun for dataset_consumes_1 to None, run_after=None
[2026-05-17T22:02:46.222+0000] {logging_mixin.py:188} INFO - [2026-05-17T22:02:46.221+0000] {dag.py:3834} INFO - Setting next_dagrun for dataset_consumes_1_and_2 to None, run_after=None
[2026-05-17T22:02:46.223+0000] {logging_mixin.py:188} INFO - [2026-05-17T22:02:46.223+0000] {dag.py:3834} INFO - Setting next_dagrun for dataset_consumes_1_never_scheduled to None, run_after=None
[2026-05-17T22:02:46.224+0000] {logging_mixin.py:188} INFO - [2026-05-17T22:02:46.224+0000] {dag.py:3834} INFO - Setting next_dagrun for dataset_consumes_unknown_never_scheduled to None, run_after=None
[2026-05-17T22:02:46.227+0000] {logging_mixin.py:188} INFO - [2026-05-17T22:02:46.226+0000] {dag.py:3834} INFO - Setting next_dagrun for dataset_produces_1 to 2026-05-16 00:00:00+00:00, run_after=2026-05-17 00:00:00+00:00
[2026-05-17T22:02:46.228+0000] {logging_mixin.py:188} INFO - [2026-05-17T22:02:46.228+0000] {dag.py:3834} INFO - Setting next_dagrun for dataset_produces_2 to None, run_after=None
[2026-05-17T22:02:46.258+0000] {processor.py:183} INFO - Processing /home/airflow/.local/lib/python3.8/site-packages/airflow/example_dags/example_datasets.py took 0.252 seconds
[2026-05-17T22:03:16.642+0000] {processor.py:161} INFO - Started process (PID=7290) to work on /home/airflow/.local/lib/python3.8/site-packages/airflow/example_dags/example_datasets.py
[2026-05-17T22:03:16.643+0000] {processor.py:830} INFO - Processing file /home/airflow/.local/lib/python3.8/site-packages/airflow/example_dags/example_datasets.py for tasks to queue
[2026-05-17T22:03:16.645+0000] {logging_mixin.py:188} INFO - [2026-05-17T22:03:16.645+0000] {dagbag.py:540} INFO - Filling up the DagBag from /home/airflow/.local/lib/python3.8/site-packages/airflow/example_dags/example_datasets.py
[2026-05-17T22:03:16.653+0000] {processor.py:840} INFO - DAG(s) 'dataset_consumes_1_and_2', 'dataset_consumes_1_never_scheduled', 'dataset_consumes_1', 'dataset_produces_1', 'dataset_produces_2', 'dataset_consumes_unknown_never_scheduled' retrieved from /home/airflow/.local/lib/python3.8/site-packages/airflow/example_dags/example_datasets.py
[2026-05-17T22:03:16.682+0000] {logging_mixin.py:188} INFO - [2026-05-17T22:03:16.682+0000] {dag.py:3047} INFO - Sync 6 DAGs
[2026-05-17T22:03:16.867+0000] {logging_mixin.py:188} INFO - [2026-05-17T22:03:16.866+0000] {dag.py:3834} INFO - Setting next_dagrun for dataset_consumes_1 to None, run_after=None
[2026-05-17T22:03:16.870+0000] {logging_mixin.py:188} INFO - [2026-05-17T22:03:16.870+0000] {dag.py:3834} INFO - Setting next_dagrun for dataset_consumes_1_and_2 to None, run_after=None
[2026-05-17T22:03:16.875+0000] {logging_mixin.py:188} INFO - [2026-05-17T22:03:16.875+0000] {dag.py:3834} INFO - Setting next_dagrun for dataset_consumes_1_never_scheduled to None, run_after=None
[2026-05-17T22:03:16.878+0000] {logging_mixin.py:188} INFO - [2026-05-17T22:03:16.878+0000] {dag.py:3834} INFO - Setting next_dagrun for dataset_consumes_unknown_never_scheduled to None, run_after=None
[2026-05-17T22:03:16.881+0000] {logging_mixin.py:188} INFO - [2026-05-17T22:03:16.881+0000] {dag.py:3834} INFO - Setting next_dagrun for dataset_produces_1 to 2026-05-16 00:00:00+00:00, run_after=2026-05-17 00:00:00+00:00
[2026-05-17T22:03:16.883+0000] {logging_mixin.py:188} INFO - [2026-05-17T22:03:16.883+0000] {dag.py:3834} INFO - Setting next_dagrun for dataset_produces_2 to None, run_after=None
[2026-05-17T22:03:16.913+0000] {processor.py:183} INFO - Processing /home/airflow/.local/lib/python3.8/site-packages/airflow/example_dags/example_datasets.py took 0.274 seconds
[2026-05-17T22:03:47.374+0000] {processor.py:161} INFO - Started process (PID=7345) to work on /home/airflow/.local/lib/python3.8/site-packages/airflow/example_dags/example_datasets.py
[2026-05-17T22:03:47.376+0000] {processor.py:830} INFO - Processing file /home/airflow/.local/lib/python3.8/site-packages/airflow/example_dags/example_datasets.py for tasks to queue
[2026-05-17T22:03:47.379+0000] {logging_mixin.py:188} INFO - [2026-05-17T22:03:47.378+0000] {dagbag.py:540} INFO - Filling up the DagBag from /home/airflow/.local/lib/python3.8/site-packages/airflow/example_dags/example_datasets.py
[2026-05-17T22:03:47.388+0000] {processor.py:840} INFO - DAG(s) 'dataset_consumes_1_never_scheduled', 'dataset_consumes_1', 'dataset_produces_1', 'dataset_consumes_1_and_2', 'dataset_produces_2', 'dataset_consumes_unknown_never_scheduled' retrieved from /home/airflow/.local/lib/python3.8/site-packages/airflow/example_dags/example_datasets.py
[2026-05-17T22:03:47.420+0000] {logging_mixin.py:188} INFO - [2026-05-17T22:03:47.419+0000] {dag.py:3047} INFO - Sync 6 DAGs
[2026-05-17T22:03:47.584+0000] {logging_mixin.py:188} INFO - [2026-05-17T22:03:47.584+0000] {dag.py:3834} INFO - Setting next_dagrun for dataset_consumes_1 to None, run_after=None
[2026-05-17T22:03:47.588+0000] {logging_mixin.py:188} INFO - [2026-05-17T22:03:47.588+0000] {dag.py:3834} INFO - Setting next_dagrun for dataset_consumes_1_and_2 to None, run_after=None
[2026-05-17T22:03:47.590+0000] {logging_mixin.py:188} INFO - [2026-05-17T22:03:47.590+0000] {dag.py:3834} INFO - Setting next_dagrun for dataset_consumes_1_never_scheduled to None, run_after=None
[2026-05-17T22:03:47.592+0000] {logging_mixin.py:188} INFO - [2026-05-17T22:03:47.592+0000] {dag.py:3834} INFO - Setting next_dagrun for dataset_consumes_unknown_never_scheduled to None, run_after=None
[2026-05-17T22:03:47.594+0000] {logging_mixin.py:188} INFO - [2026-05-17T22:03:47.594+0000] {dag.py:3834} INFO - Setting next_dagrun for dataset_produces_1 to 2026-05-16 00:00:00+00:00, run_after=2026-05-17 00:00:00+00:00
[2026-05-17T22:03:47.597+0000] {logging_mixin.py:188} INFO - [2026-05-17T22:03:47.596+0000] {dag.py:3834} INFO - Setting next_dagrun for dataset_produces_2 to None, run_after=None
[2026-05-17T22:03:47.630+0000] {processor.py:183} INFO - Processing /home/airflow/.local/lib/python3.8/site-packages/airflow/example_dags/example_datasets.py took 0.259 seconds
[2026-05-17T22:04:18.463+0000] {processor.py:161} INFO - Started process (PID=7400) to work on /home/airflow/.local/lib/python3.8/site-packages/airflow/example_dags/example_datasets.py
[2026-05-17T22:04:18.465+0000] {processor.py:830} INFO - Processing file /home/airflow/.local/lib/python3.8/site-packages/airflow/example_dags/example_datasets.py for tasks to queue
[2026-05-17T22:04:18.467+0000] {logging_mixin.py:188} INFO - [2026-05-17T22:04:18.467+0000] {dagbag.py:540} INFO - Filling up the DagBag from /home/airflow/.local/lib/python3.8/site-packages/airflow/example_dags/example_datasets.py
[2026-05-17T22:04:18.476+0000] {processor.py:840} INFO - DAG(s) 'dataset_consumes_unknown_never_scheduled', 'dataset_consumes_1_and_2', 'dataset_produces_2', 'dataset_produces_1', 'dataset_consumes_1', 'dataset_consumes_1_never_scheduled' retrieved from /home/airflow/.local/lib/python3.8/site-packages/airflow/example_dags/example_datasets.py
[2026-05-17T22:04:18.509+0000] {logging_mixin.py:188} INFO - [2026-05-17T22:04:18.509+0000] {dag.py:3047} INFO - Sync 6 DAGs
[2026-05-17T22:04:18.687+0000] {logging_mixin.py:188} INFO - [2026-05-17T22:04:18.686+0000] {dag.py:3834} INFO - Setting next_dagrun for dataset_consumes_1 to None, run_after=None
[2026-05-17T22:04:18.690+0000] {logging_mixin.py:188} INFO - [2026-05-17T22:04:18.690+0000] {dag.py:3834} INFO - Setting next_dagrun for dataset_consumes_1_and_2 to None, run_after=None
[2026-05-17T22:04:18.691+0000] {logging_mixin.py:188} INFO - [2026-05-17T22:04:18.691+0000] {dag.py:3834} INFO - Setting next_dagrun for dataset_consumes_1_never_scheduled to None, run_after=None
[2026-05-17T22:04:18.692+0000] {logging_mixin.py:188} INFO - [2026-05-17T22:04:18.692+0000] {dag.py:3834} INFO - Setting next_dagrun for dataset_consumes_unknown_never_scheduled to None, run_after=None
[2026-05-17T22:04:18.695+0000] {logging_mixin.py:188} INFO - [2026-05-17T22:04:18.695+0000] {dag.py:3834} INFO - Setting next_dagrun for dataset_produces_1 to 2026-05-16 00:00:00+00:00, run_after=2026-05-17 00:00:00+00:00
[2026-05-17T22:04:18.697+0000] {logging_mixin.py:188} INFO - [2026-05-17T22:04:18.697+0000] {dag.py:3834} INFO - Setting next_dagrun for dataset_produces_2 to None, run_after=None
[2026-05-17T22:04:18.723+0000] {processor.py:183} INFO - Processing /home/airflow/.local/lib/python3.8/site-packages/airflow/example_dags/example_datasets.py took 0.263 seconds
[2026-05-17T22:04:49.157+0000] {processor.py:161} INFO - Started process (PID=7455) to work on /home/airflow/.local/lib/python3.8/site-packages/airflow/example_dags/example_datasets.py
[2026-05-17T22:04:49.159+0000] {processor.py:830} INFO - Processing file /home/airflow/.local/lib/python3.8/site-packages/airflow/example_dags/example_datasets.py for tasks to queue
[2026-05-17T22:04:49.162+0000] {logging_mixin.py:188} INFO - [2026-05-17T22:04:49.161+0000] {dagbag.py:540} INFO - Filling up the DagBag from /home/airflow/.local/lib/python3.8/site-packages/airflow/example_dags/example_datasets.py
[2026-05-17T22:04:49.174+0000] {processor.py:840} INFO - DAG(s) 'dataset_consumes_1', 'dataset_consumes_1_never_scheduled', 'dataset_produces_1', 'dataset_produces_2', 'dataset_consumes_1_and_2', 'dataset_consumes_unknown_never_scheduled' retrieved from /home/airflow/.local/lib/python3.8/site-packages/airflow/example_dags/example_datasets.py
[2026-05-17T22:04:49.213+0000] {logging_mixin.py:188} INFO - [2026-05-17T22:04:49.212+0000] {dag.py:3047} INFO - Sync 6 DAGs
[2026-05-17T22:04:49.455+0000] {logging_mixin.py:188} INFO - [2026-05-17T22:04:49.455+0000] {dag.py:3834} INFO - Setting next_dagrun for dataset_consumes_1 to None, run_after=None
[2026-05-17T22:04:49.459+0000] {logging_mixin.py:188} INFO - [2026-05-17T22:04:49.459+0000] {dag.py:3834} INFO - Setting next_dagrun for dataset_consumes_1_and_2 to None, run_after=None
[2026-05-17T22:04:49.462+0000] {logging_mixin.py:188} INFO - [2026-05-17T22:04:49.462+0000] {dag.py:3834} INFO - Setting next_dagrun for dataset_consumes_1_never_scheduled to None, run_after=None
[2026-05-17T22:04:49.464+0000] {logging_mixin.py:188} INFO - [2026-05-17T22:04:49.464+0000] {dag.py:3834} INFO - Setting next_dagrun for dataset_consumes_unknown_never_scheduled to None, run_after=None
[2026-05-17T22:04:49.468+0000] {logging_mixin.py:188} INFO - [2026-05-17T22:04:49.468+0000] {dag.py:3834} INFO - Setting next_dagrun for dataset_produces_1 to 2026-05-16 00:00:00+00:00, run_after=2026-05-17 00:00:00+00:00
[2026-05-17T22:04:49.471+0000] {logging_mixin.py:188} INFO - [2026-05-17T22:04:49.471+0000] {dag.py:3834} INFO - Setting next_dagrun for dataset_produces_2 to None, run_after=None
[2026-05-17T22:04:49.497+0000] {processor.py:183} INFO - Processing /home/airflow/.local/lib/python3.8/site-packages/airflow/example_dags/example_datasets.py took 0.345 seconds
[2026-05-17T22:05:19.742+0000] {processor.py:161} INFO - Started process (PID=7511) to work on /home/airflow/.local/lib/python3.8/site-packages/airflow/example_dags/example_datasets.py
[2026-05-17T22:05:19.743+0000] {processor.py:830} INFO - Processing file /home/airflow/.local/lib/python3.8/site-packages/airflow/example_dags/example_datasets.py for tasks to queue
[2026-05-17T22:05:19.745+0000] {logging_mixin.py:188} INFO - [2026-05-17T22:05:19.745+0000] {dagbag.py:540} INFO - Filling up the DagBag from /home/airflow/.local/lib/python3.8/site-packages/airflow/example_dags/example_datasets.py
[2026-05-17T22:05:19.753+0000] {processor.py:840} INFO - DAG(s) 'dataset_consumes_1', 'dataset_produces_1', 'dataset_consumes_unknown_never_scheduled', 'dataset_consumes_1_and_2', 'dataset_produces_2', 'dataset_consumes_1_never_scheduled' retrieved from /home/airflow/.local/lib/python3.8/site-packages/airflow/example_dags/example_datasets.py
[2026-05-17T22:05:19.782+0000] {logging_mixin.py:188} INFO - [2026-05-17T22:05:19.782+0000] {dag.py:3047} INFO - Sync 6 DAGs
[2026-05-17T22:05:19.971+0000] {logging_mixin.py:188} INFO - [2026-05-17T22:05:19.971+0000] {dag.py:3834} INFO - Setting next_dagrun for dataset_consumes_1 to None, run_after=None
[2026-05-17T22:05:19.975+0000] {logging_mixin.py:188} INFO - [2026-05-17T22:05:19.974+0000] {dag.py:3834} INFO - Setting next_dagrun for dataset_consumes_1_and_2 to None, run_after=None
[2026-05-17T22:05:19.977+0000] {logging_mixin.py:188} INFO - [2026-05-17T22:05:19.976+0000] {dag.py:3834} INFO - Setting next_dagrun for dataset_consumes_1_never_scheduled to None, run_after=None
[2026-05-17T22:05:19.978+0000] {logging_mixin.py:188} INFO - [2026-05-17T22:05:19.978+0000] {dag.py:3834} INFO - Setting next_dagrun for dataset_consumes_unknown_never_scheduled to None, run_after=None
[2026-05-17T22:05:19.983+0000] {logging_mixin.py:188} INFO - [2026-05-17T22:05:19.983+0000] {dag.py:3834} INFO - Setting next_dagrun for dataset_produces_1 to 2026-05-16 00:00:00+00:00, run_after=2026-05-17 00:00:00+00:00
[2026-05-17T22:05:19.985+0000] {logging_mixin.py:188} INFO - [2026-05-17T22:05:19.984+0000] {dag.py:3834} INFO - Setting next_dagrun for dataset_produces_2 to None, run_after=None
[2026-05-17T22:05:20.011+0000] {processor.py:183} INFO - Processing /home/airflow/.local/lib/python3.8/site-packages/airflow/example_dags/example_datasets.py took 0.272 seconds
[2026-05-17T22:05:50.140+0000] {processor.py:161} INFO - Started process (PID=7572) to work on /home/airflow/.local/lib/python3.8/site-packages/airflow/example_dags/example_datasets.py
[2026-05-17T22:05:50.142+0000] {processor.py:830} INFO - Processing file /home/airflow/.local/lib/python3.8/site-packages/airflow/example_dags/example_datasets.py for tasks to queue
[2026-05-17T22:05:50.144+0000] {logging_mixin.py:188} INFO - [2026-05-17T22:05:50.144+0000] {dagbag.py:540} INFO - Filling up the DagBag from /home/airflow/.local/lib/python3.8/site-packages/airflow/example_dags/example_datasets.py
[2026-05-17T22:05:50.153+0000] {processor.py:840} INFO - DAG(s) 'dataset_consumes_1', 'dataset_consumes_unknown_never_scheduled', 'dataset_consumes_1_never_scheduled', 'dataset_consumes_1_and_2', 'dataset_produces_2', 'dataset_produces_1' retrieved from /home/airflow/.local/lib/python3.8/site-packages/airflow/example_dags/example_datasets.py
[2026-05-17T22:05:50.188+0000] {logging_mixin.py:188} INFO - [2026-05-17T22:05:50.188+0000] {dag.py:3047} INFO - Sync 6 DAGs
[2026-05-17T22:05:50.372+0000] {logging_mixin.py:188} INFO - [2026-05-17T22:05:50.372+0000] {dag.py:3834} INFO - Setting next_dagrun for dataset_consumes_1 to None, run_after=None
[2026-05-17T22:05:50.379+0000] {logging_mixin.py:188} INFO - [2026-05-17T22:05:50.378+0000] {dag.py:3834} INFO - Setting next_dagrun for dataset_consumes_1_and_2 to None, run_after=None
[2026-05-17T22:05:50.381+0000] {logging_mixin.py:188} INFO - [2026-05-17T22:05:50.381+0000] {dag.py:3834} INFO - Setting next_dagrun for dataset_consumes_1_never_scheduled to None, run_after=None
[2026-05-17T22:05:50.384+0000] {logging_mixin.py:188} INFO - [2026-05-17T22:05:50.383+0000] {dag.py:3834} INFO - Setting next_dagrun for dataset_consumes_unknown_never_scheduled to None, run_after=None
[2026-05-17T22:05:50.387+0000] {logging_mixin.py:188} INFO - [2026-05-17T22:05:50.387+0000] {dag.py:3834} INFO - Setting next_dagrun for dataset_produces_1 to 2026-05-16 00:00:00+00:00, run_after=2026-05-17 00:00:00+00:00
[2026-05-17T22:05:50.389+0000] {logging_mixin.py:188} INFO - [2026-05-17T22:05:50.389+0000] {dag.py:3834} INFO - Setting next_dagrun for dataset_produces_2 to None, run_after=None
[2026-05-17T22:05:50.417+0000] {processor.py:183} INFO - Processing /home/airflow/.local/lib/python3.8/site-packages/airflow/example_dags/example_datasets.py took 0.281 seconds
[2026-05-17T22:06:20.789+0000] {processor.py:161} INFO - Started process (PID=7626) to work on /home/airflow/.local/lib/python3.8/site-packages/airflow/example_dags/example_datasets.py
[2026-05-17T22:06:20.791+0000] {processor.py:830} INFO - Processing file /home/airflow/.local/lib/python3.8/site-packages/airflow/example_dags/example_datasets.py for tasks to queue
[2026-05-17T22:06:20.795+0000] {logging_mixin.py:188} INFO - [2026-05-17T22:06:20.795+0000] {dagbag.py:540} INFO - Filling up the DagBag from /home/airflow/.local/lib/python3.8/site-packages/airflow/example_dags/example_datasets.py
[2026-05-17T22:06:20.808+0000] {processor.py:840} INFO - DAG(s) 'dataset_produces_2', 'dataset_consumes_unknown_never_scheduled', 'dataset_consumes_1', 'dataset_consumes_1_never_scheduled', 'dataset_produces_1', 'dataset_consumes_1_and_2' retrieved from /home/airflow/.local/lib/python3.8/site-packages/airflow/example_dags/example_datasets.py
[2026-05-17T22:06:20.855+0000] {logging_mixin.py:188} INFO - [2026-05-17T22:06:20.854+0000] {dag.py:3047} INFO - Sync 6 DAGs
[2026-05-17T22:06:21.118+0000] {logging_mixin.py:188} INFO - [2026-05-17T22:06:21.118+0000] {dag.py:3834} INFO - Setting next_dagrun for dataset_consumes_1 to None, run_after=None
[2026-05-17T22:06:21.125+0000] {logging_mixin.py:188} INFO - [2026-05-17T22:06:21.125+0000] {dag.py:3834} INFO - Setting next_dagrun for dataset_consumes_1_and_2 to None, run_after=None
[2026-05-17T22:06:21.127+0000] {logging_mixin.py:188} INFO - [2026-05-17T22:06:21.127+0000] {dag.py:3834} INFO - Setting next_dagrun for dataset_consumes_1_never_scheduled to None, run_after=None
[2026-05-17T22:06:21.128+0000] {logging_mixin.py:188} INFO - [2026-05-17T22:06:21.128+0000] {dag.py:3834} INFO - Setting next_dagrun for dataset_consumes_unknown_never_scheduled to None, run_after=None
[2026-05-17T22:06:21.131+0000] {logging_mixin.py:188} INFO - [2026-05-17T22:06:21.131+0000] {dag.py:3834} INFO - Setting next_dagrun for dataset_produces_1 to 2026-05-16 00:00:00+00:00, run_after=2026-05-17 00:00:00+00:00
[2026-05-17T22:06:21.132+0000] {logging_mixin.py:188} INFO - [2026-05-17T22:06:21.132+0000] {dag.py:3834} INFO - Setting next_dagrun for dataset_produces_2 to None, run_after=None
[2026-05-17T22:06:21.169+0000] {processor.py:183} INFO - Processing /home/airflow/.local/lib/python3.8/site-packages/airflow/example_dags/example_datasets.py took 0.387 seconds
[2026-05-17T22:06:51.288+0000] {processor.py:161} INFO - Started process (PID=7681) to work on /home/airflow/.local/lib/python3.8/site-packages/airflow/example_dags/example_datasets.py
[2026-05-17T22:06:51.290+0000] {processor.py:830} INFO - Processing file /home/airflow/.local/lib/python3.8/site-packages/airflow/example_dags/example_datasets.py for tasks to queue
[2026-05-17T22:06:51.292+0000] {logging_mixin.py:188} INFO - [2026-05-17T22:06:51.292+0000] {dagbag.py:540} INFO - Filling up the DagBag from /home/airflow/.local/lib/python3.8/site-packages/airflow/example_dags/example_datasets.py
[2026-05-17T22:06:51.302+0000] {processor.py:840} INFO - DAG(s) 'dataset_consumes_unknown_never_scheduled', 'dataset_consumes_1_never_scheduled', 'dataset_produces_1', 'dataset_consumes_1', 'dataset_consumes_1_and_2', 'dataset_produces_2' retrieved from /home/airflow/.local/lib/python3.8/site-packages/airflow/example_dags/example_datasets.py
[2026-05-17T22:06:51.354+0000] {logging_mixin.py:188} INFO - [2026-05-17T22:06:51.353+0000] {dag.py:3047} INFO - Sync 6 DAGs
[2026-05-17T22:06:51.557+0000] {logging_mixin.py:188} INFO - [2026-05-17T22:06:51.557+0000] {dag.py:3834} INFO - Setting next_dagrun for dataset_consumes_1 to None, run_after=None
[2026-05-17T22:06:51.561+0000] {logging_mixin.py:188} INFO - [2026-05-17T22:06:51.561+0000] {dag.py:3834} INFO - Setting next_dagrun for dataset_consumes_1_and_2 to None, run_after=None
[2026-05-17T22:06:51.563+0000] {logging_mixin.py:188} INFO - [2026-05-17T22:06:51.563+0000] {dag.py:3834} INFO - Setting next_dagrun for dataset_consumes_1_never_scheduled to None, run_after=None
[2026-05-17T22:06:51.565+0000] {logging_mixin.py:188} INFO - [2026-05-17T22:06:51.565+0000] {dag.py:3834} INFO - Setting next_dagrun for dataset_consumes_unknown_never_scheduled to None, run_after=None
[2026-05-17T22:06:51.569+0000] {logging_mixin.py:188} INFO - [2026-05-17T22:06:51.569+0000] {dag.py:3834} INFO - Setting next_dagrun for dataset_produces_1 to 2026-05-16 00:00:00+00:00, run_after=2026-05-17 00:00:00+00:00
[2026-05-17T22:06:51.572+0000] {logging_mixin.py:188} INFO - [2026-05-17T22:06:51.571+0000] {dag.py:3834} INFO - Setting next_dagrun for dataset_produces_2 to None, run_after=None
[2026-05-17T22:06:51.606+0000] {processor.py:183} INFO - Processing /home/airflow/.local/lib/python3.8/site-packages/airflow/example_dags/example_datasets.py took 0.321 seconds
[2026-05-17T22:07:21.726+0000] {processor.py:161} INFO - Started process (PID=7737) to work on /home/airflow/.local/lib/python3.8/site-packages/airflow/example_dags/example_datasets.py
[2026-05-17T22:07:21.728+0000] {processor.py:830} INFO - Processing file /home/airflow/.local/lib/python3.8/site-packages/airflow/example_dags/example_datasets.py for tasks to queue
[2026-05-17T22:07:21.730+0000] {logging_mixin.py:188} INFO - [2026-05-17T22:07:21.729+0000] {dagbag.py:540} INFO - Filling up the DagBag from /home/airflow/.local/lib/python3.8/site-packages/airflow/example_dags/example_datasets.py
[2026-05-17T22:07:21.738+0000] {processor.py:840} INFO - DAG(s) 'dataset_consumes_unknown_never_scheduled', 'dataset_consumes_1_never_scheduled', 'dataset_consumes_1_and_2', 'dataset_produces_1', 'dataset_produces_2', 'dataset_consumes_1' retrieved from /home/airflow/.local/lib/python3.8/site-packages/airflow/example_dags/example_datasets.py
[2026-05-17T22:07:21.771+0000] {logging_mixin.py:188} INFO - [2026-05-17T22:07:21.771+0000] {dag.py:3047} INFO - Sync 6 DAGs
[2026-05-17T22:07:21.931+0000] {logging_mixin.py:188} INFO - [2026-05-17T22:07:21.931+0000] {dag.py:3834} INFO - Setting next_dagrun for dataset_consumes_1 to None, run_after=None
[2026-05-17T22:07:21.935+0000] {logging_mixin.py:188} INFO - [2026-05-17T22:07:21.935+0000] {dag.py:3834} INFO - Setting next_dagrun for dataset_consumes_1_and_2 to None, run_after=None
[2026-05-17T22:07:21.936+0000] {logging_mixin.py:188} INFO - [2026-05-17T22:07:21.936+0000] {dag.py:3834} INFO - Setting next_dagrun for dataset_consumes_1_never_scheduled to None, run_after=None
[2026-05-17T22:07:21.938+0000] {logging_mixin.py:188} INFO - [2026-05-17T22:07:21.937+0000] {dag.py:3834} INFO - Setting next_dagrun for dataset_consumes_unknown_never_scheduled to None, run_after=None
[2026-05-17T22:07:21.940+0000] {logging_mixin.py:188} INFO - [2026-05-17T22:07:21.940+0000] {dag.py:3834} INFO - Setting next_dagrun for dataset_produces_1 to 2026-05-16 00:00:00+00:00, run_after=2026-05-17 00:00:00+00:00
[2026-05-17T22:07:21.941+0000] {logging_mixin.py:188} INFO - [2026-05-17T22:07:21.941+0000] {dag.py:3834} INFO - Setting next_dagrun for dataset_produces_2 to None, run_after=None
[2026-05-17T22:07:21.971+0000] {processor.py:183} INFO - Processing /home/airflow/.local/lib/python3.8/site-packages/airflow/example_dags/example_datasets.py took 0.247 seconds
[2026-05-17T22:07:52.346+0000] {processor.py:161} INFO - Started process (PID=7791) to work on /home/airflow/.local/lib/python3.8/site-packages/airflow/example_dags/example_datasets.py
[2026-05-17T22:07:52.348+0000] {processor.py:830} INFO - Processing file /home/airflow/.local/lib/python3.8/site-packages/airflow/example_dags/example_datasets.py for tasks to queue
[2026-05-17T22:07:52.350+0000] {logging_mixin.py:188} INFO - [2026-05-17T22:07:52.350+0000] {dagbag.py:540} INFO - Filling up the DagBag from /home/airflow/.local/lib/python3.8/site-packages/airflow/example_dags/example_datasets.py
[2026-05-17T22:07:52.358+0000] {processor.py:840} INFO - DAG(s) 'dataset_consumes_1', 'dataset_consumes_1_never_scheduled', 'dataset_consumes_1_and_2', 'dataset_produces_1', 'dataset_produces_2', 'dataset_consumes_unknown_never_scheduled' retrieved from /home/airflow/.local/lib/python3.8/site-packages/airflow/example_dags/example_datasets.py
[2026-05-17T22:07:52.389+0000] {logging_mixin.py:188} INFO - [2026-05-17T22:07:52.388+0000] {dag.py:3047} INFO - Sync 6 DAGs
[2026-05-17T22:07:52.408+0000] {logging_mixin.py:188} INFO - [2026-05-17T22:07:52.408+0000] {dag.py:3834} INFO - Setting next_dagrun for dataset_consumes_1 to None, run_after=None
[2026-05-17T22:07:52.414+0000] {logging_mixin.py:188} INFO - [2026-05-17T22:07:52.414+0000] {dag.py:3834} INFO - Setting next_dagrun for dataset_consumes_1_and_2 to None, run_after=None
[2026-05-17T22:07:52.416+0000] {logging_mixin.py:188} INFO - [2026-05-17T22:07:52.415+0000] {dag.py:3834} INFO - Setting next_dagrun for dataset_consumes_1_never_scheduled to None, run_after=None
[2026-05-17T22:07:52.418+0000] {logging_mixin.py:188} INFO - [2026-05-17T22:07:52.417+0000] {dag.py:3834} INFO - Setting next_dagrun for dataset_consumes_unknown_never_scheduled to None, run_after=None
[2026-05-17T22:07:52.420+0000] {logging_mixin.py:188} INFO - [2026-05-17T22:07:52.420+0000] {dag.py:3834} INFO - Setting next_dagrun for dataset_produces_1 to 2026-05-16 00:00:00+00:00, run_after=2026-05-17 00:00:00+00:00
[2026-05-17T22:07:52.556+0000] {logging_mixin.py:188} INFO - [2026-05-17T22:07:52.555+0000] {dag.py:3834} INFO - Setting next_dagrun for dataset_produces_2 to None, run_after=None
[2026-05-17T22:07:52.586+0000] {processor.py:183} INFO - Processing /home/airflow/.local/lib/python3.8/site-packages/airflow/example_dags/example_datasets.py took 0.243 seconds
[2026-05-17T22:08:22.849+0000] {processor.py:161} INFO - Started process (PID=7846) to work on /home/airflow/.local/lib/python3.8/site-packages/airflow/example_dags/example_datasets.py
[2026-05-17T22:08:22.851+0000] {processor.py:830} INFO - Processing file /home/airflow/.local/lib/python3.8/site-packages/airflow/example_dags/example_datasets.py for tasks to queue
[2026-05-17T22:08:22.853+0000] {logging_mixin.py:188} INFO - [2026-05-17T22:08:22.853+0000] {dagbag.py:540} INFO - Filling up the DagBag from /home/airflow/.local/lib/python3.8/site-packages/airflow/example_dags/example_datasets.py
[2026-05-17T22:08:22.862+0000] {processor.py:840} INFO - DAG(s) 'dataset_consumes_1_never_scheduled', 'dataset_consumes_1', 'dataset_produces_1', 'dataset_consumes_unknown_never_scheduled', 'dataset_produces_2', 'dataset_consumes_1_and_2' retrieved from /home/airflow/.local/lib/python3.8/site-packages/airflow/example_dags/example_datasets.py
[2026-05-17T22:08:22.895+0000] {logging_mixin.py:188} INFO - [2026-05-17T22:08:22.895+0000] {dag.py:3047} INFO - Sync 6 DAGs
[2026-05-17T22:08:22.914+0000] {logging_mixin.py:188} INFO - [2026-05-17T22:08:22.913+0000] {dag.py:3834} INFO - Setting next_dagrun for dataset_consumes_1 to None, run_after=None
[2026-05-17T22:08:22.917+0000] {logging_mixin.py:188} INFO - [2026-05-17T22:08:22.917+0000] {dag.py:3834} INFO - Setting next_dagrun for dataset_consumes_1_and_2 to None, run_after=None
[2026-05-17T22:08:22.919+0000] {logging_mixin.py:188} INFO - [2026-05-17T22:08:22.919+0000] {dag.py:3834} INFO - Setting next_dagrun for dataset_consumes_1_never_scheduled to None, run_after=None
[2026-05-17T22:08:22.920+0000] {logging_mixin.py:188} INFO - [2026-05-17T22:08:22.920+0000] {dag.py:3834} INFO - Setting next_dagrun for dataset_consumes_unknown_never_scheduled to None, run_after=None
[2026-05-17T22:08:22.923+0000] {logging_mixin.py:188} INFO - [2026-05-17T22:08:22.923+0000] {dag.py:3834} INFO - Setting next_dagrun for dataset_produces_1 to 2026-05-16 00:00:00+00:00, run_after=2026-05-17 00:00:00+00:00
[2026-05-17T22:08:22.925+0000] {logging_mixin.py:188} INFO - [2026-05-17T22:08:22.925+0000] {dag.py:3834} INFO - Setting next_dagrun for dataset_produces_2 to None, run_after=None
[2026-05-17T22:08:22.955+0000] {processor.py:183} INFO - Processing /home/airflow/.local/lib/python3.8/site-packages/airflow/example_dags/example_datasets.py took 0.110 seconds
[2026-05-17T22:08:53.062+0000] {processor.py:161} INFO - Started process (PID=7900) to work on /home/airflow/.local/lib/python3.8/site-packages/airflow/example_dags/example_datasets.py
[2026-05-17T22:08:53.063+0000] {processor.py:830} INFO - Processing file /home/airflow/.local/lib/python3.8/site-packages/airflow/example_dags/example_datasets.py for tasks to queue
[2026-05-17T22:08:53.065+0000] {logging_mixin.py:188} INFO - [2026-05-17T22:08:53.065+0000] {dagbag.py:540} INFO - Filling up the DagBag from /home/airflow/.local/lib/python3.8/site-packages/airflow/example_dags/example_datasets.py
[2026-05-17T22:08:53.075+0000] {processor.py:840} INFO - DAG(s) 'dataset_consumes_1', 'dataset_produces_1', 'dataset_produces_2', 'dataset_consumes_1_never_scheduled', 'dataset_consumes_1_and_2', 'dataset_consumes_unknown_never_scheduled' retrieved from /home/airflow/.local/lib/python3.8/site-packages/airflow/example_dags/example_datasets.py
[2026-05-17T22:08:53.109+0000] {logging_mixin.py:188} INFO - [2026-05-17T22:08:53.108+0000] {dag.py:3047} INFO - Sync 6 DAGs
[2026-05-17T22:08:53.128+0000] {logging_mixin.py:188} INFO - [2026-05-17T22:08:53.127+0000] {dag.py:3834} INFO - Setting next_dagrun for dataset_consumes_1 to None, run_after=None
[2026-05-17T22:08:53.131+0000] {logging_mixin.py:188} INFO - [2026-05-17T22:08:53.131+0000] {dag.py:3834} INFO - Setting next_dagrun for dataset_consumes_1_and_2 to None, run_after=None
[2026-05-17T22:08:53.133+0000] {logging_mixin.py:188} INFO - [2026-05-17T22:08:53.132+0000] {dag.py:3834} INFO - Setting next_dagrun for dataset_consumes_1_never_scheduled to None, run_after=None
[2026-05-17T22:08:53.134+0000] {logging_mixin.py:188} INFO - [2026-05-17T22:08:53.134+0000] {dag.py:3834} INFO - Setting next_dagrun for dataset_consumes_unknown_never_scheduled to None, run_after=None
[2026-05-17T22:08:53.137+0000] {logging_mixin.py:188} INFO - [2026-05-17T22:08:53.137+0000] {dag.py:3834} INFO - Setting next_dagrun for dataset_produces_1 to 2026-05-16 00:00:00+00:00, run_after=2026-05-17 00:00:00+00:00
[2026-05-17T22:08:53.138+0000] {logging_mixin.py:188} INFO - [2026-05-17T22:08:53.138+0000] {dag.py:3834} INFO - Setting next_dagrun for dataset_produces_2 to None, run_after=None
[2026-05-17T22:08:53.169+0000] {processor.py:183} INFO - Processing /home/airflow/.local/lib/python3.8/site-packages/airflow/example_dags/example_datasets.py took 0.110 seconds
[2026-05-17T22:09:23.399+0000] {processor.py:161} INFO - Started process (PID=7955) to work on /home/airflow/.local/lib/python3.8/site-packages/airflow/example_dags/example_datasets.py
[2026-05-17T22:09:23.400+0000] {processor.py:830} INFO - Processing file /home/airflow/.local/lib/python3.8/site-packages/airflow/example_dags/example_datasets.py for tasks to queue
[2026-05-17T22:09:23.402+0000] {logging_mixin.py:188} INFO - [2026-05-17T22:09:23.402+0000] {dagbag.py:540} INFO - Filling up the DagBag from /home/airflow/.local/lib/python3.8/site-packages/airflow/example_dags/example_datasets.py
[2026-05-17T22:09:23.411+0000] {processor.py:840} INFO - DAG(s) 'dataset_consumes_1', 'dataset_produces_1', 'dataset_produces_2', 'dataset_consumes_unknown_never_scheduled', 'dataset_consumes_1_never_scheduled', 'dataset_consumes_1_and_2' retrieved from /home/airflow/.local/lib/python3.8/site-packages/airflow/example_dags/example_datasets.py
[2026-05-17T22:09:23.445+0000] {logging_mixin.py:188} INFO - [2026-05-17T22:09:23.445+0000] {dag.py:3047} INFO - Sync 6 DAGs
[2026-05-17T22:09:23.486+0000] {logging_mixin.py:188} INFO - [2026-05-17T22:09:23.486+0000] {dag.py:3834} INFO - Setting next_dagrun for dataset_consumes_1 to None, run_after=None
[2026-05-17T22:09:23.491+0000] {logging_mixin.py:188} INFO - [2026-05-17T22:09:23.490+0000] {dag.py:3834} INFO - Setting next_dagrun for dataset_consumes_1_and_2 to None, run_after=None
[2026-05-17T22:09:23.493+0000] {logging_mixin.py:188} INFO - [2026-05-17T22:09:23.493+0000] {dag.py:3834} INFO - Setting next_dagrun for dataset_consumes_1_never_scheduled to None, run_after=None
[2026-05-17T22:09:23.495+0000] {logging_mixin.py:188} INFO - [2026-05-17T22:09:23.495+0000] {dag.py:3834} INFO - Setting next_dagrun for dataset_consumes_unknown_never_scheduled to None, run_after=None
[2026-05-17T22:09:23.498+0000] {logging_mixin.py:188} INFO - [2026-05-17T22:09:23.498+0000] {dag.py:3834} INFO - Setting next_dagrun for dataset_produces_1 to 2026-05-16 00:00:00+00:00, run_after=2026-05-17 00:00:00+00:00
[2026-05-17T22:09:23.500+0000] {logging_mixin.py:188} INFO - [2026-05-17T22:09:23.500+0000] {dag.py:3834} INFO - Setting next_dagrun for dataset_produces_2 to None, run_after=None
[2026-05-17T22:09:23.530+0000] {processor.py:183} INFO - Processing /home/airflow/.local/lib/python3.8/site-packages/airflow/example_dags/example_datasets.py took 0.134 seconds
