[2026-05-17T20:56:37.315+0000] {processor.py:161} INFO - Started process (PID=71) to work on /home/airflow/.local/lib/python3.8/site-packages/airflow/example_dags/example_sla_dag.py
[2026-05-17T20:56:37.318+0000] {processor.py:830} INFO - Processing file /home/airflow/.local/lib/python3.8/site-packages/airflow/example_dags/example_sla_dag.py for tasks to queue
[2026-05-17T20:56:37.322+0000] {logging_mixin.py:188} INFO - [2026-05-17T20:56:37.322+0000] {dagbag.py:540} INFO - Filling up the DagBag from /home/airflow/.local/lib/python3.8/site-packages/airflow/example_dags/example_sla_dag.py
[2026-05-17T20:56:37.349+0000] {processor.py:840} INFO - DAG(s) 'example_sla_dag' retrieved from /home/airflow/.local/lib/python3.8/site-packages/airflow/example_dags/example_sla_dag.py
[2026-05-17T20:56:37.385+0000] {logging_mixin.py:188} INFO - [2026-05-17T20:56:37.385+0000] {dag.py:3047} INFO - Sync 1 DAGs
[2026-05-17T20:56:37.454+0000] {logging_mixin.py:188} INFO - [2026-05-17T20:56:37.454+0000] {dag.py:3834} INFO - Setting next_dagrun for example_sla_dag to 2026-05-17 20:54:00+00:00, run_after=2026-05-17 20:56:00+00:00
[2026-05-17T20:56:37.512+0000] {processor.py:183} INFO - Processing /home/airflow/.local/lib/python3.8/site-packages/airflow/example_dags/example_sla_dag.py took 0.203 seconds
[2026-05-17T20:57:07.920+0000] {processor.py:161} INFO - Started process (PID=126) to work on /home/airflow/.local/lib/python3.8/site-packages/airflow/example_dags/example_sla_dag.py
[2026-05-17T20:57:07.923+0000] {processor.py:830} INFO - Processing file /home/airflow/.local/lib/python3.8/site-packages/airflow/example_dags/example_sla_dag.py for tasks to queue
[2026-05-17T20:57:07.926+0000] {logging_mixin.py:188} INFO - [2026-05-17T20:57:07.926+0000] {dagbag.py:540} INFO - Filling up the DagBag from /home/airflow/.local/lib/python3.8/site-packages/airflow/example_dags/example_sla_dag.py
[2026-05-17T20:57:07.942+0000] {processor.py:840} INFO - DAG(s) 'example_sla_dag' retrieved from /home/airflow/.local/lib/python3.8/site-packages/airflow/example_dags/example_sla_dag.py
[2026-05-17T20:57:08.130+0000] {logging_mixin.py:188} INFO - [2026-05-17T20:57:08.130+0000] {dag.py:3047} INFO - Sync 1 DAGs
[2026-05-17T20:57:08.173+0000] {logging_mixin.py:188} INFO - [2026-05-17T20:57:08.173+0000] {dag.py:3834} INFO - Setting next_dagrun for example_sla_dag to 2026-05-17 20:54:00+00:00, run_after=2026-05-17 20:56:00+00:00
[2026-05-17T20:57:08.210+0000] {processor.py:183} INFO - Processing /home/airflow/.local/lib/python3.8/site-packages/airflow/example_dags/example_sla_dag.py took 0.297 seconds
[2026-05-17T20:57:38.397+0000] {processor.py:161} INFO - Started process (PID=181) to work on /home/airflow/.local/lib/python3.8/site-packages/airflow/example_dags/example_sla_dag.py
[2026-05-17T20:57:38.398+0000] {processor.py:830} INFO - Processing file /home/airflow/.local/lib/python3.8/site-packages/airflow/example_dags/example_sla_dag.py for tasks to queue
[2026-05-17T20:57:38.402+0000] {logging_mixin.py:188} INFO - [2026-05-17T20:57:38.401+0000] {dagbag.py:540} INFO - Filling up the DagBag from /home/airflow/.local/lib/python3.8/site-packages/airflow/example_dags/example_sla_dag.py
[2026-05-17T20:57:38.410+0000] {processor.py:840} INFO - DAG(s) 'example_sla_dag' retrieved from /home/airflow/.local/lib/python3.8/site-packages/airflow/example_dags/example_sla_dag.py
[2026-05-17T20:57:38.438+0000] {logging_mixin.py:188} INFO - [2026-05-17T20:57:38.437+0000] {dag.py:3047} INFO - Sync 1 DAGs
[2026-05-17T20:57:38.462+0000] {logging_mixin.py:188} INFO - [2026-05-17T20:57:38.462+0000] {dag.py:3834} INFO - Setting next_dagrun for example_sla_dag to 2026-05-17 20:54:00+00:00, run_after=2026-05-17 20:56:00+00:00
[2026-05-17T20:57:38.487+0000] {processor.py:183} INFO - Processing /home/airflow/.local/lib/python3.8/site-packages/airflow/example_dags/example_sla_dag.py took 0.093 seconds
[2026-05-17T20:58:08.692+0000] {processor.py:161} INFO - Started process (PID=236) to work on /home/airflow/.local/lib/python3.8/site-packages/airflow/example_dags/example_sla_dag.py
[2026-05-17T20:58:08.693+0000] {processor.py:830} INFO - Processing file /home/airflow/.local/lib/python3.8/site-packages/airflow/example_dags/example_sla_dag.py for tasks to queue
[2026-05-17T20:58:08.695+0000] {logging_mixin.py:188} INFO - [2026-05-17T20:58:08.695+0000] {dagbag.py:540} INFO - Filling up the DagBag from /home/airflow/.local/lib/python3.8/site-packages/airflow/example_dags/example_sla_dag.py
[2026-05-17T20:58:08.705+0000] {processor.py:840} INFO - DAG(s) 'example_sla_dag' retrieved from /home/airflow/.local/lib/python3.8/site-packages/airflow/example_dags/example_sla_dag.py
[2026-05-17T20:58:08.727+0000] {logging_mixin.py:188} INFO - [2026-05-17T20:58:08.727+0000] {dag.py:3047} INFO - Sync 1 DAGs
[2026-05-17T20:58:08.755+0000] {logging_mixin.py:188} INFO - [2026-05-17T20:58:08.755+0000] {dag.py:3834} INFO - Setting next_dagrun for example_sla_dag to 2026-05-17 20:56:00+00:00, run_after=2026-05-17 20:58:00+00:00
[2026-05-17T20:58:08.773+0000] {processor.py:183} INFO - Processing /home/airflow/.local/lib/python3.8/site-packages/airflow/example_dags/example_sla_dag.py took 0.084 seconds
[2026-05-17T20:58:38.933+0000] {processor.py:161} INFO - Started process (PID=291) to work on /home/airflow/.local/lib/python3.8/site-packages/airflow/example_dags/example_sla_dag.py
[2026-05-17T20:58:38.934+0000] {processor.py:830} INFO - Processing file /home/airflow/.local/lib/python3.8/site-packages/airflow/example_dags/example_sla_dag.py for tasks to queue
[2026-05-17T20:58:38.936+0000] {logging_mixin.py:188} INFO - [2026-05-17T20:58:38.936+0000] {dagbag.py:540} INFO - Filling up the DagBag from /home/airflow/.local/lib/python3.8/site-packages/airflow/example_dags/example_sla_dag.py
[2026-05-17T20:58:38.946+0000] {processor.py:840} INFO - DAG(s) 'example_sla_dag' retrieved from /home/airflow/.local/lib/python3.8/site-packages/airflow/example_dags/example_sla_dag.py
[2026-05-17T20:58:38.968+0000] {logging_mixin.py:188} INFO - [2026-05-17T20:58:38.968+0000] {dag.py:3047} INFO - Sync 1 DAGs
[2026-05-17T20:58:38.990+0000] {logging_mixin.py:188} INFO - [2026-05-17T20:58:38.990+0000] {dag.py:3834} INFO - Setting next_dagrun for example_sla_dag to 2026-05-17 20:56:00+00:00, run_after=2026-05-17 20:58:00+00:00
[2026-05-17T20:58:39.007+0000] {processor.py:183} INFO - Processing /home/airflow/.local/lib/python3.8/site-packages/airflow/example_dags/example_sla_dag.py took 0.078 seconds
[2026-05-17T20:59:09.148+0000] {processor.py:161} INFO - Started process (PID=346) to work on /home/airflow/.local/lib/python3.8/site-packages/airflow/example_dags/example_sla_dag.py
[2026-05-17T20:59:09.149+0000] {processor.py:830} INFO - Processing file /home/airflow/.local/lib/python3.8/site-packages/airflow/example_dags/example_sla_dag.py for tasks to queue
[2026-05-17T20:59:09.151+0000] {logging_mixin.py:188} INFO - [2026-05-17T20:59:09.151+0000] {dagbag.py:540} INFO - Filling up the DagBag from /home/airflow/.local/lib/python3.8/site-packages/airflow/example_dags/example_sla_dag.py
[2026-05-17T20:59:09.163+0000] {processor.py:840} INFO - DAG(s) 'example_sla_dag' retrieved from /home/airflow/.local/lib/python3.8/site-packages/airflow/example_dags/example_sla_dag.py
[2026-05-17T20:59:09.187+0000] {logging_mixin.py:188} INFO - [2026-05-17T20:59:09.187+0000] {dag.py:3047} INFO - Sync 1 DAGs
[2026-05-17T20:59:09.220+0000] {logging_mixin.py:188} INFO - [2026-05-17T20:59:09.220+0000] {dag.py:3834} INFO - Setting next_dagrun for example_sla_dag to 2026-05-17 20:56:00+00:00, run_after=2026-05-17 20:58:00+00:00
[2026-05-17T20:59:09.250+0000] {processor.py:183} INFO - Processing /home/airflow/.local/lib/python3.8/site-packages/airflow/example_dags/example_sla_dag.py took 0.105 seconds
[2026-05-17T20:59:39.387+0000] {processor.py:161} INFO - Started process (PID=401) to work on /home/airflow/.local/lib/python3.8/site-packages/airflow/example_dags/example_sla_dag.py
[2026-05-17T20:59:39.389+0000] {processor.py:830} INFO - Processing file /home/airflow/.local/lib/python3.8/site-packages/airflow/example_dags/example_sla_dag.py for tasks to queue
[2026-05-17T20:59:39.392+0000] {logging_mixin.py:188} INFO - [2026-05-17T20:59:39.391+0000] {dagbag.py:540} INFO - Filling up the DagBag from /home/airflow/.local/lib/python3.8/site-packages/airflow/example_dags/example_sla_dag.py
[2026-05-17T20:59:39.404+0000] {processor.py:840} INFO - DAG(s) 'example_sla_dag' retrieved from /home/airflow/.local/lib/python3.8/site-packages/airflow/example_dags/example_sla_dag.py
[2026-05-17T20:59:39.429+0000] {logging_mixin.py:188} INFO - [2026-05-17T20:59:39.428+0000] {dag.py:3047} INFO - Sync 1 DAGs
[2026-05-17T20:59:39.459+0000] {logging_mixin.py:188} INFO - [2026-05-17T20:59:39.459+0000] {dag.py:3834} INFO - Setting next_dagrun for example_sla_dag to 2026-05-17 20:56:00+00:00, run_after=2026-05-17 20:58:00+00:00
[2026-05-17T20:59:39.486+0000] {processor.py:183} INFO - Processing /home/airflow/.local/lib/python3.8/site-packages/airflow/example_dags/example_sla_dag.py took 0.105 seconds
[2026-05-17T21:00:10.422+0000] {processor.py:161} INFO - Started process (PID=461) to work on /home/airflow/.local/lib/python3.8/site-packages/airflow/example_dags/example_sla_dag.py
[2026-05-17T21:00:10.424+0000] {processor.py:830} INFO - Processing file /home/airflow/.local/lib/python3.8/site-packages/airflow/example_dags/example_sla_dag.py for tasks to queue
[2026-05-17T21:00:10.426+0000] {logging_mixin.py:188} INFO - [2026-05-17T21:00:10.426+0000] {dagbag.py:540} INFO - Filling up the DagBag from /home/airflow/.local/lib/python3.8/site-packages/airflow/example_dags/example_sla_dag.py
[2026-05-17T21:00:10.434+0000] {processor.py:840} INFO - DAG(s) 'example_sla_dag' retrieved from /home/airflow/.local/lib/python3.8/site-packages/airflow/example_dags/example_sla_dag.py
[2026-05-17T21:00:10.456+0000] {logging_mixin.py:188} INFO - [2026-05-17T21:00:10.456+0000] {dag.py:3047} INFO - Sync 1 DAGs
[2026-05-17T21:00:10.478+0000] {logging_mixin.py:188} INFO - [2026-05-17T21:00:10.478+0000] {dag.py:3834} INFO - Setting next_dagrun for example_sla_dag to 2026-05-17 20:58:00+00:00, run_after=2026-05-17 21:00:00+00:00
[2026-05-17T21:00:10.500+0000] {processor.py:183} INFO - Processing /home/airflow/.local/lib/python3.8/site-packages/airflow/example_dags/example_sla_dag.py took 0.080 seconds
[2026-05-17T21:00:40.735+0000] {processor.py:161} INFO - Started process (PID=516) to work on /home/airflow/.local/lib/python3.8/site-packages/airflow/example_dags/example_sla_dag.py
[2026-05-17T21:00:40.737+0000] {processor.py:830} INFO - Processing file /home/airflow/.local/lib/python3.8/site-packages/airflow/example_dags/example_sla_dag.py for tasks to queue
[2026-05-17T21:00:40.738+0000] {logging_mixin.py:188} INFO - [2026-05-17T21:00:40.738+0000] {dagbag.py:540} INFO - Filling up the DagBag from /home/airflow/.local/lib/python3.8/site-packages/airflow/example_dags/example_sla_dag.py
[2026-05-17T21:00:40.748+0000] {processor.py:840} INFO - DAG(s) 'example_sla_dag' retrieved from /home/airflow/.local/lib/python3.8/site-packages/airflow/example_dags/example_sla_dag.py
[2026-05-17T21:00:40.769+0000] {logging_mixin.py:188} INFO - [2026-05-17T21:00:40.768+0000] {dag.py:3047} INFO - Sync 1 DAGs
[2026-05-17T21:00:40.793+0000] {logging_mixin.py:188} INFO - [2026-05-17T21:00:40.792+0000] {dag.py:3834} INFO - Setting next_dagrun for example_sla_dag to 2026-05-17 20:58:00+00:00, run_after=2026-05-17 21:00:00+00:00
[2026-05-17T21:00:40.842+0000] {processor.py:183} INFO - Processing /home/airflow/.local/lib/python3.8/site-packages/airflow/example_dags/example_sla_dag.py took 0.110 seconds
[2026-05-17T21:01:10.930+0000] {processor.py:161} INFO - Started process (PID=571) to work on /home/airflow/.local/lib/python3.8/site-packages/airflow/example_dags/example_sla_dag.py
[2026-05-17T21:01:10.932+0000] {processor.py:830} INFO - Processing file /home/airflow/.local/lib/python3.8/site-packages/airflow/example_dags/example_sla_dag.py for tasks to queue
[2026-05-17T21:01:10.934+0000] {logging_mixin.py:188} INFO - [2026-05-17T21:01:10.934+0000] {dagbag.py:540} INFO - Filling up the DagBag from /home/airflow/.local/lib/python3.8/site-packages/airflow/example_dags/example_sla_dag.py
[2026-05-17T21:01:10.941+0000] {processor.py:840} INFO - DAG(s) 'example_sla_dag' retrieved from /home/airflow/.local/lib/python3.8/site-packages/airflow/example_dags/example_sla_dag.py
[2026-05-17T21:01:10.959+0000] {logging_mixin.py:188} INFO - [2026-05-17T21:01:10.959+0000] {dag.py:3047} INFO - Sync 1 DAGs
[2026-05-17T21:01:10.978+0000] {logging_mixin.py:188} INFO - [2026-05-17T21:01:10.978+0000] {dag.py:3834} INFO - Setting next_dagrun for example_sla_dag to 2026-05-17 20:58:00+00:00, run_after=2026-05-17 21:00:00+00:00
[2026-05-17T21:01:10.998+0000] {processor.py:183} INFO - Processing /home/airflow/.local/lib/python3.8/site-packages/airflow/example_dags/example_sla_dag.py took 0.071 seconds
[2026-05-17T21:01:41.378+0000] {processor.py:161} INFO - Started process (PID=626) to work on /home/airflow/.local/lib/python3.8/site-packages/airflow/example_dags/example_sla_dag.py
[2026-05-17T21:01:41.379+0000] {processor.py:830} INFO - Processing file /home/airflow/.local/lib/python3.8/site-packages/airflow/example_dags/example_sla_dag.py for tasks to queue
[2026-05-17T21:01:41.381+0000] {logging_mixin.py:188} INFO - [2026-05-17T21:01:41.381+0000] {dagbag.py:540} INFO - Filling up the DagBag from /home/airflow/.local/lib/python3.8/site-packages/airflow/example_dags/example_sla_dag.py
[2026-05-17T21:01:41.389+0000] {processor.py:840} INFO - DAG(s) 'example_sla_dag' retrieved from /home/airflow/.local/lib/python3.8/site-packages/airflow/example_dags/example_sla_dag.py
[2026-05-17T21:01:41.408+0000] {logging_mixin.py:188} INFO - [2026-05-17T21:01:41.408+0000] {dag.py:3047} INFO - Sync 1 DAGs
[2026-05-17T21:01:41.430+0000] {logging_mixin.py:188} INFO - [2026-05-17T21:01:41.430+0000] {dag.py:3834} INFO - Setting next_dagrun for example_sla_dag to 2026-05-17 20:58:00+00:00, run_after=2026-05-17 21:00:00+00:00
[2026-05-17T21:01:41.452+0000] {processor.py:183} INFO - Processing /home/airflow/.local/lib/python3.8/site-packages/airflow/example_dags/example_sla_dag.py took 0.077 seconds
[2026-05-17T21:02:11.577+0000] {processor.py:161} INFO - Started process (PID=680) to work on /home/airflow/.local/lib/python3.8/site-packages/airflow/example_dags/example_sla_dag.py
[2026-05-17T21:02:11.578+0000] {processor.py:830} INFO - Processing file /home/airflow/.local/lib/python3.8/site-packages/airflow/example_dags/example_sla_dag.py for tasks to queue
[2026-05-17T21:02:11.580+0000] {logging_mixin.py:188} INFO - [2026-05-17T21:02:11.580+0000] {dagbag.py:540} INFO - Filling up the DagBag from /home/airflow/.local/lib/python3.8/site-packages/airflow/example_dags/example_sla_dag.py
[2026-05-17T21:02:11.588+0000] {processor.py:840} INFO - DAG(s) 'example_sla_dag' retrieved from /home/airflow/.local/lib/python3.8/site-packages/airflow/example_dags/example_sla_dag.py
[2026-05-17T21:02:11.607+0000] {logging_mixin.py:188} INFO - [2026-05-17T21:02:11.606+0000] {dag.py:3047} INFO - Sync 1 DAGs
[2026-05-17T21:02:11.630+0000] {logging_mixin.py:188} INFO - [2026-05-17T21:02:11.630+0000] {dag.py:3834} INFO - Setting next_dagrun for example_sla_dag to 2026-05-17 21:00:00+00:00, run_after=2026-05-17 21:02:00+00:00
[2026-05-17T21:02:11.653+0000] {processor.py:183} INFO - Processing /home/airflow/.local/lib/python3.8/site-packages/airflow/example_dags/example_sla_dag.py took 0.079 seconds
[2026-05-17T21:02:41.940+0000] {processor.py:161} INFO - Started process (PID=735) to work on /home/airflow/.local/lib/python3.8/site-packages/airflow/example_dags/example_sla_dag.py
[2026-05-17T21:02:41.941+0000] {processor.py:830} INFO - Processing file /home/airflow/.local/lib/python3.8/site-packages/airflow/example_dags/example_sla_dag.py for tasks to queue
[2026-05-17T21:02:41.943+0000] {logging_mixin.py:188} INFO - [2026-05-17T21:02:41.943+0000] {dagbag.py:540} INFO - Filling up the DagBag from /home/airflow/.local/lib/python3.8/site-packages/airflow/example_dags/example_sla_dag.py
[2026-05-17T21:02:41.950+0000] {processor.py:840} INFO - DAG(s) 'example_sla_dag' retrieved from /home/airflow/.local/lib/python3.8/site-packages/airflow/example_dags/example_sla_dag.py
[2026-05-17T21:02:41.970+0000] {logging_mixin.py:188} INFO - [2026-05-17T21:02:41.970+0000] {dag.py:3047} INFO - Sync 1 DAGs
[2026-05-17T21:02:41.993+0000] {logging_mixin.py:188} INFO - [2026-05-17T21:02:41.993+0000] {dag.py:3834} INFO - Setting next_dagrun for example_sla_dag to 2026-05-17 21:00:00+00:00, run_after=2026-05-17 21:02:00+00:00
[2026-05-17T21:02:42.016+0000] {processor.py:183} INFO - Processing /home/airflow/.local/lib/python3.8/site-packages/airflow/example_dags/example_sla_dag.py took 0.079 seconds
[2026-05-17T21:03:12.150+0000] {processor.py:161} INFO - Started process (PID=790) to work on /home/airflow/.local/lib/python3.8/site-packages/airflow/example_dags/example_sla_dag.py
[2026-05-17T21:03:12.151+0000] {processor.py:830} INFO - Processing file /home/airflow/.local/lib/python3.8/site-packages/airflow/example_dags/example_sla_dag.py for tasks to queue
[2026-05-17T21:03:12.153+0000] {logging_mixin.py:188} INFO - [2026-05-17T21:03:12.153+0000] {dagbag.py:540} INFO - Filling up the DagBag from /home/airflow/.local/lib/python3.8/site-packages/airflow/example_dags/example_sla_dag.py
[2026-05-17T21:03:12.162+0000] {processor.py:840} INFO - DAG(s) 'example_sla_dag' retrieved from /home/airflow/.local/lib/python3.8/site-packages/airflow/example_dags/example_sla_dag.py
[2026-05-17T21:03:12.185+0000] {logging_mixin.py:188} INFO - [2026-05-17T21:03:12.185+0000] {dag.py:3047} INFO - Sync 1 DAGs
[2026-05-17T21:03:12.209+0000] {logging_mixin.py:188} INFO - [2026-05-17T21:03:12.209+0000] {dag.py:3834} INFO - Setting next_dagrun for example_sla_dag to 2026-05-17 21:00:00+00:00, run_after=2026-05-17 21:02:00+00:00
[2026-05-17T21:03:12.228+0000] {processor.py:183} INFO - Processing /home/airflow/.local/lib/python3.8/site-packages/airflow/example_dags/example_sla_dag.py took 0.082 seconds
[2026-05-17T21:03:42.900+0000] {processor.py:161} INFO - Started process (PID=845) to work on /home/airflow/.local/lib/python3.8/site-packages/airflow/example_dags/example_sla_dag.py
[2026-05-17T21:03:42.902+0000] {processor.py:830} INFO - Processing file /home/airflow/.local/lib/python3.8/site-packages/airflow/example_dags/example_sla_dag.py for tasks to queue
[2026-05-17T21:03:42.904+0000] {logging_mixin.py:188} INFO - [2026-05-17T21:03:42.904+0000] {dagbag.py:540} INFO - Filling up the DagBag from /home/airflow/.local/lib/python3.8/site-packages/airflow/example_dags/example_sla_dag.py
[2026-05-17T21:03:42.911+0000] {processor.py:840} INFO - DAG(s) 'example_sla_dag' retrieved from /home/airflow/.local/lib/python3.8/site-packages/airflow/example_dags/example_sla_dag.py
[2026-05-17T21:03:42.930+0000] {logging_mixin.py:188} INFO - [2026-05-17T21:03:42.930+0000] {dag.py:3047} INFO - Sync 1 DAGs
[2026-05-17T21:03:42.965+0000] {logging_mixin.py:188} INFO - [2026-05-17T21:03:42.965+0000] {dag.py:3834} INFO - Setting next_dagrun for example_sla_dag to 2026-05-17 21:00:00+00:00, run_after=2026-05-17 21:02:00+00:00
[2026-05-17T21:03:42.987+0000] {processor.py:183} INFO - Processing /home/airflow/.local/lib/python3.8/site-packages/airflow/example_dags/example_sla_dag.py took 0.090 seconds
[2026-05-17T21:04:13.166+0000] {processor.py:161} INFO - Started process (PID=900) to work on /home/airflow/.local/lib/python3.8/site-packages/airflow/example_dags/example_sla_dag.py
[2026-05-17T21:04:13.168+0000] {processor.py:830} INFO - Processing file /home/airflow/.local/lib/python3.8/site-packages/airflow/example_dags/example_sla_dag.py for tasks to queue
[2026-05-17T21:04:13.170+0000] {logging_mixin.py:188} INFO - [2026-05-17T21:04:13.170+0000] {dagbag.py:540} INFO - Filling up the DagBag from /home/airflow/.local/lib/python3.8/site-packages/airflow/example_dags/example_sla_dag.py
[2026-05-17T21:04:13.177+0000] {processor.py:840} INFO - DAG(s) 'example_sla_dag' retrieved from /home/airflow/.local/lib/python3.8/site-packages/airflow/example_dags/example_sla_dag.py
[2026-05-17T21:04:13.196+0000] {logging_mixin.py:188} INFO - [2026-05-17T21:04:13.196+0000] {dag.py:3047} INFO - Sync 1 DAGs
[2026-05-17T21:04:13.221+0000] {logging_mixin.py:188} INFO - [2026-05-17T21:04:13.221+0000] {dag.py:3834} INFO - Setting next_dagrun for example_sla_dag to 2026-05-17 21:02:00+00:00, run_after=2026-05-17 21:04:00+00:00
[2026-05-17T21:04:13.243+0000] {processor.py:183} INFO - Processing /home/airflow/.local/lib/python3.8/site-packages/airflow/example_dags/example_sla_dag.py took 0.080 seconds
[2026-05-17T21:04:43.604+0000] {processor.py:161} INFO - Started process (PID=955) to work on /home/airflow/.local/lib/python3.8/site-packages/airflow/example_dags/example_sla_dag.py
[2026-05-17T21:04:43.606+0000] {processor.py:830} INFO - Processing file /home/airflow/.local/lib/python3.8/site-packages/airflow/example_dags/example_sla_dag.py for tasks to queue
[2026-05-17T21:04:43.608+0000] {logging_mixin.py:188} INFO - [2026-05-17T21:04:43.607+0000] {dagbag.py:540} INFO - Filling up the DagBag from /home/airflow/.local/lib/python3.8/site-packages/airflow/example_dags/example_sla_dag.py
[2026-05-17T21:04:43.616+0000] {processor.py:840} INFO - DAG(s) 'example_sla_dag' retrieved from /home/airflow/.local/lib/python3.8/site-packages/airflow/example_dags/example_sla_dag.py
[2026-05-17T21:04:43.635+0000] {logging_mixin.py:188} INFO - [2026-05-17T21:04:43.634+0000] {dag.py:3047} INFO - Sync 1 DAGs
[2026-05-17T21:04:43.654+0000] {logging_mixin.py:188} INFO - [2026-05-17T21:04:43.654+0000] {dag.py:3834} INFO - Setting next_dagrun for example_sla_dag to 2026-05-17 21:02:00+00:00, run_after=2026-05-17 21:04:00+00:00
[2026-05-17T21:04:43.677+0000] {processor.py:183} INFO - Processing /home/airflow/.local/lib/python3.8/site-packages/airflow/example_dags/example_sla_dag.py took 0.076 seconds
[2026-05-17T21:05:14.009+0000] {processor.py:161} INFO - Started process (PID=1010) to work on /home/airflow/.local/lib/python3.8/site-packages/airflow/example_dags/example_sla_dag.py
[2026-05-17T21:05:14.012+0000] {processor.py:830} INFO - Processing file /home/airflow/.local/lib/python3.8/site-packages/airflow/example_dags/example_sla_dag.py for tasks to queue
[2026-05-17T21:05:14.015+0000] {logging_mixin.py:188} INFO - [2026-05-17T21:05:14.015+0000] {dagbag.py:540} INFO - Filling up the DagBag from /home/airflow/.local/lib/python3.8/site-packages/airflow/example_dags/example_sla_dag.py
[2026-05-17T21:05:14.029+0000] {processor.py:840} INFO - DAG(s) 'example_sla_dag' retrieved from /home/airflow/.local/lib/python3.8/site-packages/airflow/example_dags/example_sla_dag.py
[2026-05-17T21:05:14.069+0000] {logging_mixin.py:188} INFO - [2026-05-17T21:05:14.069+0000] {dag.py:3047} INFO - Sync 1 DAGs
[2026-05-17T21:05:14.101+0000] {logging_mixin.py:188} INFO - [2026-05-17T21:05:14.101+0000] {dag.py:3834} INFO - Setting next_dagrun for example_sla_dag to 2026-05-17 21:02:00+00:00, run_after=2026-05-17 21:04:00+00:00
[2026-05-17T21:05:14.137+0000] {processor.py:183} INFO - Processing /home/airflow/.local/lib/python3.8/site-packages/airflow/example_dags/example_sla_dag.py took 0.134 seconds
[2026-05-17T21:05:44.620+0000] {processor.py:161} INFO - Started process (PID=1065) to work on /home/airflow/.local/lib/python3.8/site-packages/airflow/example_dags/example_sla_dag.py
[2026-05-17T21:05:44.621+0000] {processor.py:830} INFO - Processing file /home/airflow/.local/lib/python3.8/site-packages/airflow/example_dags/example_sla_dag.py for tasks to queue
[2026-05-17T21:05:44.623+0000] {logging_mixin.py:188} INFO - [2026-05-17T21:05:44.623+0000] {dagbag.py:540} INFO - Filling up the DagBag from /home/airflow/.local/lib/python3.8/site-packages/airflow/example_dags/example_sla_dag.py
[2026-05-17T21:05:44.630+0000] {processor.py:840} INFO - DAG(s) 'example_sla_dag' retrieved from /home/airflow/.local/lib/python3.8/site-packages/airflow/example_dags/example_sla_dag.py
[2026-05-17T21:05:44.650+0000] {logging_mixin.py:188} INFO - [2026-05-17T21:05:44.650+0000] {dag.py:3047} INFO - Sync 1 DAGs
[2026-05-17T21:05:44.679+0000] {logging_mixin.py:188} INFO - [2026-05-17T21:05:44.679+0000] {dag.py:3834} INFO - Setting next_dagrun for example_sla_dag to 2026-05-17 21:02:00+00:00, run_after=2026-05-17 21:04:00+00:00
[2026-05-17T21:05:44.701+0000] {processor.py:183} INFO - Processing /home/airflow/.local/lib/python3.8/site-packages/airflow/example_dags/example_sla_dag.py took 0.084 seconds
[2026-05-17T21:06:14.742+0000] {processor.py:161} INFO - Started process (PID=1119) to work on /home/airflow/.local/lib/python3.8/site-packages/airflow/example_dags/example_sla_dag.py
[2026-05-17T21:06:14.744+0000] {processor.py:830} INFO - Processing file /home/airflow/.local/lib/python3.8/site-packages/airflow/example_dags/example_sla_dag.py for tasks to queue
[2026-05-17T21:06:14.746+0000] {logging_mixin.py:188} INFO - [2026-05-17T21:06:14.745+0000] {dagbag.py:540} INFO - Filling up the DagBag from /home/airflow/.local/lib/python3.8/site-packages/airflow/example_dags/example_sla_dag.py
[2026-05-17T21:06:14.755+0000] {processor.py:840} INFO - DAG(s) 'example_sla_dag' retrieved from /home/airflow/.local/lib/python3.8/site-packages/airflow/example_dags/example_sla_dag.py
[2026-05-17T21:06:14.776+0000] {logging_mixin.py:188} INFO - [2026-05-17T21:06:14.776+0000] {dag.py:3047} INFO - Sync 1 DAGs
[2026-05-17T21:06:14.799+0000] {logging_mixin.py:188} INFO - [2026-05-17T21:06:14.799+0000] {dag.py:3834} INFO - Setting next_dagrun for example_sla_dag to 2026-05-17 21:04:00+00:00, run_after=2026-05-17 21:06:00+00:00
[2026-05-17T21:06:14.821+0000] {processor.py:183} INFO - Processing /home/airflow/.local/lib/python3.8/site-packages/airflow/example_dags/example_sla_dag.py took 0.082 seconds
[2026-05-17T21:06:45.111+0000] {processor.py:161} INFO - Started process (PID=1175) to work on /home/airflow/.local/lib/python3.8/site-packages/airflow/example_dags/example_sla_dag.py
[2026-05-17T21:06:45.113+0000] {processor.py:830} INFO - Processing file /home/airflow/.local/lib/python3.8/site-packages/airflow/example_dags/example_sla_dag.py for tasks to queue
[2026-05-17T21:06:45.117+0000] {logging_mixin.py:188} INFO - [2026-05-17T21:06:45.116+0000] {dagbag.py:540} INFO - Filling up the DagBag from /home/airflow/.local/lib/python3.8/site-packages/airflow/example_dags/example_sla_dag.py
[2026-05-17T21:06:45.127+0000] {processor.py:840} INFO - DAG(s) 'example_sla_dag' retrieved from /home/airflow/.local/lib/python3.8/site-packages/airflow/example_dags/example_sla_dag.py
[2026-05-17T21:06:45.155+0000] {logging_mixin.py:188} INFO - [2026-05-17T21:06:45.155+0000] {dag.py:3047} INFO - Sync 1 DAGs
[2026-05-17T21:06:45.187+0000] {logging_mixin.py:188} INFO - [2026-05-17T21:06:45.187+0000] {dag.py:3834} INFO - Setting next_dagrun for example_sla_dag to 2026-05-17 21:04:00+00:00, run_after=2026-05-17 21:06:00+00:00
[2026-05-17T21:06:45.209+0000] {processor.py:183} INFO - Processing /home/airflow/.local/lib/python3.8/site-packages/airflow/example_dags/example_sla_dag.py took 0.103 seconds
[2026-05-17T21:07:15.742+0000] {processor.py:161} INFO - Started process (PID=1230) to work on /home/airflow/.local/lib/python3.8/site-packages/airflow/example_dags/example_sla_dag.py
[2026-05-17T21:07:15.743+0000] {processor.py:830} INFO - Processing file /home/airflow/.local/lib/python3.8/site-packages/airflow/example_dags/example_sla_dag.py for tasks to queue
[2026-05-17T21:07:15.746+0000] {logging_mixin.py:188} INFO - [2026-05-17T21:07:15.746+0000] {dagbag.py:540} INFO - Filling up the DagBag from /home/airflow/.local/lib/python3.8/site-packages/airflow/example_dags/example_sla_dag.py
[2026-05-17T21:07:15.758+0000] {processor.py:840} INFO - DAG(s) 'example_sla_dag' retrieved from /home/airflow/.local/lib/python3.8/site-packages/airflow/example_dags/example_sla_dag.py
[2026-05-17T21:07:15.774+0000] {logging_mixin.py:188} INFO - [2026-05-17T21:07:15.773+0000] {dag.py:3047} INFO - Sync 1 DAGs
[2026-05-17T21:07:15.813+0000] {logging_mixin.py:188} INFO - [2026-05-17T21:07:15.813+0000] {dag.py:3834} INFO - Setting next_dagrun for example_sla_dag to 2026-05-17 21:04:00+00:00, run_after=2026-05-17 21:06:00+00:00
[2026-05-17T21:07:15.835+0000] {processor.py:183} INFO - Processing /home/airflow/.local/lib/python3.8/site-packages/airflow/example_dags/example_sla_dag.py took 0.099 seconds
[2026-05-17T21:07:46.200+0000] {processor.py:161} INFO - Started process (PID=1285) to work on /home/airflow/.local/lib/python3.8/site-packages/airflow/example_dags/example_sla_dag.py
[2026-05-17T21:07:46.201+0000] {processor.py:830} INFO - Processing file /home/airflow/.local/lib/python3.8/site-packages/airflow/example_dags/example_sla_dag.py for tasks to queue
[2026-05-17T21:07:46.204+0000] {logging_mixin.py:188} INFO - [2026-05-17T21:07:46.203+0000] {dagbag.py:540} INFO - Filling up the DagBag from /home/airflow/.local/lib/python3.8/site-packages/airflow/example_dags/example_sla_dag.py
[2026-05-17T21:07:46.211+0000] {processor.py:840} INFO - DAG(s) 'example_sla_dag' retrieved from /home/airflow/.local/lib/python3.8/site-packages/airflow/example_dags/example_sla_dag.py
[2026-05-17T21:07:46.323+0000] {logging_mixin.py:188} INFO - [2026-05-17T21:07:46.322+0000] {dag.py:3047} INFO - Sync 1 DAGs
[2026-05-17T21:07:46.361+0000] {logging_mixin.py:188} INFO - [2026-05-17T21:07:46.360+0000] {dag.py:3834} INFO - Setting next_dagrun for example_sla_dag to 2026-05-17 21:04:00+00:00, run_after=2026-05-17 21:06:00+00:00
[2026-05-17T21:07:46.432+0000] {processor.py:183} INFO - Processing /home/airflow/.local/lib/python3.8/site-packages/airflow/example_dags/example_sla_dag.py took 0.236 seconds
[2026-05-17T21:08:16.574+0000] {processor.py:161} INFO - Started process (PID=1340) to work on /home/airflow/.local/lib/python3.8/site-packages/airflow/example_dags/example_sla_dag.py
[2026-05-17T21:08:16.576+0000] {processor.py:830} INFO - Processing file /home/airflow/.local/lib/python3.8/site-packages/airflow/example_dags/example_sla_dag.py for tasks to queue
[2026-05-17T21:08:16.578+0000] {logging_mixin.py:188} INFO - [2026-05-17T21:08:16.578+0000] {dagbag.py:540} INFO - Filling up the DagBag from /home/airflow/.local/lib/python3.8/site-packages/airflow/example_dags/example_sla_dag.py
[2026-05-17T21:08:16.588+0000] {processor.py:840} INFO - DAG(s) 'example_sla_dag' retrieved from /home/airflow/.local/lib/python3.8/site-packages/airflow/example_dags/example_sla_dag.py
[2026-05-17T21:08:16.615+0000] {logging_mixin.py:188} INFO - [2026-05-17T21:08:16.615+0000] {dag.py:3047} INFO - Sync 1 DAGs
[2026-05-17T21:08:16.637+0000] {logging_mixin.py:188} INFO - [2026-05-17T21:08:16.637+0000] {dag.py:3834} INFO - Setting next_dagrun for example_sla_dag to 2026-05-17 21:06:00+00:00, run_after=2026-05-17 21:08:00+00:00
[2026-05-17T21:08:16.657+0000] {processor.py:183} INFO - Processing /home/airflow/.local/lib/python3.8/site-packages/airflow/example_dags/example_sla_dag.py took 0.087 seconds
[2026-05-17T21:08:46.729+0000] {processor.py:161} INFO - Started process (PID=1395) to work on /home/airflow/.local/lib/python3.8/site-packages/airflow/example_dags/example_sla_dag.py
[2026-05-17T21:08:46.735+0000] {processor.py:830} INFO - Processing file /home/airflow/.local/lib/python3.8/site-packages/airflow/example_dags/example_sla_dag.py for tasks to queue
[2026-05-17T21:08:46.744+0000] {logging_mixin.py:188} INFO - [2026-05-17T21:08:46.743+0000] {dagbag.py:540} INFO - Filling up the DagBag from /home/airflow/.local/lib/python3.8/site-packages/airflow/example_dags/example_sla_dag.py
[2026-05-17T21:08:46.755+0000] {processor.py:840} INFO - DAG(s) 'example_sla_dag' retrieved from /home/airflow/.local/lib/python3.8/site-packages/airflow/example_dags/example_sla_dag.py
[2026-05-17T21:08:46.779+0000] {logging_mixin.py:188} INFO - [2026-05-17T21:08:46.779+0000] {dag.py:3047} INFO - Sync 1 DAGs
[2026-05-17T21:08:46.806+0000] {logging_mixin.py:188} INFO - [2026-05-17T21:08:46.805+0000] {dag.py:3834} INFO - Setting next_dagrun for example_sla_dag to 2026-05-17 21:06:00+00:00, run_after=2026-05-17 21:08:00+00:00
[2026-05-17T21:08:46.827+0000] {processor.py:183} INFO - Processing /home/airflow/.local/lib/python3.8/site-packages/airflow/example_dags/example_sla_dag.py took 0.102 seconds
[2026-05-17T21:09:17.097+0000] {processor.py:161} INFO - Started process (PID=1450) to work on /home/airflow/.local/lib/python3.8/site-packages/airflow/example_dags/example_sla_dag.py
[2026-05-17T21:09:17.099+0000] {processor.py:830} INFO - Processing file /home/airflow/.local/lib/python3.8/site-packages/airflow/example_dags/example_sla_dag.py for tasks to queue
[2026-05-17T21:09:17.102+0000] {logging_mixin.py:188} INFO - [2026-05-17T21:09:17.102+0000] {dagbag.py:540} INFO - Filling up the DagBag from /home/airflow/.local/lib/python3.8/site-packages/airflow/example_dags/example_sla_dag.py
[2026-05-17T21:09:17.115+0000] {processor.py:840} INFO - DAG(s) 'example_sla_dag' retrieved from /home/airflow/.local/lib/python3.8/site-packages/airflow/example_dags/example_sla_dag.py
[2026-05-17T21:09:17.141+0000] {logging_mixin.py:188} INFO - [2026-05-17T21:09:17.141+0000] {dag.py:3047} INFO - Sync 1 DAGs
[2026-05-17T21:09:17.180+0000] {logging_mixin.py:188} INFO - [2026-05-17T21:09:17.180+0000] {dag.py:3834} INFO - Setting next_dagrun for example_sla_dag to 2026-05-17 21:06:00+00:00, run_after=2026-05-17 21:08:00+00:00
[2026-05-17T21:09:17.205+0000] {processor.py:183} INFO - Processing /home/airflow/.local/lib/python3.8/site-packages/airflow/example_dags/example_sla_dag.py took 0.113 seconds
[2026-05-17T21:09:47.267+0000] {processor.py:161} INFO - Started process (PID=1505) to work on /home/airflow/.local/lib/python3.8/site-packages/airflow/example_dags/example_sla_dag.py
[2026-05-17T21:09:47.269+0000] {processor.py:830} INFO - Processing file /home/airflow/.local/lib/python3.8/site-packages/airflow/example_dags/example_sla_dag.py for tasks to queue
[2026-05-17T21:09:47.275+0000] {logging_mixin.py:188} INFO - [2026-05-17T21:09:47.274+0000] {dagbag.py:540} INFO - Filling up the DagBag from /home/airflow/.local/lib/python3.8/site-packages/airflow/example_dags/example_sla_dag.py
[2026-05-17T21:09:47.292+0000] {processor.py:840} INFO - DAG(s) 'example_sla_dag' retrieved from /home/airflow/.local/lib/python3.8/site-packages/airflow/example_dags/example_sla_dag.py
[2026-05-17T21:09:47.317+0000] {logging_mixin.py:188} INFO - [2026-05-17T21:09:47.317+0000] {dag.py:3047} INFO - Sync 1 DAGs
[2026-05-17T21:09:47.341+0000] {logging_mixin.py:188} INFO - [2026-05-17T21:09:47.341+0000] {dag.py:3834} INFO - Setting next_dagrun for example_sla_dag to 2026-05-17 21:06:00+00:00, run_after=2026-05-17 21:08:00+00:00
[2026-05-17T21:09:47.358+0000] {processor.py:183} INFO - Processing /home/airflow/.local/lib/python3.8/site-packages/airflow/example_dags/example_sla_dag.py took 0.094 seconds
[2026-05-17T21:10:17.566+0000] {processor.py:161} INFO - Started process (PID=1561) to work on /home/airflow/.local/lib/python3.8/site-packages/airflow/example_dags/example_sla_dag.py
[2026-05-17T21:10:17.567+0000] {processor.py:830} INFO - Processing file /home/airflow/.local/lib/python3.8/site-packages/airflow/example_dags/example_sla_dag.py for tasks to queue
[2026-05-17T21:10:17.571+0000] {logging_mixin.py:188} INFO - [2026-05-17T21:10:17.570+0000] {dagbag.py:540} INFO - Filling up the DagBag from /home/airflow/.local/lib/python3.8/site-packages/airflow/example_dags/example_sla_dag.py
[2026-05-17T21:10:17.581+0000] {processor.py:840} INFO - DAG(s) 'example_sla_dag' retrieved from /home/airflow/.local/lib/python3.8/site-packages/airflow/example_dags/example_sla_dag.py
[2026-05-17T21:10:17.606+0000] {logging_mixin.py:188} INFO - [2026-05-17T21:10:17.605+0000] {dag.py:3047} INFO - Sync 1 DAGs
[2026-05-17T21:10:17.628+0000] {logging_mixin.py:188} INFO - [2026-05-17T21:10:17.628+0000] {dag.py:3834} INFO - Setting next_dagrun for example_sla_dag to 2026-05-17 21:08:00+00:00, run_after=2026-05-17 21:10:00+00:00
[2026-05-17T21:10:17.648+0000] {processor.py:183} INFO - Processing /home/airflow/.local/lib/python3.8/site-packages/airflow/example_dags/example_sla_dag.py took 0.085 seconds
[2026-05-17T21:10:48.607+0000] {processor.py:161} INFO - Started process (PID=1616) to work on /home/airflow/.local/lib/python3.8/site-packages/airflow/example_dags/example_sla_dag.py
[2026-05-17T21:10:48.609+0000] {processor.py:830} INFO - Processing file /home/airflow/.local/lib/python3.8/site-packages/airflow/example_dags/example_sla_dag.py for tasks to queue
[2026-05-17T21:10:48.611+0000] {logging_mixin.py:188} INFO - [2026-05-17T21:10:48.611+0000] {dagbag.py:540} INFO - Filling up the DagBag from /home/airflow/.local/lib/python3.8/site-packages/airflow/example_dags/example_sla_dag.py
[2026-05-17T21:10:48.622+0000] {processor.py:840} INFO - DAG(s) 'example_sla_dag' retrieved from /home/airflow/.local/lib/python3.8/site-packages/airflow/example_dags/example_sla_dag.py
[2026-05-17T21:10:48.640+0000] {logging_mixin.py:188} INFO - [2026-05-17T21:10:48.639+0000] {dag.py:3047} INFO - Sync 1 DAGs
[2026-05-17T21:10:48.666+0000] {logging_mixin.py:188} INFO - [2026-05-17T21:10:48.666+0000] {dag.py:3834} INFO - Setting next_dagrun for example_sla_dag to 2026-05-17 21:08:00+00:00, run_after=2026-05-17 21:10:00+00:00
[2026-05-17T21:10:48.689+0000] {processor.py:183} INFO - Processing /home/airflow/.local/lib/python3.8/site-packages/airflow/example_dags/example_sla_dag.py took 0.088 seconds
[2026-05-17T21:11:19.386+0000] {processor.py:161} INFO - Started process (PID=1671) to work on /home/airflow/.local/lib/python3.8/site-packages/airflow/example_dags/example_sla_dag.py
[2026-05-17T21:11:19.387+0000] {processor.py:830} INFO - Processing file /home/airflow/.local/lib/python3.8/site-packages/airflow/example_dags/example_sla_dag.py for tasks to queue
[2026-05-17T21:11:19.389+0000] {logging_mixin.py:188} INFO - [2026-05-17T21:11:19.389+0000] {dagbag.py:540} INFO - Filling up the DagBag from /home/airflow/.local/lib/python3.8/site-packages/airflow/example_dags/example_sla_dag.py
[2026-05-17T21:11:19.399+0000] {processor.py:840} INFO - DAG(s) 'example_sla_dag' retrieved from /home/airflow/.local/lib/python3.8/site-packages/airflow/example_dags/example_sla_dag.py
[2026-05-17T21:11:19.477+0000] {logging_mixin.py:188} INFO - [2026-05-17T21:11:19.477+0000] {dag.py:3047} INFO - Sync 1 DAGs
[2026-05-17T21:11:19.637+0000] {logging_mixin.py:188} INFO - [2026-05-17T21:11:19.637+0000] {dag.py:3834} INFO - Setting next_dagrun for example_sla_dag to 2026-05-17 21:08:00+00:00, run_after=2026-05-17 21:10:00+00:00
[2026-05-17T21:11:19.651+0000] {processor.py:183} INFO - Processing /home/airflow/.local/lib/python3.8/site-packages/airflow/example_dags/example_sla_dag.py took 0.268 seconds
[2026-05-17T21:11:50.400+0000] {processor.py:161} INFO - Started process (PID=1726) to work on /home/airflow/.local/lib/python3.8/site-packages/airflow/example_dags/example_sla_dag.py
[2026-05-17T21:11:50.401+0000] {processor.py:830} INFO - Processing file /home/airflow/.local/lib/python3.8/site-packages/airflow/example_dags/example_sla_dag.py for tasks to queue
[2026-05-17T21:11:50.403+0000] {logging_mixin.py:188} INFO - [2026-05-17T21:11:50.403+0000] {dagbag.py:540} INFO - Filling up the DagBag from /home/airflow/.local/lib/python3.8/site-packages/airflow/example_dags/example_sla_dag.py
[2026-05-17T21:11:50.410+0000] {processor.py:840} INFO - DAG(s) 'example_sla_dag' retrieved from /home/airflow/.local/lib/python3.8/site-packages/airflow/example_dags/example_sla_dag.py
[2026-05-17T21:11:50.426+0000] {logging_mixin.py:188} INFO - [2026-05-17T21:11:50.426+0000] {dag.py:3047} INFO - Sync 1 DAGs
[2026-05-17T21:11:50.444+0000] {logging_mixin.py:188} INFO - [2026-05-17T21:11:50.444+0000] {dag.py:3834} INFO - Setting next_dagrun for example_sla_dag to 2026-05-17 21:08:00+00:00, run_after=2026-05-17 21:10:00+00:00
[2026-05-17T21:11:50.458+0000] {processor.py:183} INFO - Processing /home/airflow/.local/lib/python3.8/site-packages/airflow/example_dags/example_sla_dag.py took 0.061 seconds
[2026-05-17T21:12:20.554+0000] {processor.py:161} INFO - Started process (PID=1781) to work on /home/airflow/.local/lib/python3.8/site-packages/airflow/example_dags/example_sla_dag.py
[2026-05-17T21:12:20.556+0000] {processor.py:830} INFO - Processing file /home/airflow/.local/lib/python3.8/site-packages/airflow/example_dags/example_sla_dag.py for tasks to queue
[2026-05-17T21:12:20.557+0000] {logging_mixin.py:188} INFO - [2026-05-17T21:12:20.557+0000] {dagbag.py:540} INFO - Filling up the DagBag from /home/airflow/.local/lib/python3.8/site-packages/airflow/example_dags/example_sla_dag.py
[2026-05-17T21:12:20.564+0000] {processor.py:840} INFO - DAG(s) 'example_sla_dag' retrieved from /home/airflow/.local/lib/python3.8/site-packages/airflow/example_dags/example_sla_dag.py
[2026-05-17T21:12:20.580+0000] {logging_mixin.py:188} INFO - [2026-05-17T21:12:20.580+0000] {dag.py:3047} INFO - Sync 1 DAGs
[2026-05-17T21:12:20.599+0000] {logging_mixin.py:188} INFO - [2026-05-17T21:12:20.599+0000] {dag.py:3834} INFO - Setting next_dagrun for example_sla_dag to 2026-05-17 21:10:00+00:00, run_after=2026-05-17 21:12:00+00:00
[2026-05-17T21:12:20.615+0000] {processor.py:183} INFO - Processing /home/airflow/.local/lib/python3.8/site-packages/airflow/example_dags/example_sla_dag.py took 0.064 seconds
[2026-05-17T21:12:50.694+0000] {processor.py:161} INFO - Started process (PID=1836) to work on /home/airflow/.local/lib/python3.8/site-packages/airflow/example_dags/example_sla_dag.py
[2026-05-17T21:12:50.695+0000] {processor.py:830} INFO - Processing file /home/airflow/.local/lib/python3.8/site-packages/airflow/example_dags/example_sla_dag.py for tasks to queue
[2026-05-17T21:12:50.697+0000] {logging_mixin.py:188} INFO - [2026-05-17T21:12:50.696+0000] {dagbag.py:540} INFO - Filling up the DagBag from /home/airflow/.local/lib/python3.8/site-packages/airflow/example_dags/example_sla_dag.py
[2026-05-17T21:12:50.704+0000] {processor.py:840} INFO - DAG(s) 'example_sla_dag' retrieved from /home/airflow/.local/lib/python3.8/site-packages/airflow/example_dags/example_sla_dag.py
[2026-05-17T21:12:50.719+0000] {logging_mixin.py:188} INFO - [2026-05-17T21:12:50.719+0000] {dag.py:3047} INFO - Sync 1 DAGs
[2026-05-17T21:12:50.737+0000] {logging_mixin.py:188} INFO - [2026-05-17T21:12:50.737+0000] {dag.py:3834} INFO - Setting next_dagrun for example_sla_dag to 2026-05-17 21:10:00+00:00, run_after=2026-05-17 21:12:00+00:00
[2026-05-17T21:12:50.755+0000] {processor.py:183} INFO - Processing /home/airflow/.local/lib/python3.8/site-packages/airflow/example_dags/example_sla_dag.py took 0.064 seconds
[2026-05-17T21:13:21.035+0000] {processor.py:161} INFO - Started process (PID=1891) to work on /home/airflow/.local/lib/python3.8/site-packages/airflow/example_dags/example_sla_dag.py
[2026-05-17T21:13:21.036+0000] {processor.py:830} INFO - Processing file /home/airflow/.local/lib/python3.8/site-packages/airflow/example_dags/example_sla_dag.py for tasks to queue
[2026-05-17T21:13:21.038+0000] {logging_mixin.py:188} INFO - [2026-05-17T21:13:21.038+0000] {dagbag.py:540} INFO - Filling up the DagBag from /home/airflow/.local/lib/python3.8/site-packages/airflow/example_dags/example_sla_dag.py
[2026-05-17T21:13:21.046+0000] {processor.py:840} INFO - DAG(s) 'example_sla_dag' retrieved from /home/airflow/.local/lib/python3.8/site-packages/airflow/example_dags/example_sla_dag.py
[2026-05-17T21:13:21.064+0000] {logging_mixin.py:188} INFO - [2026-05-17T21:13:21.064+0000] {dag.py:3047} INFO - Sync 1 DAGs
[2026-05-17T21:13:21.085+0000] {logging_mixin.py:188} INFO - [2026-05-17T21:13:21.085+0000] {dag.py:3834} INFO - Setting next_dagrun for example_sla_dag to 2026-05-17 21:10:00+00:00, run_after=2026-05-17 21:12:00+00:00
[2026-05-17T21:13:21.104+0000] {processor.py:183} INFO - Processing /home/airflow/.local/lib/python3.8/site-packages/airflow/example_dags/example_sla_dag.py took 0.072 seconds
[2026-05-17T21:13:51.802+0000] {processor.py:161} INFO - Started process (PID=1946) to work on /home/airflow/.local/lib/python3.8/site-packages/airflow/example_dags/example_sla_dag.py
[2026-05-17T21:13:51.803+0000] {processor.py:830} INFO - Processing file /home/airflow/.local/lib/python3.8/site-packages/airflow/example_dags/example_sla_dag.py for tasks to queue
[2026-05-17T21:13:51.805+0000] {logging_mixin.py:188} INFO - [2026-05-17T21:13:51.805+0000] {dagbag.py:540} INFO - Filling up the DagBag from /home/airflow/.local/lib/python3.8/site-packages/airflow/example_dags/example_sla_dag.py
[2026-05-17T21:13:51.812+0000] {processor.py:840} INFO - DAG(s) 'example_sla_dag' retrieved from /home/airflow/.local/lib/python3.8/site-packages/airflow/example_dags/example_sla_dag.py
[2026-05-17T21:13:51.830+0000] {logging_mixin.py:188} INFO - [2026-05-17T21:13:51.830+0000] {dag.py:3047} INFO - Sync 1 DAGs
[2026-05-17T21:13:51.851+0000] {logging_mixin.py:188} INFO - [2026-05-17T21:13:51.851+0000] {dag.py:3834} INFO - Setting next_dagrun for example_sla_dag to 2026-05-17 21:10:00+00:00, run_after=2026-05-17 21:12:00+00:00
[2026-05-17T21:13:51.867+0000] {processor.py:183} INFO - Processing /home/airflow/.local/lib/python3.8/site-packages/airflow/example_dags/example_sla_dag.py took 0.069 seconds
[2026-05-17T21:14:21.955+0000] {processor.py:161} INFO - Started process (PID=2001) to work on /home/airflow/.local/lib/python3.8/site-packages/airflow/example_dags/example_sla_dag.py
[2026-05-17T21:14:21.956+0000] {processor.py:830} INFO - Processing file /home/airflow/.local/lib/python3.8/site-packages/airflow/example_dags/example_sla_dag.py for tasks to queue
[2026-05-17T21:14:21.958+0000] {logging_mixin.py:188} INFO - [2026-05-17T21:14:21.958+0000] {dagbag.py:540} INFO - Filling up the DagBag from /home/airflow/.local/lib/python3.8/site-packages/airflow/example_dags/example_sla_dag.py
[2026-05-17T21:14:21.966+0000] {processor.py:840} INFO - DAG(s) 'example_sla_dag' retrieved from /home/airflow/.local/lib/python3.8/site-packages/airflow/example_dags/example_sla_dag.py
[2026-05-17T21:14:21.984+0000] {logging_mixin.py:188} INFO - [2026-05-17T21:14:21.983+0000] {dag.py:3047} INFO - Sync 1 DAGs
[2026-05-17T21:14:22.003+0000] {logging_mixin.py:188} INFO - [2026-05-17T21:14:22.003+0000] {dag.py:3834} INFO - Setting next_dagrun for example_sla_dag to 2026-05-17 21:12:00+00:00, run_after=2026-05-17 21:14:00+00:00
[2026-05-17T21:14:22.020+0000] {processor.py:183} INFO - Processing /home/airflow/.local/lib/python3.8/site-packages/airflow/example_dags/example_sla_dag.py took 0.068 seconds
[2026-05-17T21:14:52.777+0000] {processor.py:161} INFO - Started process (PID=2056) to work on /home/airflow/.local/lib/python3.8/site-packages/airflow/example_dags/example_sla_dag.py
[2026-05-17T21:14:52.779+0000] {processor.py:830} INFO - Processing file /home/airflow/.local/lib/python3.8/site-packages/airflow/example_dags/example_sla_dag.py for tasks to queue
[2026-05-17T21:14:52.787+0000] {logging_mixin.py:188} INFO - [2026-05-17T21:14:52.783+0000] {dagbag.py:540} INFO - Filling up the DagBag from /home/airflow/.local/lib/python3.8/site-packages/airflow/example_dags/example_sla_dag.py
[2026-05-17T21:14:52.812+0000] {processor.py:840} INFO - DAG(s) 'example_sla_dag' retrieved from /home/airflow/.local/lib/python3.8/site-packages/airflow/example_dags/example_sla_dag.py
[2026-05-17T21:14:52.861+0000] {logging_mixin.py:188} INFO - [2026-05-17T21:14:52.860+0000] {dag.py:3047} INFO - Sync 1 DAGs
[2026-05-17T21:14:52.920+0000] {logging_mixin.py:188} INFO - [2026-05-17T21:14:52.919+0000] {dag.py:3834} INFO - Setting next_dagrun for example_sla_dag to 2026-05-17 21:12:00+00:00, run_after=2026-05-17 21:14:00+00:00
[2026-05-17T21:14:52.954+0000] {processor.py:183} INFO - Processing /home/airflow/.local/lib/python3.8/site-packages/airflow/example_dags/example_sla_dag.py took 0.190 seconds
[2026-05-17T21:15:23.466+0000] {processor.py:161} INFO - Started process (PID=2111) to work on /home/airflow/.local/lib/python3.8/site-packages/airflow/example_dags/example_sla_dag.py
[2026-05-17T21:15:23.467+0000] {processor.py:830} INFO - Processing file /home/airflow/.local/lib/python3.8/site-packages/airflow/example_dags/example_sla_dag.py for tasks to queue
[2026-05-17T21:15:23.470+0000] {logging_mixin.py:188} INFO - [2026-05-17T21:15:23.469+0000] {dagbag.py:540} INFO - Filling up the DagBag from /home/airflow/.local/lib/python3.8/site-packages/airflow/example_dags/example_sla_dag.py
[2026-05-17T21:15:23.477+0000] {processor.py:840} INFO - DAG(s) 'example_sla_dag' retrieved from /home/airflow/.local/lib/python3.8/site-packages/airflow/example_dags/example_sla_dag.py
[2026-05-17T21:15:23.496+0000] {logging_mixin.py:188} INFO - [2026-05-17T21:15:23.495+0000] {dag.py:3047} INFO - Sync 1 DAGs
[2026-05-17T21:15:23.517+0000] {logging_mixin.py:188} INFO - [2026-05-17T21:15:23.516+0000] {dag.py:3834} INFO - Setting next_dagrun for example_sla_dag to 2026-05-17 21:12:00+00:00, run_after=2026-05-17 21:14:00+00:00
[2026-05-17T21:15:23.538+0000] {processor.py:183} INFO - Processing /home/airflow/.local/lib/python3.8/site-packages/airflow/example_dags/example_sla_dag.py took 0.077 seconds
[2026-05-17T21:15:54.171+0000] {processor.py:161} INFO - Started process (PID=2166) to work on /home/airflow/.local/lib/python3.8/site-packages/airflow/example_dags/example_sla_dag.py
[2026-05-17T21:15:54.172+0000] {processor.py:830} INFO - Processing file /home/airflow/.local/lib/python3.8/site-packages/airflow/example_dags/example_sla_dag.py for tasks to queue
[2026-05-17T21:15:54.174+0000] {logging_mixin.py:188} INFO - [2026-05-17T21:15:54.173+0000] {dagbag.py:540} INFO - Filling up the DagBag from /home/airflow/.local/lib/python3.8/site-packages/airflow/example_dags/example_sla_dag.py
[2026-05-17T21:15:54.185+0000] {processor.py:840} INFO - DAG(s) 'example_sla_dag' retrieved from /home/airflow/.local/lib/python3.8/site-packages/airflow/example_dags/example_sla_dag.py
[2026-05-17T21:15:54.211+0000] {logging_mixin.py:188} INFO - [2026-05-17T21:15:54.210+0000] {dag.py:3047} INFO - Sync 1 DAGs
[2026-05-17T21:15:54.409+0000] {logging_mixin.py:188} INFO - [2026-05-17T21:15:54.409+0000] {dag.py:3834} INFO - Setting next_dagrun for example_sla_dag to 2026-05-17 21:12:00+00:00, run_after=2026-05-17 21:14:00+00:00
[2026-05-17T21:15:54.434+0000] {processor.py:183} INFO - Processing /home/airflow/.local/lib/python3.8/site-packages/airflow/example_dags/example_sla_dag.py took 0.266 seconds
[2026-05-17T21:16:25.449+0000] {processor.py:161} INFO - Started process (PID=2221) to work on /home/airflow/.local/lib/python3.8/site-packages/airflow/example_dags/example_sla_dag.py
[2026-05-17T21:16:25.450+0000] {processor.py:830} INFO - Processing file /home/airflow/.local/lib/python3.8/site-packages/airflow/example_dags/example_sla_dag.py for tasks to queue
[2026-05-17T21:16:25.452+0000] {logging_mixin.py:188} INFO - [2026-05-17T21:16:25.452+0000] {dagbag.py:540} INFO - Filling up the DagBag from /home/airflow/.local/lib/python3.8/site-packages/airflow/example_dags/example_sla_dag.py
[2026-05-17T21:16:25.460+0000] {processor.py:840} INFO - DAG(s) 'example_sla_dag' retrieved from /home/airflow/.local/lib/python3.8/site-packages/airflow/example_dags/example_sla_dag.py
[2026-05-17T21:16:25.478+0000] {logging_mixin.py:188} INFO - [2026-05-17T21:16:25.478+0000] {dag.py:3047} INFO - Sync 1 DAGs
[2026-05-17T21:16:25.626+0000] {logging_mixin.py:188} INFO - [2026-05-17T21:16:25.626+0000] {dag.py:3834} INFO - Setting next_dagrun for example_sla_dag to 2026-05-17 21:14:00+00:00, run_after=2026-05-17 21:16:00+00:00
[2026-05-17T21:16:25.646+0000] {processor.py:183} INFO - Processing /home/airflow/.local/lib/python3.8/site-packages/airflow/example_dags/example_sla_dag.py took 0.199 seconds
[2026-05-17T21:16:56.030+0000] {processor.py:161} INFO - Started process (PID=2276) to work on /home/airflow/.local/lib/python3.8/site-packages/airflow/example_dags/example_sla_dag.py
[2026-05-17T21:16:56.031+0000] {processor.py:830} INFO - Processing file /home/airflow/.local/lib/python3.8/site-packages/airflow/example_dags/example_sla_dag.py for tasks to queue
[2026-05-17T21:16:56.032+0000] {logging_mixin.py:188} INFO - [2026-05-17T21:16:56.032+0000] {dagbag.py:540} INFO - Filling up the DagBag from /home/airflow/.local/lib/python3.8/site-packages/airflow/example_dags/example_sla_dag.py
[2026-05-17T21:16:56.045+0000] {processor.py:840} INFO - DAG(s) 'example_sla_dag' retrieved from /home/airflow/.local/lib/python3.8/site-packages/airflow/example_dags/example_sla_dag.py
[2026-05-17T21:16:56.072+0000] {logging_mixin.py:188} INFO - [2026-05-17T21:16:56.072+0000] {dag.py:3047} INFO - Sync 1 DAGs
[2026-05-17T21:16:56.237+0000] {logging_mixin.py:188} INFO - [2026-05-17T21:16:56.237+0000] {dag.py:3834} INFO - Setting next_dagrun for example_sla_dag to 2026-05-17 21:14:00+00:00, run_after=2026-05-17 21:16:00+00:00
[2026-05-17T21:16:56.257+0000] {processor.py:183} INFO - Processing /home/airflow/.local/lib/python3.8/site-packages/airflow/example_dags/example_sla_dag.py took 0.230 seconds
[2026-05-17T21:17:27.189+0000] {processor.py:161} INFO - Started process (PID=2330) to work on /home/airflow/.local/lib/python3.8/site-packages/airflow/example_dags/example_sla_dag.py
[2026-05-17T21:17:27.190+0000] {processor.py:830} INFO - Processing file /home/airflow/.local/lib/python3.8/site-packages/airflow/example_dags/example_sla_dag.py for tasks to queue
[2026-05-17T21:17:27.192+0000] {logging_mixin.py:188} INFO - [2026-05-17T21:17:27.192+0000] {dagbag.py:540} INFO - Filling up the DagBag from /home/airflow/.local/lib/python3.8/site-packages/airflow/example_dags/example_sla_dag.py
[2026-05-17T21:17:27.199+0000] {processor.py:840} INFO - DAG(s) 'example_sla_dag' retrieved from /home/airflow/.local/lib/python3.8/site-packages/airflow/example_dags/example_sla_dag.py
[2026-05-17T21:17:27.220+0000] {logging_mixin.py:188} INFO - [2026-05-17T21:17:27.220+0000] {dag.py:3047} INFO - Sync 1 DAGs
[2026-05-17T21:17:27.242+0000] {logging_mixin.py:188} INFO - [2026-05-17T21:17:27.242+0000] {dag.py:3834} INFO - Setting next_dagrun for example_sla_dag to 2026-05-17 21:14:00+00:00, run_after=2026-05-17 21:16:00+00:00
[2026-05-17T21:17:27.273+0000] {processor.py:183} INFO - Processing /home/airflow/.local/lib/python3.8/site-packages/airflow/example_dags/example_sla_dag.py took 0.087 seconds
[2026-05-17T21:17:58.016+0000] {processor.py:161} INFO - Started process (PID=2385) to work on /home/airflow/.local/lib/python3.8/site-packages/airflow/example_dags/example_sla_dag.py
[2026-05-17T21:17:58.017+0000] {processor.py:830} INFO - Processing file /home/airflow/.local/lib/python3.8/site-packages/airflow/example_dags/example_sla_dag.py for tasks to queue
[2026-05-17T21:17:58.020+0000] {logging_mixin.py:188} INFO - [2026-05-17T21:17:58.019+0000] {dagbag.py:540} INFO - Filling up the DagBag from /home/airflow/.local/lib/python3.8/site-packages/airflow/example_dags/example_sla_dag.py
[2026-05-17T21:17:58.029+0000] {processor.py:840} INFO - DAG(s) 'example_sla_dag' retrieved from /home/airflow/.local/lib/python3.8/site-packages/airflow/example_dags/example_sla_dag.py
[2026-05-17T21:17:58.055+0000] {logging_mixin.py:188} INFO - [2026-05-17T21:17:58.055+0000] {dag.py:3047} INFO - Sync 1 DAGs
[2026-05-17T21:17:58.088+0000] {logging_mixin.py:188} INFO - [2026-05-17T21:17:58.087+0000] {dag.py:3834} INFO - Setting next_dagrun for example_sla_dag to 2026-05-17 21:14:00+00:00, run_after=2026-05-17 21:16:00+00:00
[2026-05-17T21:17:58.113+0000] {processor.py:183} INFO - Processing /home/airflow/.local/lib/python3.8/site-packages/airflow/example_dags/example_sla_dag.py took 0.100 seconds
[2026-05-17T21:18:28.700+0000] {processor.py:161} INFO - Started process (PID=2440) to work on /home/airflow/.local/lib/python3.8/site-packages/airflow/example_dags/example_sla_dag.py
[2026-05-17T21:18:28.701+0000] {processor.py:830} INFO - Processing file /home/airflow/.local/lib/python3.8/site-packages/airflow/example_dags/example_sla_dag.py for tasks to queue
[2026-05-17T21:18:28.704+0000] {logging_mixin.py:188} INFO - [2026-05-17T21:18:28.703+0000] {dagbag.py:540} INFO - Filling up the DagBag from /home/airflow/.local/lib/python3.8/site-packages/airflow/example_dags/example_sla_dag.py
[2026-05-17T21:18:28.711+0000] {processor.py:840} INFO - DAG(s) 'example_sla_dag' retrieved from /home/airflow/.local/lib/python3.8/site-packages/airflow/example_dags/example_sla_dag.py
[2026-05-17T21:18:28.730+0000] {logging_mixin.py:188} INFO - [2026-05-17T21:18:28.730+0000] {dag.py:3047} INFO - Sync 1 DAGs
[2026-05-17T21:18:28.751+0000] {logging_mixin.py:188} INFO - [2026-05-17T21:18:28.751+0000] {dag.py:3834} INFO - Setting next_dagrun for example_sla_dag to 2026-05-17 21:16:00+00:00, run_after=2026-05-17 21:18:00+00:00
[2026-05-17T21:18:28.775+0000] {processor.py:183} INFO - Processing /home/airflow/.local/lib/python3.8/site-packages/airflow/example_dags/example_sla_dag.py took 0.078 seconds
[2026-05-17T21:18:59.013+0000] {processor.py:161} INFO - Started process (PID=2495) to work on /home/airflow/.local/lib/python3.8/site-packages/airflow/example_dags/example_sla_dag.py
[2026-05-17T21:18:59.015+0000] {processor.py:830} INFO - Processing file /home/airflow/.local/lib/python3.8/site-packages/airflow/example_dags/example_sla_dag.py for tasks to queue
[2026-05-17T21:18:59.018+0000] {logging_mixin.py:188} INFO - [2026-05-17T21:18:59.018+0000] {dagbag.py:540} INFO - Filling up the DagBag from /home/airflow/.local/lib/python3.8/site-packages/airflow/example_dags/example_sla_dag.py
[2026-05-17T21:18:59.030+0000] {processor.py:840} INFO - DAG(s) 'example_sla_dag' retrieved from /home/airflow/.local/lib/python3.8/site-packages/airflow/example_dags/example_sla_dag.py
[2026-05-17T21:18:59.052+0000] {logging_mixin.py:188} INFO - [2026-05-17T21:18:59.052+0000] {dag.py:3047} INFO - Sync 1 DAGs
[2026-05-17T21:18:59.075+0000] {logging_mixin.py:188} INFO - [2026-05-17T21:18:59.075+0000] {dag.py:3834} INFO - Setting next_dagrun for example_sla_dag to 2026-05-17 21:16:00+00:00, run_after=2026-05-17 21:18:00+00:00
[2026-05-17T21:18:59.096+0000] {processor.py:183} INFO - Processing /home/airflow/.local/lib/python3.8/site-packages/airflow/example_dags/example_sla_dag.py took 0.086 seconds
[2026-05-17T21:19:29.190+0000] {processor.py:161} INFO - Started process (PID=2550) to work on /home/airflow/.local/lib/python3.8/site-packages/airflow/example_dags/example_sla_dag.py
[2026-05-17T21:19:29.191+0000] {processor.py:830} INFO - Processing file /home/airflow/.local/lib/python3.8/site-packages/airflow/example_dags/example_sla_dag.py for tasks to queue
[2026-05-17T21:19:29.193+0000] {logging_mixin.py:188} INFO - [2026-05-17T21:19:29.193+0000] {dagbag.py:540} INFO - Filling up the DagBag from /home/airflow/.local/lib/python3.8/site-packages/airflow/example_dags/example_sla_dag.py
[2026-05-17T21:19:29.204+0000] {processor.py:840} INFO - DAG(s) 'example_sla_dag' retrieved from /home/airflow/.local/lib/python3.8/site-packages/airflow/example_dags/example_sla_dag.py
[2026-05-17T21:19:29.227+0000] {logging_mixin.py:188} INFO - [2026-05-17T21:19:29.227+0000] {dag.py:3047} INFO - Sync 1 DAGs
[2026-05-17T21:19:29.258+0000] {logging_mixin.py:188} INFO - [2026-05-17T21:19:29.258+0000] {dag.py:3834} INFO - Setting next_dagrun for example_sla_dag to 2026-05-17 21:16:00+00:00, run_after=2026-05-17 21:18:00+00:00
[2026-05-17T21:19:29.280+0000] {processor.py:183} INFO - Processing /home/airflow/.local/lib/python3.8/site-packages/airflow/example_dags/example_sla_dag.py took 0.093 seconds
[2026-05-17T21:19:59.452+0000] {processor.py:161} INFO - Started process (PID=2605) to work on /home/airflow/.local/lib/python3.8/site-packages/airflow/example_dags/example_sla_dag.py
[2026-05-17T21:19:59.453+0000] {processor.py:830} INFO - Processing file /home/airflow/.local/lib/python3.8/site-packages/airflow/example_dags/example_sla_dag.py for tasks to queue
[2026-05-17T21:19:59.455+0000] {logging_mixin.py:188} INFO - [2026-05-17T21:19:59.455+0000] {dagbag.py:540} INFO - Filling up the DagBag from /home/airflow/.local/lib/python3.8/site-packages/airflow/example_dags/example_sla_dag.py
[2026-05-17T21:19:59.462+0000] {processor.py:840} INFO - DAG(s) 'example_sla_dag' retrieved from /home/airflow/.local/lib/python3.8/site-packages/airflow/example_dags/example_sla_dag.py
[2026-05-17T21:19:59.479+0000] {logging_mixin.py:188} INFO - [2026-05-17T21:19:59.479+0000] {dag.py:3047} INFO - Sync 1 DAGs
[2026-05-17T21:19:59.498+0000] {logging_mixin.py:188} INFO - [2026-05-17T21:19:59.498+0000] {dag.py:3834} INFO - Setting next_dagrun for example_sla_dag to 2026-05-17 21:16:00+00:00, run_after=2026-05-17 21:18:00+00:00
[2026-05-17T21:19:59.519+0000] {processor.py:183} INFO - Processing /home/airflow/.local/lib/python3.8/site-packages/airflow/example_dags/example_sla_dag.py took 0.070 seconds
[2026-05-17T21:20:29.587+0000] {processor.py:161} INFO - Started process (PID=2660) to work on /home/airflow/.local/lib/python3.8/site-packages/airflow/example_dags/example_sla_dag.py
[2026-05-17T21:20:29.589+0000] {processor.py:830} INFO - Processing file /home/airflow/.local/lib/python3.8/site-packages/airflow/example_dags/example_sla_dag.py for tasks to queue
[2026-05-17T21:20:29.591+0000] {logging_mixin.py:188} INFO - [2026-05-17T21:20:29.591+0000] {dagbag.py:540} INFO - Filling up the DagBag from /home/airflow/.local/lib/python3.8/site-packages/airflow/example_dags/example_sla_dag.py
[2026-05-17T21:20:29.598+0000] {processor.py:840} INFO - DAG(s) 'example_sla_dag' retrieved from /home/airflow/.local/lib/python3.8/site-packages/airflow/example_dags/example_sla_dag.py
[2026-05-17T21:20:29.625+0000] {logging_mixin.py:188} INFO - [2026-05-17T21:20:29.625+0000] {dag.py:3047} INFO - Sync 1 DAGs
[2026-05-17T21:20:29.650+0000] {logging_mixin.py:188} INFO - [2026-05-17T21:20:29.650+0000] {dag.py:3834} INFO - Setting next_dagrun for example_sla_dag to 2026-05-17 21:18:00+00:00, run_after=2026-05-17 21:20:00+00:00
[2026-05-17T21:20:29.676+0000] {processor.py:183} INFO - Processing /home/airflow/.local/lib/python3.8/site-packages/airflow/example_dags/example_sla_dag.py took 0.092 seconds
[2026-05-17T21:20:59.864+0000] {processor.py:161} INFO - Started process (PID=2715) to work on /home/airflow/.local/lib/python3.8/site-packages/airflow/example_dags/example_sla_dag.py
[2026-05-17T21:20:59.865+0000] {processor.py:830} INFO - Processing file /home/airflow/.local/lib/python3.8/site-packages/airflow/example_dags/example_sla_dag.py for tasks to queue
[2026-05-17T21:20:59.867+0000] {logging_mixin.py:188} INFO - [2026-05-17T21:20:59.867+0000] {dagbag.py:540} INFO - Filling up the DagBag from /home/airflow/.local/lib/python3.8/site-packages/airflow/example_dags/example_sla_dag.py
[2026-05-17T21:20:59.875+0000] {processor.py:840} INFO - DAG(s) 'example_sla_dag' retrieved from /home/airflow/.local/lib/python3.8/site-packages/airflow/example_dags/example_sla_dag.py
[2026-05-17T21:20:59.894+0000] {logging_mixin.py:188} INFO - [2026-05-17T21:20:59.893+0000] {dag.py:3047} INFO - Sync 1 DAGs
[2026-05-17T21:20:59.914+0000] {logging_mixin.py:188} INFO - [2026-05-17T21:20:59.914+0000] {dag.py:3834} INFO - Setting next_dagrun for example_sla_dag to 2026-05-17 21:18:00+00:00, run_after=2026-05-17 21:20:00+00:00
[2026-05-17T21:20:59.939+0000] {processor.py:183} INFO - Processing /home/airflow/.local/lib/python3.8/site-packages/airflow/example_dags/example_sla_dag.py took 0.078 seconds
[2026-05-17T21:21:30.029+0000] {processor.py:161} INFO - Started process (PID=2768) to work on /home/airflow/.local/lib/python3.8/site-packages/airflow/example_dags/example_sla_dag.py
[2026-05-17T21:21:30.031+0000] {processor.py:830} INFO - Processing file /home/airflow/.local/lib/python3.8/site-packages/airflow/example_dags/example_sla_dag.py for tasks to queue
[2026-05-17T21:21:30.033+0000] {logging_mixin.py:188} INFO - [2026-05-17T21:21:30.033+0000] {dagbag.py:540} INFO - Filling up the DagBag from /home/airflow/.local/lib/python3.8/site-packages/airflow/example_dags/example_sla_dag.py
[2026-05-17T21:21:30.040+0000] {processor.py:840} INFO - DAG(s) 'example_sla_dag' retrieved from /home/airflow/.local/lib/python3.8/site-packages/airflow/example_dags/example_sla_dag.py
[2026-05-17T21:21:30.058+0000] {logging_mixin.py:188} INFO - [2026-05-17T21:21:30.058+0000] {dag.py:3047} INFO - Sync 1 DAGs
[2026-05-17T21:21:30.077+0000] {logging_mixin.py:188} INFO - [2026-05-17T21:21:30.077+0000] {dag.py:3834} INFO - Setting next_dagrun for example_sla_dag to 2026-05-17 21:18:00+00:00, run_after=2026-05-17 21:20:00+00:00
[2026-05-17T21:21:30.093+0000] {processor.py:183} INFO - Processing /home/airflow/.local/lib/python3.8/site-packages/airflow/example_dags/example_sla_dag.py took 0.067 seconds
[2026-05-17T21:22:00.257+0000] {processor.py:161} INFO - Started process (PID=2823) to work on /home/airflow/.local/lib/python3.8/site-packages/airflow/example_dags/example_sla_dag.py
[2026-05-17T21:22:00.261+0000] {processor.py:830} INFO - Processing file /home/airflow/.local/lib/python3.8/site-packages/airflow/example_dags/example_sla_dag.py for tasks to queue
[2026-05-17T21:22:00.265+0000] {logging_mixin.py:188} INFO - [2026-05-17T21:22:00.265+0000] {dagbag.py:540} INFO - Filling up the DagBag from /home/airflow/.local/lib/python3.8/site-packages/airflow/example_dags/example_sla_dag.py
[2026-05-17T21:22:00.273+0000] {processor.py:840} INFO - DAG(s) 'example_sla_dag' retrieved from /home/airflow/.local/lib/python3.8/site-packages/airflow/example_dags/example_sla_dag.py
[2026-05-17T21:22:00.293+0000] {logging_mixin.py:188} INFO - [2026-05-17T21:22:00.293+0000] {dag.py:3047} INFO - Sync 1 DAGs
[2026-05-17T21:22:00.316+0000] {logging_mixin.py:188} INFO - [2026-05-17T21:22:00.315+0000] {dag.py:3834} INFO - Setting next_dagrun for example_sla_dag to 2026-05-17 21:20:00+00:00, run_after=2026-05-17 21:22:00+00:00
[2026-05-17T21:22:00.335+0000] {processor.py:183} INFO - Processing /home/airflow/.local/lib/python3.8/site-packages/airflow/example_dags/example_sla_dag.py took 0.082 seconds
[2026-05-17T21:22:30.437+0000] {processor.py:161} INFO - Started process (PID=2878) to work on /home/airflow/.local/lib/python3.8/site-packages/airflow/example_dags/example_sla_dag.py
[2026-05-17T21:22:30.438+0000] {processor.py:830} INFO - Processing file /home/airflow/.local/lib/python3.8/site-packages/airflow/example_dags/example_sla_dag.py for tasks to queue
[2026-05-17T21:22:30.441+0000] {logging_mixin.py:188} INFO - [2026-05-17T21:22:30.441+0000] {dagbag.py:540} INFO - Filling up the DagBag from /home/airflow/.local/lib/python3.8/site-packages/airflow/example_dags/example_sla_dag.py
[2026-05-17T21:22:30.454+0000] {processor.py:840} INFO - DAG(s) 'example_sla_dag' retrieved from /home/airflow/.local/lib/python3.8/site-packages/airflow/example_dags/example_sla_dag.py
[2026-05-17T21:22:30.477+0000] {logging_mixin.py:188} INFO - [2026-05-17T21:22:30.476+0000] {dag.py:3047} INFO - Sync 1 DAGs
[2026-05-17T21:22:30.504+0000] {logging_mixin.py:188} INFO - [2026-05-17T21:22:30.504+0000] {dag.py:3834} INFO - Setting next_dagrun for example_sla_dag to 2026-05-17 21:20:00+00:00, run_after=2026-05-17 21:22:00+00:00
[2026-05-17T21:22:30.526+0000] {processor.py:183} INFO - Processing /home/airflow/.local/lib/python3.8/site-packages/airflow/example_dags/example_sla_dag.py took 0.092 seconds
[2026-05-17T21:23:01.353+0000] {processor.py:161} INFO - Started process (PID=2933) to work on /home/airflow/.local/lib/python3.8/site-packages/airflow/example_dags/example_sla_dag.py
[2026-05-17T21:23:01.356+0000] {processor.py:830} INFO - Processing file /home/airflow/.local/lib/python3.8/site-packages/airflow/example_dags/example_sla_dag.py for tasks to queue
[2026-05-17T21:23:01.359+0000] {logging_mixin.py:188} INFO - [2026-05-17T21:23:01.358+0000] {dagbag.py:540} INFO - Filling up the DagBag from /home/airflow/.local/lib/python3.8/site-packages/airflow/example_dags/example_sla_dag.py
[2026-05-17T21:23:01.366+0000] {processor.py:840} INFO - DAG(s) 'example_sla_dag' retrieved from /home/airflow/.local/lib/python3.8/site-packages/airflow/example_dags/example_sla_dag.py
[2026-05-17T21:23:01.385+0000] {logging_mixin.py:188} INFO - [2026-05-17T21:23:01.385+0000] {dag.py:3047} INFO - Sync 1 DAGs
[2026-05-17T21:23:01.409+0000] {logging_mixin.py:188} INFO - [2026-05-17T21:23:01.409+0000] {dag.py:3834} INFO - Setting next_dagrun for example_sla_dag to 2026-05-17 21:20:00+00:00, run_after=2026-05-17 21:22:00+00:00
[2026-05-17T21:23:01.427+0000] {processor.py:183} INFO - Processing /home/airflow/.local/lib/python3.8/site-packages/airflow/example_dags/example_sla_dag.py took 0.077 seconds
[2026-05-17T21:23:31.648+0000] {processor.py:161} INFO - Started process (PID=2989) to work on /home/airflow/.local/lib/python3.8/site-packages/airflow/example_dags/example_sla_dag.py
[2026-05-17T21:23:31.649+0000] {processor.py:830} INFO - Processing file /home/airflow/.local/lib/python3.8/site-packages/airflow/example_dags/example_sla_dag.py for tasks to queue
[2026-05-17T21:23:31.651+0000] {logging_mixin.py:188} INFO - [2026-05-17T21:23:31.650+0000] {dagbag.py:540} INFO - Filling up the DagBag from /home/airflow/.local/lib/python3.8/site-packages/airflow/example_dags/example_sla_dag.py
[2026-05-17T21:23:31.658+0000] {processor.py:840} INFO - DAG(s) 'example_sla_dag' retrieved from /home/airflow/.local/lib/python3.8/site-packages/airflow/example_dags/example_sla_dag.py
[2026-05-17T21:23:31.676+0000] {logging_mixin.py:188} INFO - [2026-05-17T21:23:31.676+0000] {dag.py:3047} INFO - Sync 1 DAGs
[2026-05-17T21:23:31.696+0000] {logging_mixin.py:188} INFO - [2026-05-17T21:23:31.695+0000] {dag.py:3834} INFO - Setting next_dagrun for example_sla_dag to 2026-05-17 21:20:00+00:00, run_after=2026-05-17 21:22:00+00:00
[2026-05-17T21:23:31.718+0000] {processor.py:183} INFO - Processing /home/airflow/.local/lib/python3.8/site-packages/airflow/example_dags/example_sla_dag.py took 0.073 seconds
[2026-05-17T21:24:02.637+0000] {processor.py:161} INFO - Started process (PID=3044) to work on /home/airflow/.local/lib/python3.8/site-packages/airflow/example_dags/example_sla_dag.py
[2026-05-17T21:24:02.639+0000] {processor.py:830} INFO - Processing file /home/airflow/.local/lib/python3.8/site-packages/airflow/example_dags/example_sla_dag.py for tasks to queue
[2026-05-17T21:24:02.640+0000] {logging_mixin.py:188} INFO - [2026-05-17T21:24:02.640+0000] {dagbag.py:540} INFO - Filling up the DagBag from /home/airflow/.local/lib/python3.8/site-packages/airflow/example_dags/example_sla_dag.py
[2026-05-17T21:24:02.648+0000] {processor.py:840} INFO - DAG(s) 'example_sla_dag' retrieved from /home/airflow/.local/lib/python3.8/site-packages/airflow/example_dags/example_sla_dag.py
[2026-05-17T21:24:02.666+0000] {logging_mixin.py:188} INFO - [2026-05-17T21:24:02.665+0000] {dag.py:3047} INFO - Sync 1 DAGs
[2026-05-17T21:24:02.686+0000] {logging_mixin.py:188} INFO - [2026-05-17T21:24:02.685+0000] {dag.py:3834} INFO - Setting next_dagrun for example_sla_dag to 2026-05-17 21:22:00+00:00, run_after=2026-05-17 21:24:00+00:00
[2026-05-17T21:24:02.702+0000] {processor.py:183} INFO - Processing /home/airflow/.local/lib/python3.8/site-packages/airflow/example_dags/example_sla_dag.py took 0.067 seconds
[2026-05-17T21:24:33.543+0000] {processor.py:161} INFO - Started process (PID=3099) to work on /home/airflow/.local/lib/python3.8/site-packages/airflow/example_dags/example_sla_dag.py
[2026-05-17T21:24:33.545+0000] {processor.py:830} INFO - Processing file /home/airflow/.local/lib/python3.8/site-packages/airflow/example_dags/example_sla_dag.py for tasks to queue
[2026-05-17T21:24:33.547+0000] {logging_mixin.py:188} INFO - [2026-05-17T21:24:33.547+0000] {dagbag.py:540} INFO - Filling up the DagBag from /home/airflow/.local/lib/python3.8/site-packages/airflow/example_dags/example_sla_dag.py
[2026-05-17T21:24:33.554+0000] {processor.py:840} INFO - DAG(s) 'example_sla_dag' retrieved from /home/airflow/.local/lib/python3.8/site-packages/airflow/example_dags/example_sla_dag.py
[2026-05-17T21:24:33.574+0000] {logging_mixin.py:188} INFO - [2026-05-17T21:24:33.574+0000] {dag.py:3047} INFO - Sync 1 DAGs
[2026-05-17T21:24:33.600+0000] {logging_mixin.py:188} INFO - [2026-05-17T21:24:33.599+0000] {dag.py:3834} INFO - Setting next_dagrun for example_sla_dag to 2026-05-17 21:22:00+00:00, run_after=2026-05-17 21:24:00+00:00
[2026-05-17T21:24:33.621+0000] {processor.py:183} INFO - Processing /home/airflow/.local/lib/python3.8/site-packages/airflow/example_dags/example_sla_dag.py took 0.080 seconds
[2026-05-17T21:25:04.296+0000] {processor.py:161} INFO - Started process (PID=3154) to work on /home/airflow/.local/lib/python3.8/site-packages/airflow/example_dags/example_sla_dag.py
[2026-05-17T21:25:04.298+0000] {processor.py:830} INFO - Processing file /home/airflow/.local/lib/python3.8/site-packages/airflow/example_dags/example_sla_dag.py for tasks to queue
[2026-05-17T21:25:04.300+0000] {logging_mixin.py:188} INFO - [2026-05-17T21:25:04.300+0000] {dagbag.py:540} INFO - Filling up the DagBag from /home/airflow/.local/lib/python3.8/site-packages/airflow/example_dags/example_sla_dag.py
[2026-05-17T21:25:04.312+0000] {processor.py:840} INFO - DAG(s) 'example_sla_dag' retrieved from /home/airflow/.local/lib/python3.8/site-packages/airflow/example_dags/example_sla_dag.py
[2026-05-17T21:25:04.339+0000] {logging_mixin.py:188} INFO - [2026-05-17T21:25:04.339+0000] {dag.py:3047} INFO - Sync 1 DAGs
[2026-05-17T21:25:04.367+0000] {logging_mixin.py:188} INFO - [2026-05-17T21:25:04.367+0000] {dag.py:3834} INFO - Setting next_dagrun for example_sla_dag to 2026-05-17 21:22:00+00:00, run_after=2026-05-17 21:24:00+00:00
[2026-05-17T21:25:04.410+0000] {processor.py:183} INFO - Processing /home/airflow/.local/lib/python3.8/site-packages/airflow/example_dags/example_sla_dag.py took 0.119 seconds
[2026-05-17T21:25:35.157+0000] {processor.py:161} INFO - Started process (PID=3209) to work on /home/airflow/.local/lib/python3.8/site-packages/airflow/example_dags/example_sla_dag.py
[2026-05-17T21:25:35.158+0000] {processor.py:830} INFO - Processing file /home/airflow/.local/lib/python3.8/site-packages/airflow/example_dags/example_sla_dag.py for tasks to queue
[2026-05-17T21:25:35.160+0000] {logging_mixin.py:188} INFO - [2026-05-17T21:25:35.160+0000] {dagbag.py:540} INFO - Filling up the DagBag from /home/airflow/.local/lib/python3.8/site-packages/airflow/example_dags/example_sla_dag.py
[2026-05-17T21:25:35.169+0000] {processor.py:840} INFO - DAG(s) 'example_sla_dag' retrieved from /home/airflow/.local/lib/python3.8/site-packages/airflow/example_dags/example_sla_dag.py
[2026-05-17T21:25:35.191+0000] {logging_mixin.py:188} INFO - [2026-05-17T21:25:35.191+0000] {dag.py:3047} INFO - Sync 1 DAGs
[2026-05-17T21:25:35.216+0000] {logging_mixin.py:188} INFO - [2026-05-17T21:25:35.216+0000] {dag.py:3834} INFO - Setting next_dagrun for example_sla_dag to 2026-05-17 21:22:00+00:00, run_after=2026-05-17 21:24:00+00:00
[2026-05-17T21:25:35.248+0000] {processor.py:183} INFO - Processing /home/airflow/.local/lib/python3.8/site-packages/airflow/example_dags/example_sla_dag.py took 0.095 seconds
[2026-05-17T21:26:05.865+0000] {processor.py:161} INFO - Started process (PID=3264) to work on /home/airflow/.local/lib/python3.8/site-packages/airflow/example_dags/example_sla_dag.py
[2026-05-17T21:26:05.866+0000] {processor.py:830} INFO - Processing file /home/airflow/.local/lib/python3.8/site-packages/airflow/example_dags/example_sla_dag.py for tasks to queue
[2026-05-17T21:26:05.868+0000] {logging_mixin.py:188} INFO - [2026-05-17T21:26:05.868+0000] {dagbag.py:540} INFO - Filling up the DagBag from /home/airflow/.local/lib/python3.8/site-packages/airflow/example_dags/example_sla_dag.py
[2026-05-17T21:26:05.875+0000] {processor.py:840} INFO - DAG(s) 'example_sla_dag' retrieved from /home/airflow/.local/lib/python3.8/site-packages/airflow/example_dags/example_sla_dag.py
[2026-05-17T21:26:05.892+0000] {logging_mixin.py:188} INFO - [2026-05-17T21:26:05.892+0000] {dag.py:3047} INFO - Sync 1 DAGs
[2026-05-17T21:26:05.912+0000] {logging_mixin.py:188} INFO - [2026-05-17T21:26:05.912+0000] {dag.py:3834} INFO - Setting next_dagrun for example_sla_dag to 2026-05-17 21:24:00+00:00, run_after=2026-05-17 21:26:00+00:00
[2026-05-17T21:26:05.929+0000] {processor.py:183} INFO - Processing /home/airflow/.local/lib/python3.8/site-packages/airflow/example_dags/example_sla_dag.py took 0.068 seconds
[2026-05-17T21:26:36.706+0000] {processor.py:161} INFO - Started process (PID=3319) to work on /home/airflow/.local/lib/python3.8/site-packages/airflow/example_dags/example_sla_dag.py
[2026-05-17T21:26:36.707+0000] {processor.py:830} INFO - Processing file /home/airflow/.local/lib/python3.8/site-packages/airflow/example_dags/example_sla_dag.py for tasks to queue
[2026-05-17T21:26:36.710+0000] {logging_mixin.py:188} INFO - [2026-05-17T21:26:36.709+0000] {dagbag.py:540} INFO - Filling up the DagBag from /home/airflow/.local/lib/python3.8/site-packages/airflow/example_dags/example_sla_dag.py
[2026-05-17T21:26:36.723+0000] {processor.py:840} INFO - DAG(s) 'example_sla_dag' retrieved from /home/airflow/.local/lib/python3.8/site-packages/airflow/example_dags/example_sla_dag.py
[2026-05-17T21:26:36.749+0000] {logging_mixin.py:188} INFO - [2026-05-17T21:26:36.749+0000] {dag.py:3047} INFO - Sync 1 DAGs
[2026-05-17T21:26:36.778+0000] {logging_mixin.py:188} INFO - [2026-05-17T21:26:36.778+0000] {dag.py:3834} INFO - Setting next_dagrun for example_sla_dag to 2026-05-17 21:24:00+00:00, run_after=2026-05-17 21:26:00+00:00
[2026-05-17T21:26:36.804+0000] {processor.py:183} INFO - Processing /home/airflow/.local/lib/python3.8/site-packages/airflow/example_dags/example_sla_dag.py took 0.102 seconds
[2026-05-17T21:27:07.697+0000] {processor.py:161} INFO - Started process (PID=3374) to work on /home/airflow/.local/lib/python3.8/site-packages/airflow/example_dags/example_sla_dag.py
[2026-05-17T21:27:07.699+0000] {processor.py:830} INFO - Processing file /home/airflow/.local/lib/python3.8/site-packages/airflow/example_dags/example_sla_dag.py for tasks to queue
[2026-05-17T21:27:07.701+0000] {logging_mixin.py:188} INFO - [2026-05-17T21:27:07.700+0000] {dagbag.py:540} INFO - Filling up the DagBag from /home/airflow/.local/lib/python3.8/site-packages/airflow/example_dags/example_sla_dag.py
[2026-05-17T21:27:07.708+0000] {processor.py:840} INFO - DAG(s) 'example_sla_dag' retrieved from /home/airflow/.local/lib/python3.8/site-packages/airflow/example_dags/example_sla_dag.py
[2026-05-17T21:27:07.732+0000] {logging_mixin.py:188} INFO - [2026-05-17T21:27:07.732+0000] {dag.py:3047} INFO - Sync 1 DAGs
[2026-05-17T21:27:07.759+0000] {logging_mixin.py:188} INFO - [2026-05-17T21:27:07.759+0000] {dag.py:3834} INFO - Setting next_dagrun for example_sla_dag to 2026-05-17 21:24:00+00:00, run_after=2026-05-17 21:26:00+00:00
[2026-05-17T21:27:07.779+0000] {processor.py:183} INFO - Processing /home/airflow/.local/lib/python3.8/site-packages/airflow/example_dags/example_sla_dag.py took 0.085 seconds
[2026-05-17T21:27:38.465+0000] {processor.py:161} INFO - Started process (PID=3429) to work on /home/airflow/.local/lib/python3.8/site-packages/airflow/example_dags/example_sla_dag.py
[2026-05-17T21:27:38.466+0000] {processor.py:830} INFO - Processing file /home/airflow/.local/lib/python3.8/site-packages/airflow/example_dags/example_sla_dag.py for tasks to queue
[2026-05-17T21:27:38.468+0000] {logging_mixin.py:188} INFO - [2026-05-17T21:27:38.468+0000] {dagbag.py:540} INFO - Filling up the DagBag from /home/airflow/.local/lib/python3.8/site-packages/airflow/example_dags/example_sla_dag.py
[2026-05-17T21:27:38.476+0000] {processor.py:840} INFO - DAG(s) 'example_sla_dag' retrieved from /home/airflow/.local/lib/python3.8/site-packages/airflow/example_dags/example_sla_dag.py
[2026-05-17T21:27:38.495+0000] {logging_mixin.py:188} INFO - [2026-05-17T21:27:38.495+0000] {dag.py:3047} INFO - Sync 1 DAGs
[2026-05-17T21:27:38.519+0000] {logging_mixin.py:188} INFO - [2026-05-17T21:27:38.518+0000] {dag.py:3834} INFO - Setting next_dagrun for example_sla_dag to 2026-05-17 21:24:00+00:00, run_after=2026-05-17 21:26:00+00:00
[2026-05-17T21:27:38.539+0000] {processor.py:183} INFO - Processing /home/airflow/.local/lib/python3.8/site-packages/airflow/example_dags/example_sla_dag.py took 0.077 seconds
[2026-05-17T21:28:08.662+0000] {processor.py:161} INFO - Started process (PID=3484) to work on /home/airflow/.local/lib/python3.8/site-packages/airflow/example_dags/example_sla_dag.py
[2026-05-17T21:28:08.663+0000] {processor.py:830} INFO - Processing file /home/airflow/.local/lib/python3.8/site-packages/airflow/example_dags/example_sla_dag.py for tasks to queue
[2026-05-17T21:28:08.665+0000] {logging_mixin.py:188} INFO - [2026-05-17T21:28:08.664+0000] {dagbag.py:540} INFO - Filling up the DagBag from /home/airflow/.local/lib/python3.8/site-packages/airflow/example_dags/example_sla_dag.py
[2026-05-17T21:28:08.674+0000] {processor.py:840} INFO - DAG(s) 'example_sla_dag' retrieved from /home/airflow/.local/lib/python3.8/site-packages/airflow/example_dags/example_sla_dag.py
[2026-05-17T21:28:08.694+0000] {logging_mixin.py:188} INFO - [2026-05-17T21:28:08.694+0000] {dag.py:3047} INFO - Sync 1 DAGs
[2026-05-17T21:28:08.720+0000] {logging_mixin.py:188} INFO - [2026-05-17T21:28:08.719+0000] {dag.py:3834} INFO - Setting next_dagrun for example_sla_dag to 2026-05-17 21:26:00+00:00, run_after=2026-05-17 21:28:00+00:00
[2026-05-17T21:28:08.742+0000] {processor.py:183} INFO - Processing /home/airflow/.local/lib/python3.8/site-packages/airflow/example_dags/example_sla_dag.py took 0.083 seconds
[2026-05-17T21:28:39.037+0000] {processor.py:161} INFO - Started process (PID=3540) to work on /home/airflow/.local/lib/python3.8/site-packages/airflow/example_dags/example_sla_dag.py
[2026-05-17T21:28:39.039+0000] {processor.py:830} INFO - Processing file /home/airflow/.local/lib/python3.8/site-packages/airflow/example_dags/example_sla_dag.py for tasks to queue
[2026-05-17T21:28:39.041+0000] {logging_mixin.py:188} INFO - [2026-05-17T21:28:39.040+0000] {dagbag.py:540} INFO - Filling up the DagBag from /home/airflow/.local/lib/python3.8/site-packages/airflow/example_dags/example_sla_dag.py
[2026-05-17T21:28:39.051+0000] {processor.py:840} INFO - DAG(s) 'example_sla_dag' retrieved from /home/airflow/.local/lib/python3.8/site-packages/airflow/example_dags/example_sla_dag.py
[2026-05-17T21:28:39.071+0000] {logging_mixin.py:188} INFO - [2026-05-17T21:28:39.071+0000] {dag.py:3047} INFO - Sync 1 DAGs
[2026-05-17T21:28:39.093+0000] {logging_mixin.py:188} INFO - [2026-05-17T21:28:39.093+0000] {dag.py:3834} INFO - Setting next_dagrun for example_sla_dag to 2026-05-17 21:26:00+00:00, run_after=2026-05-17 21:28:00+00:00
[2026-05-17T21:28:39.120+0000] {processor.py:183} INFO - Processing /home/airflow/.local/lib/python3.8/site-packages/airflow/example_dags/example_sla_dag.py took 0.086 seconds
[2026-05-17T21:29:09.550+0000] {processor.py:161} INFO - Started process (PID=3595) to work on /home/airflow/.local/lib/python3.8/site-packages/airflow/example_dags/example_sla_dag.py
[2026-05-17T21:29:09.551+0000] {processor.py:830} INFO - Processing file /home/airflow/.local/lib/python3.8/site-packages/airflow/example_dags/example_sla_dag.py for tasks to queue
[2026-05-17T21:29:09.554+0000] {logging_mixin.py:188} INFO - [2026-05-17T21:29:09.553+0000] {dagbag.py:540} INFO - Filling up the DagBag from /home/airflow/.local/lib/python3.8/site-packages/airflow/example_dags/example_sla_dag.py
[2026-05-17T21:29:09.563+0000] {processor.py:840} INFO - DAG(s) 'example_sla_dag' retrieved from /home/airflow/.local/lib/python3.8/site-packages/airflow/example_dags/example_sla_dag.py
[2026-05-17T21:29:09.584+0000] {logging_mixin.py:188} INFO - [2026-05-17T21:29:09.583+0000] {dag.py:3047} INFO - Sync 1 DAGs
[2026-05-17T21:29:09.608+0000] {logging_mixin.py:188} INFO - [2026-05-17T21:29:09.608+0000] {dag.py:3834} INFO - Setting next_dagrun for example_sla_dag to 2026-05-17 21:26:00+00:00, run_after=2026-05-17 21:28:00+00:00
[2026-05-17T21:29:09.634+0000] {processor.py:183} INFO - Processing /home/airflow/.local/lib/python3.8/site-packages/airflow/example_dags/example_sla_dag.py took 0.089 seconds
[2026-05-17T21:29:40.455+0000] {processor.py:161} INFO - Started process (PID=3650) to work on /home/airflow/.local/lib/python3.8/site-packages/airflow/example_dags/example_sla_dag.py
[2026-05-17T21:29:40.456+0000] {processor.py:830} INFO - Processing file /home/airflow/.local/lib/python3.8/site-packages/airflow/example_dags/example_sla_dag.py for tasks to queue
[2026-05-17T21:29:40.458+0000] {logging_mixin.py:188} INFO - [2026-05-17T21:29:40.458+0000] {dagbag.py:540} INFO - Filling up the DagBag from /home/airflow/.local/lib/python3.8/site-packages/airflow/example_dags/example_sla_dag.py
[2026-05-17T21:29:40.464+0000] {processor.py:840} INFO - DAG(s) 'example_sla_dag' retrieved from /home/airflow/.local/lib/python3.8/site-packages/airflow/example_dags/example_sla_dag.py
[2026-05-17T21:29:40.483+0000] {logging_mixin.py:188} INFO - [2026-05-17T21:29:40.483+0000] {dag.py:3047} INFO - Sync 1 DAGs
[2026-05-17T21:29:40.507+0000] {logging_mixin.py:188} INFO - [2026-05-17T21:29:40.507+0000] {dag.py:3834} INFO - Setting next_dagrun for example_sla_dag to 2026-05-17 21:26:00+00:00, run_after=2026-05-17 21:28:00+00:00
[2026-05-17T21:29:40.526+0000] {processor.py:183} INFO - Processing /home/airflow/.local/lib/python3.8/site-packages/airflow/example_dags/example_sla_dag.py took 0.074 seconds
[2026-05-17T21:30:10.825+0000] {processor.py:161} INFO - Started process (PID=3705) to work on /home/airflow/.local/lib/python3.8/site-packages/airflow/example_dags/example_sla_dag.py
[2026-05-17T21:30:10.826+0000] {processor.py:830} INFO - Processing file /home/airflow/.local/lib/python3.8/site-packages/airflow/example_dags/example_sla_dag.py for tasks to queue
[2026-05-17T21:30:10.828+0000] {logging_mixin.py:188} INFO - [2026-05-17T21:30:10.828+0000] {dagbag.py:540} INFO - Filling up the DagBag from /home/airflow/.local/lib/python3.8/site-packages/airflow/example_dags/example_sla_dag.py
[2026-05-17T21:30:10.836+0000] {processor.py:840} INFO - DAG(s) 'example_sla_dag' retrieved from /home/airflow/.local/lib/python3.8/site-packages/airflow/example_dags/example_sla_dag.py
[2026-05-17T21:30:10.856+0000] {logging_mixin.py:188} INFO - [2026-05-17T21:30:10.856+0000] {dag.py:3047} INFO - Sync 1 DAGs
[2026-05-17T21:30:10.883+0000] {logging_mixin.py:188} INFO - [2026-05-17T21:30:10.883+0000] {dag.py:3834} INFO - Setting next_dagrun for example_sla_dag to 2026-05-17 21:28:00+00:00, run_after=2026-05-17 21:30:00+00:00
[2026-05-17T21:30:10.905+0000] {processor.py:183} INFO - Processing /home/airflow/.local/lib/python3.8/site-packages/airflow/example_dags/example_sla_dag.py took 0.083 seconds
[2026-05-17T21:30:41.166+0000] {processor.py:161} INFO - Started process (PID=3759) to work on /home/airflow/.local/lib/python3.8/site-packages/airflow/example_dags/example_sla_dag.py
[2026-05-17T21:30:41.168+0000] {processor.py:830} INFO - Processing file /home/airflow/.local/lib/python3.8/site-packages/airflow/example_dags/example_sla_dag.py for tasks to queue
[2026-05-17T21:30:41.170+0000] {logging_mixin.py:188} INFO - [2026-05-17T21:30:41.170+0000] {dagbag.py:540} INFO - Filling up the DagBag from /home/airflow/.local/lib/python3.8/site-packages/airflow/example_dags/example_sla_dag.py
[2026-05-17T21:30:41.177+0000] {processor.py:840} INFO - DAG(s) 'example_sla_dag' retrieved from /home/airflow/.local/lib/python3.8/site-packages/airflow/example_dags/example_sla_dag.py
[2026-05-17T21:30:41.202+0000] {logging_mixin.py:188} INFO - [2026-05-17T21:30:41.201+0000] {dag.py:3047} INFO - Sync 1 DAGs
[2026-05-17T21:30:41.226+0000] {logging_mixin.py:188} INFO - [2026-05-17T21:30:41.226+0000] {dag.py:3834} INFO - Setting next_dagrun for example_sla_dag to 2026-05-17 21:28:00+00:00, run_after=2026-05-17 21:30:00+00:00
[2026-05-17T21:30:41.254+0000] {processor.py:183} INFO - Processing /home/airflow/.local/lib/python3.8/site-packages/airflow/example_dags/example_sla_dag.py took 0.091 seconds
[2026-05-17T21:31:11.824+0000] {processor.py:161} INFO - Started process (PID=3814) to work on /home/airflow/.local/lib/python3.8/site-packages/airflow/example_dags/example_sla_dag.py
[2026-05-17T21:31:11.825+0000] {processor.py:830} INFO - Processing file /home/airflow/.local/lib/python3.8/site-packages/airflow/example_dags/example_sla_dag.py for tasks to queue
[2026-05-17T21:31:11.827+0000] {logging_mixin.py:188} INFO - [2026-05-17T21:31:11.827+0000] {dagbag.py:540} INFO - Filling up the DagBag from /home/airflow/.local/lib/python3.8/site-packages/airflow/example_dags/example_sla_dag.py
[2026-05-17T21:31:11.835+0000] {processor.py:840} INFO - DAG(s) 'example_sla_dag' retrieved from /home/airflow/.local/lib/python3.8/site-packages/airflow/example_dags/example_sla_dag.py
[2026-05-17T21:31:11.854+0000] {logging_mixin.py:188} INFO - [2026-05-17T21:31:11.854+0000] {dag.py:3047} INFO - Sync 1 DAGs
[2026-05-17T21:31:11.877+0000] {logging_mixin.py:188} INFO - [2026-05-17T21:31:11.877+0000] {dag.py:3834} INFO - Setting next_dagrun for example_sla_dag to 2026-05-17 21:28:00+00:00, run_after=2026-05-17 21:30:00+00:00
[2026-05-17T21:31:11.897+0000] {processor.py:183} INFO - Processing /home/airflow/.local/lib/python3.8/site-packages/airflow/example_dags/example_sla_dag.py took 0.076 seconds
[2026-05-17T21:31:42.767+0000] {processor.py:161} INFO - Started process (PID=3869) to work on /home/airflow/.local/lib/python3.8/site-packages/airflow/example_dags/example_sla_dag.py
[2026-05-17T21:31:42.769+0000] {processor.py:830} INFO - Processing file /home/airflow/.local/lib/python3.8/site-packages/airflow/example_dags/example_sla_dag.py for tasks to queue
[2026-05-17T21:31:42.771+0000] {logging_mixin.py:188} INFO - [2026-05-17T21:31:42.770+0000] {dagbag.py:540} INFO - Filling up the DagBag from /home/airflow/.local/lib/python3.8/site-packages/airflow/example_dags/example_sla_dag.py
[2026-05-17T21:31:42.780+0000] {processor.py:840} INFO - DAG(s) 'example_sla_dag' retrieved from /home/airflow/.local/lib/python3.8/site-packages/airflow/example_dags/example_sla_dag.py
[2026-05-17T21:31:42.805+0000] {logging_mixin.py:188} INFO - [2026-05-17T21:31:42.805+0000] {dag.py:3047} INFO - Sync 1 DAGs
[2026-05-17T21:31:42.835+0000] {logging_mixin.py:188} INFO - [2026-05-17T21:31:42.835+0000] {dag.py:3834} INFO - Setting next_dagrun for example_sla_dag to 2026-05-17 21:28:00+00:00, run_after=2026-05-17 21:30:00+00:00
[2026-05-17T21:31:42.867+0000] {processor.py:183} INFO - Processing /home/airflow/.local/lib/python3.8/site-packages/airflow/example_dags/example_sla_dag.py took 0.103 seconds
[2026-05-17T21:32:12.929+0000] {processor.py:161} INFO - Started process (PID=3924) to work on /home/airflow/.local/lib/python3.8/site-packages/airflow/example_dags/example_sla_dag.py
[2026-05-17T21:32:12.930+0000] {processor.py:830} INFO - Processing file /home/airflow/.local/lib/python3.8/site-packages/airflow/example_dags/example_sla_dag.py for tasks to queue
[2026-05-17T21:32:12.932+0000] {logging_mixin.py:188} INFO - [2026-05-17T21:32:12.932+0000] {dagbag.py:540} INFO - Filling up the DagBag from /home/airflow/.local/lib/python3.8/site-packages/airflow/example_dags/example_sla_dag.py
[2026-05-17T21:32:12.940+0000] {processor.py:840} INFO - DAG(s) 'example_sla_dag' retrieved from /home/airflow/.local/lib/python3.8/site-packages/airflow/example_dags/example_sla_dag.py
[2026-05-17T21:32:12.960+0000] {logging_mixin.py:188} INFO - [2026-05-17T21:32:12.960+0000] {dag.py:3047} INFO - Sync 1 DAGs
[2026-05-17T21:32:12.984+0000] {logging_mixin.py:188} INFO - [2026-05-17T21:32:12.984+0000] {dag.py:3834} INFO - Setting next_dagrun for example_sla_dag to 2026-05-17 21:30:00+00:00, run_after=2026-05-17 21:32:00+00:00
[2026-05-17T21:32:13.001+0000] {processor.py:183} INFO - Processing /home/airflow/.local/lib/python3.8/site-packages/airflow/example_dags/example_sla_dag.py took 0.078 seconds
[2026-05-17T21:32:43.856+0000] {processor.py:161} INFO - Started process (PID=3979) to work on /home/airflow/.local/lib/python3.8/site-packages/airflow/example_dags/example_sla_dag.py
[2026-05-17T21:32:43.857+0000] {processor.py:830} INFO - Processing file /home/airflow/.local/lib/python3.8/site-packages/airflow/example_dags/example_sla_dag.py for tasks to queue
[2026-05-17T21:32:43.858+0000] {logging_mixin.py:188} INFO - [2026-05-17T21:32:43.858+0000] {dagbag.py:540} INFO - Filling up the DagBag from /home/airflow/.local/lib/python3.8/site-packages/airflow/example_dags/example_sla_dag.py
[2026-05-17T21:32:43.867+0000] {processor.py:840} INFO - DAG(s) 'example_sla_dag' retrieved from /home/airflow/.local/lib/python3.8/site-packages/airflow/example_dags/example_sla_dag.py
[2026-05-17T21:32:43.886+0000] {logging_mixin.py:188} INFO - [2026-05-17T21:32:43.886+0000] {dag.py:3047} INFO - Sync 1 DAGs
[2026-05-17T21:32:43.910+0000] {logging_mixin.py:188} INFO - [2026-05-17T21:32:43.910+0000] {dag.py:3834} INFO - Setting next_dagrun for example_sla_dag to 2026-05-17 21:30:00+00:00, run_after=2026-05-17 21:32:00+00:00
[2026-05-17T21:32:43.935+0000] {processor.py:183} INFO - Processing /home/airflow/.local/lib/python3.8/site-packages/airflow/example_dags/example_sla_dag.py took 0.082 seconds
[2026-05-17T21:33:14.318+0000] {processor.py:161} INFO - Started process (PID=4034) to work on /home/airflow/.local/lib/python3.8/site-packages/airflow/example_dags/example_sla_dag.py
[2026-05-17T21:33:14.320+0000] {processor.py:830} INFO - Processing file /home/airflow/.local/lib/python3.8/site-packages/airflow/example_dags/example_sla_dag.py for tasks to queue
[2026-05-17T21:33:14.322+0000] {logging_mixin.py:188} INFO - [2026-05-17T21:33:14.321+0000] {dagbag.py:540} INFO - Filling up the DagBag from /home/airflow/.local/lib/python3.8/site-packages/airflow/example_dags/example_sla_dag.py
[2026-05-17T21:33:14.331+0000] {processor.py:840} INFO - DAG(s) 'example_sla_dag' retrieved from /home/airflow/.local/lib/python3.8/site-packages/airflow/example_dags/example_sla_dag.py
[2026-05-17T21:33:14.354+0000] {logging_mixin.py:188} INFO - [2026-05-17T21:33:14.353+0000] {dag.py:3047} INFO - Sync 1 DAGs
[2026-05-17T21:33:14.375+0000] {logging_mixin.py:188} INFO - [2026-05-17T21:33:14.374+0000] {dag.py:3834} INFO - Setting next_dagrun for example_sla_dag to 2026-05-17 21:30:00+00:00, run_after=2026-05-17 21:32:00+00:00
[2026-05-17T21:33:14.399+0000] {processor.py:183} INFO - Processing /home/airflow/.local/lib/python3.8/site-packages/airflow/example_dags/example_sla_dag.py took 0.084 seconds
[2026-05-17T21:33:44.657+0000] {processor.py:161} INFO - Started process (PID=4089) to work on /home/airflow/.local/lib/python3.8/site-packages/airflow/example_dags/example_sla_dag.py
[2026-05-17T21:33:44.660+0000] {processor.py:830} INFO - Processing file /home/airflow/.local/lib/python3.8/site-packages/airflow/example_dags/example_sla_dag.py for tasks to queue
[2026-05-17T21:33:44.664+0000] {logging_mixin.py:188} INFO - [2026-05-17T21:33:44.663+0000] {dagbag.py:540} INFO - Filling up the DagBag from /home/airflow/.local/lib/python3.8/site-packages/airflow/example_dags/example_sla_dag.py
[2026-05-17T21:33:44.671+0000] {processor.py:840} INFO - DAG(s) 'example_sla_dag' retrieved from /home/airflow/.local/lib/python3.8/site-packages/airflow/example_dags/example_sla_dag.py
[2026-05-17T21:33:44.697+0000] {logging_mixin.py:188} INFO - [2026-05-17T21:33:44.697+0000] {dag.py:3047} INFO - Sync 1 DAGs
[2026-05-17T21:33:44.732+0000] {logging_mixin.py:188} INFO - [2026-05-17T21:33:44.732+0000] {dag.py:3834} INFO - Setting next_dagrun for example_sla_dag to 2026-05-17 21:30:00+00:00, run_after=2026-05-17 21:32:00+00:00
[2026-05-17T21:33:44.768+0000] {processor.py:183} INFO - Processing /home/airflow/.local/lib/python3.8/site-packages/airflow/example_dags/example_sla_dag.py took 0.114 seconds
[2026-05-17T21:34:14.896+0000] {processor.py:161} INFO - Started process (PID=4144) to work on /home/airflow/.local/lib/python3.8/site-packages/airflow/example_dags/example_sla_dag.py
[2026-05-17T21:34:14.897+0000] {processor.py:830} INFO - Processing file /home/airflow/.local/lib/python3.8/site-packages/airflow/example_dags/example_sla_dag.py for tasks to queue
[2026-05-17T21:34:14.899+0000] {logging_mixin.py:188} INFO - [2026-05-17T21:34:14.899+0000] {dagbag.py:540} INFO - Filling up the DagBag from /home/airflow/.local/lib/python3.8/site-packages/airflow/example_dags/example_sla_dag.py
[2026-05-17T21:34:14.907+0000] {processor.py:840} INFO - DAG(s) 'example_sla_dag' retrieved from /home/airflow/.local/lib/python3.8/site-packages/airflow/example_dags/example_sla_dag.py
[2026-05-17T21:34:14.928+0000] {logging_mixin.py:188} INFO - [2026-05-17T21:34:14.928+0000] {dag.py:3047} INFO - Sync 1 DAGs
[2026-05-17T21:34:14.951+0000] {logging_mixin.py:188} INFO - [2026-05-17T21:34:14.951+0000] {dag.py:3834} INFO - Setting next_dagrun for example_sla_dag to 2026-05-17 21:32:00+00:00, run_after=2026-05-17 21:34:00+00:00
[2026-05-17T21:34:14.975+0000] {processor.py:183} INFO - Processing /home/airflow/.local/lib/python3.8/site-packages/airflow/example_dags/example_sla_dag.py took 0.083 seconds
[2026-05-17T21:34:45.107+0000] {processor.py:161} INFO - Started process (PID=4199) to work on /home/airflow/.local/lib/python3.8/site-packages/airflow/example_dags/example_sla_dag.py
[2026-05-17T21:34:45.109+0000] {processor.py:830} INFO - Processing file /home/airflow/.local/lib/python3.8/site-packages/airflow/example_dags/example_sla_dag.py for tasks to queue
[2026-05-17T21:34:45.111+0000] {logging_mixin.py:188} INFO - [2026-05-17T21:34:45.111+0000] {dagbag.py:540} INFO - Filling up the DagBag from /home/airflow/.local/lib/python3.8/site-packages/airflow/example_dags/example_sla_dag.py
[2026-05-17T21:34:45.121+0000] {processor.py:840} INFO - DAG(s) 'example_sla_dag' retrieved from /home/airflow/.local/lib/python3.8/site-packages/airflow/example_dags/example_sla_dag.py
[2026-05-17T21:34:45.140+0000] {logging_mixin.py:188} INFO - [2026-05-17T21:34:45.140+0000] {dag.py:3047} INFO - Sync 1 DAGs
[2026-05-17T21:34:45.160+0000] {logging_mixin.py:188} INFO - [2026-05-17T21:34:45.160+0000] {dag.py:3834} INFO - Setting next_dagrun for example_sla_dag to 2026-05-17 21:32:00+00:00, run_after=2026-05-17 21:34:00+00:00
[2026-05-17T21:34:45.178+0000] {processor.py:183} INFO - Processing /home/airflow/.local/lib/python3.8/site-packages/airflow/example_dags/example_sla_dag.py took 0.075 seconds
[2026-05-17T21:35:15.355+0000] {processor.py:161} INFO - Started process (PID=4254) to work on /home/airflow/.local/lib/python3.8/site-packages/airflow/example_dags/example_sla_dag.py
[2026-05-17T21:35:15.358+0000] {processor.py:830} INFO - Processing file /home/airflow/.local/lib/python3.8/site-packages/airflow/example_dags/example_sla_dag.py for tasks to queue
[2026-05-17T21:35:15.362+0000] {logging_mixin.py:188} INFO - [2026-05-17T21:35:15.362+0000] {dagbag.py:540} INFO - Filling up the DagBag from /home/airflow/.local/lib/python3.8/site-packages/airflow/example_dags/example_sla_dag.py
[2026-05-17T21:35:15.373+0000] {processor.py:840} INFO - DAG(s) 'example_sla_dag' retrieved from /home/airflow/.local/lib/python3.8/site-packages/airflow/example_dags/example_sla_dag.py
[2026-05-17T21:35:15.393+0000] {logging_mixin.py:188} INFO - [2026-05-17T21:35:15.393+0000] {dag.py:3047} INFO - Sync 1 DAGs
[2026-05-17T21:35:15.418+0000] {logging_mixin.py:188} INFO - [2026-05-17T21:35:15.418+0000] {dag.py:3834} INFO - Setting next_dagrun for example_sla_dag to 2026-05-17 21:32:00+00:00, run_after=2026-05-17 21:34:00+00:00
[2026-05-17T21:35:15.443+0000] {processor.py:183} INFO - Processing /home/airflow/.local/lib/python3.8/site-packages/airflow/example_dags/example_sla_dag.py took 0.091 seconds
[2026-05-17T21:35:45.629+0000] {processor.py:161} INFO - Started process (PID=4315) to work on /home/airflow/.local/lib/python3.8/site-packages/airflow/example_dags/example_sla_dag.py
[2026-05-17T21:35:45.631+0000] {processor.py:830} INFO - Processing file /home/airflow/.local/lib/python3.8/site-packages/airflow/example_dags/example_sla_dag.py for tasks to queue
[2026-05-17T21:35:45.633+0000] {logging_mixin.py:188} INFO - [2026-05-17T21:35:45.633+0000] {dagbag.py:540} INFO - Filling up the DagBag from /home/airflow/.local/lib/python3.8/site-packages/airflow/example_dags/example_sla_dag.py
[2026-05-17T21:35:45.645+0000] {processor.py:840} INFO - DAG(s) 'example_sla_dag' retrieved from /home/airflow/.local/lib/python3.8/site-packages/airflow/example_dags/example_sla_dag.py
[2026-05-17T21:35:45.665+0000] {logging_mixin.py:188} INFO - [2026-05-17T21:35:45.665+0000] {dag.py:3047} INFO - Sync 1 DAGs
[2026-05-17T21:35:45.688+0000] {logging_mixin.py:188} INFO - [2026-05-17T21:35:45.688+0000] {dag.py:3834} INFO - Setting next_dagrun for example_sla_dag to 2026-05-17 21:32:00+00:00, run_after=2026-05-17 21:34:00+00:00
[2026-05-17T21:35:45.708+0000] {processor.py:183} INFO - Processing /home/airflow/.local/lib/python3.8/site-packages/airflow/example_dags/example_sla_dag.py took 0.083 seconds
[2026-05-17T21:36:15.922+0000] {processor.py:161} INFO - Started process (PID=4370) to work on /home/airflow/.local/lib/python3.8/site-packages/airflow/example_dags/example_sla_dag.py
[2026-05-17T21:36:15.924+0000] {processor.py:830} INFO - Processing file /home/airflow/.local/lib/python3.8/site-packages/airflow/example_dags/example_sla_dag.py for tasks to queue
[2026-05-17T21:36:15.925+0000] {logging_mixin.py:188} INFO - [2026-05-17T21:36:15.925+0000] {dagbag.py:540} INFO - Filling up the DagBag from /home/airflow/.local/lib/python3.8/site-packages/airflow/example_dags/example_sla_dag.py
[2026-05-17T21:36:15.933+0000] {processor.py:840} INFO - DAG(s) 'example_sla_dag' retrieved from /home/airflow/.local/lib/python3.8/site-packages/airflow/example_dags/example_sla_dag.py
[2026-05-17T21:36:15.954+0000] {logging_mixin.py:188} INFO - [2026-05-17T21:36:15.954+0000] {dag.py:3047} INFO - Sync 1 DAGs
[2026-05-17T21:36:15.974+0000] {logging_mixin.py:188} INFO - [2026-05-17T21:36:15.974+0000] {dag.py:3834} INFO - Setting next_dagrun for example_sla_dag to 2026-05-17 21:34:00+00:00, run_after=2026-05-17 21:36:00+00:00
[2026-05-17T21:36:15.994+0000] {processor.py:183} INFO - Processing /home/airflow/.local/lib/python3.8/site-packages/airflow/example_dags/example_sla_dag.py took 0.074 seconds
[2026-05-17T21:36:46.283+0000] {processor.py:161} INFO - Started process (PID=4425) to work on /home/airflow/.local/lib/python3.8/site-packages/airflow/example_dags/example_sla_dag.py
[2026-05-17T21:36:46.286+0000] {processor.py:830} INFO - Processing file /home/airflow/.local/lib/python3.8/site-packages/airflow/example_dags/example_sla_dag.py for tasks to queue
[2026-05-17T21:36:46.289+0000] {logging_mixin.py:188} INFO - [2026-05-17T21:36:46.289+0000] {dagbag.py:540} INFO - Filling up the DagBag from /home/airflow/.local/lib/python3.8/site-packages/airflow/example_dags/example_sla_dag.py
[2026-05-17T21:36:46.301+0000] {processor.py:840} INFO - DAG(s) 'example_sla_dag' retrieved from /home/airflow/.local/lib/python3.8/site-packages/airflow/example_dags/example_sla_dag.py
[2026-05-17T21:36:46.339+0000] {logging_mixin.py:188} INFO - [2026-05-17T21:36:46.338+0000] {dag.py:3047} INFO - Sync 1 DAGs
[2026-05-17T21:36:46.377+0000] {logging_mixin.py:188} INFO - [2026-05-17T21:36:46.377+0000] {dag.py:3834} INFO - Setting next_dagrun for example_sla_dag to 2026-05-17 21:34:00+00:00, run_after=2026-05-17 21:36:00+00:00
[2026-05-17T21:36:46.408+0000] {processor.py:183} INFO - Processing /home/airflow/.local/lib/python3.8/site-packages/airflow/example_dags/example_sla_dag.py took 0.132 seconds
[2026-05-17T21:37:16.462+0000] {processor.py:161} INFO - Started process (PID=4479) to work on /home/airflow/.local/lib/python3.8/site-packages/airflow/example_dags/example_sla_dag.py
[2026-05-17T21:37:16.464+0000] {processor.py:830} INFO - Processing file /home/airflow/.local/lib/python3.8/site-packages/airflow/example_dags/example_sla_dag.py for tasks to queue
[2026-05-17T21:37:16.466+0000] {logging_mixin.py:188} INFO - [2026-05-17T21:37:16.466+0000] {dagbag.py:540} INFO - Filling up the DagBag from /home/airflow/.local/lib/python3.8/site-packages/airflow/example_dags/example_sla_dag.py
[2026-05-17T21:37:16.475+0000] {processor.py:840} INFO - DAG(s) 'example_sla_dag' retrieved from /home/airflow/.local/lib/python3.8/site-packages/airflow/example_dags/example_sla_dag.py
[2026-05-17T21:37:16.496+0000] {logging_mixin.py:188} INFO - [2026-05-17T21:37:16.496+0000] {dag.py:3047} INFO - Sync 1 DAGs
[2026-05-17T21:37:16.526+0000] {logging_mixin.py:188} INFO - [2026-05-17T21:37:16.526+0000] {dag.py:3834} INFO - Setting next_dagrun for example_sla_dag to 2026-05-17 21:34:00+00:00, run_after=2026-05-17 21:36:00+00:00
[2026-05-17T21:37:16.556+0000] {processor.py:183} INFO - Processing /home/airflow/.local/lib/python3.8/site-packages/airflow/example_dags/example_sla_dag.py took 0.096 seconds
[2026-05-17T21:37:46.833+0000] {processor.py:161} INFO - Started process (PID=4535) to work on /home/airflow/.local/lib/python3.8/site-packages/airflow/example_dags/example_sla_dag.py
[2026-05-17T21:37:46.834+0000] {processor.py:830} INFO - Processing file /home/airflow/.local/lib/python3.8/site-packages/airflow/example_dags/example_sla_dag.py for tasks to queue
[2026-05-17T21:37:46.836+0000] {logging_mixin.py:188} INFO - [2026-05-17T21:37:46.836+0000] {dagbag.py:540} INFO - Filling up the DagBag from /home/airflow/.local/lib/python3.8/site-packages/airflow/example_dags/example_sla_dag.py
[2026-05-17T21:37:46.850+0000] {processor.py:840} INFO - DAG(s) 'example_sla_dag' retrieved from /home/airflow/.local/lib/python3.8/site-packages/airflow/example_dags/example_sla_dag.py
[2026-05-17T21:37:46.874+0000] {logging_mixin.py:188} INFO - [2026-05-17T21:37:46.874+0000] {dag.py:3047} INFO - Sync 1 DAGs
[2026-05-17T21:37:46.900+0000] {logging_mixin.py:188} INFO - [2026-05-17T21:37:46.899+0000] {dag.py:3834} INFO - Setting next_dagrun for example_sla_dag to 2026-05-17 21:34:00+00:00, run_after=2026-05-17 21:36:00+00:00
[2026-05-17T21:37:46.919+0000] {processor.py:183} INFO - Processing /home/airflow/.local/lib/python3.8/site-packages/airflow/example_dags/example_sla_dag.py took 0.090 seconds
[2026-05-17T21:38:17.380+0000] {processor.py:161} INFO - Started process (PID=4590) to work on /home/airflow/.local/lib/python3.8/site-packages/airflow/example_dags/example_sla_dag.py
[2026-05-17T21:38:17.382+0000] {processor.py:830} INFO - Processing file /home/airflow/.local/lib/python3.8/site-packages/airflow/example_dags/example_sla_dag.py for tasks to queue
[2026-05-17T21:38:17.383+0000] {logging_mixin.py:188} INFO - [2026-05-17T21:38:17.383+0000] {dagbag.py:540} INFO - Filling up the DagBag from /home/airflow/.local/lib/python3.8/site-packages/airflow/example_dags/example_sla_dag.py
[2026-05-17T21:38:17.393+0000] {processor.py:840} INFO - DAG(s) 'example_sla_dag' retrieved from /home/airflow/.local/lib/python3.8/site-packages/airflow/example_dags/example_sla_dag.py
[2026-05-17T21:38:17.414+0000] {logging_mixin.py:188} INFO - [2026-05-17T21:38:17.414+0000] {dag.py:3047} INFO - Sync 1 DAGs
[2026-05-17T21:38:17.438+0000] {logging_mixin.py:188} INFO - [2026-05-17T21:38:17.438+0000] {dag.py:3834} INFO - Setting next_dagrun for example_sla_dag to 2026-05-17 21:36:00+00:00, run_after=2026-05-17 21:38:00+00:00
[2026-05-17T21:38:17.457+0000] {processor.py:183} INFO - Processing /home/airflow/.local/lib/python3.8/site-packages/airflow/example_dags/example_sla_dag.py took 0.079 seconds
[2026-05-17T21:38:47.820+0000] {processor.py:161} INFO - Started process (PID=4645) to work on /home/airflow/.local/lib/python3.8/site-packages/airflow/example_dags/example_sla_dag.py
[2026-05-17T21:38:47.822+0000] {processor.py:830} INFO - Processing file /home/airflow/.local/lib/python3.8/site-packages/airflow/example_dags/example_sla_dag.py for tasks to queue
[2026-05-17T21:38:47.826+0000] {logging_mixin.py:188} INFO - [2026-05-17T21:38:47.825+0000] {dagbag.py:540} INFO - Filling up the DagBag from /home/airflow/.local/lib/python3.8/site-packages/airflow/example_dags/example_sla_dag.py
[2026-05-17T21:38:47.840+0000] {processor.py:840} INFO - DAG(s) 'example_sla_dag' retrieved from /home/airflow/.local/lib/python3.8/site-packages/airflow/example_dags/example_sla_dag.py
[2026-05-17T21:38:47.877+0000] {logging_mixin.py:188} INFO - [2026-05-17T21:38:47.876+0000] {dag.py:3047} INFO - Sync 1 DAGs
[2026-05-17T21:38:47.914+0000] {logging_mixin.py:188} INFO - [2026-05-17T21:38:47.914+0000] {dag.py:3834} INFO - Setting next_dagrun for example_sla_dag to 2026-05-17 21:36:00+00:00, run_after=2026-05-17 21:38:00+00:00
[2026-05-17T21:38:47.950+0000] {processor.py:183} INFO - Processing /home/airflow/.local/lib/python3.8/site-packages/airflow/example_dags/example_sla_dag.py took 0.136 seconds
[2026-05-17T21:39:17.997+0000] {processor.py:161} INFO - Started process (PID=4699) to work on /home/airflow/.local/lib/python3.8/site-packages/airflow/example_dags/example_sla_dag.py
[2026-05-17T21:39:17.998+0000] {processor.py:830} INFO - Processing file /home/airflow/.local/lib/python3.8/site-packages/airflow/example_dags/example_sla_dag.py for tasks to queue
[2026-05-17T21:39:18.001+0000] {logging_mixin.py:188} INFO - [2026-05-17T21:39:18.000+0000] {dagbag.py:540} INFO - Filling up the DagBag from /home/airflow/.local/lib/python3.8/site-packages/airflow/example_dags/example_sla_dag.py
[2026-05-17T21:39:18.009+0000] {processor.py:840} INFO - DAG(s) 'example_sla_dag' retrieved from /home/airflow/.local/lib/python3.8/site-packages/airflow/example_dags/example_sla_dag.py
[2026-05-17T21:39:18.026+0000] {logging_mixin.py:188} INFO - [2026-05-17T21:39:18.026+0000] {dag.py:3047} INFO - Sync 1 DAGs
[2026-05-17T21:39:18.044+0000] {logging_mixin.py:188} INFO - [2026-05-17T21:39:18.044+0000] {dag.py:3834} INFO - Setting next_dagrun for example_sla_dag to 2026-05-17 21:36:00+00:00, run_after=2026-05-17 21:38:00+00:00
[2026-05-17T21:39:18.062+0000] {processor.py:183} INFO - Processing /home/airflow/.local/lib/python3.8/site-packages/airflow/example_dags/example_sla_dag.py took 0.069 seconds
[2026-05-17T21:39:48.203+0000] {processor.py:161} INFO - Started process (PID=4754) to work on /home/airflow/.local/lib/python3.8/site-packages/airflow/example_dags/example_sla_dag.py
[2026-05-17T21:39:48.204+0000] {processor.py:830} INFO - Processing file /home/airflow/.local/lib/python3.8/site-packages/airflow/example_dags/example_sla_dag.py for tasks to queue
[2026-05-17T21:39:48.206+0000] {logging_mixin.py:188} INFO - [2026-05-17T21:39:48.206+0000] {dagbag.py:540} INFO - Filling up the DagBag from /home/airflow/.local/lib/python3.8/site-packages/airflow/example_dags/example_sla_dag.py
[2026-05-17T21:39:48.214+0000] {processor.py:840} INFO - DAG(s) 'example_sla_dag' retrieved from /home/airflow/.local/lib/python3.8/site-packages/airflow/example_dags/example_sla_dag.py
[2026-05-17T21:39:48.232+0000] {logging_mixin.py:188} INFO - [2026-05-17T21:39:48.232+0000] {dag.py:3047} INFO - Sync 1 DAGs
[2026-05-17T21:39:48.252+0000] {logging_mixin.py:188} INFO - [2026-05-17T21:39:48.251+0000] {dag.py:3834} INFO - Setting next_dagrun for example_sla_dag to 2026-05-17 21:36:00+00:00, run_after=2026-05-17 21:38:00+00:00
[2026-05-17T21:39:48.269+0000] {processor.py:183} INFO - Processing /home/airflow/.local/lib/python3.8/site-packages/airflow/example_dags/example_sla_dag.py took 0.070 seconds
[2026-05-17T21:40:18.350+0000] {processor.py:161} INFO - Started process (PID=4809) to work on /home/airflow/.local/lib/python3.8/site-packages/airflow/example_dags/example_sla_dag.py
[2026-05-17T21:40:18.351+0000] {processor.py:830} INFO - Processing file /home/airflow/.local/lib/python3.8/site-packages/airflow/example_dags/example_sla_dag.py for tasks to queue
[2026-05-17T21:40:18.353+0000] {logging_mixin.py:188} INFO - [2026-05-17T21:40:18.353+0000] {dagbag.py:540} INFO - Filling up the DagBag from /home/airflow/.local/lib/python3.8/site-packages/airflow/example_dags/example_sla_dag.py
[2026-05-17T21:40:18.362+0000] {processor.py:840} INFO - DAG(s) 'example_sla_dag' retrieved from /home/airflow/.local/lib/python3.8/site-packages/airflow/example_dags/example_sla_dag.py
[2026-05-17T21:40:18.381+0000] {logging_mixin.py:188} INFO - [2026-05-17T21:40:18.380+0000] {dag.py:3047} INFO - Sync 1 DAGs
[2026-05-17T21:40:18.401+0000] {logging_mixin.py:188} INFO - [2026-05-17T21:40:18.401+0000] {dag.py:3834} INFO - Setting next_dagrun for example_sla_dag to 2026-05-17 21:38:00+00:00, run_after=2026-05-17 21:40:00+00:00
[2026-05-17T21:40:18.418+0000] {processor.py:183} INFO - Processing /home/airflow/.local/lib/python3.8/site-packages/airflow/example_dags/example_sla_dag.py took 0.070 seconds
[2026-05-17T21:40:48.589+0000] {processor.py:161} INFO - Started process (PID=4865) to work on /home/airflow/.local/lib/python3.8/site-packages/airflow/example_dags/example_sla_dag.py
[2026-05-17T21:40:48.590+0000] {processor.py:830} INFO - Processing file /home/airflow/.local/lib/python3.8/site-packages/airflow/example_dags/example_sla_dag.py for tasks to queue
[2026-05-17T21:40:48.593+0000] {logging_mixin.py:188} INFO - [2026-05-17T21:40:48.592+0000] {dagbag.py:540} INFO - Filling up the DagBag from /home/airflow/.local/lib/python3.8/site-packages/airflow/example_dags/example_sla_dag.py
[2026-05-17T21:40:48.599+0000] {processor.py:840} INFO - DAG(s) 'example_sla_dag' retrieved from /home/airflow/.local/lib/python3.8/site-packages/airflow/example_dags/example_sla_dag.py
[2026-05-17T21:40:48.622+0000] {logging_mixin.py:188} INFO - [2026-05-17T21:40:48.622+0000] {dag.py:3047} INFO - Sync 1 DAGs
[2026-05-17T21:40:48.647+0000] {logging_mixin.py:188} INFO - [2026-05-17T21:40:48.646+0000] {dag.py:3834} INFO - Setting next_dagrun for example_sla_dag to 2026-05-17 21:38:00+00:00, run_after=2026-05-17 21:40:00+00:00
[2026-05-17T21:40:48.673+0000] {processor.py:183} INFO - Processing /home/airflow/.local/lib/python3.8/site-packages/airflow/example_dags/example_sla_dag.py took 0.087 seconds
[2026-05-17T21:41:18.805+0000] {processor.py:161} INFO - Started process (PID=4920) to work on /home/airflow/.local/lib/python3.8/site-packages/airflow/example_dags/example_sla_dag.py
[2026-05-17T21:41:18.806+0000] {processor.py:830} INFO - Processing file /home/airflow/.local/lib/python3.8/site-packages/airflow/example_dags/example_sla_dag.py for tasks to queue
[2026-05-17T21:41:18.808+0000] {logging_mixin.py:188} INFO - [2026-05-17T21:41:18.808+0000] {dagbag.py:540} INFO - Filling up the DagBag from /home/airflow/.local/lib/python3.8/site-packages/airflow/example_dags/example_sla_dag.py
[2026-05-17T21:41:18.817+0000] {processor.py:840} INFO - DAG(s) 'example_sla_dag' retrieved from /home/airflow/.local/lib/python3.8/site-packages/airflow/example_dags/example_sla_dag.py
[2026-05-17T21:41:18.836+0000] {logging_mixin.py:188} INFO - [2026-05-17T21:41:18.836+0000] {dag.py:3047} INFO - Sync 1 DAGs
[2026-05-17T21:41:18.858+0000] {logging_mixin.py:188} INFO - [2026-05-17T21:41:18.858+0000] {dag.py:3834} INFO - Setting next_dagrun for example_sla_dag to 2026-05-17 21:38:00+00:00, run_after=2026-05-17 21:40:00+00:00
[2026-05-17T21:41:18.879+0000] {processor.py:183} INFO - Processing /home/airflow/.local/lib/python3.8/site-packages/airflow/example_dags/example_sla_dag.py took 0.077 seconds
[2026-05-17T21:41:49.183+0000] {processor.py:161} INFO - Started process (PID=4975) to work on /home/airflow/.local/lib/python3.8/site-packages/airflow/example_dags/example_sla_dag.py
[2026-05-17T21:41:49.185+0000] {processor.py:830} INFO - Processing file /home/airflow/.local/lib/python3.8/site-packages/airflow/example_dags/example_sla_dag.py for tasks to queue
[2026-05-17T21:41:49.187+0000] {logging_mixin.py:188} INFO - [2026-05-17T21:41:49.186+0000] {dagbag.py:540} INFO - Filling up the DagBag from /home/airflow/.local/lib/python3.8/site-packages/airflow/example_dags/example_sla_dag.py
[2026-05-17T21:41:49.197+0000] {processor.py:840} INFO - DAG(s) 'example_sla_dag' retrieved from /home/airflow/.local/lib/python3.8/site-packages/airflow/example_dags/example_sla_dag.py
[2026-05-17T21:41:49.219+0000] {logging_mixin.py:188} INFO - [2026-05-17T21:41:49.219+0000] {dag.py:3047} INFO - Sync 1 DAGs
[2026-05-17T21:41:49.245+0000] {logging_mixin.py:188} INFO - [2026-05-17T21:41:49.244+0000] {dag.py:3834} INFO - Setting next_dagrun for example_sla_dag to 2026-05-17 21:38:00+00:00, run_after=2026-05-17 21:40:00+00:00
[2026-05-17T21:41:49.265+0000] {processor.py:183} INFO - Processing /home/airflow/.local/lib/python3.8/site-packages/airflow/example_dags/example_sla_dag.py took 0.085 seconds
[2026-05-17T21:42:19.413+0000] {processor.py:161} INFO - Started process (PID=5030) to work on /home/airflow/.local/lib/python3.8/site-packages/airflow/example_dags/example_sla_dag.py
[2026-05-17T21:42:19.415+0000] {processor.py:830} INFO - Processing file /home/airflow/.local/lib/python3.8/site-packages/airflow/example_dags/example_sla_dag.py for tasks to queue
[2026-05-17T21:42:19.416+0000] {logging_mixin.py:188} INFO - [2026-05-17T21:42:19.416+0000] {dagbag.py:540} INFO - Filling up the DagBag from /home/airflow/.local/lib/python3.8/site-packages/airflow/example_dags/example_sla_dag.py
[2026-05-17T21:42:19.424+0000] {processor.py:840} INFO - DAG(s) 'example_sla_dag' retrieved from /home/airflow/.local/lib/python3.8/site-packages/airflow/example_dags/example_sla_dag.py
[2026-05-17T21:42:19.440+0000] {logging_mixin.py:188} INFO - [2026-05-17T21:42:19.440+0000] {dag.py:3047} INFO - Sync 1 DAGs
[2026-05-17T21:42:19.459+0000] {logging_mixin.py:188} INFO - [2026-05-17T21:42:19.459+0000] {dag.py:3834} INFO - Setting next_dagrun for example_sla_dag to 2026-05-17 21:40:00+00:00, run_after=2026-05-17 21:42:00+00:00
[2026-05-17T21:42:19.473+0000] {processor.py:183} INFO - Processing /home/airflow/.local/lib/python3.8/site-packages/airflow/example_dags/example_sla_dag.py took 0.063 seconds
[2026-05-17T21:42:49.539+0000] {processor.py:161} INFO - Started process (PID=5085) to work on /home/airflow/.local/lib/python3.8/site-packages/airflow/example_dags/example_sla_dag.py
[2026-05-17T21:42:49.542+0000] {processor.py:830} INFO - Processing file /home/airflow/.local/lib/python3.8/site-packages/airflow/example_dags/example_sla_dag.py for tasks to queue
[2026-05-17T21:42:49.544+0000] {logging_mixin.py:188} INFO - [2026-05-17T21:42:49.544+0000] {dagbag.py:540} INFO - Filling up the DagBag from /home/airflow/.local/lib/python3.8/site-packages/airflow/example_dags/example_sla_dag.py
[2026-05-17T21:42:49.552+0000] {processor.py:840} INFO - DAG(s) 'example_sla_dag' retrieved from /home/airflow/.local/lib/python3.8/site-packages/airflow/example_dags/example_sla_dag.py
[2026-05-17T21:42:49.570+0000] {logging_mixin.py:188} INFO - [2026-05-17T21:42:49.569+0000] {dag.py:3047} INFO - Sync 1 DAGs
[2026-05-17T21:42:49.588+0000] {logging_mixin.py:188} INFO - [2026-05-17T21:42:49.588+0000] {dag.py:3834} INFO - Setting next_dagrun for example_sla_dag to 2026-05-17 21:40:00+00:00, run_after=2026-05-17 21:42:00+00:00
[2026-05-17T21:42:49.603+0000] {processor.py:183} INFO - Processing /home/airflow/.local/lib/python3.8/site-packages/airflow/example_dags/example_sla_dag.py took 0.068 seconds
[2026-05-17T21:43:19.821+0000] {processor.py:161} INFO - Started process (PID=5140) to work on /home/airflow/.local/lib/python3.8/site-packages/airflow/example_dags/example_sla_dag.py
[2026-05-17T21:43:19.822+0000] {processor.py:830} INFO - Processing file /home/airflow/.local/lib/python3.8/site-packages/airflow/example_dags/example_sla_dag.py for tasks to queue
[2026-05-17T21:43:19.825+0000] {logging_mixin.py:188} INFO - [2026-05-17T21:43:19.824+0000] {dagbag.py:540} INFO - Filling up the DagBag from /home/airflow/.local/lib/python3.8/site-packages/airflow/example_dags/example_sla_dag.py
[2026-05-17T21:43:19.835+0000] {processor.py:840} INFO - DAG(s) 'example_sla_dag' retrieved from /home/airflow/.local/lib/python3.8/site-packages/airflow/example_dags/example_sla_dag.py
[2026-05-17T21:43:19.854+0000] {logging_mixin.py:188} INFO - [2026-05-17T21:43:19.854+0000] {dag.py:3047} INFO - Sync 1 DAGs
[2026-05-17T21:43:19.874+0000] {logging_mixin.py:188} INFO - [2026-05-17T21:43:19.874+0000] {dag.py:3834} INFO - Setting next_dagrun for example_sla_dag to 2026-05-17 21:40:00+00:00, run_after=2026-05-17 21:42:00+00:00
[2026-05-17T21:43:19.891+0000] {processor.py:183} INFO - Processing /home/airflow/.local/lib/python3.8/site-packages/airflow/example_dags/example_sla_dag.py took 0.076 seconds
[2026-05-17T21:43:50.037+0000] {processor.py:161} INFO - Started process (PID=5195) to work on /home/airflow/.local/lib/python3.8/site-packages/airflow/example_dags/example_sla_dag.py
[2026-05-17T21:43:50.038+0000] {processor.py:830} INFO - Processing file /home/airflow/.local/lib/python3.8/site-packages/airflow/example_dags/example_sla_dag.py for tasks to queue
[2026-05-17T21:43:50.040+0000] {logging_mixin.py:188} INFO - [2026-05-17T21:43:50.040+0000] {dagbag.py:540} INFO - Filling up the DagBag from /home/airflow/.local/lib/python3.8/site-packages/airflow/example_dags/example_sla_dag.py
[2026-05-17T21:43:50.050+0000] {processor.py:840} INFO - DAG(s) 'example_sla_dag' retrieved from /home/airflow/.local/lib/python3.8/site-packages/airflow/example_dags/example_sla_dag.py
[2026-05-17T21:43:50.071+0000] {logging_mixin.py:188} INFO - [2026-05-17T21:43:50.071+0000] {dag.py:3047} INFO - Sync 1 DAGs
[2026-05-17T21:43:50.099+0000] {logging_mixin.py:188} INFO - [2026-05-17T21:43:50.099+0000] {dag.py:3834} INFO - Setting next_dagrun for example_sla_dag to 2026-05-17 21:40:00+00:00, run_after=2026-05-17 21:42:00+00:00
[2026-05-17T21:43:50.122+0000] {processor.py:183} INFO - Processing /home/airflow/.local/lib/python3.8/site-packages/airflow/example_dags/example_sla_dag.py took 0.088 seconds
[2026-05-17T21:44:20.443+0000] {processor.py:161} INFO - Started process (PID=5250) to work on /home/airflow/.local/lib/python3.8/site-packages/airflow/example_dags/example_sla_dag.py
[2026-05-17T21:44:20.446+0000] {processor.py:830} INFO - Processing file /home/airflow/.local/lib/python3.8/site-packages/airflow/example_dags/example_sla_dag.py for tasks to queue
[2026-05-17T21:44:20.448+0000] {logging_mixin.py:188} INFO - [2026-05-17T21:44:20.448+0000] {dagbag.py:540} INFO - Filling up the DagBag from /home/airflow/.local/lib/python3.8/site-packages/airflow/example_dags/example_sla_dag.py
[2026-05-17T21:44:20.459+0000] {processor.py:840} INFO - DAG(s) 'example_sla_dag' retrieved from /home/airflow/.local/lib/python3.8/site-packages/airflow/example_dags/example_sla_dag.py
[2026-05-17T21:44:20.482+0000] {logging_mixin.py:188} INFO - [2026-05-17T21:44:20.482+0000] {dag.py:3047} INFO - Sync 1 DAGs
[2026-05-17T21:44:20.506+0000] {logging_mixin.py:188} INFO - [2026-05-17T21:44:20.506+0000] {dag.py:3834} INFO - Setting next_dagrun for example_sla_dag to 2026-05-17 21:42:00+00:00, run_after=2026-05-17 21:44:00+00:00
[2026-05-17T21:44:20.531+0000] {processor.py:183} INFO - Processing /home/airflow/.local/lib/python3.8/site-packages/airflow/example_dags/example_sla_dag.py took 0.092 seconds
[2026-05-17T21:44:50.719+0000] {processor.py:161} INFO - Started process (PID=5305) to work on /home/airflow/.local/lib/python3.8/site-packages/airflow/example_dags/example_sla_dag.py
[2026-05-17T21:44:50.721+0000] {processor.py:830} INFO - Processing file /home/airflow/.local/lib/python3.8/site-packages/airflow/example_dags/example_sla_dag.py for tasks to queue
[2026-05-17T21:44:50.724+0000] {logging_mixin.py:188} INFO - [2026-05-17T21:44:50.724+0000] {dagbag.py:540} INFO - Filling up the DagBag from /home/airflow/.local/lib/python3.8/site-packages/airflow/example_dags/example_sla_dag.py
[2026-05-17T21:44:50.733+0000] {processor.py:840} INFO - DAG(s) 'example_sla_dag' retrieved from /home/airflow/.local/lib/python3.8/site-packages/airflow/example_dags/example_sla_dag.py
[2026-05-17T21:44:50.759+0000] {logging_mixin.py:188} INFO - [2026-05-17T21:44:50.759+0000] {dag.py:3047} INFO - Sync 1 DAGs
[2026-05-17T21:44:50.779+0000] {logging_mixin.py:188} INFO - [2026-05-17T21:44:50.779+0000] {dag.py:3834} INFO - Setting next_dagrun for example_sla_dag to 2026-05-17 21:42:00+00:00, run_after=2026-05-17 21:44:00+00:00
[2026-05-17T21:44:50.796+0000] {processor.py:183} INFO - Processing /home/airflow/.local/lib/python3.8/site-packages/airflow/example_dags/example_sla_dag.py took 0.080 seconds
[2026-05-17T21:45:21.044+0000] {processor.py:161} INFO - Started process (PID=5360) to work on /home/airflow/.local/lib/python3.8/site-packages/airflow/example_dags/example_sla_dag.py
[2026-05-17T21:45:21.045+0000] {processor.py:830} INFO - Processing file /home/airflow/.local/lib/python3.8/site-packages/airflow/example_dags/example_sla_dag.py for tasks to queue
[2026-05-17T21:45:21.047+0000] {logging_mixin.py:188} INFO - [2026-05-17T21:45:21.047+0000] {dagbag.py:540} INFO - Filling up the DagBag from /home/airflow/.local/lib/python3.8/site-packages/airflow/example_dags/example_sla_dag.py
[2026-05-17T21:45:21.056+0000] {processor.py:840} INFO - DAG(s) 'example_sla_dag' retrieved from /home/airflow/.local/lib/python3.8/site-packages/airflow/example_dags/example_sla_dag.py
[2026-05-17T21:45:21.074+0000] {logging_mixin.py:188} INFO - [2026-05-17T21:45:21.073+0000] {dag.py:3047} INFO - Sync 1 DAGs
[2026-05-17T21:45:21.095+0000] {logging_mixin.py:188} INFO - [2026-05-17T21:45:21.095+0000] {dag.py:3834} INFO - Setting next_dagrun for example_sla_dag to 2026-05-17 21:42:00+00:00, run_after=2026-05-17 21:44:00+00:00
[2026-05-17T21:45:21.116+0000] {processor.py:183} INFO - Processing /home/airflow/.local/lib/python3.8/site-packages/airflow/example_dags/example_sla_dag.py took 0.076 seconds
[2026-05-17T21:45:51.470+0000] {processor.py:161} INFO - Started process (PID=5415) to work on /home/airflow/.local/lib/python3.8/site-packages/airflow/example_dags/example_sla_dag.py
[2026-05-17T21:45:51.472+0000] {processor.py:830} INFO - Processing file /home/airflow/.local/lib/python3.8/site-packages/airflow/example_dags/example_sla_dag.py for tasks to queue
[2026-05-17T21:45:51.473+0000] {logging_mixin.py:188} INFO - [2026-05-17T21:45:51.473+0000] {dagbag.py:540} INFO - Filling up the DagBag from /home/airflow/.local/lib/python3.8/site-packages/airflow/example_dags/example_sla_dag.py
[2026-05-17T21:45:51.482+0000] {processor.py:840} INFO - DAG(s) 'example_sla_dag' retrieved from /home/airflow/.local/lib/python3.8/site-packages/airflow/example_dags/example_sla_dag.py
[2026-05-17T21:45:51.510+0000] {logging_mixin.py:188} INFO - [2026-05-17T21:45:51.510+0000] {dag.py:3047} INFO - Sync 1 DAGs
[2026-05-17T21:45:51.538+0000] {logging_mixin.py:188} INFO - [2026-05-17T21:45:51.537+0000] {dag.py:3834} INFO - Setting next_dagrun for example_sla_dag to 2026-05-17 21:42:00+00:00, run_after=2026-05-17 21:44:00+00:00
[2026-05-17T21:45:51.560+0000] {processor.py:183} INFO - Processing /home/airflow/.local/lib/python3.8/site-packages/airflow/example_dags/example_sla_dag.py took 0.092 seconds
[2026-05-17T21:46:21.987+0000] {processor.py:161} INFO - Started process (PID=5470) to work on /home/airflow/.local/lib/python3.8/site-packages/airflow/example_dags/example_sla_dag.py
[2026-05-17T21:46:21.989+0000] {processor.py:830} INFO - Processing file /home/airflow/.local/lib/python3.8/site-packages/airflow/example_dags/example_sla_dag.py for tasks to queue
[2026-05-17T21:46:21.992+0000] {logging_mixin.py:188} INFO - [2026-05-17T21:46:21.991+0000] {dagbag.py:540} INFO - Filling up the DagBag from /home/airflow/.local/lib/python3.8/site-packages/airflow/example_dags/example_sla_dag.py
[2026-05-17T21:46:22.004+0000] {processor.py:840} INFO - DAG(s) 'example_sla_dag' retrieved from /home/airflow/.local/lib/python3.8/site-packages/airflow/example_dags/example_sla_dag.py
[2026-05-17T21:46:22.030+0000] {logging_mixin.py:188} INFO - [2026-05-17T21:46:22.030+0000] {dag.py:3047} INFO - Sync 1 DAGs
[2026-05-17T21:46:22.062+0000] {logging_mixin.py:188} INFO - [2026-05-17T21:46:22.062+0000] {dag.py:3834} INFO - Setting next_dagrun for example_sla_dag to 2026-05-17 21:44:00+00:00, run_after=2026-05-17 21:46:00+00:00
[2026-05-17T21:46:22.090+0000] {processor.py:183} INFO - Processing /home/airflow/.local/lib/python3.8/site-packages/airflow/example_dags/example_sla_dag.py took 0.108 seconds
[2026-05-17T21:46:52.366+0000] {processor.py:161} INFO - Started process (PID=5525) to work on /home/airflow/.local/lib/python3.8/site-packages/airflow/example_dags/example_sla_dag.py
[2026-05-17T21:46:52.367+0000] {processor.py:830} INFO - Processing file /home/airflow/.local/lib/python3.8/site-packages/airflow/example_dags/example_sla_dag.py for tasks to queue
[2026-05-17T21:46:52.370+0000] {logging_mixin.py:188} INFO - [2026-05-17T21:46:52.369+0000] {dagbag.py:540} INFO - Filling up the DagBag from /home/airflow/.local/lib/python3.8/site-packages/airflow/example_dags/example_sla_dag.py
[2026-05-17T21:46:52.379+0000] {processor.py:840} INFO - DAG(s) 'example_sla_dag' retrieved from /home/airflow/.local/lib/python3.8/site-packages/airflow/example_dags/example_sla_dag.py
[2026-05-17T21:46:52.401+0000] {logging_mixin.py:188} INFO - [2026-05-17T21:46:52.401+0000] {dag.py:3047} INFO - Sync 1 DAGs
[2026-05-17T21:46:52.422+0000] {logging_mixin.py:188} INFO - [2026-05-17T21:46:52.421+0000] {dag.py:3834} INFO - Setting next_dagrun for example_sla_dag to 2026-05-17 21:44:00+00:00, run_after=2026-05-17 21:46:00+00:00
[2026-05-17T21:46:52.443+0000] {processor.py:183} INFO - Processing /home/airflow/.local/lib/python3.8/site-packages/airflow/example_dags/example_sla_dag.py took 0.079 seconds
[2026-05-17T21:47:23.140+0000] {processor.py:161} INFO - Started process (PID=5580) to work on /home/airflow/.local/lib/python3.8/site-packages/airflow/example_dags/example_sla_dag.py
[2026-05-17T21:47:23.142+0000] {processor.py:830} INFO - Processing file /home/airflow/.local/lib/python3.8/site-packages/airflow/example_dags/example_sla_dag.py for tasks to queue
[2026-05-17T21:47:23.144+0000] {logging_mixin.py:188} INFO - [2026-05-17T21:47:23.144+0000] {dagbag.py:540} INFO - Filling up the DagBag from /home/airflow/.local/lib/python3.8/site-packages/airflow/example_dags/example_sla_dag.py
[2026-05-17T21:47:23.157+0000] {processor.py:840} INFO - DAG(s) 'example_sla_dag' retrieved from /home/airflow/.local/lib/python3.8/site-packages/airflow/example_dags/example_sla_dag.py
[2026-05-17T21:47:23.192+0000] {logging_mixin.py:188} INFO - [2026-05-17T21:47:23.192+0000] {dag.py:3047} INFO - Sync 1 DAGs
[2026-05-17T21:47:23.226+0000] {logging_mixin.py:188} INFO - [2026-05-17T21:47:23.226+0000] {dag.py:3834} INFO - Setting next_dagrun for example_sla_dag to 2026-05-17 21:44:00+00:00, run_after=2026-05-17 21:46:00+00:00
[2026-05-17T21:47:23.249+0000] {processor.py:183} INFO - Processing /home/airflow/.local/lib/python3.8/site-packages/airflow/example_dags/example_sla_dag.py took 0.115 seconds
[2026-05-17T21:47:54.204+0000] {processor.py:161} INFO - Started process (PID=5634) to work on /home/airflow/.local/lib/python3.8/site-packages/airflow/example_dags/example_sla_dag.py
[2026-05-17T21:47:54.206+0000] {processor.py:830} INFO - Processing file /home/airflow/.local/lib/python3.8/site-packages/airflow/example_dags/example_sla_dag.py for tasks to queue
[2026-05-17T21:47:54.208+0000] {logging_mixin.py:188} INFO - [2026-05-17T21:47:54.207+0000] {dagbag.py:540} INFO - Filling up the DagBag from /home/airflow/.local/lib/python3.8/site-packages/airflow/example_dags/example_sla_dag.py
[2026-05-17T21:47:54.217+0000] {processor.py:840} INFO - DAG(s) 'example_sla_dag' retrieved from /home/airflow/.local/lib/python3.8/site-packages/airflow/example_dags/example_sla_dag.py
[2026-05-17T21:47:54.237+0000] {logging_mixin.py:188} INFO - [2026-05-17T21:47:54.237+0000] {dag.py:3047} INFO - Sync 1 DAGs
[2026-05-17T21:47:54.257+0000] {logging_mixin.py:188} INFO - [2026-05-17T21:47:54.257+0000] {dag.py:3834} INFO - Setting next_dagrun for example_sla_dag to 2026-05-17 21:44:00+00:00, run_after=2026-05-17 21:46:00+00:00
[2026-05-17T21:47:54.273+0000] {processor.py:183} INFO - Processing /home/airflow/.local/lib/python3.8/site-packages/airflow/example_dags/example_sla_dag.py took 0.072 seconds
[2026-05-17T21:48:24.711+0000] {processor.py:161} INFO - Started process (PID=5689) to work on /home/airflow/.local/lib/python3.8/site-packages/airflow/example_dags/example_sla_dag.py
[2026-05-17T21:48:24.714+0000] {processor.py:830} INFO - Processing file /home/airflow/.local/lib/python3.8/site-packages/airflow/example_dags/example_sla_dag.py for tasks to queue
[2026-05-17T21:48:24.716+0000] {logging_mixin.py:188} INFO - [2026-05-17T21:48:24.715+0000] {dagbag.py:540} INFO - Filling up the DagBag from /home/airflow/.local/lib/python3.8/site-packages/airflow/example_dags/example_sla_dag.py
[2026-05-17T21:48:24.723+0000] {processor.py:840} INFO - DAG(s) 'example_sla_dag' retrieved from /home/airflow/.local/lib/python3.8/site-packages/airflow/example_dags/example_sla_dag.py
[2026-05-17T21:48:24.746+0000] {logging_mixin.py:188} INFO - [2026-05-17T21:48:24.746+0000] {dag.py:3047} INFO - Sync 1 DAGs
[2026-05-17T21:48:24.770+0000] {logging_mixin.py:188} INFO - [2026-05-17T21:48:24.769+0000] {dag.py:3834} INFO - Setting next_dagrun for example_sla_dag to 2026-05-17 21:46:00+00:00, run_after=2026-05-17 21:48:00+00:00
[2026-05-17T21:48:24.787+0000] {processor.py:183} INFO - Processing /home/airflow/.local/lib/python3.8/site-packages/airflow/example_dags/example_sla_dag.py took 0.080 seconds
[2026-05-17T21:48:55.255+0000] {processor.py:161} INFO - Started process (PID=5744) to work on /home/airflow/.local/lib/python3.8/site-packages/airflow/example_dags/example_sla_dag.py
[2026-05-17T21:48:55.257+0000] {processor.py:830} INFO - Processing file /home/airflow/.local/lib/python3.8/site-packages/airflow/example_dags/example_sla_dag.py for tasks to queue
[2026-05-17T21:48:55.259+0000] {logging_mixin.py:188} INFO - [2026-05-17T21:48:55.259+0000] {dagbag.py:540} INFO - Filling up the DagBag from /home/airflow/.local/lib/python3.8/site-packages/airflow/example_dags/example_sla_dag.py
[2026-05-17T21:48:55.266+0000] {processor.py:840} INFO - DAG(s) 'example_sla_dag' retrieved from /home/airflow/.local/lib/python3.8/site-packages/airflow/example_dags/example_sla_dag.py
[2026-05-17T21:48:55.285+0000] {logging_mixin.py:188} INFO - [2026-05-17T21:48:55.284+0000] {dag.py:3047} INFO - Sync 1 DAGs
[2026-05-17T21:48:55.307+0000] {logging_mixin.py:188} INFO - [2026-05-17T21:48:55.307+0000] {dag.py:3834} INFO - Setting next_dagrun for example_sla_dag to 2026-05-17 21:46:00+00:00, run_after=2026-05-17 21:48:00+00:00
[2026-05-17T21:48:55.327+0000] {processor.py:183} INFO - Processing /home/airflow/.local/lib/python3.8/site-packages/airflow/example_dags/example_sla_dag.py took 0.076 seconds
[2026-05-17T21:49:26.081+0000] {processor.py:161} INFO - Started process (PID=5799) to work on /home/airflow/.local/lib/python3.8/site-packages/airflow/example_dags/example_sla_dag.py
[2026-05-17T21:49:26.083+0000] {processor.py:830} INFO - Processing file /home/airflow/.local/lib/python3.8/site-packages/airflow/example_dags/example_sla_dag.py for tasks to queue
[2026-05-17T21:49:26.085+0000] {logging_mixin.py:188} INFO - [2026-05-17T21:49:26.085+0000] {dagbag.py:540} INFO - Filling up the DagBag from /home/airflow/.local/lib/python3.8/site-packages/airflow/example_dags/example_sla_dag.py
[2026-05-17T21:49:26.093+0000] {processor.py:840} INFO - DAG(s) 'example_sla_dag' retrieved from /home/airflow/.local/lib/python3.8/site-packages/airflow/example_dags/example_sla_dag.py
[2026-05-17T21:49:26.109+0000] {logging_mixin.py:188} INFO - [2026-05-17T21:49:26.109+0000] {dag.py:3047} INFO - Sync 1 DAGs
[2026-05-17T21:49:26.129+0000] {logging_mixin.py:188} INFO - [2026-05-17T21:49:26.129+0000] {dag.py:3834} INFO - Setting next_dagrun for example_sla_dag to 2026-05-17 21:46:00+00:00, run_after=2026-05-17 21:48:00+00:00
[2026-05-17T21:49:26.148+0000] {processor.py:183} INFO - Processing /home/airflow/.local/lib/python3.8/site-packages/airflow/example_dags/example_sla_dag.py took 0.070 seconds
[2026-05-17T21:49:56.547+0000] {processor.py:161} INFO - Started process (PID=5855) to work on /home/airflow/.local/lib/python3.8/site-packages/airflow/example_dags/example_sla_dag.py
[2026-05-17T21:49:56.549+0000] {processor.py:830} INFO - Processing file /home/airflow/.local/lib/python3.8/site-packages/airflow/example_dags/example_sla_dag.py for tasks to queue
[2026-05-17T21:49:56.554+0000] {logging_mixin.py:188} INFO - [2026-05-17T21:49:56.553+0000] {dagbag.py:540} INFO - Filling up the DagBag from /home/airflow/.local/lib/python3.8/site-packages/airflow/example_dags/example_sla_dag.py
[2026-05-17T21:49:56.569+0000] {processor.py:840} INFO - DAG(s) 'example_sla_dag' retrieved from /home/airflow/.local/lib/python3.8/site-packages/airflow/example_dags/example_sla_dag.py
[2026-05-17T21:49:56.599+0000] {logging_mixin.py:188} INFO - [2026-05-17T21:49:56.598+0000] {dag.py:3047} INFO - Sync 1 DAGs
[2026-05-17T21:49:56.630+0000] {logging_mixin.py:188} INFO - [2026-05-17T21:49:56.630+0000] {dag.py:3834} INFO - Setting next_dagrun for example_sla_dag to 2026-05-17 21:46:00+00:00, run_after=2026-05-17 21:48:00+00:00
[2026-05-17T21:49:56.659+0000] {processor.py:183} INFO - Processing /home/airflow/.local/lib/python3.8/site-packages/airflow/example_dags/example_sla_dag.py took 0.117 seconds
[2026-05-17T21:50:27.068+0000] {processor.py:161} INFO - Started process (PID=5910) to work on /home/airflow/.local/lib/python3.8/site-packages/airflow/example_dags/example_sla_dag.py
[2026-05-17T21:50:27.070+0000] {processor.py:830} INFO - Processing file /home/airflow/.local/lib/python3.8/site-packages/airflow/example_dags/example_sla_dag.py for tasks to queue
[2026-05-17T21:50:27.072+0000] {logging_mixin.py:188} INFO - [2026-05-17T21:50:27.071+0000] {dagbag.py:540} INFO - Filling up the DagBag from /home/airflow/.local/lib/python3.8/site-packages/airflow/example_dags/example_sla_dag.py
[2026-05-17T21:50:27.080+0000] {processor.py:840} INFO - DAG(s) 'example_sla_dag' retrieved from /home/airflow/.local/lib/python3.8/site-packages/airflow/example_dags/example_sla_dag.py
[2026-05-17T21:50:27.099+0000] {logging_mixin.py:188} INFO - [2026-05-17T21:50:27.099+0000] {dag.py:3047} INFO - Sync 1 DAGs
[2026-05-17T21:50:27.120+0000] {logging_mixin.py:188} INFO - [2026-05-17T21:50:27.119+0000] {dag.py:3834} INFO - Setting next_dagrun for example_sla_dag to 2026-05-17 21:48:00+00:00, run_after=2026-05-17 21:50:00+00:00
[2026-05-17T21:50:27.136+0000] {processor.py:183} INFO - Processing /home/airflow/.local/lib/python3.8/site-packages/airflow/example_dags/example_sla_dag.py took 0.071 seconds
[2026-05-17T21:50:58.058+0000] {processor.py:161} INFO - Started process (PID=5965) to work on /home/airflow/.local/lib/python3.8/site-packages/airflow/example_dags/example_sla_dag.py
[2026-05-17T21:50:58.060+0000] {processor.py:830} INFO - Processing file /home/airflow/.local/lib/python3.8/site-packages/airflow/example_dags/example_sla_dag.py for tasks to queue
[2026-05-17T21:50:58.061+0000] {logging_mixin.py:188} INFO - [2026-05-17T21:50:58.061+0000] {dagbag.py:540} INFO - Filling up the DagBag from /home/airflow/.local/lib/python3.8/site-packages/airflow/example_dags/example_sla_dag.py
[2026-05-17T21:50:58.069+0000] {processor.py:840} INFO - DAG(s) 'example_sla_dag' retrieved from /home/airflow/.local/lib/python3.8/site-packages/airflow/example_dags/example_sla_dag.py
[2026-05-17T21:50:58.087+0000] {logging_mixin.py:188} INFO - [2026-05-17T21:50:58.087+0000] {dag.py:3047} INFO - Sync 1 DAGs
[2026-05-17T21:50:58.108+0000] {logging_mixin.py:188} INFO - [2026-05-17T21:50:58.108+0000] {dag.py:3834} INFO - Setting next_dagrun for example_sla_dag to 2026-05-17 21:48:00+00:00, run_after=2026-05-17 21:50:00+00:00
[2026-05-17T21:50:58.123+0000] {processor.py:183} INFO - Processing /home/airflow/.local/lib/python3.8/site-packages/airflow/example_dags/example_sla_dag.py took 0.067 seconds
[2026-05-17T21:51:28.689+0000] {processor.py:161} INFO - Started process (PID=6020) to work on /home/airflow/.local/lib/python3.8/site-packages/airflow/example_dags/example_sla_dag.py
[2026-05-17T21:51:28.691+0000] {processor.py:830} INFO - Processing file /home/airflow/.local/lib/python3.8/site-packages/airflow/example_dags/example_sla_dag.py for tasks to queue
[2026-05-17T21:51:28.693+0000] {logging_mixin.py:188} INFO - [2026-05-17T21:51:28.693+0000] {dagbag.py:540} INFO - Filling up the DagBag from /home/airflow/.local/lib/python3.8/site-packages/airflow/example_dags/example_sla_dag.py
[2026-05-17T21:51:28.700+0000] {processor.py:840} INFO - DAG(s) 'example_sla_dag' retrieved from /home/airflow/.local/lib/python3.8/site-packages/airflow/example_dags/example_sla_dag.py
[2026-05-17T21:51:28.719+0000] {logging_mixin.py:188} INFO - [2026-05-17T21:51:28.719+0000] {dag.py:3047} INFO - Sync 1 DAGs
[2026-05-17T21:51:28.741+0000] {logging_mixin.py:188} INFO - [2026-05-17T21:51:28.741+0000] {dag.py:3834} INFO - Setting next_dagrun for example_sla_dag to 2026-05-17 21:48:00+00:00, run_after=2026-05-17 21:50:00+00:00
[2026-05-17T21:51:28.759+0000] {processor.py:183} INFO - Processing /home/airflow/.local/lib/python3.8/site-packages/airflow/example_dags/example_sla_dag.py took 0.073 seconds
[2026-05-17T21:51:59.343+0000] {processor.py:161} INFO - Started process (PID=6075) to work on /home/airflow/.local/lib/python3.8/site-packages/airflow/example_dags/example_sla_dag.py
[2026-05-17T21:51:59.345+0000] {processor.py:830} INFO - Processing file /home/airflow/.local/lib/python3.8/site-packages/airflow/example_dags/example_sla_dag.py for tasks to queue
[2026-05-17T21:51:59.346+0000] {logging_mixin.py:188} INFO - [2026-05-17T21:51:59.346+0000] {dagbag.py:540} INFO - Filling up the DagBag from /home/airflow/.local/lib/python3.8/site-packages/airflow/example_dags/example_sla_dag.py
[2026-05-17T21:51:59.356+0000] {processor.py:840} INFO - DAG(s) 'example_sla_dag' retrieved from /home/airflow/.local/lib/python3.8/site-packages/airflow/example_dags/example_sla_dag.py
[2026-05-17T21:51:59.375+0000] {logging_mixin.py:188} INFO - [2026-05-17T21:51:59.375+0000] {dag.py:3047} INFO - Sync 1 DAGs
[2026-05-17T21:51:59.396+0000] {logging_mixin.py:188} INFO - [2026-05-17T21:51:59.396+0000] {dag.py:3834} INFO - Setting next_dagrun for example_sla_dag to 2026-05-17 21:48:00+00:00, run_after=2026-05-17 21:50:00+00:00
[2026-05-17T21:51:59.414+0000] {processor.py:183} INFO - Processing /home/airflow/.local/lib/python3.8/site-packages/airflow/example_dags/example_sla_dag.py took 0.073 seconds
[2026-05-17T21:52:29.784+0000] {processor.py:161} INFO - Started process (PID=6129) to work on /home/airflow/.local/lib/python3.8/site-packages/airflow/example_dags/example_sla_dag.py
[2026-05-17T21:52:29.786+0000] {processor.py:830} INFO - Processing file /home/airflow/.local/lib/python3.8/site-packages/airflow/example_dags/example_sla_dag.py for tasks to queue
[2026-05-17T21:52:29.788+0000] {logging_mixin.py:188} INFO - [2026-05-17T21:52:29.788+0000] {dagbag.py:540} INFO - Filling up the DagBag from /home/airflow/.local/lib/python3.8/site-packages/airflow/example_dags/example_sla_dag.py
[2026-05-17T21:52:29.798+0000] {processor.py:840} INFO - DAG(s) 'example_sla_dag' retrieved from /home/airflow/.local/lib/python3.8/site-packages/airflow/example_dags/example_sla_dag.py
[2026-05-17T21:52:29.819+0000] {logging_mixin.py:188} INFO - [2026-05-17T21:52:29.819+0000] {dag.py:3047} INFO - Sync 1 DAGs
[2026-05-17T21:52:29.842+0000] {logging_mixin.py:188} INFO - [2026-05-17T21:52:29.842+0000] {dag.py:3834} INFO - Setting next_dagrun for example_sla_dag to 2026-05-17 21:50:00+00:00, run_after=2026-05-17 21:52:00+00:00
[2026-05-17T21:52:29.865+0000] {processor.py:183} INFO - Processing /home/airflow/.local/lib/python3.8/site-packages/airflow/example_dags/example_sla_dag.py took 0.086 seconds
[2026-05-17T21:53:00.184+0000] {processor.py:161} INFO - Started process (PID=6184) to work on /home/airflow/.local/lib/python3.8/site-packages/airflow/example_dags/example_sla_dag.py
[2026-05-17T21:53:00.185+0000] {processor.py:830} INFO - Processing file /home/airflow/.local/lib/python3.8/site-packages/airflow/example_dags/example_sla_dag.py for tasks to queue
[2026-05-17T21:53:00.187+0000] {logging_mixin.py:188} INFO - [2026-05-17T21:53:00.187+0000] {dagbag.py:540} INFO - Filling up the DagBag from /home/airflow/.local/lib/python3.8/site-packages/airflow/example_dags/example_sla_dag.py
[2026-05-17T21:53:00.198+0000] {processor.py:840} INFO - DAG(s) 'example_sla_dag' retrieved from /home/airflow/.local/lib/python3.8/site-packages/airflow/example_dags/example_sla_dag.py
[2026-05-17T21:53:00.218+0000] {logging_mixin.py:188} INFO - [2026-05-17T21:53:00.217+0000] {dag.py:3047} INFO - Sync 1 DAGs
[2026-05-17T21:53:00.241+0000] {logging_mixin.py:188} INFO - [2026-05-17T21:53:00.241+0000] {dag.py:3834} INFO - Setting next_dagrun for example_sla_dag to 2026-05-17 21:50:00+00:00, run_after=2026-05-17 21:52:00+00:00
[2026-05-17T21:53:00.264+0000] {processor.py:183} INFO - Processing /home/airflow/.local/lib/python3.8/site-packages/airflow/example_dags/example_sla_dag.py took 0.083 seconds
[2026-05-17T21:53:31.064+0000] {processor.py:161} INFO - Started process (PID=6238) to work on /home/airflow/.local/lib/python3.8/site-packages/airflow/example_dags/example_sla_dag.py
[2026-05-17T21:53:31.065+0000] {processor.py:830} INFO - Processing file /home/airflow/.local/lib/python3.8/site-packages/airflow/example_dags/example_sla_dag.py for tasks to queue
[2026-05-17T21:53:31.067+0000] {logging_mixin.py:188} INFO - [2026-05-17T21:53:31.067+0000] {dagbag.py:540} INFO - Filling up the DagBag from /home/airflow/.local/lib/python3.8/site-packages/airflow/example_dags/example_sla_dag.py
[2026-05-17T21:53:31.076+0000] {processor.py:840} INFO - DAG(s) 'example_sla_dag' retrieved from /home/airflow/.local/lib/python3.8/site-packages/airflow/example_dags/example_sla_dag.py
[2026-05-17T21:53:31.095+0000] {logging_mixin.py:188} INFO - [2026-05-17T21:53:31.095+0000] {dag.py:3047} INFO - Sync 1 DAGs
[2026-05-17T21:53:31.118+0000] {logging_mixin.py:188} INFO - [2026-05-17T21:53:31.118+0000] {dag.py:3834} INFO - Setting next_dagrun for example_sla_dag to 2026-05-17 21:50:00+00:00, run_after=2026-05-17 21:52:00+00:00
[2026-05-17T21:53:31.143+0000] {processor.py:183} INFO - Processing /home/airflow/.local/lib/python3.8/site-packages/airflow/example_dags/example_sla_dag.py took 0.082 seconds
[2026-05-17T21:54:01.554+0000] {processor.py:161} INFO - Started process (PID=6293) to work on /home/airflow/.local/lib/python3.8/site-packages/airflow/example_dags/example_sla_dag.py
[2026-05-17T21:54:01.556+0000] {processor.py:830} INFO - Processing file /home/airflow/.local/lib/python3.8/site-packages/airflow/example_dags/example_sla_dag.py for tasks to queue
[2026-05-17T21:54:01.558+0000] {logging_mixin.py:188} INFO - [2026-05-17T21:54:01.558+0000] {dagbag.py:540} INFO - Filling up the DagBag from /home/airflow/.local/lib/python3.8/site-packages/airflow/example_dags/example_sla_dag.py
[2026-05-17T21:54:01.565+0000] {processor.py:840} INFO - DAG(s) 'example_sla_dag' retrieved from /home/airflow/.local/lib/python3.8/site-packages/airflow/example_dags/example_sla_dag.py
[2026-05-17T21:54:01.585+0000] {logging_mixin.py:188} INFO - [2026-05-17T21:54:01.584+0000] {dag.py:3047} INFO - Sync 1 DAGs
[2026-05-17T21:54:01.605+0000] {logging_mixin.py:188} INFO - [2026-05-17T21:54:01.605+0000] {dag.py:3834} INFO - Setting next_dagrun for example_sla_dag to 2026-05-17 21:52:00+00:00, run_after=2026-05-17 21:54:00+00:00
[2026-05-17T21:54:01.626+0000] {processor.py:183} INFO - Processing /home/airflow/.local/lib/python3.8/site-packages/airflow/example_dags/example_sla_dag.py took 0.075 seconds
[2026-05-17T21:54:31.805+0000] {processor.py:161} INFO - Started process (PID=6348) to work on /home/airflow/.local/lib/python3.8/site-packages/airflow/example_dags/example_sla_dag.py
[2026-05-17T21:54:31.807+0000] {processor.py:830} INFO - Processing file /home/airflow/.local/lib/python3.8/site-packages/airflow/example_dags/example_sla_dag.py for tasks to queue
[2026-05-17T21:54:31.809+0000] {logging_mixin.py:188} INFO - [2026-05-17T21:54:31.808+0000] {dagbag.py:540} INFO - Filling up the DagBag from /home/airflow/.local/lib/python3.8/site-packages/airflow/example_dags/example_sla_dag.py
[2026-05-17T21:54:31.817+0000] {processor.py:840} INFO - DAG(s) 'example_sla_dag' retrieved from /home/airflow/.local/lib/python3.8/site-packages/airflow/example_dags/example_sla_dag.py
[2026-05-17T21:54:31.838+0000] {logging_mixin.py:188} INFO - [2026-05-17T21:54:31.838+0000] {dag.py:3047} INFO - Sync 1 DAGs
[2026-05-17T21:54:31.859+0000] {logging_mixin.py:188} INFO - [2026-05-17T21:54:31.859+0000] {dag.py:3834} INFO - Setting next_dagrun for example_sla_dag to 2026-05-17 21:52:00+00:00, run_after=2026-05-17 21:54:00+00:00
[2026-05-17T21:54:31.887+0000] {processor.py:183} INFO - Processing /home/airflow/.local/lib/python3.8/site-packages/airflow/example_dags/example_sla_dag.py took 0.084 seconds
[2026-05-17T21:55:02.249+0000] {processor.py:161} INFO - Started process (PID=6403) to work on /home/airflow/.local/lib/python3.8/site-packages/airflow/example_dags/example_sla_dag.py
[2026-05-17T21:55:02.250+0000] {processor.py:830} INFO - Processing file /home/airflow/.local/lib/python3.8/site-packages/airflow/example_dags/example_sla_dag.py for tasks to queue
[2026-05-17T21:55:02.251+0000] {logging_mixin.py:188} INFO - [2026-05-17T21:55:02.251+0000] {dagbag.py:540} INFO - Filling up the DagBag from /home/airflow/.local/lib/python3.8/site-packages/airflow/example_dags/example_sla_dag.py
[2026-05-17T21:55:02.259+0000] {processor.py:840} INFO - DAG(s) 'example_sla_dag' retrieved from /home/airflow/.local/lib/python3.8/site-packages/airflow/example_dags/example_sla_dag.py
[2026-05-17T21:55:02.278+0000] {logging_mixin.py:188} INFO - [2026-05-17T21:55:02.278+0000] {dag.py:3047} INFO - Sync 1 DAGs
[2026-05-17T21:55:02.302+0000] {logging_mixin.py:188} INFO - [2026-05-17T21:55:02.301+0000] {dag.py:3834} INFO - Setting next_dagrun for example_sla_dag to 2026-05-17 21:52:00+00:00, run_after=2026-05-17 21:54:00+00:00
[2026-05-17T21:55:02.322+0000] {processor.py:183} INFO - Processing /home/airflow/.local/lib/python3.8/site-packages/airflow/example_dags/example_sla_dag.py took 0.077 seconds
[2026-05-17T21:55:32.497+0000] {processor.py:161} INFO - Started process (PID=6458) to work on /home/airflow/.local/lib/python3.8/site-packages/airflow/example_dags/example_sla_dag.py
[2026-05-17T21:55:32.499+0000] {processor.py:830} INFO - Processing file /home/airflow/.local/lib/python3.8/site-packages/airflow/example_dags/example_sla_dag.py for tasks to queue
[2026-05-17T21:55:32.501+0000] {logging_mixin.py:188} INFO - [2026-05-17T21:55:32.501+0000] {dagbag.py:540} INFO - Filling up the DagBag from /home/airflow/.local/lib/python3.8/site-packages/airflow/example_dags/example_sla_dag.py
[2026-05-17T21:55:32.509+0000] {processor.py:840} INFO - DAG(s) 'example_sla_dag' retrieved from /home/airflow/.local/lib/python3.8/site-packages/airflow/example_dags/example_sla_dag.py
[2026-05-17T21:55:32.528+0000] {logging_mixin.py:188} INFO - [2026-05-17T21:55:32.528+0000] {dag.py:3047} INFO - Sync 1 DAGs
[2026-05-17T21:55:32.551+0000] {logging_mixin.py:188} INFO - [2026-05-17T21:55:32.551+0000] {dag.py:3834} INFO - Setting next_dagrun for example_sla_dag to 2026-05-17 21:52:00+00:00, run_after=2026-05-17 21:54:00+00:00
[2026-05-17T21:55:32.573+0000] {processor.py:183} INFO - Processing /home/airflow/.local/lib/python3.8/site-packages/airflow/example_dags/example_sla_dag.py took 0.079 seconds
[2026-05-17T21:56:03.175+0000] {processor.py:161} INFO - Started process (PID=6513) to work on /home/airflow/.local/lib/python3.8/site-packages/airflow/example_dags/example_sla_dag.py
[2026-05-17T21:56:03.177+0000] {processor.py:830} INFO - Processing file /home/airflow/.local/lib/python3.8/site-packages/airflow/example_dags/example_sla_dag.py for tasks to queue
[2026-05-17T21:56:03.179+0000] {logging_mixin.py:188} INFO - [2026-05-17T21:56:03.179+0000] {dagbag.py:540} INFO - Filling up the DagBag from /home/airflow/.local/lib/python3.8/site-packages/airflow/example_dags/example_sla_dag.py
[2026-05-17T21:56:03.188+0000] {processor.py:840} INFO - DAG(s) 'example_sla_dag' retrieved from /home/airflow/.local/lib/python3.8/site-packages/airflow/example_dags/example_sla_dag.py
[2026-05-17T21:56:03.207+0000] {logging_mixin.py:188} INFO - [2026-05-17T21:56:03.206+0000] {dag.py:3047} INFO - Sync 1 DAGs
[2026-05-17T21:56:03.226+0000] {logging_mixin.py:188} INFO - [2026-05-17T21:56:03.226+0000] {dag.py:3834} INFO - Setting next_dagrun for example_sla_dag to 2026-05-17 21:54:00+00:00, run_after=2026-05-17 21:56:00+00:00
[2026-05-17T21:56:03.247+0000] {processor.py:183} INFO - Processing /home/airflow/.local/lib/python3.8/site-packages/airflow/example_dags/example_sla_dag.py took 0.074 seconds
[2026-05-17T21:56:33.808+0000] {processor.py:161} INFO - Started process (PID=6568) to work on /home/airflow/.local/lib/python3.8/site-packages/airflow/example_dags/example_sla_dag.py
[2026-05-17T21:56:33.809+0000] {processor.py:830} INFO - Processing file /home/airflow/.local/lib/python3.8/site-packages/airflow/example_dags/example_sla_dag.py for tasks to queue
[2026-05-17T21:56:33.811+0000] {logging_mixin.py:188} INFO - [2026-05-17T21:56:33.811+0000] {dagbag.py:540} INFO - Filling up the DagBag from /home/airflow/.local/lib/python3.8/site-packages/airflow/example_dags/example_sla_dag.py
[2026-05-17T21:56:33.819+0000] {processor.py:840} INFO - DAG(s) 'example_sla_dag' retrieved from /home/airflow/.local/lib/python3.8/site-packages/airflow/example_dags/example_sla_dag.py
[2026-05-17T21:56:33.835+0000] {logging_mixin.py:188} INFO - [2026-05-17T21:56:33.835+0000] {dag.py:3047} INFO - Sync 1 DAGs
[2026-05-17T21:56:33.854+0000] {logging_mixin.py:188} INFO - [2026-05-17T21:56:33.854+0000] {dag.py:3834} INFO - Setting next_dagrun for example_sla_dag to 2026-05-17 21:54:00+00:00, run_after=2026-05-17 21:56:00+00:00
[2026-05-17T21:56:33.872+0000] {processor.py:183} INFO - Processing /home/airflow/.local/lib/python3.8/site-packages/airflow/example_dags/example_sla_dag.py took 0.067 seconds
[2026-05-17T21:57:04.147+0000] {processor.py:161} INFO - Started process (PID=6623) to work on /home/airflow/.local/lib/python3.8/site-packages/airflow/example_dags/example_sla_dag.py
[2026-05-17T21:57:04.149+0000] {processor.py:830} INFO - Processing file /home/airflow/.local/lib/python3.8/site-packages/airflow/example_dags/example_sla_dag.py for tasks to queue
[2026-05-17T21:57:04.151+0000] {logging_mixin.py:188} INFO - [2026-05-17T21:57:04.151+0000] {dagbag.py:540} INFO - Filling up the DagBag from /home/airflow/.local/lib/python3.8/site-packages/airflow/example_dags/example_sla_dag.py
[2026-05-17T21:57:04.159+0000] {processor.py:840} INFO - DAG(s) 'example_sla_dag' retrieved from /home/airflow/.local/lib/python3.8/site-packages/airflow/example_dags/example_sla_dag.py
[2026-05-17T21:57:04.184+0000] {logging_mixin.py:188} INFO - [2026-05-17T21:57:04.184+0000] {dag.py:3047} INFO - Sync 1 DAGs
[2026-05-17T21:57:04.214+0000] {logging_mixin.py:188} INFO - [2026-05-17T21:57:04.214+0000] {dag.py:3834} INFO - Setting next_dagrun for example_sla_dag to 2026-05-17 21:54:00+00:00, run_after=2026-05-17 21:56:00+00:00
[2026-05-17T21:57:04.238+0000] {processor.py:183} INFO - Processing /home/airflow/.local/lib/python3.8/site-packages/airflow/example_dags/example_sla_dag.py took 0.096 seconds
[2026-05-17T21:57:34.362+0000] {processor.py:161} INFO - Started process (PID=6678) to work on /home/airflow/.local/lib/python3.8/site-packages/airflow/example_dags/example_sla_dag.py
[2026-05-17T21:57:34.363+0000] {processor.py:830} INFO - Processing file /home/airflow/.local/lib/python3.8/site-packages/airflow/example_dags/example_sla_dag.py for tasks to queue
[2026-05-17T21:57:34.365+0000] {logging_mixin.py:188} INFO - [2026-05-17T21:57:34.365+0000] {dagbag.py:540} INFO - Filling up the DagBag from /home/airflow/.local/lib/python3.8/site-packages/airflow/example_dags/example_sla_dag.py
[2026-05-17T21:57:34.373+0000] {processor.py:840} INFO - DAG(s) 'example_sla_dag' retrieved from /home/airflow/.local/lib/python3.8/site-packages/airflow/example_dags/example_sla_dag.py
[2026-05-17T21:57:34.391+0000] {logging_mixin.py:188} INFO - [2026-05-17T21:57:34.391+0000] {dag.py:3047} INFO - Sync 1 DAGs
[2026-05-17T21:57:34.413+0000] {logging_mixin.py:188} INFO - [2026-05-17T21:57:34.413+0000] {dag.py:3834} INFO - Setting next_dagrun for example_sla_dag to 2026-05-17 21:54:00+00:00, run_after=2026-05-17 21:56:00+00:00
[2026-05-17T21:57:34.433+0000] {processor.py:183} INFO - Processing /home/airflow/.local/lib/python3.8/site-packages/airflow/example_dags/example_sla_dag.py took 0.074 seconds
[2026-05-17T21:58:04.806+0000] {processor.py:161} INFO - Started process (PID=6733) to work on /home/airflow/.local/lib/python3.8/site-packages/airflow/example_dags/example_sla_dag.py
[2026-05-17T21:58:04.807+0000] {processor.py:830} INFO - Processing file /home/airflow/.local/lib/python3.8/site-packages/airflow/example_dags/example_sla_dag.py for tasks to queue
[2026-05-17T21:58:04.809+0000] {logging_mixin.py:188} INFO - [2026-05-17T21:58:04.809+0000] {dagbag.py:540} INFO - Filling up the DagBag from /home/airflow/.local/lib/python3.8/site-packages/airflow/example_dags/example_sla_dag.py
[2026-05-17T21:58:04.817+0000] {processor.py:840} INFO - DAG(s) 'example_sla_dag' retrieved from /home/airflow/.local/lib/python3.8/site-packages/airflow/example_dags/example_sla_dag.py
[2026-05-17T21:58:04.836+0000] {logging_mixin.py:188} INFO - [2026-05-17T21:58:04.836+0000] {dag.py:3047} INFO - Sync 1 DAGs
[2026-05-17T21:58:04.858+0000] {logging_mixin.py:188} INFO - [2026-05-17T21:58:04.857+0000] {dag.py:3834} INFO - Setting next_dagrun for example_sla_dag to 2026-05-17 21:56:00+00:00, run_after=2026-05-17 21:58:00+00:00
[2026-05-17T21:58:04.876+0000] {processor.py:183} INFO - Processing /home/airflow/.local/lib/python3.8/site-packages/airflow/example_dags/example_sla_dag.py took 0.074 seconds
[2026-05-17T21:58:35.249+0000] {processor.py:161} INFO - Started process (PID=6788) to work on /home/airflow/.local/lib/python3.8/site-packages/airflow/example_dags/example_sla_dag.py
[2026-05-17T21:58:35.251+0000] {processor.py:830} INFO - Processing file /home/airflow/.local/lib/python3.8/site-packages/airflow/example_dags/example_sla_dag.py for tasks to queue
[2026-05-17T21:58:35.253+0000] {logging_mixin.py:188} INFO - [2026-05-17T21:58:35.253+0000] {dagbag.py:540} INFO - Filling up the DagBag from /home/airflow/.local/lib/python3.8/site-packages/airflow/example_dags/example_sla_dag.py
[2026-05-17T21:58:35.260+0000] {processor.py:840} INFO - DAG(s) 'example_sla_dag' retrieved from /home/airflow/.local/lib/python3.8/site-packages/airflow/example_dags/example_sla_dag.py
[2026-05-17T21:58:35.280+0000] {logging_mixin.py:188} INFO - [2026-05-17T21:58:35.279+0000] {dag.py:3047} INFO - Sync 1 DAGs
[2026-05-17T21:58:35.305+0000] {logging_mixin.py:188} INFO - [2026-05-17T21:58:35.304+0000] {dag.py:3834} INFO - Setting next_dagrun for example_sla_dag to 2026-05-17 21:56:00+00:00, run_after=2026-05-17 21:58:00+00:00
[2026-05-17T21:58:35.324+0000] {processor.py:183} INFO - Processing /home/airflow/.local/lib/python3.8/site-packages/airflow/example_dags/example_sla_dag.py took 0.079 seconds
[2026-05-17T21:59:05.635+0000] {processor.py:161} INFO - Started process (PID=6843) to work on /home/airflow/.local/lib/python3.8/site-packages/airflow/example_dags/example_sla_dag.py
[2026-05-17T21:59:05.636+0000] {processor.py:830} INFO - Processing file /home/airflow/.local/lib/python3.8/site-packages/airflow/example_dags/example_sla_dag.py for tasks to queue
[2026-05-17T21:59:05.638+0000] {logging_mixin.py:188} INFO - [2026-05-17T21:59:05.637+0000] {dagbag.py:540} INFO - Filling up the DagBag from /home/airflow/.local/lib/python3.8/site-packages/airflow/example_dags/example_sla_dag.py
[2026-05-17T21:59:05.646+0000] {processor.py:840} INFO - DAG(s) 'example_sla_dag' retrieved from /home/airflow/.local/lib/python3.8/site-packages/airflow/example_dags/example_sla_dag.py
[2026-05-17T21:59:05.665+0000] {logging_mixin.py:188} INFO - [2026-05-17T21:59:05.665+0000] {dag.py:3047} INFO - Sync 1 DAGs
[2026-05-17T21:59:05.691+0000] {logging_mixin.py:188} INFO - [2026-05-17T21:59:05.691+0000] {dag.py:3834} INFO - Setting next_dagrun for example_sla_dag to 2026-05-17 21:56:00+00:00, run_after=2026-05-17 21:58:00+00:00
[2026-05-17T21:59:05.714+0000] {processor.py:183} INFO - Processing /home/airflow/.local/lib/python3.8/site-packages/airflow/example_dags/example_sla_dag.py took 0.082 seconds
[2026-05-17T21:59:35.940+0000] {processor.py:161} INFO - Started process (PID=6898) to work on /home/airflow/.local/lib/python3.8/site-packages/airflow/example_dags/example_sla_dag.py
[2026-05-17T21:59:35.941+0000] {processor.py:830} INFO - Processing file /home/airflow/.local/lib/python3.8/site-packages/airflow/example_dags/example_sla_dag.py for tasks to queue
[2026-05-17T21:59:35.944+0000] {logging_mixin.py:188} INFO - [2026-05-17T21:59:35.944+0000] {dagbag.py:540} INFO - Filling up the DagBag from /home/airflow/.local/lib/python3.8/site-packages/airflow/example_dags/example_sla_dag.py
[2026-05-17T21:59:35.952+0000] {processor.py:840} INFO - DAG(s) 'example_sla_dag' retrieved from /home/airflow/.local/lib/python3.8/site-packages/airflow/example_dags/example_sla_dag.py
[2026-05-17T21:59:35.970+0000] {logging_mixin.py:188} INFO - [2026-05-17T21:59:35.970+0000] {dag.py:3047} INFO - Sync 1 DAGs
[2026-05-17T21:59:35.992+0000] {logging_mixin.py:188} INFO - [2026-05-17T21:59:35.992+0000] {dag.py:3834} INFO - Setting next_dagrun for example_sla_dag to 2026-05-17 21:56:00+00:00, run_after=2026-05-17 21:58:00+00:00
[2026-05-17T21:59:36.009+0000] {processor.py:183} INFO - Processing /home/airflow/.local/lib/python3.8/site-packages/airflow/example_dags/example_sla_dag.py took 0.072 seconds
[2026-05-17T22:00:06.261+0000] {processor.py:161} INFO - Started process (PID=6953) to work on /home/airflow/.local/lib/python3.8/site-packages/airflow/example_dags/example_sla_dag.py
[2026-05-17T22:00:06.263+0000] {processor.py:830} INFO - Processing file /home/airflow/.local/lib/python3.8/site-packages/airflow/example_dags/example_sla_dag.py for tasks to queue
[2026-05-17T22:00:06.264+0000] {logging_mixin.py:188} INFO - [2026-05-17T22:00:06.264+0000] {dagbag.py:540} INFO - Filling up the DagBag from /home/airflow/.local/lib/python3.8/site-packages/airflow/example_dags/example_sla_dag.py
[2026-05-17T22:00:06.272+0000] {processor.py:840} INFO - DAG(s) 'example_sla_dag' retrieved from /home/airflow/.local/lib/python3.8/site-packages/airflow/example_dags/example_sla_dag.py
[2026-05-17T22:00:06.291+0000] {logging_mixin.py:188} INFO - [2026-05-17T22:00:06.291+0000] {dag.py:3047} INFO - Sync 1 DAGs
[2026-05-17T22:00:06.313+0000] {logging_mixin.py:188} INFO - [2026-05-17T22:00:06.313+0000] {dag.py:3834} INFO - Setting next_dagrun for example_sla_dag to 2026-05-17 21:58:00+00:00, run_after=2026-05-17 22:00:00+00:00
[2026-05-17T22:00:06.333+0000] {processor.py:183} INFO - Processing /home/airflow/.local/lib/python3.8/site-packages/airflow/example_dags/example_sla_dag.py took 0.075 seconds
[2026-05-17T22:00:36.687+0000] {processor.py:161} INFO - Started process (PID=7008) to work on /home/airflow/.local/lib/python3.8/site-packages/airflow/example_dags/example_sla_dag.py
[2026-05-17T22:00:36.689+0000] {processor.py:830} INFO - Processing file /home/airflow/.local/lib/python3.8/site-packages/airflow/example_dags/example_sla_dag.py for tasks to queue
[2026-05-17T22:00:36.690+0000] {logging_mixin.py:188} INFO - [2026-05-17T22:00:36.690+0000] {dagbag.py:540} INFO - Filling up the DagBag from /home/airflow/.local/lib/python3.8/site-packages/airflow/example_dags/example_sla_dag.py
[2026-05-17T22:00:36.697+0000] {processor.py:840} INFO - DAG(s) 'example_sla_dag' retrieved from /home/airflow/.local/lib/python3.8/site-packages/airflow/example_dags/example_sla_dag.py
[2026-05-17T22:00:36.714+0000] {logging_mixin.py:188} INFO - [2026-05-17T22:00:36.714+0000] {dag.py:3047} INFO - Sync 1 DAGs
[2026-05-17T22:00:36.733+0000] {logging_mixin.py:188} INFO - [2026-05-17T22:00:36.733+0000] {dag.py:3834} INFO - Setting next_dagrun for example_sla_dag to 2026-05-17 21:58:00+00:00, run_after=2026-05-17 22:00:00+00:00
[2026-05-17T22:00:36.754+0000] {processor.py:183} INFO - Processing /home/airflow/.local/lib/python3.8/site-packages/airflow/example_dags/example_sla_dag.py took 0.069 seconds
[2026-05-17T22:01:07.241+0000] {processor.py:161} INFO - Started process (PID=7063) to work on /home/airflow/.local/lib/python3.8/site-packages/airflow/example_dags/example_sla_dag.py
[2026-05-17T22:01:07.242+0000] {processor.py:830} INFO - Processing file /home/airflow/.local/lib/python3.8/site-packages/airflow/example_dags/example_sla_dag.py for tasks to queue
[2026-05-17T22:01:07.244+0000] {logging_mixin.py:188} INFO - [2026-05-17T22:01:07.244+0000] {dagbag.py:540} INFO - Filling up the DagBag from /home/airflow/.local/lib/python3.8/site-packages/airflow/example_dags/example_sla_dag.py
[2026-05-17T22:01:07.255+0000] {processor.py:840} INFO - DAG(s) 'example_sla_dag' retrieved from /home/airflow/.local/lib/python3.8/site-packages/airflow/example_dags/example_sla_dag.py
[2026-05-17T22:01:07.276+0000] {logging_mixin.py:188} INFO - [2026-05-17T22:01:07.276+0000] {dag.py:3047} INFO - Sync 1 DAGs
[2026-05-17T22:01:07.298+0000] {logging_mixin.py:188} INFO - [2026-05-17T22:01:07.298+0000] {dag.py:3834} INFO - Setting next_dagrun for example_sla_dag to 2026-05-17 21:58:00+00:00, run_after=2026-05-17 22:00:00+00:00
[2026-05-17T22:01:07.319+0000] {processor.py:183} INFO - Processing /home/airflow/.local/lib/python3.8/site-packages/airflow/example_dags/example_sla_dag.py took 0.080 seconds
[2026-05-17T22:01:37.450+0000] {processor.py:161} INFO - Started process (PID=7118) to work on /home/airflow/.local/lib/python3.8/site-packages/airflow/example_dags/example_sla_dag.py
[2026-05-17T22:01:37.452+0000] {processor.py:830} INFO - Processing file /home/airflow/.local/lib/python3.8/site-packages/airflow/example_dags/example_sla_dag.py for tasks to queue
[2026-05-17T22:01:37.454+0000] {logging_mixin.py:188} INFO - [2026-05-17T22:01:37.454+0000] {dagbag.py:540} INFO - Filling up the DagBag from /home/airflow/.local/lib/python3.8/site-packages/airflow/example_dags/example_sla_dag.py
[2026-05-17T22:01:37.466+0000] {processor.py:840} INFO - DAG(s) 'example_sla_dag' retrieved from /home/airflow/.local/lib/python3.8/site-packages/airflow/example_dags/example_sla_dag.py
[2026-05-17T22:01:37.487+0000] {logging_mixin.py:188} INFO - [2026-05-17T22:01:37.487+0000] {dag.py:3047} INFO - Sync 1 DAGs
[2026-05-17T22:01:37.511+0000] {logging_mixin.py:188} INFO - [2026-05-17T22:01:37.511+0000] {dag.py:3834} INFO - Setting next_dagrun for example_sla_dag to 2026-05-17 21:58:00+00:00, run_after=2026-05-17 22:00:00+00:00
[2026-05-17T22:01:37.534+0000] {processor.py:183} INFO - Processing /home/airflow/.local/lib/python3.8/site-packages/airflow/example_dags/example_sla_dag.py took 0.086 seconds
[2026-05-17T22:02:07.914+0000] {processor.py:161} INFO - Started process (PID=7173) to work on /home/airflow/.local/lib/python3.8/site-packages/airflow/example_dags/example_sla_dag.py
[2026-05-17T22:02:07.915+0000] {processor.py:830} INFO - Processing file /home/airflow/.local/lib/python3.8/site-packages/airflow/example_dags/example_sla_dag.py for tasks to queue
[2026-05-17T22:02:07.917+0000] {logging_mixin.py:188} INFO - [2026-05-17T22:02:07.917+0000] {dagbag.py:540} INFO - Filling up the DagBag from /home/airflow/.local/lib/python3.8/site-packages/airflow/example_dags/example_sla_dag.py
[2026-05-17T22:02:07.926+0000] {processor.py:840} INFO - DAG(s) 'example_sla_dag' retrieved from /home/airflow/.local/lib/python3.8/site-packages/airflow/example_dags/example_sla_dag.py
[2026-05-17T22:02:07.947+0000] {logging_mixin.py:188} INFO - [2026-05-17T22:02:07.946+0000] {dag.py:3047} INFO - Sync 1 DAGs
[2026-05-17T22:02:07.967+0000] {logging_mixin.py:188} INFO - [2026-05-17T22:02:07.967+0000] {dag.py:3834} INFO - Setting next_dagrun for example_sla_dag to 2026-05-17 22:00:00+00:00, run_after=2026-05-17 22:02:00+00:00
[2026-05-17T22:02:07.985+0000] {processor.py:183} INFO - Processing /home/airflow/.local/lib/python3.8/site-packages/airflow/example_dags/example_sla_dag.py took 0.075 seconds
[2026-05-17T22:02:38.491+0000] {processor.py:161} INFO - Started process (PID=7228) to work on /home/airflow/.local/lib/python3.8/site-packages/airflow/example_dags/example_sla_dag.py
[2026-05-17T22:02:38.493+0000] {processor.py:830} INFO - Processing file /home/airflow/.local/lib/python3.8/site-packages/airflow/example_dags/example_sla_dag.py for tasks to queue
[2026-05-17T22:02:38.495+0000] {logging_mixin.py:188} INFO - [2026-05-17T22:02:38.495+0000] {dagbag.py:540} INFO - Filling up the DagBag from /home/airflow/.local/lib/python3.8/site-packages/airflow/example_dags/example_sla_dag.py
[2026-05-17T22:02:38.505+0000] {processor.py:840} INFO - DAG(s) 'example_sla_dag' retrieved from /home/airflow/.local/lib/python3.8/site-packages/airflow/example_dags/example_sla_dag.py
[2026-05-17T22:02:38.529+0000] {logging_mixin.py:188} INFO - [2026-05-17T22:02:38.528+0000] {dag.py:3047} INFO - Sync 1 DAGs
[2026-05-17T22:02:38.555+0000] {logging_mixin.py:188} INFO - [2026-05-17T22:02:38.555+0000] {dag.py:3834} INFO - Setting next_dagrun for example_sla_dag to 2026-05-17 22:00:00+00:00, run_after=2026-05-17 22:02:00+00:00
[2026-05-17T22:02:38.581+0000] {processor.py:183} INFO - Processing /home/airflow/.local/lib/python3.8/site-packages/airflow/example_dags/example_sla_dag.py took 0.094 seconds
[2026-05-17T22:03:09.002+0000] {processor.py:161} INFO - Started process (PID=7283) to work on /home/airflow/.local/lib/python3.8/site-packages/airflow/example_dags/example_sla_dag.py
[2026-05-17T22:03:09.003+0000] {processor.py:830} INFO - Processing file /home/airflow/.local/lib/python3.8/site-packages/airflow/example_dags/example_sla_dag.py for tasks to queue
[2026-05-17T22:03:09.005+0000] {logging_mixin.py:188} INFO - [2026-05-17T22:03:09.005+0000] {dagbag.py:540} INFO - Filling up the DagBag from /home/airflow/.local/lib/python3.8/site-packages/airflow/example_dags/example_sla_dag.py
[2026-05-17T22:03:09.013+0000] {processor.py:840} INFO - DAG(s) 'example_sla_dag' retrieved from /home/airflow/.local/lib/python3.8/site-packages/airflow/example_dags/example_sla_dag.py
[2026-05-17T22:03:09.032+0000] {logging_mixin.py:188} INFO - [2026-05-17T22:03:09.032+0000] {dag.py:3047} INFO - Sync 1 DAGs
[2026-05-17T22:03:09.056+0000] {logging_mixin.py:188} INFO - [2026-05-17T22:03:09.056+0000] {dag.py:3834} INFO - Setting next_dagrun for example_sla_dag to 2026-05-17 22:00:00+00:00, run_after=2026-05-17 22:02:00+00:00
[2026-05-17T22:03:09.077+0000] {processor.py:183} INFO - Processing /home/airflow/.local/lib/python3.8/site-packages/airflow/example_dags/example_sla_dag.py took 0.079 seconds
[2026-05-17T22:03:39.542+0000] {processor.py:161} INFO - Started process (PID=7338) to work on /home/airflow/.local/lib/python3.8/site-packages/airflow/example_dags/example_sla_dag.py
[2026-05-17T22:03:39.544+0000] {processor.py:830} INFO - Processing file /home/airflow/.local/lib/python3.8/site-packages/airflow/example_dags/example_sla_dag.py for tasks to queue
[2026-05-17T22:03:39.546+0000] {logging_mixin.py:188} INFO - [2026-05-17T22:03:39.546+0000] {dagbag.py:540} INFO - Filling up the DagBag from /home/airflow/.local/lib/python3.8/site-packages/airflow/example_dags/example_sla_dag.py
[2026-05-17T22:03:39.554+0000] {processor.py:840} INFO - DAG(s) 'example_sla_dag' retrieved from /home/airflow/.local/lib/python3.8/site-packages/airflow/example_dags/example_sla_dag.py
[2026-05-17T22:03:39.573+0000] {logging_mixin.py:188} INFO - [2026-05-17T22:03:39.573+0000] {dag.py:3047} INFO - Sync 1 DAGs
[2026-05-17T22:03:39.594+0000] {logging_mixin.py:188} INFO - [2026-05-17T22:03:39.594+0000] {dag.py:3834} INFO - Setting next_dagrun for example_sla_dag to 2026-05-17 22:00:00+00:00, run_after=2026-05-17 22:02:00+00:00
[2026-05-17T22:03:39.615+0000] {processor.py:183} INFO - Processing /home/airflow/.local/lib/python3.8/site-packages/airflow/example_dags/example_sla_dag.py took 0.075 seconds
[2026-05-17T22:04:09.761+0000] {processor.py:161} INFO - Started process (PID=7392) to work on /home/airflow/.local/lib/python3.8/site-packages/airflow/example_dags/example_sla_dag.py
[2026-05-17T22:04:09.763+0000] {processor.py:830} INFO - Processing file /home/airflow/.local/lib/python3.8/site-packages/airflow/example_dags/example_sla_dag.py for tasks to queue
[2026-05-17T22:04:09.765+0000] {logging_mixin.py:188} INFO - [2026-05-17T22:04:09.765+0000] {dagbag.py:540} INFO - Filling up the DagBag from /home/airflow/.local/lib/python3.8/site-packages/airflow/example_dags/example_sla_dag.py
[2026-05-17T22:04:09.773+0000] {processor.py:840} INFO - DAG(s) 'example_sla_dag' retrieved from /home/airflow/.local/lib/python3.8/site-packages/airflow/example_dags/example_sla_dag.py
[2026-05-17T22:04:09.790+0000] {logging_mixin.py:188} INFO - [2026-05-17T22:04:09.790+0000] {dag.py:3047} INFO - Sync 1 DAGs
[2026-05-17T22:04:09.809+0000] {logging_mixin.py:188} INFO - [2026-05-17T22:04:09.809+0000] {dag.py:3834} INFO - Setting next_dagrun for example_sla_dag to 2026-05-17 22:02:00+00:00, run_after=2026-05-17 22:04:00+00:00
[2026-05-17T22:04:09.833+0000] {processor.py:183} INFO - Processing /home/airflow/.local/lib/python3.8/site-packages/airflow/example_dags/example_sla_dag.py took 0.074 seconds
[2026-05-17T22:04:40.520+0000] {processor.py:161} INFO - Started process (PID=7448) to work on /home/airflow/.local/lib/python3.8/site-packages/airflow/example_dags/example_sla_dag.py
[2026-05-17T22:04:40.523+0000] {processor.py:830} INFO - Processing file /home/airflow/.local/lib/python3.8/site-packages/airflow/example_dags/example_sla_dag.py for tasks to queue
[2026-05-17T22:04:40.525+0000] {logging_mixin.py:188} INFO - [2026-05-17T22:04:40.525+0000] {dagbag.py:540} INFO - Filling up the DagBag from /home/airflow/.local/lib/python3.8/site-packages/airflow/example_dags/example_sla_dag.py
[2026-05-17T22:04:40.534+0000] {processor.py:840} INFO - DAG(s) 'example_sla_dag' retrieved from /home/airflow/.local/lib/python3.8/site-packages/airflow/example_dags/example_sla_dag.py
[2026-05-17T22:04:40.559+0000] {logging_mixin.py:188} INFO - [2026-05-17T22:04:40.559+0000] {dag.py:3047} INFO - Sync 1 DAGs
[2026-05-17T22:04:40.585+0000] {logging_mixin.py:188} INFO - [2026-05-17T22:04:40.585+0000] {dag.py:3834} INFO - Setting next_dagrun for example_sla_dag to 2026-05-17 22:02:00+00:00, run_after=2026-05-17 22:04:00+00:00
[2026-05-17T22:04:40.612+0000] {processor.py:183} INFO - Processing /home/airflow/.local/lib/python3.8/site-packages/airflow/example_dags/example_sla_dag.py took 0.096 seconds
[2026-05-17T22:05:10.783+0000] {processor.py:161} INFO - Started process (PID=7502) to work on /home/airflow/.local/lib/python3.8/site-packages/airflow/example_dags/example_sla_dag.py
[2026-05-17T22:05:10.784+0000] {processor.py:830} INFO - Processing file /home/airflow/.local/lib/python3.8/site-packages/airflow/example_dags/example_sla_dag.py for tasks to queue
[2026-05-17T22:05:10.786+0000] {logging_mixin.py:188} INFO - [2026-05-17T22:05:10.786+0000] {dagbag.py:540} INFO - Filling up the DagBag from /home/airflow/.local/lib/python3.8/site-packages/airflow/example_dags/example_sla_dag.py
[2026-05-17T22:05:10.793+0000] {processor.py:840} INFO - DAG(s) 'example_sla_dag' retrieved from /home/airflow/.local/lib/python3.8/site-packages/airflow/example_dags/example_sla_dag.py
[2026-05-17T22:05:10.811+0000] {logging_mixin.py:188} INFO - [2026-05-17T22:05:10.811+0000] {dag.py:3047} INFO - Sync 1 DAGs
[2026-05-17T22:05:10.833+0000] {logging_mixin.py:188} INFO - [2026-05-17T22:05:10.833+0000] {dag.py:3834} INFO - Setting next_dagrun for example_sla_dag to 2026-05-17 22:02:00+00:00, run_after=2026-05-17 22:04:00+00:00
[2026-05-17T22:05:10.850+0000] {processor.py:183} INFO - Processing /home/airflow/.local/lib/python3.8/site-packages/airflow/example_dags/example_sla_dag.py took 0.070 seconds
[2026-05-17T22:05:40.918+0000] {processor.py:161} INFO - Started process (PID=7557) to work on /home/airflow/.local/lib/python3.8/site-packages/airflow/example_dags/example_sla_dag.py
[2026-05-17T22:05:40.919+0000] {processor.py:830} INFO - Processing file /home/airflow/.local/lib/python3.8/site-packages/airflow/example_dags/example_sla_dag.py for tasks to queue
[2026-05-17T22:05:40.922+0000] {logging_mixin.py:188} INFO - [2026-05-17T22:05:40.921+0000] {dagbag.py:540} INFO - Filling up the DagBag from /home/airflow/.local/lib/python3.8/site-packages/airflow/example_dags/example_sla_dag.py
[2026-05-17T22:05:40.930+0000] {processor.py:840} INFO - DAG(s) 'example_sla_dag' retrieved from /home/airflow/.local/lib/python3.8/site-packages/airflow/example_dags/example_sla_dag.py
[2026-05-17T22:05:40.946+0000] {logging_mixin.py:188} INFO - [2026-05-17T22:05:40.945+0000] {dag.py:3047} INFO - Sync 1 DAGs
[2026-05-17T22:05:40.964+0000] {logging_mixin.py:188} INFO - [2026-05-17T22:05:40.964+0000] {dag.py:3834} INFO - Setting next_dagrun for example_sla_dag to 2026-05-17 22:02:00+00:00, run_after=2026-05-17 22:04:00+00:00
[2026-05-17T22:05:40.981+0000] {processor.py:183} INFO - Processing /home/airflow/.local/lib/python3.8/site-packages/airflow/example_dags/example_sla_dag.py took 0.067 seconds
[2026-05-17T22:06:11.129+0000] {processor.py:161} INFO - Started process (PID=7612) to work on /home/airflow/.local/lib/python3.8/site-packages/airflow/example_dags/example_sla_dag.py
[2026-05-17T22:06:11.130+0000] {processor.py:830} INFO - Processing file /home/airflow/.local/lib/python3.8/site-packages/airflow/example_dags/example_sla_dag.py for tasks to queue
[2026-05-17T22:06:11.132+0000] {logging_mixin.py:188} INFO - [2026-05-17T22:06:11.132+0000] {dagbag.py:540} INFO - Filling up the DagBag from /home/airflow/.local/lib/python3.8/site-packages/airflow/example_dags/example_sla_dag.py
[2026-05-17T22:06:11.139+0000] {processor.py:840} INFO - DAG(s) 'example_sla_dag' retrieved from /home/airflow/.local/lib/python3.8/site-packages/airflow/example_dags/example_sla_dag.py
[2026-05-17T22:06:11.157+0000] {logging_mixin.py:188} INFO - [2026-05-17T22:06:11.157+0000] {dag.py:3047} INFO - Sync 1 DAGs
[2026-05-17T22:06:11.178+0000] {logging_mixin.py:188} INFO - [2026-05-17T22:06:11.178+0000] {dag.py:3834} INFO - Setting next_dagrun for example_sla_dag to 2026-05-17 22:04:00+00:00, run_after=2026-05-17 22:06:00+00:00
[2026-05-17T22:06:11.196+0000] {processor.py:183} INFO - Processing /home/airflow/.local/lib/python3.8/site-packages/airflow/example_dags/example_sla_dag.py took 0.070 seconds
[2026-05-17T22:06:41.481+0000] {processor.py:161} INFO - Started process (PID=7665) to work on /home/airflow/.local/lib/python3.8/site-packages/airflow/example_dags/example_sla_dag.py
[2026-05-17T22:06:41.482+0000] {processor.py:830} INFO - Processing file /home/airflow/.local/lib/python3.8/site-packages/airflow/example_dags/example_sla_dag.py for tasks to queue
[2026-05-17T22:06:41.484+0000] {logging_mixin.py:188} INFO - [2026-05-17T22:06:41.484+0000] {dagbag.py:540} INFO - Filling up the DagBag from /home/airflow/.local/lib/python3.8/site-packages/airflow/example_dags/example_sla_dag.py
[2026-05-17T22:06:41.492+0000] {processor.py:840} INFO - DAG(s) 'example_sla_dag' retrieved from /home/airflow/.local/lib/python3.8/site-packages/airflow/example_dags/example_sla_dag.py
[2026-05-17T22:06:41.510+0000] {logging_mixin.py:188} INFO - [2026-05-17T22:06:41.510+0000] {dag.py:3047} INFO - Sync 1 DAGs
[2026-05-17T22:06:41.530+0000] {logging_mixin.py:188} INFO - [2026-05-17T22:06:41.529+0000] {dag.py:3834} INFO - Setting next_dagrun for example_sla_dag to 2026-05-17 22:04:00+00:00, run_after=2026-05-17 22:06:00+00:00
[2026-05-17T22:06:41.546+0000] {processor.py:183} INFO - Processing /home/airflow/.local/lib/python3.8/site-packages/airflow/example_dags/example_sla_dag.py took 0.068 seconds
[2026-05-17T22:07:12.525+0000] {processor.py:161} INFO - Started process (PID=7720) to work on /home/airflow/.local/lib/python3.8/site-packages/airflow/example_dags/example_sla_dag.py
[2026-05-17T22:07:12.527+0000] {processor.py:830} INFO - Processing file /home/airflow/.local/lib/python3.8/site-packages/airflow/example_dags/example_sla_dag.py for tasks to queue
[2026-05-17T22:07:12.529+0000] {logging_mixin.py:188} INFO - [2026-05-17T22:07:12.529+0000] {dagbag.py:540} INFO - Filling up the DagBag from /home/airflow/.local/lib/python3.8/site-packages/airflow/example_dags/example_sla_dag.py
[2026-05-17T22:07:12.538+0000] {processor.py:840} INFO - DAG(s) 'example_sla_dag' retrieved from /home/airflow/.local/lib/python3.8/site-packages/airflow/example_dags/example_sla_dag.py
[2026-05-17T22:07:12.556+0000] {logging_mixin.py:188} INFO - [2026-05-17T22:07:12.556+0000] {dag.py:3047} INFO - Sync 1 DAGs
[2026-05-17T22:07:12.578+0000] {logging_mixin.py:188} INFO - [2026-05-17T22:07:12.578+0000] {dag.py:3834} INFO - Setting next_dagrun for example_sla_dag to 2026-05-17 22:04:00+00:00, run_after=2026-05-17 22:06:00+00:00
[2026-05-17T22:07:12.595+0000] {processor.py:183} INFO - Processing /home/airflow/.local/lib/python3.8/site-packages/airflow/example_dags/example_sla_dag.py took 0.073 seconds
[2026-05-17T22:07:43.463+0000] {processor.py:161} INFO - Started process (PID=7775) to work on /home/airflow/.local/lib/python3.8/site-packages/airflow/example_dags/example_sla_dag.py
[2026-05-17T22:07:43.465+0000] {processor.py:830} INFO - Processing file /home/airflow/.local/lib/python3.8/site-packages/airflow/example_dags/example_sla_dag.py for tasks to queue
[2026-05-17T22:07:43.467+0000] {logging_mixin.py:188} INFO - [2026-05-17T22:07:43.467+0000] {dagbag.py:540} INFO - Filling up the DagBag from /home/airflow/.local/lib/python3.8/site-packages/airflow/example_dags/example_sla_dag.py
[2026-05-17T22:07:43.474+0000] {processor.py:840} INFO - DAG(s) 'example_sla_dag' retrieved from /home/airflow/.local/lib/python3.8/site-packages/airflow/example_dags/example_sla_dag.py
[2026-05-17T22:07:43.492+0000] {logging_mixin.py:188} INFO - [2026-05-17T22:07:43.492+0000] {dag.py:3047} INFO - Sync 1 DAGs
[2026-05-17T22:07:43.514+0000] {logging_mixin.py:188} INFO - [2026-05-17T22:07:43.513+0000] {dag.py:3834} INFO - Setting next_dagrun for example_sla_dag to 2026-05-17 22:04:00+00:00, run_after=2026-05-17 22:06:00+00:00
[2026-05-17T22:07:43.533+0000] {processor.py:183} INFO - Processing /home/airflow/.local/lib/python3.8/site-packages/airflow/example_dags/example_sla_dag.py took 0.073 seconds
[2026-05-17T22:08:14.258+0000] {processor.py:161} INFO - Started process (PID=7830) to work on /home/airflow/.local/lib/python3.8/site-packages/airflow/example_dags/example_sla_dag.py
[2026-05-17T22:08:14.262+0000] {processor.py:830} INFO - Processing file /home/airflow/.local/lib/python3.8/site-packages/airflow/example_dags/example_sla_dag.py for tasks to queue
[2026-05-17T22:08:14.266+0000] {logging_mixin.py:188} INFO - [2026-05-17T22:08:14.265+0000] {dagbag.py:540} INFO - Filling up the DagBag from /home/airflow/.local/lib/python3.8/site-packages/airflow/example_dags/example_sla_dag.py
[2026-05-17T22:08:14.281+0000] {processor.py:840} INFO - DAG(s) 'example_sla_dag' retrieved from /home/airflow/.local/lib/python3.8/site-packages/airflow/example_dags/example_sla_dag.py
[2026-05-17T22:08:14.310+0000] {logging_mixin.py:188} INFO - [2026-05-17T22:08:14.309+0000] {dag.py:3047} INFO - Sync 1 DAGs
[2026-05-17T22:08:14.353+0000] {logging_mixin.py:188} INFO - [2026-05-17T22:08:14.353+0000] {dag.py:3834} INFO - Setting next_dagrun for example_sla_dag to 2026-05-17 22:06:00+00:00, run_after=2026-05-17 22:08:00+00:00
[2026-05-17T22:08:14.395+0000] {processor.py:183} INFO - Processing /home/airflow/.local/lib/python3.8/site-packages/airflow/example_dags/example_sla_dag.py took 0.142 seconds
[2026-05-17T22:08:45.231+0000] {processor.py:161} INFO - Started process (PID=7886) to work on /home/airflow/.local/lib/python3.8/site-packages/airflow/example_dags/example_sla_dag.py
[2026-05-17T22:08:45.232+0000] {processor.py:830} INFO - Processing file /home/airflow/.local/lib/python3.8/site-packages/airflow/example_dags/example_sla_dag.py for tasks to queue
[2026-05-17T22:08:45.234+0000] {logging_mixin.py:188} INFO - [2026-05-17T22:08:45.233+0000] {dagbag.py:540} INFO - Filling up the DagBag from /home/airflow/.local/lib/python3.8/site-packages/airflow/example_dags/example_sla_dag.py
[2026-05-17T22:08:45.242+0000] {processor.py:840} INFO - DAG(s) 'example_sla_dag' retrieved from /home/airflow/.local/lib/python3.8/site-packages/airflow/example_dags/example_sla_dag.py
[2026-05-17T22:08:45.265+0000] {logging_mixin.py:188} INFO - [2026-05-17T22:08:45.264+0000] {dag.py:3047} INFO - Sync 1 DAGs
[2026-05-17T22:08:45.293+0000] {logging_mixin.py:188} INFO - [2026-05-17T22:08:45.293+0000] {dag.py:3834} INFO - Setting next_dagrun for example_sla_dag to 2026-05-17 22:06:00+00:00, run_after=2026-05-17 22:08:00+00:00
[2026-05-17T22:08:45.310+0000] {processor.py:183} INFO - Processing /home/airflow/.local/lib/python3.8/site-packages/airflow/example_dags/example_sla_dag.py took 0.082 seconds
[2026-05-17T22:09:15.821+0000] {processor.py:161} INFO - Started process (PID=7940) to work on /home/airflow/.local/lib/python3.8/site-packages/airflow/example_dags/example_sla_dag.py
[2026-05-17T22:09:15.823+0000] {processor.py:830} INFO - Processing file /home/airflow/.local/lib/python3.8/site-packages/airflow/example_dags/example_sla_dag.py for tasks to queue
[2026-05-17T22:09:15.825+0000] {logging_mixin.py:188} INFO - [2026-05-17T22:09:15.824+0000] {dagbag.py:540} INFO - Filling up the DagBag from /home/airflow/.local/lib/python3.8/site-packages/airflow/example_dags/example_sla_dag.py
[2026-05-17T22:09:15.833+0000] {processor.py:840} INFO - DAG(s) 'example_sla_dag' retrieved from /home/airflow/.local/lib/python3.8/site-packages/airflow/example_dags/example_sla_dag.py
[2026-05-17T22:09:15.851+0000] {logging_mixin.py:188} INFO - [2026-05-17T22:09:15.850+0000] {dag.py:3047} INFO - Sync 1 DAGs
[2026-05-17T22:09:15.872+0000] {logging_mixin.py:188} INFO - [2026-05-17T22:09:15.872+0000] {dag.py:3834} INFO - Setting next_dagrun for example_sla_dag to 2026-05-17 22:06:00+00:00, run_after=2026-05-17 22:08:00+00:00
[2026-05-17T22:09:15.891+0000] {processor.py:183} INFO - Processing /home/airflow/.local/lib/python3.8/site-packages/airflow/example_dags/example_sla_dag.py took 0.073 seconds
