[2026-05-17T20:56:36.239+0000] {processor.py:161} INFO - Started process (PID=65) to work on /home/airflow/.local/lib/python3.8/site-packages/airflow/example_dags/example_skip_dag.py
[2026-05-17T20:56:36.241+0000] {processor.py:830} INFO - Processing file /home/airflow/.local/lib/python3.8/site-packages/airflow/example_dags/example_skip_dag.py for tasks to queue
[2026-05-17T20:56:36.246+0000] {logging_mixin.py:188} INFO - [2026-05-17T20:56:36.246+0000] {dagbag.py:540} INFO - Filling up the DagBag from /home/airflow/.local/lib/python3.8/site-packages/airflow/example_dags/example_skip_dag.py
[2026-05-17T20:56:36.256+0000] {processor.py:840} INFO - DAG(s) 'example_skip_dag' retrieved from /home/airflow/.local/lib/python3.8/site-packages/airflow/example_dags/example_skip_dag.py
[2026-05-17T20:56:36.282+0000] {logging_mixin.py:188} INFO - [2026-05-17T20:56:36.282+0000] {dag.py:3047} INFO - Sync 1 DAGs
[2026-05-17T20:56:36.320+0000] {logging_mixin.py:188} INFO - [2026-05-17T20:56:36.320+0000] {dag.py:3834} INFO - Setting next_dagrun for example_skip_dag to 2026-05-16 00:00:00+00:00, run_after=2026-05-17 00:00:00+00:00
[2026-05-17T20:56:36.355+0000] {processor.py:183} INFO - Processing /home/airflow/.local/lib/python3.8/site-packages/airflow/example_dags/example_skip_dag.py took 0.122 seconds
[2026-05-17T20:57:07.045+0000] {processor.py:161} INFO - Started process (PID=120) to work on /home/airflow/.local/lib/python3.8/site-packages/airflow/example_dags/example_skip_dag.py
[2026-05-17T20:57:07.046+0000] {processor.py:830} INFO - Processing file /home/airflow/.local/lib/python3.8/site-packages/airflow/example_dags/example_skip_dag.py for tasks to queue
[2026-05-17T20:57:07.048+0000] {logging_mixin.py:188} INFO - [2026-05-17T20:57:07.048+0000] {dagbag.py:540} INFO - Filling up the DagBag from /home/airflow/.local/lib/python3.8/site-packages/airflow/example_dags/example_skip_dag.py
[2026-05-17T20:57:07.058+0000] {processor.py:840} INFO - DAG(s) 'example_skip_dag' retrieved from /home/airflow/.local/lib/python3.8/site-packages/airflow/example_dags/example_skip_dag.py
[2026-05-17T20:57:07.151+0000] {logging_mixin.py:188} INFO - [2026-05-17T20:57:07.150+0000] {dag.py:3047} INFO - Sync 1 DAGs
[2026-05-17T20:57:07.190+0000] {logging_mixin.py:188} INFO - [2026-05-17T20:57:07.190+0000] {dag.py:3834} INFO - Setting next_dagrun for example_skip_dag to 2026-05-16 00:00:00+00:00, run_after=2026-05-17 00:00:00+00:00
[2026-05-17T20:57:07.231+0000] {processor.py:183} INFO - Processing /home/airflow/.local/lib/python3.8/site-packages/airflow/example_dags/example_skip_dag.py took 0.189 seconds
[2026-05-17T20:57:38.068+0000] {processor.py:161} INFO - Started process (PID=175) to work on /home/airflow/.local/lib/python3.8/site-packages/airflow/example_dags/example_skip_dag.py
[2026-05-17T20:57:38.070+0000] {processor.py:830} INFO - Processing file /home/airflow/.local/lib/python3.8/site-packages/airflow/example_dags/example_skip_dag.py for tasks to queue
[2026-05-17T20:57:38.071+0000] {logging_mixin.py:188} INFO - [2026-05-17T20:57:38.071+0000] {dagbag.py:540} INFO - Filling up the DagBag from /home/airflow/.local/lib/python3.8/site-packages/airflow/example_dags/example_skip_dag.py
[2026-05-17T20:57:38.078+0000] {processor.py:840} INFO - DAG(s) 'example_skip_dag' retrieved from /home/airflow/.local/lib/python3.8/site-packages/airflow/example_dags/example_skip_dag.py
[2026-05-17T20:57:38.099+0000] {logging_mixin.py:188} INFO - [2026-05-17T20:57:38.099+0000] {dag.py:3047} INFO - Sync 1 DAGs
[2026-05-17T20:57:38.120+0000] {logging_mixin.py:188} INFO - [2026-05-17T20:57:38.120+0000] {dag.py:3834} INFO - Setting next_dagrun for example_skip_dag to 2026-05-16 00:00:00+00:00, run_after=2026-05-17 00:00:00+00:00
[2026-05-17T20:57:38.137+0000] {processor.py:183} INFO - Processing /home/airflow/.local/lib/python3.8/site-packages/airflow/example_dags/example_skip_dag.py took 0.073 seconds
[2026-05-17T20:58:08.189+0000] {processor.py:161} INFO - Started process (PID=230) to work on /home/airflow/.local/lib/python3.8/site-packages/airflow/example_dags/example_skip_dag.py
[2026-05-17T20:58:08.190+0000] {processor.py:830} INFO - Processing file /home/airflow/.local/lib/python3.8/site-packages/airflow/example_dags/example_skip_dag.py for tasks to queue
[2026-05-17T20:58:08.193+0000] {logging_mixin.py:188} INFO - [2026-05-17T20:58:08.192+0000] {dagbag.py:540} INFO - Filling up the DagBag from /home/airflow/.local/lib/python3.8/site-packages/airflow/example_dags/example_skip_dag.py
[2026-05-17T20:58:08.200+0000] {processor.py:840} INFO - DAG(s) 'example_skip_dag' retrieved from /home/airflow/.local/lib/python3.8/site-packages/airflow/example_dags/example_skip_dag.py
[2026-05-17T20:58:08.229+0000] {logging_mixin.py:188} INFO - [2026-05-17T20:58:08.229+0000] {dag.py:3047} INFO - Sync 1 DAGs
[2026-05-17T20:58:08.257+0000] {logging_mixin.py:188} INFO - [2026-05-17T20:58:08.257+0000] {dag.py:3834} INFO - Setting next_dagrun for example_skip_dag to 2026-05-16 00:00:00+00:00, run_after=2026-05-17 00:00:00+00:00
[2026-05-17T20:58:08.281+0000] {processor.py:183} INFO - Processing /home/airflow/.local/lib/python3.8/site-packages/airflow/example_dags/example_skip_dag.py took 0.096 seconds
[2026-05-17T20:58:38.353+0000] {processor.py:161} INFO - Started process (PID=284) to work on /home/airflow/.local/lib/python3.8/site-packages/airflow/example_dags/example_skip_dag.py
[2026-05-17T20:58:38.355+0000] {processor.py:830} INFO - Processing file /home/airflow/.local/lib/python3.8/site-packages/airflow/example_dags/example_skip_dag.py for tasks to queue
[2026-05-17T20:58:38.358+0000] {logging_mixin.py:188} INFO - [2026-05-17T20:58:38.358+0000] {dagbag.py:540} INFO - Filling up the DagBag from /home/airflow/.local/lib/python3.8/site-packages/airflow/example_dags/example_skip_dag.py
[2026-05-17T20:58:38.368+0000] {processor.py:840} INFO - DAG(s) 'example_skip_dag' retrieved from /home/airflow/.local/lib/python3.8/site-packages/airflow/example_dags/example_skip_dag.py
[2026-05-17T20:58:38.399+0000] {logging_mixin.py:188} INFO - [2026-05-17T20:58:38.399+0000] {dag.py:3047} INFO - Sync 1 DAGs
[2026-05-17T20:58:38.416+0000] {logging_mixin.py:188} INFO - [2026-05-17T20:58:38.416+0000] {dag.py:3834} INFO - Setting next_dagrun for example_skip_dag to 2026-05-16 00:00:00+00:00, run_after=2026-05-17 00:00:00+00:00
[2026-05-17T20:58:38.431+0000] {processor.py:183} INFO - Processing /home/airflow/.local/lib/python3.8/site-packages/airflow/example_dags/example_skip_dag.py took 0.082 seconds
[2026-05-17T20:59:08.636+0000] {processor.py:161} INFO - Started process (PID=339) to work on /home/airflow/.local/lib/python3.8/site-packages/airflow/example_dags/example_skip_dag.py
[2026-05-17T20:59:08.638+0000] {processor.py:830} INFO - Processing file /home/airflow/.local/lib/python3.8/site-packages/airflow/example_dags/example_skip_dag.py for tasks to queue
[2026-05-17T20:59:08.642+0000] {logging_mixin.py:188} INFO - [2026-05-17T20:59:08.641+0000] {dagbag.py:540} INFO - Filling up the DagBag from /home/airflow/.local/lib/python3.8/site-packages/airflow/example_dags/example_skip_dag.py
[2026-05-17T20:59:08.650+0000] {processor.py:840} INFO - DAG(s) 'example_skip_dag' retrieved from /home/airflow/.local/lib/python3.8/site-packages/airflow/example_dags/example_skip_dag.py
[2026-05-17T20:59:08.673+0000] {logging_mixin.py:188} INFO - [2026-05-17T20:59:08.672+0000] {dag.py:3047} INFO - Sync 1 DAGs
[2026-05-17T20:59:08.699+0000] {logging_mixin.py:188} INFO - [2026-05-17T20:59:08.698+0000] {dag.py:3834} INFO - Setting next_dagrun for example_skip_dag to 2026-05-16 00:00:00+00:00, run_after=2026-05-17 00:00:00+00:00
[2026-05-17T20:59:08.720+0000] {processor.py:183} INFO - Processing /home/airflow/.local/lib/python3.8/site-packages/airflow/example_dags/example_skip_dag.py took 0.088 seconds
[2026-05-17T20:59:38.868+0000] {processor.py:161} INFO - Started process (PID=394) to work on /home/airflow/.local/lib/python3.8/site-packages/airflow/example_dags/example_skip_dag.py
[2026-05-17T20:59:38.870+0000] {processor.py:830} INFO - Processing file /home/airflow/.local/lib/python3.8/site-packages/airflow/example_dags/example_skip_dag.py for tasks to queue
[2026-05-17T20:59:38.872+0000] {logging_mixin.py:188} INFO - [2026-05-17T20:59:38.871+0000] {dagbag.py:540} INFO - Filling up the DagBag from /home/airflow/.local/lib/python3.8/site-packages/airflow/example_dags/example_skip_dag.py
[2026-05-17T20:59:38.877+0000] {processor.py:840} INFO - DAG(s) 'example_skip_dag' retrieved from /home/airflow/.local/lib/python3.8/site-packages/airflow/example_dags/example_skip_dag.py
[2026-05-17T20:59:38.896+0000] {logging_mixin.py:188} INFO - [2026-05-17T20:59:38.896+0000] {dag.py:3047} INFO - Sync 1 DAGs
[2026-05-17T20:59:38.913+0000] {logging_mixin.py:188} INFO - [2026-05-17T20:59:38.913+0000] {dag.py:3834} INFO - Setting next_dagrun for example_skip_dag to 2026-05-16 00:00:00+00:00, run_after=2026-05-17 00:00:00+00:00
[2026-05-17T20:59:38.931+0000] {processor.py:183} INFO - Processing /home/airflow/.local/lib/python3.8/site-packages/airflow/example_dags/example_skip_dag.py took 0.066 seconds
[2026-05-17T21:00:09.069+0000] {processor.py:161} INFO - Started process (PID=449) to work on /home/airflow/.local/lib/python3.8/site-packages/airflow/example_dags/example_skip_dag.py
[2026-05-17T21:00:09.071+0000] {processor.py:830} INFO - Processing file /home/airflow/.local/lib/python3.8/site-packages/airflow/example_dags/example_skip_dag.py for tasks to queue
[2026-05-17T21:00:09.073+0000] {logging_mixin.py:188} INFO - [2026-05-17T21:00:09.073+0000] {dagbag.py:540} INFO - Filling up the DagBag from /home/airflow/.local/lib/python3.8/site-packages/airflow/example_dags/example_skip_dag.py
[2026-05-17T21:00:09.081+0000] {processor.py:840} INFO - DAG(s) 'example_skip_dag' retrieved from /home/airflow/.local/lib/python3.8/site-packages/airflow/example_dags/example_skip_dag.py
[2026-05-17T21:00:09.100+0000] {logging_mixin.py:188} INFO - [2026-05-17T21:00:09.099+0000] {dag.py:3047} INFO - Sync 1 DAGs
[2026-05-17T21:00:09.120+0000] {logging_mixin.py:188} INFO - [2026-05-17T21:00:09.120+0000] {dag.py:3834} INFO - Setting next_dagrun for example_skip_dag to 2026-05-16 00:00:00+00:00, run_after=2026-05-17 00:00:00+00:00
[2026-05-17T21:00:09.136+0000] {processor.py:183} INFO - Processing /home/airflow/.local/lib/python3.8/site-packages/airflow/example_dags/example_skip_dag.py took 0.070 seconds
[2026-05-17T21:00:39.257+0000] {processor.py:161} INFO - Started process (PID=503) to work on /home/airflow/.local/lib/python3.8/site-packages/airflow/example_dags/example_skip_dag.py
[2026-05-17T21:00:39.258+0000] {processor.py:830} INFO - Processing file /home/airflow/.local/lib/python3.8/site-packages/airflow/example_dags/example_skip_dag.py for tasks to queue
[2026-05-17T21:00:39.260+0000] {logging_mixin.py:188} INFO - [2026-05-17T21:00:39.260+0000] {dagbag.py:540} INFO - Filling up the DagBag from /home/airflow/.local/lib/python3.8/site-packages/airflow/example_dags/example_skip_dag.py
[2026-05-17T21:00:39.268+0000] {processor.py:840} INFO - DAG(s) 'example_skip_dag' retrieved from /home/airflow/.local/lib/python3.8/site-packages/airflow/example_dags/example_skip_dag.py
[2026-05-17T21:00:39.287+0000] {logging_mixin.py:188} INFO - [2026-05-17T21:00:39.287+0000] {dag.py:3047} INFO - Sync 1 DAGs
[2026-05-17T21:00:39.305+0000] {logging_mixin.py:188} INFO - [2026-05-17T21:00:39.305+0000] {dag.py:3834} INFO - Setting next_dagrun for example_skip_dag to 2026-05-16 00:00:00+00:00, run_after=2026-05-17 00:00:00+00:00
[2026-05-17T21:00:39.326+0000] {processor.py:183} INFO - Processing /home/airflow/.local/lib/python3.8/site-packages/airflow/example_dags/example_skip_dag.py took 0.072 seconds
[2026-05-17T21:01:09.511+0000] {processor.py:161} INFO - Started process (PID=558) to work on /home/airflow/.local/lib/python3.8/site-packages/airflow/example_dags/example_skip_dag.py
[2026-05-17T21:01:09.514+0000] {processor.py:830} INFO - Processing file /home/airflow/.local/lib/python3.8/site-packages/airflow/example_dags/example_skip_dag.py for tasks to queue
[2026-05-17T21:01:09.518+0000] {logging_mixin.py:188} INFO - [2026-05-17T21:01:09.517+0000] {dagbag.py:540} INFO - Filling up the DagBag from /home/airflow/.local/lib/python3.8/site-packages/airflow/example_dags/example_skip_dag.py
[2026-05-17T21:01:09.526+0000] {processor.py:840} INFO - DAG(s) 'example_skip_dag' retrieved from /home/airflow/.local/lib/python3.8/site-packages/airflow/example_dags/example_skip_dag.py
[2026-05-17T21:01:09.547+0000] {logging_mixin.py:188} INFO - [2026-05-17T21:01:09.547+0000] {dag.py:3047} INFO - Sync 1 DAGs
[2026-05-17T21:01:09.569+0000] {logging_mixin.py:188} INFO - [2026-05-17T21:01:09.569+0000] {dag.py:3834} INFO - Setting next_dagrun for example_skip_dag to 2026-05-16 00:00:00+00:00, run_after=2026-05-17 00:00:00+00:00
[2026-05-17T21:01:09.593+0000] {processor.py:183} INFO - Processing /home/airflow/.local/lib/python3.8/site-packages/airflow/example_dags/example_skip_dag.py took 0.088 seconds
[2026-05-17T21:01:39.939+0000] {processor.py:161} INFO - Started process (PID=613) to work on /home/airflow/.local/lib/python3.8/site-packages/airflow/example_dags/example_skip_dag.py
[2026-05-17T21:01:39.940+0000] {processor.py:830} INFO - Processing file /home/airflow/.local/lib/python3.8/site-packages/airflow/example_dags/example_skip_dag.py for tasks to queue
[2026-05-17T21:01:39.942+0000] {logging_mixin.py:188} INFO - [2026-05-17T21:01:39.942+0000] {dagbag.py:540} INFO - Filling up the DagBag from /home/airflow/.local/lib/python3.8/site-packages/airflow/example_dags/example_skip_dag.py
[2026-05-17T21:01:39.947+0000] {processor.py:840} INFO - DAG(s) 'example_skip_dag' retrieved from /home/airflow/.local/lib/python3.8/site-packages/airflow/example_dags/example_skip_dag.py
[2026-05-17T21:01:39.967+0000] {logging_mixin.py:188} INFO - [2026-05-17T21:01:39.967+0000] {dag.py:3047} INFO - Sync 1 DAGs
[2026-05-17T21:01:39.986+0000] {logging_mixin.py:188} INFO - [2026-05-17T21:01:39.986+0000] {dag.py:3834} INFO - Setting next_dagrun for example_skip_dag to 2026-05-16 00:00:00+00:00, run_after=2026-05-17 00:00:00+00:00
[2026-05-17T21:01:40.005+0000] {processor.py:183} INFO - Processing /home/airflow/.local/lib/python3.8/site-packages/airflow/example_dags/example_skip_dag.py took 0.069 seconds
[2026-05-17T21:02:10.217+0000] {processor.py:161} INFO - Started process (PID=668) to work on /home/airflow/.local/lib/python3.8/site-packages/airflow/example_dags/example_skip_dag.py
[2026-05-17T21:02:10.218+0000] {processor.py:830} INFO - Processing file /home/airflow/.local/lib/python3.8/site-packages/airflow/example_dags/example_skip_dag.py for tasks to queue
[2026-05-17T21:02:10.220+0000] {logging_mixin.py:188} INFO - [2026-05-17T21:02:10.220+0000] {dagbag.py:540} INFO - Filling up the DagBag from /home/airflow/.local/lib/python3.8/site-packages/airflow/example_dags/example_skip_dag.py
[2026-05-17T21:02:10.226+0000] {processor.py:840} INFO - DAG(s) 'example_skip_dag' retrieved from /home/airflow/.local/lib/python3.8/site-packages/airflow/example_dags/example_skip_dag.py
[2026-05-17T21:02:10.246+0000] {logging_mixin.py:188} INFO - [2026-05-17T21:02:10.246+0000] {dag.py:3047} INFO - Sync 1 DAGs
[2026-05-17T21:02:10.265+0000] {logging_mixin.py:188} INFO - [2026-05-17T21:02:10.265+0000] {dag.py:3834} INFO - Setting next_dagrun for example_skip_dag to 2026-05-16 00:00:00+00:00, run_after=2026-05-17 00:00:00+00:00
[2026-05-17T21:02:10.285+0000] {processor.py:183} INFO - Processing /home/airflow/.local/lib/python3.8/site-packages/airflow/example_dags/example_skip_dag.py took 0.071 seconds
[2026-05-17T21:02:40.597+0000] {processor.py:161} INFO - Started process (PID=729) to work on /home/airflow/.local/lib/python3.8/site-packages/airflow/example_dags/example_skip_dag.py
[2026-05-17T21:02:40.599+0000] {processor.py:830} INFO - Processing file /home/airflow/.local/lib/python3.8/site-packages/airflow/example_dags/example_skip_dag.py for tasks to queue
[2026-05-17T21:02:40.601+0000] {logging_mixin.py:188} INFO - [2026-05-17T21:02:40.600+0000] {dagbag.py:540} INFO - Filling up the DagBag from /home/airflow/.local/lib/python3.8/site-packages/airflow/example_dags/example_skip_dag.py
[2026-05-17T21:02:40.606+0000] {processor.py:840} INFO - DAG(s) 'example_skip_dag' retrieved from /home/airflow/.local/lib/python3.8/site-packages/airflow/example_dags/example_skip_dag.py
[2026-05-17T21:02:40.629+0000] {logging_mixin.py:188} INFO - [2026-05-17T21:02:40.629+0000] {dag.py:3047} INFO - Sync 1 DAGs
[2026-05-17T21:02:40.646+0000] {logging_mixin.py:188} INFO - [2026-05-17T21:02:40.646+0000] {dag.py:3834} INFO - Setting next_dagrun for example_skip_dag to 2026-05-16 00:00:00+00:00, run_after=2026-05-17 00:00:00+00:00
[2026-05-17T21:02:40.665+0000] {processor.py:183} INFO - Processing /home/airflow/.local/lib/python3.8/site-packages/airflow/example_dags/example_skip_dag.py took 0.071 seconds
[2026-05-17T21:03:10.861+0000] {processor.py:161} INFO - Started process (PID=784) to work on /home/airflow/.local/lib/python3.8/site-packages/airflow/example_dags/example_skip_dag.py
[2026-05-17T21:03:10.863+0000] {processor.py:830} INFO - Processing file /home/airflow/.local/lib/python3.8/site-packages/airflow/example_dags/example_skip_dag.py for tasks to queue
[2026-05-17T21:03:10.865+0000] {logging_mixin.py:188} INFO - [2026-05-17T21:03:10.864+0000] {dagbag.py:540} INFO - Filling up the DagBag from /home/airflow/.local/lib/python3.8/site-packages/airflow/example_dags/example_skip_dag.py
[2026-05-17T21:03:10.870+0000] {processor.py:840} INFO - DAG(s) 'example_skip_dag' retrieved from /home/airflow/.local/lib/python3.8/site-packages/airflow/example_dags/example_skip_dag.py
[2026-05-17T21:03:10.898+0000] {logging_mixin.py:188} INFO - [2026-05-17T21:03:10.898+0000] {dag.py:3047} INFO - Sync 1 DAGs
[2026-05-17T21:03:10.922+0000] {logging_mixin.py:188} INFO - [2026-05-17T21:03:10.922+0000] {dag.py:3834} INFO - Setting next_dagrun for example_skip_dag to 2026-05-16 00:00:00+00:00, run_after=2026-05-17 00:00:00+00:00
[2026-05-17T21:03:10.950+0000] {processor.py:183} INFO - Processing /home/airflow/.local/lib/python3.8/site-packages/airflow/example_dags/example_skip_dag.py took 0.092 seconds
[2026-05-17T21:03:41.563+0000] {processor.py:161} INFO - Started process (PID=839) to work on /home/airflow/.local/lib/python3.8/site-packages/airflow/example_dags/example_skip_dag.py
[2026-05-17T21:03:41.565+0000] {processor.py:830} INFO - Processing file /home/airflow/.local/lib/python3.8/site-packages/airflow/example_dags/example_skip_dag.py for tasks to queue
[2026-05-17T21:03:41.567+0000] {logging_mixin.py:188} INFO - [2026-05-17T21:03:41.567+0000] {dagbag.py:540} INFO - Filling up the DagBag from /home/airflow/.local/lib/python3.8/site-packages/airflow/example_dags/example_skip_dag.py
[2026-05-17T21:03:41.573+0000] {processor.py:840} INFO - DAG(s) 'example_skip_dag' retrieved from /home/airflow/.local/lib/python3.8/site-packages/airflow/example_dags/example_skip_dag.py
[2026-05-17T21:03:41.596+0000] {logging_mixin.py:188} INFO - [2026-05-17T21:03:41.595+0000] {dag.py:3047} INFO - Sync 1 DAGs
[2026-05-17T21:03:41.618+0000] {logging_mixin.py:188} INFO - [2026-05-17T21:03:41.618+0000] {dag.py:3834} INFO - Setting next_dagrun for example_skip_dag to 2026-05-16 00:00:00+00:00, run_after=2026-05-17 00:00:00+00:00
[2026-05-17T21:03:41.639+0000] {processor.py:183} INFO - Processing /home/airflow/.local/lib/python3.8/site-packages/airflow/example_dags/example_skip_dag.py took 0.079 seconds
[2026-05-17T21:04:11.833+0000] {processor.py:161} INFO - Started process (PID=894) to work on /home/airflow/.local/lib/python3.8/site-packages/airflow/example_dags/example_skip_dag.py
[2026-05-17T21:04:11.834+0000] {processor.py:830} INFO - Processing file /home/airflow/.local/lib/python3.8/site-packages/airflow/example_dags/example_skip_dag.py for tasks to queue
[2026-05-17T21:04:11.836+0000] {logging_mixin.py:188} INFO - [2026-05-17T21:04:11.836+0000] {dagbag.py:540} INFO - Filling up the DagBag from /home/airflow/.local/lib/python3.8/site-packages/airflow/example_dags/example_skip_dag.py
[2026-05-17T21:04:11.841+0000] {processor.py:840} INFO - DAG(s) 'example_skip_dag' retrieved from /home/airflow/.local/lib/python3.8/site-packages/airflow/example_dags/example_skip_dag.py
[2026-05-17T21:04:11.859+0000] {logging_mixin.py:188} INFO - [2026-05-17T21:04:11.858+0000] {dag.py:3047} INFO - Sync 1 DAGs
[2026-05-17T21:04:11.875+0000] {logging_mixin.py:188} INFO - [2026-05-17T21:04:11.875+0000] {dag.py:3834} INFO - Setting next_dagrun for example_skip_dag to 2026-05-16 00:00:00+00:00, run_after=2026-05-17 00:00:00+00:00
[2026-05-17T21:04:11.893+0000] {processor.py:183} INFO - Processing /home/airflow/.local/lib/python3.8/site-packages/airflow/example_dags/example_skip_dag.py took 0.063 seconds
[2026-05-17T21:04:42.296+0000] {processor.py:161} INFO - Started process (PID=949) to work on /home/airflow/.local/lib/python3.8/site-packages/airflow/example_dags/example_skip_dag.py
[2026-05-17T21:04:42.298+0000] {processor.py:830} INFO - Processing file /home/airflow/.local/lib/python3.8/site-packages/airflow/example_dags/example_skip_dag.py for tasks to queue
[2026-05-17T21:04:42.302+0000] {logging_mixin.py:188} INFO - [2026-05-17T21:04:42.301+0000] {dagbag.py:540} INFO - Filling up the DagBag from /home/airflow/.local/lib/python3.8/site-packages/airflow/example_dags/example_skip_dag.py
[2026-05-17T21:04:42.307+0000] {processor.py:840} INFO - DAG(s) 'example_skip_dag' retrieved from /home/airflow/.local/lib/python3.8/site-packages/airflow/example_dags/example_skip_dag.py
[2026-05-17T21:04:42.328+0000] {logging_mixin.py:188} INFO - [2026-05-17T21:04:42.327+0000] {dag.py:3047} INFO - Sync 1 DAGs
[2026-05-17T21:04:42.352+0000] {logging_mixin.py:188} INFO - [2026-05-17T21:04:42.351+0000] {dag.py:3834} INFO - Setting next_dagrun for example_skip_dag to 2026-05-16 00:00:00+00:00, run_after=2026-05-17 00:00:00+00:00
[2026-05-17T21:04:42.378+0000] {processor.py:183} INFO - Processing /home/airflow/.local/lib/python3.8/site-packages/airflow/example_dags/example_skip_dag.py took 0.085 seconds
[2026-05-17T21:05:12.761+0000] {processor.py:161} INFO - Started process (PID=1004) to work on /home/airflow/.local/lib/python3.8/site-packages/airflow/example_dags/example_skip_dag.py
[2026-05-17T21:05:12.762+0000] {processor.py:830} INFO - Processing file /home/airflow/.local/lib/python3.8/site-packages/airflow/example_dags/example_skip_dag.py for tasks to queue
[2026-05-17T21:05:12.764+0000] {logging_mixin.py:188} INFO - [2026-05-17T21:05:12.764+0000] {dagbag.py:540} INFO - Filling up the DagBag from /home/airflow/.local/lib/python3.8/site-packages/airflow/example_dags/example_skip_dag.py
[2026-05-17T21:05:12.770+0000] {processor.py:840} INFO - DAG(s) 'example_skip_dag' retrieved from /home/airflow/.local/lib/python3.8/site-packages/airflow/example_dags/example_skip_dag.py
[2026-05-17T21:05:12.789+0000] {logging_mixin.py:188} INFO - [2026-05-17T21:05:12.788+0000] {dag.py:3047} INFO - Sync 1 DAGs
[2026-05-17T21:05:12.806+0000] {logging_mixin.py:188} INFO - [2026-05-17T21:05:12.806+0000] {dag.py:3834} INFO - Setting next_dagrun for example_skip_dag to 2026-05-16 00:00:00+00:00, run_after=2026-05-17 00:00:00+00:00
[2026-05-17T21:05:12.823+0000] {processor.py:183} INFO - Processing /home/airflow/.local/lib/python3.8/site-packages/airflow/example_dags/example_skip_dag.py took 0.066 seconds
[2026-05-17T21:05:43.026+0000] {processor.py:161} INFO - Started process (PID=1059) to work on /home/airflow/.local/lib/python3.8/site-packages/airflow/example_dags/example_skip_dag.py
[2026-05-17T21:05:43.028+0000] {processor.py:830} INFO - Processing file /home/airflow/.local/lib/python3.8/site-packages/airflow/example_dags/example_skip_dag.py for tasks to queue
[2026-05-17T21:05:43.030+0000] {logging_mixin.py:188} INFO - [2026-05-17T21:05:43.030+0000] {dagbag.py:540} INFO - Filling up the DagBag from /home/airflow/.local/lib/python3.8/site-packages/airflow/example_dags/example_skip_dag.py
[2026-05-17T21:05:43.042+0000] {processor.py:840} INFO - DAG(s) 'example_skip_dag' retrieved from /home/airflow/.local/lib/python3.8/site-packages/airflow/example_dags/example_skip_dag.py
[2026-05-17T21:05:43.076+0000] {logging_mixin.py:188} INFO - [2026-05-17T21:05:43.075+0000] {dag.py:3047} INFO - Sync 1 DAGs
[2026-05-17T21:05:43.104+0000] {logging_mixin.py:188} INFO - [2026-05-17T21:05:43.104+0000] {dag.py:3834} INFO - Setting next_dagrun for example_skip_dag to 2026-05-16 00:00:00+00:00, run_after=2026-05-17 00:00:00+00:00
[2026-05-17T21:05:43.145+0000] {processor.py:183} INFO - Processing /home/airflow/.local/lib/python3.8/site-packages/airflow/example_dags/example_skip_dag.py took 0.122 seconds
[2026-05-17T21:06:13.412+0000] {processor.py:161} INFO - Started process (PID=1114) to work on /home/airflow/.local/lib/python3.8/site-packages/airflow/example_dags/example_skip_dag.py
[2026-05-17T21:06:13.413+0000] {processor.py:830} INFO - Processing file /home/airflow/.local/lib/python3.8/site-packages/airflow/example_dags/example_skip_dag.py for tasks to queue
[2026-05-17T21:06:13.416+0000] {logging_mixin.py:188} INFO - [2026-05-17T21:06:13.416+0000] {dagbag.py:540} INFO - Filling up the DagBag from /home/airflow/.local/lib/python3.8/site-packages/airflow/example_dags/example_skip_dag.py
[2026-05-17T21:06:13.421+0000] {processor.py:840} INFO - DAG(s) 'example_skip_dag' retrieved from /home/airflow/.local/lib/python3.8/site-packages/airflow/example_dags/example_skip_dag.py
[2026-05-17T21:06:13.439+0000] {logging_mixin.py:188} INFO - [2026-05-17T21:06:13.439+0000] {dag.py:3047} INFO - Sync 1 DAGs
[2026-05-17T21:06:13.455+0000] {logging_mixin.py:188} INFO - [2026-05-17T21:06:13.455+0000] {dag.py:3834} INFO - Setting next_dagrun for example_skip_dag to 2026-05-16 00:00:00+00:00, run_after=2026-05-17 00:00:00+00:00
[2026-05-17T21:06:13.471+0000] {processor.py:183} INFO - Processing /home/airflow/.local/lib/python3.8/site-packages/airflow/example_dags/example_skip_dag.py took 0.062 seconds
[2026-05-17T21:06:43.818+0000] {processor.py:161} INFO - Started process (PID=1169) to work on /home/airflow/.local/lib/python3.8/site-packages/airflow/example_dags/example_skip_dag.py
[2026-05-17T21:06:43.820+0000] {processor.py:830} INFO - Processing file /home/airflow/.local/lib/python3.8/site-packages/airflow/example_dags/example_skip_dag.py for tasks to queue
[2026-05-17T21:06:43.823+0000] {logging_mixin.py:188} INFO - [2026-05-17T21:06:43.823+0000] {dagbag.py:540} INFO - Filling up the DagBag from /home/airflow/.local/lib/python3.8/site-packages/airflow/example_dags/example_skip_dag.py
[2026-05-17T21:06:43.831+0000] {processor.py:840} INFO - DAG(s) 'example_skip_dag' retrieved from /home/airflow/.local/lib/python3.8/site-packages/airflow/example_dags/example_skip_dag.py
[2026-05-17T21:06:43.850+0000] {logging_mixin.py:188} INFO - [2026-05-17T21:06:43.850+0000] {dag.py:3047} INFO - Sync 1 DAGs
[2026-05-17T21:06:43.872+0000] {logging_mixin.py:188} INFO - [2026-05-17T21:06:43.872+0000] {dag.py:3834} INFO - Setting next_dagrun for example_skip_dag to 2026-05-16 00:00:00+00:00, run_after=2026-05-17 00:00:00+00:00
[2026-05-17T21:06:43.893+0000] {processor.py:183} INFO - Processing /home/airflow/.local/lib/python3.8/site-packages/airflow/example_dags/example_skip_dag.py took 0.078 seconds
[2026-05-17T21:07:14.267+0000] {processor.py:161} INFO - Started process (PID=1224) to work on /home/airflow/.local/lib/python3.8/site-packages/airflow/example_dags/example_skip_dag.py
[2026-05-17T21:07:14.269+0000] {processor.py:830} INFO - Processing file /home/airflow/.local/lib/python3.8/site-packages/airflow/example_dags/example_skip_dag.py for tasks to queue
[2026-05-17T21:07:14.280+0000] {logging_mixin.py:188} INFO - [2026-05-17T21:07:14.276+0000] {dagbag.py:540} INFO - Filling up the DagBag from /home/airflow/.local/lib/python3.8/site-packages/airflow/example_dags/example_skip_dag.py
[2026-05-17T21:07:14.304+0000] {processor.py:840} INFO - DAG(s) 'example_skip_dag' retrieved from /home/airflow/.local/lib/python3.8/site-packages/airflow/example_dags/example_skip_dag.py
[2026-05-17T21:07:14.336+0000] {logging_mixin.py:188} INFO - [2026-05-17T21:07:14.335+0000] {dag.py:3047} INFO - Sync 1 DAGs
[2026-05-17T21:07:14.417+0000] {logging_mixin.py:188} INFO - [2026-05-17T21:07:14.416+0000] {dag.py:3834} INFO - Setting next_dagrun for example_skip_dag to 2026-05-16 00:00:00+00:00, run_after=2026-05-17 00:00:00+00:00
[2026-05-17T21:07:14.472+0000] {processor.py:183} INFO - Processing /home/airflow/.local/lib/python3.8/site-packages/airflow/example_dags/example_skip_dag.py took 0.209 seconds
[2026-05-17T21:07:44.728+0000] {processor.py:161} INFO - Started process (PID=1279) to work on /home/airflow/.local/lib/python3.8/site-packages/airflow/example_dags/example_skip_dag.py
[2026-05-17T21:07:44.729+0000] {processor.py:830} INFO - Processing file /home/airflow/.local/lib/python3.8/site-packages/airflow/example_dags/example_skip_dag.py for tasks to queue
[2026-05-17T21:07:44.732+0000] {logging_mixin.py:188} INFO - [2026-05-17T21:07:44.732+0000] {dagbag.py:540} INFO - Filling up the DagBag from /home/airflow/.local/lib/python3.8/site-packages/airflow/example_dags/example_skip_dag.py
[2026-05-17T21:07:44.741+0000] {processor.py:840} INFO - DAG(s) 'example_skip_dag' retrieved from /home/airflow/.local/lib/python3.8/site-packages/airflow/example_dags/example_skip_dag.py
[2026-05-17T21:07:44.835+0000] {logging_mixin.py:188} INFO - [2026-05-17T21:07:44.834+0000] {dag.py:3047} INFO - Sync 1 DAGs
[2026-05-17T21:07:44.860+0000] {logging_mixin.py:188} INFO - [2026-05-17T21:07:44.859+0000] {dag.py:3834} INFO - Setting next_dagrun for example_skip_dag to 2026-05-16 00:00:00+00:00, run_after=2026-05-17 00:00:00+00:00
[2026-05-17T21:07:44.891+0000] {processor.py:183} INFO - Processing /home/airflow/.local/lib/python3.8/site-packages/airflow/example_dags/example_skip_dag.py took 0.166 seconds
[2026-05-17T21:08:14.986+0000] {processor.py:161} INFO - Started process (PID=1334) to work on /home/airflow/.local/lib/python3.8/site-packages/airflow/example_dags/example_skip_dag.py
[2026-05-17T21:08:14.988+0000] {processor.py:830} INFO - Processing file /home/airflow/.local/lib/python3.8/site-packages/airflow/example_dags/example_skip_dag.py for tasks to queue
[2026-05-17T21:08:14.992+0000] {logging_mixin.py:188} INFO - [2026-05-17T21:08:14.991+0000] {dagbag.py:540} INFO - Filling up the DagBag from /home/airflow/.local/lib/python3.8/site-packages/airflow/example_dags/example_skip_dag.py
[2026-05-17T21:08:15.003+0000] {processor.py:840} INFO - DAG(s) 'example_skip_dag' retrieved from /home/airflow/.local/lib/python3.8/site-packages/airflow/example_dags/example_skip_dag.py
[2026-05-17T21:08:15.076+0000] {logging_mixin.py:188} INFO - [2026-05-17T21:08:15.075+0000] {dag.py:3047} INFO - Sync 1 DAGs
[2026-05-17T21:08:15.119+0000] {logging_mixin.py:188} INFO - [2026-05-17T21:08:15.119+0000] {dag.py:3834} INFO - Setting next_dagrun for example_skip_dag to 2026-05-16 00:00:00+00:00, run_after=2026-05-17 00:00:00+00:00
[2026-05-17T21:08:15.152+0000] {processor.py:183} INFO - Processing /home/airflow/.local/lib/python3.8/site-packages/airflow/example_dags/example_skip_dag.py took 0.172 seconds
[2026-05-17T21:08:45.394+0000] {processor.py:161} INFO - Started process (PID=1389) to work on /home/airflow/.local/lib/python3.8/site-packages/airflow/example_dags/example_skip_dag.py
[2026-05-17T21:08:45.396+0000] {processor.py:830} INFO - Processing file /home/airflow/.local/lib/python3.8/site-packages/airflow/example_dags/example_skip_dag.py for tasks to queue
[2026-05-17T21:08:45.398+0000] {logging_mixin.py:188} INFO - [2026-05-17T21:08:45.398+0000] {dagbag.py:540} INFO - Filling up the DagBag from /home/airflow/.local/lib/python3.8/site-packages/airflow/example_dags/example_skip_dag.py
[2026-05-17T21:08:45.403+0000] {processor.py:840} INFO - DAG(s) 'example_skip_dag' retrieved from /home/airflow/.local/lib/python3.8/site-packages/airflow/example_dags/example_skip_dag.py
[2026-05-17T21:08:45.423+0000] {logging_mixin.py:188} INFO - [2026-05-17T21:08:45.423+0000] {dag.py:3047} INFO - Sync 1 DAGs
[2026-05-17T21:08:45.440+0000] {logging_mixin.py:188} INFO - [2026-05-17T21:08:45.440+0000] {dag.py:3834} INFO - Setting next_dagrun for example_skip_dag to 2026-05-16 00:00:00+00:00, run_after=2026-05-17 00:00:00+00:00
[2026-05-17T21:08:45.457+0000] {processor.py:183} INFO - Processing /home/airflow/.local/lib/python3.8/site-packages/airflow/example_dags/example_skip_dag.py took 0.065 seconds
[2026-05-17T21:09:16.318+0000] {processor.py:161} INFO - Started process (PID=1444) to work on /home/airflow/.local/lib/python3.8/site-packages/airflow/example_dags/example_skip_dag.py
[2026-05-17T21:09:16.321+0000] {processor.py:830} INFO - Processing file /home/airflow/.local/lib/python3.8/site-packages/airflow/example_dags/example_skip_dag.py for tasks to queue
[2026-05-17T21:09:16.327+0000] {logging_mixin.py:188} INFO - [2026-05-17T21:09:16.325+0000] {dagbag.py:540} INFO - Filling up the DagBag from /home/airflow/.local/lib/python3.8/site-packages/airflow/example_dags/example_skip_dag.py
[2026-05-17T21:09:16.339+0000] {processor.py:840} INFO - DAG(s) 'example_skip_dag' retrieved from /home/airflow/.local/lib/python3.8/site-packages/airflow/example_dags/example_skip_dag.py
[2026-05-17T21:09:16.381+0000] {logging_mixin.py:188} INFO - [2026-05-17T21:09:16.380+0000] {dag.py:3047} INFO - Sync 1 DAGs
[2026-05-17T21:09:16.448+0000] {logging_mixin.py:188} INFO - [2026-05-17T21:09:16.448+0000] {dag.py:3834} INFO - Setting next_dagrun for example_skip_dag to 2026-05-16 00:00:00+00:00, run_after=2026-05-17 00:00:00+00:00
[2026-05-17T21:09:16.489+0000] {processor.py:183} INFO - Processing /home/airflow/.local/lib/python3.8/site-packages/airflow/example_dags/example_skip_dag.py took 0.176 seconds
[2026-05-17T21:09:46.677+0000] {processor.py:161} INFO - Started process (PID=1499) to work on /home/airflow/.local/lib/python3.8/site-packages/airflow/example_dags/example_skip_dag.py
[2026-05-17T21:09:46.679+0000] {processor.py:830} INFO - Processing file /home/airflow/.local/lib/python3.8/site-packages/airflow/example_dags/example_skip_dag.py for tasks to queue
[2026-05-17T21:09:46.681+0000] {logging_mixin.py:188} INFO - [2026-05-17T21:09:46.681+0000] {dagbag.py:540} INFO - Filling up the DagBag from /home/airflow/.local/lib/python3.8/site-packages/airflow/example_dags/example_skip_dag.py
[2026-05-17T21:09:46.687+0000] {processor.py:840} INFO - DAG(s) 'example_skip_dag' retrieved from /home/airflow/.local/lib/python3.8/site-packages/airflow/example_dags/example_skip_dag.py
[2026-05-17T21:09:46.707+0000] {logging_mixin.py:188} INFO - [2026-05-17T21:09:46.707+0000] {dag.py:3047} INFO - Sync 1 DAGs
[2026-05-17T21:09:46.725+0000] {logging_mixin.py:188} INFO - [2026-05-17T21:09:46.725+0000] {dag.py:3834} INFO - Setting next_dagrun for example_skip_dag to 2026-05-16 00:00:00+00:00, run_after=2026-05-17 00:00:00+00:00
[2026-05-17T21:09:46.743+0000] {processor.py:183} INFO - Processing /home/airflow/.local/lib/python3.8/site-packages/airflow/example_dags/example_skip_dag.py took 0.071 seconds
[2026-05-17T21:10:17.163+0000] {processor.py:161} INFO - Started process (PID=1555) to work on /home/airflow/.local/lib/python3.8/site-packages/airflow/example_dags/example_skip_dag.py
[2026-05-17T21:10:17.165+0000] {processor.py:830} INFO - Processing file /home/airflow/.local/lib/python3.8/site-packages/airflow/example_dags/example_skip_dag.py for tasks to queue
[2026-05-17T21:10:17.167+0000] {logging_mixin.py:188} INFO - [2026-05-17T21:10:17.167+0000] {dagbag.py:540} INFO - Filling up the DagBag from /home/airflow/.local/lib/python3.8/site-packages/airflow/example_dags/example_skip_dag.py
[2026-05-17T21:10:17.179+0000] {processor.py:840} INFO - DAG(s) 'example_skip_dag' retrieved from /home/airflow/.local/lib/python3.8/site-packages/airflow/example_dags/example_skip_dag.py
[2026-05-17T21:10:17.214+0000] {logging_mixin.py:188} INFO - [2026-05-17T21:10:17.214+0000] {dag.py:3047} INFO - Sync 1 DAGs
[2026-05-17T21:10:17.248+0000] {logging_mixin.py:188} INFO - [2026-05-17T21:10:17.248+0000] {dag.py:3834} INFO - Setting next_dagrun for example_skip_dag to 2026-05-16 00:00:00+00:00, run_after=2026-05-17 00:00:00+00:00
[2026-05-17T21:10:17.281+0000] {processor.py:183} INFO - Processing /home/airflow/.local/lib/python3.8/site-packages/airflow/example_dags/example_skip_dag.py took 0.121 seconds
[2026-05-17T21:10:48.278+0000] {processor.py:161} INFO - Started process (PID=1610) to work on /home/airflow/.local/lib/python3.8/site-packages/airflow/example_dags/example_skip_dag.py
[2026-05-17T21:10:48.279+0000] {processor.py:830} INFO - Processing file /home/airflow/.local/lib/python3.8/site-packages/airflow/example_dags/example_skip_dag.py for tasks to queue
[2026-05-17T21:10:48.281+0000] {logging_mixin.py:188} INFO - [2026-05-17T21:10:48.281+0000] {dagbag.py:540} INFO - Filling up the DagBag from /home/airflow/.local/lib/python3.8/site-packages/airflow/example_dags/example_skip_dag.py
[2026-05-17T21:10:48.287+0000] {processor.py:840} INFO - DAG(s) 'example_skip_dag' retrieved from /home/airflow/.local/lib/python3.8/site-packages/airflow/example_dags/example_skip_dag.py
[2026-05-17T21:10:48.299+0000] {logging_mixin.py:188} INFO - [2026-05-17T21:10:48.298+0000] {dag.py:3047} INFO - Sync 1 DAGs
[2026-05-17T21:10:48.324+0000] {logging_mixin.py:188} INFO - [2026-05-17T21:10:48.324+0000] {dag.py:3834} INFO - Setting next_dagrun for example_skip_dag to 2026-05-16 00:00:00+00:00, run_after=2026-05-17 00:00:00+00:00
[2026-05-17T21:10:48.345+0000] {processor.py:183} INFO - Processing /home/airflow/.local/lib/python3.8/site-packages/airflow/example_dags/example_skip_dag.py took 0.070 seconds
[2026-05-17T21:11:18.639+0000] {processor.py:161} INFO - Started process (PID=1665) to work on /home/airflow/.local/lib/python3.8/site-packages/airflow/example_dags/example_skip_dag.py
[2026-05-17T21:11:18.640+0000] {processor.py:830} INFO - Processing file /home/airflow/.local/lib/python3.8/site-packages/airflow/example_dags/example_skip_dag.py for tasks to queue
[2026-05-17T21:11:18.642+0000] {logging_mixin.py:188} INFO - [2026-05-17T21:11:18.642+0000] {dagbag.py:540} INFO - Filling up the DagBag from /home/airflow/.local/lib/python3.8/site-packages/airflow/example_dags/example_skip_dag.py
[2026-05-17T21:11:18.652+0000] {processor.py:840} INFO - DAG(s) 'example_skip_dag' retrieved from /home/airflow/.local/lib/python3.8/site-packages/airflow/example_dags/example_skip_dag.py
[2026-05-17T21:11:18.724+0000] {logging_mixin.py:188} INFO - [2026-05-17T21:11:18.724+0000] {dag.py:3047} INFO - Sync 1 DAGs
[2026-05-17T21:11:18.738+0000] {logging_mixin.py:188} INFO - [2026-05-17T21:11:18.738+0000] {dag.py:3834} INFO - Setting next_dagrun for example_skip_dag to 2026-05-16 00:00:00+00:00, run_after=2026-05-17 00:00:00+00:00
[2026-05-17T21:11:18.755+0000] {processor.py:183} INFO - Processing /home/airflow/.local/lib/python3.8/site-packages/airflow/example_dags/example_skip_dag.py took 0.118 seconds
[2026-05-17T21:11:49.051+0000] {processor.py:161} INFO - Started process (PID=1720) to work on /home/airflow/.local/lib/python3.8/site-packages/airflow/example_dags/example_skip_dag.py
[2026-05-17T21:11:49.053+0000] {processor.py:830} INFO - Processing file /home/airflow/.local/lib/python3.8/site-packages/airflow/example_dags/example_skip_dag.py for tasks to queue
[2026-05-17T21:11:49.054+0000] {logging_mixin.py:188} INFO - [2026-05-17T21:11:49.054+0000] {dagbag.py:540} INFO - Filling up the DagBag from /home/airflow/.local/lib/python3.8/site-packages/airflow/example_dags/example_skip_dag.py
[2026-05-17T21:11:49.060+0000] {processor.py:840} INFO - DAG(s) 'example_skip_dag' retrieved from /home/airflow/.local/lib/python3.8/site-packages/airflow/example_dags/example_skip_dag.py
[2026-05-17T21:11:49.080+0000] {logging_mixin.py:188} INFO - [2026-05-17T21:11:49.079+0000] {dag.py:3047} INFO - Sync 1 DAGs
[2026-05-17T21:11:49.100+0000] {logging_mixin.py:188} INFO - [2026-05-17T21:11:49.099+0000] {dag.py:3834} INFO - Setting next_dagrun for example_skip_dag to 2026-05-16 00:00:00+00:00, run_after=2026-05-17 00:00:00+00:00
[2026-05-17T21:11:49.124+0000] {processor.py:183} INFO - Processing /home/airflow/.local/lib/python3.8/site-packages/airflow/example_dags/example_skip_dag.py took 0.076 seconds
[2026-05-17T21:12:19.213+0000] {processor.py:161} INFO - Started process (PID=1775) to work on /home/airflow/.local/lib/python3.8/site-packages/airflow/example_dags/example_skip_dag.py
[2026-05-17T21:12:19.214+0000] {processor.py:830} INFO - Processing file /home/airflow/.local/lib/python3.8/site-packages/airflow/example_dags/example_skip_dag.py for tasks to queue
[2026-05-17T21:12:19.217+0000] {logging_mixin.py:188} INFO - [2026-05-17T21:12:19.217+0000] {dagbag.py:540} INFO - Filling up the DagBag from /home/airflow/.local/lib/python3.8/site-packages/airflow/example_dags/example_skip_dag.py
[2026-05-17T21:12:19.224+0000] {processor.py:840} INFO - DAG(s) 'example_skip_dag' retrieved from /home/airflow/.local/lib/python3.8/site-packages/airflow/example_dags/example_skip_dag.py
[2026-05-17T21:12:19.242+0000] {logging_mixin.py:188} INFO - [2026-05-17T21:12:19.242+0000] {dag.py:3047} INFO - Sync 1 DAGs
[2026-05-17T21:12:19.258+0000] {logging_mixin.py:188} INFO - [2026-05-17T21:12:19.258+0000] {dag.py:3834} INFO - Setting next_dagrun for example_skip_dag to 2026-05-16 00:00:00+00:00, run_after=2026-05-17 00:00:00+00:00
[2026-05-17T21:12:19.276+0000] {processor.py:183} INFO - Processing /home/airflow/.local/lib/python3.8/site-packages/airflow/example_dags/example_skip_dag.py took 0.067 seconds
[2026-05-17T21:12:49.373+0000] {processor.py:161} INFO - Started process (PID=1830) to work on /home/airflow/.local/lib/python3.8/site-packages/airflow/example_dags/example_skip_dag.py
[2026-05-17T21:12:49.375+0000] {processor.py:830} INFO - Processing file /home/airflow/.local/lib/python3.8/site-packages/airflow/example_dags/example_skip_dag.py for tasks to queue
[2026-05-17T21:12:49.377+0000] {logging_mixin.py:188} INFO - [2026-05-17T21:12:49.376+0000] {dagbag.py:540} INFO - Filling up the DagBag from /home/airflow/.local/lib/python3.8/site-packages/airflow/example_dags/example_skip_dag.py
[2026-05-17T21:12:49.382+0000] {processor.py:840} INFO - DAG(s) 'example_skip_dag' retrieved from /home/airflow/.local/lib/python3.8/site-packages/airflow/example_dags/example_skip_dag.py
[2026-05-17T21:12:49.401+0000] {logging_mixin.py:188} INFO - [2026-05-17T21:12:49.401+0000] {dag.py:3047} INFO - Sync 1 DAGs
[2026-05-17T21:12:49.418+0000] {logging_mixin.py:188} INFO - [2026-05-17T21:12:49.417+0000] {dag.py:3834} INFO - Setting next_dagrun for example_skip_dag to 2026-05-16 00:00:00+00:00, run_after=2026-05-17 00:00:00+00:00
[2026-05-17T21:12:49.434+0000] {processor.py:183} INFO - Processing /home/airflow/.local/lib/python3.8/site-packages/airflow/example_dags/example_skip_dag.py took 0.064 seconds
[2026-05-17T21:13:19.783+0000] {processor.py:161} INFO - Started process (PID=1885) to work on /home/airflow/.local/lib/python3.8/site-packages/airflow/example_dags/example_skip_dag.py
[2026-05-17T21:13:19.786+0000] {processor.py:830} INFO - Processing file /home/airflow/.local/lib/python3.8/site-packages/airflow/example_dags/example_skip_dag.py for tasks to queue
[2026-05-17T21:13:19.789+0000] {logging_mixin.py:188} INFO - [2026-05-17T21:13:19.789+0000] {dagbag.py:540} INFO - Filling up the DagBag from /home/airflow/.local/lib/python3.8/site-packages/airflow/example_dags/example_skip_dag.py
[2026-05-17T21:13:19.798+0000] {processor.py:840} INFO - DAG(s) 'example_skip_dag' retrieved from /home/airflow/.local/lib/python3.8/site-packages/airflow/example_dags/example_skip_dag.py
[2026-05-17T21:13:19.830+0000] {logging_mixin.py:188} INFO - [2026-05-17T21:13:19.829+0000] {dag.py:3047} INFO - Sync 1 DAGs
[2026-05-17T21:13:19.852+0000] {logging_mixin.py:188} INFO - [2026-05-17T21:13:19.851+0000] {dag.py:3834} INFO - Setting next_dagrun for example_skip_dag to 2026-05-16 00:00:00+00:00, run_after=2026-05-17 00:00:00+00:00
[2026-05-17T21:13:19.869+0000] {processor.py:183} INFO - Processing /home/airflow/.local/lib/python3.8/site-packages/airflow/example_dags/example_skip_dag.py took 0.090 seconds
[2026-05-17T21:13:50.575+0000] {processor.py:161} INFO - Started process (PID=1940) to work on /home/airflow/.local/lib/python3.8/site-packages/airflow/example_dags/example_skip_dag.py
[2026-05-17T21:13:50.577+0000] {processor.py:830} INFO - Processing file /home/airflow/.local/lib/python3.8/site-packages/airflow/example_dags/example_skip_dag.py for tasks to queue
[2026-05-17T21:13:50.579+0000] {logging_mixin.py:188} INFO - [2026-05-17T21:13:50.579+0000] {dagbag.py:540} INFO - Filling up the DagBag from /home/airflow/.local/lib/python3.8/site-packages/airflow/example_dags/example_skip_dag.py
[2026-05-17T21:13:50.585+0000] {processor.py:840} INFO - DAG(s) 'example_skip_dag' retrieved from /home/airflow/.local/lib/python3.8/site-packages/airflow/example_dags/example_skip_dag.py
[2026-05-17T21:13:50.604+0000] {logging_mixin.py:188} INFO - [2026-05-17T21:13:50.604+0000] {dag.py:3047} INFO - Sync 1 DAGs
[2026-05-17T21:13:50.622+0000] {logging_mixin.py:188} INFO - [2026-05-17T21:13:50.622+0000] {dag.py:3834} INFO - Setting next_dagrun for example_skip_dag to 2026-05-16 00:00:00+00:00, run_after=2026-05-17 00:00:00+00:00
[2026-05-17T21:13:50.647+0000] {processor.py:183} INFO - Processing /home/airflow/.local/lib/python3.8/site-packages/airflow/example_dags/example_skip_dag.py took 0.074 seconds
[2026-05-17T21:14:21.637+0000] {processor.py:161} INFO - Started process (PID=1995) to work on /home/airflow/.local/lib/python3.8/site-packages/airflow/example_dags/example_skip_dag.py
[2026-05-17T21:14:21.638+0000] {processor.py:830} INFO - Processing file /home/airflow/.local/lib/python3.8/site-packages/airflow/example_dags/example_skip_dag.py for tasks to queue
[2026-05-17T21:14:21.641+0000] {logging_mixin.py:188} INFO - [2026-05-17T21:14:21.640+0000] {dagbag.py:540} INFO - Filling up the DagBag from /home/airflow/.local/lib/python3.8/site-packages/airflow/example_dags/example_skip_dag.py
[2026-05-17T21:14:21.647+0000] {processor.py:840} INFO - DAG(s) 'example_skip_dag' retrieved from /home/airflow/.local/lib/python3.8/site-packages/airflow/example_dags/example_skip_dag.py
[2026-05-17T21:14:21.666+0000] {logging_mixin.py:188} INFO - [2026-05-17T21:14:21.666+0000] {dag.py:3047} INFO - Sync 1 DAGs
[2026-05-17T21:14:21.684+0000] {logging_mixin.py:188} INFO - [2026-05-17T21:14:21.684+0000] {dag.py:3834} INFO - Setting next_dagrun for example_skip_dag to 2026-05-16 00:00:00+00:00, run_after=2026-05-17 00:00:00+00:00
[2026-05-17T21:14:21.702+0000] {processor.py:183} INFO - Processing /home/airflow/.local/lib/python3.8/site-packages/airflow/example_dags/example_skip_dag.py took 0.068 seconds
[2026-05-17T21:14:52.134+0000] {processor.py:161} INFO - Started process (PID=2050) to work on /home/airflow/.local/lib/python3.8/site-packages/airflow/example_dags/example_skip_dag.py
[2026-05-17T21:14:52.138+0000] {processor.py:830} INFO - Processing file /home/airflow/.local/lib/python3.8/site-packages/airflow/example_dags/example_skip_dag.py for tasks to queue
[2026-05-17T21:14:52.143+0000] {logging_mixin.py:188} INFO - [2026-05-17T21:14:52.142+0000] {dagbag.py:540} INFO - Filling up the DagBag from /home/airflow/.local/lib/python3.8/site-packages/airflow/example_dags/example_skip_dag.py
[2026-05-17T21:14:52.158+0000] {processor.py:840} INFO - DAG(s) 'example_skip_dag' retrieved from /home/airflow/.local/lib/python3.8/site-packages/airflow/example_dags/example_skip_dag.py
[2026-05-17T21:14:52.196+0000] {logging_mixin.py:188} INFO - [2026-05-17T21:14:52.196+0000] {dag.py:3047} INFO - Sync 1 DAGs
[2026-05-17T21:14:52.238+0000] {logging_mixin.py:188} INFO - [2026-05-17T21:14:52.238+0000] {dag.py:3834} INFO - Setting next_dagrun for example_skip_dag to 2026-05-16 00:00:00+00:00, run_after=2026-05-17 00:00:00+00:00
[2026-05-17T21:14:52.267+0000] {processor.py:183} INFO - Processing /home/airflow/.local/lib/python3.8/site-packages/airflow/example_dags/example_skip_dag.py took 0.138 seconds
[2026-05-17T21:15:22.948+0000] {processor.py:161} INFO - Started process (PID=2105) to work on /home/airflow/.local/lib/python3.8/site-packages/airflow/example_dags/example_skip_dag.py
[2026-05-17T21:15:22.951+0000] {processor.py:830} INFO - Processing file /home/airflow/.local/lib/python3.8/site-packages/airflow/example_dags/example_skip_dag.py for tasks to queue
[2026-05-17T21:15:22.953+0000] {logging_mixin.py:188} INFO - [2026-05-17T21:15:22.953+0000] {dagbag.py:540} INFO - Filling up the DagBag from /home/airflow/.local/lib/python3.8/site-packages/airflow/example_dags/example_skip_dag.py
[2026-05-17T21:15:22.961+0000] {processor.py:840} INFO - DAG(s) 'example_skip_dag' retrieved from /home/airflow/.local/lib/python3.8/site-packages/airflow/example_dags/example_skip_dag.py
[2026-05-17T21:15:22.988+0000] {logging_mixin.py:188} INFO - [2026-05-17T21:15:22.988+0000] {dag.py:3047} INFO - Sync 1 DAGs
[2026-05-17T21:15:23.159+0000] {logging_mixin.py:188} INFO - [2026-05-17T21:15:23.158+0000] {dag.py:3834} INFO - Setting next_dagrun for example_skip_dag to 2026-05-16 00:00:00+00:00, run_after=2026-05-17 00:00:00+00:00
[2026-05-17T21:15:23.177+0000] {processor.py:183} INFO - Processing /home/airflow/.local/lib/python3.8/site-packages/airflow/example_dags/example_skip_dag.py took 0.234 seconds
[2026-05-17T21:15:53.239+0000] {processor.py:161} INFO - Started process (PID=2160) to work on /home/airflow/.local/lib/python3.8/site-packages/airflow/example_dags/example_skip_dag.py
[2026-05-17T21:15:53.241+0000] {processor.py:830} INFO - Processing file /home/airflow/.local/lib/python3.8/site-packages/airflow/example_dags/example_skip_dag.py for tasks to queue
[2026-05-17T21:15:53.244+0000] {logging_mixin.py:188} INFO - [2026-05-17T21:15:53.243+0000] {dagbag.py:540} INFO - Filling up the DagBag from /home/airflow/.local/lib/python3.8/site-packages/airflow/example_dags/example_skip_dag.py
[2026-05-17T21:15:53.252+0000] {processor.py:840} INFO - DAG(s) 'example_skip_dag' retrieved from /home/airflow/.local/lib/python3.8/site-packages/airflow/example_dags/example_skip_dag.py
[2026-05-17T21:15:53.300+0000] {logging_mixin.py:188} INFO - [2026-05-17T21:15:53.299+0000] {dag.py:3047} INFO - Sync 1 DAGs
[2026-05-17T21:15:53.336+0000] {logging_mixin.py:188} INFO - [2026-05-17T21:15:53.336+0000] {dag.py:3834} INFO - Setting next_dagrun for example_skip_dag to 2026-05-16 00:00:00+00:00, run_after=2026-05-17 00:00:00+00:00
[2026-05-17T21:15:53.525+0000] {processor.py:183} INFO - Processing /home/airflow/.local/lib/python3.8/site-packages/airflow/example_dags/example_skip_dag.py took 0.290 seconds
[2026-05-17T21:16:23.598+0000] {processor.py:161} INFO - Started process (PID=2213) to work on /home/airflow/.local/lib/python3.8/site-packages/airflow/example_dags/example_skip_dag.py
[2026-05-17T21:16:23.600+0000] {processor.py:830} INFO - Processing file /home/airflow/.local/lib/python3.8/site-packages/airflow/example_dags/example_skip_dag.py for tasks to queue
[2026-05-17T21:16:23.602+0000] {logging_mixin.py:188} INFO - [2026-05-17T21:16:23.601+0000] {dagbag.py:540} INFO - Filling up the DagBag from /home/airflow/.local/lib/python3.8/site-packages/airflow/example_dags/example_skip_dag.py
[2026-05-17T21:16:23.610+0000] {processor.py:840} INFO - DAG(s) 'example_skip_dag' retrieved from /home/airflow/.local/lib/python3.8/site-packages/airflow/example_dags/example_skip_dag.py
[2026-05-17T21:16:23.633+0000] {logging_mixin.py:188} INFO - [2026-05-17T21:16:23.633+0000] {dag.py:3047} INFO - Sync 1 DAGs
[2026-05-17T21:16:23.653+0000] {logging_mixin.py:188} INFO - [2026-05-17T21:16:23.653+0000] {dag.py:3834} INFO - Setting next_dagrun for example_skip_dag to 2026-05-16 00:00:00+00:00, run_after=2026-05-17 00:00:00+00:00
[2026-05-17T21:16:23.670+0000] {processor.py:183} INFO - Processing /home/airflow/.local/lib/python3.8/site-packages/airflow/example_dags/example_skip_dag.py took 0.076 seconds
[2026-05-17T21:16:54.119+0000] {processor.py:161} INFO - Started process (PID=2268) to work on /home/airflow/.local/lib/python3.8/site-packages/airflow/example_dags/example_skip_dag.py
[2026-05-17T21:16:54.120+0000] {processor.py:830} INFO - Processing file /home/airflow/.local/lib/python3.8/site-packages/airflow/example_dags/example_skip_dag.py for tasks to queue
[2026-05-17T21:16:54.123+0000] {logging_mixin.py:188} INFO - [2026-05-17T21:16:54.122+0000] {dagbag.py:540} INFO - Filling up the DagBag from /home/airflow/.local/lib/python3.8/site-packages/airflow/example_dags/example_skip_dag.py
[2026-05-17T21:16:54.128+0000] {processor.py:840} INFO - DAG(s) 'example_skip_dag' retrieved from /home/airflow/.local/lib/python3.8/site-packages/airflow/example_dags/example_skip_dag.py
[2026-05-17T21:16:54.152+0000] {logging_mixin.py:188} INFO - [2026-05-17T21:16:54.151+0000] {dag.py:3047} INFO - Sync 1 DAGs
[2026-05-17T21:16:54.171+0000] {logging_mixin.py:188} INFO - [2026-05-17T21:16:54.171+0000] {dag.py:3834} INFO - Setting next_dagrun for example_skip_dag to 2026-05-16 00:00:00+00:00, run_after=2026-05-17 00:00:00+00:00
[2026-05-17T21:16:54.190+0000] {processor.py:183} INFO - Processing /home/airflow/.local/lib/python3.8/site-packages/airflow/example_dags/example_skip_dag.py took 0.074 seconds
[2026-05-17T21:17:24.620+0000] {processor.py:161} INFO - Started process (PID=2322) to work on /home/airflow/.local/lib/python3.8/site-packages/airflow/example_dags/example_skip_dag.py
[2026-05-17T21:17:24.622+0000] {processor.py:830} INFO - Processing file /home/airflow/.local/lib/python3.8/site-packages/airflow/example_dags/example_skip_dag.py for tasks to queue
[2026-05-17T21:17:24.623+0000] {logging_mixin.py:188} INFO - [2026-05-17T21:17:24.623+0000] {dagbag.py:540} INFO - Filling up the DagBag from /home/airflow/.local/lib/python3.8/site-packages/airflow/example_dags/example_skip_dag.py
[2026-05-17T21:17:24.629+0000] {processor.py:840} INFO - DAG(s) 'example_skip_dag' retrieved from /home/airflow/.local/lib/python3.8/site-packages/airflow/example_dags/example_skip_dag.py
[2026-05-17T21:17:24.652+0000] {logging_mixin.py:188} INFO - [2026-05-17T21:17:24.651+0000] {dag.py:3047} INFO - Sync 1 DAGs
[2026-05-17T21:17:24.672+0000] {logging_mixin.py:188} INFO - [2026-05-17T21:17:24.672+0000] {dag.py:3834} INFO - Setting next_dagrun for example_skip_dag to 2026-05-16 00:00:00+00:00, run_after=2026-05-17 00:00:00+00:00
[2026-05-17T21:17:24.690+0000] {processor.py:183} INFO - Processing /home/airflow/.local/lib/python3.8/site-packages/airflow/example_dags/example_skip_dag.py took 0.072 seconds
[2026-05-17T21:17:55.430+0000] {processor.py:161} INFO - Started process (PID=2377) to work on /home/airflow/.local/lib/python3.8/site-packages/airflow/example_dags/example_skip_dag.py
[2026-05-17T21:17:55.432+0000] {processor.py:830} INFO - Processing file /home/airflow/.local/lib/python3.8/site-packages/airflow/example_dags/example_skip_dag.py for tasks to queue
[2026-05-17T21:17:55.434+0000] {logging_mixin.py:188} INFO - [2026-05-17T21:17:55.433+0000] {dagbag.py:540} INFO - Filling up the DagBag from /home/airflow/.local/lib/python3.8/site-packages/airflow/example_dags/example_skip_dag.py
[2026-05-17T21:17:55.440+0000] {processor.py:840} INFO - DAG(s) 'example_skip_dag' retrieved from /home/airflow/.local/lib/python3.8/site-packages/airflow/example_dags/example_skip_dag.py
[2026-05-17T21:17:55.464+0000] {logging_mixin.py:188} INFO - [2026-05-17T21:17:55.463+0000] {dag.py:3047} INFO - Sync 1 DAGs
[2026-05-17T21:17:55.489+0000] {logging_mixin.py:188} INFO - [2026-05-17T21:17:55.488+0000] {dag.py:3834} INFO - Setting next_dagrun for example_skip_dag to 2026-05-16 00:00:00+00:00, run_after=2026-05-17 00:00:00+00:00
[2026-05-17T21:17:55.512+0000] {processor.py:183} INFO - Processing /home/airflow/.local/lib/python3.8/site-packages/airflow/example_dags/example_skip_dag.py took 0.086 seconds
[2026-05-17T21:18:26.396+0000] {processor.py:161} INFO - Started process (PID=2432) to work on /home/airflow/.local/lib/python3.8/site-packages/airflow/example_dags/example_skip_dag.py
[2026-05-17T21:18:26.397+0000] {processor.py:830} INFO - Processing file /home/airflow/.local/lib/python3.8/site-packages/airflow/example_dags/example_skip_dag.py for tasks to queue
[2026-05-17T21:18:26.399+0000] {logging_mixin.py:188} INFO - [2026-05-17T21:18:26.399+0000] {dagbag.py:540} INFO - Filling up the DagBag from /home/airflow/.local/lib/python3.8/site-packages/airflow/example_dags/example_skip_dag.py
[2026-05-17T21:18:26.406+0000] {processor.py:840} INFO - DAG(s) 'example_skip_dag' retrieved from /home/airflow/.local/lib/python3.8/site-packages/airflow/example_dags/example_skip_dag.py
[2026-05-17T21:18:26.426+0000] {logging_mixin.py:188} INFO - [2026-05-17T21:18:26.426+0000] {dag.py:3047} INFO - Sync 1 DAGs
[2026-05-17T21:18:26.443+0000] {logging_mixin.py:188} INFO - [2026-05-17T21:18:26.442+0000] {dag.py:3834} INFO - Setting next_dagrun for example_skip_dag to 2026-05-16 00:00:00+00:00, run_after=2026-05-17 00:00:00+00:00
[2026-05-17T21:18:26.459+0000] {processor.py:183} INFO - Processing /home/airflow/.local/lib/python3.8/site-packages/airflow/example_dags/example_skip_dag.py took 0.067 seconds
[2026-05-17T21:18:56.652+0000] {processor.py:161} INFO - Started process (PID=2487) to work on /home/airflow/.local/lib/python3.8/site-packages/airflow/example_dags/example_skip_dag.py
[2026-05-17T21:18:56.654+0000] {processor.py:830} INFO - Processing file /home/airflow/.local/lib/python3.8/site-packages/airflow/example_dags/example_skip_dag.py for tasks to queue
[2026-05-17T21:18:56.658+0000] {logging_mixin.py:188} INFO - [2026-05-17T21:18:56.658+0000] {dagbag.py:540} INFO - Filling up the DagBag from /home/airflow/.local/lib/python3.8/site-packages/airflow/example_dags/example_skip_dag.py
[2026-05-17T21:18:56.666+0000] {processor.py:840} INFO - DAG(s) 'example_skip_dag' retrieved from /home/airflow/.local/lib/python3.8/site-packages/airflow/example_dags/example_skip_dag.py
[2026-05-17T21:18:56.698+0000] {logging_mixin.py:188} INFO - [2026-05-17T21:18:56.697+0000] {dag.py:3047} INFO - Sync 1 DAGs
[2026-05-17T21:18:56.719+0000] {logging_mixin.py:188} INFO - [2026-05-17T21:18:56.719+0000] {dag.py:3834} INFO - Setting next_dagrun for example_skip_dag to 2026-05-16 00:00:00+00:00, run_after=2026-05-17 00:00:00+00:00
[2026-05-17T21:18:56.746+0000] {processor.py:183} INFO - Processing /home/airflow/.local/lib/python3.8/site-packages/airflow/example_dags/example_skip_dag.py took 0.097 seconds
[2026-05-17T21:19:27.619+0000] {processor.py:161} INFO - Started process (PID=2542) to work on /home/airflow/.local/lib/python3.8/site-packages/airflow/example_dags/example_skip_dag.py
[2026-05-17T21:19:27.620+0000] {processor.py:830} INFO - Processing file /home/airflow/.local/lib/python3.8/site-packages/airflow/example_dags/example_skip_dag.py for tasks to queue
[2026-05-17T21:19:27.622+0000] {logging_mixin.py:188} INFO - [2026-05-17T21:19:27.621+0000] {dagbag.py:540} INFO - Filling up the DagBag from /home/airflow/.local/lib/python3.8/site-packages/airflow/example_dags/example_skip_dag.py
[2026-05-17T21:19:27.627+0000] {processor.py:840} INFO - DAG(s) 'example_skip_dag' retrieved from /home/airflow/.local/lib/python3.8/site-packages/airflow/example_dags/example_skip_dag.py
[2026-05-17T21:19:27.645+0000] {logging_mixin.py:188} INFO - [2026-05-17T21:19:27.645+0000] {dag.py:3047} INFO - Sync 1 DAGs
[2026-05-17T21:19:27.662+0000] {logging_mixin.py:188} INFO - [2026-05-17T21:19:27.662+0000] {dag.py:3834} INFO - Setting next_dagrun for example_skip_dag to 2026-05-16 00:00:00+00:00, run_after=2026-05-17 00:00:00+00:00
[2026-05-17T21:19:27.682+0000] {processor.py:183} INFO - Processing /home/airflow/.local/lib/python3.8/site-packages/airflow/example_dags/example_skip_dag.py took 0.066 seconds
[2026-05-17T21:19:57.810+0000] {processor.py:161} INFO - Started process (PID=2597) to work on /home/airflow/.local/lib/python3.8/site-packages/airflow/example_dags/example_skip_dag.py
[2026-05-17T21:19:57.812+0000] {processor.py:830} INFO - Processing file /home/airflow/.local/lib/python3.8/site-packages/airflow/example_dags/example_skip_dag.py for tasks to queue
[2026-05-17T21:19:57.814+0000] {logging_mixin.py:188} INFO - [2026-05-17T21:19:57.814+0000] {dagbag.py:540} INFO - Filling up the DagBag from /home/airflow/.local/lib/python3.8/site-packages/airflow/example_dags/example_skip_dag.py
[2026-05-17T21:19:57.821+0000] {processor.py:840} INFO - DAG(s) 'example_skip_dag' retrieved from /home/airflow/.local/lib/python3.8/site-packages/airflow/example_dags/example_skip_dag.py
[2026-05-17T21:19:57.838+0000] {logging_mixin.py:188} INFO - [2026-05-17T21:19:57.838+0000] {dag.py:3047} INFO - Sync 1 DAGs
[2026-05-17T21:19:57.854+0000] {logging_mixin.py:188} INFO - [2026-05-17T21:19:57.854+0000] {dag.py:3834} INFO - Setting next_dagrun for example_skip_dag to 2026-05-16 00:00:00+00:00, run_after=2026-05-17 00:00:00+00:00
[2026-05-17T21:19:57.871+0000] {processor.py:183} INFO - Processing /home/airflow/.local/lib/python3.8/site-packages/airflow/example_dags/example_skip_dag.py took 0.063 seconds
[2026-05-17T21:20:27.962+0000] {processor.py:161} INFO - Started process (PID=2652) to work on /home/airflow/.local/lib/python3.8/site-packages/airflow/example_dags/example_skip_dag.py
[2026-05-17T21:20:27.963+0000] {processor.py:830} INFO - Processing file /home/airflow/.local/lib/python3.8/site-packages/airflow/example_dags/example_skip_dag.py for tasks to queue
[2026-05-17T21:20:27.965+0000] {logging_mixin.py:188} INFO - [2026-05-17T21:20:27.965+0000] {dagbag.py:540} INFO - Filling up the DagBag from /home/airflow/.local/lib/python3.8/site-packages/airflow/example_dags/example_skip_dag.py
[2026-05-17T21:20:27.971+0000] {processor.py:840} INFO - DAG(s) 'example_skip_dag' retrieved from /home/airflow/.local/lib/python3.8/site-packages/airflow/example_dags/example_skip_dag.py
[2026-05-17T21:20:27.988+0000] {logging_mixin.py:188} INFO - [2026-05-17T21:20:27.988+0000] {dag.py:3047} INFO - Sync 1 DAGs
[2026-05-17T21:20:28.007+0000] {logging_mixin.py:188} INFO - [2026-05-17T21:20:28.006+0000] {dag.py:3834} INFO - Setting next_dagrun for example_skip_dag to 2026-05-16 00:00:00+00:00, run_after=2026-05-17 00:00:00+00:00
[2026-05-17T21:20:28.021+0000] {processor.py:183} INFO - Processing /home/airflow/.local/lib/python3.8/site-packages/airflow/example_dags/example_skip_dag.py took 0.062 seconds
[2026-05-17T21:20:58.347+0000] {processor.py:161} INFO - Started process (PID=2707) to work on /home/airflow/.local/lib/python3.8/site-packages/airflow/example_dags/example_skip_dag.py
[2026-05-17T21:20:58.349+0000] {processor.py:830} INFO - Processing file /home/airflow/.local/lib/python3.8/site-packages/airflow/example_dags/example_skip_dag.py for tasks to queue
[2026-05-17T21:20:58.350+0000] {logging_mixin.py:188} INFO - [2026-05-17T21:20:58.350+0000] {dagbag.py:540} INFO - Filling up the DagBag from /home/airflow/.local/lib/python3.8/site-packages/airflow/example_dags/example_skip_dag.py
[2026-05-17T21:20:58.356+0000] {processor.py:840} INFO - DAG(s) 'example_skip_dag' retrieved from /home/airflow/.local/lib/python3.8/site-packages/airflow/example_dags/example_skip_dag.py
[2026-05-17T21:20:58.373+0000] {logging_mixin.py:188} INFO - [2026-05-17T21:20:58.373+0000] {dag.py:3047} INFO - Sync 1 DAGs
[2026-05-17T21:20:58.389+0000] {logging_mixin.py:188} INFO - [2026-05-17T21:20:58.389+0000] {dag.py:3834} INFO - Setting next_dagrun for example_skip_dag to 2026-05-16 00:00:00+00:00, run_after=2026-05-17 00:00:00+00:00
[2026-05-17T21:20:58.407+0000] {processor.py:183} INFO - Processing /home/airflow/.local/lib/python3.8/site-packages/airflow/example_dags/example_skip_dag.py took 0.062 seconds
[2026-05-17T21:21:28.588+0000] {processor.py:161} INFO - Started process (PID=2762) to work on /home/airflow/.local/lib/python3.8/site-packages/airflow/example_dags/example_skip_dag.py
[2026-05-17T21:21:28.589+0000] {processor.py:830} INFO - Processing file /home/airflow/.local/lib/python3.8/site-packages/airflow/example_dags/example_skip_dag.py for tasks to queue
[2026-05-17T21:21:28.591+0000] {logging_mixin.py:188} INFO - [2026-05-17T21:21:28.590+0000] {dagbag.py:540} INFO - Filling up the DagBag from /home/airflow/.local/lib/python3.8/site-packages/airflow/example_dags/example_skip_dag.py
[2026-05-17T21:21:28.596+0000] {processor.py:840} INFO - DAG(s) 'example_skip_dag' retrieved from /home/airflow/.local/lib/python3.8/site-packages/airflow/example_dags/example_skip_dag.py
[2026-05-17T21:21:28.617+0000] {logging_mixin.py:188} INFO - [2026-05-17T21:21:28.617+0000] {dag.py:3047} INFO - Sync 1 DAGs
[2026-05-17T21:21:28.634+0000] {logging_mixin.py:188} INFO - [2026-05-17T21:21:28.634+0000] {dag.py:3834} INFO - Setting next_dagrun for example_skip_dag to 2026-05-16 00:00:00+00:00, run_after=2026-05-17 00:00:00+00:00
[2026-05-17T21:21:28.654+0000] {processor.py:183} INFO - Processing /home/airflow/.local/lib/python3.8/site-packages/airflow/example_dags/example_skip_dag.py took 0.069 seconds
[2026-05-17T21:21:58.791+0000] {processor.py:161} INFO - Started process (PID=2817) to work on /home/airflow/.local/lib/python3.8/site-packages/airflow/example_dags/example_skip_dag.py
[2026-05-17T21:21:58.792+0000] {processor.py:830} INFO - Processing file /home/airflow/.local/lib/python3.8/site-packages/airflow/example_dags/example_skip_dag.py for tasks to queue
[2026-05-17T21:21:58.794+0000] {logging_mixin.py:188} INFO - [2026-05-17T21:21:58.794+0000] {dagbag.py:540} INFO - Filling up the DagBag from /home/airflow/.local/lib/python3.8/site-packages/airflow/example_dags/example_skip_dag.py
[2026-05-17T21:21:58.800+0000] {processor.py:840} INFO - DAG(s) 'example_skip_dag' retrieved from /home/airflow/.local/lib/python3.8/site-packages/airflow/example_dags/example_skip_dag.py
[2026-05-17T21:21:58.821+0000] {logging_mixin.py:188} INFO - [2026-05-17T21:21:58.821+0000] {dag.py:3047} INFO - Sync 1 DAGs
[2026-05-17T21:21:58.838+0000] {logging_mixin.py:188} INFO - [2026-05-17T21:21:58.838+0000] {dag.py:3834} INFO - Setting next_dagrun for example_skip_dag to 2026-05-16 00:00:00+00:00, run_after=2026-05-17 00:00:00+00:00
[2026-05-17T21:21:58.856+0000] {processor.py:183} INFO - Processing /home/airflow/.local/lib/python3.8/site-packages/airflow/example_dags/example_skip_dag.py took 0.068 seconds
[2026-05-17T21:22:28.964+0000] {processor.py:161} INFO - Started process (PID=2872) to work on /home/airflow/.local/lib/python3.8/site-packages/airflow/example_dags/example_skip_dag.py
[2026-05-17T21:22:28.966+0000] {processor.py:830} INFO - Processing file /home/airflow/.local/lib/python3.8/site-packages/airflow/example_dags/example_skip_dag.py for tasks to queue
[2026-05-17T21:22:28.968+0000] {logging_mixin.py:188} INFO - [2026-05-17T21:22:28.967+0000] {dagbag.py:540} INFO - Filling up the DagBag from /home/airflow/.local/lib/python3.8/site-packages/airflow/example_dags/example_skip_dag.py
[2026-05-17T21:22:28.973+0000] {processor.py:840} INFO - DAG(s) 'example_skip_dag' retrieved from /home/airflow/.local/lib/python3.8/site-packages/airflow/example_dags/example_skip_dag.py
[2026-05-17T21:22:28.991+0000] {logging_mixin.py:188} INFO - [2026-05-17T21:22:28.991+0000] {dag.py:3047} INFO - Sync 1 DAGs
[2026-05-17T21:22:29.010+0000] {logging_mixin.py:188} INFO - [2026-05-17T21:22:29.009+0000] {dag.py:3834} INFO - Setting next_dagrun for example_skip_dag to 2026-05-16 00:00:00+00:00, run_after=2026-05-17 00:00:00+00:00
[2026-05-17T21:22:29.028+0000] {processor.py:183} INFO - Processing /home/airflow/.local/lib/python3.8/site-packages/airflow/example_dags/example_skip_dag.py took 0.066 seconds
[2026-05-17T21:22:59.094+0000] {processor.py:161} INFO - Started process (PID=2927) to work on /home/airflow/.local/lib/python3.8/site-packages/airflow/example_dags/example_skip_dag.py
[2026-05-17T21:22:59.096+0000] {processor.py:830} INFO - Processing file /home/airflow/.local/lib/python3.8/site-packages/airflow/example_dags/example_skip_dag.py for tasks to queue
[2026-05-17T21:22:59.098+0000] {logging_mixin.py:188} INFO - [2026-05-17T21:22:59.098+0000] {dagbag.py:540} INFO - Filling up the DagBag from /home/airflow/.local/lib/python3.8/site-packages/airflow/example_dags/example_skip_dag.py
[2026-05-17T21:22:59.103+0000] {processor.py:840} INFO - DAG(s) 'example_skip_dag' retrieved from /home/airflow/.local/lib/python3.8/site-packages/airflow/example_dags/example_skip_dag.py
[2026-05-17T21:22:59.122+0000] {logging_mixin.py:188} INFO - [2026-05-17T21:22:59.121+0000] {dag.py:3047} INFO - Sync 1 DAGs
[2026-05-17T21:22:59.139+0000] {logging_mixin.py:188} INFO - [2026-05-17T21:22:59.138+0000] {dag.py:3834} INFO - Setting next_dagrun for example_skip_dag to 2026-05-16 00:00:00+00:00, run_after=2026-05-17 00:00:00+00:00
[2026-05-17T21:22:59.154+0000] {processor.py:183} INFO - Processing /home/airflow/.local/lib/python3.8/site-packages/airflow/example_dags/example_skip_dag.py took 0.062 seconds
[2026-05-17T21:23:29.370+0000] {processor.py:161} INFO - Started process (PID=2983) to work on /home/airflow/.local/lib/python3.8/site-packages/airflow/example_dags/example_skip_dag.py
[2026-05-17T21:23:29.373+0000] {processor.py:830} INFO - Processing file /home/airflow/.local/lib/python3.8/site-packages/airflow/example_dags/example_skip_dag.py for tasks to queue
[2026-05-17T21:23:29.376+0000] {logging_mixin.py:188} INFO - [2026-05-17T21:23:29.375+0000] {dagbag.py:540} INFO - Filling up the DagBag from /home/airflow/.local/lib/python3.8/site-packages/airflow/example_dags/example_skip_dag.py
[2026-05-17T21:23:29.381+0000] {processor.py:840} INFO - DAG(s) 'example_skip_dag' retrieved from /home/airflow/.local/lib/python3.8/site-packages/airflow/example_dags/example_skip_dag.py
[2026-05-17T21:23:29.400+0000] {logging_mixin.py:188} INFO - [2026-05-17T21:23:29.400+0000] {dag.py:3047} INFO - Sync 1 DAGs
[2026-05-17T21:23:29.418+0000] {logging_mixin.py:188} INFO - [2026-05-17T21:23:29.418+0000] {dag.py:3834} INFO - Setting next_dagrun for example_skip_dag to 2026-05-16 00:00:00+00:00, run_after=2026-05-17 00:00:00+00:00
[2026-05-17T21:23:29.435+0000] {processor.py:183} INFO - Processing /home/airflow/.local/lib/python3.8/site-packages/airflow/example_dags/example_skip_dag.py took 0.069 seconds
[2026-05-17T21:24:00.374+0000] {processor.py:161} INFO - Started process (PID=3038) to work on /home/airflow/.local/lib/python3.8/site-packages/airflow/example_dags/example_skip_dag.py
[2026-05-17T21:24:00.375+0000] {processor.py:830} INFO - Processing file /home/airflow/.local/lib/python3.8/site-packages/airflow/example_dags/example_skip_dag.py for tasks to queue
[2026-05-17T21:24:00.378+0000] {logging_mixin.py:188} INFO - [2026-05-17T21:24:00.377+0000] {dagbag.py:540} INFO - Filling up the DagBag from /home/airflow/.local/lib/python3.8/site-packages/airflow/example_dags/example_skip_dag.py
[2026-05-17T21:24:00.385+0000] {processor.py:840} INFO - DAG(s) 'example_skip_dag' retrieved from /home/airflow/.local/lib/python3.8/site-packages/airflow/example_dags/example_skip_dag.py
[2026-05-17T21:24:00.408+0000] {logging_mixin.py:188} INFO - [2026-05-17T21:24:00.408+0000] {dag.py:3047} INFO - Sync 1 DAGs
[2026-05-17T21:24:00.437+0000] {logging_mixin.py:188} INFO - [2026-05-17T21:24:00.437+0000] {dag.py:3834} INFO - Setting next_dagrun for example_skip_dag to 2026-05-16 00:00:00+00:00, run_after=2026-05-17 00:00:00+00:00
[2026-05-17T21:24:00.462+0000] {processor.py:183} INFO - Processing /home/airflow/.local/lib/python3.8/site-packages/airflow/example_dags/example_skip_dag.py took 0.093 seconds
[2026-05-17T21:24:31.242+0000] {processor.py:161} INFO - Started process (PID=3093) to work on /home/airflow/.local/lib/python3.8/site-packages/airflow/example_dags/example_skip_dag.py
[2026-05-17T21:24:31.243+0000] {processor.py:830} INFO - Processing file /home/airflow/.local/lib/python3.8/site-packages/airflow/example_dags/example_skip_dag.py for tasks to queue
[2026-05-17T21:24:31.245+0000] {logging_mixin.py:188} INFO - [2026-05-17T21:24:31.245+0000] {dagbag.py:540} INFO - Filling up the DagBag from /home/airflow/.local/lib/python3.8/site-packages/airflow/example_dags/example_skip_dag.py
[2026-05-17T21:24:31.252+0000] {processor.py:840} INFO - DAG(s) 'example_skip_dag' retrieved from /home/airflow/.local/lib/python3.8/site-packages/airflow/example_dags/example_skip_dag.py
[2026-05-17T21:24:31.275+0000] {logging_mixin.py:188} INFO - [2026-05-17T21:24:31.274+0000] {dag.py:3047} INFO - Sync 1 DAGs
[2026-05-17T21:24:31.299+0000] {logging_mixin.py:188} INFO - [2026-05-17T21:24:31.298+0000] {dag.py:3834} INFO - Setting next_dagrun for example_skip_dag to 2026-05-16 00:00:00+00:00, run_after=2026-05-17 00:00:00+00:00
[2026-05-17T21:24:31.320+0000] {processor.py:183} INFO - Processing /home/airflow/.local/lib/python3.8/site-packages/airflow/example_dags/example_skip_dag.py took 0.081 seconds
[2026-05-17T21:25:02.026+0000] {processor.py:161} INFO - Started process (PID=3148) to work on /home/airflow/.local/lib/python3.8/site-packages/airflow/example_dags/example_skip_dag.py
[2026-05-17T21:25:02.028+0000] {processor.py:830} INFO - Processing file /home/airflow/.local/lib/python3.8/site-packages/airflow/example_dags/example_skip_dag.py for tasks to queue
[2026-05-17T21:25:02.030+0000] {logging_mixin.py:188} INFO - [2026-05-17T21:25:02.030+0000] {dagbag.py:540} INFO - Filling up the DagBag from /home/airflow/.local/lib/python3.8/site-packages/airflow/example_dags/example_skip_dag.py
[2026-05-17T21:25:02.036+0000] {processor.py:840} INFO - DAG(s) 'example_skip_dag' retrieved from /home/airflow/.local/lib/python3.8/site-packages/airflow/example_dags/example_skip_dag.py
[2026-05-17T21:25:02.058+0000] {logging_mixin.py:188} INFO - [2026-05-17T21:25:02.058+0000] {dag.py:3047} INFO - Sync 1 DAGs
[2026-05-17T21:25:02.085+0000] {logging_mixin.py:188} INFO - [2026-05-17T21:25:02.085+0000] {dag.py:3834} INFO - Setting next_dagrun for example_skip_dag to 2026-05-16 00:00:00+00:00, run_after=2026-05-17 00:00:00+00:00
[2026-05-17T21:25:02.109+0000] {processor.py:183} INFO - Processing /home/airflow/.local/lib/python3.8/site-packages/airflow/example_dags/example_skip_dag.py took 0.088 seconds
[2026-05-17T21:25:32.849+0000] {processor.py:161} INFO - Started process (PID=3203) to work on /home/airflow/.local/lib/python3.8/site-packages/airflow/example_dags/example_skip_dag.py
[2026-05-17T21:25:32.851+0000] {processor.py:830} INFO - Processing file /home/airflow/.local/lib/python3.8/site-packages/airflow/example_dags/example_skip_dag.py for tasks to queue
[2026-05-17T21:25:32.853+0000] {logging_mixin.py:188} INFO - [2026-05-17T21:25:32.853+0000] {dagbag.py:540} INFO - Filling up the DagBag from /home/airflow/.local/lib/python3.8/site-packages/airflow/example_dags/example_skip_dag.py
[2026-05-17T21:25:32.860+0000] {processor.py:840} INFO - DAG(s) 'example_skip_dag' retrieved from /home/airflow/.local/lib/python3.8/site-packages/airflow/example_dags/example_skip_dag.py
[2026-05-17T21:25:32.882+0000] {logging_mixin.py:188} INFO - [2026-05-17T21:25:32.882+0000] {dag.py:3047} INFO - Sync 1 DAGs
[2026-05-17T21:25:32.904+0000] {logging_mixin.py:188} INFO - [2026-05-17T21:25:32.904+0000] {dag.py:3834} INFO - Setting next_dagrun for example_skip_dag to 2026-05-16 00:00:00+00:00, run_after=2026-05-17 00:00:00+00:00
[2026-05-17T21:25:32.922+0000] {processor.py:183} INFO - Processing /home/airflow/.local/lib/python3.8/site-packages/airflow/example_dags/example_skip_dag.py took 0.076 seconds
[2026-05-17T21:26:03.610+0000] {processor.py:161} INFO - Started process (PID=3258) to work on /home/airflow/.local/lib/python3.8/site-packages/airflow/example_dags/example_skip_dag.py
[2026-05-17T21:26:03.612+0000] {processor.py:830} INFO - Processing file /home/airflow/.local/lib/python3.8/site-packages/airflow/example_dags/example_skip_dag.py for tasks to queue
[2026-05-17T21:26:03.613+0000] {logging_mixin.py:188} INFO - [2026-05-17T21:26:03.613+0000] {dagbag.py:540} INFO - Filling up the DagBag from /home/airflow/.local/lib/python3.8/site-packages/airflow/example_dags/example_skip_dag.py
[2026-05-17T21:26:03.619+0000] {processor.py:840} INFO - DAG(s) 'example_skip_dag' retrieved from /home/airflow/.local/lib/python3.8/site-packages/airflow/example_dags/example_skip_dag.py
[2026-05-17T21:26:03.636+0000] {logging_mixin.py:188} INFO - [2026-05-17T21:26:03.635+0000] {dag.py:3047} INFO - Sync 1 DAGs
[2026-05-17T21:26:03.653+0000] {logging_mixin.py:188} INFO - [2026-05-17T21:26:03.652+0000] {dag.py:3834} INFO - Setting next_dagrun for example_skip_dag to 2026-05-16 00:00:00+00:00, run_after=2026-05-17 00:00:00+00:00
[2026-05-17T21:26:03.668+0000] {processor.py:183} INFO - Processing /home/airflow/.local/lib/python3.8/site-packages/airflow/example_dags/example_skip_dag.py took 0.060 seconds
[2026-05-17T21:26:34.523+0000] {processor.py:161} INFO - Started process (PID=3313) to work on /home/airflow/.local/lib/python3.8/site-packages/airflow/example_dags/example_skip_dag.py
[2026-05-17T21:26:34.525+0000] {processor.py:830} INFO - Processing file /home/airflow/.local/lib/python3.8/site-packages/airflow/example_dags/example_skip_dag.py for tasks to queue
[2026-05-17T21:26:34.527+0000] {logging_mixin.py:188} INFO - [2026-05-17T21:26:34.527+0000] {dagbag.py:540} INFO - Filling up the DagBag from /home/airflow/.local/lib/python3.8/site-packages/airflow/example_dags/example_skip_dag.py
[2026-05-17T21:26:34.532+0000] {processor.py:840} INFO - DAG(s) 'example_skip_dag' retrieved from /home/airflow/.local/lib/python3.8/site-packages/airflow/example_dags/example_skip_dag.py
[2026-05-17T21:26:34.550+0000] {logging_mixin.py:188} INFO - [2026-05-17T21:26:34.550+0000] {dag.py:3047} INFO - Sync 1 DAGs
[2026-05-17T21:26:34.569+0000] {logging_mixin.py:188} INFO - [2026-05-17T21:26:34.569+0000] {dag.py:3834} INFO - Setting next_dagrun for example_skip_dag to 2026-05-16 00:00:00+00:00, run_after=2026-05-17 00:00:00+00:00
[2026-05-17T21:26:34.588+0000] {processor.py:183} INFO - Processing /home/airflow/.local/lib/python3.8/site-packages/airflow/example_dags/example_skip_dag.py took 0.067 seconds
[2026-05-17T21:27:05.470+0000] {processor.py:161} INFO - Started process (PID=3368) to work on /home/airflow/.local/lib/python3.8/site-packages/airflow/example_dags/example_skip_dag.py
[2026-05-17T21:27:05.472+0000] {processor.py:830} INFO - Processing file /home/airflow/.local/lib/python3.8/site-packages/airflow/example_dags/example_skip_dag.py for tasks to queue
[2026-05-17T21:27:05.474+0000] {logging_mixin.py:188} INFO - [2026-05-17T21:27:05.474+0000] {dagbag.py:540} INFO - Filling up the DagBag from /home/airflow/.local/lib/python3.8/site-packages/airflow/example_dags/example_skip_dag.py
[2026-05-17T21:27:05.480+0000] {processor.py:840} INFO - DAG(s) 'example_skip_dag' retrieved from /home/airflow/.local/lib/python3.8/site-packages/airflow/example_dags/example_skip_dag.py
[2026-05-17T21:27:05.497+0000] {logging_mixin.py:188} INFO - [2026-05-17T21:27:05.497+0000] {dag.py:3047} INFO - Sync 1 DAGs
[2026-05-17T21:27:05.515+0000] {logging_mixin.py:188} INFO - [2026-05-17T21:27:05.515+0000] {dag.py:3834} INFO - Setting next_dagrun for example_skip_dag to 2026-05-16 00:00:00+00:00, run_after=2026-05-17 00:00:00+00:00
[2026-05-17T21:27:05.531+0000] {processor.py:183} INFO - Processing /home/airflow/.local/lib/python3.8/site-packages/airflow/example_dags/example_skip_dag.py took 0.063 seconds
[2026-05-17T21:27:36.238+0000] {processor.py:161} INFO - Started process (PID=3423) to work on /home/airflow/.local/lib/python3.8/site-packages/airflow/example_dags/example_skip_dag.py
[2026-05-17T21:27:36.239+0000] {processor.py:830} INFO - Processing file /home/airflow/.local/lib/python3.8/site-packages/airflow/example_dags/example_skip_dag.py for tasks to queue
[2026-05-17T21:27:36.241+0000] {logging_mixin.py:188} INFO - [2026-05-17T21:27:36.241+0000] {dagbag.py:540} INFO - Filling up the DagBag from /home/airflow/.local/lib/python3.8/site-packages/airflow/example_dags/example_skip_dag.py
[2026-05-17T21:27:36.246+0000] {processor.py:840} INFO - DAG(s) 'example_skip_dag' retrieved from /home/airflow/.local/lib/python3.8/site-packages/airflow/example_dags/example_skip_dag.py
[2026-05-17T21:27:36.265+0000] {logging_mixin.py:188} INFO - [2026-05-17T21:27:36.264+0000] {dag.py:3047} INFO - Sync 1 DAGs
[2026-05-17T21:27:36.281+0000] {logging_mixin.py:188} INFO - [2026-05-17T21:27:36.281+0000] {dag.py:3834} INFO - Setting next_dagrun for example_skip_dag to 2026-05-16 00:00:00+00:00, run_after=2026-05-17 00:00:00+00:00
[2026-05-17T21:27:36.294+0000] {processor.py:183} INFO - Processing /home/airflow/.local/lib/python3.8/site-packages/airflow/example_dags/example_skip_dag.py took 0.059 seconds
[2026-05-17T21:28:07.306+0000] {processor.py:161} INFO - Started process (PID=3478) to work on /home/airflow/.local/lib/python3.8/site-packages/airflow/example_dags/example_skip_dag.py
[2026-05-17T21:28:07.308+0000] {processor.py:830} INFO - Processing file /home/airflow/.local/lib/python3.8/site-packages/airflow/example_dags/example_skip_dag.py for tasks to queue
[2026-05-17T21:28:07.310+0000] {logging_mixin.py:188} INFO - [2026-05-17T21:28:07.309+0000] {dagbag.py:540} INFO - Filling up the DagBag from /home/airflow/.local/lib/python3.8/site-packages/airflow/example_dags/example_skip_dag.py
[2026-05-17T21:28:07.315+0000] {processor.py:840} INFO - DAG(s) 'example_skip_dag' retrieved from /home/airflow/.local/lib/python3.8/site-packages/airflow/example_dags/example_skip_dag.py
[2026-05-17T21:28:07.338+0000] {logging_mixin.py:188} INFO - [2026-05-17T21:28:07.338+0000] {dag.py:3047} INFO - Sync 1 DAGs
[2026-05-17T21:28:07.357+0000] {logging_mixin.py:188} INFO - [2026-05-17T21:28:07.357+0000] {dag.py:3834} INFO - Setting next_dagrun for example_skip_dag to 2026-05-16 00:00:00+00:00, run_after=2026-05-17 00:00:00+00:00
[2026-05-17T21:28:07.375+0000] {processor.py:183} INFO - Processing /home/airflow/.local/lib/python3.8/site-packages/airflow/example_dags/example_skip_dag.py took 0.072 seconds
[2026-05-17T21:28:37.692+0000] {processor.py:161} INFO - Started process (PID=3534) to work on /home/airflow/.local/lib/python3.8/site-packages/airflow/example_dags/example_skip_dag.py
[2026-05-17T21:28:37.694+0000] {processor.py:830} INFO - Processing file /home/airflow/.local/lib/python3.8/site-packages/airflow/example_dags/example_skip_dag.py for tasks to queue
[2026-05-17T21:28:37.695+0000] {logging_mixin.py:188} INFO - [2026-05-17T21:28:37.695+0000] {dagbag.py:540} INFO - Filling up the DagBag from /home/airflow/.local/lib/python3.8/site-packages/airflow/example_dags/example_skip_dag.py
[2026-05-17T21:28:37.703+0000] {processor.py:840} INFO - DAG(s) 'example_skip_dag' retrieved from /home/airflow/.local/lib/python3.8/site-packages/airflow/example_dags/example_skip_dag.py
[2026-05-17T21:28:37.722+0000] {logging_mixin.py:188} INFO - [2026-05-17T21:28:37.722+0000] {dag.py:3047} INFO - Sync 1 DAGs
[2026-05-17T21:28:37.741+0000] {logging_mixin.py:188} INFO - [2026-05-17T21:28:37.740+0000] {dag.py:3834} INFO - Setting next_dagrun for example_skip_dag to 2026-05-16 00:00:00+00:00, run_after=2026-05-17 00:00:00+00:00
[2026-05-17T21:28:37.759+0000] {processor.py:183} INFO - Processing /home/airflow/.local/lib/python3.8/site-packages/airflow/example_dags/example_skip_dag.py took 0.069 seconds
[2026-05-17T21:29:08.210+0000] {processor.py:161} INFO - Started process (PID=3589) to work on /home/airflow/.local/lib/python3.8/site-packages/airflow/example_dags/example_skip_dag.py
[2026-05-17T21:29:08.211+0000] {processor.py:830} INFO - Processing file /home/airflow/.local/lib/python3.8/site-packages/airflow/example_dags/example_skip_dag.py for tasks to queue
[2026-05-17T21:29:08.214+0000] {logging_mixin.py:188} INFO - [2026-05-17T21:29:08.213+0000] {dagbag.py:540} INFO - Filling up the DagBag from /home/airflow/.local/lib/python3.8/site-packages/airflow/example_dags/example_skip_dag.py
[2026-05-17T21:29:08.219+0000] {processor.py:840} INFO - DAG(s) 'example_skip_dag' retrieved from /home/airflow/.local/lib/python3.8/site-packages/airflow/example_dags/example_skip_dag.py
[2026-05-17T21:29:08.239+0000] {logging_mixin.py:188} INFO - [2026-05-17T21:29:08.238+0000] {dag.py:3047} INFO - Sync 1 DAGs
[2026-05-17T21:29:08.258+0000] {logging_mixin.py:188} INFO - [2026-05-17T21:29:08.258+0000] {dag.py:3834} INFO - Setting next_dagrun for example_skip_dag to 2026-05-16 00:00:00+00:00, run_after=2026-05-17 00:00:00+00:00
[2026-05-17T21:29:08.279+0000] {processor.py:183} INFO - Processing /home/airflow/.local/lib/python3.8/site-packages/airflow/example_dags/example_skip_dag.py took 0.073 seconds
[2026-05-17T21:29:39.003+0000] {processor.py:161} INFO - Started process (PID=3644) to work on /home/airflow/.local/lib/python3.8/site-packages/airflow/example_dags/example_skip_dag.py
[2026-05-17T21:29:39.005+0000] {processor.py:830} INFO - Processing file /home/airflow/.local/lib/python3.8/site-packages/airflow/example_dags/example_skip_dag.py for tasks to queue
[2026-05-17T21:29:39.008+0000] {logging_mixin.py:188} INFO - [2026-05-17T21:29:39.007+0000] {dagbag.py:540} INFO - Filling up the DagBag from /home/airflow/.local/lib/python3.8/site-packages/airflow/example_dags/example_skip_dag.py
[2026-05-17T21:29:39.014+0000] {processor.py:840} INFO - DAG(s) 'example_skip_dag' retrieved from /home/airflow/.local/lib/python3.8/site-packages/airflow/example_dags/example_skip_dag.py
[2026-05-17T21:29:39.033+0000] {logging_mixin.py:188} INFO - [2026-05-17T21:29:39.033+0000] {dag.py:3047} INFO - Sync 1 DAGs
[2026-05-17T21:29:39.050+0000] {logging_mixin.py:188} INFO - [2026-05-17T21:29:39.050+0000] {dag.py:3834} INFO - Setting next_dagrun for example_skip_dag to 2026-05-16 00:00:00+00:00, run_after=2026-05-17 00:00:00+00:00
[2026-05-17T21:29:39.070+0000] {processor.py:183} INFO - Processing /home/airflow/.local/lib/python3.8/site-packages/airflow/example_dags/example_skip_dag.py took 0.070 seconds
[2026-05-17T21:30:09.466+0000] {processor.py:161} INFO - Started process (PID=3699) to work on /home/airflow/.local/lib/python3.8/site-packages/airflow/example_dags/example_skip_dag.py
[2026-05-17T21:30:09.467+0000] {processor.py:830} INFO - Processing file /home/airflow/.local/lib/python3.8/site-packages/airflow/example_dags/example_skip_dag.py for tasks to queue
[2026-05-17T21:30:09.470+0000] {logging_mixin.py:188} INFO - [2026-05-17T21:30:09.469+0000] {dagbag.py:540} INFO - Filling up the DagBag from /home/airflow/.local/lib/python3.8/site-packages/airflow/example_dags/example_skip_dag.py
[2026-05-17T21:30:09.477+0000] {processor.py:840} INFO - DAG(s) 'example_skip_dag' retrieved from /home/airflow/.local/lib/python3.8/site-packages/airflow/example_dags/example_skip_dag.py
[2026-05-17T21:30:09.503+0000] {logging_mixin.py:188} INFO - [2026-05-17T21:30:09.502+0000] {dag.py:3047} INFO - Sync 1 DAGs
[2026-05-17T21:30:09.523+0000] {logging_mixin.py:188} INFO - [2026-05-17T21:30:09.522+0000] {dag.py:3834} INFO - Setting next_dagrun for example_skip_dag to 2026-05-16 00:00:00+00:00, run_after=2026-05-17 00:00:00+00:00
[2026-05-17T21:30:09.540+0000] {processor.py:183} INFO - Processing /home/airflow/.local/lib/python3.8/site-packages/airflow/example_dags/example_skip_dag.py took 0.077 seconds
[2026-05-17T21:30:39.821+0000] {processor.py:161} INFO - Started process (PID=3753) to work on /home/airflow/.local/lib/python3.8/site-packages/airflow/example_dags/example_skip_dag.py
[2026-05-17T21:30:39.823+0000] {processor.py:830} INFO - Processing file /home/airflow/.local/lib/python3.8/site-packages/airflow/example_dags/example_skip_dag.py for tasks to queue
[2026-05-17T21:30:39.825+0000] {logging_mixin.py:188} INFO - [2026-05-17T21:30:39.824+0000] {dagbag.py:540} INFO - Filling up the DagBag from /home/airflow/.local/lib/python3.8/site-packages/airflow/example_dags/example_skip_dag.py
[2026-05-17T21:30:39.830+0000] {processor.py:840} INFO - DAG(s) 'example_skip_dag' retrieved from /home/airflow/.local/lib/python3.8/site-packages/airflow/example_dags/example_skip_dag.py
[2026-05-17T21:30:39.850+0000] {logging_mixin.py:188} INFO - [2026-05-17T21:30:39.850+0000] {dag.py:3047} INFO - Sync 1 DAGs
[2026-05-17T21:30:39.869+0000] {logging_mixin.py:188} INFO - [2026-05-17T21:30:39.869+0000] {dag.py:3834} INFO - Setting next_dagrun for example_skip_dag to 2026-05-16 00:00:00+00:00, run_after=2026-05-17 00:00:00+00:00
[2026-05-17T21:30:39.888+0000] {processor.py:183} INFO - Processing /home/airflow/.local/lib/python3.8/site-packages/airflow/example_dags/example_skip_dag.py took 0.069 seconds
[2026-05-17T21:31:10.423+0000] {processor.py:161} INFO - Started process (PID=3808) to work on /home/airflow/.local/lib/python3.8/site-packages/airflow/example_dags/example_skip_dag.py
[2026-05-17T21:31:10.424+0000] {processor.py:830} INFO - Processing file /home/airflow/.local/lib/python3.8/site-packages/airflow/example_dags/example_skip_dag.py for tasks to queue
[2026-05-17T21:31:10.429+0000] {logging_mixin.py:188} INFO - [2026-05-17T21:31:10.428+0000] {dagbag.py:540} INFO - Filling up the DagBag from /home/airflow/.local/lib/python3.8/site-packages/airflow/example_dags/example_skip_dag.py
[2026-05-17T21:31:10.440+0000] {processor.py:840} INFO - DAG(s) 'example_skip_dag' retrieved from /home/airflow/.local/lib/python3.8/site-packages/airflow/example_dags/example_skip_dag.py
[2026-05-17T21:31:10.463+0000] {logging_mixin.py:188} INFO - [2026-05-17T21:31:10.462+0000] {dag.py:3047} INFO - Sync 1 DAGs
[2026-05-17T21:31:10.490+0000] {logging_mixin.py:188} INFO - [2026-05-17T21:31:10.490+0000] {dag.py:3834} INFO - Setting next_dagrun for example_skip_dag to 2026-05-16 00:00:00+00:00, run_after=2026-05-17 00:00:00+00:00
[2026-05-17T21:31:10.524+0000] {processor.py:183} INFO - Processing /home/airflow/.local/lib/python3.8/site-packages/airflow/example_dags/example_skip_dag.py took 0.104 seconds
[2026-05-17T21:31:41.409+0000] {processor.py:161} INFO - Started process (PID=3863) to work on /home/airflow/.local/lib/python3.8/site-packages/airflow/example_dags/example_skip_dag.py
[2026-05-17T21:31:41.411+0000] {processor.py:830} INFO - Processing file /home/airflow/.local/lib/python3.8/site-packages/airflow/example_dags/example_skip_dag.py for tasks to queue
[2026-05-17T21:31:41.413+0000] {logging_mixin.py:188} INFO - [2026-05-17T21:31:41.413+0000] {dagbag.py:540} INFO - Filling up the DagBag from /home/airflow/.local/lib/python3.8/site-packages/airflow/example_dags/example_skip_dag.py
[2026-05-17T21:31:41.418+0000] {processor.py:840} INFO - DAG(s) 'example_skip_dag' retrieved from /home/airflow/.local/lib/python3.8/site-packages/airflow/example_dags/example_skip_dag.py
[2026-05-17T21:31:41.442+0000] {logging_mixin.py:188} INFO - [2026-05-17T21:31:41.442+0000] {dag.py:3047} INFO - Sync 1 DAGs
[2026-05-17T21:31:41.461+0000] {logging_mixin.py:188} INFO - [2026-05-17T21:31:41.461+0000] {dag.py:3834} INFO - Setting next_dagrun for example_skip_dag to 2026-05-16 00:00:00+00:00, run_after=2026-05-17 00:00:00+00:00
[2026-05-17T21:31:41.476+0000] {processor.py:183} INFO - Processing /home/airflow/.local/lib/python3.8/site-packages/airflow/example_dags/example_skip_dag.py took 0.070 seconds
[2026-05-17T21:32:11.661+0000] {processor.py:161} INFO - Started process (PID=3918) to work on /home/airflow/.local/lib/python3.8/site-packages/airflow/example_dags/example_skip_dag.py
[2026-05-17T21:32:11.662+0000] {processor.py:830} INFO - Processing file /home/airflow/.local/lib/python3.8/site-packages/airflow/example_dags/example_skip_dag.py for tasks to queue
[2026-05-17T21:32:11.664+0000] {logging_mixin.py:188} INFO - [2026-05-17T21:32:11.664+0000] {dagbag.py:540} INFO - Filling up the DagBag from /home/airflow/.local/lib/python3.8/site-packages/airflow/example_dags/example_skip_dag.py
[2026-05-17T21:32:11.672+0000] {processor.py:840} INFO - DAG(s) 'example_skip_dag' retrieved from /home/airflow/.local/lib/python3.8/site-packages/airflow/example_dags/example_skip_dag.py
[2026-05-17T21:32:11.695+0000] {logging_mixin.py:188} INFO - [2026-05-17T21:32:11.694+0000] {dag.py:3047} INFO - Sync 1 DAGs
[2026-05-17T21:32:11.713+0000] {logging_mixin.py:188} INFO - [2026-05-17T21:32:11.713+0000] {dag.py:3834} INFO - Setting next_dagrun for example_skip_dag to 2026-05-16 00:00:00+00:00, run_after=2026-05-17 00:00:00+00:00
[2026-05-17T21:32:11.734+0000] {processor.py:183} INFO - Processing /home/airflow/.local/lib/python3.8/site-packages/airflow/example_dags/example_skip_dag.py took 0.075 seconds
[2026-05-17T21:32:42.570+0000] {processor.py:161} INFO - Started process (PID=3973) to work on /home/airflow/.local/lib/python3.8/site-packages/airflow/example_dags/example_skip_dag.py
[2026-05-17T21:32:42.571+0000] {processor.py:830} INFO - Processing file /home/airflow/.local/lib/python3.8/site-packages/airflow/example_dags/example_skip_dag.py for tasks to queue
[2026-05-17T21:32:42.573+0000] {logging_mixin.py:188} INFO - [2026-05-17T21:32:42.573+0000] {dagbag.py:540} INFO - Filling up the DagBag from /home/airflow/.local/lib/python3.8/site-packages/airflow/example_dags/example_skip_dag.py
[2026-05-17T21:32:42.578+0000] {processor.py:840} INFO - DAG(s) 'example_skip_dag' retrieved from /home/airflow/.local/lib/python3.8/site-packages/airflow/example_dags/example_skip_dag.py
[2026-05-17T21:32:42.598+0000] {logging_mixin.py:188} INFO - [2026-05-17T21:32:42.597+0000] {dag.py:3047} INFO - Sync 1 DAGs
[2026-05-17T21:32:42.617+0000] {logging_mixin.py:188} INFO - [2026-05-17T21:32:42.617+0000] {dag.py:3834} INFO - Setting next_dagrun for example_skip_dag to 2026-05-16 00:00:00+00:00, run_after=2026-05-17 00:00:00+00:00
[2026-05-17T21:32:42.635+0000] {processor.py:183} INFO - Processing /home/airflow/.local/lib/python3.8/site-packages/airflow/example_dags/example_skip_dag.py took 0.068 seconds
[2026-05-17T21:33:12.987+0000] {processor.py:161} INFO - Started process (PID=4028) to work on /home/airflow/.local/lib/python3.8/site-packages/airflow/example_dags/example_skip_dag.py
[2026-05-17T21:33:12.988+0000] {processor.py:830} INFO - Processing file /home/airflow/.local/lib/python3.8/site-packages/airflow/example_dags/example_skip_dag.py for tasks to queue
[2026-05-17T21:33:12.990+0000] {logging_mixin.py:188} INFO - [2026-05-17T21:33:12.990+0000] {dagbag.py:540} INFO - Filling up the DagBag from /home/airflow/.local/lib/python3.8/site-packages/airflow/example_dags/example_skip_dag.py
[2026-05-17T21:33:12.999+0000] {processor.py:840} INFO - DAG(s) 'example_skip_dag' retrieved from /home/airflow/.local/lib/python3.8/site-packages/airflow/example_dags/example_skip_dag.py
[2026-05-17T21:33:13.022+0000] {logging_mixin.py:188} INFO - [2026-05-17T21:33:13.021+0000] {dag.py:3047} INFO - Sync 1 DAGs
[2026-05-17T21:33:13.047+0000] {logging_mixin.py:188} INFO - [2026-05-17T21:33:13.046+0000] {dag.py:3834} INFO - Setting next_dagrun for example_skip_dag to 2026-05-16 00:00:00+00:00, run_after=2026-05-17 00:00:00+00:00
[2026-05-17T21:33:13.066+0000] {processor.py:183} INFO - Processing /home/airflow/.local/lib/python3.8/site-packages/airflow/example_dags/example_skip_dag.py took 0.083 seconds
[2026-05-17T21:33:43.239+0000] {processor.py:161} INFO - Started process (PID=4083) to work on /home/airflow/.local/lib/python3.8/site-packages/airflow/example_dags/example_skip_dag.py
[2026-05-17T21:33:43.240+0000] {processor.py:830} INFO - Processing file /home/airflow/.local/lib/python3.8/site-packages/airflow/example_dags/example_skip_dag.py for tasks to queue
[2026-05-17T21:33:43.245+0000] {logging_mixin.py:188} INFO - [2026-05-17T21:33:43.243+0000] {dagbag.py:540} INFO - Filling up the DagBag from /home/airflow/.local/lib/python3.8/site-packages/airflow/example_dags/example_skip_dag.py
[2026-05-17T21:33:43.251+0000] {processor.py:840} INFO - DAG(s) 'example_skip_dag' retrieved from /home/airflow/.local/lib/python3.8/site-packages/airflow/example_dags/example_skip_dag.py
[2026-05-17T21:33:43.271+0000] {logging_mixin.py:188} INFO - [2026-05-17T21:33:43.270+0000] {dag.py:3047} INFO - Sync 1 DAGs
[2026-05-17T21:33:43.293+0000] {logging_mixin.py:188} INFO - [2026-05-17T21:33:43.293+0000] {dag.py:3834} INFO - Setting next_dagrun for example_skip_dag to 2026-05-16 00:00:00+00:00, run_after=2026-05-17 00:00:00+00:00
[2026-05-17T21:33:43.313+0000] {processor.py:183} INFO - Processing /home/airflow/.local/lib/python3.8/site-packages/airflow/example_dags/example_skip_dag.py took 0.078 seconds
[2026-05-17T21:34:13.442+0000] {processor.py:161} INFO - Started process (PID=4138) to work on /home/airflow/.local/lib/python3.8/site-packages/airflow/example_dags/example_skip_dag.py
[2026-05-17T21:34:13.444+0000] {processor.py:830} INFO - Processing file /home/airflow/.local/lib/python3.8/site-packages/airflow/example_dags/example_skip_dag.py for tasks to queue
[2026-05-17T21:34:13.446+0000] {logging_mixin.py:188} INFO - [2026-05-17T21:34:13.445+0000] {dagbag.py:540} INFO - Filling up the DagBag from /home/airflow/.local/lib/python3.8/site-packages/airflow/example_dags/example_skip_dag.py
[2026-05-17T21:34:13.452+0000] {processor.py:840} INFO - DAG(s) 'example_skip_dag' retrieved from /home/airflow/.local/lib/python3.8/site-packages/airflow/example_dags/example_skip_dag.py
[2026-05-17T21:34:13.472+0000] {logging_mixin.py:188} INFO - [2026-05-17T21:34:13.472+0000] {dag.py:3047} INFO - Sync 1 DAGs
[2026-05-17T21:34:13.493+0000] {logging_mixin.py:188} INFO - [2026-05-17T21:34:13.493+0000] {dag.py:3834} INFO - Setting next_dagrun for example_skip_dag to 2026-05-16 00:00:00+00:00, run_after=2026-05-17 00:00:00+00:00
[2026-05-17T21:34:13.510+0000] {processor.py:183} INFO - Processing /home/airflow/.local/lib/python3.8/site-packages/airflow/example_dags/example_skip_dag.py took 0.071 seconds
[2026-05-17T21:34:43.670+0000] {processor.py:161} INFO - Started process (PID=4193) to work on /home/airflow/.local/lib/python3.8/site-packages/airflow/example_dags/example_skip_dag.py
[2026-05-17T21:34:43.672+0000] {processor.py:830} INFO - Processing file /home/airflow/.local/lib/python3.8/site-packages/airflow/example_dags/example_skip_dag.py for tasks to queue
[2026-05-17T21:34:43.673+0000] {logging_mixin.py:188} INFO - [2026-05-17T21:34:43.673+0000] {dagbag.py:540} INFO - Filling up the DagBag from /home/airflow/.local/lib/python3.8/site-packages/airflow/example_dags/example_skip_dag.py
[2026-05-17T21:34:43.679+0000] {processor.py:840} INFO - DAG(s) 'example_skip_dag' retrieved from /home/airflow/.local/lib/python3.8/site-packages/airflow/example_dags/example_skip_dag.py
[2026-05-17T21:34:43.698+0000] {logging_mixin.py:188} INFO - [2026-05-17T21:34:43.698+0000] {dag.py:3047} INFO - Sync 1 DAGs
[2026-05-17T21:34:43.717+0000] {logging_mixin.py:188} INFO - [2026-05-17T21:34:43.717+0000] {dag.py:3834} INFO - Setting next_dagrun for example_skip_dag to 2026-05-16 00:00:00+00:00, run_after=2026-05-17 00:00:00+00:00
[2026-05-17T21:34:43.735+0000] {processor.py:183} INFO - Processing /home/airflow/.local/lib/python3.8/site-packages/airflow/example_dags/example_skip_dag.py took 0.068 seconds
[2026-05-17T21:35:14.077+0000] {processor.py:161} INFO - Started process (PID=4248) to work on /home/airflow/.local/lib/python3.8/site-packages/airflow/example_dags/example_skip_dag.py
[2026-05-17T21:35:14.078+0000] {processor.py:830} INFO - Processing file /home/airflow/.local/lib/python3.8/site-packages/airflow/example_dags/example_skip_dag.py for tasks to queue
[2026-05-17T21:35:14.081+0000] {logging_mixin.py:188} INFO - [2026-05-17T21:35:14.080+0000] {dagbag.py:540} INFO - Filling up the DagBag from /home/airflow/.local/lib/python3.8/site-packages/airflow/example_dags/example_skip_dag.py
[2026-05-17T21:35:14.090+0000] {processor.py:840} INFO - DAG(s) 'example_skip_dag' retrieved from /home/airflow/.local/lib/python3.8/site-packages/airflow/example_dags/example_skip_dag.py
[2026-05-17T21:35:14.116+0000] {logging_mixin.py:188} INFO - [2026-05-17T21:35:14.116+0000] {dag.py:3047} INFO - Sync 1 DAGs
[2026-05-17T21:35:14.135+0000] {logging_mixin.py:188} INFO - [2026-05-17T21:35:14.134+0000] {dag.py:3834} INFO - Setting next_dagrun for example_skip_dag to 2026-05-16 00:00:00+00:00, run_after=2026-05-17 00:00:00+00:00
[2026-05-17T21:35:14.154+0000] {processor.py:183} INFO - Processing /home/airflow/.local/lib/python3.8/site-packages/airflow/example_dags/example_skip_dag.py took 0.081 seconds
[2026-05-17T21:35:44.400+0000] {processor.py:161} INFO - Started process (PID=4303) to work on /home/airflow/.local/lib/python3.8/site-packages/airflow/example_dags/example_skip_dag.py
[2026-05-17T21:35:44.401+0000] {processor.py:830} INFO - Processing file /home/airflow/.local/lib/python3.8/site-packages/airflow/example_dags/example_skip_dag.py for tasks to queue
[2026-05-17T21:35:44.403+0000] {logging_mixin.py:188} INFO - [2026-05-17T21:35:44.403+0000] {dagbag.py:540} INFO - Filling up the DagBag from /home/airflow/.local/lib/python3.8/site-packages/airflow/example_dags/example_skip_dag.py
[2026-05-17T21:35:44.409+0000] {processor.py:840} INFO - DAG(s) 'example_skip_dag' retrieved from /home/airflow/.local/lib/python3.8/site-packages/airflow/example_dags/example_skip_dag.py
[2026-05-17T21:35:44.431+0000] {logging_mixin.py:188} INFO - [2026-05-17T21:35:44.430+0000] {dag.py:3047} INFO - Sync 1 DAGs
[2026-05-17T21:35:44.449+0000] {logging_mixin.py:188} INFO - [2026-05-17T21:35:44.448+0000] {dag.py:3834} INFO - Setting next_dagrun for example_skip_dag to 2026-05-16 00:00:00+00:00, run_after=2026-05-17 00:00:00+00:00
[2026-05-17T21:35:44.466+0000] {processor.py:183} INFO - Processing /home/airflow/.local/lib/python3.8/site-packages/airflow/example_dags/example_skip_dag.py took 0.068 seconds
[2026-05-17T21:36:14.591+0000] {processor.py:161} INFO - Started process (PID=4358) to work on /home/airflow/.local/lib/python3.8/site-packages/airflow/example_dags/example_skip_dag.py
[2026-05-17T21:36:14.593+0000] {processor.py:830} INFO - Processing file /home/airflow/.local/lib/python3.8/site-packages/airflow/example_dags/example_skip_dag.py for tasks to queue
[2026-05-17T21:36:14.596+0000] {logging_mixin.py:188} INFO - [2026-05-17T21:36:14.596+0000] {dagbag.py:540} INFO - Filling up the DagBag from /home/airflow/.local/lib/python3.8/site-packages/airflow/example_dags/example_skip_dag.py
[2026-05-17T21:36:14.604+0000] {processor.py:840} INFO - DAG(s) 'example_skip_dag' retrieved from /home/airflow/.local/lib/python3.8/site-packages/airflow/example_dags/example_skip_dag.py
[2026-05-17T21:36:14.627+0000] {logging_mixin.py:188} INFO - [2026-05-17T21:36:14.627+0000] {dag.py:3047} INFO - Sync 1 DAGs
[2026-05-17T21:36:14.646+0000] {logging_mixin.py:188} INFO - [2026-05-17T21:36:14.646+0000] {dag.py:3834} INFO - Setting next_dagrun for example_skip_dag to 2026-05-16 00:00:00+00:00, run_after=2026-05-17 00:00:00+00:00
[2026-05-17T21:36:14.670+0000] {processor.py:183} INFO - Processing /home/airflow/.local/lib/python3.8/site-packages/airflow/example_dags/example_skip_dag.py took 0.084 seconds
[2026-05-17T21:36:45.031+0000] {processor.py:161} INFO - Started process (PID=4413) to work on /home/airflow/.local/lib/python3.8/site-packages/airflow/example_dags/example_skip_dag.py
[2026-05-17T21:36:45.032+0000] {processor.py:830} INFO - Processing file /home/airflow/.local/lib/python3.8/site-packages/airflow/example_dags/example_skip_dag.py for tasks to queue
[2026-05-17T21:36:45.033+0000] {logging_mixin.py:188} INFO - [2026-05-17T21:36:45.033+0000] {dagbag.py:540} INFO - Filling up the DagBag from /home/airflow/.local/lib/python3.8/site-packages/airflow/example_dags/example_skip_dag.py
[2026-05-17T21:36:45.038+0000] {processor.py:840} INFO - DAG(s) 'example_skip_dag' retrieved from /home/airflow/.local/lib/python3.8/site-packages/airflow/example_dags/example_skip_dag.py
[2026-05-17T21:36:45.057+0000] {logging_mixin.py:188} INFO - [2026-05-17T21:36:45.057+0000] {dag.py:3047} INFO - Sync 1 DAGs
[2026-05-17T21:36:45.075+0000] {logging_mixin.py:188} INFO - [2026-05-17T21:36:45.075+0000] {dag.py:3834} INFO - Setting next_dagrun for example_skip_dag to 2026-05-16 00:00:00+00:00, run_after=2026-05-17 00:00:00+00:00
[2026-05-17T21:36:45.093+0000] {processor.py:183} INFO - Processing /home/airflow/.local/lib/python3.8/site-packages/airflow/example_dags/example_skip_dag.py took 0.066 seconds
[2026-05-17T21:37:15.133+0000] {processor.py:161} INFO - Started process (PID=4468) to work on /home/airflow/.local/lib/python3.8/site-packages/airflow/example_dags/example_skip_dag.py
[2026-05-17T21:37:15.136+0000] {processor.py:830} INFO - Processing file /home/airflow/.local/lib/python3.8/site-packages/airflow/example_dags/example_skip_dag.py for tasks to queue
[2026-05-17T21:37:15.138+0000] {logging_mixin.py:188} INFO - [2026-05-17T21:37:15.138+0000] {dagbag.py:540} INFO - Filling up the DagBag from /home/airflow/.local/lib/python3.8/site-packages/airflow/example_dags/example_skip_dag.py
[2026-05-17T21:37:15.145+0000] {processor.py:840} INFO - DAG(s) 'example_skip_dag' retrieved from /home/airflow/.local/lib/python3.8/site-packages/airflow/example_dags/example_skip_dag.py
[2026-05-17T21:37:15.169+0000] {logging_mixin.py:188} INFO - [2026-05-17T21:37:15.169+0000] {dag.py:3047} INFO - Sync 1 DAGs
[2026-05-17T21:37:15.190+0000] {logging_mixin.py:188} INFO - [2026-05-17T21:37:15.189+0000] {dag.py:3834} INFO - Setting next_dagrun for example_skip_dag to 2026-05-16 00:00:00+00:00, run_after=2026-05-17 00:00:00+00:00
[2026-05-17T21:37:15.214+0000] {processor.py:183} INFO - Processing /home/airflow/.local/lib/python3.8/site-packages/airflow/example_dags/example_skip_dag.py took 0.088 seconds
[2026-05-17T21:37:45.530+0000] {processor.py:161} INFO - Started process (PID=4523) to work on /home/airflow/.local/lib/python3.8/site-packages/airflow/example_dags/example_skip_dag.py
[2026-05-17T21:37:45.532+0000] {processor.py:830} INFO - Processing file /home/airflow/.local/lib/python3.8/site-packages/airflow/example_dags/example_skip_dag.py for tasks to queue
[2026-05-17T21:37:45.535+0000] {logging_mixin.py:188} INFO - [2026-05-17T21:37:45.534+0000] {dagbag.py:540} INFO - Filling up the DagBag from /home/airflow/.local/lib/python3.8/site-packages/airflow/example_dags/example_skip_dag.py
[2026-05-17T21:37:45.541+0000] {processor.py:840} INFO - DAG(s) 'example_skip_dag' retrieved from /home/airflow/.local/lib/python3.8/site-packages/airflow/example_dags/example_skip_dag.py
[2026-05-17T21:37:45.563+0000] {logging_mixin.py:188} INFO - [2026-05-17T21:37:45.563+0000] {dag.py:3047} INFO - Sync 1 DAGs
[2026-05-17T21:37:45.583+0000] {logging_mixin.py:188} INFO - [2026-05-17T21:37:45.583+0000] {dag.py:3834} INFO - Setting next_dagrun for example_skip_dag to 2026-05-16 00:00:00+00:00, run_after=2026-05-17 00:00:00+00:00
[2026-05-17T21:37:45.603+0000] {processor.py:183} INFO - Processing /home/airflow/.local/lib/python3.8/site-packages/airflow/example_dags/example_skip_dag.py took 0.076 seconds
[2026-05-17T21:38:16.004+0000] {processor.py:161} INFO - Started process (PID=4584) to work on /home/airflow/.local/lib/python3.8/site-packages/airflow/example_dags/example_skip_dag.py
[2026-05-17T21:38:16.006+0000] {processor.py:830} INFO - Processing file /home/airflow/.local/lib/python3.8/site-packages/airflow/example_dags/example_skip_dag.py for tasks to queue
[2026-05-17T21:38:16.010+0000] {logging_mixin.py:188} INFO - [2026-05-17T21:38:16.010+0000] {dagbag.py:540} INFO - Filling up the DagBag from /home/airflow/.local/lib/python3.8/site-packages/airflow/example_dags/example_skip_dag.py
[2026-05-17T21:38:16.017+0000] {processor.py:840} INFO - DAG(s) 'example_skip_dag' retrieved from /home/airflow/.local/lib/python3.8/site-packages/airflow/example_dags/example_skip_dag.py
[2026-05-17T21:38:16.046+0000] {logging_mixin.py:188} INFO - [2026-05-17T21:38:16.046+0000] {dag.py:3047} INFO - Sync 1 DAGs
[2026-05-17T21:38:16.071+0000] {logging_mixin.py:188} INFO - [2026-05-17T21:38:16.070+0000] {dag.py:3834} INFO - Setting next_dagrun for example_skip_dag to 2026-05-16 00:00:00+00:00, run_after=2026-05-17 00:00:00+00:00
[2026-05-17T21:38:16.102+0000] {processor.py:183} INFO - Processing /home/airflow/.local/lib/python3.8/site-packages/airflow/example_dags/example_skip_dag.py took 0.102 seconds
[2026-05-17T21:38:46.460+0000] {processor.py:161} INFO - Started process (PID=4639) to work on /home/airflow/.local/lib/python3.8/site-packages/airflow/example_dags/example_skip_dag.py
[2026-05-17T21:38:46.461+0000] {processor.py:830} INFO - Processing file /home/airflow/.local/lib/python3.8/site-packages/airflow/example_dags/example_skip_dag.py for tasks to queue
[2026-05-17T21:38:46.463+0000] {logging_mixin.py:188} INFO - [2026-05-17T21:38:46.463+0000] {dagbag.py:540} INFO - Filling up the DagBag from /home/airflow/.local/lib/python3.8/site-packages/airflow/example_dags/example_skip_dag.py
[2026-05-17T21:38:46.471+0000] {processor.py:840} INFO - DAG(s) 'example_skip_dag' retrieved from /home/airflow/.local/lib/python3.8/site-packages/airflow/example_dags/example_skip_dag.py
[2026-05-17T21:38:46.492+0000] {logging_mixin.py:188} INFO - [2026-05-17T21:38:46.492+0000] {dag.py:3047} INFO - Sync 1 DAGs
[2026-05-17T21:38:46.512+0000] {logging_mixin.py:188} INFO - [2026-05-17T21:38:46.511+0000] {dag.py:3834} INFO - Setting next_dagrun for example_skip_dag to 2026-05-16 00:00:00+00:00, run_after=2026-05-17 00:00:00+00:00
[2026-05-17T21:38:46.534+0000] {processor.py:183} INFO - Processing /home/airflow/.local/lib/python3.8/site-packages/airflow/example_dags/example_skip_dag.py took 0.077 seconds
[2026-05-17T21:39:16.639+0000] {processor.py:161} INFO - Started process (PID=4694) to work on /home/airflow/.local/lib/python3.8/site-packages/airflow/example_dags/example_skip_dag.py
[2026-05-17T21:39:16.640+0000] {processor.py:830} INFO - Processing file /home/airflow/.local/lib/python3.8/site-packages/airflow/example_dags/example_skip_dag.py for tasks to queue
[2026-05-17T21:39:16.642+0000] {logging_mixin.py:188} INFO - [2026-05-17T21:39:16.642+0000] {dagbag.py:540} INFO - Filling up the DagBag from /home/airflow/.local/lib/python3.8/site-packages/airflow/example_dags/example_skip_dag.py
[2026-05-17T21:39:16.649+0000] {processor.py:840} INFO - DAG(s) 'example_skip_dag' retrieved from /home/airflow/.local/lib/python3.8/site-packages/airflow/example_dags/example_skip_dag.py
[2026-05-17T21:39:16.673+0000] {logging_mixin.py:188} INFO - [2026-05-17T21:39:16.672+0000] {dag.py:3047} INFO - Sync 1 DAGs
[2026-05-17T21:39:16.694+0000] {logging_mixin.py:188} INFO - [2026-05-17T21:39:16.694+0000] {dag.py:3834} INFO - Setting next_dagrun for example_skip_dag to 2026-05-16 00:00:00+00:00, run_after=2026-05-17 00:00:00+00:00
[2026-05-17T21:39:16.711+0000] {processor.py:183} INFO - Processing /home/airflow/.local/lib/python3.8/site-packages/airflow/example_dags/example_skip_dag.py took 0.075 seconds
[2026-05-17T21:39:46.829+0000] {processor.py:161} INFO - Started process (PID=4749) to work on /home/airflow/.local/lib/python3.8/site-packages/airflow/example_dags/example_skip_dag.py
[2026-05-17T21:39:46.830+0000] {processor.py:830} INFO - Processing file /home/airflow/.local/lib/python3.8/site-packages/airflow/example_dags/example_skip_dag.py for tasks to queue
[2026-05-17T21:39:46.832+0000] {logging_mixin.py:188} INFO - [2026-05-17T21:39:46.832+0000] {dagbag.py:540} INFO - Filling up the DagBag from /home/airflow/.local/lib/python3.8/site-packages/airflow/example_dags/example_skip_dag.py
[2026-05-17T21:39:46.838+0000] {processor.py:840} INFO - DAG(s) 'example_skip_dag' retrieved from /home/airflow/.local/lib/python3.8/site-packages/airflow/example_dags/example_skip_dag.py
[2026-05-17T21:39:46.865+0000] {logging_mixin.py:188} INFO - [2026-05-17T21:39:46.865+0000] {dag.py:3047} INFO - Sync 1 DAGs
[2026-05-17T21:39:46.886+0000] {logging_mixin.py:188} INFO - [2026-05-17T21:39:46.885+0000] {dag.py:3834} INFO - Setting next_dagrun for example_skip_dag to 2026-05-16 00:00:00+00:00, run_after=2026-05-17 00:00:00+00:00
[2026-05-17T21:39:46.902+0000] {processor.py:183} INFO - Processing /home/airflow/.local/lib/python3.8/site-packages/airflow/example_dags/example_skip_dag.py took 0.076 seconds
[2026-05-17T21:40:17.041+0000] {processor.py:161} INFO - Started process (PID=4804) to work on /home/airflow/.local/lib/python3.8/site-packages/airflow/example_dags/example_skip_dag.py
[2026-05-17T21:40:17.042+0000] {processor.py:830} INFO - Processing file /home/airflow/.local/lib/python3.8/site-packages/airflow/example_dags/example_skip_dag.py for tasks to queue
[2026-05-17T21:40:17.044+0000] {logging_mixin.py:188} INFO - [2026-05-17T21:40:17.044+0000] {dagbag.py:540} INFO - Filling up the DagBag from /home/airflow/.local/lib/python3.8/site-packages/airflow/example_dags/example_skip_dag.py
[2026-05-17T21:40:17.049+0000] {processor.py:840} INFO - DAG(s) 'example_skip_dag' retrieved from /home/airflow/.local/lib/python3.8/site-packages/airflow/example_dags/example_skip_dag.py
[2026-05-17T21:40:17.068+0000] {logging_mixin.py:188} INFO - [2026-05-17T21:40:17.068+0000] {dag.py:3047} INFO - Sync 1 DAGs
[2026-05-17T21:40:17.086+0000] {logging_mixin.py:188} INFO - [2026-05-17T21:40:17.086+0000] {dag.py:3834} INFO - Setting next_dagrun for example_skip_dag to 2026-05-16 00:00:00+00:00, run_after=2026-05-17 00:00:00+00:00
[2026-05-17T21:40:17.108+0000] {processor.py:183} INFO - Processing /home/airflow/.local/lib/python3.8/site-packages/airflow/example_dags/example_skip_dag.py took 0.070 seconds
[2026-05-17T21:40:47.246+0000] {processor.py:161} INFO - Started process (PID=4859) to work on /home/airflow/.local/lib/python3.8/site-packages/airflow/example_dags/example_skip_dag.py
[2026-05-17T21:40:47.248+0000] {processor.py:830} INFO - Processing file /home/airflow/.local/lib/python3.8/site-packages/airflow/example_dags/example_skip_dag.py for tasks to queue
[2026-05-17T21:40:47.250+0000] {logging_mixin.py:188} INFO - [2026-05-17T21:40:47.249+0000] {dagbag.py:540} INFO - Filling up the DagBag from /home/airflow/.local/lib/python3.8/site-packages/airflow/example_dags/example_skip_dag.py
[2026-05-17T21:40:47.255+0000] {processor.py:840} INFO - DAG(s) 'example_skip_dag' retrieved from /home/airflow/.local/lib/python3.8/site-packages/airflow/example_dags/example_skip_dag.py
[2026-05-17T21:40:47.276+0000] {logging_mixin.py:188} INFO - [2026-05-17T21:40:47.275+0000] {dag.py:3047} INFO - Sync 1 DAGs
[2026-05-17T21:40:47.294+0000] {logging_mixin.py:188} INFO - [2026-05-17T21:40:47.293+0000] {dag.py:3834} INFO - Setting next_dagrun for example_skip_dag to 2026-05-16 00:00:00+00:00, run_after=2026-05-17 00:00:00+00:00
[2026-05-17T21:40:47.313+0000] {processor.py:183} INFO - Processing /home/airflow/.local/lib/python3.8/site-packages/airflow/example_dags/example_skip_dag.py took 0.070 seconds
[2026-05-17T21:41:17.555+0000] {processor.py:161} INFO - Started process (PID=4914) to work on /home/airflow/.local/lib/python3.8/site-packages/airflow/example_dags/example_skip_dag.py
[2026-05-17T21:41:17.557+0000] {processor.py:830} INFO - Processing file /home/airflow/.local/lib/python3.8/site-packages/airflow/example_dags/example_skip_dag.py for tasks to queue
[2026-05-17T21:41:17.558+0000] {logging_mixin.py:188} INFO - [2026-05-17T21:41:17.558+0000] {dagbag.py:540} INFO - Filling up the DagBag from /home/airflow/.local/lib/python3.8/site-packages/airflow/example_dags/example_skip_dag.py
[2026-05-17T21:41:17.564+0000] {processor.py:840} INFO - DAG(s) 'example_skip_dag' retrieved from /home/airflow/.local/lib/python3.8/site-packages/airflow/example_dags/example_skip_dag.py
[2026-05-17T21:41:17.590+0000] {logging_mixin.py:188} INFO - [2026-05-17T21:41:17.590+0000] {dag.py:3047} INFO - Sync 1 DAGs
[2026-05-17T21:41:17.618+0000] {logging_mixin.py:188} INFO - [2026-05-17T21:41:17.617+0000] {dag.py:3834} INFO - Setting next_dagrun for example_skip_dag to 2026-05-16 00:00:00+00:00, run_after=2026-05-17 00:00:00+00:00
[2026-05-17T21:41:17.639+0000] {processor.py:183} INFO - Processing /home/airflow/.local/lib/python3.8/site-packages/airflow/example_dags/example_skip_dag.py took 0.087 seconds
[2026-05-17T21:41:47.844+0000] {processor.py:161} INFO - Started process (PID=4969) to work on /home/airflow/.local/lib/python3.8/site-packages/airflow/example_dags/example_skip_dag.py
[2026-05-17T21:41:47.846+0000] {processor.py:830} INFO - Processing file /home/airflow/.local/lib/python3.8/site-packages/airflow/example_dags/example_skip_dag.py for tasks to queue
[2026-05-17T21:41:47.848+0000] {logging_mixin.py:188} INFO - [2026-05-17T21:41:47.848+0000] {dagbag.py:540} INFO - Filling up the DagBag from /home/airflow/.local/lib/python3.8/site-packages/airflow/example_dags/example_skip_dag.py
[2026-05-17T21:41:47.854+0000] {processor.py:840} INFO - DAG(s) 'example_skip_dag' retrieved from /home/airflow/.local/lib/python3.8/site-packages/airflow/example_dags/example_skip_dag.py
[2026-05-17T21:41:47.872+0000] {logging_mixin.py:188} INFO - [2026-05-17T21:41:47.872+0000] {dag.py:3047} INFO - Sync 1 DAGs
[2026-05-17T21:41:47.891+0000] {logging_mixin.py:188} INFO - [2026-05-17T21:41:47.891+0000] {dag.py:3834} INFO - Setting next_dagrun for example_skip_dag to 2026-05-16 00:00:00+00:00, run_after=2026-05-17 00:00:00+00:00
[2026-05-17T21:41:47.911+0000] {processor.py:183} INFO - Processing /home/airflow/.local/lib/python3.8/site-packages/airflow/example_dags/example_skip_dag.py took 0.071 seconds
[2026-05-17T21:42:18.051+0000] {processor.py:161} INFO - Started process (PID=5024) to work on /home/airflow/.local/lib/python3.8/site-packages/airflow/example_dags/example_skip_dag.py
[2026-05-17T21:42:18.052+0000] {processor.py:830} INFO - Processing file /home/airflow/.local/lib/python3.8/site-packages/airflow/example_dags/example_skip_dag.py for tasks to queue
[2026-05-17T21:42:18.054+0000] {logging_mixin.py:188} INFO - [2026-05-17T21:42:18.054+0000] {dagbag.py:540} INFO - Filling up the DagBag from /home/airflow/.local/lib/python3.8/site-packages/airflow/example_dags/example_skip_dag.py
[2026-05-17T21:42:18.060+0000] {processor.py:840} INFO - DAG(s) 'example_skip_dag' retrieved from /home/airflow/.local/lib/python3.8/site-packages/airflow/example_dags/example_skip_dag.py
[2026-05-17T21:42:18.078+0000] {logging_mixin.py:188} INFO - [2026-05-17T21:42:18.078+0000] {dag.py:3047} INFO - Sync 1 DAGs
[2026-05-17T21:42:18.095+0000] {logging_mixin.py:188} INFO - [2026-05-17T21:42:18.095+0000] {dag.py:3834} INFO - Setting next_dagrun for example_skip_dag to 2026-05-16 00:00:00+00:00, run_after=2026-05-17 00:00:00+00:00
[2026-05-17T21:42:18.111+0000] {processor.py:183} INFO - Processing /home/airflow/.local/lib/python3.8/site-packages/airflow/example_dags/example_skip_dag.py took 0.063 seconds
[2026-05-17T21:42:49.102+0000] {processor.py:161} INFO - Started process (PID=5079) to work on /home/airflow/.local/lib/python3.8/site-packages/airflow/example_dags/example_skip_dag.py
[2026-05-17T21:42:49.103+0000] {processor.py:830} INFO - Processing file /home/airflow/.local/lib/python3.8/site-packages/airflow/example_dags/example_skip_dag.py for tasks to queue
[2026-05-17T21:42:49.105+0000] {logging_mixin.py:188} INFO - [2026-05-17T21:42:49.105+0000] {dagbag.py:540} INFO - Filling up the DagBag from /home/airflow/.local/lib/python3.8/site-packages/airflow/example_dags/example_skip_dag.py
[2026-05-17T21:42:49.110+0000] {processor.py:840} INFO - DAG(s) 'example_skip_dag' retrieved from /home/airflow/.local/lib/python3.8/site-packages/airflow/example_dags/example_skip_dag.py
[2026-05-17T21:42:49.129+0000] {logging_mixin.py:188} INFO - [2026-05-17T21:42:49.129+0000] {dag.py:3047} INFO - Sync 1 DAGs
[2026-05-17T21:42:49.147+0000] {logging_mixin.py:188} INFO - [2026-05-17T21:42:49.147+0000] {dag.py:3834} INFO - Setting next_dagrun for example_skip_dag to 2026-05-16 00:00:00+00:00, run_after=2026-05-17 00:00:00+00:00
[2026-05-17T21:42:49.164+0000] {processor.py:183} INFO - Processing /home/airflow/.local/lib/python3.8/site-packages/airflow/example_dags/example_skip_dag.py took 0.065 seconds
[2026-05-17T21:43:19.384+0000] {processor.py:161} INFO - Started process (PID=5134) to work on /home/airflow/.local/lib/python3.8/site-packages/airflow/example_dags/example_skip_dag.py
[2026-05-17T21:43:19.389+0000] {processor.py:830} INFO - Processing file /home/airflow/.local/lib/python3.8/site-packages/airflow/example_dags/example_skip_dag.py for tasks to queue
[2026-05-17T21:43:19.392+0000] {logging_mixin.py:188} INFO - [2026-05-17T21:43:19.391+0000] {dagbag.py:540} INFO - Filling up the DagBag from /home/airflow/.local/lib/python3.8/site-packages/airflow/example_dags/example_skip_dag.py
[2026-05-17T21:43:19.407+0000] {processor.py:840} INFO - DAG(s) 'example_skip_dag' retrieved from /home/airflow/.local/lib/python3.8/site-packages/airflow/example_dags/example_skip_dag.py
[2026-05-17T21:43:19.448+0000] {logging_mixin.py:188} INFO - [2026-05-17T21:43:19.447+0000] {dag.py:3047} INFO - Sync 1 DAGs
[2026-05-17T21:43:19.473+0000] {logging_mixin.py:188} INFO - [2026-05-17T21:43:19.473+0000] {dag.py:3834} INFO - Setting next_dagrun for example_skip_dag to 2026-05-16 00:00:00+00:00, run_after=2026-05-17 00:00:00+00:00
[2026-05-17T21:43:19.496+0000] {processor.py:183} INFO - Processing /home/airflow/.local/lib/python3.8/site-packages/airflow/example_dags/example_skip_dag.py took 0.117 seconds
[2026-05-17T21:43:49.591+0000] {processor.py:161} INFO - Started process (PID=5189) to work on /home/airflow/.local/lib/python3.8/site-packages/airflow/example_dags/example_skip_dag.py
[2026-05-17T21:43:49.592+0000] {processor.py:830} INFO - Processing file /home/airflow/.local/lib/python3.8/site-packages/airflow/example_dags/example_skip_dag.py for tasks to queue
[2026-05-17T21:43:49.596+0000] {logging_mixin.py:188} INFO - [2026-05-17T21:43:49.595+0000] {dagbag.py:540} INFO - Filling up the DagBag from /home/airflow/.local/lib/python3.8/site-packages/airflow/example_dags/example_skip_dag.py
[2026-05-17T21:43:49.602+0000] {processor.py:840} INFO - DAG(s) 'example_skip_dag' retrieved from /home/airflow/.local/lib/python3.8/site-packages/airflow/example_dags/example_skip_dag.py
[2026-05-17T21:43:49.631+0000] {logging_mixin.py:188} INFO - [2026-05-17T21:43:49.630+0000] {dag.py:3047} INFO - Sync 1 DAGs
[2026-05-17T21:43:49.649+0000] {logging_mixin.py:188} INFO - [2026-05-17T21:43:49.649+0000] {dag.py:3834} INFO - Setting next_dagrun for example_skip_dag to 2026-05-16 00:00:00+00:00, run_after=2026-05-17 00:00:00+00:00
[2026-05-17T21:43:49.667+0000] {processor.py:183} INFO - Processing /home/airflow/.local/lib/python3.8/site-packages/airflow/example_dags/example_skip_dag.py took 0.080 seconds
[2026-05-17T21:44:20.092+0000] {processor.py:161} INFO - Started process (PID=5244) to work on /home/airflow/.local/lib/python3.8/site-packages/airflow/example_dags/example_skip_dag.py
[2026-05-17T21:44:20.094+0000] {processor.py:830} INFO - Processing file /home/airflow/.local/lib/python3.8/site-packages/airflow/example_dags/example_skip_dag.py for tasks to queue
[2026-05-17T21:44:20.096+0000] {logging_mixin.py:188} INFO - [2026-05-17T21:44:20.096+0000] {dagbag.py:540} INFO - Filling up the DagBag from /home/airflow/.local/lib/python3.8/site-packages/airflow/example_dags/example_skip_dag.py
[2026-05-17T21:44:20.101+0000] {processor.py:840} INFO - DAG(s) 'example_skip_dag' retrieved from /home/airflow/.local/lib/python3.8/site-packages/airflow/example_dags/example_skip_dag.py
[2026-05-17T21:44:20.123+0000] {logging_mixin.py:188} INFO - [2026-05-17T21:44:20.123+0000] {dag.py:3047} INFO - Sync 1 DAGs
[2026-05-17T21:44:20.151+0000] {logging_mixin.py:188} INFO - [2026-05-17T21:44:20.151+0000] {dag.py:3834} INFO - Setting next_dagrun for example_skip_dag to 2026-05-16 00:00:00+00:00, run_after=2026-05-17 00:00:00+00:00
[2026-05-17T21:44:20.170+0000] {processor.py:183} INFO - Processing /home/airflow/.local/lib/python3.8/site-packages/airflow/example_dags/example_skip_dag.py took 0.082 seconds
[2026-05-17T21:44:50.301+0000] {processor.py:161} INFO - Started process (PID=5299) to work on /home/airflow/.local/lib/python3.8/site-packages/airflow/example_dags/example_skip_dag.py
[2026-05-17T21:44:50.302+0000] {processor.py:830} INFO - Processing file /home/airflow/.local/lib/python3.8/site-packages/airflow/example_dags/example_skip_dag.py for tasks to queue
[2026-05-17T21:44:50.305+0000] {logging_mixin.py:188} INFO - [2026-05-17T21:44:50.305+0000] {dagbag.py:540} INFO - Filling up the DagBag from /home/airflow/.local/lib/python3.8/site-packages/airflow/example_dags/example_skip_dag.py
[2026-05-17T21:44:50.311+0000] {processor.py:840} INFO - DAG(s) 'example_skip_dag' retrieved from /home/airflow/.local/lib/python3.8/site-packages/airflow/example_dags/example_skip_dag.py
[2026-05-17T21:44:50.331+0000] {logging_mixin.py:188} INFO - [2026-05-17T21:44:50.331+0000] {dag.py:3047} INFO - Sync 1 DAGs
[2026-05-17T21:44:50.349+0000] {logging_mixin.py:188} INFO - [2026-05-17T21:44:50.348+0000] {dag.py:3834} INFO - Setting next_dagrun for example_skip_dag to 2026-05-16 00:00:00+00:00, run_after=2026-05-17 00:00:00+00:00
[2026-05-17T21:44:50.366+0000] {processor.py:183} INFO - Processing /home/airflow/.local/lib/python3.8/site-packages/airflow/example_dags/example_skip_dag.py took 0.068 seconds
[2026-05-17T21:45:20.562+0000] {processor.py:161} INFO - Started process (PID=5354) to work on /home/airflow/.local/lib/python3.8/site-packages/airflow/example_dags/example_skip_dag.py
[2026-05-17T21:45:20.563+0000] {processor.py:830} INFO - Processing file /home/airflow/.local/lib/python3.8/site-packages/airflow/example_dags/example_skip_dag.py for tasks to queue
[2026-05-17T21:45:20.564+0000] {logging_mixin.py:188} INFO - [2026-05-17T21:45:20.564+0000] {dagbag.py:540} INFO - Filling up the DagBag from /home/airflow/.local/lib/python3.8/site-packages/airflow/example_dags/example_skip_dag.py
[2026-05-17T21:45:20.572+0000] {processor.py:840} INFO - DAG(s) 'example_skip_dag' retrieved from /home/airflow/.local/lib/python3.8/site-packages/airflow/example_dags/example_skip_dag.py
[2026-05-17T21:45:20.594+0000] {logging_mixin.py:188} INFO - [2026-05-17T21:45:20.594+0000] {dag.py:3047} INFO - Sync 1 DAGs
[2026-05-17T21:45:20.618+0000] {logging_mixin.py:188} INFO - [2026-05-17T21:45:20.617+0000] {dag.py:3834} INFO - Setting next_dagrun for example_skip_dag to 2026-05-16 00:00:00+00:00, run_after=2026-05-17 00:00:00+00:00
[2026-05-17T21:45:20.640+0000] {processor.py:183} INFO - Processing /home/airflow/.local/lib/python3.8/site-packages/airflow/example_dags/example_skip_dag.py took 0.080 seconds
[2026-05-17T21:45:50.985+0000] {processor.py:161} INFO - Started process (PID=5409) to work on /home/airflow/.local/lib/python3.8/site-packages/airflow/example_dags/example_skip_dag.py
[2026-05-17T21:45:50.987+0000] {processor.py:830} INFO - Processing file /home/airflow/.local/lib/python3.8/site-packages/airflow/example_dags/example_skip_dag.py for tasks to queue
[2026-05-17T21:45:50.992+0000] {logging_mixin.py:188} INFO - [2026-05-17T21:45:50.991+0000] {dagbag.py:540} INFO - Filling up the DagBag from /home/airflow/.local/lib/python3.8/site-packages/airflow/example_dags/example_skip_dag.py
[2026-05-17T21:45:51.003+0000] {processor.py:840} INFO - DAG(s) 'example_skip_dag' retrieved from /home/airflow/.local/lib/python3.8/site-packages/airflow/example_dags/example_skip_dag.py
[2026-05-17T21:45:51.025+0000] {logging_mixin.py:188} INFO - [2026-05-17T21:45:51.025+0000] {dag.py:3047} INFO - Sync 1 DAGs
[2026-05-17T21:45:51.048+0000] {logging_mixin.py:188} INFO - [2026-05-17T21:45:51.048+0000] {dag.py:3834} INFO - Setting next_dagrun for example_skip_dag to 2026-05-16 00:00:00+00:00, run_after=2026-05-17 00:00:00+00:00
[2026-05-17T21:45:51.071+0000] {processor.py:183} INFO - Processing /home/airflow/.local/lib/python3.8/site-packages/airflow/example_dags/example_skip_dag.py took 0.090 seconds
[2026-05-17T21:46:21.562+0000] {processor.py:161} INFO - Started process (PID=5464) to work on /home/airflow/.local/lib/python3.8/site-packages/airflow/example_dags/example_skip_dag.py
[2026-05-17T21:46:21.564+0000] {processor.py:830} INFO - Processing file /home/airflow/.local/lib/python3.8/site-packages/airflow/example_dags/example_skip_dag.py for tasks to queue
[2026-05-17T21:46:21.566+0000] {logging_mixin.py:188} INFO - [2026-05-17T21:46:21.566+0000] {dagbag.py:540} INFO - Filling up the DagBag from /home/airflow/.local/lib/python3.8/site-packages/airflow/example_dags/example_skip_dag.py
[2026-05-17T21:46:21.574+0000] {processor.py:840} INFO - DAG(s) 'example_skip_dag' retrieved from /home/airflow/.local/lib/python3.8/site-packages/airflow/example_dags/example_skip_dag.py
[2026-05-17T21:46:21.601+0000] {logging_mixin.py:188} INFO - [2026-05-17T21:46:21.601+0000] {dag.py:3047} INFO - Sync 1 DAGs
[2026-05-17T21:46:21.626+0000] {logging_mixin.py:188} INFO - [2026-05-17T21:46:21.626+0000] {dag.py:3834} INFO - Setting next_dagrun for example_skip_dag to 2026-05-16 00:00:00+00:00, run_after=2026-05-17 00:00:00+00:00
[2026-05-17T21:46:21.652+0000] {processor.py:183} INFO - Processing /home/airflow/.local/lib/python3.8/site-packages/airflow/example_dags/example_skip_dag.py took 0.094 seconds
[2026-05-17T21:46:52.008+0000] {processor.py:161} INFO - Started process (PID=5519) to work on /home/airflow/.local/lib/python3.8/site-packages/airflow/example_dags/example_skip_dag.py
[2026-05-17T21:46:52.010+0000] {processor.py:830} INFO - Processing file /home/airflow/.local/lib/python3.8/site-packages/airflow/example_dags/example_skip_dag.py for tasks to queue
[2026-05-17T21:46:52.012+0000] {logging_mixin.py:188} INFO - [2026-05-17T21:46:52.011+0000] {dagbag.py:540} INFO - Filling up the DagBag from /home/airflow/.local/lib/python3.8/site-packages/airflow/example_dags/example_skip_dag.py
[2026-05-17T21:46:52.019+0000] {processor.py:840} INFO - DAG(s) 'example_skip_dag' retrieved from /home/airflow/.local/lib/python3.8/site-packages/airflow/example_dags/example_skip_dag.py
[2026-05-17T21:46:52.040+0000] {logging_mixin.py:188} INFO - [2026-05-17T21:46:52.040+0000] {dag.py:3047} INFO - Sync 1 DAGs
[2026-05-17T21:46:52.061+0000] {logging_mixin.py:188} INFO - [2026-05-17T21:46:52.061+0000] {dag.py:3834} INFO - Setting next_dagrun for example_skip_dag to 2026-05-16 00:00:00+00:00, run_after=2026-05-17 00:00:00+00:00
[2026-05-17T21:46:52.082+0000] {processor.py:183} INFO - Processing /home/airflow/.local/lib/python3.8/site-packages/airflow/example_dags/example_skip_dag.py took 0.077 seconds
[2026-05-17T21:47:22.598+0000] {processor.py:161} INFO - Started process (PID=5574) to work on /home/airflow/.local/lib/python3.8/site-packages/airflow/example_dags/example_skip_dag.py
[2026-05-17T21:47:22.600+0000] {processor.py:830} INFO - Processing file /home/airflow/.local/lib/python3.8/site-packages/airflow/example_dags/example_skip_dag.py for tasks to queue
[2026-05-17T21:47:22.605+0000] {logging_mixin.py:188} INFO - [2026-05-17T21:47:22.605+0000] {dagbag.py:540} INFO - Filling up the DagBag from /home/airflow/.local/lib/python3.8/site-packages/airflow/example_dags/example_skip_dag.py
[2026-05-17T21:47:22.614+0000] {processor.py:840} INFO - DAG(s) 'example_skip_dag' retrieved from /home/airflow/.local/lib/python3.8/site-packages/airflow/example_dags/example_skip_dag.py
[2026-05-17T21:47:22.645+0000] {logging_mixin.py:188} INFO - [2026-05-17T21:47:22.645+0000] {dag.py:3047} INFO - Sync 1 DAGs
[2026-05-17T21:47:22.675+0000] {logging_mixin.py:188} INFO - [2026-05-17T21:47:22.674+0000] {dag.py:3834} INFO - Setting next_dagrun for example_skip_dag to 2026-05-16 00:00:00+00:00, run_after=2026-05-17 00:00:00+00:00
[2026-05-17T21:47:22.713+0000] {processor.py:183} INFO - Processing /home/airflow/.local/lib/python3.8/site-packages/airflow/example_dags/example_skip_dag.py took 0.119 seconds
[2026-05-17T21:47:52.749+0000] {processor.py:161} INFO - Started process (PID=5628) to work on /home/airflow/.local/lib/python3.8/site-packages/airflow/example_dags/example_skip_dag.py
[2026-05-17T21:47:52.751+0000] {processor.py:830} INFO - Processing file /home/airflow/.local/lib/python3.8/site-packages/airflow/example_dags/example_skip_dag.py for tasks to queue
[2026-05-17T21:47:52.753+0000] {logging_mixin.py:188} INFO - [2026-05-17T21:47:52.753+0000] {dagbag.py:540} INFO - Filling up the DagBag from /home/airflow/.local/lib/python3.8/site-packages/airflow/example_dags/example_skip_dag.py
[2026-05-17T21:47:52.758+0000] {processor.py:840} INFO - DAG(s) 'example_skip_dag' retrieved from /home/airflow/.local/lib/python3.8/site-packages/airflow/example_dags/example_skip_dag.py
[2026-05-17T21:47:52.776+0000] {logging_mixin.py:188} INFO - [2026-05-17T21:47:52.776+0000] {dag.py:3047} INFO - Sync 1 DAGs
[2026-05-17T21:47:52.793+0000] {logging_mixin.py:188} INFO - [2026-05-17T21:47:52.793+0000] {dag.py:3834} INFO - Setting next_dagrun for example_skip_dag to 2026-05-16 00:00:00+00:00, run_after=2026-05-17 00:00:00+00:00
[2026-05-17T21:47:52.810+0000] {processor.py:183} INFO - Processing /home/airflow/.local/lib/python3.8/site-packages/airflow/example_dags/example_skip_dag.py took 0.065 seconds
[2026-05-17T21:48:23.269+0000] {processor.py:161} INFO - Started process (PID=5683) to work on /home/airflow/.local/lib/python3.8/site-packages/airflow/example_dags/example_skip_dag.py
[2026-05-17T21:48:23.270+0000] {processor.py:830} INFO - Processing file /home/airflow/.local/lib/python3.8/site-packages/airflow/example_dags/example_skip_dag.py for tasks to queue
[2026-05-17T21:48:23.272+0000] {logging_mixin.py:188} INFO - [2026-05-17T21:48:23.272+0000] {dagbag.py:540} INFO - Filling up the DagBag from /home/airflow/.local/lib/python3.8/site-packages/airflow/example_dags/example_skip_dag.py
[2026-05-17T21:48:23.282+0000] {processor.py:840} INFO - DAG(s) 'example_skip_dag' retrieved from /home/airflow/.local/lib/python3.8/site-packages/airflow/example_dags/example_skip_dag.py
[2026-05-17T21:48:23.302+0000] {logging_mixin.py:188} INFO - [2026-05-17T21:48:23.302+0000] {dag.py:3047} INFO - Sync 1 DAGs
[2026-05-17T21:48:23.321+0000] {logging_mixin.py:188} INFO - [2026-05-17T21:48:23.321+0000] {dag.py:3834} INFO - Setting next_dagrun for example_skip_dag to 2026-05-16 00:00:00+00:00, run_after=2026-05-17 00:00:00+00:00
[2026-05-17T21:48:23.337+0000] {processor.py:183} INFO - Processing /home/airflow/.local/lib/python3.8/site-packages/airflow/example_dags/example_skip_dag.py took 0.071 seconds
[2026-05-17T21:48:53.689+0000] {processor.py:161} INFO - Started process (PID=5738) to work on /home/airflow/.local/lib/python3.8/site-packages/airflow/example_dags/example_skip_dag.py
[2026-05-17T21:48:53.693+0000] {processor.py:830} INFO - Processing file /home/airflow/.local/lib/python3.8/site-packages/airflow/example_dags/example_skip_dag.py for tasks to queue
[2026-05-17T21:48:53.697+0000] {logging_mixin.py:188} INFO - [2026-05-17T21:48:53.697+0000] {dagbag.py:540} INFO - Filling up the DagBag from /home/airflow/.local/lib/python3.8/site-packages/airflow/example_dags/example_skip_dag.py
[2026-05-17T21:48:53.707+0000] {processor.py:840} INFO - DAG(s) 'example_skip_dag' retrieved from /home/airflow/.local/lib/python3.8/site-packages/airflow/example_dags/example_skip_dag.py
[2026-05-17T21:48:53.744+0000] {logging_mixin.py:188} INFO - [2026-05-17T21:48:53.744+0000] {dag.py:3047} INFO - Sync 1 DAGs
[2026-05-17T21:48:53.769+0000] {logging_mixin.py:188} INFO - [2026-05-17T21:48:53.769+0000] {dag.py:3834} INFO - Setting next_dagrun for example_skip_dag to 2026-05-16 00:00:00+00:00, run_after=2026-05-17 00:00:00+00:00
[2026-05-17T21:48:53.792+0000] {processor.py:183} INFO - Processing /home/airflow/.local/lib/python3.8/site-packages/airflow/example_dags/example_skip_dag.py took 0.108 seconds
[2026-05-17T21:49:24.484+0000] {processor.py:161} INFO - Started process (PID=5793) to work on /home/airflow/.local/lib/python3.8/site-packages/airflow/example_dags/example_skip_dag.py
[2026-05-17T21:49:24.488+0000] {processor.py:830} INFO - Processing file /home/airflow/.local/lib/python3.8/site-packages/airflow/example_dags/example_skip_dag.py for tasks to queue
[2026-05-17T21:49:24.497+0000] {logging_mixin.py:188} INFO - [2026-05-17T21:49:24.496+0000] {dagbag.py:540} INFO - Filling up the DagBag from /home/airflow/.local/lib/python3.8/site-packages/airflow/example_dags/example_skip_dag.py
[2026-05-17T21:49:24.516+0000] {processor.py:840} INFO - DAG(s) 'example_skip_dag' retrieved from /home/airflow/.local/lib/python3.8/site-packages/airflow/example_dags/example_skip_dag.py
[2026-05-17T21:49:24.583+0000] {logging_mixin.py:188} INFO - [2026-05-17T21:49:24.582+0000] {dag.py:3047} INFO - Sync 1 DAGs
[2026-05-17T21:49:24.638+0000] {logging_mixin.py:188} INFO - [2026-05-17T21:49:24.636+0000] {dag.py:3834} INFO - Setting next_dagrun for example_skip_dag to 2026-05-16 00:00:00+00:00, run_after=2026-05-17 00:00:00+00:00
[2026-05-17T21:49:24.702+0000] {processor.py:183} INFO - Processing /home/airflow/.local/lib/python3.8/site-packages/airflow/example_dags/example_skip_dag.py took 0.223 seconds
[2026-05-17T21:49:54.924+0000] {processor.py:161} INFO - Started process (PID=5849) to work on /home/airflow/.local/lib/python3.8/site-packages/airflow/example_dags/example_skip_dag.py
[2026-05-17T21:49:54.925+0000] {processor.py:830} INFO - Processing file /home/airflow/.local/lib/python3.8/site-packages/airflow/example_dags/example_skip_dag.py for tasks to queue
[2026-05-17T21:49:54.928+0000] {logging_mixin.py:188} INFO - [2026-05-17T21:49:54.928+0000] {dagbag.py:540} INFO - Filling up the DagBag from /home/airflow/.local/lib/python3.8/site-packages/airflow/example_dags/example_skip_dag.py
[2026-05-17T21:49:54.939+0000] {processor.py:840} INFO - DAG(s) 'example_skip_dag' retrieved from /home/airflow/.local/lib/python3.8/site-packages/airflow/example_dags/example_skip_dag.py
[2026-05-17T21:49:54.967+0000] {logging_mixin.py:188} INFO - [2026-05-17T21:49:54.966+0000] {dag.py:3047} INFO - Sync 1 DAGs
[2026-05-17T21:49:54.990+0000] {logging_mixin.py:188} INFO - [2026-05-17T21:49:54.990+0000] {dag.py:3834} INFO - Setting next_dagrun for example_skip_dag to 2026-05-16 00:00:00+00:00, run_after=2026-05-17 00:00:00+00:00
[2026-05-17T21:49:55.007+0000] {processor.py:183} INFO - Processing /home/airflow/.local/lib/python3.8/site-packages/airflow/example_dags/example_skip_dag.py took 0.086 seconds
[2026-05-17T21:50:25.714+0000] {processor.py:161} INFO - Started process (PID=5904) to work on /home/airflow/.local/lib/python3.8/site-packages/airflow/example_dags/example_skip_dag.py
[2026-05-17T21:50:25.715+0000] {processor.py:830} INFO - Processing file /home/airflow/.local/lib/python3.8/site-packages/airflow/example_dags/example_skip_dag.py for tasks to queue
[2026-05-17T21:50:25.717+0000] {logging_mixin.py:188} INFO - [2026-05-17T21:50:25.717+0000] {dagbag.py:540} INFO - Filling up the DagBag from /home/airflow/.local/lib/python3.8/site-packages/airflow/example_dags/example_skip_dag.py
[2026-05-17T21:50:25.723+0000] {processor.py:840} INFO - DAG(s) 'example_skip_dag' retrieved from /home/airflow/.local/lib/python3.8/site-packages/airflow/example_dags/example_skip_dag.py
[2026-05-17T21:50:25.742+0000] {logging_mixin.py:188} INFO - [2026-05-17T21:50:25.742+0000] {dag.py:3047} INFO - Sync 1 DAGs
[2026-05-17T21:50:25.763+0000] {logging_mixin.py:188} INFO - [2026-05-17T21:50:25.763+0000] {dag.py:3834} INFO - Setting next_dagrun for example_skip_dag to 2026-05-16 00:00:00+00:00, run_after=2026-05-17 00:00:00+00:00
[2026-05-17T21:50:25.780+0000] {processor.py:183} INFO - Processing /home/airflow/.local/lib/python3.8/site-packages/airflow/example_dags/example_skip_dag.py took 0.071 seconds
[2026-05-17T21:50:55.827+0000] {processor.py:161} INFO - Started process (PID=5959) to work on /home/airflow/.local/lib/python3.8/site-packages/airflow/example_dags/example_skip_dag.py
[2026-05-17T21:50:55.828+0000] {processor.py:830} INFO - Processing file /home/airflow/.local/lib/python3.8/site-packages/airflow/example_dags/example_skip_dag.py for tasks to queue
[2026-05-17T21:50:55.830+0000] {logging_mixin.py:188} INFO - [2026-05-17T21:50:55.830+0000] {dagbag.py:540} INFO - Filling up the DagBag from /home/airflow/.local/lib/python3.8/site-packages/airflow/example_dags/example_skip_dag.py
[2026-05-17T21:50:55.836+0000] {processor.py:840} INFO - DAG(s) 'example_skip_dag' retrieved from /home/airflow/.local/lib/python3.8/site-packages/airflow/example_dags/example_skip_dag.py
[2026-05-17T21:50:55.853+0000] {logging_mixin.py:188} INFO - [2026-05-17T21:50:55.853+0000] {dag.py:3047} INFO - Sync 1 DAGs
[2026-05-17T21:50:55.869+0000] {logging_mixin.py:188} INFO - [2026-05-17T21:50:55.869+0000] {dag.py:3834} INFO - Setting next_dagrun for example_skip_dag to 2026-05-16 00:00:00+00:00, run_after=2026-05-17 00:00:00+00:00
[2026-05-17T21:50:55.886+0000] {processor.py:183} INFO - Processing /home/airflow/.local/lib/python3.8/site-packages/airflow/example_dags/example_skip_dag.py took 0.062 seconds
[2026-05-17T21:51:26.442+0000] {processor.py:161} INFO - Started process (PID=6014) to work on /home/airflow/.local/lib/python3.8/site-packages/airflow/example_dags/example_skip_dag.py
[2026-05-17T21:51:26.443+0000] {processor.py:830} INFO - Processing file /home/airflow/.local/lib/python3.8/site-packages/airflow/example_dags/example_skip_dag.py for tasks to queue
[2026-05-17T21:51:26.445+0000] {logging_mixin.py:188} INFO - [2026-05-17T21:51:26.444+0000] {dagbag.py:540} INFO - Filling up the DagBag from /home/airflow/.local/lib/python3.8/site-packages/airflow/example_dags/example_skip_dag.py
[2026-05-17T21:51:26.450+0000] {processor.py:840} INFO - DAG(s) 'example_skip_dag' retrieved from /home/airflow/.local/lib/python3.8/site-packages/airflow/example_dags/example_skip_dag.py
[2026-05-17T21:51:26.468+0000] {logging_mixin.py:188} INFO - [2026-05-17T21:51:26.467+0000] {dag.py:3047} INFO - Sync 1 DAGs
[2026-05-17T21:51:26.483+0000] {logging_mixin.py:188} INFO - [2026-05-17T21:51:26.483+0000] {dag.py:3834} INFO - Setting next_dagrun for example_skip_dag to 2026-05-16 00:00:00+00:00, run_after=2026-05-17 00:00:00+00:00
[2026-05-17T21:51:26.501+0000] {processor.py:183} INFO - Processing /home/airflow/.local/lib/python3.8/site-packages/airflow/example_dags/example_skip_dag.py took 0.062 seconds
[2026-05-17T21:51:57.084+0000] {processor.py:161} INFO - Started process (PID=6069) to work on /home/airflow/.local/lib/python3.8/site-packages/airflow/example_dags/example_skip_dag.py
[2026-05-17T21:51:57.086+0000] {processor.py:830} INFO - Processing file /home/airflow/.local/lib/python3.8/site-packages/airflow/example_dags/example_skip_dag.py for tasks to queue
[2026-05-17T21:51:57.088+0000] {logging_mixin.py:188} INFO - [2026-05-17T21:51:57.088+0000] {dagbag.py:540} INFO - Filling up the DagBag from /home/airflow/.local/lib/python3.8/site-packages/airflow/example_dags/example_skip_dag.py
[2026-05-17T21:51:57.094+0000] {processor.py:840} INFO - DAG(s) 'example_skip_dag' retrieved from /home/airflow/.local/lib/python3.8/site-packages/airflow/example_dags/example_skip_dag.py
[2026-05-17T21:51:57.121+0000] {logging_mixin.py:188} INFO - [2026-05-17T21:51:57.121+0000] {dag.py:3047} INFO - Sync 1 DAGs
[2026-05-17T21:51:57.144+0000] {logging_mixin.py:188} INFO - [2026-05-17T21:51:57.144+0000] {dag.py:3834} INFO - Setting next_dagrun for example_skip_dag to 2026-05-16 00:00:00+00:00, run_after=2026-05-17 00:00:00+00:00
[2026-05-17T21:51:57.163+0000] {processor.py:183} INFO - Processing /home/airflow/.local/lib/python3.8/site-packages/airflow/example_dags/example_skip_dag.py took 0.083 seconds
[2026-05-17T21:52:27.534+0000] {processor.py:161} INFO - Started process (PID=6123) to work on /home/airflow/.local/lib/python3.8/site-packages/airflow/example_dags/example_skip_dag.py
[2026-05-17T21:52:27.536+0000] {processor.py:830} INFO - Processing file /home/airflow/.local/lib/python3.8/site-packages/airflow/example_dags/example_skip_dag.py for tasks to queue
[2026-05-17T21:52:27.538+0000] {logging_mixin.py:188} INFO - [2026-05-17T21:52:27.538+0000] {dagbag.py:540} INFO - Filling up the DagBag from /home/airflow/.local/lib/python3.8/site-packages/airflow/example_dags/example_skip_dag.py
[2026-05-17T21:52:27.546+0000] {processor.py:840} INFO - DAG(s) 'example_skip_dag' retrieved from /home/airflow/.local/lib/python3.8/site-packages/airflow/example_dags/example_skip_dag.py
[2026-05-17T21:52:27.567+0000] {logging_mixin.py:188} INFO - [2026-05-17T21:52:27.566+0000] {dag.py:3047} INFO - Sync 1 DAGs
[2026-05-17T21:52:27.586+0000] {logging_mixin.py:188} INFO - [2026-05-17T21:52:27.586+0000] {dag.py:3834} INFO - Setting next_dagrun for example_skip_dag to 2026-05-16 00:00:00+00:00, run_after=2026-05-17 00:00:00+00:00
[2026-05-17T21:52:27.601+0000] {processor.py:183} INFO - Processing /home/airflow/.local/lib/python3.8/site-packages/airflow/example_dags/example_skip_dag.py took 0.071 seconds
[2026-05-17T21:52:57.933+0000] {processor.py:161} INFO - Started process (PID=6178) to work on /home/airflow/.local/lib/python3.8/site-packages/airflow/example_dags/example_skip_dag.py
[2026-05-17T21:52:57.934+0000] {processor.py:830} INFO - Processing file /home/airflow/.local/lib/python3.8/site-packages/airflow/example_dags/example_skip_dag.py for tasks to queue
[2026-05-17T21:52:57.936+0000] {logging_mixin.py:188} INFO - [2026-05-17T21:52:57.936+0000] {dagbag.py:540} INFO - Filling up the DagBag from /home/airflow/.local/lib/python3.8/site-packages/airflow/example_dags/example_skip_dag.py
[2026-05-17T21:52:57.943+0000] {processor.py:840} INFO - DAG(s) 'example_skip_dag' retrieved from /home/airflow/.local/lib/python3.8/site-packages/airflow/example_dags/example_skip_dag.py
[2026-05-17T21:52:57.962+0000] {logging_mixin.py:188} INFO - [2026-05-17T21:52:57.961+0000] {dag.py:3047} INFO - Sync 1 DAGs
[2026-05-17T21:52:57.979+0000] {logging_mixin.py:188} INFO - [2026-05-17T21:52:57.979+0000] {dag.py:3834} INFO - Setting next_dagrun for example_skip_dag to 2026-05-16 00:00:00+00:00, run_after=2026-05-17 00:00:00+00:00
[2026-05-17T21:52:57.993+0000] {processor.py:183} INFO - Processing /home/airflow/.local/lib/python3.8/site-packages/airflow/example_dags/example_skip_dag.py took 0.063 seconds
[2026-05-17T21:53:28.774+0000] {processor.py:161} INFO - Started process (PID=6232) to work on /home/airflow/.local/lib/python3.8/site-packages/airflow/example_dags/example_skip_dag.py
[2026-05-17T21:53:28.776+0000] {processor.py:830} INFO - Processing file /home/airflow/.local/lib/python3.8/site-packages/airflow/example_dags/example_skip_dag.py for tasks to queue
[2026-05-17T21:53:28.778+0000] {logging_mixin.py:188} INFO - [2026-05-17T21:53:28.777+0000] {dagbag.py:540} INFO - Filling up the DagBag from /home/airflow/.local/lib/python3.8/site-packages/airflow/example_dags/example_skip_dag.py
[2026-05-17T21:53:28.783+0000] {processor.py:840} INFO - DAG(s) 'example_skip_dag' retrieved from /home/airflow/.local/lib/python3.8/site-packages/airflow/example_dags/example_skip_dag.py
[2026-05-17T21:53:28.801+0000] {logging_mixin.py:188} INFO - [2026-05-17T21:53:28.801+0000] {dag.py:3047} INFO - Sync 1 DAGs
[2026-05-17T21:53:28.819+0000] {logging_mixin.py:188} INFO - [2026-05-17T21:53:28.819+0000] {dag.py:3834} INFO - Setting next_dagrun for example_skip_dag to 2026-05-16 00:00:00+00:00, run_after=2026-05-17 00:00:00+00:00
[2026-05-17T21:53:28.861+0000] {processor.py:183} INFO - Processing /home/airflow/.local/lib/python3.8/site-packages/airflow/example_dags/example_skip_dag.py took 0.092 seconds
[2026-05-17T21:53:59.217+0000] {processor.py:161} INFO - Started process (PID=6287) to work on /home/airflow/.local/lib/python3.8/site-packages/airflow/example_dags/example_skip_dag.py
[2026-05-17T21:53:59.219+0000] {processor.py:830} INFO - Processing file /home/airflow/.local/lib/python3.8/site-packages/airflow/example_dags/example_skip_dag.py for tasks to queue
[2026-05-17T21:53:59.221+0000] {logging_mixin.py:188} INFO - [2026-05-17T21:53:59.221+0000] {dagbag.py:540} INFO - Filling up the DagBag from /home/airflow/.local/lib/python3.8/site-packages/airflow/example_dags/example_skip_dag.py
[2026-05-17T21:53:59.227+0000] {processor.py:840} INFO - DAG(s) 'example_skip_dag' retrieved from /home/airflow/.local/lib/python3.8/site-packages/airflow/example_dags/example_skip_dag.py
[2026-05-17T21:53:59.252+0000] {logging_mixin.py:188} INFO - [2026-05-17T21:53:59.251+0000] {dag.py:3047} INFO - Sync 1 DAGs
[2026-05-17T21:53:59.277+0000] {logging_mixin.py:188} INFO - [2026-05-17T21:53:59.277+0000] {dag.py:3834} INFO - Setting next_dagrun for example_skip_dag to 2026-05-16 00:00:00+00:00, run_after=2026-05-17 00:00:00+00:00
[2026-05-17T21:53:59.296+0000] {processor.py:183} INFO - Processing /home/airflow/.local/lib/python3.8/site-packages/airflow/example_dags/example_skip_dag.py took 0.083 seconds
[2026-05-17T21:54:29.531+0000] {processor.py:161} INFO - Started process (PID=6342) to work on /home/airflow/.local/lib/python3.8/site-packages/airflow/example_dags/example_skip_dag.py
[2026-05-17T21:54:29.532+0000] {processor.py:830} INFO - Processing file /home/airflow/.local/lib/python3.8/site-packages/airflow/example_dags/example_skip_dag.py for tasks to queue
[2026-05-17T21:54:29.534+0000] {logging_mixin.py:188} INFO - [2026-05-17T21:54:29.534+0000] {dagbag.py:540} INFO - Filling up the DagBag from /home/airflow/.local/lib/python3.8/site-packages/airflow/example_dags/example_skip_dag.py
[2026-05-17T21:54:29.540+0000] {processor.py:840} INFO - DAG(s) 'example_skip_dag' retrieved from /home/airflow/.local/lib/python3.8/site-packages/airflow/example_dags/example_skip_dag.py
[2026-05-17T21:54:29.562+0000] {logging_mixin.py:188} INFO - [2026-05-17T21:54:29.562+0000] {dag.py:3047} INFO - Sync 1 DAGs
[2026-05-17T21:54:29.584+0000] {logging_mixin.py:188} INFO - [2026-05-17T21:54:29.584+0000] {dag.py:3834} INFO - Setting next_dagrun for example_skip_dag to 2026-05-16 00:00:00+00:00, run_after=2026-05-17 00:00:00+00:00
[2026-05-17T21:54:29.605+0000] {processor.py:183} INFO - Processing /home/airflow/.local/lib/python3.8/site-packages/airflow/example_dags/example_skip_dag.py took 0.078 seconds
[2026-05-17T21:54:59.880+0000] {processor.py:161} INFO - Started process (PID=6397) to work on /home/airflow/.local/lib/python3.8/site-packages/airflow/example_dags/example_skip_dag.py
[2026-05-17T21:54:59.882+0000] {processor.py:830} INFO - Processing file /home/airflow/.local/lib/python3.8/site-packages/airflow/example_dags/example_skip_dag.py for tasks to queue
[2026-05-17T21:54:59.884+0000] {logging_mixin.py:188} INFO - [2026-05-17T21:54:59.883+0000] {dagbag.py:540} INFO - Filling up the DagBag from /home/airflow/.local/lib/python3.8/site-packages/airflow/example_dags/example_skip_dag.py
[2026-05-17T21:54:59.890+0000] {processor.py:840} INFO - DAG(s) 'example_skip_dag' retrieved from /home/airflow/.local/lib/python3.8/site-packages/airflow/example_dags/example_skip_dag.py
[2026-05-17T21:54:59.919+0000] {logging_mixin.py:188} INFO - [2026-05-17T21:54:59.919+0000] {dag.py:3047} INFO - Sync 1 DAGs
[2026-05-17T21:54:59.938+0000] {logging_mixin.py:188} INFO - [2026-05-17T21:54:59.938+0000] {dag.py:3834} INFO - Setting next_dagrun for example_skip_dag to 2026-05-16 00:00:00+00:00, run_after=2026-05-17 00:00:00+00:00
[2026-05-17T21:54:59.964+0000] {processor.py:183} INFO - Processing /home/airflow/.local/lib/python3.8/site-packages/airflow/example_dags/example_skip_dag.py took 0.087 seconds
[2026-05-17T21:55:30.236+0000] {processor.py:161} INFO - Started process (PID=6452) to work on /home/airflow/.local/lib/python3.8/site-packages/airflow/example_dags/example_skip_dag.py
[2026-05-17T21:55:30.237+0000] {processor.py:830} INFO - Processing file /home/airflow/.local/lib/python3.8/site-packages/airflow/example_dags/example_skip_dag.py for tasks to queue
[2026-05-17T21:55:30.239+0000] {logging_mixin.py:188} INFO - [2026-05-17T21:55:30.239+0000] {dagbag.py:540} INFO - Filling up the DagBag from /home/airflow/.local/lib/python3.8/site-packages/airflow/example_dags/example_skip_dag.py
[2026-05-17T21:55:30.246+0000] {processor.py:840} INFO - DAG(s) 'example_skip_dag' retrieved from /home/airflow/.local/lib/python3.8/site-packages/airflow/example_dags/example_skip_dag.py
[2026-05-17T21:55:30.266+0000] {logging_mixin.py:188} INFO - [2026-05-17T21:55:30.266+0000] {dag.py:3047} INFO - Sync 1 DAGs
[2026-05-17T21:55:30.287+0000] {logging_mixin.py:188} INFO - [2026-05-17T21:55:30.287+0000] {dag.py:3834} INFO - Setting next_dagrun for example_skip_dag to 2026-05-16 00:00:00+00:00, run_after=2026-05-17 00:00:00+00:00
[2026-05-17T21:55:30.310+0000] {processor.py:183} INFO - Processing /home/airflow/.local/lib/python3.8/site-packages/airflow/example_dags/example_skip_dag.py took 0.077 seconds
[2026-05-17T21:56:01.032+0000] {processor.py:161} INFO - Started process (PID=6507) to work on /home/airflow/.local/lib/python3.8/site-packages/airflow/example_dags/example_skip_dag.py
[2026-05-17T21:56:01.035+0000] {processor.py:830} INFO - Processing file /home/airflow/.local/lib/python3.8/site-packages/airflow/example_dags/example_skip_dag.py for tasks to queue
[2026-05-17T21:56:01.038+0000] {logging_mixin.py:188} INFO - [2026-05-17T21:56:01.038+0000] {dagbag.py:540} INFO - Filling up the DagBag from /home/airflow/.local/lib/python3.8/site-packages/airflow/example_dags/example_skip_dag.py
[2026-05-17T21:56:01.045+0000] {processor.py:840} INFO - DAG(s) 'example_skip_dag' retrieved from /home/airflow/.local/lib/python3.8/site-packages/airflow/example_dags/example_skip_dag.py
[2026-05-17T21:56:01.068+0000] {logging_mixin.py:188} INFO - [2026-05-17T21:56:01.068+0000] {dag.py:3047} INFO - Sync 1 DAGs
[2026-05-17T21:56:01.091+0000] {logging_mixin.py:188} INFO - [2026-05-17T21:56:01.091+0000] {dag.py:3834} INFO - Setting next_dagrun for example_skip_dag to 2026-05-16 00:00:00+00:00, run_after=2026-05-17 00:00:00+00:00
[2026-05-17T21:56:01.116+0000] {processor.py:183} INFO - Processing /home/airflow/.local/lib/python3.8/site-packages/airflow/example_dags/example_skip_dag.py took 0.087 seconds
[2026-05-17T21:56:31.445+0000] {processor.py:161} INFO - Started process (PID=6562) to work on /home/airflow/.local/lib/python3.8/site-packages/airflow/example_dags/example_skip_dag.py
[2026-05-17T21:56:31.447+0000] {processor.py:830} INFO - Processing file /home/airflow/.local/lib/python3.8/site-packages/airflow/example_dags/example_skip_dag.py for tasks to queue
[2026-05-17T21:56:31.449+0000] {logging_mixin.py:188} INFO - [2026-05-17T21:56:31.449+0000] {dagbag.py:540} INFO - Filling up the DagBag from /home/airflow/.local/lib/python3.8/site-packages/airflow/example_dags/example_skip_dag.py
[2026-05-17T21:56:31.457+0000] {processor.py:840} INFO - DAG(s) 'example_skip_dag' retrieved from /home/airflow/.local/lib/python3.8/site-packages/airflow/example_dags/example_skip_dag.py
[2026-05-17T21:56:31.479+0000] {logging_mixin.py:188} INFO - [2026-05-17T21:56:31.478+0000] {dag.py:3047} INFO - Sync 1 DAGs
[2026-05-17T21:56:31.499+0000] {logging_mixin.py:188} INFO - [2026-05-17T21:56:31.498+0000] {dag.py:3834} INFO - Setting next_dagrun for example_skip_dag to 2026-05-16 00:00:00+00:00, run_after=2026-05-17 00:00:00+00:00
[2026-05-17T21:56:31.518+0000] {processor.py:183} INFO - Processing /home/airflow/.local/lib/python3.8/site-packages/airflow/example_dags/example_skip_dag.py took 0.076 seconds
[2026-05-17T21:57:01.779+0000] {processor.py:161} INFO - Started process (PID=6617) to work on /home/airflow/.local/lib/python3.8/site-packages/airflow/example_dags/example_skip_dag.py
[2026-05-17T21:57:01.780+0000] {processor.py:830} INFO - Processing file /home/airflow/.local/lib/python3.8/site-packages/airflow/example_dags/example_skip_dag.py for tasks to queue
[2026-05-17T21:57:01.782+0000] {logging_mixin.py:188} INFO - [2026-05-17T21:57:01.782+0000] {dagbag.py:540} INFO - Filling up the DagBag from /home/airflow/.local/lib/python3.8/site-packages/airflow/example_dags/example_skip_dag.py
[2026-05-17T21:57:01.787+0000] {processor.py:840} INFO - DAG(s) 'example_skip_dag' retrieved from /home/airflow/.local/lib/python3.8/site-packages/airflow/example_dags/example_skip_dag.py
[2026-05-17T21:57:01.805+0000] {logging_mixin.py:188} INFO - [2026-05-17T21:57:01.805+0000] {dag.py:3047} INFO - Sync 1 DAGs
[2026-05-17T21:57:01.824+0000] {logging_mixin.py:188} INFO - [2026-05-17T21:57:01.823+0000] {dag.py:3834} INFO - Setting next_dagrun for example_skip_dag to 2026-05-16 00:00:00+00:00, run_after=2026-05-17 00:00:00+00:00
[2026-05-17T21:57:01.841+0000] {processor.py:183} INFO - Processing /home/airflow/.local/lib/python3.8/site-packages/airflow/example_dags/example_skip_dag.py took 0.065 seconds
[2026-05-17T21:57:32.121+0000] {processor.py:161} INFO - Started process (PID=6672) to work on /home/airflow/.local/lib/python3.8/site-packages/airflow/example_dags/example_skip_dag.py
[2026-05-17T21:57:32.123+0000] {processor.py:830} INFO - Processing file /home/airflow/.local/lib/python3.8/site-packages/airflow/example_dags/example_skip_dag.py for tasks to queue
[2026-05-17T21:57:32.125+0000] {logging_mixin.py:188} INFO - [2026-05-17T21:57:32.125+0000] {dagbag.py:540} INFO - Filling up the DagBag from /home/airflow/.local/lib/python3.8/site-packages/airflow/example_dags/example_skip_dag.py
[2026-05-17T21:57:32.131+0000] {processor.py:840} INFO - DAG(s) 'example_skip_dag' retrieved from /home/airflow/.local/lib/python3.8/site-packages/airflow/example_dags/example_skip_dag.py
[2026-05-17T21:57:32.149+0000] {logging_mixin.py:188} INFO - [2026-05-17T21:57:32.149+0000] {dag.py:3047} INFO - Sync 1 DAGs
[2026-05-17T21:57:32.169+0000] {logging_mixin.py:188} INFO - [2026-05-17T21:57:32.168+0000] {dag.py:3834} INFO - Setting next_dagrun for example_skip_dag to 2026-05-16 00:00:00+00:00, run_after=2026-05-17 00:00:00+00:00
[2026-05-17T21:57:32.184+0000] {processor.py:183} INFO - Processing /home/airflow/.local/lib/python3.8/site-packages/airflow/example_dags/example_skip_dag.py took 0.066 seconds
[2026-05-17T21:58:02.566+0000] {processor.py:161} INFO - Started process (PID=6727) to work on /home/airflow/.local/lib/python3.8/site-packages/airflow/example_dags/example_skip_dag.py
[2026-05-17T21:58:02.567+0000] {processor.py:830} INFO - Processing file /home/airflow/.local/lib/python3.8/site-packages/airflow/example_dags/example_skip_dag.py for tasks to queue
[2026-05-17T21:58:02.570+0000] {logging_mixin.py:188} INFO - [2026-05-17T21:58:02.570+0000] {dagbag.py:540} INFO - Filling up the DagBag from /home/airflow/.local/lib/python3.8/site-packages/airflow/example_dags/example_skip_dag.py
[2026-05-17T21:58:02.576+0000] {processor.py:840} INFO - DAG(s) 'example_skip_dag' retrieved from /home/airflow/.local/lib/python3.8/site-packages/airflow/example_dags/example_skip_dag.py
[2026-05-17T21:58:02.593+0000] {logging_mixin.py:188} INFO - [2026-05-17T21:58:02.592+0000] {dag.py:3047} INFO - Sync 1 DAGs
[2026-05-17T21:58:02.608+0000] {logging_mixin.py:188} INFO - [2026-05-17T21:58:02.608+0000] {dag.py:3834} INFO - Setting next_dagrun for example_skip_dag to 2026-05-16 00:00:00+00:00, run_after=2026-05-17 00:00:00+00:00
[2026-05-17T21:58:02.626+0000] {processor.py:183} INFO - Processing /home/airflow/.local/lib/python3.8/site-packages/airflow/example_dags/example_skip_dag.py took 0.063 seconds
[2026-05-17T21:58:32.998+0000] {processor.py:161} INFO - Started process (PID=6782) to work on /home/airflow/.local/lib/python3.8/site-packages/airflow/example_dags/example_skip_dag.py
[2026-05-17T21:58:32.999+0000] {processor.py:830} INFO - Processing file /home/airflow/.local/lib/python3.8/site-packages/airflow/example_dags/example_skip_dag.py for tasks to queue
[2026-05-17T21:58:33.002+0000] {logging_mixin.py:188} INFO - [2026-05-17T21:58:33.001+0000] {dagbag.py:540} INFO - Filling up the DagBag from /home/airflow/.local/lib/python3.8/site-packages/airflow/example_dags/example_skip_dag.py
[2026-05-17T21:58:33.007+0000] {processor.py:840} INFO - DAG(s) 'example_skip_dag' retrieved from /home/airflow/.local/lib/python3.8/site-packages/airflow/example_dags/example_skip_dag.py
[2026-05-17T21:58:33.025+0000] {logging_mixin.py:188} INFO - [2026-05-17T21:58:33.024+0000] {dag.py:3047} INFO - Sync 1 DAGs
[2026-05-17T21:58:33.042+0000] {logging_mixin.py:188} INFO - [2026-05-17T21:58:33.042+0000] {dag.py:3834} INFO - Setting next_dagrun for example_skip_dag to 2026-05-16 00:00:00+00:00, run_after=2026-05-17 00:00:00+00:00
[2026-05-17T21:58:33.059+0000] {processor.py:183} INFO - Processing /home/airflow/.local/lib/python3.8/site-packages/airflow/example_dags/example_skip_dag.py took 0.064 seconds
[2026-05-17T21:59:03.404+0000] {processor.py:161} INFO - Started process (PID=6837) to work on /home/airflow/.local/lib/python3.8/site-packages/airflow/example_dags/example_skip_dag.py
[2026-05-17T21:59:03.405+0000] {processor.py:830} INFO - Processing file /home/airflow/.local/lib/python3.8/site-packages/airflow/example_dags/example_skip_dag.py for tasks to queue
[2026-05-17T21:59:03.407+0000] {logging_mixin.py:188} INFO - [2026-05-17T21:59:03.406+0000] {dagbag.py:540} INFO - Filling up the DagBag from /home/airflow/.local/lib/python3.8/site-packages/airflow/example_dags/example_skip_dag.py
[2026-05-17T21:59:03.413+0000] {processor.py:840} INFO - DAG(s) 'example_skip_dag' retrieved from /home/airflow/.local/lib/python3.8/site-packages/airflow/example_dags/example_skip_dag.py
[2026-05-17T21:59:03.431+0000] {logging_mixin.py:188} INFO - [2026-05-17T21:59:03.431+0000] {dag.py:3047} INFO - Sync 1 DAGs
[2026-05-17T21:59:03.448+0000] {logging_mixin.py:188} INFO - [2026-05-17T21:59:03.448+0000] {dag.py:3834} INFO - Setting next_dagrun for example_skip_dag to 2026-05-16 00:00:00+00:00, run_after=2026-05-17 00:00:00+00:00
[2026-05-17T21:59:03.466+0000] {processor.py:183} INFO - Processing /home/airflow/.local/lib/python3.8/site-packages/airflow/example_dags/example_skip_dag.py took 0.065 seconds
[2026-05-17T21:59:33.768+0000] {processor.py:161} INFO - Started process (PID=6892) to work on /home/airflow/.local/lib/python3.8/site-packages/airflow/example_dags/example_skip_dag.py
[2026-05-17T21:59:33.770+0000] {processor.py:830} INFO - Processing file /home/airflow/.local/lib/python3.8/site-packages/airflow/example_dags/example_skip_dag.py for tasks to queue
[2026-05-17T21:59:33.772+0000] {logging_mixin.py:188} INFO - [2026-05-17T21:59:33.772+0000] {dagbag.py:540} INFO - Filling up the DagBag from /home/airflow/.local/lib/python3.8/site-packages/airflow/example_dags/example_skip_dag.py
[2026-05-17T21:59:33.780+0000] {processor.py:840} INFO - DAG(s) 'example_skip_dag' retrieved from /home/airflow/.local/lib/python3.8/site-packages/airflow/example_dags/example_skip_dag.py
[2026-05-17T21:59:33.803+0000] {logging_mixin.py:188} INFO - [2026-05-17T21:59:33.802+0000] {dag.py:3047} INFO - Sync 1 DAGs
[2026-05-17T21:59:33.824+0000] {logging_mixin.py:188} INFO - [2026-05-17T21:59:33.823+0000] {dag.py:3834} INFO - Setting next_dagrun for example_skip_dag to 2026-05-16 00:00:00+00:00, run_after=2026-05-17 00:00:00+00:00
[2026-05-17T21:59:33.849+0000] {processor.py:183} INFO - Processing /home/airflow/.local/lib/python3.8/site-packages/airflow/example_dags/example_skip_dag.py took 0.084 seconds
[2026-05-17T22:00:04.000+0000] {processor.py:161} INFO - Started process (PID=6947) to work on /home/airflow/.local/lib/python3.8/site-packages/airflow/example_dags/example_skip_dag.py
[2026-05-17T22:00:04.002+0000] {processor.py:830} INFO - Processing file /home/airflow/.local/lib/python3.8/site-packages/airflow/example_dags/example_skip_dag.py for tasks to queue
[2026-05-17T22:00:04.005+0000] {logging_mixin.py:188} INFO - [2026-05-17T22:00:04.004+0000] {dagbag.py:540} INFO - Filling up the DagBag from /home/airflow/.local/lib/python3.8/site-packages/airflow/example_dags/example_skip_dag.py
[2026-05-17T22:00:04.011+0000] {processor.py:840} INFO - DAG(s) 'example_skip_dag' retrieved from /home/airflow/.local/lib/python3.8/site-packages/airflow/example_dags/example_skip_dag.py
[2026-05-17T22:00:04.034+0000] {logging_mixin.py:188} INFO - [2026-05-17T22:00:04.033+0000] {dag.py:3047} INFO - Sync 1 DAGs
[2026-05-17T22:00:04.053+0000] {logging_mixin.py:188} INFO - [2026-05-17T22:00:04.052+0000] {dag.py:3834} INFO - Setting next_dagrun for example_skip_dag to 2026-05-16 00:00:00+00:00, run_after=2026-05-17 00:00:00+00:00
[2026-05-17T22:00:04.067+0000] {processor.py:183} INFO - Processing /home/airflow/.local/lib/python3.8/site-packages/airflow/example_dags/example_skip_dag.py took 0.071 seconds
[2026-05-17T22:00:34.412+0000] {processor.py:161} INFO - Started process (PID=7002) to work on /home/airflow/.local/lib/python3.8/site-packages/airflow/example_dags/example_skip_dag.py
[2026-05-17T22:00:34.413+0000] {processor.py:830} INFO - Processing file /home/airflow/.local/lib/python3.8/site-packages/airflow/example_dags/example_skip_dag.py for tasks to queue
[2026-05-17T22:00:34.415+0000] {logging_mixin.py:188} INFO - [2026-05-17T22:00:34.414+0000] {dagbag.py:540} INFO - Filling up the DagBag from /home/airflow/.local/lib/python3.8/site-packages/airflow/example_dags/example_skip_dag.py
[2026-05-17T22:00:34.421+0000] {processor.py:840} INFO - DAG(s) 'example_skip_dag' retrieved from /home/airflow/.local/lib/python3.8/site-packages/airflow/example_dags/example_skip_dag.py
[2026-05-17T22:00:34.439+0000] {logging_mixin.py:188} INFO - [2026-05-17T22:00:34.439+0000] {dag.py:3047} INFO - Sync 1 DAGs
[2026-05-17T22:00:34.456+0000] {logging_mixin.py:188} INFO - [2026-05-17T22:00:34.456+0000] {dag.py:3834} INFO - Setting next_dagrun for example_skip_dag to 2026-05-16 00:00:00+00:00, run_after=2026-05-17 00:00:00+00:00
[2026-05-17T22:00:34.474+0000] {processor.py:183} INFO - Processing /home/airflow/.local/lib/python3.8/site-packages/airflow/example_dags/example_skip_dag.py took 0.065 seconds
[2026-05-17T22:01:04.927+0000] {processor.py:161} INFO - Started process (PID=7057) to work on /home/airflow/.local/lib/python3.8/site-packages/airflow/example_dags/example_skip_dag.py
[2026-05-17T22:01:04.928+0000] {processor.py:830} INFO - Processing file /home/airflow/.local/lib/python3.8/site-packages/airflow/example_dags/example_skip_dag.py for tasks to queue
[2026-05-17T22:01:04.930+0000] {logging_mixin.py:188} INFO - [2026-05-17T22:01:04.930+0000] {dagbag.py:540} INFO - Filling up the DagBag from /home/airflow/.local/lib/python3.8/site-packages/airflow/example_dags/example_skip_dag.py
[2026-05-17T22:01:04.936+0000] {processor.py:840} INFO - DAG(s) 'example_skip_dag' retrieved from /home/airflow/.local/lib/python3.8/site-packages/airflow/example_dags/example_skip_dag.py
[2026-05-17T22:01:04.955+0000] {logging_mixin.py:188} INFO - [2026-05-17T22:01:04.955+0000] {dag.py:3047} INFO - Sync 1 DAGs
[2026-05-17T22:01:04.972+0000] {logging_mixin.py:188} INFO - [2026-05-17T22:01:04.972+0000] {dag.py:3834} INFO - Setting next_dagrun for example_skip_dag to 2026-05-16 00:00:00+00:00, run_after=2026-05-17 00:00:00+00:00
[2026-05-17T22:01:04.986+0000] {processor.py:183} INFO - Processing /home/airflow/.local/lib/python3.8/site-packages/airflow/example_dags/example_skip_dag.py took 0.062 seconds
[2026-05-17T22:01:35.257+0000] {processor.py:161} INFO - Started process (PID=7112) to work on /home/airflow/.local/lib/python3.8/site-packages/airflow/example_dags/example_skip_dag.py
[2026-05-17T22:01:35.259+0000] {processor.py:830} INFO - Processing file /home/airflow/.local/lib/python3.8/site-packages/airflow/example_dags/example_skip_dag.py for tasks to queue
[2026-05-17T22:01:35.262+0000] {logging_mixin.py:188} INFO - [2026-05-17T22:01:35.261+0000] {dagbag.py:540} INFO - Filling up the DagBag from /home/airflow/.local/lib/python3.8/site-packages/airflow/example_dags/example_skip_dag.py
[2026-05-17T22:01:35.268+0000] {processor.py:840} INFO - DAG(s) 'example_skip_dag' retrieved from /home/airflow/.local/lib/python3.8/site-packages/airflow/example_dags/example_skip_dag.py
[2026-05-17T22:01:35.288+0000] {logging_mixin.py:188} INFO - [2026-05-17T22:01:35.288+0000] {dag.py:3047} INFO - Sync 1 DAGs
[2026-05-17T22:01:35.310+0000] {logging_mixin.py:188} INFO - [2026-05-17T22:01:35.309+0000] {dag.py:3834} INFO - Setting next_dagrun for example_skip_dag to 2026-05-16 00:00:00+00:00, run_after=2026-05-17 00:00:00+00:00
[2026-05-17T22:01:35.327+0000] {processor.py:183} INFO - Processing /home/airflow/.local/lib/python3.8/site-packages/airflow/example_dags/example_skip_dag.py took 0.073 seconds
[2026-05-17T22:02:05.656+0000] {processor.py:161} INFO - Started process (PID=7167) to work on /home/airflow/.local/lib/python3.8/site-packages/airflow/example_dags/example_skip_dag.py
[2026-05-17T22:02:05.658+0000] {processor.py:830} INFO - Processing file /home/airflow/.local/lib/python3.8/site-packages/airflow/example_dags/example_skip_dag.py for tasks to queue
[2026-05-17T22:02:05.660+0000] {logging_mixin.py:188} INFO - [2026-05-17T22:02:05.660+0000] {dagbag.py:540} INFO - Filling up the DagBag from /home/airflow/.local/lib/python3.8/site-packages/airflow/example_dags/example_skip_dag.py
[2026-05-17T22:02:05.667+0000] {processor.py:840} INFO - DAG(s) 'example_skip_dag' retrieved from /home/airflow/.local/lib/python3.8/site-packages/airflow/example_dags/example_skip_dag.py
[2026-05-17T22:02:05.686+0000] {logging_mixin.py:188} INFO - [2026-05-17T22:02:05.685+0000] {dag.py:3047} INFO - Sync 1 DAGs
[2026-05-17T22:02:05.703+0000] {logging_mixin.py:188} INFO - [2026-05-17T22:02:05.703+0000] {dag.py:3834} INFO - Setting next_dagrun for example_skip_dag to 2026-05-16 00:00:00+00:00, run_after=2026-05-17 00:00:00+00:00
[2026-05-17T22:02:05.722+0000] {processor.py:183} INFO - Processing /home/airflow/.local/lib/python3.8/site-packages/airflow/example_dags/example_skip_dag.py took 0.070 seconds
[2026-05-17T22:02:36.127+0000] {processor.py:161} INFO - Started process (PID=7222) to work on /home/airflow/.local/lib/python3.8/site-packages/airflow/example_dags/example_skip_dag.py
[2026-05-17T22:02:36.129+0000] {processor.py:830} INFO - Processing file /home/airflow/.local/lib/python3.8/site-packages/airflow/example_dags/example_skip_dag.py for tasks to queue
[2026-05-17T22:02:36.131+0000] {logging_mixin.py:188} INFO - [2026-05-17T22:02:36.130+0000] {dagbag.py:540} INFO - Filling up the DagBag from /home/airflow/.local/lib/python3.8/site-packages/airflow/example_dags/example_skip_dag.py
[2026-05-17T22:02:36.138+0000] {processor.py:840} INFO - DAG(s) 'example_skip_dag' retrieved from /home/airflow/.local/lib/python3.8/site-packages/airflow/example_dags/example_skip_dag.py
[2026-05-17T22:02:36.157+0000] {logging_mixin.py:188} INFO - [2026-05-17T22:02:36.157+0000] {dag.py:3047} INFO - Sync 1 DAGs
[2026-05-17T22:02:36.177+0000] {logging_mixin.py:188} INFO - [2026-05-17T22:02:36.177+0000] {dag.py:3834} INFO - Setting next_dagrun for example_skip_dag to 2026-05-16 00:00:00+00:00, run_after=2026-05-17 00:00:00+00:00
[2026-05-17T22:02:36.192+0000] {processor.py:183} INFO - Processing /home/airflow/.local/lib/python3.8/site-packages/airflow/example_dags/example_skip_dag.py took 0.068 seconds
[2026-05-17T22:03:06.862+0000] {processor.py:161} INFO - Started process (PID=7277) to work on /home/airflow/.local/lib/python3.8/site-packages/airflow/example_dags/example_skip_dag.py
[2026-05-17T22:03:06.864+0000] {processor.py:830} INFO - Processing file /home/airflow/.local/lib/python3.8/site-packages/airflow/example_dags/example_skip_dag.py for tasks to queue
[2026-05-17T22:03:06.866+0000] {logging_mixin.py:188} INFO - [2026-05-17T22:03:06.866+0000] {dagbag.py:540} INFO - Filling up the DagBag from /home/airflow/.local/lib/python3.8/site-packages/airflow/example_dags/example_skip_dag.py
[2026-05-17T22:03:06.872+0000] {processor.py:840} INFO - DAG(s) 'example_skip_dag' retrieved from /home/airflow/.local/lib/python3.8/site-packages/airflow/example_dags/example_skip_dag.py
[2026-05-17T22:03:06.889+0000] {logging_mixin.py:188} INFO - [2026-05-17T22:03:06.888+0000] {dag.py:3047} INFO - Sync 1 DAGs
[2026-05-17T22:03:06.905+0000] {logging_mixin.py:188} INFO - [2026-05-17T22:03:06.905+0000] {dag.py:3834} INFO - Setting next_dagrun for example_skip_dag to 2026-05-16 00:00:00+00:00, run_after=2026-05-17 00:00:00+00:00
[2026-05-17T22:03:06.924+0000] {processor.py:183} INFO - Processing /home/airflow/.local/lib/python3.8/site-packages/airflow/example_dags/example_skip_dag.py took 0.064 seconds
[2026-05-17T22:03:37.397+0000] {processor.py:161} INFO - Started process (PID=7332) to work on /home/airflow/.local/lib/python3.8/site-packages/airflow/example_dags/example_skip_dag.py
[2026-05-17T22:03:37.398+0000] {processor.py:830} INFO - Processing file /home/airflow/.local/lib/python3.8/site-packages/airflow/example_dags/example_skip_dag.py for tasks to queue
[2026-05-17T22:03:37.400+0000] {logging_mixin.py:188} INFO - [2026-05-17T22:03:37.400+0000] {dagbag.py:540} INFO - Filling up the DagBag from /home/airflow/.local/lib/python3.8/site-packages/airflow/example_dags/example_skip_dag.py
[2026-05-17T22:03:37.406+0000] {processor.py:840} INFO - DAG(s) 'example_skip_dag' retrieved from /home/airflow/.local/lib/python3.8/site-packages/airflow/example_dags/example_skip_dag.py
[2026-05-17T22:03:37.425+0000] {logging_mixin.py:188} INFO - [2026-05-17T22:03:37.425+0000] {dag.py:3047} INFO - Sync 1 DAGs
[2026-05-17T22:03:37.443+0000] {logging_mixin.py:188} INFO - [2026-05-17T22:03:37.443+0000] {dag.py:3834} INFO - Setting next_dagrun for example_skip_dag to 2026-05-16 00:00:00+00:00, run_after=2026-05-17 00:00:00+00:00
[2026-05-17T22:03:37.457+0000] {processor.py:183} INFO - Processing /home/airflow/.local/lib/python3.8/site-packages/airflow/example_dags/example_skip_dag.py took 0.063 seconds
[2026-05-17T22:04:07.629+0000] {processor.py:161} INFO - Started process (PID=7387) to work on /home/airflow/.local/lib/python3.8/site-packages/airflow/example_dags/example_skip_dag.py
[2026-05-17T22:04:07.630+0000] {processor.py:830} INFO - Processing file /home/airflow/.local/lib/python3.8/site-packages/airflow/example_dags/example_skip_dag.py for tasks to queue
[2026-05-17T22:04:07.632+0000] {logging_mixin.py:188} INFO - [2026-05-17T22:04:07.631+0000] {dagbag.py:540} INFO - Filling up the DagBag from /home/airflow/.local/lib/python3.8/site-packages/airflow/example_dags/example_skip_dag.py
[2026-05-17T22:04:07.637+0000] {processor.py:840} INFO - DAG(s) 'example_skip_dag' retrieved from /home/airflow/.local/lib/python3.8/site-packages/airflow/example_dags/example_skip_dag.py
[2026-05-17T22:04:07.656+0000] {logging_mixin.py:188} INFO - [2026-05-17T22:04:07.656+0000] {dag.py:3047} INFO - Sync 1 DAGs
[2026-05-17T22:04:07.674+0000] {logging_mixin.py:188} INFO - [2026-05-17T22:04:07.674+0000] {dag.py:3834} INFO - Setting next_dagrun for example_skip_dag to 2026-05-16 00:00:00+00:00, run_after=2026-05-17 00:00:00+00:00
[2026-05-17T22:04:07.693+0000] {processor.py:183} INFO - Processing /home/airflow/.local/lib/python3.8/site-packages/airflow/example_dags/example_skip_dag.py took 0.067 seconds
[2026-05-17T22:04:38.151+0000] {processor.py:161} INFO - Started process (PID=7441) to work on /home/airflow/.local/lib/python3.8/site-packages/airflow/example_dags/example_skip_dag.py
[2026-05-17T22:04:38.152+0000] {processor.py:830} INFO - Processing file /home/airflow/.local/lib/python3.8/site-packages/airflow/example_dags/example_skip_dag.py for tasks to queue
[2026-05-17T22:04:38.155+0000] {logging_mixin.py:188} INFO - [2026-05-17T22:04:38.154+0000] {dagbag.py:540} INFO - Filling up the DagBag from /home/airflow/.local/lib/python3.8/site-packages/airflow/example_dags/example_skip_dag.py
[2026-05-17T22:04:38.161+0000] {processor.py:840} INFO - DAG(s) 'example_skip_dag' retrieved from /home/airflow/.local/lib/python3.8/site-packages/airflow/example_dags/example_skip_dag.py
[2026-05-17T22:04:38.180+0000] {logging_mixin.py:188} INFO - [2026-05-17T22:04:38.180+0000] {dag.py:3047} INFO - Sync 1 DAGs
[2026-05-17T22:04:38.199+0000] {logging_mixin.py:188} INFO - [2026-05-17T22:04:38.198+0000] {dag.py:3834} INFO - Setting next_dagrun for example_skip_dag to 2026-05-16 00:00:00+00:00, run_after=2026-05-17 00:00:00+00:00
[2026-05-17T22:04:38.217+0000] {processor.py:183} INFO - Processing /home/airflow/.local/lib/python3.8/site-packages/airflow/example_dags/example_skip_dag.py took 0.069 seconds
[2026-05-17T22:05:08.333+0000] {processor.py:161} INFO - Started process (PID=7495) to work on /home/airflow/.local/lib/python3.8/site-packages/airflow/example_dags/example_skip_dag.py
[2026-05-17T22:05:08.334+0000] {processor.py:830} INFO - Processing file /home/airflow/.local/lib/python3.8/site-packages/airflow/example_dags/example_skip_dag.py for tasks to queue
[2026-05-17T22:05:08.336+0000] {logging_mixin.py:188} INFO - [2026-05-17T22:05:08.336+0000] {dagbag.py:540} INFO - Filling up the DagBag from /home/airflow/.local/lib/python3.8/site-packages/airflow/example_dags/example_skip_dag.py
[2026-05-17T22:05:08.342+0000] {processor.py:840} INFO - DAG(s) 'example_skip_dag' retrieved from /home/airflow/.local/lib/python3.8/site-packages/airflow/example_dags/example_skip_dag.py
[2026-05-17T22:05:08.359+0000] {logging_mixin.py:188} INFO - [2026-05-17T22:05:08.359+0000] {dag.py:3047} INFO - Sync 1 DAGs
[2026-05-17T22:05:08.377+0000] {logging_mixin.py:188} INFO - [2026-05-17T22:05:08.376+0000] {dag.py:3834} INFO - Setting next_dagrun for example_skip_dag to 2026-05-16 00:00:00+00:00, run_after=2026-05-17 00:00:00+00:00
[2026-05-17T22:05:08.394+0000] {processor.py:183} INFO - Processing /home/airflow/.local/lib/python3.8/site-packages/airflow/example_dags/example_skip_dag.py took 0.064 seconds
[2026-05-17T22:05:38.682+0000] {processor.py:161} INFO - Started process (PID=7550) to work on /home/airflow/.local/lib/python3.8/site-packages/airflow/example_dags/example_skip_dag.py
[2026-05-17T22:05:38.684+0000] {processor.py:830} INFO - Processing file /home/airflow/.local/lib/python3.8/site-packages/airflow/example_dags/example_skip_dag.py for tasks to queue
[2026-05-17T22:05:38.686+0000] {logging_mixin.py:188} INFO - [2026-05-17T22:05:38.685+0000] {dagbag.py:540} INFO - Filling up the DagBag from /home/airflow/.local/lib/python3.8/site-packages/airflow/example_dags/example_skip_dag.py
[2026-05-17T22:05:38.691+0000] {processor.py:840} INFO - DAG(s) 'example_skip_dag' retrieved from /home/airflow/.local/lib/python3.8/site-packages/airflow/example_dags/example_skip_dag.py
[2026-05-17T22:05:38.709+0000] {logging_mixin.py:188} INFO - [2026-05-17T22:05:38.709+0000] {dag.py:3047} INFO - Sync 1 DAGs
[2026-05-17T22:05:38.725+0000] {logging_mixin.py:188} INFO - [2026-05-17T22:05:38.725+0000] {dag.py:3834} INFO - Setting next_dagrun for example_skip_dag to 2026-05-16 00:00:00+00:00, run_after=2026-05-17 00:00:00+00:00
[2026-05-17T22:05:38.742+0000] {processor.py:183} INFO - Processing /home/airflow/.local/lib/python3.8/site-packages/airflow/example_dags/example_skip_dag.py took 0.062 seconds
[2026-05-17T22:06:09.455+0000] {processor.py:161} INFO - Started process (PID=7605) to work on /home/airflow/.local/lib/python3.8/site-packages/airflow/example_dags/example_skip_dag.py
[2026-05-17T22:06:09.456+0000] {processor.py:830} INFO - Processing file /home/airflow/.local/lib/python3.8/site-packages/airflow/example_dags/example_skip_dag.py for tasks to queue
[2026-05-17T22:06:09.459+0000] {logging_mixin.py:188} INFO - [2026-05-17T22:06:09.459+0000] {dagbag.py:540} INFO - Filling up the DagBag from /home/airflow/.local/lib/python3.8/site-packages/airflow/example_dags/example_skip_dag.py
[2026-05-17T22:06:09.465+0000] {processor.py:840} INFO - DAG(s) 'example_skip_dag' retrieved from /home/airflow/.local/lib/python3.8/site-packages/airflow/example_dags/example_skip_dag.py
[2026-05-17T22:06:09.482+0000] {logging_mixin.py:188} INFO - [2026-05-17T22:06:09.482+0000] {dag.py:3047} INFO - Sync 1 DAGs
[2026-05-17T22:06:09.500+0000] {logging_mixin.py:188} INFO - [2026-05-17T22:06:09.500+0000] {dag.py:3834} INFO - Setting next_dagrun for example_skip_dag to 2026-05-16 00:00:00+00:00, run_after=2026-05-17 00:00:00+00:00
[2026-05-17T22:06:09.516+0000] {processor.py:183} INFO - Processing /home/airflow/.local/lib/python3.8/site-packages/airflow/example_dags/example_skip_dag.py took 0.064 seconds
[2026-05-17T22:06:40.148+0000] {processor.py:161} INFO - Started process (PID=7660) to work on /home/airflow/.local/lib/python3.8/site-packages/airflow/example_dags/example_skip_dag.py
[2026-05-17T22:06:40.149+0000] {processor.py:830} INFO - Processing file /home/airflow/.local/lib/python3.8/site-packages/airflow/example_dags/example_skip_dag.py for tasks to queue
[2026-05-17T22:06:40.151+0000] {logging_mixin.py:188} INFO - [2026-05-17T22:06:40.151+0000] {dagbag.py:540} INFO - Filling up the DagBag from /home/airflow/.local/lib/python3.8/site-packages/airflow/example_dags/example_skip_dag.py
[2026-05-17T22:06:40.157+0000] {processor.py:840} INFO - DAG(s) 'example_skip_dag' retrieved from /home/airflow/.local/lib/python3.8/site-packages/airflow/example_dags/example_skip_dag.py
[2026-05-17T22:06:40.176+0000] {logging_mixin.py:188} INFO - [2026-05-17T22:06:40.176+0000] {dag.py:3047} INFO - Sync 1 DAGs
[2026-05-17T22:06:40.195+0000] {logging_mixin.py:188} INFO - [2026-05-17T22:06:40.194+0000] {dag.py:3834} INFO - Setting next_dagrun for example_skip_dag to 2026-05-16 00:00:00+00:00, run_after=2026-05-17 00:00:00+00:00
[2026-05-17T22:06:40.212+0000] {processor.py:183} INFO - Processing /home/airflow/.local/lib/python3.8/site-packages/airflow/example_dags/example_skip_dag.py took 0.067 seconds
[2026-05-17T22:07:11.211+0000] {processor.py:161} INFO - Started process (PID=7715) to work on /home/airflow/.local/lib/python3.8/site-packages/airflow/example_dags/example_skip_dag.py
[2026-05-17T22:07:11.212+0000] {processor.py:830} INFO - Processing file /home/airflow/.local/lib/python3.8/site-packages/airflow/example_dags/example_skip_dag.py for tasks to queue
[2026-05-17T22:07:11.215+0000] {logging_mixin.py:188} INFO - [2026-05-17T22:07:11.215+0000] {dagbag.py:540} INFO - Filling up the DagBag from /home/airflow/.local/lib/python3.8/site-packages/airflow/example_dags/example_skip_dag.py
[2026-05-17T22:07:11.223+0000] {processor.py:840} INFO - DAG(s) 'example_skip_dag' retrieved from /home/airflow/.local/lib/python3.8/site-packages/airflow/example_dags/example_skip_dag.py
[2026-05-17T22:07:11.249+0000] {logging_mixin.py:188} INFO - [2026-05-17T22:07:11.248+0000] {dag.py:3047} INFO - Sync 1 DAGs
[2026-05-17T22:07:11.275+0000] {logging_mixin.py:188} INFO - [2026-05-17T22:07:11.275+0000] {dag.py:3834} INFO - Setting next_dagrun for example_skip_dag to 2026-05-16 00:00:00+00:00, run_after=2026-05-17 00:00:00+00:00
[2026-05-17T22:07:11.295+0000] {processor.py:183} INFO - Processing /home/airflow/.local/lib/python3.8/site-packages/airflow/example_dags/example_skip_dag.py took 0.088 seconds
[2026-05-17T22:07:42.226+0000] {processor.py:161} INFO - Started process (PID=7770) to work on /home/airflow/.local/lib/python3.8/site-packages/airflow/example_dags/example_skip_dag.py
[2026-05-17T22:07:42.227+0000] {processor.py:830} INFO - Processing file /home/airflow/.local/lib/python3.8/site-packages/airflow/example_dags/example_skip_dag.py for tasks to queue
[2026-05-17T22:07:42.229+0000] {logging_mixin.py:188} INFO - [2026-05-17T22:07:42.229+0000] {dagbag.py:540} INFO - Filling up the DagBag from /home/airflow/.local/lib/python3.8/site-packages/airflow/example_dags/example_skip_dag.py
[2026-05-17T22:07:42.235+0000] {processor.py:840} INFO - DAG(s) 'example_skip_dag' retrieved from /home/airflow/.local/lib/python3.8/site-packages/airflow/example_dags/example_skip_dag.py
[2026-05-17T22:07:42.260+0000] {logging_mixin.py:188} INFO - [2026-05-17T22:07:42.260+0000] {dag.py:3047} INFO - Sync 1 DAGs
[2026-05-17T22:07:42.287+0000] {logging_mixin.py:188} INFO - [2026-05-17T22:07:42.286+0000] {dag.py:3834} INFO - Setting next_dagrun for example_skip_dag to 2026-05-16 00:00:00+00:00, run_after=2026-05-17 00:00:00+00:00
[2026-05-17T22:07:42.308+0000] {processor.py:183} INFO - Processing /home/airflow/.local/lib/python3.8/site-packages/airflow/example_dags/example_skip_dag.py took 0.085 seconds
[2026-05-17T22:08:13.332+0000] {processor.py:161} INFO - Started process (PID=7825) to work on /home/airflow/.local/lib/python3.8/site-packages/airflow/example_dags/example_skip_dag.py
[2026-05-17T22:08:13.333+0000] {processor.py:830} INFO - Processing file /home/airflow/.local/lib/python3.8/site-packages/airflow/example_dags/example_skip_dag.py for tasks to queue
[2026-05-17T22:08:13.335+0000] {logging_mixin.py:188} INFO - [2026-05-17T22:08:13.335+0000] {dagbag.py:540} INFO - Filling up the DagBag from /home/airflow/.local/lib/python3.8/site-packages/airflow/example_dags/example_skip_dag.py
[2026-05-17T22:08:13.348+0000] {processor.py:840} INFO - DAG(s) 'example_skip_dag' retrieved from /home/airflow/.local/lib/python3.8/site-packages/airflow/example_dags/example_skip_dag.py
[2026-05-17T22:08:13.555+0000] {logging_mixin.py:188} INFO - [2026-05-17T22:08:13.554+0000] {dag.py:3047} INFO - Sync 1 DAGs
[2026-05-17T22:08:13.574+0000] {logging_mixin.py:188} INFO - [2026-05-17T22:08:13.574+0000] {dag.py:3834} INFO - Setting next_dagrun for example_skip_dag to 2026-05-16 00:00:00+00:00, run_after=2026-05-17 00:00:00+00:00
[2026-05-17T22:08:13.605+0000] {processor.py:183} INFO - Processing /home/airflow/.local/lib/python3.8/site-packages/airflow/example_dags/example_skip_dag.py took 0.276 seconds
[2026-05-17T22:08:43.794+0000] {processor.py:161} INFO - Started process (PID=7880) to work on /home/airflow/.local/lib/python3.8/site-packages/airflow/example_dags/example_skip_dag.py
[2026-05-17T22:08:43.795+0000] {processor.py:830} INFO - Processing file /home/airflow/.local/lib/python3.8/site-packages/airflow/example_dags/example_skip_dag.py for tasks to queue
[2026-05-17T22:08:43.797+0000] {logging_mixin.py:188} INFO - [2026-05-17T22:08:43.797+0000] {dagbag.py:540} INFO - Filling up the DagBag from /home/airflow/.local/lib/python3.8/site-packages/airflow/example_dags/example_skip_dag.py
[2026-05-17T22:08:43.804+0000] {processor.py:840} INFO - DAG(s) 'example_skip_dag' retrieved from /home/airflow/.local/lib/python3.8/site-packages/airflow/example_dags/example_skip_dag.py
[2026-05-17T22:08:43.826+0000] {logging_mixin.py:188} INFO - [2026-05-17T22:08:43.826+0000] {dag.py:3047} INFO - Sync 1 DAGs
[2026-05-17T22:08:43.850+0000] {logging_mixin.py:188} INFO - [2026-05-17T22:08:43.850+0000] {dag.py:3834} INFO - Setting next_dagrun for example_skip_dag to 2026-05-16 00:00:00+00:00, run_after=2026-05-17 00:00:00+00:00
[2026-05-17T22:08:43.866+0000] {processor.py:183} INFO - Processing /home/airflow/.local/lib/python3.8/site-packages/airflow/example_dags/example_skip_dag.py took 0.075 seconds
[2026-05-17T22:09:14.325+0000] {processor.py:161} INFO - Started process (PID=7934) to work on /home/airflow/.local/lib/python3.8/site-packages/airflow/example_dags/example_skip_dag.py
[2026-05-17T22:09:14.326+0000] {processor.py:830} INFO - Processing file /home/airflow/.local/lib/python3.8/site-packages/airflow/example_dags/example_skip_dag.py for tasks to queue
[2026-05-17T22:09:14.328+0000] {logging_mixin.py:188} INFO - [2026-05-17T22:09:14.328+0000] {dagbag.py:540} INFO - Filling up the DagBag from /home/airflow/.local/lib/python3.8/site-packages/airflow/example_dags/example_skip_dag.py
[2026-05-17T22:09:14.335+0000] {processor.py:840} INFO - DAG(s) 'example_skip_dag' retrieved from /home/airflow/.local/lib/python3.8/site-packages/airflow/example_dags/example_skip_dag.py
[2026-05-17T22:09:14.357+0000] {logging_mixin.py:188} INFO - [2026-05-17T22:09:14.357+0000] {dag.py:3047} INFO - Sync 1 DAGs
[2026-05-17T22:09:14.377+0000] {logging_mixin.py:188} INFO - [2026-05-17T22:09:14.377+0000] {dag.py:3834} INFO - Setting next_dagrun for example_skip_dag to 2026-05-16 00:00:00+00:00, run_after=2026-05-17 00:00:00+00:00
[2026-05-17T22:09:14.395+0000] {processor.py:183} INFO - Processing /home/airflow/.local/lib/python3.8/site-packages/airflow/example_dags/example_skip_dag.py took 0.072 seconds
