[2026-05-17T20:56:37.613+0000] {processor.py:161} INFO - Started process (PID=73) to work on /home/airflow/.local/lib/python3.8/site-packages/airflow/example_dags/tutorial_taskflow_api_virtualenv.py
[2026-05-17T20:56:37.617+0000] {processor.py:830} INFO - Processing file /home/airflow/.local/lib/python3.8/site-packages/airflow/example_dags/tutorial_taskflow_api_virtualenv.py for tasks to queue
[2026-05-17T20:56:37.624+0000] {logging_mixin.py:188} INFO - [2026-05-17T20:56:37.624+0000] {dagbag.py:540} INFO - Filling up the DagBag from /home/airflow/.local/lib/python3.8/site-packages/airflow/example_dags/tutorial_taskflow_api_virtualenv.py
[2026-05-17T20:56:37.653+0000] {processor.py:840} INFO - DAG(s) 'tutorial_taskflow_api_virtualenv' retrieved from /home/airflow/.local/lib/python3.8/site-packages/airflow/example_dags/tutorial_taskflow_api_virtualenv.py
[2026-05-17T20:56:37.687+0000] {logging_mixin.py:188} INFO - [2026-05-17T20:56:37.686+0000] {dag.py:3047} INFO - Sync 1 DAGs
[2026-05-17T20:56:37.717+0000] {logging_mixin.py:188} INFO - [2026-05-17T20:56:37.716+0000] {dag.py:3834} INFO - Setting next_dagrun for tutorial_taskflow_api_virtualenv to None, run_after=None
[2026-05-17T20:56:37.772+0000] {processor.py:183} INFO - Processing /home/airflow/.local/lib/python3.8/site-packages/airflow/example_dags/tutorial_taskflow_api_virtualenv.py took 0.170 seconds
[2026-05-17T20:57:08.256+0000] {processor.py:161} INFO - Started process (PID=128) to work on /home/airflow/.local/lib/python3.8/site-packages/airflow/example_dags/tutorial_taskflow_api_virtualenv.py
[2026-05-17T20:57:08.258+0000] {processor.py:830} INFO - Processing file /home/airflow/.local/lib/python3.8/site-packages/airflow/example_dags/tutorial_taskflow_api_virtualenv.py for tasks to queue
[2026-05-17T20:57:08.261+0000] {logging_mixin.py:188} INFO - [2026-05-17T20:57:08.261+0000] {dagbag.py:540} INFO - Filling up the DagBag from /home/airflow/.local/lib/python3.8/site-packages/airflow/example_dags/tutorial_taskflow_api_virtualenv.py
[2026-05-17T20:57:08.279+0000] {processor.py:840} INFO - DAG(s) 'tutorial_taskflow_api_virtualenv' retrieved from /home/airflow/.local/lib/python3.8/site-packages/airflow/example_dags/tutorial_taskflow_api_virtualenv.py
[2026-05-17T20:57:08.413+0000] {logging_mixin.py:188} INFO - [2026-05-17T20:57:08.412+0000] {dag.py:3047} INFO - Sync 1 DAGs
[2026-05-17T20:57:08.430+0000] {logging_mixin.py:188} INFO - [2026-05-17T20:57:08.430+0000] {dag.py:3834} INFO - Setting next_dagrun for tutorial_taskflow_api_virtualenv to None, run_after=None
[2026-05-17T20:57:08.457+0000] {processor.py:183} INFO - Processing /home/airflow/.local/lib/python3.8/site-packages/airflow/example_dags/tutorial_taskflow_api_virtualenv.py took 0.209 seconds
[2026-05-17T20:57:38.626+0000] {processor.py:161} INFO - Started process (PID=183) to work on /home/airflow/.local/lib/python3.8/site-packages/airflow/example_dags/tutorial_taskflow_api_virtualenv.py
[2026-05-17T20:57:38.627+0000] {processor.py:830} INFO - Processing file /home/airflow/.local/lib/python3.8/site-packages/airflow/example_dags/tutorial_taskflow_api_virtualenv.py for tasks to queue
[2026-05-17T20:57:38.629+0000] {logging_mixin.py:188} INFO - [2026-05-17T20:57:38.629+0000] {dagbag.py:540} INFO - Filling up the DagBag from /home/airflow/.local/lib/python3.8/site-packages/airflow/example_dags/tutorial_taskflow_api_virtualenv.py
[2026-05-17T20:57:38.638+0000] {processor.py:840} INFO - DAG(s) 'tutorial_taskflow_api_virtualenv' retrieved from /home/airflow/.local/lib/python3.8/site-packages/airflow/example_dags/tutorial_taskflow_api_virtualenv.py
[2026-05-17T20:57:38.658+0000] {logging_mixin.py:188} INFO - [2026-05-17T20:57:38.657+0000] {dag.py:3047} INFO - Sync 1 DAGs
[2026-05-17T20:57:38.674+0000] {logging_mixin.py:188} INFO - [2026-05-17T20:57:38.674+0000] {dag.py:3834} INFO - Setting next_dagrun for tutorial_taskflow_api_virtualenv to None, run_after=None
[2026-05-17T20:57:38.696+0000] {processor.py:183} INFO - Processing /home/airflow/.local/lib/python3.8/site-packages/airflow/example_dags/tutorial_taskflow_api_virtualenv.py took 0.073 seconds
[2026-05-17T20:58:08.806+0000] {processor.py:161} INFO - Started process (PID=238) to work on /home/airflow/.local/lib/python3.8/site-packages/airflow/example_dags/tutorial_taskflow_api_virtualenv.py
[2026-05-17T20:58:08.808+0000] {processor.py:830} INFO - Processing file /home/airflow/.local/lib/python3.8/site-packages/airflow/example_dags/tutorial_taskflow_api_virtualenv.py for tasks to queue
[2026-05-17T20:58:08.810+0000] {logging_mixin.py:188} INFO - [2026-05-17T20:58:08.809+0000] {dagbag.py:540} INFO - Filling up the DagBag from /home/airflow/.local/lib/python3.8/site-packages/airflow/example_dags/tutorial_taskflow_api_virtualenv.py
[2026-05-17T20:58:08.821+0000] {processor.py:840} INFO - DAG(s) 'tutorial_taskflow_api_virtualenv' retrieved from /home/airflow/.local/lib/python3.8/site-packages/airflow/example_dags/tutorial_taskflow_api_virtualenv.py
[2026-05-17T20:58:08.841+0000] {logging_mixin.py:188} INFO - [2026-05-17T20:58:08.841+0000] {dag.py:3047} INFO - Sync 1 DAGs
[2026-05-17T20:58:08.852+0000] {logging_mixin.py:188} INFO - [2026-05-17T20:58:08.852+0000] {dag.py:3834} INFO - Setting next_dagrun for tutorial_taskflow_api_virtualenv to None, run_after=None
[2026-05-17T20:58:08.870+0000] {processor.py:183} INFO - Processing /home/airflow/.local/lib/python3.8/site-packages/airflow/example_dags/tutorial_taskflow_api_virtualenv.py took 0.067 seconds
[2026-05-17T20:58:39.143+0000] {processor.py:161} INFO - Started process (PID=293) to work on /home/airflow/.local/lib/python3.8/site-packages/airflow/example_dags/tutorial_taskflow_api_virtualenv.py
[2026-05-17T20:58:39.144+0000] {processor.py:830} INFO - Processing file /home/airflow/.local/lib/python3.8/site-packages/airflow/example_dags/tutorial_taskflow_api_virtualenv.py for tasks to queue
[2026-05-17T20:58:39.146+0000] {logging_mixin.py:188} INFO - [2026-05-17T20:58:39.146+0000] {dagbag.py:540} INFO - Filling up the DagBag from /home/airflow/.local/lib/python3.8/site-packages/airflow/example_dags/tutorial_taskflow_api_virtualenv.py
[2026-05-17T20:58:39.154+0000] {processor.py:840} INFO - DAG(s) 'tutorial_taskflow_api_virtualenv' retrieved from /home/airflow/.local/lib/python3.8/site-packages/airflow/example_dags/tutorial_taskflow_api_virtualenv.py
[2026-05-17T20:58:39.172+0000] {logging_mixin.py:188} INFO - [2026-05-17T20:58:39.172+0000] {dag.py:3047} INFO - Sync 1 DAGs
[2026-05-17T20:58:39.185+0000] {logging_mixin.py:188} INFO - [2026-05-17T20:58:39.185+0000] {dag.py:3834} INFO - Setting next_dagrun for tutorial_taskflow_api_virtualenv to None, run_after=None
[2026-05-17T20:58:39.202+0000] {processor.py:183} INFO - Processing /home/airflow/.local/lib/python3.8/site-packages/airflow/example_dags/tutorial_taskflow_api_virtualenv.py took 0.062 seconds
[2026-05-17T20:59:09.293+0000] {processor.py:161} INFO - Started process (PID=348) to work on /home/airflow/.local/lib/python3.8/site-packages/airflow/example_dags/tutorial_taskflow_api_virtualenv.py
[2026-05-17T20:59:09.296+0000] {processor.py:830} INFO - Processing file /home/airflow/.local/lib/python3.8/site-packages/airflow/example_dags/tutorial_taskflow_api_virtualenv.py for tasks to queue
[2026-05-17T20:59:09.300+0000] {logging_mixin.py:188} INFO - [2026-05-17T20:59:09.299+0000] {dagbag.py:540} INFO - Filling up the DagBag from /home/airflow/.local/lib/python3.8/site-packages/airflow/example_dags/tutorial_taskflow_api_virtualenv.py
[2026-05-17T20:59:09.317+0000] {processor.py:840} INFO - DAG(s) 'tutorial_taskflow_api_virtualenv' retrieved from /home/airflow/.local/lib/python3.8/site-packages/airflow/example_dags/tutorial_taskflow_api_virtualenv.py
[2026-05-17T20:59:09.348+0000] {logging_mixin.py:188} INFO - [2026-05-17T20:59:09.348+0000] {dag.py:3047} INFO - Sync 1 DAGs
[2026-05-17T20:59:09.369+0000] {logging_mixin.py:188} INFO - [2026-05-17T20:59:09.368+0000] {dag.py:3834} INFO - Setting next_dagrun for tutorial_taskflow_api_virtualenv to None, run_after=None
[2026-05-17T20:59:09.419+0000] {processor.py:183} INFO - Processing /home/airflow/.local/lib/python3.8/site-packages/airflow/example_dags/tutorial_taskflow_api_virtualenv.py took 0.133 seconds
[2026-05-17T20:59:39.523+0000] {processor.py:161} INFO - Started process (PID=403) to work on /home/airflow/.local/lib/python3.8/site-packages/airflow/example_dags/tutorial_taskflow_api_virtualenv.py
[2026-05-17T20:59:39.525+0000] {processor.py:830} INFO - Processing file /home/airflow/.local/lib/python3.8/site-packages/airflow/example_dags/tutorial_taskflow_api_virtualenv.py for tasks to queue
[2026-05-17T20:59:39.527+0000] {logging_mixin.py:188} INFO - [2026-05-17T20:59:39.526+0000] {dagbag.py:540} INFO - Filling up the DagBag from /home/airflow/.local/lib/python3.8/site-packages/airflow/example_dags/tutorial_taskflow_api_virtualenv.py
[2026-05-17T20:59:39.539+0000] {processor.py:840} INFO - DAG(s) 'tutorial_taskflow_api_virtualenv' retrieved from /home/airflow/.local/lib/python3.8/site-packages/airflow/example_dags/tutorial_taskflow_api_virtualenv.py
[2026-05-17T20:59:39.556+0000] {logging_mixin.py:188} INFO - [2026-05-17T20:59:39.556+0000] {dag.py:3047} INFO - Sync 1 DAGs
[2026-05-17T20:59:39.566+0000] {logging_mixin.py:188} INFO - [2026-05-17T20:59:39.565+0000] {dag.py:3834} INFO - Setting next_dagrun for tutorial_taskflow_api_virtualenv to None, run_after=None
[2026-05-17T20:59:39.583+0000] {processor.py:183} INFO - Processing /home/airflow/.local/lib/python3.8/site-packages/airflow/example_dags/tutorial_taskflow_api_virtualenv.py took 0.063 seconds
[2026-05-17T21:00:10.571+0000] {processor.py:161} INFO - Started process (PID=463) to work on /home/airflow/.local/lib/python3.8/site-packages/airflow/example_dags/tutorial_taskflow_api_virtualenv.py
[2026-05-17T21:00:10.572+0000] {processor.py:830} INFO - Processing file /home/airflow/.local/lib/python3.8/site-packages/airflow/example_dags/tutorial_taskflow_api_virtualenv.py for tasks to queue
[2026-05-17T21:00:10.575+0000] {logging_mixin.py:188} INFO - [2026-05-17T21:00:10.574+0000] {dagbag.py:540} INFO - Filling up the DagBag from /home/airflow/.local/lib/python3.8/site-packages/airflow/example_dags/tutorial_taskflow_api_virtualenv.py
[2026-05-17T21:00:10.587+0000] {processor.py:840} INFO - DAG(s) 'tutorial_taskflow_api_virtualenv' retrieved from /home/airflow/.local/lib/python3.8/site-packages/airflow/example_dags/tutorial_taskflow_api_virtualenv.py
[2026-05-17T21:00:10.609+0000] {logging_mixin.py:188} INFO - [2026-05-17T21:00:10.609+0000] {dag.py:3047} INFO - Sync 1 DAGs
[2026-05-17T21:00:10.623+0000] {logging_mixin.py:188} INFO - [2026-05-17T21:00:10.623+0000] {dag.py:3834} INFO - Setting next_dagrun for tutorial_taskflow_api_virtualenv to None, run_after=None
[2026-05-17T21:00:10.645+0000] {processor.py:183} INFO - Processing /home/airflow/.local/lib/python3.8/site-packages/airflow/example_dags/tutorial_taskflow_api_virtualenv.py took 0.080 seconds
[2026-05-17T21:00:40.905+0000] {processor.py:161} INFO - Started process (PID=518) to work on /home/airflow/.local/lib/python3.8/site-packages/airflow/example_dags/tutorial_taskflow_api_virtualenv.py
[2026-05-17T21:00:40.907+0000] {processor.py:830} INFO - Processing file /home/airflow/.local/lib/python3.8/site-packages/airflow/example_dags/tutorial_taskflow_api_virtualenv.py for tasks to queue
[2026-05-17T21:00:40.910+0000] {logging_mixin.py:188} INFO - [2026-05-17T21:00:40.909+0000] {dagbag.py:540} INFO - Filling up the DagBag from /home/airflow/.local/lib/python3.8/site-packages/airflow/example_dags/tutorial_taskflow_api_virtualenv.py
[2026-05-17T21:00:40.923+0000] {processor.py:840} INFO - DAG(s) 'tutorial_taskflow_api_virtualenv' retrieved from /home/airflow/.local/lib/python3.8/site-packages/airflow/example_dags/tutorial_taskflow_api_virtualenv.py
[2026-05-17T21:00:40.952+0000] {logging_mixin.py:188} INFO - [2026-05-17T21:00:40.951+0000] {dag.py:3047} INFO - Sync 1 DAGs
[2026-05-17T21:00:40.965+0000] {logging_mixin.py:188} INFO - [2026-05-17T21:00:40.965+0000] {dag.py:3834} INFO - Setting next_dagrun for tutorial_taskflow_api_virtualenv to None, run_after=None
[2026-05-17T21:00:40.985+0000] {processor.py:183} INFO - Processing /home/airflow/.local/lib/python3.8/site-packages/airflow/example_dags/tutorial_taskflow_api_virtualenv.py took 0.084 seconds
[2026-05-17T21:01:11.129+0000] {processor.py:161} INFO - Started process (PID=573) to work on /home/airflow/.local/lib/python3.8/site-packages/airflow/example_dags/tutorial_taskflow_api_virtualenv.py
[2026-05-17T21:01:11.131+0000] {processor.py:830} INFO - Processing file /home/airflow/.local/lib/python3.8/site-packages/airflow/example_dags/tutorial_taskflow_api_virtualenv.py for tasks to queue
[2026-05-17T21:01:11.133+0000] {logging_mixin.py:188} INFO - [2026-05-17T21:01:11.132+0000] {dagbag.py:540} INFO - Filling up the DagBag from /home/airflow/.local/lib/python3.8/site-packages/airflow/example_dags/tutorial_taskflow_api_virtualenv.py
[2026-05-17T21:01:11.141+0000] {processor.py:840} INFO - DAG(s) 'tutorial_taskflow_api_virtualenv' retrieved from /home/airflow/.local/lib/python3.8/site-packages/airflow/example_dags/tutorial_taskflow_api_virtualenv.py
[2026-05-17T21:01:11.158+0000] {logging_mixin.py:188} INFO - [2026-05-17T21:01:11.158+0000] {dag.py:3047} INFO - Sync 1 DAGs
[2026-05-17T21:01:11.168+0000] {logging_mixin.py:188} INFO - [2026-05-17T21:01:11.168+0000] {dag.py:3834} INFO - Setting next_dagrun for tutorial_taskflow_api_virtualenv to None, run_after=None
[2026-05-17T21:01:11.183+0000] {processor.py:183} INFO - Processing /home/airflow/.local/lib/python3.8/site-packages/airflow/example_dags/tutorial_taskflow_api_virtualenv.py took 0.057 seconds
[2026-05-17T21:01:41.590+0000] {processor.py:161} INFO - Started process (PID=628) to work on /home/airflow/.local/lib/python3.8/site-packages/airflow/example_dags/tutorial_taskflow_api_virtualenv.py
[2026-05-17T21:01:41.591+0000] {processor.py:830} INFO - Processing file /home/airflow/.local/lib/python3.8/site-packages/airflow/example_dags/tutorial_taskflow_api_virtualenv.py for tasks to queue
[2026-05-17T21:01:41.594+0000] {logging_mixin.py:188} INFO - [2026-05-17T21:01:41.594+0000] {dagbag.py:540} INFO - Filling up the DagBag from /home/airflow/.local/lib/python3.8/site-packages/airflow/example_dags/tutorial_taskflow_api_virtualenv.py
[2026-05-17T21:01:41.605+0000] {processor.py:840} INFO - DAG(s) 'tutorial_taskflow_api_virtualenv' retrieved from /home/airflow/.local/lib/python3.8/site-packages/airflow/example_dags/tutorial_taskflow_api_virtualenv.py
[2026-05-17T21:01:41.625+0000] {logging_mixin.py:188} INFO - [2026-05-17T21:01:41.625+0000] {dag.py:3047} INFO - Sync 1 DAGs
[2026-05-17T21:01:41.637+0000] {logging_mixin.py:188} INFO - [2026-05-17T21:01:41.637+0000] {dag.py:3834} INFO - Setting next_dagrun for tutorial_taskflow_api_virtualenv to None, run_after=None
[2026-05-17T21:01:41.657+0000] {processor.py:183} INFO - Processing /home/airflow/.local/lib/python3.8/site-packages/airflow/example_dags/tutorial_taskflow_api_virtualenv.py took 0.071 seconds
[2026-05-17T21:02:11.782+0000] {processor.py:161} INFO - Started process (PID=683) to work on /home/airflow/.local/lib/python3.8/site-packages/airflow/example_dags/tutorial_taskflow_api_virtualenv.py
[2026-05-17T21:02:11.783+0000] {processor.py:830} INFO - Processing file /home/airflow/.local/lib/python3.8/site-packages/airflow/example_dags/tutorial_taskflow_api_virtualenv.py for tasks to queue
[2026-05-17T21:02:11.785+0000] {logging_mixin.py:188} INFO - [2026-05-17T21:02:11.785+0000] {dagbag.py:540} INFO - Filling up the DagBag from /home/airflow/.local/lib/python3.8/site-packages/airflow/example_dags/tutorial_taskflow_api_virtualenv.py
[2026-05-17T21:02:11.794+0000] {processor.py:840} INFO - DAG(s) 'tutorial_taskflow_api_virtualenv' retrieved from /home/airflow/.local/lib/python3.8/site-packages/airflow/example_dags/tutorial_taskflow_api_virtualenv.py
[2026-05-17T21:02:11.812+0000] {logging_mixin.py:188} INFO - [2026-05-17T21:02:11.812+0000] {dag.py:3047} INFO - Sync 1 DAGs
[2026-05-17T21:02:11.823+0000] {logging_mixin.py:188} INFO - [2026-05-17T21:02:11.823+0000] {dag.py:3834} INFO - Setting next_dagrun for tutorial_taskflow_api_virtualenv to None, run_after=None
[2026-05-17T21:02:11.840+0000] {processor.py:183} INFO - Processing /home/airflow/.local/lib/python3.8/site-packages/airflow/example_dags/tutorial_taskflow_api_virtualenv.py took 0.061 seconds
[2026-05-17T21:02:42.160+0000] {processor.py:161} INFO - Started process (PID=737) to work on /home/airflow/.local/lib/python3.8/site-packages/airflow/example_dags/tutorial_taskflow_api_virtualenv.py
[2026-05-17T21:02:42.162+0000] {processor.py:830} INFO - Processing file /home/airflow/.local/lib/python3.8/site-packages/airflow/example_dags/tutorial_taskflow_api_virtualenv.py for tasks to queue
[2026-05-17T21:02:42.164+0000] {logging_mixin.py:188} INFO - [2026-05-17T21:02:42.164+0000] {dagbag.py:540} INFO - Filling up the DagBag from /home/airflow/.local/lib/python3.8/site-packages/airflow/example_dags/tutorial_taskflow_api_virtualenv.py
[2026-05-17T21:02:42.173+0000] {processor.py:840} INFO - DAG(s) 'tutorial_taskflow_api_virtualenv' retrieved from /home/airflow/.local/lib/python3.8/site-packages/airflow/example_dags/tutorial_taskflow_api_virtualenv.py
[2026-05-17T21:02:42.192+0000] {logging_mixin.py:188} INFO - [2026-05-17T21:02:42.192+0000] {dag.py:3047} INFO - Sync 1 DAGs
[2026-05-17T21:02:42.203+0000] {logging_mixin.py:188} INFO - [2026-05-17T21:02:42.203+0000] {dag.py:3834} INFO - Setting next_dagrun for tutorial_taskflow_api_virtualenv to None, run_after=None
[2026-05-17T21:02:42.223+0000] {processor.py:183} INFO - Processing /home/airflow/.local/lib/python3.8/site-packages/airflow/example_dags/tutorial_taskflow_api_virtualenv.py took 0.066 seconds
[2026-05-17T21:03:12.369+0000] {processor.py:161} INFO - Started process (PID=792) to work on /home/airflow/.local/lib/python3.8/site-packages/airflow/example_dags/tutorial_taskflow_api_virtualenv.py
[2026-05-17T21:03:12.371+0000] {processor.py:830} INFO - Processing file /home/airflow/.local/lib/python3.8/site-packages/airflow/example_dags/tutorial_taskflow_api_virtualenv.py for tasks to queue
[2026-05-17T21:03:12.373+0000] {logging_mixin.py:188} INFO - [2026-05-17T21:03:12.373+0000] {dagbag.py:540} INFO - Filling up the DagBag from /home/airflow/.local/lib/python3.8/site-packages/airflow/example_dags/tutorial_taskflow_api_virtualenv.py
[2026-05-17T21:03:12.383+0000] {processor.py:840} INFO - DAG(s) 'tutorial_taskflow_api_virtualenv' retrieved from /home/airflow/.local/lib/python3.8/site-packages/airflow/example_dags/tutorial_taskflow_api_virtualenv.py
[2026-05-17T21:03:12.407+0000] {logging_mixin.py:188} INFO - [2026-05-17T21:03:12.406+0000] {dag.py:3047} INFO - Sync 1 DAGs
[2026-05-17T21:03:12.417+0000] {logging_mixin.py:188} INFO - [2026-05-17T21:03:12.417+0000] {dag.py:3834} INFO - Setting next_dagrun for tutorial_taskflow_api_virtualenv to None, run_after=None
[2026-05-17T21:03:12.434+0000] {processor.py:183} INFO - Processing /home/airflow/.local/lib/python3.8/site-packages/airflow/example_dags/tutorial_taskflow_api_virtualenv.py took 0.068 seconds
[2026-05-17T21:03:43.029+0000] {processor.py:161} INFO - Started process (PID=847) to work on /home/airflow/.local/lib/python3.8/site-packages/airflow/example_dags/tutorial_taskflow_api_virtualenv.py
[2026-05-17T21:03:43.030+0000] {processor.py:830} INFO - Processing file /home/airflow/.local/lib/python3.8/site-packages/airflow/example_dags/tutorial_taskflow_api_virtualenv.py for tasks to queue
[2026-05-17T21:03:43.032+0000] {logging_mixin.py:188} INFO - [2026-05-17T21:03:43.032+0000] {dagbag.py:540} INFO - Filling up the DagBag from /home/airflow/.local/lib/python3.8/site-packages/airflow/example_dags/tutorial_taskflow_api_virtualenv.py
[2026-05-17T21:03:43.041+0000] {processor.py:840} INFO - DAG(s) 'tutorial_taskflow_api_virtualenv' retrieved from /home/airflow/.local/lib/python3.8/site-packages/airflow/example_dags/tutorial_taskflow_api_virtualenv.py
[2026-05-17T21:03:43.060+0000] {logging_mixin.py:188} INFO - [2026-05-17T21:03:43.060+0000] {dag.py:3047} INFO - Sync 1 DAGs
[2026-05-17T21:03:43.071+0000] {logging_mixin.py:188} INFO - [2026-05-17T21:03:43.070+0000] {dag.py:3834} INFO - Setting next_dagrun for tutorial_taskflow_api_virtualenv to None, run_after=None
[2026-05-17T21:03:43.089+0000] {processor.py:183} INFO - Processing /home/airflow/.local/lib/python3.8/site-packages/airflow/example_dags/tutorial_taskflow_api_virtualenv.py took 0.062 seconds
[2026-05-17T21:04:13.386+0000] {processor.py:161} INFO - Started process (PID=902) to work on /home/airflow/.local/lib/python3.8/site-packages/airflow/example_dags/tutorial_taskflow_api_virtualenv.py
[2026-05-17T21:04:13.387+0000] {processor.py:830} INFO - Processing file /home/airflow/.local/lib/python3.8/site-packages/airflow/example_dags/tutorial_taskflow_api_virtualenv.py for tasks to queue
[2026-05-17T21:04:13.389+0000] {logging_mixin.py:188} INFO - [2026-05-17T21:04:13.388+0000] {dagbag.py:540} INFO - Filling up the DagBag from /home/airflow/.local/lib/python3.8/site-packages/airflow/example_dags/tutorial_taskflow_api_virtualenv.py
[2026-05-17T21:04:13.397+0000] {processor.py:840} INFO - DAG(s) 'tutorial_taskflow_api_virtualenv' retrieved from /home/airflow/.local/lib/python3.8/site-packages/airflow/example_dags/tutorial_taskflow_api_virtualenv.py
[2026-05-17T21:04:13.414+0000] {logging_mixin.py:188} INFO - [2026-05-17T21:04:13.413+0000] {dag.py:3047} INFO - Sync 1 DAGs
[2026-05-17T21:04:13.424+0000] {logging_mixin.py:188} INFO - [2026-05-17T21:04:13.423+0000] {dag.py:3834} INFO - Setting next_dagrun for tutorial_taskflow_api_virtualenv to None, run_after=None
[2026-05-17T21:04:13.440+0000] {processor.py:183} INFO - Processing /home/airflow/.local/lib/python3.8/site-packages/airflow/example_dags/tutorial_taskflow_api_virtualenv.py took 0.058 seconds
[2026-05-17T21:04:43.819+0000] {processor.py:161} INFO - Started process (PID=957) to work on /home/airflow/.local/lib/python3.8/site-packages/airflow/example_dags/tutorial_taskflow_api_virtualenv.py
[2026-05-17T21:04:43.821+0000] {processor.py:830} INFO - Processing file /home/airflow/.local/lib/python3.8/site-packages/airflow/example_dags/tutorial_taskflow_api_virtualenv.py for tasks to queue
[2026-05-17T21:04:43.823+0000] {logging_mixin.py:188} INFO - [2026-05-17T21:04:43.822+0000] {dagbag.py:540} INFO - Filling up the DagBag from /home/airflow/.local/lib/python3.8/site-packages/airflow/example_dags/tutorial_taskflow_api_virtualenv.py
[2026-05-17T21:04:43.832+0000] {processor.py:840} INFO - DAG(s) 'tutorial_taskflow_api_virtualenv' retrieved from /home/airflow/.local/lib/python3.8/site-packages/airflow/example_dags/tutorial_taskflow_api_virtualenv.py
[2026-05-17T21:04:43.850+0000] {logging_mixin.py:188} INFO - [2026-05-17T21:04:43.850+0000] {dag.py:3047} INFO - Sync 1 DAGs
[2026-05-17T21:04:43.859+0000] {logging_mixin.py:188} INFO - [2026-05-17T21:04:43.859+0000] {dag.py:3834} INFO - Setting next_dagrun for tutorial_taskflow_api_virtualenv to None, run_after=None
[2026-05-17T21:04:43.875+0000] {processor.py:183} INFO - Processing /home/airflow/.local/lib/python3.8/site-packages/airflow/example_dags/tutorial_taskflow_api_virtualenv.py took 0.058 seconds
[2026-05-17T21:05:14.295+0000] {processor.py:161} INFO - Started process (PID=1012) to work on /home/airflow/.local/lib/python3.8/site-packages/airflow/example_dags/tutorial_taskflow_api_virtualenv.py
[2026-05-17T21:05:14.297+0000] {processor.py:830} INFO - Processing file /home/airflow/.local/lib/python3.8/site-packages/airflow/example_dags/tutorial_taskflow_api_virtualenv.py for tasks to queue
[2026-05-17T21:05:14.299+0000] {logging_mixin.py:188} INFO - [2026-05-17T21:05:14.299+0000] {dagbag.py:540} INFO - Filling up the DagBag from /home/airflow/.local/lib/python3.8/site-packages/airflow/example_dags/tutorial_taskflow_api_virtualenv.py
[2026-05-17T21:05:14.316+0000] {processor.py:840} INFO - DAG(s) 'tutorial_taskflow_api_virtualenv' retrieved from /home/airflow/.local/lib/python3.8/site-packages/airflow/example_dags/tutorial_taskflow_api_virtualenv.py
[2026-05-17T21:05:14.347+0000] {logging_mixin.py:188} INFO - [2026-05-17T21:05:14.346+0000] {dag.py:3047} INFO - Sync 1 DAGs
[2026-05-17T21:05:14.362+0000] {logging_mixin.py:188} INFO - [2026-05-17T21:05:14.361+0000] {dag.py:3834} INFO - Setting next_dagrun for tutorial_taskflow_api_virtualenv to None, run_after=None
[2026-05-17T21:05:14.388+0000] {processor.py:183} INFO - Processing /home/airflow/.local/lib/python3.8/site-packages/airflow/example_dags/tutorial_taskflow_api_virtualenv.py took 0.097 seconds
[2026-05-17T21:05:44.743+0000] {processor.py:161} INFO - Started process (PID=1067) to work on /home/airflow/.local/lib/python3.8/site-packages/airflow/example_dags/tutorial_taskflow_api_virtualenv.py
[2026-05-17T21:05:44.744+0000] {processor.py:830} INFO - Processing file /home/airflow/.local/lib/python3.8/site-packages/airflow/example_dags/tutorial_taskflow_api_virtualenv.py for tasks to queue
[2026-05-17T21:05:44.746+0000] {logging_mixin.py:188} INFO - [2026-05-17T21:05:44.745+0000] {dagbag.py:540} INFO - Filling up the DagBag from /home/airflow/.local/lib/python3.8/site-packages/airflow/example_dags/tutorial_taskflow_api_virtualenv.py
[2026-05-17T21:05:44.755+0000] {processor.py:840} INFO - DAG(s) 'tutorial_taskflow_api_virtualenv' retrieved from /home/airflow/.local/lib/python3.8/site-packages/airflow/example_dags/tutorial_taskflow_api_virtualenv.py
[2026-05-17T21:05:44.775+0000] {logging_mixin.py:188} INFO - [2026-05-17T21:05:44.775+0000] {dag.py:3047} INFO - Sync 1 DAGs
[2026-05-17T21:05:44.786+0000] {logging_mixin.py:188} INFO - [2026-05-17T21:05:44.785+0000] {dag.py:3834} INFO - Setting next_dagrun for tutorial_taskflow_api_virtualenv to None, run_after=None
[2026-05-17T21:05:44.803+0000] {processor.py:183} INFO - Processing /home/airflow/.local/lib/python3.8/site-packages/airflow/example_dags/tutorial_taskflow_api_virtualenv.py took 0.063 seconds
[2026-05-17T21:06:15.011+0000] {processor.py:161} INFO - Started process (PID=1122) to work on /home/airflow/.local/lib/python3.8/site-packages/airflow/example_dags/tutorial_taskflow_api_virtualenv.py
[2026-05-17T21:06:15.013+0000] {processor.py:830} INFO - Processing file /home/airflow/.local/lib/python3.8/site-packages/airflow/example_dags/tutorial_taskflow_api_virtualenv.py for tasks to queue
[2026-05-17T21:06:15.018+0000] {logging_mixin.py:188} INFO - [2026-05-17T21:06:15.017+0000] {dagbag.py:540} INFO - Filling up the DagBag from /home/airflow/.local/lib/python3.8/site-packages/airflow/example_dags/tutorial_taskflow_api_virtualenv.py
[2026-05-17T21:06:15.029+0000] {processor.py:840} INFO - DAG(s) 'tutorial_taskflow_api_virtualenv' retrieved from /home/airflow/.local/lib/python3.8/site-packages/airflow/example_dags/tutorial_taskflow_api_virtualenv.py
[2026-05-17T21:06:15.057+0000] {logging_mixin.py:188} INFO - [2026-05-17T21:06:15.057+0000] {dag.py:3047} INFO - Sync 1 DAGs
[2026-05-17T21:06:15.076+0000] {logging_mixin.py:188} INFO - [2026-05-17T21:06:15.075+0000] {dag.py:3834} INFO - Setting next_dagrun for tutorial_taskflow_api_virtualenv to None, run_after=None
[2026-05-17T21:06:15.107+0000] {processor.py:183} INFO - Processing /home/airflow/.local/lib/python3.8/site-packages/airflow/example_dags/tutorial_taskflow_api_virtualenv.py took 0.099 seconds
[2026-05-17T21:06:45.365+0000] {processor.py:161} INFO - Started process (PID=1177) to work on /home/airflow/.local/lib/python3.8/site-packages/airflow/example_dags/tutorial_taskflow_api_virtualenv.py
[2026-05-17T21:06:45.366+0000] {processor.py:830} INFO - Processing file /home/airflow/.local/lib/python3.8/site-packages/airflow/example_dags/tutorial_taskflow_api_virtualenv.py for tasks to queue
[2026-05-17T21:06:45.368+0000] {logging_mixin.py:188} INFO - [2026-05-17T21:06:45.367+0000] {dagbag.py:540} INFO - Filling up the DagBag from /home/airflow/.local/lib/python3.8/site-packages/airflow/example_dags/tutorial_taskflow_api_virtualenv.py
[2026-05-17T21:06:45.376+0000] {processor.py:840} INFO - DAG(s) 'tutorial_taskflow_api_virtualenv' retrieved from /home/airflow/.local/lib/python3.8/site-packages/airflow/example_dags/tutorial_taskflow_api_virtualenv.py
[2026-05-17T21:06:45.397+0000] {logging_mixin.py:188} INFO - [2026-05-17T21:06:45.396+0000] {dag.py:3047} INFO - Sync 1 DAGs
[2026-05-17T21:06:45.407+0000] {logging_mixin.py:188} INFO - [2026-05-17T21:06:45.407+0000] {dag.py:3834} INFO - Setting next_dagrun for tutorial_taskflow_api_virtualenv to None, run_after=None
[2026-05-17T21:06:45.425+0000] {processor.py:183} INFO - Processing /home/airflow/.local/lib/python3.8/site-packages/airflow/example_dags/tutorial_taskflow_api_virtualenv.py took 0.065 seconds
[2026-05-17T21:07:15.871+0000] {processor.py:161} INFO - Started process (PID=1232) to work on /home/airflow/.local/lib/python3.8/site-packages/airflow/example_dags/tutorial_taskflow_api_virtualenv.py
[2026-05-17T21:07:15.873+0000] {processor.py:830} INFO - Processing file /home/airflow/.local/lib/python3.8/site-packages/airflow/example_dags/tutorial_taskflow_api_virtualenv.py for tasks to queue
[2026-05-17T21:07:15.876+0000] {logging_mixin.py:188} INFO - [2026-05-17T21:07:15.876+0000] {dagbag.py:540} INFO - Filling up the DagBag from /home/airflow/.local/lib/python3.8/site-packages/airflow/example_dags/tutorial_taskflow_api_virtualenv.py
[2026-05-17T21:07:15.891+0000] {processor.py:840} INFO - DAG(s) 'tutorial_taskflow_api_virtualenv' retrieved from /home/airflow/.local/lib/python3.8/site-packages/airflow/example_dags/tutorial_taskflow_api_virtualenv.py
[2026-05-17T21:07:15.906+0000] {logging_mixin.py:188} INFO - [2026-05-17T21:07:15.906+0000] {dag.py:3047} INFO - Sync 1 DAGs
[2026-05-17T21:07:15.919+0000] {logging_mixin.py:188} INFO - [2026-05-17T21:07:15.919+0000] {dag.py:3834} INFO - Setting next_dagrun for tutorial_taskflow_api_virtualenv to None, run_after=None
[2026-05-17T21:07:15.941+0000] {processor.py:183} INFO - Processing /home/airflow/.local/lib/python3.8/site-packages/airflow/example_dags/tutorial_taskflow_api_virtualenv.py took 0.073 seconds
[2026-05-17T21:07:46.542+0000] {processor.py:161} INFO - Started process (PID=1287) to work on /home/airflow/.local/lib/python3.8/site-packages/airflow/example_dags/tutorial_taskflow_api_virtualenv.py
[2026-05-17T21:07:46.545+0000] {processor.py:830} INFO - Processing file /home/airflow/.local/lib/python3.8/site-packages/airflow/example_dags/tutorial_taskflow_api_virtualenv.py for tasks to queue
[2026-05-17T21:07:46.548+0000] {logging_mixin.py:188} INFO - [2026-05-17T21:07:46.547+0000] {dagbag.py:540} INFO - Filling up the DagBag from /home/airflow/.local/lib/python3.8/site-packages/airflow/example_dags/tutorial_taskflow_api_virtualenv.py
[2026-05-17T21:07:46.567+0000] {processor.py:840} INFO - DAG(s) 'tutorial_taskflow_api_virtualenv' retrieved from /home/airflow/.local/lib/python3.8/site-packages/airflow/example_dags/tutorial_taskflow_api_virtualenv.py
[2026-05-17T21:07:46.749+0000] {logging_mixin.py:188} INFO - [2026-05-17T21:07:46.749+0000] {dag.py:3047} INFO - Sync 1 DAGs
[2026-05-17T21:07:46.766+0000] {logging_mixin.py:188} INFO - [2026-05-17T21:07:46.766+0000] {dag.py:3834} INFO - Setting next_dagrun for tutorial_taskflow_api_virtualenv to None, run_after=None
[2026-05-17T21:07:46.799+0000] {processor.py:183} INFO - Processing /home/airflow/.local/lib/python3.8/site-packages/airflow/example_dags/tutorial_taskflow_api_virtualenv.py took 0.266 seconds
[2026-05-17T21:08:17.593+0000] {processor.py:161} INFO - Started process (PID=1342) to work on /home/airflow/.local/lib/python3.8/site-packages/airflow/example_dags/tutorial_taskflow_api_virtualenv.py
[2026-05-17T21:08:17.594+0000] {processor.py:830} INFO - Processing file /home/airflow/.local/lib/python3.8/site-packages/airflow/example_dags/tutorial_taskflow_api_virtualenv.py for tasks to queue
[2026-05-17T21:08:17.596+0000] {logging_mixin.py:188} INFO - [2026-05-17T21:08:17.596+0000] {dagbag.py:540} INFO - Filling up the DagBag from /home/airflow/.local/lib/python3.8/site-packages/airflow/example_dags/tutorial_taskflow_api_virtualenv.py
[2026-05-17T21:08:17.605+0000] {processor.py:840} INFO - DAG(s) 'tutorial_taskflow_api_virtualenv' retrieved from /home/airflow/.local/lib/python3.8/site-packages/airflow/example_dags/tutorial_taskflow_api_virtualenv.py
[2026-05-17T21:08:17.621+0000] {logging_mixin.py:188} INFO - [2026-05-17T21:08:17.621+0000] {dag.py:3047} INFO - Sync 1 DAGs
[2026-05-17T21:08:17.633+0000] {logging_mixin.py:188} INFO - [2026-05-17T21:08:17.632+0000] {dag.py:3834} INFO - Setting next_dagrun for tutorial_taskflow_api_virtualenv to None, run_after=None
[2026-05-17T21:08:17.653+0000] {processor.py:183} INFO - Processing /home/airflow/.local/lib/python3.8/site-packages/airflow/example_dags/tutorial_taskflow_api_virtualenv.py took 0.063 seconds
[2026-05-17T21:08:47.733+0000] {processor.py:161} INFO - Started process (PID=1397) to work on /home/airflow/.local/lib/python3.8/site-packages/airflow/example_dags/tutorial_taskflow_api_virtualenv.py
[2026-05-17T21:08:47.735+0000] {processor.py:830} INFO - Processing file /home/airflow/.local/lib/python3.8/site-packages/airflow/example_dags/tutorial_taskflow_api_virtualenv.py for tasks to queue
[2026-05-17T21:08:47.737+0000] {logging_mixin.py:188} INFO - [2026-05-17T21:08:47.736+0000] {dagbag.py:540} INFO - Filling up the DagBag from /home/airflow/.local/lib/python3.8/site-packages/airflow/example_dags/tutorial_taskflow_api_virtualenv.py
[2026-05-17T21:08:47.746+0000] {processor.py:840} INFO - DAG(s) 'tutorial_taskflow_api_virtualenv' retrieved from /home/airflow/.local/lib/python3.8/site-packages/airflow/example_dags/tutorial_taskflow_api_virtualenv.py
[2026-05-17T21:08:47.768+0000] {logging_mixin.py:188} INFO - [2026-05-17T21:08:47.767+0000] {dag.py:3047} INFO - Sync 1 DAGs
[2026-05-17T21:08:47.779+0000] {logging_mixin.py:188} INFO - [2026-05-17T21:08:47.778+0000] {dag.py:3834} INFO - Setting next_dagrun for tutorial_taskflow_api_virtualenv to None, run_after=None
[2026-05-17T21:08:47.806+0000] {processor.py:183} INFO - Processing /home/airflow/.local/lib/python3.8/site-packages/airflow/example_dags/tutorial_taskflow_api_virtualenv.py took 0.075 seconds
[2026-05-17T21:09:18.146+0000] {processor.py:161} INFO - Started process (PID=1452) to work on /home/airflow/.local/lib/python3.8/site-packages/airflow/example_dags/tutorial_taskflow_api_virtualenv.py
[2026-05-17T21:09:18.148+0000] {processor.py:830} INFO - Processing file /home/airflow/.local/lib/python3.8/site-packages/airflow/example_dags/tutorial_taskflow_api_virtualenv.py for tasks to queue
[2026-05-17T21:09:18.151+0000] {logging_mixin.py:188} INFO - [2026-05-17T21:09:18.150+0000] {dagbag.py:540} INFO - Filling up the DagBag from /home/airflow/.local/lib/python3.8/site-packages/airflow/example_dags/tutorial_taskflow_api_virtualenv.py
[2026-05-17T21:09:18.161+0000] {processor.py:840} INFO - DAG(s) 'tutorial_taskflow_api_virtualenv' retrieved from /home/airflow/.local/lib/python3.8/site-packages/airflow/example_dags/tutorial_taskflow_api_virtualenv.py
[2026-05-17T21:09:18.180+0000] {logging_mixin.py:188} INFO - [2026-05-17T21:09:18.180+0000] {dag.py:3047} INFO - Sync 1 DAGs
[2026-05-17T21:09:18.189+0000] {logging_mixin.py:188} INFO - [2026-05-17T21:09:18.189+0000] {dag.py:3834} INFO - Setting next_dagrun for tutorial_taskflow_api_virtualenv to None, run_after=None
[2026-05-17T21:09:18.207+0000] {processor.py:183} INFO - Processing /home/airflow/.local/lib/python3.8/site-packages/airflow/example_dags/tutorial_taskflow_api_virtualenv.py took 0.063 seconds
[2026-05-17T21:09:48.332+0000] {processor.py:161} INFO - Started process (PID=1507) to work on /home/airflow/.local/lib/python3.8/site-packages/airflow/example_dags/tutorial_taskflow_api_virtualenv.py
[2026-05-17T21:09:48.334+0000] {processor.py:830} INFO - Processing file /home/airflow/.local/lib/python3.8/site-packages/airflow/example_dags/tutorial_taskflow_api_virtualenv.py for tasks to queue
[2026-05-17T21:09:48.339+0000] {logging_mixin.py:188} INFO - [2026-05-17T21:09:48.337+0000] {dagbag.py:540} INFO - Filling up the DagBag from /home/airflow/.local/lib/python3.8/site-packages/airflow/example_dags/tutorial_taskflow_api_virtualenv.py
[2026-05-17T21:09:48.360+0000] {processor.py:840} INFO - DAG(s) 'tutorial_taskflow_api_virtualenv' retrieved from /home/airflow/.local/lib/python3.8/site-packages/airflow/example_dags/tutorial_taskflow_api_virtualenv.py
[2026-05-17T21:09:48.423+0000] {logging_mixin.py:188} INFO - [2026-05-17T21:09:48.422+0000] {dag.py:3047} INFO - Sync 1 DAGs
[2026-05-17T21:09:48.455+0000] {logging_mixin.py:188} INFO - [2026-05-17T21:09:48.454+0000] {dag.py:3834} INFO - Setting next_dagrun for tutorial_taskflow_api_virtualenv to None, run_after=None
[2026-05-17T21:09:48.517+0000] {processor.py:183} INFO - Processing /home/airflow/.local/lib/python3.8/site-packages/airflow/example_dags/tutorial_taskflow_api_virtualenv.py took 0.190 seconds
[2026-05-17T21:10:18.682+0000] {processor.py:161} INFO - Started process (PID=1563) to work on /home/airflow/.local/lib/python3.8/site-packages/airflow/example_dags/tutorial_taskflow_api_virtualenv.py
[2026-05-17T21:10:18.683+0000] {processor.py:830} INFO - Processing file /home/airflow/.local/lib/python3.8/site-packages/airflow/example_dags/tutorial_taskflow_api_virtualenv.py for tasks to queue
[2026-05-17T21:10:18.686+0000] {logging_mixin.py:188} INFO - [2026-05-17T21:10:18.685+0000] {dagbag.py:540} INFO - Filling up the DagBag from /home/airflow/.local/lib/python3.8/site-packages/airflow/example_dags/tutorial_taskflow_api_virtualenv.py
[2026-05-17T21:10:18.695+0000] {processor.py:840} INFO - DAG(s) 'tutorial_taskflow_api_virtualenv' retrieved from /home/airflow/.local/lib/python3.8/site-packages/airflow/example_dags/tutorial_taskflow_api_virtualenv.py
[2026-05-17T21:10:18.714+0000] {logging_mixin.py:188} INFO - [2026-05-17T21:10:18.714+0000] {dag.py:3047} INFO - Sync 1 DAGs
[2026-05-17T21:10:18.726+0000] {logging_mixin.py:188} INFO - [2026-05-17T21:10:18.725+0000] {dag.py:3834} INFO - Setting next_dagrun for tutorial_taskflow_api_virtualenv to None, run_after=None
[2026-05-17T21:10:18.743+0000] {processor.py:183} INFO - Processing /home/airflow/.local/lib/python3.8/site-packages/airflow/example_dags/tutorial_taskflow_api_virtualenv.py took 0.064 seconds
[2026-05-17T21:10:49.734+0000] {processor.py:161} INFO - Started process (PID=1618) to work on /home/airflow/.local/lib/python3.8/site-packages/airflow/example_dags/tutorial_taskflow_api_virtualenv.py
[2026-05-17T21:10:49.742+0000] {processor.py:830} INFO - Processing file /home/airflow/.local/lib/python3.8/site-packages/airflow/example_dags/tutorial_taskflow_api_virtualenv.py for tasks to queue
[2026-05-17T21:10:49.757+0000] {logging_mixin.py:188} INFO - [2026-05-17T21:10:49.755+0000] {dagbag.py:540} INFO - Filling up the DagBag from /home/airflow/.local/lib/python3.8/site-packages/airflow/example_dags/tutorial_taskflow_api_virtualenv.py
[2026-05-17T21:10:49.827+0000] {processor.py:840} INFO - DAG(s) 'tutorial_taskflow_api_virtualenv' retrieved from /home/airflow/.local/lib/python3.8/site-packages/airflow/example_dags/tutorial_taskflow_api_virtualenv.py
[2026-05-17T21:10:49.888+0000] {logging_mixin.py:188} INFO - [2026-05-17T21:10:49.888+0000] {dag.py:3047} INFO - Sync 1 DAGs
[2026-05-17T21:10:49.961+0000] {logging_mixin.py:188} INFO - [2026-05-17T21:10:49.961+0000] {dag.py:3834} INFO - Setting next_dagrun for tutorial_taskflow_api_virtualenv to None, run_after=None
[2026-05-17T21:10:50.046+0000] {processor.py:183} INFO - Processing /home/airflow/.local/lib/python3.8/site-packages/airflow/example_dags/tutorial_taskflow_api_virtualenv.py took 0.347 seconds
[2026-05-17T21:11:20.664+0000] {processor.py:161} INFO - Started process (PID=1673) to work on /home/airflow/.local/lib/python3.8/site-packages/airflow/example_dags/tutorial_taskflow_api_virtualenv.py
[2026-05-17T21:11:20.665+0000] {processor.py:830} INFO - Processing file /home/airflow/.local/lib/python3.8/site-packages/airflow/example_dags/tutorial_taskflow_api_virtualenv.py for tasks to queue
[2026-05-17T21:11:20.668+0000] {logging_mixin.py:188} INFO - [2026-05-17T21:11:20.667+0000] {dagbag.py:540} INFO - Filling up the DagBag from /home/airflow/.local/lib/python3.8/site-packages/airflow/example_dags/tutorial_taskflow_api_virtualenv.py
[2026-05-17T21:11:20.676+0000] {processor.py:840} INFO - DAG(s) 'tutorial_taskflow_api_virtualenv' retrieved from /home/airflow/.local/lib/python3.8/site-packages/airflow/example_dags/tutorial_taskflow_api_virtualenv.py
[2026-05-17T21:11:20.745+0000] {logging_mixin.py:188} INFO - [2026-05-17T21:11:20.745+0000] {dag.py:3047} INFO - Sync 1 DAGs
[2026-05-17T21:11:20.755+0000] {logging_mixin.py:188} INFO - [2026-05-17T21:11:20.755+0000] {dag.py:3834} INFO - Setting next_dagrun for tutorial_taskflow_api_virtualenv to None, run_after=None
[2026-05-17T21:11:20.896+0000] {processor.py:183} INFO - Processing /home/airflow/.local/lib/python3.8/site-packages/airflow/example_dags/tutorial_taskflow_api_virtualenv.py took 0.236 seconds
[2026-05-17T21:11:51.415+0000] {processor.py:161} INFO - Started process (PID=1728) to work on /home/airflow/.local/lib/python3.8/site-packages/airflow/example_dags/tutorial_taskflow_api_virtualenv.py
[2026-05-17T21:11:51.416+0000] {processor.py:830} INFO - Processing file /home/airflow/.local/lib/python3.8/site-packages/airflow/example_dags/tutorial_taskflow_api_virtualenv.py for tasks to queue
[2026-05-17T21:11:51.417+0000] {logging_mixin.py:188} INFO - [2026-05-17T21:11:51.417+0000] {dagbag.py:540} INFO - Filling up the DagBag from /home/airflow/.local/lib/python3.8/site-packages/airflow/example_dags/tutorial_taskflow_api_virtualenv.py
[2026-05-17T21:11:51.426+0000] {processor.py:840} INFO - DAG(s) 'tutorial_taskflow_api_virtualenv' retrieved from /home/airflow/.local/lib/python3.8/site-packages/airflow/example_dags/tutorial_taskflow_api_virtualenv.py
[2026-05-17T21:11:51.445+0000] {logging_mixin.py:188} INFO - [2026-05-17T21:11:51.445+0000] {dag.py:3047} INFO - Sync 1 DAGs
[2026-05-17T21:11:51.455+0000] {logging_mixin.py:188} INFO - [2026-05-17T21:11:51.455+0000] {dag.py:3834} INFO - Setting next_dagrun for tutorial_taskflow_api_virtualenv to None, run_after=None
[2026-05-17T21:11:51.475+0000] {processor.py:183} INFO - Processing /home/airflow/.local/lib/python3.8/site-packages/airflow/example_dags/tutorial_taskflow_api_virtualenv.py took 0.063 seconds
[2026-05-17T21:12:21.546+0000] {processor.py:161} INFO - Started process (PID=1783) to work on /home/airflow/.local/lib/python3.8/site-packages/airflow/example_dags/tutorial_taskflow_api_virtualenv.py
[2026-05-17T21:12:21.547+0000] {processor.py:830} INFO - Processing file /home/airflow/.local/lib/python3.8/site-packages/airflow/example_dags/tutorial_taskflow_api_virtualenv.py for tasks to queue
[2026-05-17T21:12:21.549+0000] {logging_mixin.py:188} INFO - [2026-05-17T21:12:21.549+0000] {dagbag.py:540} INFO - Filling up the DagBag from /home/airflow/.local/lib/python3.8/site-packages/airflow/example_dags/tutorial_taskflow_api_virtualenv.py
[2026-05-17T21:12:21.557+0000] {processor.py:840} INFO - DAG(s) 'tutorial_taskflow_api_virtualenv' retrieved from /home/airflow/.local/lib/python3.8/site-packages/airflow/example_dags/tutorial_taskflow_api_virtualenv.py
[2026-05-17T21:12:21.574+0000] {logging_mixin.py:188} INFO - [2026-05-17T21:12:21.574+0000] {dag.py:3047} INFO - Sync 1 DAGs
[2026-05-17T21:12:21.584+0000] {logging_mixin.py:188} INFO - [2026-05-17T21:12:21.584+0000] {dag.py:3834} INFO - Setting next_dagrun for tutorial_taskflow_api_virtualenv to None, run_after=None
[2026-05-17T21:12:21.605+0000] {processor.py:183} INFO - Processing /home/airflow/.local/lib/python3.8/site-packages/airflow/example_dags/tutorial_taskflow_api_virtualenv.py took 0.063 seconds
[2026-05-17T21:12:51.697+0000] {processor.py:161} INFO - Started process (PID=1838) to work on /home/airflow/.local/lib/python3.8/site-packages/airflow/example_dags/tutorial_taskflow_api_virtualenv.py
[2026-05-17T21:12:51.699+0000] {processor.py:830} INFO - Processing file /home/airflow/.local/lib/python3.8/site-packages/airflow/example_dags/tutorial_taskflow_api_virtualenv.py for tasks to queue
[2026-05-17T21:12:51.701+0000] {logging_mixin.py:188} INFO - [2026-05-17T21:12:51.700+0000] {dagbag.py:540} INFO - Filling up the DagBag from /home/airflow/.local/lib/python3.8/site-packages/airflow/example_dags/tutorial_taskflow_api_virtualenv.py
[2026-05-17T21:12:51.712+0000] {processor.py:840} INFO - DAG(s) 'tutorial_taskflow_api_virtualenv' retrieved from /home/airflow/.local/lib/python3.8/site-packages/airflow/example_dags/tutorial_taskflow_api_virtualenv.py
[2026-05-17T21:12:51.729+0000] {logging_mixin.py:188} INFO - [2026-05-17T21:12:51.729+0000] {dag.py:3047} INFO - Sync 1 DAGs
[2026-05-17T21:12:51.739+0000] {logging_mixin.py:188} INFO - [2026-05-17T21:12:51.739+0000] {dag.py:3834} INFO - Setting next_dagrun for tutorial_taskflow_api_virtualenv to None, run_after=None
[2026-05-17T21:12:51.758+0000] {processor.py:183} INFO - Processing /home/airflow/.local/lib/python3.8/site-packages/airflow/example_dags/tutorial_taskflow_api_virtualenv.py took 0.063 seconds
[2026-05-17T21:13:22.141+0000] {processor.py:161} INFO - Started process (PID=1893) to work on /home/airflow/.local/lib/python3.8/site-packages/airflow/example_dags/tutorial_taskflow_api_virtualenv.py
[2026-05-17T21:13:22.143+0000] {processor.py:830} INFO - Processing file /home/airflow/.local/lib/python3.8/site-packages/airflow/example_dags/tutorial_taskflow_api_virtualenv.py for tasks to queue
[2026-05-17T21:13:22.145+0000] {logging_mixin.py:188} INFO - [2026-05-17T21:13:22.145+0000] {dagbag.py:540} INFO - Filling up the DagBag from /home/airflow/.local/lib/python3.8/site-packages/airflow/example_dags/tutorial_taskflow_api_virtualenv.py
[2026-05-17T21:13:22.154+0000] {processor.py:840} INFO - DAG(s) 'tutorial_taskflow_api_virtualenv' retrieved from /home/airflow/.local/lib/python3.8/site-packages/airflow/example_dags/tutorial_taskflow_api_virtualenv.py
[2026-05-17T21:13:22.172+0000] {logging_mixin.py:188} INFO - [2026-05-17T21:13:22.172+0000] {dag.py:3047} INFO - Sync 1 DAGs
[2026-05-17T21:13:22.181+0000] {logging_mixin.py:188} INFO - [2026-05-17T21:13:22.181+0000] {dag.py:3834} INFO - Setting next_dagrun for tutorial_taskflow_api_virtualenv to None, run_after=None
[2026-05-17T21:13:22.198+0000] {processor.py:183} INFO - Processing /home/airflow/.local/lib/python3.8/site-packages/airflow/example_dags/tutorial_taskflow_api_virtualenv.py took 0.060 seconds
[2026-05-17T21:13:52.903+0000] {processor.py:161} INFO - Started process (PID=1948) to work on /home/airflow/.local/lib/python3.8/site-packages/airflow/example_dags/tutorial_taskflow_api_virtualenv.py
[2026-05-17T21:13:52.905+0000] {processor.py:830} INFO - Processing file /home/airflow/.local/lib/python3.8/site-packages/airflow/example_dags/tutorial_taskflow_api_virtualenv.py for tasks to queue
[2026-05-17T21:13:52.907+0000] {logging_mixin.py:188} INFO - [2026-05-17T21:13:52.907+0000] {dagbag.py:540} INFO - Filling up the DagBag from /home/airflow/.local/lib/python3.8/site-packages/airflow/example_dags/tutorial_taskflow_api_virtualenv.py
[2026-05-17T21:13:52.916+0000] {processor.py:840} INFO - DAG(s) 'tutorial_taskflow_api_virtualenv' retrieved from /home/airflow/.local/lib/python3.8/site-packages/airflow/example_dags/tutorial_taskflow_api_virtualenv.py
[2026-05-17T21:13:52.932+0000] {logging_mixin.py:188} INFO - [2026-05-17T21:13:52.932+0000] {dag.py:3047} INFO - Sync 1 DAGs
[2026-05-17T21:13:52.943+0000] {logging_mixin.py:188} INFO - [2026-05-17T21:13:52.943+0000] {dag.py:3834} INFO - Setting next_dagrun for tutorial_taskflow_api_virtualenv to None, run_after=None
[2026-05-17T21:13:52.962+0000] {processor.py:183} INFO - Processing /home/airflow/.local/lib/python3.8/site-packages/airflow/example_dags/tutorial_taskflow_api_virtualenv.py took 0.062 seconds
[2026-05-17T21:14:23.068+0000] {processor.py:161} INFO - Started process (PID=2003) to work on /home/airflow/.local/lib/python3.8/site-packages/airflow/example_dags/tutorial_taskflow_api_virtualenv.py
[2026-05-17T21:14:23.071+0000] {processor.py:830} INFO - Processing file /home/airflow/.local/lib/python3.8/site-packages/airflow/example_dags/tutorial_taskflow_api_virtualenv.py for tasks to queue
[2026-05-17T21:14:23.074+0000] {logging_mixin.py:188} INFO - [2026-05-17T21:14:23.073+0000] {dagbag.py:540} INFO - Filling up the DagBag from /home/airflow/.local/lib/python3.8/site-packages/airflow/example_dags/tutorial_taskflow_api_virtualenv.py
[2026-05-17T21:14:23.084+0000] {processor.py:840} INFO - DAG(s) 'tutorial_taskflow_api_virtualenv' retrieved from /home/airflow/.local/lib/python3.8/site-packages/airflow/example_dags/tutorial_taskflow_api_virtualenv.py
[2026-05-17T21:14:23.104+0000] {logging_mixin.py:188} INFO - [2026-05-17T21:14:23.104+0000] {dag.py:3047} INFO - Sync 1 DAGs
[2026-05-17T21:14:23.114+0000] {logging_mixin.py:188} INFO - [2026-05-17T21:14:23.114+0000] {dag.py:3834} INFO - Setting next_dagrun for tutorial_taskflow_api_virtualenv to None, run_after=None
[2026-05-17T21:14:23.135+0000] {processor.py:183} INFO - Processing /home/airflow/.local/lib/python3.8/site-packages/airflow/example_dags/tutorial_taskflow_api_virtualenv.py took 0.070 seconds
[2026-05-17T21:14:53.883+0000] {processor.py:161} INFO - Started process (PID=2058) to work on /home/airflow/.local/lib/python3.8/site-packages/airflow/example_dags/tutorial_taskflow_api_virtualenv.py
[2026-05-17T21:14:53.889+0000] {processor.py:830} INFO - Processing file /home/airflow/.local/lib/python3.8/site-packages/airflow/example_dags/tutorial_taskflow_api_virtualenv.py for tasks to queue
[2026-05-17T21:14:53.894+0000] {logging_mixin.py:188} INFO - [2026-05-17T21:14:53.894+0000] {dagbag.py:540} INFO - Filling up the DagBag from /home/airflow/.local/lib/python3.8/site-packages/airflow/example_dags/tutorial_taskflow_api_virtualenv.py
[2026-05-17T21:14:53.908+0000] {processor.py:840} INFO - DAG(s) 'tutorial_taskflow_api_virtualenv' retrieved from /home/airflow/.local/lib/python3.8/site-packages/airflow/example_dags/tutorial_taskflow_api_virtualenv.py
[2026-05-17T21:14:53.947+0000] {logging_mixin.py:188} INFO - [2026-05-17T21:14:53.946+0000] {dag.py:3047} INFO - Sync 1 DAGs
[2026-05-17T21:14:53.971+0000] {logging_mixin.py:188} INFO - [2026-05-17T21:14:53.969+0000] {dag.py:3834} INFO - Setting next_dagrun for tutorial_taskflow_api_virtualenv to None, run_after=None
[2026-05-17T21:14:54.014+0000] {processor.py:183} INFO - Processing /home/airflow/.local/lib/python3.8/site-packages/airflow/example_dags/tutorial_taskflow_api_virtualenv.py took 0.134 seconds
[2026-05-17T21:15:24.477+0000] {processor.py:161} INFO - Started process (PID=2113) to work on /home/airflow/.local/lib/python3.8/site-packages/airflow/example_dags/tutorial_taskflow_api_virtualenv.py
[2026-05-17T21:15:24.480+0000] {processor.py:830} INFO - Processing file /home/airflow/.local/lib/python3.8/site-packages/airflow/example_dags/tutorial_taskflow_api_virtualenv.py for tasks to queue
[2026-05-17T21:15:24.484+0000] {logging_mixin.py:188} INFO - [2026-05-17T21:15:24.483+0000] {dagbag.py:540} INFO - Filling up the DagBag from /home/airflow/.local/lib/python3.8/site-packages/airflow/example_dags/tutorial_taskflow_api_virtualenv.py
[2026-05-17T21:15:24.503+0000] {processor.py:840} INFO - DAG(s) 'tutorial_taskflow_api_virtualenv' retrieved from /home/airflow/.local/lib/python3.8/site-packages/airflow/example_dags/tutorial_taskflow_api_virtualenv.py
[2026-05-17T21:15:24.536+0000] {logging_mixin.py:188} INFO - [2026-05-17T21:15:24.536+0000] {dag.py:3047} INFO - Sync 1 DAGs
[2026-05-17T21:15:24.555+0000] {logging_mixin.py:188} INFO - [2026-05-17T21:15:24.554+0000] {dag.py:3834} INFO - Setting next_dagrun for tutorial_taskflow_api_virtualenv to None, run_after=None
[2026-05-17T21:15:24.588+0000] {processor.py:183} INFO - Processing /home/airflow/.local/lib/python3.8/site-packages/airflow/example_dags/tutorial_taskflow_api_virtualenv.py took 0.117 seconds
[2026-05-17T21:15:55.187+0000] {processor.py:161} INFO - Started process (PID=2168) to work on /home/airflow/.local/lib/python3.8/site-packages/airflow/example_dags/tutorial_taskflow_api_virtualenv.py
[2026-05-17T21:15:55.189+0000] {processor.py:830} INFO - Processing file /home/airflow/.local/lib/python3.8/site-packages/airflow/example_dags/tutorial_taskflow_api_virtualenv.py for tasks to queue
[2026-05-17T21:15:55.191+0000] {logging_mixin.py:188} INFO - [2026-05-17T21:15:55.190+0000] {dagbag.py:540} INFO - Filling up the DagBag from /home/airflow/.local/lib/python3.8/site-packages/airflow/example_dags/tutorial_taskflow_api_virtualenv.py
[2026-05-17T21:15:55.203+0000] {processor.py:840} INFO - DAG(s) 'tutorial_taskflow_api_virtualenv' retrieved from /home/airflow/.local/lib/python3.8/site-packages/airflow/example_dags/tutorial_taskflow_api_virtualenv.py
[2026-05-17T21:15:55.223+0000] {logging_mixin.py:188} INFO - [2026-05-17T21:15:55.222+0000] {dag.py:3047} INFO - Sync 1 DAGs
[2026-05-17T21:15:55.375+0000] {logging_mixin.py:188} INFO - [2026-05-17T21:15:55.375+0000] {dag.py:3834} INFO - Setting next_dagrun for tutorial_taskflow_api_virtualenv to None, run_after=None
[2026-05-17T21:15:55.403+0000] {processor.py:183} INFO - Processing /home/airflow/.local/lib/python3.8/site-packages/airflow/example_dags/tutorial_taskflow_api_virtualenv.py took 0.219 seconds
[2026-05-17T21:16:25.694+0000] {processor.py:161} INFO - Started process (PID=2223) to work on /home/airflow/.local/lib/python3.8/site-packages/airflow/example_dags/tutorial_taskflow_api_virtualenv.py
[2026-05-17T21:16:25.695+0000] {processor.py:830} INFO - Processing file /home/airflow/.local/lib/python3.8/site-packages/airflow/example_dags/tutorial_taskflow_api_virtualenv.py for tasks to queue
[2026-05-17T21:16:25.697+0000] {logging_mixin.py:188} INFO - [2026-05-17T21:16:25.696+0000] {dagbag.py:540} INFO - Filling up the DagBag from /home/airflow/.local/lib/python3.8/site-packages/airflow/example_dags/tutorial_taskflow_api_virtualenv.py
[2026-05-17T21:16:25.708+0000] {processor.py:840} INFO - DAG(s) 'tutorial_taskflow_api_virtualenv' retrieved from /home/airflow/.local/lib/python3.8/site-packages/airflow/example_dags/tutorial_taskflow_api_virtualenv.py
[2026-05-17T21:16:25.728+0000] {logging_mixin.py:188} INFO - [2026-05-17T21:16:25.728+0000] {dag.py:3047} INFO - Sync 1 DAGs
[2026-05-17T21:16:25.872+0000] {logging_mixin.py:188} INFO - [2026-05-17T21:16:25.871+0000] {dag.py:3834} INFO - Setting next_dagrun for tutorial_taskflow_api_virtualenv to None, run_after=None
[2026-05-17T21:16:25.889+0000] {processor.py:183} INFO - Processing /home/airflow/.local/lib/python3.8/site-packages/airflow/example_dags/tutorial_taskflow_api_virtualenv.py took 0.198 seconds
[2026-05-17T21:16:56.523+0000] {processor.py:161} INFO - Started process (PID=2278) to work on /home/airflow/.local/lib/python3.8/site-packages/airflow/example_dags/tutorial_taskflow_api_virtualenv.py
[2026-05-17T21:16:56.524+0000] {processor.py:830} INFO - Processing file /home/airflow/.local/lib/python3.8/site-packages/airflow/example_dags/tutorial_taskflow_api_virtualenv.py for tasks to queue
[2026-05-17T21:16:56.527+0000] {logging_mixin.py:188} INFO - [2026-05-17T21:16:56.526+0000] {dagbag.py:540} INFO - Filling up the DagBag from /home/airflow/.local/lib/python3.8/site-packages/airflow/example_dags/tutorial_taskflow_api_virtualenv.py
[2026-05-17T21:16:56.537+0000] {processor.py:840} INFO - DAG(s) 'tutorial_taskflow_api_virtualenv' retrieved from /home/airflow/.local/lib/python3.8/site-packages/airflow/example_dags/tutorial_taskflow_api_virtualenv.py
[2026-05-17T21:16:56.555+0000] {logging_mixin.py:188} INFO - [2026-05-17T21:16:56.555+0000] {dag.py:3047} INFO - Sync 1 DAGs
[2026-05-17T21:16:56.689+0000] {logging_mixin.py:188} INFO - [2026-05-17T21:16:56.688+0000] {dag.py:3834} INFO - Setting next_dagrun for tutorial_taskflow_api_virtualenv to None, run_after=None
[2026-05-17T21:16:56.705+0000] {processor.py:183} INFO - Processing /home/airflow/.local/lib/python3.8/site-packages/airflow/example_dags/tutorial_taskflow_api_virtualenv.py took 0.185 seconds
[2026-05-17T21:17:27.333+0000] {processor.py:161} INFO - Started process (PID=2332) to work on /home/airflow/.local/lib/python3.8/site-packages/airflow/example_dags/tutorial_taskflow_api_virtualenv.py
[2026-05-17T21:17:27.334+0000] {processor.py:830} INFO - Processing file /home/airflow/.local/lib/python3.8/site-packages/airflow/example_dags/tutorial_taskflow_api_virtualenv.py for tasks to queue
[2026-05-17T21:17:27.337+0000] {logging_mixin.py:188} INFO - [2026-05-17T21:17:27.337+0000] {dagbag.py:540} INFO - Filling up the DagBag from /home/airflow/.local/lib/python3.8/site-packages/airflow/example_dags/tutorial_taskflow_api_virtualenv.py
[2026-05-17T21:17:27.348+0000] {processor.py:840} INFO - DAG(s) 'tutorial_taskflow_api_virtualenv' retrieved from /home/airflow/.local/lib/python3.8/site-packages/airflow/example_dags/tutorial_taskflow_api_virtualenv.py
[2026-05-17T21:17:27.368+0000] {logging_mixin.py:188} INFO - [2026-05-17T21:17:27.368+0000] {dag.py:3047} INFO - Sync 1 DAGs
[2026-05-17T21:17:27.378+0000] {logging_mixin.py:188} INFO - [2026-05-17T21:17:27.378+0000] {dag.py:3834} INFO - Setting next_dagrun for tutorial_taskflow_api_virtualenv to None, run_after=None
[2026-05-17T21:17:27.399+0000] {processor.py:183} INFO - Processing /home/airflow/.local/lib/python3.8/site-packages/airflow/example_dags/tutorial_taskflow_api_virtualenv.py took 0.074 seconds
[2026-05-17T21:17:58.172+0000] {processor.py:161} INFO - Started process (PID=2387) to work on /home/airflow/.local/lib/python3.8/site-packages/airflow/example_dags/tutorial_taskflow_api_virtualenv.py
[2026-05-17T21:17:58.174+0000] {processor.py:830} INFO - Processing file /home/airflow/.local/lib/python3.8/site-packages/airflow/example_dags/tutorial_taskflow_api_virtualenv.py for tasks to queue
[2026-05-17T21:17:58.180+0000] {logging_mixin.py:188} INFO - [2026-05-17T21:17:58.179+0000] {dagbag.py:540} INFO - Filling up the DagBag from /home/airflow/.local/lib/python3.8/site-packages/airflow/example_dags/tutorial_taskflow_api_virtualenv.py
[2026-05-17T21:17:58.200+0000] {processor.py:840} INFO - DAG(s) 'tutorial_taskflow_api_virtualenv' retrieved from /home/airflow/.local/lib/python3.8/site-packages/airflow/example_dags/tutorial_taskflow_api_virtualenv.py
[2026-05-17T21:17:58.224+0000] {logging_mixin.py:188} INFO - [2026-05-17T21:17:58.224+0000] {dag.py:3047} INFO - Sync 1 DAGs
[2026-05-17T21:17:58.235+0000] {logging_mixin.py:188} INFO - [2026-05-17T21:17:58.235+0000] {dag.py:3834} INFO - Setting next_dagrun for tutorial_taskflow_api_virtualenv to None, run_after=None
[2026-05-17T21:17:58.256+0000] {processor.py:183} INFO - Processing /home/airflow/.local/lib/python3.8/site-packages/airflow/example_dags/tutorial_taskflow_api_virtualenv.py took 0.089 seconds
[2026-05-17T21:18:28.915+0000] {processor.py:161} INFO - Started process (PID=2442) to work on /home/airflow/.local/lib/python3.8/site-packages/airflow/example_dags/tutorial_taskflow_api_virtualenv.py
[2026-05-17T21:18:28.916+0000] {processor.py:830} INFO - Processing file /home/airflow/.local/lib/python3.8/site-packages/airflow/example_dags/tutorial_taskflow_api_virtualenv.py for tasks to queue
[2026-05-17T21:18:28.918+0000] {logging_mixin.py:188} INFO - [2026-05-17T21:18:28.918+0000] {dagbag.py:540} INFO - Filling up the DagBag from /home/airflow/.local/lib/python3.8/site-packages/airflow/example_dags/tutorial_taskflow_api_virtualenv.py
[2026-05-17T21:18:28.927+0000] {processor.py:840} INFO - DAG(s) 'tutorial_taskflow_api_virtualenv' retrieved from /home/airflow/.local/lib/python3.8/site-packages/airflow/example_dags/tutorial_taskflow_api_virtualenv.py
[2026-05-17T21:18:28.945+0000] {logging_mixin.py:188} INFO - [2026-05-17T21:18:28.945+0000] {dag.py:3047} INFO - Sync 1 DAGs
[2026-05-17T21:18:28.956+0000] {logging_mixin.py:188} INFO - [2026-05-17T21:18:28.955+0000] {dag.py:3834} INFO - Setting next_dagrun for tutorial_taskflow_api_virtualenv to None, run_after=None
[2026-05-17T21:18:28.975+0000] {processor.py:183} INFO - Processing /home/airflow/.local/lib/python3.8/site-packages/airflow/example_dags/tutorial_taskflow_api_virtualenv.py took 0.063 seconds
[2026-05-17T21:18:59.250+0000] {processor.py:161} INFO - Started process (PID=2497) to work on /home/airflow/.local/lib/python3.8/site-packages/airflow/example_dags/tutorial_taskflow_api_virtualenv.py
[2026-05-17T21:18:59.251+0000] {processor.py:830} INFO - Processing file /home/airflow/.local/lib/python3.8/site-packages/airflow/example_dags/tutorial_taskflow_api_virtualenv.py for tasks to queue
[2026-05-17T21:18:59.255+0000] {logging_mixin.py:188} INFO - [2026-05-17T21:18:59.254+0000] {dagbag.py:540} INFO - Filling up the DagBag from /home/airflow/.local/lib/python3.8/site-packages/airflow/example_dags/tutorial_taskflow_api_virtualenv.py
[2026-05-17T21:18:59.266+0000] {processor.py:840} INFO - DAG(s) 'tutorial_taskflow_api_virtualenv' retrieved from /home/airflow/.local/lib/python3.8/site-packages/airflow/example_dags/tutorial_taskflow_api_virtualenv.py
[2026-05-17T21:18:59.303+0000] {logging_mixin.py:188} INFO - [2026-05-17T21:18:59.302+0000] {dag.py:3047} INFO - Sync 1 DAGs
[2026-05-17T21:18:59.316+0000] {logging_mixin.py:188} INFO - [2026-05-17T21:18:59.316+0000] {dag.py:3834} INFO - Setting next_dagrun for tutorial_taskflow_api_virtualenv to None, run_after=None
[2026-05-17T21:18:59.344+0000] {processor.py:183} INFO - Processing /home/airflow/.local/lib/python3.8/site-packages/airflow/example_dags/tutorial_taskflow_api_virtualenv.py took 0.096 seconds
[2026-05-17T21:19:29.434+0000] {processor.py:161} INFO - Started process (PID=2552) to work on /home/airflow/.local/lib/python3.8/site-packages/airflow/example_dags/tutorial_taskflow_api_virtualenv.py
[2026-05-17T21:19:29.435+0000] {processor.py:830} INFO - Processing file /home/airflow/.local/lib/python3.8/site-packages/airflow/example_dags/tutorial_taskflow_api_virtualenv.py for tasks to queue
[2026-05-17T21:19:29.437+0000] {logging_mixin.py:188} INFO - [2026-05-17T21:19:29.437+0000] {dagbag.py:540} INFO - Filling up the DagBag from /home/airflow/.local/lib/python3.8/site-packages/airflow/example_dags/tutorial_taskflow_api_virtualenv.py
[2026-05-17T21:19:29.445+0000] {processor.py:840} INFO - DAG(s) 'tutorial_taskflow_api_virtualenv' retrieved from /home/airflow/.local/lib/python3.8/site-packages/airflow/example_dags/tutorial_taskflow_api_virtualenv.py
[2026-05-17T21:19:29.471+0000] {logging_mixin.py:188} INFO - [2026-05-17T21:19:29.470+0000] {dag.py:3047} INFO - Sync 1 DAGs
[2026-05-17T21:19:29.488+0000] {logging_mixin.py:188} INFO - [2026-05-17T21:19:29.487+0000] {dag.py:3834} INFO - Setting next_dagrun for tutorial_taskflow_api_virtualenv to None, run_after=None
[2026-05-17T21:19:29.508+0000] {processor.py:183} INFO - Processing /home/airflow/.local/lib/python3.8/site-packages/airflow/example_dags/tutorial_taskflow_api_virtualenv.py took 0.077 seconds
[2026-05-17T21:19:59.566+0000] {processor.py:161} INFO - Started process (PID=2607) to work on /home/airflow/.local/lib/python3.8/site-packages/airflow/example_dags/tutorial_taskflow_api_virtualenv.py
[2026-05-17T21:19:59.567+0000] {processor.py:830} INFO - Processing file /home/airflow/.local/lib/python3.8/site-packages/airflow/example_dags/tutorial_taskflow_api_virtualenv.py for tasks to queue
[2026-05-17T21:19:59.569+0000] {logging_mixin.py:188} INFO - [2026-05-17T21:19:59.568+0000] {dagbag.py:540} INFO - Filling up the DagBag from /home/airflow/.local/lib/python3.8/site-packages/airflow/example_dags/tutorial_taskflow_api_virtualenv.py
[2026-05-17T21:19:59.577+0000] {processor.py:840} INFO - DAG(s) 'tutorial_taskflow_api_virtualenv' retrieved from /home/airflow/.local/lib/python3.8/site-packages/airflow/example_dags/tutorial_taskflow_api_virtualenv.py
[2026-05-17T21:19:59.595+0000] {logging_mixin.py:188} INFO - [2026-05-17T21:19:59.595+0000] {dag.py:3047} INFO - Sync 1 DAGs
[2026-05-17T21:19:59.604+0000] {logging_mixin.py:188} INFO - [2026-05-17T21:19:59.604+0000] {dag.py:3834} INFO - Setting next_dagrun for tutorial_taskflow_api_virtualenv to None, run_after=None
[2026-05-17T21:19:59.623+0000] {processor.py:183} INFO - Processing /home/airflow/.local/lib/python3.8/site-packages/airflow/example_dags/tutorial_taskflow_api_virtualenv.py took 0.060 seconds
[2026-05-17T21:20:29.754+0000] {processor.py:161} INFO - Started process (PID=2662) to work on /home/airflow/.local/lib/python3.8/site-packages/airflow/example_dags/tutorial_taskflow_api_virtualenv.py
[2026-05-17T21:20:29.755+0000] {processor.py:830} INFO - Processing file /home/airflow/.local/lib/python3.8/site-packages/airflow/example_dags/tutorial_taskflow_api_virtualenv.py for tasks to queue
[2026-05-17T21:20:29.758+0000] {logging_mixin.py:188} INFO - [2026-05-17T21:20:29.757+0000] {dagbag.py:540} INFO - Filling up the DagBag from /home/airflow/.local/lib/python3.8/site-packages/airflow/example_dags/tutorial_taskflow_api_virtualenv.py
[2026-05-17T21:20:29.769+0000] {processor.py:840} INFO - DAG(s) 'tutorial_taskflow_api_virtualenv' retrieved from /home/airflow/.local/lib/python3.8/site-packages/airflow/example_dags/tutorial_taskflow_api_virtualenv.py
[2026-05-17T21:20:29.791+0000] {logging_mixin.py:188} INFO - [2026-05-17T21:20:29.790+0000] {dag.py:3047} INFO - Sync 1 DAGs
[2026-05-17T21:20:29.801+0000] {logging_mixin.py:188} INFO - [2026-05-17T21:20:29.801+0000] {dag.py:3834} INFO - Setting next_dagrun for tutorial_taskflow_api_virtualenv to None, run_after=None
[2026-05-17T21:20:29.822+0000] {processor.py:183} INFO - Processing /home/airflow/.local/lib/python3.8/site-packages/airflow/example_dags/tutorial_taskflow_api_virtualenv.py took 0.071 seconds
[2026-05-17T21:20:59.991+0000] {processor.py:161} INFO - Started process (PID=2717) to work on /home/airflow/.local/lib/python3.8/site-packages/airflow/example_dags/tutorial_taskflow_api_virtualenv.py
[2026-05-17T21:20:59.992+0000] {processor.py:830} INFO - Processing file /home/airflow/.local/lib/python3.8/site-packages/airflow/example_dags/tutorial_taskflow_api_virtualenv.py for tasks to queue
[2026-05-17T21:20:59.994+0000] {logging_mixin.py:188} INFO - [2026-05-17T21:20:59.994+0000] {dagbag.py:540} INFO - Filling up the DagBag from /home/airflow/.local/lib/python3.8/site-packages/airflow/example_dags/tutorial_taskflow_api_virtualenv.py
[2026-05-17T21:21:00.003+0000] {processor.py:840} INFO - DAG(s) 'tutorial_taskflow_api_virtualenv' retrieved from /home/airflow/.local/lib/python3.8/site-packages/airflow/example_dags/tutorial_taskflow_api_virtualenv.py
[2026-05-17T21:21:00.025+0000] {logging_mixin.py:188} INFO - [2026-05-17T21:21:00.025+0000] {dag.py:3047} INFO - Sync 1 DAGs
[2026-05-17T21:21:00.036+0000] {logging_mixin.py:188} INFO - [2026-05-17T21:21:00.036+0000] {dag.py:3834} INFO - Setting next_dagrun for tutorial_taskflow_api_virtualenv to None, run_after=None
[2026-05-17T21:21:00.056+0000] {processor.py:183} INFO - Processing /home/airflow/.local/lib/python3.8/site-packages/airflow/example_dags/tutorial_taskflow_api_virtualenv.py took 0.068 seconds
[2026-05-17T21:21:30.225+0000] {processor.py:161} INFO - Started process (PID=2772) to work on /home/airflow/.local/lib/python3.8/site-packages/airflow/example_dags/tutorial_taskflow_api_virtualenv.py
[2026-05-17T21:21:30.226+0000] {processor.py:830} INFO - Processing file /home/airflow/.local/lib/python3.8/site-packages/airflow/example_dags/tutorial_taskflow_api_virtualenv.py for tasks to queue
[2026-05-17T21:21:30.228+0000] {logging_mixin.py:188} INFO - [2026-05-17T21:21:30.228+0000] {dagbag.py:540} INFO - Filling up the DagBag from /home/airflow/.local/lib/python3.8/site-packages/airflow/example_dags/tutorial_taskflow_api_virtualenv.py
[2026-05-17T21:21:30.237+0000] {processor.py:840} INFO - DAG(s) 'tutorial_taskflow_api_virtualenv' retrieved from /home/airflow/.local/lib/python3.8/site-packages/airflow/example_dags/tutorial_taskflow_api_virtualenv.py
[2026-05-17T21:21:30.257+0000] {logging_mixin.py:188} INFO - [2026-05-17T21:21:30.257+0000] {dag.py:3047} INFO - Sync 1 DAGs
[2026-05-17T21:21:30.270+0000] {logging_mixin.py:188} INFO - [2026-05-17T21:21:30.269+0000] {dag.py:3834} INFO - Setting next_dagrun for tutorial_taskflow_api_virtualenv to None, run_after=None
[2026-05-17T21:21:30.293+0000] {processor.py:183} INFO - Processing /home/airflow/.local/lib/python3.8/site-packages/airflow/example_dags/tutorial_taskflow_api_virtualenv.py took 0.070 seconds
[2026-05-17T21:22:00.374+0000] {processor.py:161} INFO - Started process (PID=2825) to work on /home/airflow/.local/lib/python3.8/site-packages/airflow/example_dags/tutorial_taskflow_api_virtualenv.py
[2026-05-17T21:22:00.376+0000] {processor.py:830} INFO - Processing file /home/airflow/.local/lib/python3.8/site-packages/airflow/example_dags/tutorial_taskflow_api_virtualenv.py for tasks to queue
[2026-05-17T21:22:00.378+0000] {logging_mixin.py:188} INFO - [2026-05-17T21:22:00.378+0000] {dagbag.py:540} INFO - Filling up the DagBag from /home/airflow/.local/lib/python3.8/site-packages/airflow/example_dags/tutorial_taskflow_api_virtualenv.py
[2026-05-17T21:22:00.388+0000] {processor.py:840} INFO - DAG(s) 'tutorial_taskflow_api_virtualenv' retrieved from /home/airflow/.local/lib/python3.8/site-packages/airflow/example_dags/tutorial_taskflow_api_virtualenv.py
[2026-05-17T21:22:00.409+0000] {logging_mixin.py:188} INFO - [2026-05-17T21:22:00.408+0000] {dag.py:3047} INFO - Sync 1 DAGs
[2026-05-17T21:22:00.419+0000] {logging_mixin.py:188} INFO - [2026-05-17T21:22:00.419+0000] {dag.py:3834} INFO - Setting next_dagrun for tutorial_taskflow_api_virtualenv to None, run_after=None
[2026-05-17T21:22:00.435+0000] {processor.py:183} INFO - Processing /home/airflow/.local/lib/python3.8/site-packages/airflow/example_dags/tutorial_taskflow_api_virtualenv.py took 0.063 seconds
[2026-05-17T21:22:30.561+0000] {processor.py:161} INFO - Started process (PID=2880) to work on /home/airflow/.local/lib/python3.8/site-packages/airflow/example_dags/tutorial_taskflow_api_virtualenv.py
[2026-05-17T21:22:30.562+0000] {processor.py:830} INFO - Processing file /home/airflow/.local/lib/python3.8/site-packages/airflow/example_dags/tutorial_taskflow_api_virtualenv.py for tasks to queue
[2026-05-17T21:22:30.564+0000] {logging_mixin.py:188} INFO - [2026-05-17T21:22:30.564+0000] {dagbag.py:540} INFO - Filling up the DagBag from /home/airflow/.local/lib/python3.8/site-packages/airflow/example_dags/tutorial_taskflow_api_virtualenv.py
[2026-05-17T21:22:30.573+0000] {processor.py:840} INFO - DAG(s) 'tutorial_taskflow_api_virtualenv' retrieved from /home/airflow/.local/lib/python3.8/site-packages/airflow/example_dags/tutorial_taskflow_api_virtualenv.py
[2026-05-17T21:22:30.593+0000] {logging_mixin.py:188} INFO - [2026-05-17T21:22:30.593+0000] {dag.py:3047} INFO - Sync 1 DAGs
[2026-05-17T21:22:30.603+0000] {logging_mixin.py:188} INFO - [2026-05-17T21:22:30.603+0000] {dag.py:3834} INFO - Setting next_dagrun for tutorial_taskflow_api_virtualenv to None, run_after=None
[2026-05-17T21:22:30.618+0000] {processor.py:183} INFO - Processing /home/airflow/.local/lib/python3.8/site-packages/airflow/example_dags/tutorial_taskflow_api_virtualenv.py took 0.061 seconds
[2026-05-17T21:23:01.475+0000] {processor.py:161} INFO - Started process (PID=2935) to work on /home/airflow/.local/lib/python3.8/site-packages/airflow/example_dags/tutorial_taskflow_api_virtualenv.py
[2026-05-17T21:23:01.476+0000] {processor.py:830} INFO - Processing file /home/airflow/.local/lib/python3.8/site-packages/airflow/example_dags/tutorial_taskflow_api_virtualenv.py for tasks to queue
[2026-05-17T21:23:01.478+0000] {logging_mixin.py:188} INFO - [2026-05-17T21:23:01.478+0000] {dagbag.py:540} INFO - Filling up the DagBag from /home/airflow/.local/lib/python3.8/site-packages/airflow/example_dags/tutorial_taskflow_api_virtualenv.py
[2026-05-17T21:23:01.486+0000] {processor.py:840} INFO - DAG(s) 'tutorial_taskflow_api_virtualenv' retrieved from /home/airflow/.local/lib/python3.8/site-packages/airflow/example_dags/tutorial_taskflow_api_virtualenv.py
[2026-05-17T21:23:01.504+0000] {logging_mixin.py:188} INFO - [2026-05-17T21:23:01.504+0000] {dag.py:3047} INFO - Sync 1 DAGs
[2026-05-17T21:23:01.514+0000] {logging_mixin.py:188} INFO - [2026-05-17T21:23:01.513+0000] {dag.py:3834} INFO - Setting next_dagrun for tutorial_taskflow_api_virtualenv to None, run_after=None
[2026-05-17T21:23:01.540+0000] {processor.py:183} INFO - Processing /home/airflow/.local/lib/python3.8/site-packages/airflow/example_dags/tutorial_taskflow_api_virtualenv.py took 0.069 seconds
[2026-05-17T21:23:31.761+0000] {processor.py:161} INFO - Started process (PID=2991) to work on /home/airflow/.local/lib/python3.8/site-packages/airflow/example_dags/tutorial_taskflow_api_virtualenv.py
[2026-05-17T21:23:31.762+0000] {processor.py:830} INFO - Processing file /home/airflow/.local/lib/python3.8/site-packages/airflow/example_dags/tutorial_taskflow_api_virtualenv.py for tasks to queue
[2026-05-17T21:23:31.764+0000] {logging_mixin.py:188} INFO - [2026-05-17T21:23:31.764+0000] {dagbag.py:540} INFO - Filling up the DagBag from /home/airflow/.local/lib/python3.8/site-packages/airflow/example_dags/tutorial_taskflow_api_virtualenv.py
[2026-05-17T21:23:31.773+0000] {processor.py:840} INFO - DAG(s) 'tutorial_taskflow_api_virtualenv' retrieved from /home/airflow/.local/lib/python3.8/site-packages/airflow/example_dags/tutorial_taskflow_api_virtualenv.py
[2026-05-17T21:23:31.791+0000] {logging_mixin.py:188} INFO - [2026-05-17T21:23:31.790+0000] {dag.py:3047} INFO - Sync 1 DAGs
[2026-05-17T21:23:31.800+0000] {logging_mixin.py:188} INFO - [2026-05-17T21:23:31.799+0000] {dag.py:3834} INFO - Setting next_dagrun for tutorial_taskflow_api_virtualenv to None, run_after=None
[2026-05-17T21:23:31.817+0000] {processor.py:183} INFO - Processing /home/airflow/.local/lib/python3.8/site-packages/airflow/example_dags/tutorial_taskflow_api_virtualenv.py took 0.059 seconds
[2026-05-17T21:24:02.749+0000] {processor.py:161} INFO - Started process (PID=3046) to work on /home/airflow/.local/lib/python3.8/site-packages/airflow/example_dags/tutorial_taskflow_api_virtualenv.py
[2026-05-17T21:24:02.750+0000] {processor.py:830} INFO - Processing file /home/airflow/.local/lib/python3.8/site-packages/airflow/example_dags/tutorial_taskflow_api_virtualenv.py for tasks to queue
[2026-05-17T21:24:02.752+0000] {logging_mixin.py:188} INFO - [2026-05-17T21:24:02.751+0000] {dagbag.py:540} INFO - Filling up the DagBag from /home/airflow/.local/lib/python3.8/site-packages/airflow/example_dags/tutorial_taskflow_api_virtualenv.py
[2026-05-17T21:24:02.760+0000] {processor.py:840} INFO - DAG(s) 'tutorial_taskflow_api_virtualenv' retrieved from /home/airflow/.local/lib/python3.8/site-packages/airflow/example_dags/tutorial_taskflow_api_virtualenv.py
[2026-05-17T21:24:02.778+0000] {logging_mixin.py:188} INFO - [2026-05-17T21:24:02.778+0000] {dag.py:3047} INFO - Sync 1 DAGs
[2026-05-17T21:24:02.787+0000] {logging_mixin.py:188} INFO - [2026-05-17T21:24:02.787+0000] {dag.py:3834} INFO - Setting next_dagrun for tutorial_taskflow_api_virtualenv to None, run_after=None
[2026-05-17T21:24:02.804+0000] {processor.py:183} INFO - Processing /home/airflow/.local/lib/python3.8/site-packages/airflow/example_dags/tutorial_taskflow_api_virtualenv.py took 0.059 seconds
[2026-05-17T21:24:33.665+0000] {processor.py:161} INFO - Started process (PID=3101) to work on /home/airflow/.local/lib/python3.8/site-packages/airflow/example_dags/tutorial_taskflow_api_virtualenv.py
[2026-05-17T21:24:33.666+0000] {processor.py:830} INFO - Processing file /home/airflow/.local/lib/python3.8/site-packages/airflow/example_dags/tutorial_taskflow_api_virtualenv.py for tasks to queue
[2026-05-17T21:24:33.668+0000] {logging_mixin.py:188} INFO - [2026-05-17T21:24:33.668+0000] {dagbag.py:540} INFO - Filling up the DagBag from /home/airflow/.local/lib/python3.8/site-packages/airflow/example_dags/tutorial_taskflow_api_virtualenv.py
[2026-05-17T21:24:33.676+0000] {processor.py:840} INFO - DAG(s) 'tutorial_taskflow_api_virtualenv' retrieved from /home/airflow/.local/lib/python3.8/site-packages/airflow/example_dags/tutorial_taskflow_api_virtualenv.py
[2026-05-17T21:24:33.694+0000] {logging_mixin.py:188} INFO - [2026-05-17T21:24:33.694+0000] {dag.py:3047} INFO - Sync 1 DAGs
[2026-05-17T21:24:33.703+0000] {logging_mixin.py:188} INFO - [2026-05-17T21:24:33.703+0000] {dag.py:3834} INFO - Setting next_dagrun for tutorial_taskflow_api_virtualenv to None, run_after=None
[2026-05-17T21:24:33.720+0000] {processor.py:183} INFO - Processing /home/airflow/.local/lib/python3.8/site-packages/airflow/example_dags/tutorial_taskflow_api_virtualenv.py took 0.059 seconds
[2026-05-17T21:25:04.477+0000] {processor.py:161} INFO - Started process (PID=3156) to work on /home/airflow/.local/lib/python3.8/site-packages/airflow/example_dags/tutorial_taskflow_api_virtualenv.py
[2026-05-17T21:25:04.479+0000] {processor.py:830} INFO - Processing file /home/airflow/.local/lib/python3.8/site-packages/airflow/example_dags/tutorial_taskflow_api_virtualenv.py for tasks to queue
[2026-05-17T21:25:04.486+0000] {logging_mixin.py:188} INFO - [2026-05-17T21:25:04.484+0000] {dagbag.py:540} INFO - Filling up the DagBag from /home/airflow/.local/lib/python3.8/site-packages/airflow/example_dags/tutorial_taskflow_api_virtualenv.py
[2026-05-17T21:25:04.504+0000] {processor.py:840} INFO - DAG(s) 'tutorial_taskflow_api_virtualenv' retrieved from /home/airflow/.local/lib/python3.8/site-packages/airflow/example_dags/tutorial_taskflow_api_virtualenv.py
[2026-05-17T21:25:04.542+0000] {logging_mixin.py:188} INFO - [2026-05-17T21:25:04.542+0000] {dag.py:3047} INFO - Sync 1 DAGs
[2026-05-17T21:25:04.565+0000] {logging_mixin.py:188} INFO - [2026-05-17T21:25:04.565+0000] {dag.py:3834} INFO - Setting next_dagrun for tutorial_taskflow_api_virtualenv to None, run_after=None
[2026-05-17T21:25:04.594+0000] {processor.py:183} INFO - Processing /home/airflow/.local/lib/python3.8/site-packages/airflow/example_dags/tutorial_taskflow_api_virtualenv.py took 0.120 seconds
[2026-05-17T21:25:35.313+0000] {processor.py:161} INFO - Started process (PID=3211) to work on /home/airflow/.local/lib/python3.8/site-packages/airflow/example_dags/tutorial_taskflow_api_virtualenv.py
[2026-05-17T21:25:35.315+0000] {processor.py:830} INFO - Processing file /home/airflow/.local/lib/python3.8/site-packages/airflow/example_dags/tutorial_taskflow_api_virtualenv.py for tasks to queue
[2026-05-17T21:25:35.317+0000] {logging_mixin.py:188} INFO - [2026-05-17T21:25:35.317+0000] {dagbag.py:540} INFO - Filling up the DagBag from /home/airflow/.local/lib/python3.8/site-packages/airflow/example_dags/tutorial_taskflow_api_virtualenv.py
[2026-05-17T21:25:35.328+0000] {processor.py:840} INFO - DAG(s) 'tutorial_taskflow_api_virtualenv' retrieved from /home/airflow/.local/lib/python3.8/site-packages/airflow/example_dags/tutorial_taskflow_api_virtualenv.py
[2026-05-17T21:25:35.351+0000] {logging_mixin.py:188} INFO - [2026-05-17T21:25:35.351+0000] {dag.py:3047} INFO - Sync 1 DAGs
[2026-05-17T21:25:35.363+0000] {logging_mixin.py:188} INFO - [2026-05-17T21:25:35.362+0000] {dag.py:3834} INFO - Setting next_dagrun for tutorial_taskflow_api_virtualenv to None, run_after=None
[2026-05-17T21:25:35.386+0000] {processor.py:183} INFO - Processing /home/airflow/.local/lib/python3.8/site-packages/airflow/example_dags/tutorial_taskflow_api_virtualenv.py took 0.076 seconds
[2026-05-17T21:26:06.073+0000] {processor.py:161} INFO - Started process (PID=3266) to work on /home/airflow/.local/lib/python3.8/site-packages/airflow/example_dags/tutorial_taskflow_api_virtualenv.py
[2026-05-17T21:26:06.074+0000] {processor.py:830} INFO - Processing file /home/airflow/.local/lib/python3.8/site-packages/airflow/example_dags/tutorial_taskflow_api_virtualenv.py for tasks to queue
[2026-05-17T21:26:06.076+0000] {logging_mixin.py:188} INFO - [2026-05-17T21:26:06.076+0000] {dagbag.py:540} INFO - Filling up the DagBag from /home/airflow/.local/lib/python3.8/site-packages/airflow/example_dags/tutorial_taskflow_api_virtualenv.py
[2026-05-17T21:26:06.084+0000] {processor.py:840} INFO - DAG(s) 'tutorial_taskflow_api_virtualenv' retrieved from /home/airflow/.local/lib/python3.8/site-packages/airflow/example_dags/tutorial_taskflow_api_virtualenv.py
[2026-05-17T21:26:06.101+0000] {logging_mixin.py:188} INFO - [2026-05-17T21:26:06.101+0000] {dag.py:3047} INFO - Sync 1 DAGs
[2026-05-17T21:26:06.110+0000] {logging_mixin.py:188} INFO - [2026-05-17T21:26:06.110+0000] {dag.py:3834} INFO - Setting next_dagrun for tutorial_taskflow_api_virtualenv to None, run_after=None
[2026-05-17T21:26:06.124+0000] {processor.py:183} INFO - Processing /home/airflow/.local/lib/python3.8/site-packages/airflow/example_dags/tutorial_taskflow_api_virtualenv.py took 0.054 seconds
[2026-05-17T21:26:37.038+0000] {processor.py:161} INFO - Started process (PID=3321) to work on /home/airflow/.local/lib/python3.8/site-packages/airflow/example_dags/tutorial_taskflow_api_virtualenv.py
[2026-05-17T21:26:37.050+0000] {processor.py:830} INFO - Processing file /home/airflow/.local/lib/python3.8/site-packages/airflow/example_dags/tutorial_taskflow_api_virtualenv.py for tasks to queue
[2026-05-17T21:26:37.055+0000] {logging_mixin.py:188} INFO - [2026-05-17T21:26:37.054+0000] {dagbag.py:540} INFO - Filling up the DagBag from /home/airflow/.local/lib/python3.8/site-packages/airflow/example_dags/tutorial_taskflow_api_virtualenv.py
[2026-05-17T21:26:37.092+0000] {processor.py:840} INFO - DAG(s) 'tutorial_taskflow_api_virtualenv' retrieved from /home/airflow/.local/lib/python3.8/site-packages/airflow/example_dags/tutorial_taskflow_api_virtualenv.py
[2026-05-17T21:26:37.122+0000] {logging_mixin.py:188} INFO - [2026-05-17T21:26:37.122+0000] {dag.py:3047} INFO - Sync 1 DAGs
[2026-05-17T21:26:37.136+0000] {logging_mixin.py:188} INFO - [2026-05-17T21:26:37.135+0000] {dag.py:3834} INFO - Setting next_dagrun for tutorial_taskflow_api_virtualenv to None, run_after=None
[2026-05-17T21:26:37.154+0000] {processor.py:183} INFO - Processing /home/airflow/.local/lib/python3.8/site-packages/airflow/example_dags/tutorial_taskflow_api_virtualenv.py took 0.136 seconds
[2026-05-17T21:27:07.824+0000] {processor.py:161} INFO - Started process (PID=3376) to work on /home/airflow/.local/lib/python3.8/site-packages/airflow/example_dags/tutorial_taskflow_api_virtualenv.py
[2026-05-17T21:27:07.826+0000] {processor.py:830} INFO - Processing file /home/airflow/.local/lib/python3.8/site-packages/airflow/example_dags/tutorial_taskflow_api_virtualenv.py for tasks to queue
[2026-05-17T21:27:07.828+0000] {logging_mixin.py:188} INFO - [2026-05-17T21:27:07.827+0000] {dagbag.py:540} INFO - Filling up the DagBag from /home/airflow/.local/lib/python3.8/site-packages/airflow/example_dags/tutorial_taskflow_api_virtualenv.py
[2026-05-17T21:27:07.837+0000] {processor.py:840} INFO - DAG(s) 'tutorial_taskflow_api_virtualenv' retrieved from /home/airflow/.local/lib/python3.8/site-packages/airflow/example_dags/tutorial_taskflow_api_virtualenv.py
[2026-05-17T21:27:07.859+0000] {logging_mixin.py:188} INFO - [2026-05-17T21:27:07.859+0000] {dag.py:3047} INFO - Sync 1 DAGs
[2026-05-17T21:27:07.870+0000] {logging_mixin.py:188} INFO - [2026-05-17T21:27:07.870+0000] {dag.py:3834} INFO - Setting next_dagrun for tutorial_taskflow_api_virtualenv to None, run_after=None
[2026-05-17T21:27:07.888+0000] {processor.py:183} INFO - Processing /home/airflow/.local/lib/python3.8/site-packages/airflow/example_dags/tutorial_taskflow_api_virtualenv.py took 0.067 seconds
[2026-05-17T21:27:38.688+0000] {processor.py:161} INFO - Started process (PID=3431) to work on /home/airflow/.local/lib/python3.8/site-packages/airflow/example_dags/tutorial_taskflow_api_virtualenv.py
[2026-05-17T21:27:38.690+0000] {processor.py:830} INFO - Processing file /home/airflow/.local/lib/python3.8/site-packages/airflow/example_dags/tutorial_taskflow_api_virtualenv.py for tasks to queue
[2026-05-17T21:27:38.692+0000] {logging_mixin.py:188} INFO - [2026-05-17T21:27:38.691+0000] {dagbag.py:540} INFO - Filling up the DagBag from /home/airflow/.local/lib/python3.8/site-packages/airflow/example_dags/tutorial_taskflow_api_virtualenv.py
[2026-05-17T21:27:38.700+0000] {processor.py:840} INFO - DAG(s) 'tutorial_taskflow_api_virtualenv' retrieved from /home/airflow/.local/lib/python3.8/site-packages/airflow/example_dags/tutorial_taskflow_api_virtualenv.py
[2026-05-17T21:27:38.717+0000] {logging_mixin.py:188} INFO - [2026-05-17T21:27:38.716+0000] {dag.py:3047} INFO - Sync 1 DAGs
[2026-05-17T21:27:38.727+0000] {logging_mixin.py:188} INFO - [2026-05-17T21:27:38.727+0000] {dag.py:3834} INFO - Setting next_dagrun for tutorial_taskflow_api_virtualenv to None, run_after=None
[2026-05-17T21:27:38.744+0000] {processor.py:183} INFO - Processing /home/airflow/.local/lib/python3.8/site-packages/airflow/example_dags/tutorial_taskflow_api_virtualenv.py took 0.058 seconds
[2026-05-17T21:28:08.790+0000] {processor.py:161} INFO - Started process (PID=3486) to work on /home/airflow/.local/lib/python3.8/site-packages/airflow/example_dags/tutorial_taskflow_api_virtualenv.py
[2026-05-17T21:28:08.791+0000] {processor.py:830} INFO - Processing file /home/airflow/.local/lib/python3.8/site-packages/airflow/example_dags/tutorial_taskflow_api_virtualenv.py for tasks to queue
[2026-05-17T21:28:08.793+0000] {logging_mixin.py:188} INFO - [2026-05-17T21:28:08.793+0000] {dagbag.py:540} INFO - Filling up the DagBag from /home/airflow/.local/lib/python3.8/site-packages/airflow/example_dags/tutorial_taskflow_api_virtualenv.py
[2026-05-17T21:28:08.804+0000] {processor.py:840} INFO - DAG(s) 'tutorial_taskflow_api_virtualenv' retrieved from /home/airflow/.local/lib/python3.8/site-packages/airflow/example_dags/tutorial_taskflow_api_virtualenv.py
[2026-05-17T21:28:08.823+0000] {logging_mixin.py:188} INFO - [2026-05-17T21:28:08.823+0000] {dag.py:3047} INFO - Sync 1 DAGs
[2026-05-17T21:28:08.832+0000] {logging_mixin.py:188} INFO - [2026-05-17T21:28:08.832+0000] {dag.py:3834} INFO - Setting next_dagrun for tutorial_taskflow_api_virtualenv to None, run_after=None
[2026-05-17T21:28:08.852+0000] {processor.py:183} INFO - Processing /home/airflow/.local/lib/python3.8/site-packages/airflow/example_dags/tutorial_taskflow_api_virtualenv.py took 0.065 seconds
[2026-05-17T21:28:39.170+0000] {processor.py:161} INFO - Started process (PID=3542) to work on /home/airflow/.local/lib/python3.8/site-packages/airflow/example_dags/tutorial_taskflow_api_virtualenv.py
[2026-05-17T21:28:39.172+0000] {processor.py:830} INFO - Processing file /home/airflow/.local/lib/python3.8/site-packages/airflow/example_dags/tutorial_taskflow_api_virtualenv.py for tasks to queue
[2026-05-17T21:28:39.174+0000] {logging_mixin.py:188} INFO - [2026-05-17T21:28:39.173+0000] {dagbag.py:540} INFO - Filling up the DagBag from /home/airflow/.local/lib/python3.8/site-packages/airflow/example_dags/tutorial_taskflow_api_virtualenv.py
[2026-05-17T21:28:39.185+0000] {processor.py:840} INFO - DAG(s) 'tutorial_taskflow_api_virtualenv' retrieved from /home/airflow/.local/lib/python3.8/site-packages/airflow/example_dags/tutorial_taskflow_api_virtualenv.py
[2026-05-17T21:28:39.206+0000] {logging_mixin.py:188} INFO - [2026-05-17T21:28:39.206+0000] {dag.py:3047} INFO - Sync 1 DAGs
[2026-05-17T21:28:39.217+0000] {logging_mixin.py:188} INFO - [2026-05-17T21:28:39.217+0000] {dag.py:3834} INFO - Setting next_dagrun for tutorial_taskflow_api_virtualenv to None, run_after=None
[2026-05-17T21:28:39.236+0000] {processor.py:183} INFO - Processing /home/airflow/.local/lib/python3.8/site-packages/airflow/example_dags/tutorial_taskflow_api_virtualenv.py took 0.070 seconds
[2026-05-17T21:29:09.800+0000] {processor.py:161} INFO - Started process (PID=3597) to work on /home/airflow/.local/lib/python3.8/site-packages/airflow/example_dags/tutorial_taskflow_api_virtualenv.py
[2026-05-17T21:29:09.801+0000] {processor.py:830} INFO - Processing file /home/airflow/.local/lib/python3.8/site-packages/airflow/example_dags/tutorial_taskflow_api_virtualenv.py for tasks to queue
[2026-05-17T21:29:09.803+0000] {logging_mixin.py:188} INFO - [2026-05-17T21:29:09.803+0000] {dagbag.py:540} INFO - Filling up the DagBag from /home/airflow/.local/lib/python3.8/site-packages/airflow/example_dags/tutorial_taskflow_api_virtualenv.py
[2026-05-17T21:29:09.815+0000] {processor.py:840} INFO - DAG(s) 'tutorial_taskflow_api_virtualenv' retrieved from /home/airflow/.local/lib/python3.8/site-packages/airflow/example_dags/tutorial_taskflow_api_virtualenv.py
[2026-05-17T21:29:09.834+0000] {logging_mixin.py:188} INFO - [2026-05-17T21:29:09.834+0000] {dag.py:3047} INFO - Sync 1 DAGs
[2026-05-17T21:29:09.846+0000] {logging_mixin.py:188} INFO - [2026-05-17T21:29:09.845+0000] {dag.py:3834} INFO - Setting next_dagrun for tutorial_taskflow_api_virtualenv to None, run_after=None
[2026-05-17T21:29:09.866+0000] {processor.py:183} INFO - Processing /home/airflow/.local/lib/python3.8/site-packages/airflow/example_dags/tutorial_taskflow_api_virtualenv.py took 0.069 seconds
[2026-05-17T21:29:40.719+0000] {processor.py:161} INFO - Started process (PID=3652) to work on /home/airflow/.local/lib/python3.8/site-packages/airflow/example_dags/tutorial_taskflow_api_virtualenv.py
[2026-05-17T21:29:40.720+0000] {processor.py:830} INFO - Processing file /home/airflow/.local/lib/python3.8/site-packages/airflow/example_dags/tutorial_taskflow_api_virtualenv.py for tasks to queue
[2026-05-17T21:29:40.723+0000] {logging_mixin.py:188} INFO - [2026-05-17T21:29:40.722+0000] {dagbag.py:540} INFO - Filling up the DagBag from /home/airflow/.local/lib/python3.8/site-packages/airflow/example_dags/tutorial_taskflow_api_virtualenv.py
[2026-05-17T21:29:40.739+0000] {processor.py:840} INFO - DAG(s) 'tutorial_taskflow_api_virtualenv' retrieved from /home/airflow/.local/lib/python3.8/site-packages/airflow/example_dags/tutorial_taskflow_api_virtualenv.py
[2026-05-17T21:29:40.779+0000] {logging_mixin.py:188} INFO - [2026-05-17T21:29:40.777+0000] {dag.py:3047} INFO - Sync 1 DAGs
[2026-05-17T21:29:40.798+0000] {logging_mixin.py:188} INFO - [2026-05-17T21:29:40.798+0000] {dag.py:3834} INFO - Setting next_dagrun for tutorial_taskflow_api_virtualenv to None, run_after=None
[2026-05-17T21:29:40.833+0000] {processor.py:183} INFO - Processing /home/airflow/.local/lib/python3.8/site-packages/airflow/example_dags/tutorial_taskflow_api_virtualenv.py took 0.117 seconds
[2026-05-17T21:30:10.952+0000] {processor.py:161} INFO - Started process (PID=3707) to work on /home/airflow/.local/lib/python3.8/site-packages/airflow/example_dags/tutorial_taskflow_api_virtualenv.py
[2026-05-17T21:30:10.954+0000] {processor.py:830} INFO - Processing file /home/airflow/.local/lib/python3.8/site-packages/airflow/example_dags/tutorial_taskflow_api_virtualenv.py for tasks to queue
[2026-05-17T21:30:10.956+0000] {logging_mixin.py:188} INFO - [2026-05-17T21:30:10.956+0000] {dagbag.py:540} INFO - Filling up the DagBag from /home/airflow/.local/lib/python3.8/site-packages/airflow/example_dags/tutorial_taskflow_api_virtualenv.py
[2026-05-17T21:30:10.966+0000] {processor.py:840} INFO - DAG(s) 'tutorial_taskflow_api_virtualenv' retrieved from /home/airflow/.local/lib/python3.8/site-packages/airflow/example_dags/tutorial_taskflow_api_virtualenv.py
[2026-05-17T21:30:10.983+0000] {logging_mixin.py:188} INFO - [2026-05-17T21:30:10.983+0000] {dag.py:3047} INFO - Sync 1 DAGs
[2026-05-17T21:30:10.993+0000] {logging_mixin.py:188} INFO - [2026-05-17T21:30:10.993+0000] {dag.py:3834} INFO - Setting next_dagrun for tutorial_taskflow_api_virtualenv to None, run_after=None
[2026-05-17T21:30:11.010+0000] {processor.py:183} INFO - Processing /home/airflow/.local/lib/python3.8/site-packages/airflow/example_dags/tutorial_taskflow_api_virtualenv.py took 0.062 seconds
[2026-05-17T21:30:41.404+0000] {processor.py:161} INFO - Started process (PID=3761) to work on /home/airflow/.local/lib/python3.8/site-packages/airflow/example_dags/tutorial_taskflow_api_virtualenv.py
[2026-05-17T21:30:41.406+0000] {processor.py:830} INFO - Processing file /home/airflow/.local/lib/python3.8/site-packages/airflow/example_dags/tutorial_taskflow_api_virtualenv.py for tasks to queue
[2026-05-17T21:30:41.407+0000] {logging_mixin.py:188} INFO - [2026-05-17T21:30:41.407+0000] {dagbag.py:540} INFO - Filling up the DagBag from /home/airflow/.local/lib/python3.8/site-packages/airflow/example_dags/tutorial_taskflow_api_virtualenv.py
[2026-05-17T21:30:41.417+0000] {processor.py:840} INFO - DAG(s) 'tutorial_taskflow_api_virtualenv' retrieved from /home/airflow/.local/lib/python3.8/site-packages/airflow/example_dags/tutorial_taskflow_api_virtualenv.py
[2026-05-17T21:30:41.434+0000] {logging_mixin.py:188} INFO - [2026-05-17T21:30:41.433+0000] {dag.py:3047} INFO - Sync 1 DAGs
[2026-05-17T21:30:41.443+0000] {logging_mixin.py:188} INFO - [2026-05-17T21:30:41.443+0000] {dag.py:3834} INFO - Setting next_dagrun for tutorial_taskflow_api_virtualenv to None, run_after=None
[2026-05-17T21:30:41.459+0000] {processor.py:183} INFO - Processing /home/airflow/.local/lib/python3.8/site-packages/airflow/example_dags/tutorial_taskflow_api_virtualenv.py took 0.058 seconds
[2026-05-17T21:31:11.945+0000] {processor.py:161} INFO - Started process (PID=3816) to work on /home/airflow/.local/lib/python3.8/site-packages/airflow/example_dags/tutorial_taskflow_api_virtualenv.py
[2026-05-17T21:31:11.947+0000] {processor.py:830} INFO - Processing file /home/airflow/.local/lib/python3.8/site-packages/airflow/example_dags/tutorial_taskflow_api_virtualenv.py for tasks to queue
[2026-05-17T21:31:11.950+0000] {logging_mixin.py:188} INFO - [2026-05-17T21:31:11.949+0000] {dagbag.py:540} INFO - Filling up the DagBag from /home/airflow/.local/lib/python3.8/site-packages/airflow/example_dags/tutorial_taskflow_api_virtualenv.py
[2026-05-17T21:31:11.961+0000] {processor.py:840} INFO - DAG(s) 'tutorial_taskflow_api_virtualenv' retrieved from /home/airflow/.local/lib/python3.8/site-packages/airflow/example_dags/tutorial_taskflow_api_virtualenv.py
[2026-05-17T21:31:11.984+0000] {logging_mixin.py:188} INFO - [2026-05-17T21:31:11.984+0000] {dag.py:3047} INFO - Sync 1 DAGs
[2026-05-17T21:31:11.998+0000] {logging_mixin.py:188} INFO - [2026-05-17T21:31:11.997+0000] {dag.py:3834} INFO - Setting next_dagrun for tutorial_taskflow_api_virtualenv to None, run_after=None
[2026-05-17T21:31:12.016+0000] {processor.py:183} INFO - Processing /home/airflow/.local/lib/python3.8/site-packages/airflow/example_dags/tutorial_taskflow_api_virtualenv.py took 0.076 seconds
[2026-05-17T21:31:43.038+0000] {processor.py:161} INFO - Started process (PID=3871) to work on /home/airflow/.local/lib/python3.8/site-packages/airflow/example_dags/tutorial_taskflow_api_virtualenv.py
[2026-05-17T21:31:43.039+0000] {processor.py:830} INFO - Processing file /home/airflow/.local/lib/python3.8/site-packages/airflow/example_dags/tutorial_taskflow_api_virtualenv.py for tasks to queue
[2026-05-17T21:31:43.041+0000] {logging_mixin.py:188} INFO - [2026-05-17T21:31:43.041+0000] {dagbag.py:540} INFO - Filling up the DagBag from /home/airflow/.local/lib/python3.8/site-packages/airflow/example_dags/tutorial_taskflow_api_virtualenv.py
[2026-05-17T21:31:43.050+0000] {processor.py:840} INFO - DAG(s) 'tutorial_taskflow_api_virtualenv' retrieved from /home/airflow/.local/lib/python3.8/site-packages/airflow/example_dags/tutorial_taskflow_api_virtualenv.py
[2026-05-17T21:31:43.068+0000] {logging_mixin.py:188} INFO - [2026-05-17T21:31:43.068+0000] {dag.py:3047} INFO - Sync 1 DAGs
[2026-05-17T21:31:43.078+0000] {logging_mixin.py:188} INFO - [2026-05-17T21:31:43.078+0000] {dag.py:3834} INFO - Setting next_dagrun for tutorial_taskflow_api_virtualenv to None, run_after=None
[2026-05-17T21:31:43.097+0000] {processor.py:183} INFO - Processing /home/airflow/.local/lib/python3.8/site-packages/airflow/example_dags/tutorial_taskflow_api_virtualenv.py took 0.062 seconds
[2026-05-17T21:32:14.067+0000] {processor.py:161} INFO - Started process (PID=3926) to work on /home/airflow/.local/lib/python3.8/site-packages/airflow/example_dags/tutorial_taskflow_api_virtualenv.py
[2026-05-17T21:32:14.068+0000] {processor.py:830} INFO - Processing file /home/airflow/.local/lib/python3.8/site-packages/airflow/example_dags/tutorial_taskflow_api_virtualenv.py for tasks to queue
[2026-05-17T21:32:14.070+0000] {logging_mixin.py:188} INFO - [2026-05-17T21:32:14.070+0000] {dagbag.py:540} INFO - Filling up the DagBag from /home/airflow/.local/lib/python3.8/site-packages/airflow/example_dags/tutorial_taskflow_api_virtualenv.py
[2026-05-17T21:32:14.079+0000] {processor.py:840} INFO - DAG(s) 'tutorial_taskflow_api_virtualenv' retrieved from /home/airflow/.local/lib/python3.8/site-packages/airflow/example_dags/tutorial_taskflow_api_virtualenv.py
[2026-05-17T21:32:14.100+0000] {logging_mixin.py:188} INFO - [2026-05-17T21:32:14.100+0000] {dag.py:3047} INFO - Sync 1 DAGs
[2026-05-17T21:32:14.112+0000] {logging_mixin.py:188} INFO - [2026-05-17T21:32:14.112+0000] {dag.py:3834} INFO - Setting next_dagrun for tutorial_taskflow_api_virtualenv to None, run_after=None
[2026-05-17T21:32:14.134+0000] {processor.py:183} INFO - Processing /home/airflow/.local/lib/python3.8/site-packages/airflow/example_dags/tutorial_taskflow_api_virtualenv.py took 0.071 seconds
[2026-05-17T21:32:44.996+0000] {processor.py:161} INFO - Started process (PID=3981) to work on /home/airflow/.local/lib/python3.8/site-packages/airflow/example_dags/tutorial_taskflow_api_virtualenv.py
[2026-05-17T21:32:44.998+0000] {processor.py:830} INFO - Processing file /home/airflow/.local/lib/python3.8/site-packages/airflow/example_dags/tutorial_taskflow_api_virtualenv.py for tasks to queue
[2026-05-17T21:32:45.002+0000] {logging_mixin.py:188} INFO - [2026-05-17T21:32:45.001+0000] {dagbag.py:540} INFO - Filling up the DagBag from /home/airflow/.local/lib/python3.8/site-packages/airflow/example_dags/tutorial_taskflow_api_virtualenv.py
[2026-05-17T21:32:45.018+0000] {processor.py:840} INFO - DAG(s) 'tutorial_taskflow_api_virtualenv' retrieved from /home/airflow/.local/lib/python3.8/site-packages/airflow/example_dags/tutorial_taskflow_api_virtualenv.py
[2026-05-17T21:32:45.052+0000] {logging_mixin.py:188} INFO - [2026-05-17T21:32:45.051+0000] {dag.py:3047} INFO - Sync 1 DAGs
[2026-05-17T21:32:45.072+0000] {logging_mixin.py:188} INFO - [2026-05-17T21:32:45.071+0000] {dag.py:3834} INFO - Setting next_dagrun for tutorial_taskflow_api_virtualenv to None, run_after=None
[2026-05-17T21:32:45.095+0000] {processor.py:183} INFO - Processing /home/airflow/.local/lib/python3.8/site-packages/airflow/example_dags/tutorial_taskflow_api_virtualenv.py took 0.104 seconds
[2026-05-17T21:33:15.460+0000] {processor.py:161} INFO - Started process (PID=4042) to work on /home/airflow/.local/lib/python3.8/site-packages/airflow/example_dags/tutorial_taskflow_api_virtualenv.py
[2026-05-17T21:33:15.461+0000] {processor.py:830} INFO - Processing file /home/airflow/.local/lib/python3.8/site-packages/airflow/example_dags/tutorial_taskflow_api_virtualenv.py for tasks to queue
[2026-05-17T21:33:15.463+0000] {logging_mixin.py:188} INFO - [2026-05-17T21:33:15.463+0000] {dagbag.py:540} INFO - Filling up the DagBag from /home/airflow/.local/lib/python3.8/site-packages/airflow/example_dags/tutorial_taskflow_api_virtualenv.py
[2026-05-17T21:33:15.475+0000] {processor.py:840} INFO - DAG(s) 'tutorial_taskflow_api_virtualenv' retrieved from /home/airflow/.local/lib/python3.8/site-packages/airflow/example_dags/tutorial_taskflow_api_virtualenv.py
[2026-05-17T21:33:15.497+0000] {logging_mixin.py:188} INFO - [2026-05-17T21:33:15.497+0000] {dag.py:3047} INFO - Sync 1 DAGs
[2026-05-17T21:33:15.509+0000] {logging_mixin.py:188} INFO - [2026-05-17T21:33:15.508+0000] {dag.py:3834} INFO - Setting next_dagrun for tutorial_taskflow_api_virtualenv to None, run_after=None
[2026-05-17T21:33:15.532+0000] {processor.py:183} INFO - Processing /home/airflow/.local/lib/python3.8/site-packages/airflow/example_dags/tutorial_taskflow_api_virtualenv.py took 0.076 seconds
[2026-05-17T21:33:45.837+0000] {processor.py:161} INFO - Started process (PID=4097) to work on /home/airflow/.local/lib/python3.8/site-packages/airflow/example_dags/tutorial_taskflow_api_virtualenv.py
[2026-05-17T21:33:45.839+0000] {processor.py:830} INFO - Processing file /home/airflow/.local/lib/python3.8/site-packages/airflow/example_dags/tutorial_taskflow_api_virtualenv.py for tasks to queue
[2026-05-17T21:33:45.842+0000] {logging_mixin.py:188} INFO - [2026-05-17T21:33:45.841+0000] {dagbag.py:540} INFO - Filling up the DagBag from /home/airflow/.local/lib/python3.8/site-packages/airflow/example_dags/tutorial_taskflow_api_virtualenv.py
[2026-05-17T21:33:45.852+0000] {processor.py:840} INFO - DAG(s) 'tutorial_taskflow_api_virtualenv' retrieved from /home/airflow/.local/lib/python3.8/site-packages/airflow/example_dags/tutorial_taskflow_api_virtualenv.py
[2026-05-17T21:33:45.884+0000] {logging_mixin.py:188} INFO - [2026-05-17T21:33:45.884+0000] {dag.py:3047} INFO - Sync 1 DAGs
[2026-05-17T21:33:45.905+0000] {logging_mixin.py:188} INFO - [2026-05-17T21:33:45.905+0000] {dag.py:3834} INFO - Setting next_dagrun for tutorial_taskflow_api_virtualenv to None, run_after=None
[2026-05-17T21:33:45.936+0000] {processor.py:183} INFO - Processing /home/airflow/.local/lib/python3.8/site-packages/airflow/example_dags/tutorial_taskflow_api_virtualenv.py took 0.102 seconds
[2026-05-17T21:34:16.028+0000] {processor.py:161} INFO - Started process (PID=4152) to work on /home/airflow/.local/lib/python3.8/site-packages/airflow/example_dags/tutorial_taskflow_api_virtualenv.py
[2026-05-17T21:34:16.029+0000] {processor.py:830} INFO - Processing file /home/airflow/.local/lib/python3.8/site-packages/airflow/example_dags/tutorial_taskflow_api_virtualenv.py for tasks to queue
[2026-05-17T21:34:16.031+0000] {logging_mixin.py:188} INFO - [2026-05-17T21:34:16.031+0000] {dagbag.py:540} INFO - Filling up the DagBag from /home/airflow/.local/lib/python3.8/site-packages/airflow/example_dags/tutorial_taskflow_api_virtualenv.py
[2026-05-17T21:34:16.041+0000] {processor.py:840} INFO - DAG(s) 'tutorial_taskflow_api_virtualenv' retrieved from /home/airflow/.local/lib/python3.8/site-packages/airflow/example_dags/tutorial_taskflow_api_virtualenv.py
[2026-05-17T21:34:16.060+0000] {logging_mixin.py:188} INFO - [2026-05-17T21:34:16.060+0000] {dag.py:3047} INFO - Sync 1 DAGs
[2026-05-17T21:34:16.072+0000] {logging_mixin.py:188} INFO - [2026-05-17T21:34:16.072+0000] {dag.py:3834} INFO - Setting next_dagrun for tutorial_taskflow_api_virtualenv to None, run_after=None
[2026-05-17T21:34:16.095+0000] {processor.py:183} INFO - Processing /home/airflow/.local/lib/python3.8/site-packages/airflow/example_dags/tutorial_taskflow_api_virtualenv.py took 0.070 seconds
[2026-05-17T21:34:46.228+0000] {processor.py:161} INFO - Started process (PID=4207) to work on /home/airflow/.local/lib/python3.8/site-packages/airflow/example_dags/tutorial_taskflow_api_virtualenv.py
[2026-05-17T21:34:46.230+0000] {processor.py:830} INFO - Processing file /home/airflow/.local/lib/python3.8/site-packages/airflow/example_dags/tutorial_taskflow_api_virtualenv.py for tasks to queue
[2026-05-17T21:34:46.233+0000] {logging_mixin.py:188} INFO - [2026-05-17T21:34:46.232+0000] {dagbag.py:540} INFO - Filling up the DagBag from /home/airflow/.local/lib/python3.8/site-packages/airflow/example_dags/tutorial_taskflow_api_virtualenv.py
[2026-05-17T21:34:46.241+0000] {processor.py:840} INFO - DAG(s) 'tutorial_taskflow_api_virtualenv' retrieved from /home/airflow/.local/lib/python3.8/site-packages/airflow/example_dags/tutorial_taskflow_api_virtualenv.py
[2026-05-17T21:34:46.261+0000] {logging_mixin.py:188} INFO - [2026-05-17T21:34:46.261+0000] {dag.py:3047} INFO - Sync 1 DAGs
[2026-05-17T21:34:46.274+0000] {logging_mixin.py:188} INFO - [2026-05-17T21:34:46.274+0000] {dag.py:3834} INFO - Setting next_dagrun for tutorial_taskflow_api_virtualenv to None, run_after=None
[2026-05-17T21:34:46.296+0000] {processor.py:183} INFO - Processing /home/airflow/.local/lib/python3.8/site-packages/airflow/example_dags/tutorial_taskflow_api_virtualenv.py took 0.070 seconds
[2026-05-17T21:35:16.504+0000] {processor.py:161} INFO - Started process (PID=4262) to work on /home/airflow/.local/lib/python3.8/site-packages/airflow/example_dags/tutorial_taskflow_api_virtualenv.py
[2026-05-17T21:35:16.505+0000] {processor.py:830} INFO - Processing file /home/airflow/.local/lib/python3.8/site-packages/airflow/example_dags/tutorial_taskflow_api_virtualenv.py for tasks to queue
[2026-05-17T21:35:16.509+0000] {logging_mixin.py:188} INFO - [2026-05-17T21:35:16.509+0000] {dagbag.py:540} INFO - Filling up the DagBag from /home/airflow/.local/lib/python3.8/site-packages/airflow/example_dags/tutorial_taskflow_api_virtualenv.py
[2026-05-17T21:35:16.522+0000] {processor.py:840} INFO - DAG(s) 'tutorial_taskflow_api_virtualenv' retrieved from /home/airflow/.local/lib/python3.8/site-packages/airflow/example_dags/tutorial_taskflow_api_virtualenv.py
[2026-05-17T21:35:16.541+0000] {logging_mixin.py:188} INFO - [2026-05-17T21:35:16.541+0000] {dag.py:3047} INFO - Sync 1 DAGs
[2026-05-17T21:35:16.553+0000] {logging_mixin.py:188} INFO - [2026-05-17T21:35:16.553+0000] {dag.py:3834} INFO - Setting next_dagrun for tutorial_taskflow_api_virtualenv to None, run_after=None
[2026-05-17T21:35:16.575+0000] {processor.py:183} INFO - Processing /home/airflow/.local/lib/python3.8/site-packages/airflow/example_dags/tutorial_taskflow_api_virtualenv.py took 0.075 seconds
[2026-05-17T21:35:46.757+0000] {processor.py:161} INFO - Started process (PID=4317) to work on /home/airflow/.local/lib/python3.8/site-packages/airflow/example_dags/tutorial_taskflow_api_virtualenv.py
[2026-05-17T21:35:46.759+0000] {processor.py:830} INFO - Processing file /home/airflow/.local/lib/python3.8/site-packages/airflow/example_dags/tutorial_taskflow_api_virtualenv.py for tasks to queue
[2026-05-17T21:35:46.762+0000] {logging_mixin.py:188} INFO - [2026-05-17T21:35:46.762+0000] {dagbag.py:540} INFO - Filling up the DagBag from /home/airflow/.local/lib/python3.8/site-packages/airflow/example_dags/tutorial_taskflow_api_virtualenv.py
[2026-05-17T21:35:46.774+0000] {processor.py:840} INFO - DAG(s) 'tutorial_taskflow_api_virtualenv' retrieved from /home/airflow/.local/lib/python3.8/site-packages/airflow/example_dags/tutorial_taskflow_api_virtualenv.py
[2026-05-17T21:35:46.797+0000] {logging_mixin.py:188} INFO - [2026-05-17T21:35:46.797+0000] {dag.py:3047} INFO - Sync 1 DAGs
[2026-05-17T21:35:46.809+0000] {logging_mixin.py:188} INFO - [2026-05-17T21:35:46.809+0000] {dag.py:3834} INFO - Setting next_dagrun for tutorial_taskflow_api_virtualenv to None, run_after=None
[2026-05-17T21:35:46.830+0000] {processor.py:183} INFO - Processing /home/airflow/.local/lib/python3.8/site-packages/airflow/example_dags/tutorial_taskflow_api_virtualenv.py took 0.076 seconds
[2026-05-17T21:36:17.040+0000] {processor.py:161} INFO - Started process (PID=4372) to work on /home/airflow/.local/lib/python3.8/site-packages/airflow/example_dags/tutorial_taskflow_api_virtualenv.py
[2026-05-17T21:36:17.041+0000] {processor.py:830} INFO - Processing file /home/airflow/.local/lib/python3.8/site-packages/airflow/example_dags/tutorial_taskflow_api_virtualenv.py for tasks to queue
[2026-05-17T21:36:17.043+0000] {logging_mixin.py:188} INFO - [2026-05-17T21:36:17.043+0000] {dagbag.py:540} INFO - Filling up the DagBag from /home/airflow/.local/lib/python3.8/site-packages/airflow/example_dags/tutorial_taskflow_api_virtualenv.py
[2026-05-17T21:36:17.055+0000] {processor.py:840} INFO - DAG(s) 'tutorial_taskflow_api_virtualenv' retrieved from /home/airflow/.local/lib/python3.8/site-packages/airflow/example_dags/tutorial_taskflow_api_virtualenv.py
[2026-05-17T21:36:17.074+0000] {logging_mixin.py:188} INFO - [2026-05-17T21:36:17.074+0000] {dag.py:3047} INFO - Sync 1 DAGs
[2026-05-17T21:36:17.083+0000] {logging_mixin.py:188} INFO - [2026-05-17T21:36:17.083+0000] {dag.py:3834} INFO - Setting next_dagrun for tutorial_taskflow_api_virtualenv to None, run_after=None
[2026-05-17T21:36:17.100+0000] {processor.py:183} INFO - Processing /home/airflow/.local/lib/python3.8/site-packages/airflow/example_dags/tutorial_taskflow_api_virtualenv.py took 0.063 seconds
[2026-05-17T21:36:47.500+0000] {processor.py:161} INFO - Started process (PID=4427) to work on /home/airflow/.local/lib/python3.8/site-packages/airflow/example_dags/tutorial_taskflow_api_virtualenv.py
[2026-05-17T21:36:47.502+0000] {processor.py:830} INFO - Processing file /home/airflow/.local/lib/python3.8/site-packages/airflow/example_dags/tutorial_taskflow_api_virtualenv.py for tasks to queue
[2026-05-17T21:36:47.504+0000] {logging_mixin.py:188} INFO - [2026-05-17T21:36:47.504+0000] {dagbag.py:540} INFO - Filling up the DagBag from /home/airflow/.local/lib/python3.8/site-packages/airflow/example_dags/tutorial_taskflow_api_virtualenv.py
[2026-05-17T21:36:47.516+0000] {processor.py:840} INFO - DAG(s) 'tutorial_taskflow_api_virtualenv' retrieved from /home/airflow/.local/lib/python3.8/site-packages/airflow/example_dags/tutorial_taskflow_api_virtualenv.py
[2026-05-17T21:36:47.544+0000] {logging_mixin.py:188} INFO - [2026-05-17T21:36:47.544+0000] {dag.py:3047} INFO - Sync 1 DAGs
[2026-05-17T21:36:47.556+0000] {logging_mixin.py:188} INFO - [2026-05-17T21:36:47.556+0000] {dag.py:3834} INFO - Setting next_dagrun for tutorial_taskflow_api_virtualenv to None, run_after=None
[2026-05-17T21:36:47.581+0000] {processor.py:183} INFO - Processing /home/airflow/.local/lib/python3.8/site-packages/airflow/example_dags/tutorial_taskflow_api_virtualenv.py took 0.084 seconds
[2026-05-17T21:37:17.654+0000] {processor.py:161} INFO - Started process (PID=4482) to work on /home/airflow/.local/lib/python3.8/site-packages/airflow/example_dags/tutorial_taskflow_api_virtualenv.py
[2026-05-17T21:37:17.656+0000] {processor.py:830} INFO - Processing file /home/airflow/.local/lib/python3.8/site-packages/airflow/example_dags/tutorial_taskflow_api_virtualenv.py for tasks to queue
[2026-05-17T21:37:17.658+0000] {logging_mixin.py:188} INFO - [2026-05-17T21:37:17.658+0000] {dagbag.py:540} INFO - Filling up the DagBag from /home/airflow/.local/lib/python3.8/site-packages/airflow/example_dags/tutorial_taskflow_api_virtualenv.py
[2026-05-17T21:37:17.674+0000] {processor.py:840} INFO - DAG(s) 'tutorial_taskflow_api_virtualenv' retrieved from /home/airflow/.local/lib/python3.8/site-packages/airflow/example_dags/tutorial_taskflow_api_virtualenv.py
[2026-05-17T21:37:17.717+0000] {logging_mixin.py:188} INFO - [2026-05-17T21:37:17.717+0000] {dag.py:3047} INFO - Sync 1 DAGs
[2026-05-17T21:37:17.739+0000] {logging_mixin.py:188} INFO - [2026-05-17T21:37:17.737+0000] {dag.py:3834} INFO - Setting next_dagrun for tutorial_taskflow_api_virtualenv to None, run_after=None
[2026-05-17T21:37:17.778+0000] {processor.py:183} INFO - Processing /home/airflow/.local/lib/python3.8/site-packages/airflow/example_dags/tutorial_taskflow_api_virtualenv.py took 0.130 seconds
[2026-05-17T21:37:47.968+0000] {processor.py:161} INFO - Started process (PID=4537) to work on /home/airflow/.local/lib/python3.8/site-packages/airflow/example_dags/tutorial_taskflow_api_virtualenv.py
[2026-05-17T21:37:47.970+0000] {processor.py:830} INFO - Processing file /home/airflow/.local/lib/python3.8/site-packages/airflow/example_dags/tutorial_taskflow_api_virtualenv.py for tasks to queue
[2026-05-17T21:37:47.972+0000] {logging_mixin.py:188} INFO - [2026-05-17T21:37:47.971+0000] {dagbag.py:540} INFO - Filling up the DagBag from /home/airflow/.local/lib/python3.8/site-packages/airflow/example_dags/tutorial_taskflow_api_virtualenv.py
[2026-05-17T21:37:47.983+0000] {processor.py:840} INFO - DAG(s) 'tutorial_taskflow_api_virtualenv' retrieved from /home/airflow/.local/lib/python3.8/site-packages/airflow/example_dags/tutorial_taskflow_api_virtualenv.py
[2026-05-17T21:37:48.003+0000] {logging_mixin.py:188} INFO - [2026-05-17T21:37:48.003+0000] {dag.py:3047} INFO - Sync 1 DAGs
[2026-05-17T21:37:48.017+0000] {logging_mixin.py:188} INFO - [2026-05-17T21:37:48.017+0000] {dag.py:3834} INFO - Setting next_dagrun for tutorial_taskflow_api_virtualenv to None, run_after=None
[2026-05-17T21:37:48.037+0000] {processor.py:183} INFO - Processing /home/airflow/.local/lib/python3.8/site-packages/airflow/example_dags/tutorial_taskflow_api_virtualenv.py took 0.071 seconds
[2026-05-17T21:38:18.516+0000] {processor.py:161} INFO - Started process (PID=4592) to work on /home/airflow/.local/lib/python3.8/site-packages/airflow/example_dags/tutorial_taskflow_api_virtualenv.py
[2026-05-17T21:38:18.518+0000] {processor.py:830} INFO - Processing file /home/airflow/.local/lib/python3.8/site-packages/airflow/example_dags/tutorial_taskflow_api_virtualenv.py for tasks to queue
[2026-05-17T21:38:18.521+0000] {logging_mixin.py:188} INFO - [2026-05-17T21:38:18.521+0000] {dagbag.py:540} INFO - Filling up the DagBag from /home/airflow/.local/lib/python3.8/site-packages/airflow/example_dags/tutorial_taskflow_api_virtualenv.py
[2026-05-17T21:38:18.530+0000] {processor.py:840} INFO - DAG(s) 'tutorial_taskflow_api_virtualenv' retrieved from /home/airflow/.local/lib/python3.8/site-packages/airflow/example_dags/tutorial_taskflow_api_virtualenv.py
[2026-05-17T21:38:18.551+0000] {logging_mixin.py:188} INFO - [2026-05-17T21:38:18.551+0000] {dag.py:3047} INFO - Sync 1 DAGs
[2026-05-17T21:38:18.570+0000] {logging_mixin.py:188} INFO - [2026-05-17T21:38:18.569+0000] {dag.py:3834} INFO - Setting next_dagrun for tutorial_taskflow_api_virtualenv to None, run_after=None
[2026-05-17T21:38:18.589+0000] {processor.py:183} INFO - Processing /home/airflow/.local/lib/python3.8/site-packages/airflow/example_dags/tutorial_taskflow_api_virtualenv.py took 0.075 seconds
[2026-05-17T21:38:49.022+0000] {processor.py:161} INFO - Started process (PID=4647) to work on /home/airflow/.local/lib/python3.8/site-packages/airflow/example_dags/tutorial_taskflow_api_virtualenv.py
[2026-05-17T21:38:49.024+0000] {processor.py:830} INFO - Processing file /home/airflow/.local/lib/python3.8/site-packages/airflow/example_dags/tutorial_taskflow_api_virtualenv.py for tasks to queue
[2026-05-17T21:38:49.026+0000] {logging_mixin.py:188} INFO - [2026-05-17T21:38:49.025+0000] {dagbag.py:540} INFO - Filling up the DagBag from /home/airflow/.local/lib/python3.8/site-packages/airflow/example_dags/tutorial_taskflow_api_virtualenv.py
[2026-05-17T21:38:49.040+0000] {processor.py:840} INFO - DAG(s) 'tutorial_taskflow_api_virtualenv' retrieved from /home/airflow/.local/lib/python3.8/site-packages/airflow/example_dags/tutorial_taskflow_api_virtualenv.py
[2026-05-17T21:38:49.060+0000] {logging_mixin.py:188} INFO - [2026-05-17T21:38:49.060+0000] {dag.py:3047} INFO - Sync 1 DAGs
[2026-05-17T21:38:49.072+0000] {logging_mixin.py:188} INFO - [2026-05-17T21:38:49.072+0000] {dag.py:3834} INFO - Setting next_dagrun for tutorial_taskflow_api_virtualenv to None, run_after=None
[2026-05-17T21:38:49.091+0000] {processor.py:183} INFO - Processing /home/airflow/.local/lib/python3.8/site-packages/airflow/example_dags/tutorial_taskflow_api_virtualenv.py took 0.072 seconds
[2026-05-17T21:39:19.226+0000] {processor.py:161} INFO - Started process (PID=4702) to work on /home/airflow/.local/lib/python3.8/site-packages/airflow/example_dags/tutorial_taskflow_api_virtualenv.py
[2026-05-17T21:39:19.228+0000] {processor.py:830} INFO - Processing file /home/airflow/.local/lib/python3.8/site-packages/airflow/example_dags/tutorial_taskflow_api_virtualenv.py for tasks to queue
[2026-05-17T21:39:19.235+0000] {logging_mixin.py:188} INFO - [2026-05-17T21:39:19.234+0000] {dagbag.py:540} INFO - Filling up the DagBag from /home/airflow/.local/lib/python3.8/site-packages/airflow/example_dags/tutorial_taskflow_api_virtualenv.py
[2026-05-17T21:39:19.250+0000] {processor.py:840} INFO - DAG(s) 'tutorial_taskflow_api_virtualenv' retrieved from /home/airflow/.local/lib/python3.8/site-packages/airflow/example_dags/tutorial_taskflow_api_virtualenv.py
[2026-05-17T21:39:19.275+0000] {logging_mixin.py:188} INFO - [2026-05-17T21:39:19.275+0000] {dag.py:3047} INFO - Sync 1 DAGs
[2026-05-17T21:39:19.289+0000] {logging_mixin.py:188} INFO - [2026-05-17T21:39:19.289+0000] {dag.py:3834} INFO - Setting next_dagrun for tutorial_taskflow_api_virtualenv to None, run_after=None
[2026-05-17T21:39:19.316+0000] {processor.py:183} INFO - Processing /home/airflow/.local/lib/python3.8/site-packages/airflow/example_dags/tutorial_taskflow_api_virtualenv.py took 0.095 seconds
[2026-05-17T21:39:49.386+0000] {processor.py:161} INFO - Started process (PID=4757) to work on /home/airflow/.local/lib/python3.8/site-packages/airflow/example_dags/tutorial_taskflow_api_virtualenv.py
[2026-05-17T21:39:49.387+0000] {processor.py:830} INFO - Processing file /home/airflow/.local/lib/python3.8/site-packages/airflow/example_dags/tutorial_taskflow_api_virtualenv.py for tasks to queue
[2026-05-17T21:39:49.389+0000] {logging_mixin.py:188} INFO - [2026-05-17T21:39:49.389+0000] {dagbag.py:540} INFO - Filling up the DagBag from /home/airflow/.local/lib/python3.8/site-packages/airflow/example_dags/tutorial_taskflow_api_virtualenv.py
[2026-05-17T21:39:49.399+0000] {processor.py:840} INFO - DAG(s) 'tutorial_taskflow_api_virtualenv' retrieved from /home/airflow/.local/lib/python3.8/site-packages/airflow/example_dags/tutorial_taskflow_api_virtualenv.py
[2026-05-17T21:39:49.423+0000] {logging_mixin.py:188} INFO - [2026-05-17T21:39:49.423+0000] {dag.py:3047} INFO - Sync 1 DAGs
[2026-05-17T21:39:49.436+0000] {logging_mixin.py:188} INFO - [2026-05-17T21:39:49.436+0000] {dag.py:3834} INFO - Setting next_dagrun for tutorial_taskflow_api_virtualenv to None, run_after=None
[2026-05-17T21:39:49.459+0000] {processor.py:183} INFO - Processing /home/airflow/.local/lib/python3.8/site-packages/airflow/example_dags/tutorial_taskflow_api_virtualenv.py took 0.076 seconds
[2026-05-17T21:40:19.556+0000] {processor.py:161} INFO - Started process (PID=4812) to work on /home/airflow/.local/lib/python3.8/site-packages/airflow/example_dags/tutorial_taskflow_api_virtualenv.py
[2026-05-17T21:40:19.558+0000] {processor.py:830} INFO - Processing file /home/airflow/.local/lib/python3.8/site-packages/airflow/example_dags/tutorial_taskflow_api_virtualenv.py for tasks to queue
[2026-05-17T21:40:19.560+0000] {logging_mixin.py:188} INFO - [2026-05-17T21:40:19.560+0000] {dagbag.py:540} INFO - Filling up the DagBag from /home/airflow/.local/lib/python3.8/site-packages/airflow/example_dags/tutorial_taskflow_api_virtualenv.py
[2026-05-17T21:40:19.568+0000] {processor.py:840} INFO - DAG(s) 'tutorial_taskflow_api_virtualenv' retrieved from /home/airflow/.local/lib/python3.8/site-packages/airflow/example_dags/tutorial_taskflow_api_virtualenv.py
[2026-05-17T21:40:19.586+0000] {logging_mixin.py:188} INFO - [2026-05-17T21:40:19.585+0000] {dag.py:3047} INFO - Sync 1 DAGs
[2026-05-17T21:40:19.595+0000] {logging_mixin.py:188} INFO - [2026-05-17T21:40:19.595+0000] {dag.py:3834} INFO - Setting next_dagrun for tutorial_taskflow_api_virtualenv to None, run_after=None
[2026-05-17T21:40:19.612+0000] {processor.py:183} INFO - Processing /home/airflow/.local/lib/python3.8/site-packages/airflow/example_dags/tutorial_taskflow_api_virtualenv.py took 0.060 seconds
[2026-05-17T21:40:49.731+0000] {processor.py:161} INFO - Started process (PID=4867) to work on /home/airflow/.local/lib/python3.8/site-packages/airflow/example_dags/tutorial_taskflow_api_virtualenv.py
[2026-05-17T21:40:49.733+0000] {processor.py:830} INFO - Processing file /home/airflow/.local/lib/python3.8/site-packages/airflow/example_dags/tutorial_taskflow_api_virtualenv.py for tasks to queue
[2026-05-17T21:40:49.738+0000] {logging_mixin.py:188} INFO - [2026-05-17T21:40:49.738+0000] {dagbag.py:540} INFO - Filling up the DagBag from /home/airflow/.local/lib/python3.8/site-packages/airflow/example_dags/tutorial_taskflow_api_virtualenv.py
[2026-05-17T21:40:49.750+0000] {processor.py:840} INFO - DAG(s) 'tutorial_taskflow_api_virtualenv' retrieved from /home/airflow/.local/lib/python3.8/site-packages/airflow/example_dags/tutorial_taskflow_api_virtualenv.py
[2026-05-17T21:40:49.777+0000] {logging_mixin.py:188} INFO - [2026-05-17T21:40:49.777+0000] {dag.py:3047} INFO - Sync 1 DAGs
[2026-05-17T21:40:49.793+0000] {logging_mixin.py:188} INFO - [2026-05-17T21:40:49.793+0000] {dag.py:3834} INFO - Setting next_dagrun for tutorial_taskflow_api_virtualenv to None, run_after=None
[2026-05-17T21:40:49.819+0000] {processor.py:183} INFO - Processing /home/airflow/.local/lib/python3.8/site-packages/airflow/example_dags/tutorial_taskflow_api_virtualenv.py took 0.092 seconds
[2026-05-17T21:41:19.923+0000] {processor.py:161} INFO - Started process (PID=4922) to work on /home/airflow/.local/lib/python3.8/site-packages/airflow/example_dags/tutorial_taskflow_api_virtualenv.py
[2026-05-17T21:41:19.924+0000] {processor.py:830} INFO - Processing file /home/airflow/.local/lib/python3.8/site-packages/airflow/example_dags/tutorial_taskflow_api_virtualenv.py for tasks to queue
[2026-05-17T21:41:19.926+0000] {logging_mixin.py:188} INFO - [2026-05-17T21:41:19.926+0000] {dagbag.py:540} INFO - Filling up the DagBag from /home/airflow/.local/lib/python3.8/site-packages/airflow/example_dags/tutorial_taskflow_api_virtualenv.py
[2026-05-17T21:41:19.935+0000] {processor.py:840} INFO - DAG(s) 'tutorial_taskflow_api_virtualenv' retrieved from /home/airflow/.local/lib/python3.8/site-packages/airflow/example_dags/tutorial_taskflow_api_virtualenv.py
[2026-05-17T21:41:19.956+0000] {logging_mixin.py:188} INFO - [2026-05-17T21:41:19.955+0000] {dag.py:3047} INFO - Sync 1 DAGs
[2026-05-17T21:41:19.967+0000] {logging_mixin.py:188} INFO - [2026-05-17T21:41:19.967+0000] {dag.py:3834} INFO - Setting next_dagrun for tutorial_taskflow_api_virtualenv to None, run_after=None
[2026-05-17T21:41:19.986+0000] {processor.py:183} INFO - Processing /home/airflow/.local/lib/python3.8/site-packages/airflow/example_dags/tutorial_taskflow_api_virtualenv.py took 0.066 seconds
[2026-05-17T21:41:50.311+0000] {processor.py:161} INFO - Started process (PID=4977) to work on /home/airflow/.local/lib/python3.8/site-packages/airflow/example_dags/tutorial_taskflow_api_virtualenv.py
[2026-05-17T21:41:50.312+0000] {processor.py:830} INFO - Processing file /home/airflow/.local/lib/python3.8/site-packages/airflow/example_dags/tutorial_taskflow_api_virtualenv.py for tasks to queue
[2026-05-17T21:41:50.314+0000] {logging_mixin.py:188} INFO - [2026-05-17T21:41:50.314+0000] {dagbag.py:540} INFO - Filling up the DagBag from /home/airflow/.local/lib/python3.8/site-packages/airflow/example_dags/tutorial_taskflow_api_virtualenv.py
[2026-05-17T21:41:50.323+0000] {processor.py:840} INFO - DAG(s) 'tutorial_taskflow_api_virtualenv' retrieved from /home/airflow/.local/lib/python3.8/site-packages/airflow/example_dags/tutorial_taskflow_api_virtualenv.py
[2026-05-17T21:41:50.342+0000] {logging_mixin.py:188} INFO - [2026-05-17T21:41:50.341+0000] {dag.py:3047} INFO - Sync 1 DAGs
[2026-05-17T21:41:50.351+0000] {logging_mixin.py:188} INFO - [2026-05-17T21:41:50.351+0000] {dag.py:3834} INFO - Setting next_dagrun for tutorial_taskflow_api_virtualenv to None, run_after=None
[2026-05-17T21:41:50.371+0000] {processor.py:183} INFO - Processing /home/airflow/.local/lib/python3.8/site-packages/airflow/example_dags/tutorial_taskflow_api_virtualenv.py took 0.064 seconds
[2026-05-17T21:42:20.524+0000] {processor.py:161} INFO - Started process (PID=5032) to work on /home/airflow/.local/lib/python3.8/site-packages/airflow/example_dags/tutorial_taskflow_api_virtualenv.py
[2026-05-17T21:42:20.526+0000] {processor.py:830} INFO - Processing file /home/airflow/.local/lib/python3.8/site-packages/airflow/example_dags/tutorial_taskflow_api_virtualenv.py for tasks to queue
[2026-05-17T21:42:20.528+0000] {logging_mixin.py:188} INFO - [2026-05-17T21:42:20.528+0000] {dagbag.py:540} INFO - Filling up the DagBag from /home/airflow/.local/lib/python3.8/site-packages/airflow/example_dags/tutorial_taskflow_api_virtualenv.py
[2026-05-17T21:42:20.537+0000] {processor.py:840} INFO - DAG(s) 'tutorial_taskflow_api_virtualenv' retrieved from /home/airflow/.local/lib/python3.8/site-packages/airflow/example_dags/tutorial_taskflow_api_virtualenv.py
[2026-05-17T21:42:20.558+0000] {logging_mixin.py:188} INFO - [2026-05-17T21:42:20.557+0000] {dag.py:3047} INFO - Sync 1 DAGs
[2026-05-17T21:42:20.567+0000] {logging_mixin.py:188} INFO - [2026-05-17T21:42:20.567+0000] {dag.py:3834} INFO - Setting next_dagrun for tutorial_taskflow_api_virtualenv to None, run_after=None
[2026-05-17T21:42:20.587+0000] {processor.py:183} INFO - Processing /home/airflow/.local/lib/python3.8/site-packages/airflow/example_dags/tutorial_taskflow_api_virtualenv.py took 0.066 seconds
[2026-05-17T21:42:50.652+0000] {processor.py:161} INFO - Started process (PID=5087) to work on /home/airflow/.local/lib/python3.8/site-packages/airflow/example_dags/tutorial_taskflow_api_virtualenv.py
[2026-05-17T21:42:50.654+0000] {processor.py:830} INFO - Processing file /home/airflow/.local/lib/python3.8/site-packages/airflow/example_dags/tutorial_taskflow_api_virtualenv.py for tasks to queue
[2026-05-17T21:42:50.656+0000] {logging_mixin.py:188} INFO - [2026-05-17T21:42:50.656+0000] {dagbag.py:540} INFO - Filling up the DagBag from /home/airflow/.local/lib/python3.8/site-packages/airflow/example_dags/tutorial_taskflow_api_virtualenv.py
[2026-05-17T21:42:50.665+0000] {processor.py:840} INFO - DAG(s) 'tutorial_taskflow_api_virtualenv' retrieved from /home/airflow/.local/lib/python3.8/site-packages/airflow/example_dags/tutorial_taskflow_api_virtualenv.py
[2026-05-17T21:42:50.683+0000] {logging_mixin.py:188} INFO - [2026-05-17T21:42:50.683+0000] {dag.py:3047} INFO - Sync 1 DAGs
[2026-05-17T21:42:50.694+0000] {logging_mixin.py:188} INFO - [2026-05-17T21:42:50.694+0000] {dag.py:3834} INFO - Setting next_dagrun for tutorial_taskflow_api_virtualenv to None, run_after=None
[2026-05-17T21:42:50.712+0000] {processor.py:183} INFO - Processing /home/airflow/.local/lib/python3.8/site-packages/airflow/example_dags/tutorial_taskflow_api_virtualenv.py took 0.063 seconds
[2026-05-17T21:43:20.939+0000] {processor.py:161} INFO - Started process (PID=5142) to work on /home/airflow/.local/lib/python3.8/site-packages/airflow/example_dags/tutorial_taskflow_api_virtualenv.py
[2026-05-17T21:43:20.941+0000] {processor.py:830} INFO - Processing file /home/airflow/.local/lib/python3.8/site-packages/airflow/example_dags/tutorial_taskflow_api_virtualenv.py for tasks to queue
[2026-05-17T21:43:20.943+0000] {logging_mixin.py:188} INFO - [2026-05-17T21:43:20.943+0000] {dagbag.py:540} INFO - Filling up the DagBag from /home/airflow/.local/lib/python3.8/site-packages/airflow/example_dags/tutorial_taskflow_api_virtualenv.py
[2026-05-17T21:43:20.954+0000] {processor.py:840} INFO - DAG(s) 'tutorial_taskflow_api_virtualenv' retrieved from /home/airflow/.local/lib/python3.8/site-packages/airflow/example_dags/tutorial_taskflow_api_virtualenv.py
[2026-05-17T21:43:20.973+0000] {logging_mixin.py:188} INFO - [2026-05-17T21:43:20.973+0000] {dag.py:3047} INFO - Sync 1 DAGs
[2026-05-17T21:43:20.985+0000] {logging_mixin.py:188} INFO - [2026-05-17T21:43:20.984+0000] {dag.py:3834} INFO - Setting next_dagrun for tutorial_taskflow_api_virtualenv to None, run_after=None
[2026-05-17T21:43:21.004+0000] {processor.py:183} INFO - Processing /home/airflow/.local/lib/python3.8/site-packages/airflow/example_dags/tutorial_taskflow_api_virtualenv.py took 0.067 seconds
[2026-05-17T21:43:51.055+0000] {processor.py:161} INFO - Started process (PID=5197) to work on /home/airflow/.local/lib/python3.8/site-packages/airflow/example_dags/tutorial_taskflow_api_virtualenv.py
[2026-05-17T21:43:51.056+0000] {processor.py:830} INFO - Processing file /home/airflow/.local/lib/python3.8/site-packages/airflow/example_dags/tutorial_taskflow_api_virtualenv.py for tasks to queue
[2026-05-17T21:43:51.058+0000] {logging_mixin.py:188} INFO - [2026-05-17T21:43:51.058+0000] {dagbag.py:540} INFO - Filling up the DagBag from /home/airflow/.local/lib/python3.8/site-packages/airflow/example_dags/tutorial_taskflow_api_virtualenv.py
[2026-05-17T21:43:51.071+0000] {processor.py:840} INFO - DAG(s) 'tutorial_taskflow_api_virtualenv' retrieved from /home/airflow/.local/lib/python3.8/site-packages/airflow/example_dags/tutorial_taskflow_api_virtualenv.py
[2026-05-17T21:43:51.092+0000] {logging_mixin.py:188} INFO - [2026-05-17T21:43:51.091+0000] {dag.py:3047} INFO - Sync 1 DAGs
[2026-05-17T21:43:51.103+0000] {logging_mixin.py:188} INFO - [2026-05-17T21:43:51.103+0000] {dag.py:3834} INFO - Setting next_dagrun for tutorial_taskflow_api_virtualenv to None, run_after=None
[2026-05-17T21:43:51.124+0000] {processor.py:183} INFO - Processing /home/airflow/.local/lib/python3.8/site-packages/airflow/example_dags/tutorial_taskflow_api_virtualenv.py took 0.073 seconds
[2026-05-17T21:44:21.587+0000] {processor.py:161} INFO - Started process (PID=5252) to work on /home/airflow/.local/lib/python3.8/site-packages/airflow/example_dags/tutorial_taskflow_api_virtualenv.py
[2026-05-17T21:44:21.588+0000] {processor.py:830} INFO - Processing file /home/airflow/.local/lib/python3.8/site-packages/airflow/example_dags/tutorial_taskflow_api_virtualenv.py for tasks to queue
[2026-05-17T21:44:21.590+0000] {logging_mixin.py:188} INFO - [2026-05-17T21:44:21.590+0000] {dagbag.py:540} INFO - Filling up the DagBag from /home/airflow/.local/lib/python3.8/site-packages/airflow/example_dags/tutorial_taskflow_api_virtualenv.py
[2026-05-17T21:44:21.599+0000] {processor.py:840} INFO - DAG(s) 'tutorial_taskflow_api_virtualenv' retrieved from /home/airflow/.local/lib/python3.8/site-packages/airflow/example_dags/tutorial_taskflow_api_virtualenv.py
[2026-05-17T21:44:21.619+0000] {logging_mixin.py:188} INFO - [2026-05-17T21:44:21.619+0000] {dag.py:3047} INFO - Sync 1 DAGs
[2026-05-17T21:44:21.631+0000] {logging_mixin.py:188} INFO - [2026-05-17T21:44:21.631+0000] {dag.py:3834} INFO - Setting next_dagrun for tutorial_taskflow_api_virtualenv to None, run_after=None
[2026-05-17T21:44:21.651+0000] {processor.py:183} INFO - Processing /home/airflow/.local/lib/python3.8/site-packages/airflow/example_dags/tutorial_taskflow_api_virtualenv.py took 0.068 seconds
[2026-05-17T21:44:51.840+0000] {processor.py:161} INFO - Started process (PID=5307) to work on /home/airflow/.local/lib/python3.8/site-packages/airflow/example_dags/tutorial_taskflow_api_virtualenv.py
[2026-05-17T21:44:51.842+0000] {processor.py:830} INFO - Processing file /home/airflow/.local/lib/python3.8/site-packages/airflow/example_dags/tutorial_taskflow_api_virtualenv.py for tasks to queue
[2026-05-17T21:44:51.845+0000] {logging_mixin.py:188} INFO - [2026-05-17T21:44:51.845+0000] {dagbag.py:540} INFO - Filling up the DagBag from /home/airflow/.local/lib/python3.8/site-packages/airflow/example_dags/tutorial_taskflow_api_virtualenv.py
[2026-05-17T21:44:51.854+0000] {processor.py:840} INFO - DAG(s) 'tutorial_taskflow_api_virtualenv' retrieved from /home/airflow/.local/lib/python3.8/site-packages/airflow/example_dags/tutorial_taskflow_api_virtualenv.py
[2026-05-17T21:44:51.877+0000] {logging_mixin.py:188} INFO - [2026-05-17T21:44:51.877+0000] {dag.py:3047} INFO - Sync 1 DAGs
[2026-05-17T21:44:51.893+0000] {logging_mixin.py:188} INFO - [2026-05-17T21:44:51.893+0000] {dag.py:3834} INFO - Setting next_dagrun for tutorial_taskflow_api_virtualenv to None, run_after=None
[2026-05-17T21:44:51.913+0000] {processor.py:183} INFO - Processing /home/airflow/.local/lib/python3.8/site-packages/airflow/example_dags/tutorial_taskflow_api_virtualenv.py took 0.077 seconds
[2026-05-17T21:45:22.161+0000] {processor.py:161} INFO - Started process (PID=5362) to work on /home/airflow/.local/lib/python3.8/site-packages/airflow/example_dags/tutorial_taskflow_api_virtualenv.py
[2026-05-17T21:45:22.163+0000] {processor.py:830} INFO - Processing file /home/airflow/.local/lib/python3.8/site-packages/airflow/example_dags/tutorial_taskflow_api_virtualenv.py for tasks to queue
[2026-05-17T21:45:22.165+0000] {logging_mixin.py:188} INFO - [2026-05-17T21:45:22.164+0000] {dagbag.py:540} INFO - Filling up the DagBag from /home/airflow/.local/lib/python3.8/site-packages/airflow/example_dags/tutorial_taskflow_api_virtualenv.py
[2026-05-17T21:45:22.177+0000] {processor.py:840} INFO - DAG(s) 'tutorial_taskflow_api_virtualenv' retrieved from /home/airflow/.local/lib/python3.8/site-packages/airflow/example_dags/tutorial_taskflow_api_virtualenv.py
[2026-05-17T21:45:22.202+0000] {logging_mixin.py:188} INFO - [2026-05-17T21:45:22.202+0000] {dag.py:3047} INFO - Sync 1 DAGs
[2026-05-17T21:45:22.217+0000] {logging_mixin.py:188} INFO - [2026-05-17T21:45:22.217+0000] {dag.py:3834} INFO - Setting next_dagrun for tutorial_taskflow_api_virtualenv to None, run_after=None
[2026-05-17T21:45:22.241+0000] {processor.py:183} INFO - Processing /home/airflow/.local/lib/python3.8/site-packages/airflow/example_dags/tutorial_taskflow_api_virtualenv.py took 0.082 seconds
[2026-05-17T21:45:52.621+0000] {processor.py:161} INFO - Started process (PID=5417) to work on /home/airflow/.local/lib/python3.8/site-packages/airflow/example_dags/tutorial_taskflow_api_virtualenv.py
[2026-05-17T21:45:52.623+0000] {processor.py:830} INFO - Processing file /home/airflow/.local/lib/python3.8/site-packages/airflow/example_dags/tutorial_taskflow_api_virtualenv.py for tasks to queue
[2026-05-17T21:45:52.625+0000] {logging_mixin.py:188} INFO - [2026-05-17T21:45:52.625+0000] {dagbag.py:540} INFO - Filling up the DagBag from /home/airflow/.local/lib/python3.8/site-packages/airflow/example_dags/tutorial_taskflow_api_virtualenv.py
[2026-05-17T21:45:52.641+0000] {processor.py:840} INFO - DAG(s) 'tutorial_taskflow_api_virtualenv' retrieved from /home/airflow/.local/lib/python3.8/site-packages/airflow/example_dags/tutorial_taskflow_api_virtualenv.py
[2026-05-17T21:45:52.665+0000] {logging_mixin.py:188} INFO - [2026-05-17T21:45:52.664+0000] {dag.py:3047} INFO - Sync 1 DAGs
[2026-05-17T21:45:52.676+0000] {logging_mixin.py:188} INFO - [2026-05-17T21:45:52.676+0000] {dag.py:3834} INFO - Setting next_dagrun for tutorial_taskflow_api_virtualenv to None, run_after=None
[2026-05-17T21:45:52.701+0000] {processor.py:183} INFO - Processing /home/airflow/.local/lib/python3.8/site-packages/airflow/example_dags/tutorial_taskflow_api_virtualenv.py took 0.084 seconds
[2026-05-17T21:46:23.147+0000] {processor.py:161} INFO - Started process (PID=5472) to work on /home/airflow/.local/lib/python3.8/site-packages/airflow/example_dags/tutorial_taskflow_api_virtualenv.py
[2026-05-17T21:46:23.150+0000] {processor.py:830} INFO - Processing file /home/airflow/.local/lib/python3.8/site-packages/airflow/example_dags/tutorial_taskflow_api_virtualenv.py for tasks to queue
[2026-05-17T21:46:23.155+0000] {logging_mixin.py:188} INFO - [2026-05-17T21:46:23.154+0000] {dagbag.py:540} INFO - Filling up the DagBag from /home/airflow/.local/lib/python3.8/site-packages/airflow/example_dags/tutorial_taskflow_api_virtualenv.py
[2026-05-17T21:46:23.177+0000] {processor.py:840} INFO - DAG(s) 'tutorial_taskflow_api_virtualenv' retrieved from /home/airflow/.local/lib/python3.8/site-packages/airflow/example_dags/tutorial_taskflow_api_virtualenv.py
[2026-05-17T21:46:23.214+0000] {logging_mixin.py:188} INFO - [2026-05-17T21:46:23.213+0000] {dag.py:3047} INFO - Sync 1 DAGs
[2026-05-17T21:46:23.231+0000] {logging_mixin.py:188} INFO - [2026-05-17T21:46:23.231+0000] {dag.py:3834} INFO - Setting next_dagrun for tutorial_taskflow_api_virtualenv to None, run_after=None
[2026-05-17T21:46:23.263+0000] {processor.py:183} INFO - Processing /home/airflow/.local/lib/python3.8/site-packages/airflow/example_dags/tutorial_taskflow_api_virtualenv.py took 0.123 seconds
[2026-05-17T21:46:53.485+0000] {processor.py:161} INFO - Started process (PID=5527) to work on /home/airflow/.local/lib/python3.8/site-packages/airflow/example_dags/tutorial_taskflow_api_virtualenv.py
[2026-05-17T21:46:53.488+0000] {processor.py:830} INFO - Processing file /home/airflow/.local/lib/python3.8/site-packages/airflow/example_dags/tutorial_taskflow_api_virtualenv.py for tasks to queue
[2026-05-17T21:46:53.492+0000] {logging_mixin.py:188} INFO - [2026-05-17T21:46:53.492+0000] {dagbag.py:540} INFO - Filling up the DagBag from /home/airflow/.local/lib/python3.8/site-packages/airflow/example_dags/tutorial_taskflow_api_virtualenv.py
[2026-05-17T21:46:53.501+0000] {processor.py:840} INFO - DAG(s) 'tutorial_taskflow_api_virtualenv' retrieved from /home/airflow/.local/lib/python3.8/site-packages/airflow/example_dags/tutorial_taskflow_api_virtualenv.py
[2026-05-17T21:46:53.525+0000] {logging_mixin.py:188} INFO - [2026-05-17T21:46:53.525+0000] {dag.py:3047} INFO - Sync 1 DAGs
[2026-05-17T21:46:53.541+0000] {logging_mixin.py:188} INFO - [2026-05-17T21:46:53.541+0000] {dag.py:3834} INFO - Setting next_dagrun for tutorial_taskflow_api_virtualenv to None, run_after=None
[2026-05-17T21:46:53.563+0000] {processor.py:183} INFO - Processing /home/airflow/.local/lib/python3.8/site-packages/airflow/example_dags/tutorial_taskflow_api_virtualenv.py took 0.080 seconds
[2026-05-17T21:47:24.297+0000] {processor.py:161} INFO - Started process (PID=5582) to work on /home/airflow/.local/lib/python3.8/site-packages/airflow/example_dags/tutorial_taskflow_api_virtualenv.py
[2026-05-17T21:47:24.299+0000] {processor.py:830} INFO - Processing file /home/airflow/.local/lib/python3.8/site-packages/airflow/example_dags/tutorial_taskflow_api_virtualenv.py for tasks to queue
[2026-05-17T21:47:24.301+0000] {logging_mixin.py:188} INFO - [2026-05-17T21:47:24.301+0000] {dagbag.py:540} INFO - Filling up the DagBag from /home/airflow/.local/lib/python3.8/site-packages/airflow/example_dags/tutorial_taskflow_api_virtualenv.py
[2026-05-17T21:47:24.313+0000] {processor.py:840} INFO - DAG(s) 'tutorial_taskflow_api_virtualenv' retrieved from /home/airflow/.local/lib/python3.8/site-packages/airflow/example_dags/tutorial_taskflow_api_virtualenv.py
[2026-05-17T21:47:24.337+0000] {logging_mixin.py:188} INFO - [2026-05-17T21:47:24.337+0000] {dag.py:3047} INFO - Sync 1 DAGs
[2026-05-17T21:47:24.348+0000] {logging_mixin.py:188} INFO - [2026-05-17T21:47:24.348+0000] {dag.py:3834} INFO - Setting next_dagrun for tutorial_taskflow_api_virtualenv to None, run_after=None
[2026-05-17T21:47:24.381+0000] {processor.py:183} INFO - Processing /home/airflow/.local/lib/python3.8/site-packages/airflow/example_dags/tutorial_taskflow_api_virtualenv.py took 0.086 seconds
[2026-05-17T21:47:55.321+0000] {processor.py:161} INFO - Started process (PID=5636) to work on /home/airflow/.local/lib/python3.8/site-packages/airflow/example_dags/tutorial_taskflow_api_virtualenv.py
[2026-05-17T21:47:55.322+0000] {processor.py:830} INFO - Processing file /home/airflow/.local/lib/python3.8/site-packages/airflow/example_dags/tutorial_taskflow_api_virtualenv.py for tasks to queue
[2026-05-17T21:47:55.324+0000] {logging_mixin.py:188} INFO - [2026-05-17T21:47:55.324+0000] {dagbag.py:540} INFO - Filling up the DagBag from /home/airflow/.local/lib/python3.8/site-packages/airflow/example_dags/tutorial_taskflow_api_virtualenv.py
[2026-05-17T21:47:55.334+0000] {processor.py:840} INFO - DAG(s) 'tutorial_taskflow_api_virtualenv' retrieved from /home/airflow/.local/lib/python3.8/site-packages/airflow/example_dags/tutorial_taskflow_api_virtualenv.py
[2026-05-17T21:47:55.353+0000] {logging_mixin.py:188} INFO - [2026-05-17T21:47:55.353+0000] {dag.py:3047} INFO - Sync 1 DAGs
[2026-05-17T21:47:55.363+0000] {logging_mixin.py:188} INFO - [2026-05-17T21:47:55.363+0000] {dag.py:3834} INFO - Setting next_dagrun for tutorial_taskflow_api_virtualenv to None, run_after=None
[2026-05-17T21:47:55.387+0000] {processor.py:183} INFO - Processing /home/airflow/.local/lib/python3.8/site-packages/airflow/example_dags/tutorial_taskflow_api_virtualenv.py took 0.069 seconds
[2026-05-17T21:48:25.833+0000] {processor.py:161} INFO - Started process (PID=5691) to work on /home/airflow/.local/lib/python3.8/site-packages/airflow/example_dags/tutorial_taskflow_api_virtualenv.py
[2026-05-17T21:48:25.834+0000] {processor.py:830} INFO - Processing file /home/airflow/.local/lib/python3.8/site-packages/airflow/example_dags/tutorial_taskflow_api_virtualenv.py for tasks to queue
[2026-05-17T21:48:25.837+0000] {logging_mixin.py:188} INFO - [2026-05-17T21:48:25.836+0000] {dagbag.py:540} INFO - Filling up the DagBag from /home/airflow/.local/lib/python3.8/site-packages/airflow/example_dags/tutorial_taskflow_api_virtualenv.py
[2026-05-17T21:48:25.850+0000] {processor.py:840} INFO - DAG(s) 'tutorial_taskflow_api_virtualenv' retrieved from /home/airflow/.local/lib/python3.8/site-packages/airflow/example_dags/tutorial_taskflow_api_virtualenv.py
[2026-05-17T21:48:25.871+0000] {logging_mixin.py:188} INFO - [2026-05-17T21:48:25.871+0000] {dag.py:3047} INFO - Sync 1 DAGs
[2026-05-17T21:48:25.886+0000] {logging_mixin.py:188} INFO - [2026-05-17T21:48:25.885+0000] {dag.py:3834} INFO - Setting next_dagrun for tutorial_taskflow_api_virtualenv to None, run_after=None
[2026-05-17T21:48:25.912+0000] {processor.py:183} INFO - Processing /home/airflow/.local/lib/python3.8/site-packages/airflow/example_dags/tutorial_taskflow_api_virtualenv.py took 0.082 seconds
[2026-05-17T21:48:56.383+0000] {processor.py:161} INFO - Started process (PID=5746) to work on /home/airflow/.local/lib/python3.8/site-packages/airflow/example_dags/tutorial_taskflow_api_virtualenv.py
[2026-05-17T21:48:56.384+0000] {processor.py:830} INFO - Processing file /home/airflow/.local/lib/python3.8/site-packages/airflow/example_dags/tutorial_taskflow_api_virtualenv.py for tasks to queue
[2026-05-17T21:48:56.386+0000] {logging_mixin.py:188} INFO - [2026-05-17T21:48:56.386+0000] {dagbag.py:540} INFO - Filling up the DagBag from /home/airflow/.local/lib/python3.8/site-packages/airflow/example_dags/tutorial_taskflow_api_virtualenv.py
[2026-05-17T21:48:56.397+0000] {processor.py:840} INFO - DAG(s) 'tutorial_taskflow_api_virtualenv' retrieved from /home/airflow/.local/lib/python3.8/site-packages/airflow/example_dags/tutorial_taskflow_api_virtualenv.py
[2026-05-17T21:48:56.416+0000] {logging_mixin.py:188} INFO - [2026-05-17T21:48:56.416+0000] {dag.py:3047} INFO - Sync 1 DAGs
[2026-05-17T21:48:56.431+0000] {logging_mixin.py:188} INFO - [2026-05-17T21:48:56.431+0000] {dag.py:3834} INFO - Setting next_dagrun for tutorial_taskflow_api_virtualenv to None, run_after=None
[2026-05-17T21:48:56.452+0000] {processor.py:183} INFO - Processing /home/airflow/.local/lib/python3.8/site-packages/airflow/example_dags/tutorial_taskflow_api_virtualenv.py took 0.072 seconds
[2026-05-17T21:49:27.193+0000] {processor.py:161} INFO - Started process (PID=5801) to work on /home/airflow/.local/lib/python3.8/site-packages/airflow/example_dags/tutorial_taskflow_api_virtualenv.py
[2026-05-17T21:49:27.194+0000] {processor.py:830} INFO - Processing file /home/airflow/.local/lib/python3.8/site-packages/airflow/example_dags/tutorial_taskflow_api_virtualenv.py for tasks to queue
[2026-05-17T21:49:27.196+0000] {logging_mixin.py:188} INFO - [2026-05-17T21:49:27.196+0000] {dagbag.py:540} INFO - Filling up the DagBag from /home/airflow/.local/lib/python3.8/site-packages/airflow/example_dags/tutorial_taskflow_api_virtualenv.py
[2026-05-17T21:49:27.207+0000] {processor.py:840} INFO - DAG(s) 'tutorial_taskflow_api_virtualenv' retrieved from /home/airflow/.local/lib/python3.8/site-packages/airflow/example_dags/tutorial_taskflow_api_virtualenv.py
[2026-05-17T21:49:27.229+0000] {logging_mixin.py:188} INFO - [2026-05-17T21:49:27.229+0000] {dag.py:3047} INFO - Sync 1 DAGs
[2026-05-17T21:49:27.243+0000] {logging_mixin.py:188} INFO - [2026-05-17T21:49:27.243+0000] {dag.py:3834} INFO - Setting next_dagrun for tutorial_taskflow_api_virtualenv to None, run_after=None
[2026-05-17T21:49:27.262+0000] {processor.py:183} INFO - Processing /home/airflow/.local/lib/python3.8/site-packages/airflow/example_dags/tutorial_taskflow_api_virtualenv.py took 0.072 seconds
[2026-05-17T21:49:57.707+0000] {processor.py:161} INFO - Started process (PID=5857) to work on /home/airflow/.local/lib/python3.8/site-packages/airflow/example_dags/tutorial_taskflow_api_virtualenv.py
[2026-05-17T21:49:57.708+0000] {processor.py:830} INFO - Processing file /home/airflow/.local/lib/python3.8/site-packages/airflow/example_dags/tutorial_taskflow_api_virtualenv.py for tasks to queue
[2026-05-17T21:49:57.711+0000] {logging_mixin.py:188} INFO - [2026-05-17T21:49:57.710+0000] {dagbag.py:540} INFO - Filling up the DagBag from /home/airflow/.local/lib/python3.8/site-packages/airflow/example_dags/tutorial_taskflow_api_virtualenv.py
[2026-05-17T21:49:57.721+0000] {processor.py:840} INFO - DAG(s) 'tutorial_taskflow_api_virtualenv' retrieved from /home/airflow/.local/lib/python3.8/site-packages/airflow/example_dags/tutorial_taskflow_api_virtualenv.py
[2026-05-17T21:49:57.741+0000] {logging_mixin.py:188} INFO - [2026-05-17T21:49:57.741+0000] {dag.py:3047} INFO - Sync 1 DAGs
[2026-05-17T21:49:57.754+0000] {logging_mixin.py:188} INFO - [2026-05-17T21:49:57.754+0000] {dag.py:3834} INFO - Setting next_dagrun for tutorial_taskflow_api_virtualenv to None, run_after=None
[2026-05-17T21:49:57.775+0000] {processor.py:183} INFO - Processing /home/airflow/.local/lib/python3.8/site-packages/airflow/example_dags/tutorial_taskflow_api_virtualenv.py took 0.071 seconds
[2026-05-17T21:50:28.182+0000] {processor.py:161} INFO - Started process (PID=5912) to work on /home/airflow/.local/lib/python3.8/site-packages/airflow/example_dags/tutorial_taskflow_api_virtualenv.py
[2026-05-17T21:50:28.184+0000] {processor.py:830} INFO - Processing file /home/airflow/.local/lib/python3.8/site-packages/airflow/example_dags/tutorial_taskflow_api_virtualenv.py for tasks to queue
[2026-05-17T21:50:28.186+0000] {logging_mixin.py:188} INFO - [2026-05-17T21:50:28.186+0000] {dagbag.py:540} INFO - Filling up the DagBag from /home/airflow/.local/lib/python3.8/site-packages/airflow/example_dags/tutorial_taskflow_api_virtualenv.py
[2026-05-17T21:50:28.204+0000] {processor.py:840} INFO - DAG(s) 'tutorial_taskflow_api_virtualenv' retrieved from /home/airflow/.local/lib/python3.8/site-packages/airflow/example_dags/tutorial_taskflow_api_virtualenv.py
[2026-05-17T21:50:28.236+0000] {logging_mixin.py:188} INFO - [2026-05-17T21:50:28.235+0000] {dag.py:3047} INFO - Sync 1 DAGs
[2026-05-17T21:50:28.251+0000] {logging_mixin.py:188} INFO - [2026-05-17T21:50:28.251+0000] {dag.py:3834} INFO - Setting next_dagrun for tutorial_taskflow_api_virtualenv to None, run_after=None
[2026-05-17T21:50:28.279+0000] {processor.py:183} INFO - Processing /home/airflow/.local/lib/python3.8/site-packages/airflow/example_dags/tutorial_taskflow_api_virtualenv.py took 0.103 seconds
[2026-05-17T21:50:59.193+0000] {processor.py:161} INFO - Started process (PID=5967) to work on /home/airflow/.local/lib/python3.8/site-packages/airflow/example_dags/tutorial_taskflow_api_virtualenv.py
[2026-05-17T21:50:59.194+0000] {processor.py:830} INFO - Processing file /home/airflow/.local/lib/python3.8/site-packages/airflow/example_dags/tutorial_taskflow_api_virtualenv.py for tasks to queue
[2026-05-17T21:50:59.197+0000] {logging_mixin.py:188} INFO - [2026-05-17T21:50:59.197+0000] {dagbag.py:540} INFO - Filling up the DagBag from /home/airflow/.local/lib/python3.8/site-packages/airflow/example_dags/tutorial_taskflow_api_virtualenv.py
[2026-05-17T21:50:59.207+0000] {processor.py:840} INFO - DAG(s) 'tutorial_taskflow_api_virtualenv' retrieved from /home/airflow/.local/lib/python3.8/site-packages/airflow/example_dags/tutorial_taskflow_api_virtualenv.py
[2026-05-17T21:50:59.237+0000] {logging_mixin.py:188} INFO - [2026-05-17T21:50:59.237+0000] {dag.py:3047} INFO - Sync 1 DAGs
[2026-05-17T21:50:59.257+0000] {logging_mixin.py:188} INFO - [2026-05-17T21:50:59.256+0000] {dag.py:3834} INFO - Setting next_dagrun for tutorial_taskflow_api_virtualenv to None, run_after=None
[2026-05-17T21:50:59.288+0000] {processor.py:183} INFO - Processing /home/airflow/.local/lib/python3.8/site-packages/airflow/example_dags/tutorial_taskflow_api_virtualenv.py took 0.100 seconds
[2026-05-17T21:51:29.812+0000] {processor.py:161} INFO - Started process (PID=6022) to work on /home/airflow/.local/lib/python3.8/site-packages/airflow/example_dags/tutorial_taskflow_api_virtualenv.py
[2026-05-17T21:51:29.814+0000] {processor.py:830} INFO - Processing file /home/airflow/.local/lib/python3.8/site-packages/airflow/example_dags/tutorial_taskflow_api_virtualenv.py for tasks to queue
[2026-05-17T21:51:29.816+0000] {logging_mixin.py:188} INFO - [2026-05-17T21:51:29.815+0000] {dagbag.py:540} INFO - Filling up the DagBag from /home/airflow/.local/lib/python3.8/site-packages/airflow/example_dags/tutorial_taskflow_api_virtualenv.py
[2026-05-17T21:51:29.826+0000] {processor.py:840} INFO - DAG(s) 'tutorial_taskflow_api_virtualenv' retrieved from /home/airflow/.local/lib/python3.8/site-packages/airflow/example_dags/tutorial_taskflow_api_virtualenv.py
[2026-05-17T21:51:29.847+0000] {logging_mixin.py:188} INFO - [2026-05-17T21:51:29.847+0000] {dag.py:3047} INFO - Sync 1 DAGs
[2026-05-17T21:51:29.861+0000] {logging_mixin.py:188} INFO - [2026-05-17T21:51:29.861+0000] {dag.py:3834} INFO - Setting next_dagrun for tutorial_taskflow_api_virtualenv to None, run_after=None
[2026-05-17T21:51:29.885+0000] {processor.py:183} INFO - Processing /home/airflow/.local/lib/python3.8/site-packages/airflow/example_dags/tutorial_taskflow_api_virtualenv.py took 0.075 seconds
[2026-05-17T21:52:00.461+0000] {processor.py:161} INFO - Started process (PID=6077) to work on /home/airflow/.local/lib/python3.8/site-packages/airflow/example_dags/tutorial_taskflow_api_virtualenv.py
[2026-05-17T21:52:00.462+0000] {processor.py:830} INFO - Processing file /home/airflow/.local/lib/python3.8/site-packages/airflow/example_dags/tutorial_taskflow_api_virtualenv.py for tasks to queue
[2026-05-17T21:52:00.464+0000] {logging_mixin.py:188} INFO - [2026-05-17T21:52:00.463+0000] {dagbag.py:540} INFO - Filling up the DagBag from /home/airflow/.local/lib/python3.8/site-packages/airflow/example_dags/tutorial_taskflow_api_virtualenv.py
[2026-05-17T21:52:00.474+0000] {processor.py:840} INFO - DAG(s) 'tutorial_taskflow_api_virtualenv' retrieved from /home/airflow/.local/lib/python3.8/site-packages/airflow/example_dags/tutorial_taskflow_api_virtualenv.py
[2026-05-17T21:52:00.495+0000] {logging_mixin.py:188} INFO - [2026-05-17T21:52:00.494+0000] {dag.py:3047} INFO - Sync 1 DAGs
[2026-05-17T21:52:00.507+0000] {logging_mixin.py:188} INFO - [2026-05-17T21:52:00.507+0000] {dag.py:3834} INFO - Setting next_dagrun for tutorial_taskflow_api_virtualenv to None, run_after=None
[2026-05-17T21:52:00.526+0000] {processor.py:183} INFO - Processing /home/airflow/.local/lib/python3.8/site-packages/airflow/example_dags/tutorial_taskflow_api_virtualenv.py took 0.069 seconds
[2026-05-17T21:52:30.912+0000] {processor.py:161} INFO - Started process (PID=6131) to work on /home/airflow/.local/lib/python3.8/site-packages/airflow/example_dags/tutorial_taskflow_api_virtualenv.py
[2026-05-17T21:52:30.914+0000] {processor.py:830} INFO - Processing file /home/airflow/.local/lib/python3.8/site-packages/airflow/example_dags/tutorial_taskflow_api_virtualenv.py for tasks to queue
[2026-05-17T21:52:30.916+0000] {logging_mixin.py:188} INFO - [2026-05-17T21:52:30.916+0000] {dagbag.py:540} INFO - Filling up the DagBag from /home/airflow/.local/lib/python3.8/site-packages/airflow/example_dags/tutorial_taskflow_api_virtualenv.py
[2026-05-17T21:52:30.929+0000] {processor.py:840} INFO - DAG(s) 'tutorial_taskflow_api_virtualenv' retrieved from /home/airflow/.local/lib/python3.8/site-packages/airflow/example_dags/tutorial_taskflow_api_virtualenv.py
[2026-05-17T21:52:30.953+0000] {logging_mixin.py:188} INFO - [2026-05-17T21:52:30.952+0000] {dag.py:3047} INFO - Sync 1 DAGs
[2026-05-17T21:52:30.963+0000] {logging_mixin.py:188} INFO - [2026-05-17T21:52:30.963+0000] {dag.py:3834} INFO - Setting next_dagrun for tutorial_taskflow_api_virtualenv to None, run_after=None
[2026-05-17T21:52:30.980+0000] {processor.py:183} INFO - Processing /home/airflow/.local/lib/python3.8/site-packages/airflow/example_dags/tutorial_taskflow_api_virtualenv.py took 0.072 seconds
[2026-05-17T21:53:01.314+0000] {processor.py:161} INFO - Started process (PID=6186) to work on /home/airflow/.local/lib/python3.8/site-packages/airflow/example_dags/tutorial_taskflow_api_virtualenv.py
[2026-05-17T21:53:01.315+0000] {processor.py:830} INFO - Processing file /home/airflow/.local/lib/python3.8/site-packages/airflow/example_dags/tutorial_taskflow_api_virtualenv.py for tasks to queue
[2026-05-17T21:53:01.317+0000] {logging_mixin.py:188} INFO - [2026-05-17T21:53:01.317+0000] {dagbag.py:540} INFO - Filling up the DagBag from /home/airflow/.local/lib/python3.8/site-packages/airflow/example_dags/tutorial_taskflow_api_virtualenv.py
[2026-05-17T21:53:01.328+0000] {processor.py:840} INFO - DAG(s) 'tutorial_taskflow_api_virtualenv' retrieved from /home/airflow/.local/lib/python3.8/site-packages/airflow/example_dags/tutorial_taskflow_api_virtualenv.py
[2026-05-17T21:53:01.348+0000] {logging_mixin.py:188} INFO - [2026-05-17T21:53:01.348+0000] {dag.py:3047} INFO - Sync 1 DAGs
[2026-05-17T21:53:01.365+0000] {logging_mixin.py:188} INFO - [2026-05-17T21:53:01.364+0000] {dag.py:3834} INFO - Setting next_dagrun for tutorial_taskflow_api_virtualenv to None, run_after=None
[2026-05-17T21:53:01.383+0000] {processor.py:183} INFO - Processing /home/airflow/.local/lib/python3.8/site-packages/airflow/example_dags/tutorial_taskflow_api_virtualenv.py took 0.072 seconds
[2026-05-17T21:53:32.214+0000] {processor.py:161} INFO - Started process (PID=6240) to work on /home/airflow/.local/lib/python3.8/site-packages/airflow/example_dags/tutorial_taskflow_api_virtualenv.py
[2026-05-17T21:53:32.216+0000] {processor.py:830} INFO - Processing file /home/airflow/.local/lib/python3.8/site-packages/airflow/example_dags/tutorial_taskflow_api_virtualenv.py for tasks to queue
[2026-05-17T21:53:32.218+0000] {logging_mixin.py:188} INFO - [2026-05-17T21:53:32.218+0000] {dagbag.py:540} INFO - Filling up the DagBag from /home/airflow/.local/lib/python3.8/site-packages/airflow/example_dags/tutorial_taskflow_api_virtualenv.py
[2026-05-17T21:53:32.228+0000] {processor.py:840} INFO - DAG(s) 'tutorial_taskflow_api_virtualenv' retrieved from /home/airflow/.local/lib/python3.8/site-packages/airflow/example_dags/tutorial_taskflow_api_virtualenv.py
[2026-05-17T21:53:32.248+0000] {logging_mixin.py:188} INFO - [2026-05-17T21:53:32.247+0000] {dag.py:3047} INFO - Sync 1 DAGs
[2026-05-17T21:53:32.259+0000] {logging_mixin.py:188} INFO - [2026-05-17T21:53:32.259+0000] {dag.py:3834} INFO - Setting next_dagrun for tutorial_taskflow_api_virtualenv to None, run_after=None
[2026-05-17T21:53:32.277+0000] {processor.py:183} INFO - Processing /home/airflow/.local/lib/python3.8/site-packages/airflow/example_dags/tutorial_taskflow_api_virtualenv.py took 0.066 seconds
[2026-05-17T21:54:02.681+0000] {processor.py:161} INFO - Started process (PID=6295) to work on /home/airflow/.local/lib/python3.8/site-packages/airflow/example_dags/tutorial_taskflow_api_virtualenv.py
[2026-05-17T21:54:02.683+0000] {processor.py:830} INFO - Processing file /home/airflow/.local/lib/python3.8/site-packages/airflow/example_dags/tutorial_taskflow_api_virtualenv.py for tasks to queue
[2026-05-17T21:54:02.685+0000] {logging_mixin.py:188} INFO - [2026-05-17T21:54:02.685+0000] {dagbag.py:540} INFO - Filling up the DagBag from /home/airflow/.local/lib/python3.8/site-packages/airflow/example_dags/tutorial_taskflow_api_virtualenv.py
[2026-05-17T21:54:02.694+0000] {processor.py:840} INFO - DAG(s) 'tutorial_taskflow_api_virtualenv' retrieved from /home/airflow/.local/lib/python3.8/site-packages/airflow/example_dags/tutorial_taskflow_api_virtualenv.py
[2026-05-17T21:54:02.715+0000] {logging_mixin.py:188} INFO - [2026-05-17T21:54:02.715+0000] {dag.py:3047} INFO - Sync 1 DAGs
[2026-05-17T21:54:02.728+0000] {logging_mixin.py:188} INFO - [2026-05-17T21:54:02.728+0000] {dag.py:3834} INFO - Setting next_dagrun for tutorial_taskflow_api_virtualenv to None, run_after=None
[2026-05-17T21:54:02.749+0000] {processor.py:183} INFO - Processing /home/airflow/.local/lib/python3.8/site-packages/airflow/example_dags/tutorial_taskflow_api_virtualenv.py took 0.072 seconds
[2026-05-17T21:54:32.938+0000] {processor.py:161} INFO - Started process (PID=6350) to work on /home/airflow/.local/lib/python3.8/site-packages/airflow/example_dags/tutorial_taskflow_api_virtualenv.py
[2026-05-17T21:54:32.939+0000] {processor.py:830} INFO - Processing file /home/airflow/.local/lib/python3.8/site-packages/airflow/example_dags/tutorial_taskflow_api_virtualenv.py for tasks to queue
[2026-05-17T21:54:32.941+0000] {logging_mixin.py:188} INFO - [2026-05-17T21:54:32.941+0000] {dagbag.py:540} INFO - Filling up the DagBag from /home/airflow/.local/lib/python3.8/site-packages/airflow/example_dags/tutorial_taskflow_api_virtualenv.py
[2026-05-17T21:54:32.952+0000] {processor.py:840} INFO - DAG(s) 'tutorial_taskflow_api_virtualenv' retrieved from /home/airflow/.local/lib/python3.8/site-packages/airflow/example_dags/tutorial_taskflow_api_virtualenv.py
[2026-05-17T21:54:32.973+0000] {logging_mixin.py:188} INFO - [2026-05-17T21:54:32.973+0000] {dag.py:3047} INFO - Sync 1 DAGs
[2026-05-17T21:54:32.984+0000] {logging_mixin.py:188} INFO - [2026-05-17T21:54:32.983+0000] {dag.py:3834} INFO - Setting next_dagrun for tutorial_taskflow_api_virtualenv to None, run_after=None
[2026-05-17T21:54:33.007+0000] {processor.py:183} INFO - Processing /home/airflow/.local/lib/python3.8/site-packages/airflow/example_dags/tutorial_taskflow_api_virtualenv.py took 0.072 seconds
[2026-05-17T21:55:03.380+0000] {processor.py:161} INFO - Started process (PID=6405) to work on /home/airflow/.local/lib/python3.8/site-packages/airflow/example_dags/tutorial_taskflow_api_virtualenv.py
[2026-05-17T21:55:03.382+0000] {processor.py:830} INFO - Processing file /home/airflow/.local/lib/python3.8/site-packages/airflow/example_dags/tutorial_taskflow_api_virtualenv.py for tasks to queue
[2026-05-17T21:55:03.386+0000] {logging_mixin.py:188} INFO - [2026-05-17T21:55:03.386+0000] {dagbag.py:540} INFO - Filling up the DagBag from /home/airflow/.local/lib/python3.8/site-packages/airflow/example_dags/tutorial_taskflow_api_virtualenv.py
[2026-05-17T21:55:03.397+0000] {processor.py:840} INFO - DAG(s) 'tutorial_taskflow_api_virtualenv' retrieved from /home/airflow/.local/lib/python3.8/site-packages/airflow/example_dags/tutorial_taskflow_api_virtualenv.py
[2026-05-17T21:55:03.416+0000] {logging_mixin.py:188} INFO - [2026-05-17T21:55:03.416+0000] {dag.py:3047} INFO - Sync 1 DAGs
[2026-05-17T21:55:03.426+0000] {logging_mixin.py:188} INFO - [2026-05-17T21:55:03.426+0000] {dag.py:3834} INFO - Setting next_dagrun for tutorial_taskflow_api_virtualenv to None, run_after=None
[2026-05-17T21:55:03.451+0000] {processor.py:183} INFO - Processing /home/airflow/.local/lib/python3.8/site-packages/airflow/example_dags/tutorial_taskflow_api_virtualenv.py took 0.074 seconds
[2026-05-17T21:55:33.629+0000] {processor.py:161} INFO - Started process (PID=6460) to work on /home/airflow/.local/lib/python3.8/site-packages/airflow/example_dags/tutorial_taskflow_api_virtualenv.py
[2026-05-17T21:55:33.630+0000] {processor.py:830} INFO - Processing file /home/airflow/.local/lib/python3.8/site-packages/airflow/example_dags/tutorial_taskflow_api_virtualenv.py for tasks to queue
[2026-05-17T21:55:33.632+0000] {logging_mixin.py:188} INFO - [2026-05-17T21:55:33.632+0000] {dagbag.py:540} INFO - Filling up the DagBag from /home/airflow/.local/lib/python3.8/site-packages/airflow/example_dags/tutorial_taskflow_api_virtualenv.py
[2026-05-17T21:55:33.642+0000] {processor.py:840} INFO - DAG(s) 'tutorial_taskflow_api_virtualenv' retrieved from /home/airflow/.local/lib/python3.8/site-packages/airflow/example_dags/tutorial_taskflow_api_virtualenv.py
[2026-05-17T21:55:33.659+0000] {logging_mixin.py:188} INFO - [2026-05-17T21:55:33.659+0000] {dag.py:3047} INFO - Sync 1 DAGs
[2026-05-17T21:55:33.670+0000] {logging_mixin.py:188} INFO - [2026-05-17T21:55:33.670+0000] {dag.py:3834} INFO - Setting next_dagrun for tutorial_taskflow_api_virtualenv to None, run_after=None
[2026-05-17T21:55:33.689+0000] {processor.py:183} INFO - Processing /home/airflow/.local/lib/python3.8/site-packages/airflow/example_dags/tutorial_taskflow_api_virtualenv.py took 0.063 seconds
[2026-05-17T21:56:04.298+0000] {processor.py:161} INFO - Started process (PID=6515) to work on /home/airflow/.local/lib/python3.8/site-packages/airflow/example_dags/tutorial_taskflow_api_virtualenv.py
[2026-05-17T21:56:04.299+0000] {processor.py:830} INFO - Processing file /home/airflow/.local/lib/python3.8/site-packages/airflow/example_dags/tutorial_taskflow_api_virtualenv.py for tasks to queue
[2026-05-17T21:56:04.302+0000] {logging_mixin.py:188} INFO - [2026-05-17T21:56:04.302+0000] {dagbag.py:540} INFO - Filling up the DagBag from /home/airflow/.local/lib/python3.8/site-packages/airflow/example_dags/tutorial_taskflow_api_virtualenv.py
[2026-05-17T21:56:04.312+0000] {processor.py:840} INFO - DAG(s) 'tutorial_taskflow_api_virtualenv' retrieved from /home/airflow/.local/lib/python3.8/site-packages/airflow/example_dags/tutorial_taskflow_api_virtualenv.py
[2026-05-17T21:56:04.338+0000] {logging_mixin.py:188} INFO - [2026-05-17T21:56:04.337+0000] {dag.py:3047} INFO - Sync 1 DAGs
[2026-05-17T21:56:04.352+0000] {logging_mixin.py:188} INFO - [2026-05-17T21:56:04.352+0000] {dag.py:3834} INFO - Setting next_dagrun for tutorial_taskflow_api_virtualenv to None, run_after=None
[2026-05-17T21:56:04.387+0000] {processor.py:183} INFO - Processing /home/airflow/.local/lib/python3.8/site-packages/airflow/example_dags/tutorial_taskflow_api_virtualenv.py took 0.093 seconds
[2026-05-17T21:56:34.827+0000] {processor.py:161} INFO - Started process (PID=6570) to work on /home/airflow/.local/lib/python3.8/site-packages/airflow/example_dags/tutorial_taskflow_api_virtualenv.py
[2026-05-17T21:56:34.828+0000] {processor.py:830} INFO - Processing file /home/airflow/.local/lib/python3.8/site-packages/airflow/example_dags/tutorial_taskflow_api_virtualenv.py for tasks to queue
[2026-05-17T21:56:34.830+0000] {logging_mixin.py:188} INFO - [2026-05-17T21:56:34.830+0000] {dagbag.py:540} INFO - Filling up the DagBag from /home/airflow/.local/lib/python3.8/site-packages/airflow/example_dags/tutorial_taskflow_api_virtualenv.py
[2026-05-17T21:56:34.840+0000] {processor.py:840} INFO - DAG(s) 'tutorial_taskflow_api_virtualenv' retrieved from /home/airflow/.local/lib/python3.8/site-packages/airflow/example_dags/tutorial_taskflow_api_virtualenv.py
[2026-05-17T21:56:34.858+0000] {logging_mixin.py:188} INFO - [2026-05-17T21:56:34.858+0000] {dag.py:3047} INFO - Sync 1 DAGs
[2026-05-17T21:56:34.870+0000] {logging_mixin.py:188} INFO - [2026-05-17T21:56:34.869+0000] {dag.py:3834} INFO - Setting next_dagrun for tutorial_taskflow_api_virtualenv to None, run_after=None
[2026-05-17T21:56:34.889+0000] {processor.py:183} INFO - Processing /home/airflow/.local/lib/python3.8/site-packages/airflow/example_dags/tutorial_taskflow_api_virtualenv.py took 0.065 seconds
[2026-05-17T21:57:05.292+0000] {processor.py:161} INFO - Started process (PID=6625) to work on /home/airflow/.local/lib/python3.8/site-packages/airflow/example_dags/tutorial_taskflow_api_virtualenv.py
[2026-05-17T21:57:05.293+0000] {processor.py:830} INFO - Processing file /home/airflow/.local/lib/python3.8/site-packages/airflow/example_dags/tutorial_taskflow_api_virtualenv.py for tasks to queue
[2026-05-17T21:57:05.296+0000] {logging_mixin.py:188} INFO - [2026-05-17T21:57:05.295+0000] {dagbag.py:540} INFO - Filling up the DagBag from /home/airflow/.local/lib/python3.8/site-packages/airflow/example_dags/tutorial_taskflow_api_virtualenv.py
[2026-05-17T21:57:05.304+0000] {processor.py:840} INFO - DAG(s) 'tutorial_taskflow_api_virtualenv' retrieved from /home/airflow/.local/lib/python3.8/site-packages/airflow/example_dags/tutorial_taskflow_api_virtualenv.py
[2026-05-17T21:57:05.323+0000] {logging_mixin.py:188} INFO - [2026-05-17T21:57:05.323+0000] {dag.py:3047} INFO - Sync 1 DAGs
[2026-05-17T21:57:05.334+0000] {logging_mixin.py:188} INFO - [2026-05-17T21:57:05.334+0000] {dag.py:3834} INFO - Setting next_dagrun for tutorial_taskflow_api_virtualenv to None, run_after=None
[2026-05-17T21:57:05.353+0000] {processor.py:183} INFO - Processing /home/airflow/.local/lib/python3.8/site-packages/airflow/example_dags/tutorial_taskflow_api_virtualenv.py took 0.064 seconds
[2026-05-17T21:57:35.483+0000] {processor.py:161} INFO - Started process (PID=6680) to work on /home/airflow/.local/lib/python3.8/site-packages/airflow/example_dags/tutorial_taskflow_api_virtualenv.py
[2026-05-17T21:57:35.484+0000] {processor.py:830} INFO - Processing file /home/airflow/.local/lib/python3.8/site-packages/airflow/example_dags/tutorial_taskflow_api_virtualenv.py for tasks to queue
[2026-05-17T21:57:35.487+0000] {logging_mixin.py:188} INFO - [2026-05-17T21:57:35.487+0000] {dagbag.py:540} INFO - Filling up the DagBag from /home/airflow/.local/lib/python3.8/site-packages/airflow/example_dags/tutorial_taskflow_api_virtualenv.py
[2026-05-17T21:57:35.502+0000] {processor.py:840} INFO - DAG(s) 'tutorial_taskflow_api_virtualenv' retrieved from /home/airflow/.local/lib/python3.8/site-packages/airflow/example_dags/tutorial_taskflow_api_virtualenv.py
[2026-05-17T21:57:35.531+0000] {logging_mixin.py:188} INFO - [2026-05-17T21:57:35.530+0000] {dag.py:3047} INFO - Sync 1 DAGs
[2026-05-17T21:57:35.549+0000] {logging_mixin.py:188} INFO - [2026-05-17T21:57:35.549+0000] {dag.py:3834} INFO - Setting next_dagrun for tutorial_taskflow_api_virtualenv to None, run_after=None
[2026-05-17T21:57:35.575+0000] {processor.py:183} INFO - Processing /home/airflow/.local/lib/python3.8/site-packages/airflow/example_dags/tutorial_taskflow_api_virtualenv.py took 0.098 seconds
[2026-05-17T21:58:05.928+0000] {processor.py:161} INFO - Started process (PID=6735) to work on /home/airflow/.local/lib/python3.8/site-packages/airflow/example_dags/tutorial_taskflow_api_virtualenv.py
[2026-05-17T21:58:05.930+0000] {processor.py:830} INFO - Processing file /home/airflow/.local/lib/python3.8/site-packages/airflow/example_dags/tutorial_taskflow_api_virtualenv.py for tasks to queue
[2026-05-17T21:58:05.932+0000] {logging_mixin.py:188} INFO - [2026-05-17T21:58:05.931+0000] {dagbag.py:540} INFO - Filling up the DagBag from /home/airflow/.local/lib/python3.8/site-packages/airflow/example_dags/tutorial_taskflow_api_virtualenv.py
[2026-05-17T21:58:05.941+0000] {processor.py:840} INFO - DAG(s) 'tutorial_taskflow_api_virtualenv' retrieved from /home/airflow/.local/lib/python3.8/site-packages/airflow/example_dags/tutorial_taskflow_api_virtualenv.py
[2026-05-17T21:58:05.960+0000] {logging_mixin.py:188} INFO - [2026-05-17T21:58:05.960+0000] {dag.py:3047} INFO - Sync 1 DAGs
[2026-05-17T21:58:05.970+0000] {logging_mixin.py:188} INFO - [2026-05-17T21:58:05.970+0000] {dag.py:3834} INFO - Setting next_dagrun for tutorial_taskflow_api_virtualenv to None, run_after=None
[2026-05-17T21:58:05.993+0000] {processor.py:183} INFO - Processing /home/airflow/.local/lib/python3.8/site-packages/airflow/example_dags/tutorial_taskflow_api_virtualenv.py took 0.067 seconds
[2026-05-17T21:58:36.373+0000] {processor.py:161} INFO - Started process (PID=6790) to work on /home/airflow/.local/lib/python3.8/site-packages/airflow/example_dags/tutorial_taskflow_api_virtualenv.py
[2026-05-17T21:58:36.375+0000] {processor.py:830} INFO - Processing file /home/airflow/.local/lib/python3.8/site-packages/airflow/example_dags/tutorial_taskflow_api_virtualenv.py for tasks to queue
[2026-05-17T21:58:36.377+0000] {logging_mixin.py:188} INFO - [2026-05-17T21:58:36.377+0000] {dagbag.py:540} INFO - Filling up the DagBag from /home/airflow/.local/lib/python3.8/site-packages/airflow/example_dags/tutorial_taskflow_api_virtualenv.py
[2026-05-17T21:58:36.386+0000] {processor.py:840} INFO - DAG(s) 'tutorial_taskflow_api_virtualenv' retrieved from /home/airflow/.local/lib/python3.8/site-packages/airflow/example_dags/tutorial_taskflow_api_virtualenv.py
[2026-05-17T21:58:36.406+0000] {logging_mixin.py:188} INFO - [2026-05-17T21:58:36.405+0000] {dag.py:3047} INFO - Sync 1 DAGs
[2026-05-17T21:58:36.419+0000] {logging_mixin.py:188} INFO - [2026-05-17T21:58:36.419+0000] {dag.py:3834} INFO - Setting next_dagrun for tutorial_taskflow_api_virtualenv to None, run_after=None
[2026-05-17T21:58:36.440+0000] {processor.py:183} INFO - Processing /home/airflow/.local/lib/python3.8/site-packages/airflow/example_dags/tutorial_taskflow_api_virtualenv.py took 0.069 seconds
[2026-05-17T21:59:06.757+0000] {processor.py:161} INFO - Started process (PID=6845) to work on /home/airflow/.local/lib/python3.8/site-packages/airflow/example_dags/tutorial_taskflow_api_virtualenv.py
[2026-05-17T21:59:06.758+0000] {processor.py:830} INFO - Processing file /home/airflow/.local/lib/python3.8/site-packages/airflow/example_dags/tutorial_taskflow_api_virtualenv.py for tasks to queue
[2026-05-17T21:59:06.760+0000] {logging_mixin.py:188} INFO - [2026-05-17T21:59:06.760+0000] {dagbag.py:540} INFO - Filling up the DagBag from /home/airflow/.local/lib/python3.8/site-packages/airflow/example_dags/tutorial_taskflow_api_virtualenv.py
[2026-05-17T21:59:06.769+0000] {processor.py:840} INFO - DAG(s) 'tutorial_taskflow_api_virtualenv' retrieved from /home/airflow/.local/lib/python3.8/site-packages/airflow/example_dags/tutorial_taskflow_api_virtualenv.py
[2026-05-17T21:59:06.791+0000] {logging_mixin.py:188} INFO - [2026-05-17T21:59:06.791+0000] {dag.py:3047} INFO - Sync 1 DAGs
[2026-05-17T21:59:06.805+0000] {logging_mixin.py:188} INFO - [2026-05-17T21:59:06.805+0000] {dag.py:3834} INFO - Setting next_dagrun for tutorial_taskflow_api_virtualenv to None, run_after=None
[2026-05-17T21:59:06.826+0000] {processor.py:183} INFO - Processing /home/airflow/.local/lib/python3.8/site-packages/airflow/example_dags/tutorial_taskflow_api_virtualenv.py took 0.072 seconds
[2026-05-17T21:59:37.048+0000] {processor.py:161} INFO - Started process (PID=6900) to work on /home/airflow/.local/lib/python3.8/site-packages/airflow/example_dags/tutorial_taskflow_api_virtualenv.py
[2026-05-17T21:59:37.050+0000] {processor.py:830} INFO - Processing file /home/airflow/.local/lib/python3.8/site-packages/airflow/example_dags/tutorial_taskflow_api_virtualenv.py for tasks to queue
[2026-05-17T21:59:37.052+0000] {logging_mixin.py:188} INFO - [2026-05-17T21:59:37.051+0000] {dagbag.py:540} INFO - Filling up the DagBag from /home/airflow/.local/lib/python3.8/site-packages/airflow/example_dags/tutorial_taskflow_api_virtualenv.py
[2026-05-17T21:59:37.060+0000] {processor.py:840} INFO - DAG(s) 'tutorial_taskflow_api_virtualenv' retrieved from /home/airflow/.local/lib/python3.8/site-packages/airflow/example_dags/tutorial_taskflow_api_virtualenv.py
[2026-05-17T21:59:37.078+0000] {logging_mixin.py:188} INFO - [2026-05-17T21:59:37.078+0000] {dag.py:3047} INFO - Sync 1 DAGs
[2026-05-17T21:59:37.088+0000] {logging_mixin.py:188} INFO - [2026-05-17T21:59:37.088+0000] {dag.py:3834} INFO - Setting next_dagrun for tutorial_taskflow_api_virtualenv to None, run_after=None
[2026-05-17T21:59:37.108+0000] {processor.py:183} INFO - Processing /home/airflow/.local/lib/python3.8/site-packages/airflow/example_dags/tutorial_taskflow_api_virtualenv.py took 0.062 seconds
[2026-05-17T22:00:07.373+0000] {processor.py:161} INFO - Started process (PID=6955) to work on /home/airflow/.local/lib/python3.8/site-packages/airflow/example_dags/tutorial_taskflow_api_virtualenv.py
[2026-05-17T22:00:07.375+0000] {processor.py:830} INFO - Processing file /home/airflow/.local/lib/python3.8/site-packages/airflow/example_dags/tutorial_taskflow_api_virtualenv.py for tasks to queue
[2026-05-17T22:00:07.377+0000] {logging_mixin.py:188} INFO - [2026-05-17T22:00:07.377+0000] {dagbag.py:540} INFO - Filling up the DagBag from /home/airflow/.local/lib/python3.8/site-packages/airflow/example_dags/tutorial_taskflow_api_virtualenv.py
[2026-05-17T22:00:07.386+0000] {processor.py:840} INFO - DAG(s) 'tutorial_taskflow_api_virtualenv' retrieved from /home/airflow/.local/lib/python3.8/site-packages/airflow/example_dags/tutorial_taskflow_api_virtualenv.py
[2026-05-17T22:00:07.407+0000] {logging_mixin.py:188} INFO - [2026-05-17T22:00:07.406+0000] {dag.py:3047} INFO - Sync 1 DAGs
[2026-05-17T22:00:07.418+0000] {logging_mixin.py:188} INFO - [2026-05-17T22:00:07.418+0000] {dag.py:3834} INFO - Setting next_dagrun for tutorial_taskflow_api_virtualenv to None, run_after=None
[2026-05-17T22:00:07.462+0000] {processor.py:183} INFO - Processing /home/airflow/.local/lib/python3.8/site-packages/airflow/example_dags/tutorial_taskflow_api_virtualenv.py took 0.092 seconds
[2026-05-17T22:00:37.802+0000] {processor.py:161} INFO - Started process (PID=7010) to work on /home/airflow/.local/lib/python3.8/site-packages/airflow/example_dags/tutorial_taskflow_api_virtualenv.py
[2026-05-17T22:00:37.803+0000] {processor.py:830} INFO - Processing file /home/airflow/.local/lib/python3.8/site-packages/airflow/example_dags/tutorial_taskflow_api_virtualenv.py for tasks to queue
[2026-05-17T22:00:37.805+0000] {logging_mixin.py:188} INFO - [2026-05-17T22:00:37.805+0000] {dagbag.py:540} INFO - Filling up the DagBag from /home/airflow/.local/lib/python3.8/site-packages/airflow/example_dags/tutorial_taskflow_api_virtualenv.py
[2026-05-17T22:00:37.813+0000] {processor.py:840} INFO - DAG(s) 'tutorial_taskflow_api_virtualenv' retrieved from /home/airflow/.local/lib/python3.8/site-packages/airflow/example_dags/tutorial_taskflow_api_virtualenv.py
[2026-05-17T22:00:37.833+0000] {logging_mixin.py:188} INFO - [2026-05-17T22:00:37.833+0000] {dag.py:3047} INFO - Sync 1 DAGs
[2026-05-17T22:00:37.843+0000] {logging_mixin.py:188} INFO - [2026-05-17T22:00:37.843+0000] {dag.py:3834} INFO - Setting next_dagrun for tutorial_taskflow_api_virtualenv to None, run_after=None
[2026-05-17T22:00:37.863+0000] {processor.py:183} INFO - Processing /home/airflow/.local/lib/python3.8/site-packages/airflow/example_dags/tutorial_taskflow_api_virtualenv.py took 0.064 seconds
[2026-05-17T22:01:08.367+0000] {processor.py:161} INFO - Started process (PID=7065) to work on /home/airflow/.local/lib/python3.8/site-packages/airflow/example_dags/tutorial_taskflow_api_virtualenv.py
[2026-05-17T22:01:08.369+0000] {processor.py:830} INFO - Processing file /home/airflow/.local/lib/python3.8/site-packages/airflow/example_dags/tutorial_taskflow_api_virtualenv.py for tasks to queue
[2026-05-17T22:01:08.371+0000] {logging_mixin.py:188} INFO - [2026-05-17T22:01:08.371+0000] {dagbag.py:540} INFO - Filling up the DagBag from /home/airflow/.local/lib/python3.8/site-packages/airflow/example_dags/tutorial_taskflow_api_virtualenv.py
[2026-05-17T22:01:08.381+0000] {processor.py:840} INFO - DAG(s) 'tutorial_taskflow_api_virtualenv' retrieved from /home/airflow/.local/lib/python3.8/site-packages/airflow/example_dags/tutorial_taskflow_api_virtualenv.py
[2026-05-17T22:01:08.401+0000] {logging_mixin.py:188} INFO - [2026-05-17T22:01:08.400+0000] {dag.py:3047} INFO - Sync 1 DAGs
[2026-05-17T22:01:08.410+0000] {logging_mixin.py:188} INFO - [2026-05-17T22:01:08.410+0000] {dag.py:3834} INFO - Setting next_dagrun for tutorial_taskflow_api_virtualenv to None, run_after=None
[2026-05-17T22:01:08.431+0000] {processor.py:183} INFO - Processing /home/airflow/.local/lib/python3.8/site-packages/airflow/example_dags/tutorial_taskflow_api_virtualenv.py took 0.067 seconds
[2026-05-17T22:01:38.676+0000] {processor.py:161} INFO - Started process (PID=7120) to work on /home/airflow/.local/lib/python3.8/site-packages/airflow/example_dags/tutorial_taskflow_api_virtualenv.py
[2026-05-17T22:01:38.678+0000] {processor.py:830} INFO - Processing file /home/airflow/.local/lib/python3.8/site-packages/airflow/example_dags/tutorial_taskflow_api_virtualenv.py for tasks to queue
[2026-05-17T22:01:38.680+0000] {logging_mixin.py:188} INFO - [2026-05-17T22:01:38.680+0000] {dagbag.py:540} INFO - Filling up the DagBag from /home/airflow/.local/lib/python3.8/site-packages/airflow/example_dags/tutorial_taskflow_api_virtualenv.py
[2026-05-17T22:01:38.689+0000] {processor.py:840} INFO - DAG(s) 'tutorial_taskflow_api_virtualenv' retrieved from /home/airflow/.local/lib/python3.8/site-packages/airflow/example_dags/tutorial_taskflow_api_virtualenv.py
[2026-05-17T22:01:38.707+0000] {logging_mixin.py:188} INFO - [2026-05-17T22:01:38.707+0000] {dag.py:3047} INFO - Sync 1 DAGs
[2026-05-17T22:01:38.717+0000] {logging_mixin.py:188} INFO - [2026-05-17T22:01:38.716+0000] {dag.py:3834} INFO - Setting next_dagrun for tutorial_taskflow_api_virtualenv to None, run_after=None
[2026-05-17T22:01:38.736+0000] {processor.py:183} INFO - Processing /home/airflow/.local/lib/python3.8/site-packages/airflow/example_dags/tutorial_taskflow_api_virtualenv.py took 0.063 seconds
[2026-05-17T22:02:09.037+0000] {processor.py:161} INFO - Started process (PID=7175) to work on /home/airflow/.local/lib/python3.8/site-packages/airflow/example_dags/tutorial_taskflow_api_virtualenv.py
[2026-05-17T22:02:09.039+0000] {processor.py:830} INFO - Processing file /home/airflow/.local/lib/python3.8/site-packages/airflow/example_dags/tutorial_taskflow_api_virtualenv.py for tasks to queue
[2026-05-17T22:02:09.041+0000] {logging_mixin.py:188} INFO - [2026-05-17T22:02:09.041+0000] {dagbag.py:540} INFO - Filling up the DagBag from /home/airflow/.local/lib/python3.8/site-packages/airflow/example_dags/tutorial_taskflow_api_virtualenv.py
[2026-05-17T22:02:09.050+0000] {processor.py:840} INFO - DAG(s) 'tutorial_taskflow_api_virtualenv' retrieved from /home/airflow/.local/lib/python3.8/site-packages/airflow/example_dags/tutorial_taskflow_api_virtualenv.py
[2026-05-17T22:02:09.069+0000] {logging_mixin.py:188} INFO - [2026-05-17T22:02:09.069+0000] {dag.py:3047} INFO - Sync 1 DAGs
[2026-05-17T22:02:09.080+0000] {logging_mixin.py:188} INFO - [2026-05-17T22:02:09.080+0000] {dag.py:3834} INFO - Setting next_dagrun for tutorial_taskflow_api_virtualenv to None, run_after=None
[2026-05-17T22:02:09.098+0000] {processor.py:183} INFO - Processing /home/airflow/.local/lib/python3.8/site-packages/airflow/example_dags/tutorial_taskflow_api_virtualenv.py took 0.064 seconds
[2026-05-17T22:02:39.640+0000] {processor.py:161} INFO - Started process (PID=7230) to work on /home/airflow/.local/lib/python3.8/site-packages/airflow/example_dags/tutorial_taskflow_api_virtualenv.py
[2026-05-17T22:02:39.641+0000] {processor.py:830} INFO - Processing file /home/airflow/.local/lib/python3.8/site-packages/airflow/example_dags/tutorial_taskflow_api_virtualenv.py for tasks to queue
[2026-05-17T22:02:39.643+0000] {logging_mixin.py:188} INFO - [2026-05-17T22:02:39.643+0000] {dagbag.py:540} INFO - Filling up the DagBag from /home/airflow/.local/lib/python3.8/site-packages/airflow/example_dags/tutorial_taskflow_api_virtualenv.py
[2026-05-17T22:02:39.652+0000] {processor.py:840} INFO - DAG(s) 'tutorial_taskflow_api_virtualenv' retrieved from /home/airflow/.local/lib/python3.8/site-packages/airflow/example_dags/tutorial_taskflow_api_virtualenv.py
[2026-05-17T22:02:39.671+0000] {logging_mixin.py:188} INFO - [2026-05-17T22:02:39.671+0000] {dag.py:3047} INFO - Sync 1 DAGs
[2026-05-17T22:02:39.680+0000] {logging_mixin.py:188} INFO - [2026-05-17T22:02:39.680+0000] {dag.py:3834} INFO - Setting next_dagrun for tutorial_taskflow_api_virtualenv to None, run_after=None
[2026-05-17T22:02:39.697+0000] {processor.py:183} INFO - Processing /home/airflow/.local/lib/python3.8/site-packages/airflow/example_dags/tutorial_taskflow_api_virtualenv.py took 0.060 seconds
[2026-05-17T22:03:10.232+0000] {processor.py:161} INFO - Started process (PID=7285) to work on /home/airflow/.local/lib/python3.8/site-packages/airflow/example_dags/tutorial_taskflow_api_virtualenv.py
[2026-05-17T22:03:10.234+0000] {processor.py:830} INFO - Processing file /home/airflow/.local/lib/python3.8/site-packages/airflow/example_dags/tutorial_taskflow_api_virtualenv.py for tasks to queue
[2026-05-17T22:03:10.238+0000] {logging_mixin.py:188} INFO - [2026-05-17T22:03:10.237+0000] {dagbag.py:540} INFO - Filling up the DagBag from /home/airflow/.local/lib/python3.8/site-packages/airflow/example_dags/tutorial_taskflow_api_virtualenv.py
[2026-05-17T22:03:10.253+0000] {processor.py:840} INFO - DAG(s) 'tutorial_taskflow_api_virtualenv' retrieved from /home/airflow/.local/lib/python3.8/site-packages/airflow/example_dags/tutorial_taskflow_api_virtualenv.py
[2026-05-17T22:03:10.278+0000] {logging_mixin.py:188} INFO - [2026-05-17T22:03:10.278+0000] {dag.py:3047} INFO - Sync 1 DAGs
[2026-05-17T22:03:10.294+0000] {logging_mixin.py:188} INFO - [2026-05-17T22:03:10.294+0000] {dag.py:3834} INFO - Setting next_dagrun for tutorial_taskflow_api_virtualenv to None, run_after=None
[2026-05-17T22:03:10.321+0000] {processor.py:183} INFO - Processing /home/airflow/.local/lib/python3.8/site-packages/airflow/example_dags/tutorial_taskflow_api_virtualenv.py took 0.094 seconds
[2026-05-17T22:03:40.758+0000] {processor.py:161} INFO - Started process (PID=7340) to work on /home/airflow/.local/lib/python3.8/site-packages/airflow/example_dags/tutorial_taskflow_api_virtualenv.py
[2026-05-17T22:03:40.760+0000] {processor.py:830} INFO - Processing file /home/airflow/.local/lib/python3.8/site-packages/airflow/example_dags/tutorial_taskflow_api_virtualenv.py for tasks to queue
[2026-05-17T22:03:40.762+0000] {logging_mixin.py:188} INFO - [2026-05-17T22:03:40.761+0000] {dagbag.py:540} INFO - Filling up the DagBag from /home/airflow/.local/lib/python3.8/site-packages/airflow/example_dags/tutorial_taskflow_api_virtualenv.py
[2026-05-17T22:03:40.771+0000] {processor.py:840} INFO - DAG(s) 'tutorial_taskflow_api_virtualenv' retrieved from /home/airflow/.local/lib/python3.8/site-packages/airflow/example_dags/tutorial_taskflow_api_virtualenv.py
[2026-05-17T22:03:40.789+0000] {logging_mixin.py:188} INFO - [2026-05-17T22:03:40.789+0000] {dag.py:3047} INFO - Sync 1 DAGs
[2026-05-17T22:03:40.799+0000] {logging_mixin.py:188} INFO - [2026-05-17T22:03:40.799+0000] {dag.py:3834} INFO - Setting next_dagrun for tutorial_taskflow_api_virtualenv to None, run_after=None
[2026-05-17T22:03:40.819+0000] {processor.py:183} INFO - Processing /home/airflow/.local/lib/python3.8/site-packages/airflow/example_dags/tutorial_taskflow_api_virtualenv.py took 0.064 seconds
[2026-05-17T22:04:11.011+0000] {processor.py:161} INFO - Started process (PID=7395) to work on /home/airflow/.local/lib/python3.8/site-packages/airflow/example_dags/tutorial_taskflow_api_virtualenv.py
[2026-05-17T22:04:11.013+0000] {processor.py:830} INFO - Processing file /home/airflow/.local/lib/python3.8/site-packages/airflow/example_dags/tutorial_taskflow_api_virtualenv.py for tasks to queue
[2026-05-17T22:04:11.016+0000] {logging_mixin.py:188} INFO - [2026-05-17T22:04:11.015+0000] {dagbag.py:540} INFO - Filling up the DagBag from /home/airflow/.local/lib/python3.8/site-packages/airflow/example_dags/tutorial_taskflow_api_virtualenv.py
[2026-05-17T22:04:11.024+0000] {processor.py:840} INFO - DAG(s) 'tutorial_taskflow_api_virtualenv' retrieved from /home/airflow/.local/lib/python3.8/site-packages/airflow/example_dags/tutorial_taskflow_api_virtualenv.py
[2026-05-17T22:04:11.043+0000] {logging_mixin.py:188} INFO - [2026-05-17T22:04:11.043+0000] {dag.py:3047} INFO - Sync 1 DAGs
[2026-05-17T22:04:11.054+0000] {logging_mixin.py:188} INFO - [2026-05-17T22:04:11.054+0000] {dag.py:3834} INFO - Setting next_dagrun for tutorial_taskflow_api_virtualenv to None, run_after=None
[2026-05-17T22:04:11.073+0000] {processor.py:183} INFO - Processing /home/airflow/.local/lib/python3.8/site-packages/airflow/example_dags/tutorial_taskflow_api_virtualenv.py took 0.065 seconds
[2026-05-17T22:04:41.752+0000] {processor.py:161} INFO - Started process (PID=7450) to work on /home/airflow/.local/lib/python3.8/site-packages/airflow/example_dags/tutorial_taskflow_api_virtualenv.py
[2026-05-17T22:04:41.754+0000] {processor.py:830} INFO - Processing file /home/airflow/.local/lib/python3.8/site-packages/airflow/example_dags/tutorial_taskflow_api_virtualenv.py for tasks to queue
[2026-05-17T22:04:41.756+0000] {logging_mixin.py:188} INFO - [2026-05-17T22:04:41.756+0000] {dagbag.py:540} INFO - Filling up the DagBag from /home/airflow/.local/lib/python3.8/site-packages/airflow/example_dags/tutorial_taskflow_api_virtualenv.py
[2026-05-17T22:04:41.764+0000] {processor.py:840} INFO - DAG(s) 'tutorial_taskflow_api_virtualenv' retrieved from /home/airflow/.local/lib/python3.8/site-packages/airflow/example_dags/tutorial_taskflow_api_virtualenv.py
[2026-05-17T22:04:41.784+0000] {logging_mixin.py:188} INFO - [2026-05-17T22:04:41.784+0000] {dag.py:3047} INFO - Sync 1 DAGs
[2026-05-17T22:04:41.796+0000] {logging_mixin.py:188} INFO - [2026-05-17T22:04:41.796+0000] {dag.py:3834} INFO - Setting next_dagrun for tutorial_taskflow_api_virtualenv to None, run_after=None
[2026-05-17T22:04:41.819+0000] {processor.py:183} INFO - Processing /home/airflow/.local/lib/python3.8/site-packages/airflow/example_dags/tutorial_taskflow_api_virtualenv.py took 0.069 seconds
[2026-05-17T22:05:12.026+0000] {processor.py:161} INFO - Started process (PID=7505) to work on /home/airflow/.local/lib/python3.8/site-packages/airflow/example_dags/tutorial_taskflow_api_virtualenv.py
[2026-05-17T22:05:12.027+0000] {processor.py:830} INFO - Processing file /home/airflow/.local/lib/python3.8/site-packages/airflow/example_dags/tutorial_taskflow_api_virtualenv.py for tasks to queue
[2026-05-17T22:05:12.029+0000] {logging_mixin.py:188} INFO - [2026-05-17T22:05:12.028+0000] {dagbag.py:540} INFO - Filling up the DagBag from /home/airflow/.local/lib/python3.8/site-packages/airflow/example_dags/tutorial_taskflow_api_virtualenv.py
[2026-05-17T22:05:12.038+0000] {processor.py:840} INFO - DAG(s) 'tutorial_taskflow_api_virtualenv' retrieved from /home/airflow/.local/lib/python3.8/site-packages/airflow/example_dags/tutorial_taskflow_api_virtualenv.py
[2026-05-17T22:05:12.056+0000] {logging_mixin.py:188} INFO - [2026-05-17T22:05:12.056+0000] {dag.py:3047} INFO - Sync 1 DAGs
[2026-05-17T22:05:12.067+0000] {logging_mixin.py:188} INFO - [2026-05-17T22:05:12.067+0000] {dag.py:3834} INFO - Setting next_dagrun for tutorial_taskflow_api_virtualenv to None, run_after=None
[2026-05-17T22:05:12.087+0000] {processor.py:183} INFO - Processing /home/airflow/.local/lib/python3.8/site-packages/airflow/example_dags/tutorial_taskflow_api_virtualenv.py took 0.064 seconds
[2026-05-17T22:05:42.131+0000] {processor.py:161} INFO - Started process (PID=7560) to work on /home/airflow/.local/lib/python3.8/site-packages/airflow/example_dags/tutorial_taskflow_api_virtualenv.py
[2026-05-17T22:05:42.132+0000] {processor.py:830} INFO - Processing file /home/airflow/.local/lib/python3.8/site-packages/airflow/example_dags/tutorial_taskflow_api_virtualenv.py for tasks to queue
[2026-05-17T22:05:42.134+0000] {logging_mixin.py:188} INFO - [2026-05-17T22:05:42.134+0000] {dagbag.py:540} INFO - Filling up the DagBag from /home/airflow/.local/lib/python3.8/site-packages/airflow/example_dags/tutorial_taskflow_api_virtualenv.py
[2026-05-17T22:05:42.143+0000] {processor.py:840} INFO - DAG(s) 'tutorial_taskflow_api_virtualenv' retrieved from /home/airflow/.local/lib/python3.8/site-packages/airflow/example_dags/tutorial_taskflow_api_virtualenv.py
[2026-05-17T22:05:42.166+0000] {logging_mixin.py:188} INFO - [2026-05-17T22:05:42.166+0000] {dag.py:3047} INFO - Sync 1 DAGs
[2026-05-17T22:05:42.179+0000] {logging_mixin.py:188} INFO - [2026-05-17T22:05:42.179+0000] {dag.py:3834} INFO - Setting next_dagrun for tutorial_taskflow_api_virtualenv to None, run_after=None
[2026-05-17T22:05:42.203+0000] {processor.py:183} INFO - Processing /home/airflow/.local/lib/python3.8/site-packages/airflow/example_dags/tutorial_taskflow_api_virtualenv.py took 0.076 seconds
[2026-05-17T22:06:12.245+0000] {processor.py:161} INFO - Started process (PID=7615) to work on /home/airflow/.local/lib/python3.8/site-packages/airflow/example_dags/tutorial_taskflow_api_virtualenv.py
[2026-05-17T22:06:12.247+0000] {processor.py:830} INFO - Processing file /home/airflow/.local/lib/python3.8/site-packages/airflow/example_dags/tutorial_taskflow_api_virtualenv.py for tasks to queue
[2026-05-17T22:06:12.249+0000] {logging_mixin.py:188} INFO - [2026-05-17T22:06:12.248+0000] {dagbag.py:540} INFO - Filling up the DagBag from /home/airflow/.local/lib/python3.8/site-packages/airflow/example_dags/tutorial_taskflow_api_virtualenv.py
[2026-05-17T22:06:12.257+0000] {processor.py:840} INFO - DAG(s) 'tutorial_taskflow_api_virtualenv' retrieved from /home/airflow/.local/lib/python3.8/site-packages/airflow/example_dags/tutorial_taskflow_api_virtualenv.py
[2026-05-17T22:06:12.279+0000] {logging_mixin.py:188} INFO - [2026-05-17T22:06:12.279+0000] {dag.py:3047} INFO - Sync 1 DAGs
[2026-05-17T22:06:12.290+0000] {logging_mixin.py:188} INFO - [2026-05-17T22:06:12.289+0000] {dag.py:3834} INFO - Setting next_dagrun for tutorial_taskflow_api_virtualenv to None, run_after=None
[2026-05-17T22:06:12.310+0000] {processor.py:183} INFO - Processing /home/airflow/.local/lib/python3.8/site-packages/airflow/example_dags/tutorial_taskflow_api_virtualenv.py took 0.067 seconds
[2026-05-17T22:06:42.700+0000] {processor.py:161} INFO - Started process (PID=7670) to work on /home/airflow/.local/lib/python3.8/site-packages/airflow/example_dags/tutorial_taskflow_api_virtualenv.py
[2026-05-17T22:06:42.701+0000] {processor.py:830} INFO - Processing file /home/airflow/.local/lib/python3.8/site-packages/airflow/example_dags/tutorial_taskflow_api_virtualenv.py for tasks to queue
[2026-05-17T22:06:42.703+0000] {logging_mixin.py:188} INFO - [2026-05-17T22:06:42.702+0000] {dagbag.py:540} INFO - Filling up the DagBag from /home/airflow/.local/lib/python3.8/site-packages/airflow/example_dags/tutorial_taskflow_api_virtualenv.py
[2026-05-17T22:06:42.713+0000] {processor.py:840} INFO - DAG(s) 'tutorial_taskflow_api_virtualenv' retrieved from /home/airflow/.local/lib/python3.8/site-packages/airflow/example_dags/tutorial_taskflow_api_virtualenv.py
[2026-05-17T22:06:42.732+0000] {logging_mixin.py:188} INFO - [2026-05-17T22:06:42.731+0000] {dag.py:3047} INFO - Sync 1 DAGs
[2026-05-17T22:06:42.743+0000] {logging_mixin.py:188} INFO - [2026-05-17T22:06:42.742+0000] {dag.py:3834} INFO - Setting next_dagrun for tutorial_taskflow_api_virtualenv to None, run_after=None
[2026-05-17T22:06:42.763+0000] {processor.py:183} INFO - Processing /home/airflow/.local/lib/python3.8/site-packages/airflow/example_dags/tutorial_taskflow_api_virtualenv.py took 0.067 seconds
[2026-05-17T22:07:13.119+0000] {processor.py:161} INFO - Started process (PID=7725) to work on /home/airflow/.local/lib/python3.8/site-packages/airflow/example_dags/tutorial_taskflow_api_virtualenv.py
[2026-05-17T22:07:13.120+0000] {processor.py:830} INFO - Processing file /home/airflow/.local/lib/python3.8/site-packages/airflow/example_dags/tutorial_taskflow_api_virtualenv.py for tasks to queue
[2026-05-17T22:07:13.122+0000] {logging_mixin.py:188} INFO - [2026-05-17T22:07:13.122+0000] {dagbag.py:540} INFO - Filling up the DagBag from /home/airflow/.local/lib/python3.8/site-packages/airflow/example_dags/tutorial_taskflow_api_virtualenv.py
[2026-05-17T22:07:13.131+0000] {processor.py:840} INFO - DAG(s) 'tutorial_taskflow_api_virtualenv' retrieved from /home/airflow/.local/lib/python3.8/site-packages/airflow/example_dags/tutorial_taskflow_api_virtualenv.py
[2026-05-17T22:07:13.151+0000] {logging_mixin.py:188} INFO - [2026-05-17T22:07:13.150+0000] {dag.py:3047} INFO - Sync 1 DAGs
[2026-05-17T22:07:13.161+0000] {logging_mixin.py:188} INFO - [2026-05-17T22:07:13.160+0000] {dag.py:3834} INFO - Setting next_dagrun for tutorial_taskflow_api_virtualenv to None, run_after=None
[2026-05-17T22:07:13.178+0000] {processor.py:183} INFO - Processing /home/airflow/.local/lib/python3.8/site-packages/airflow/example_dags/tutorial_taskflow_api_virtualenv.py took 0.064 seconds
[2026-05-17T22:07:43.573+0000] {processor.py:161} INFO - Started process (PID=7777) to work on /home/airflow/.local/lib/python3.8/site-packages/airflow/example_dags/tutorial_taskflow_api_virtualenv.py
[2026-05-17T22:07:43.575+0000] {processor.py:830} INFO - Processing file /home/airflow/.local/lib/python3.8/site-packages/airflow/example_dags/tutorial_taskflow_api_virtualenv.py for tasks to queue
[2026-05-17T22:07:43.578+0000] {logging_mixin.py:188} INFO - [2026-05-17T22:07:43.578+0000] {dagbag.py:540} INFO - Filling up the DagBag from /home/airflow/.local/lib/python3.8/site-packages/airflow/example_dags/tutorial_taskflow_api_virtualenv.py
[2026-05-17T22:07:43.588+0000] {processor.py:840} INFO - DAG(s) 'tutorial_taskflow_api_virtualenv' retrieved from /home/airflow/.local/lib/python3.8/site-packages/airflow/example_dags/tutorial_taskflow_api_virtualenv.py
[2026-05-17T22:07:43.607+0000] {logging_mixin.py:188} INFO - [2026-05-17T22:07:43.606+0000] {dag.py:3047} INFO - Sync 1 DAGs
[2026-05-17T22:07:43.619+0000] {logging_mixin.py:188} INFO - [2026-05-17T22:07:43.618+0000] {dag.py:3834} INFO - Setting next_dagrun for tutorial_taskflow_api_virtualenv to None, run_after=None
[2026-05-17T22:07:43.634+0000] {processor.py:183} INFO - Processing /home/airflow/.local/lib/python3.8/site-packages/airflow/example_dags/tutorial_taskflow_api_virtualenv.py took 0.065 seconds
[2026-05-17T22:08:14.538+0000] {processor.py:161} INFO - Started process (PID=7833) to work on /home/airflow/.local/lib/python3.8/site-packages/airflow/example_dags/tutorial_taskflow_api_virtualenv.py
[2026-05-17T22:08:14.540+0000] {processor.py:830} INFO - Processing file /home/airflow/.local/lib/python3.8/site-packages/airflow/example_dags/tutorial_taskflow_api_virtualenv.py for tasks to queue
[2026-05-17T22:08:14.544+0000] {logging_mixin.py:188} INFO - [2026-05-17T22:08:14.543+0000] {dagbag.py:540} INFO - Filling up the DagBag from /home/airflow/.local/lib/python3.8/site-packages/airflow/example_dags/tutorial_taskflow_api_virtualenv.py
[2026-05-17T22:08:14.557+0000] {processor.py:840} INFO - DAG(s) 'tutorial_taskflow_api_virtualenv' retrieved from /home/airflow/.local/lib/python3.8/site-packages/airflow/example_dags/tutorial_taskflow_api_virtualenv.py
[2026-05-17T22:08:14.579+0000] {logging_mixin.py:188} INFO - [2026-05-17T22:08:14.579+0000] {dag.py:3047} INFO - Sync 1 DAGs
[2026-05-17T22:08:14.592+0000] {logging_mixin.py:188} INFO - [2026-05-17T22:08:14.591+0000] {dag.py:3834} INFO - Setting next_dagrun for tutorial_taskflow_api_virtualenv to None, run_after=None
[2026-05-17T22:08:14.613+0000] {processor.py:183} INFO - Processing /home/airflow/.local/lib/python3.8/site-packages/airflow/example_dags/tutorial_taskflow_api_virtualenv.py took 0.079 seconds
[2026-05-17T22:08:45.356+0000] {processor.py:161} INFO - Started process (PID=7888) to work on /home/airflow/.local/lib/python3.8/site-packages/airflow/example_dags/tutorial_taskflow_api_virtualenv.py
[2026-05-17T22:08:45.357+0000] {processor.py:830} INFO - Processing file /home/airflow/.local/lib/python3.8/site-packages/airflow/example_dags/tutorial_taskflow_api_virtualenv.py for tasks to queue
[2026-05-17T22:08:45.359+0000] {logging_mixin.py:188} INFO - [2026-05-17T22:08:45.359+0000] {dagbag.py:540} INFO - Filling up the DagBag from /home/airflow/.local/lib/python3.8/site-packages/airflow/example_dags/tutorial_taskflow_api_virtualenv.py
[2026-05-17T22:08:45.368+0000] {processor.py:840} INFO - DAG(s) 'tutorial_taskflow_api_virtualenv' retrieved from /home/airflow/.local/lib/python3.8/site-packages/airflow/example_dags/tutorial_taskflow_api_virtualenv.py
[2026-05-17T22:08:45.393+0000] {logging_mixin.py:188} INFO - [2026-05-17T22:08:45.392+0000] {dag.py:3047} INFO - Sync 1 DAGs
[2026-05-17T22:08:45.406+0000] {logging_mixin.py:188} INFO - [2026-05-17T22:08:45.406+0000] {dag.py:3834} INFO - Setting next_dagrun for tutorial_taskflow_api_virtualenv to None, run_after=None
[2026-05-17T22:08:45.422+0000] {processor.py:183} INFO - Processing /home/airflow/.local/lib/python3.8/site-packages/airflow/example_dags/tutorial_taskflow_api_virtualenv.py took 0.069 seconds
[2026-05-17T22:09:16.049+0000] {processor.py:161} INFO - Started process (PID=7942) to work on /home/airflow/.local/lib/python3.8/site-packages/airflow/example_dags/tutorial_taskflow_api_virtualenv.py
[2026-05-17T22:09:16.051+0000] {processor.py:830} INFO - Processing file /home/airflow/.local/lib/python3.8/site-packages/airflow/example_dags/tutorial_taskflow_api_virtualenv.py for tasks to queue
[2026-05-17T22:09:16.055+0000] {logging_mixin.py:188} INFO - [2026-05-17T22:09:16.055+0000] {dagbag.py:540} INFO - Filling up the DagBag from /home/airflow/.local/lib/python3.8/site-packages/airflow/example_dags/tutorial_taskflow_api_virtualenv.py
[2026-05-17T22:09:16.066+0000] {processor.py:840} INFO - DAG(s) 'tutorial_taskflow_api_virtualenv' retrieved from /home/airflow/.local/lib/python3.8/site-packages/airflow/example_dags/tutorial_taskflow_api_virtualenv.py
[2026-05-17T22:09:16.087+0000] {logging_mixin.py:188} INFO - [2026-05-17T22:09:16.087+0000] {dag.py:3047} INFO - Sync 1 DAGs
[2026-05-17T22:09:16.098+0000] {logging_mixin.py:188} INFO - [2026-05-17T22:09:16.096+0000] {dag.py:3834} INFO - Setting next_dagrun for tutorial_taskflow_api_virtualenv to None, run_after=None
[2026-05-17T22:09:16.123+0000] {processor.py:183} INFO - Processing /home/airflow/.local/lib/python3.8/site-packages/airflow/example_dags/tutorial_taskflow_api_virtualenv.py took 0.079 seconds
