[2026-05-26T18:08:12.854+0000] {processor.py:161} INFO - Started process (PID=109) to work on /home/airflow/.local/lib/python3.8/site-packages/airflow/example_dags/example_branch_labels.py
[2026-05-26T18:08:12.856+0000] {processor.py:830} INFO - Processing file /home/airflow/.local/lib/python3.8/site-packages/airflow/example_dags/example_branch_labels.py for tasks to queue
[2026-05-26T18:08:12.858+0000] {logging_mixin.py:188} INFO - [2026-05-26T18:08:12.858+0000] {dagbag.py:540} INFO - Filling up the DagBag from /home/airflow/.local/lib/python3.8/site-packages/airflow/example_dags/example_branch_labels.py
[2026-05-26T18:08:12.868+0000] {processor.py:840} INFO - DAG(s) 'example_branch_labels' retrieved from /home/airflow/.local/lib/python3.8/site-packages/airflow/example_dags/example_branch_labels.py
[2026-05-26T18:08:12.894+0000] {logging_mixin.py:188} INFO - [2026-05-26T18:08:12.893+0000] {dag.py:3047} INFO - Sync 1 DAGs
[2026-05-26T18:08:12.923+0000] {logging_mixin.py:188} INFO - [2026-05-26T18:08:12.923+0000] {dag.py:3834} INFO - Setting next_dagrun for example_branch_labels to 2026-05-25 00:00:00+00:00, run_after=2026-05-26 00:00:00+00:00
[2026-05-26T18:08:12.954+0000] {processor.py:183} INFO - Processing /home/airflow/.local/lib/python3.8/site-packages/airflow/example_dags/example_branch_labels.py took 0.106 seconds
[2026-05-26T18:08:43.575+0000] {processor.py:161} INFO - Started process (PID=164) to work on /home/airflow/.local/lib/python3.8/site-packages/airflow/example_dags/example_branch_labels.py
[2026-05-26T18:08:43.576+0000] {processor.py:830} INFO - Processing file /home/airflow/.local/lib/python3.8/site-packages/airflow/example_dags/example_branch_labels.py for tasks to queue
[2026-05-26T18:08:43.578+0000] {logging_mixin.py:188} INFO - [2026-05-26T18:08:43.578+0000] {dagbag.py:540} INFO - Filling up the DagBag from /home/airflow/.local/lib/python3.8/site-packages/airflow/example_dags/example_branch_labels.py
[2026-05-26T18:08:43.586+0000] {processor.py:840} INFO - DAG(s) 'example_branch_labels' retrieved from /home/airflow/.local/lib/python3.8/site-packages/airflow/example_dags/example_branch_labels.py
[2026-05-26T18:08:43.603+0000] {logging_mixin.py:188} INFO - [2026-05-26T18:08:43.603+0000] {dag.py:3047} INFO - Sync 1 DAGs
[2026-05-26T18:08:43.625+0000] {logging_mixin.py:188} INFO - [2026-05-26T18:08:43.624+0000] {dag.py:3834} INFO - Setting next_dagrun for example_branch_labels to 2026-05-25 00:00:00+00:00, run_after=2026-05-26 00:00:00+00:00
[2026-05-26T18:08:43.649+0000] {processor.py:183} INFO - Processing /home/airflow/.local/lib/python3.8/site-packages/airflow/example_dags/example_branch_labels.py took 0.077 seconds
[2026-05-26T18:09:13.893+0000] {processor.py:161} INFO - Started process (PID=219) to work on /home/airflow/.local/lib/python3.8/site-packages/airflow/example_dags/example_branch_labels.py
[2026-05-26T18:09:13.894+0000] {processor.py:830} INFO - Processing file /home/airflow/.local/lib/python3.8/site-packages/airflow/example_dags/example_branch_labels.py for tasks to queue
[2026-05-26T18:09:13.896+0000] {logging_mixin.py:188} INFO - [2026-05-26T18:09:13.896+0000] {dagbag.py:540} INFO - Filling up the DagBag from /home/airflow/.local/lib/python3.8/site-packages/airflow/example_dags/example_branch_labels.py
[2026-05-26T18:09:13.904+0000] {processor.py:840} INFO - DAG(s) 'example_branch_labels' retrieved from /home/airflow/.local/lib/python3.8/site-packages/airflow/example_dags/example_branch_labels.py
[2026-05-26T18:09:13.926+0000] {logging_mixin.py:188} INFO - [2026-05-26T18:09:13.925+0000] {dag.py:3047} INFO - Sync 1 DAGs
[2026-05-26T18:09:13.946+0000] {logging_mixin.py:188} INFO - [2026-05-26T18:09:13.946+0000] {dag.py:3834} INFO - Setting next_dagrun for example_branch_labels to 2026-05-25 00:00:00+00:00, run_after=2026-05-26 00:00:00+00:00
[2026-05-26T18:09:13.964+0000] {processor.py:183} INFO - Processing /home/airflow/.local/lib/python3.8/site-packages/airflow/example_dags/example_branch_labels.py took 0.074 seconds
[2026-05-26T18:09:45.741+0000] {processor.py:161} INFO - Started process (PID=274) to work on /home/airflow/.local/lib/python3.8/site-packages/airflow/example_dags/example_branch_labels.py
[2026-05-26T18:09:45.742+0000] {processor.py:830} INFO - Processing file /home/airflow/.local/lib/python3.8/site-packages/airflow/example_dags/example_branch_labels.py for tasks to queue
[2026-05-26T18:09:45.745+0000] {logging_mixin.py:188} INFO - [2026-05-26T18:09:45.744+0000] {dagbag.py:540} INFO - Filling up the DagBag from /home/airflow/.local/lib/python3.8/site-packages/airflow/example_dags/example_branch_labels.py
[2026-05-26T18:09:45.753+0000] {processor.py:840} INFO - DAG(s) 'example_branch_labels' retrieved from /home/airflow/.local/lib/python3.8/site-packages/airflow/example_dags/example_branch_labels.py
[2026-05-26T18:09:45.779+0000] {logging_mixin.py:188} INFO - [2026-05-26T18:09:45.779+0000] {dag.py:3047} INFO - Sync 1 DAGs
[2026-05-26T18:09:45.806+0000] {logging_mixin.py:188} INFO - [2026-05-26T18:09:45.806+0000] {dag.py:3834} INFO - Setting next_dagrun for example_branch_labels to 2026-05-25 00:00:00+00:00, run_after=2026-05-26 00:00:00+00:00
[2026-05-26T18:09:45.838+0000] {processor.py:183} INFO - Processing /home/airflow/.local/lib/python3.8/site-packages/airflow/example_dags/example_branch_labels.py took 0.100 seconds
[2026-05-26T18:10:16.119+0000] {processor.py:161} INFO - Started process (PID=329) to work on /home/airflow/.local/lib/python3.8/site-packages/airflow/example_dags/example_branch_labels.py
[2026-05-26T18:10:16.121+0000] {processor.py:830} INFO - Processing file /home/airflow/.local/lib/python3.8/site-packages/airflow/example_dags/example_branch_labels.py for tasks to queue
[2026-05-26T18:10:16.125+0000] {logging_mixin.py:188} INFO - [2026-05-26T18:10:16.124+0000] {dagbag.py:540} INFO - Filling up the DagBag from /home/airflow/.local/lib/python3.8/site-packages/airflow/example_dags/example_branch_labels.py
[2026-05-26T18:10:16.135+0000] {processor.py:840} INFO - DAG(s) 'example_branch_labels' retrieved from /home/airflow/.local/lib/python3.8/site-packages/airflow/example_dags/example_branch_labels.py
[2026-05-26T18:10:16.177+0000] {logging_mixin.py:188} INFO - [2026-05-26T18:10:16.177+0000] {dag.py:3047} INFO - Sync 1 DAGs
[2026-05-26T18:10:16.225+0000] {logging_mixin.py:188} INFO - [2026-05-26T18:10:16.224+0000] {dag.py:3834} INFO - Setting next_dagrun for example_branch_labels to 2026-05-25 00:00:00+00:00, run_after=2026-05-26 00:00:00+00:00
[2026-05-26T18:10:16.267+0000] {processor.py:183} INFO - Processing /home/airflow/.local/lib/python3.8/site-packages/airflow/example_dags/example_branch_labels.py took 0.152 seconds
[2026-05-26T18:10:47.141+0000] {processor.py:161} INFO - Started process (PID=384) to work on /home/airflow/.local/lib/python3.8/site-packages/airflow/example_dags/example_branch_labels.py
[2026-05-26T18:10:47.142+0000] {processor.py:830} INFO - Processing file /home/airflow/.local/lib/python3.8/site-packages/airflow/example_dags/example_branch_labels.py for tasks to queue
[2026-05-26T18:10:47.144+0000] {logging_mixin.py:188} INFO - [2026-05-26T18:10:47.144+0000] {dagbag.py:540} INFO - Filling up the DagBag from /home/airflow/.local/lib/python3.8/site-packages/airflow/example_dags/example_branch_labels.py
[2026-05-26T18:10:47.151+0000] {processor.py:840} INFO - DAG(s) 'example_branch_labels' retrieved from /home/airflow/.local/lib/python3.8/site-packages/airflow/example_dags/example_branch_labels.py
[2026-05-26T18:10:47.168+0000] {logging_mixin.py:188} INFO - [2026-05-26T18:10:47.168+0000] {dag.py:3047} INFO - Sync 1 DAGs
[2026-05-26T18:10:47.197+0000] {logging_mixin.py:188} INFO - [2026-05-26T18:10:47.197+0000] {dag.py:3834} INFO - Setting next_dagrun for example_branch_labels to 2026-05-25 00:00:00+00:00, run_after=2026-05-26 00:00:00+00:00
[2026-05-26T18:10:47.224+0000] {processor.py:183} INFO - Processing /home/airflow/.local/lib/python3.8/site-packages/airflow/example_dags/example_branch_labels.py took 0.086 seconds
[2026-05-26T18:11:17.492+0000] {processor.py:161} INFO - Started process (PID=439) to work on /home/airflow/.local/lib/python3.8/site-packages/airflow/example_dags/example_branch_labels.py
[2026-05-26T18:11:17.494+0000] {processor.py:830} INFO - Processing file /home/airflow/.local/lib/python3.8/site-packages/airflow/example_dags/example_branch_labels.py for tasks to queue
[2026-05-26T18:11:17.496+0000] {logging_mixin.py:188} INFO - [2026-05-26T18:11:17.496+0000] {dagbag.py:540} INFO - Filling up the DagBag from /home/airflow/.local/lib/python3.8/site-packages/airflow/example_dags/example_branch_labels.py
[2026-05-26T18:11:17.504+0000] {processor.py:840} INFO - DAG(s) 'example_branch_labels' retrieved from /home/airflow/.local/lib/python3.8/site-packages/airflow/example_dags/example_branch_labels.py
[2026-05-26T18:11:17.534+0000] {logging_mixin.py:188} INFO - [2026-05-26T18:11:17.534+0000] {dag.py:3047} INFO - Sync 1 DAGs
[2026-05-26T18:11:17.554+0000] {logging_mixin.py:188} INFO - [2026-05-26T18:11:17.554+0000] {dag.py:3834} INFO - Setting next_dagrun for example_branch_labels to 2026-05-25 00:00:00+00:00, run_after=2026-05-26 00:00:00+00:00
[2026-05-26T18:11:17.572+0000] {processor.py:183} INFO - Processing /home/airflow/.local/lib/python3.8/site-packages/airflow/example_dags/example_branch_labels.py took 0.083 seconds
[2026-05-26T18:11:48.146+0000] {processor.py:161} INFO - Started process (PID=494) to work on /home/airflow/.local/lib/python3.8/site-packages/airflow/example_dags/example_branch_labels.py
[2026-05-26T18:11:48.148+0000] {processor.py:830} INFO - Processing file /home/airflow/.local/lib/python3.8/site-packages/airflow/example_dags/example_branch_labels.py for tasks to queue
[2026-05-26T18:11:48.150+0000] {logging_mixin.py:188} INFO - [2026-05-26T18:11:48.150+0000] {dagbag.py:540} INFO - Filling up the DagBag from /home/airflow/.local/lib/python3.8/site-packages/airflow/example_dags/example_branch_labels.py
[2026-05-26T18:11:48.157+0000] {processor.py:840} INFO - DAG(s) 'example_branch_labels' retrieved from /home/airflow/.local/lib/python3.8/site-packages/airflow/example_dags/example_branch_labels.py
[2026-05-26T18:11:48.177+0000] {logging_mixin.py:188} INFO - [2026-05-26T18:11:48.177+0000] {dag.py:3047} INFO - Sync 1 DAGs
[2026-05-26T18:11:48.195+0000] {logging_mixin.py:188} INFO - [2026-05-26T18:11:48.195+0000] {dag.py:3834} INFO - Setting next_dagrun for example_branch_labels to 2026-05-25 00:00:00+00:00, run_after=2026-05-26 00:00:00+00:00
[2026-05-26T18:11:48.214+0000] {processor.py:183} INFO - Processing /home/airflow/.local/lib/python3.8/site-packages/airflow/example_dags/example_branch_labels.py took 0.071 seconds
[2026-05-26T18:12:18.603+0000] {processor.py:161} INFO - Started process (PID=549) to work on /home/airflow/.local/lib/python3.8/site-packages/airflow/example_dags/example_branch_labels.py
[2026-05-26T18:12:18.604+0000] {processor.py:830} INFO - Processing file /home/airflow/.local/lib/python3.8/site-packages/airflow/example_dags/example_branch_labels.py for tasks to queue
[2026-05-26T18:12:18.605+0000] {logging_mixin.py:188} INFO - [2026-05-26T18:12:18.605+0000] {dagbag.py:540} INFO - Filling up the DagBag from /home/airflow/.local/lib/python3.8/site-packages/airflow/example_dags/example_branch_labels.py
[2026-05-26T18:12:18.611+0000] {processor.py:840} INFO - DAG(s) 'example_branch_labels' retrieved from /home/airflow/.local/lib/python3.8/site-packages/airflow/example_dags/example_branch_labels.py
[2026-05-26T18:12:18.631+0000] {logging_mixin.py:188} INFO - [2026-05-26T18:12:18.631+0000] {dag.py:3047} INFO - Sync 1 DAGs
[2026-05-26T18:12:18.651+0000] {logging_mixin.py:188} INFO - [2026-05-26T18:12:18.650+0000] {dag.py:3834} INFO - Setting next_dagrun for example_branch_labels to 2026-05-25 00:00:00+00:00, run_after=2026-05-26 00:00:00+00:00
[2026-05-26T18:12:18.670+0000] {processor.py:183} INFO - Processing /home/airflow/.local/lib/python3.8/site-packages/airflow/example_dags/example_branch_labels.py took 0.071 seconds
[2026-05-26T18:12:48.898+0000] {processor.py:161} INFO - Started process (PID=604) to work on /home/airflow/.local/lib/python3.8/site-packages/airflow/example_dags/example_branch_labels.py
[2026-05-26T18:12:48.899+0000] {processor.py:830} INFO - Processing file /home/airflow/.local/lib/python3.8/site-packages/airflow/example_dags/example_branch_labels.py for tasks to queue
[2026-05-26T18:12:48.902+0000] {logging_mixin.py:188} INFO - [2026-05-26T18:12:48.902+0000] {dagbag.py:540} INFO - Filling up the DagBag from /home/airflow/.local/lib/python3.8/site-packages/airflow/example_dags/example_branch_labels.py
[2026-05-26T18:12:48.913+0000] {processor.py:840} INFO - DAG(s) 'example_branch_labels' retrieved from /home/airflow/.local/lib/python3.8/site-packages/airflow/example_dags/example_branch_labels.py
[2026-05-26T18:12:48.940+0000] {logging_mixin.py:188} INFO - [2026-05-26T18:12:48.939+0000] {dag.py:3047} INFO - Sync 1 DAGs
[2026-05-26T18:12:48.958+0000] {logging_mixin.py:188} INFO - [2026-05-26T18:12:48.958+0000] {dag.py:3834} INFO - Setting next_dagrun for example_branch_labels to 2026-05-25 00:00:00+00:00, run_after=2026-05-26 00:00:00+00:00
[2026-05-26T18:12:48.979+0000] {processor.py:183} INFO - Processing /home/airflow/.local/lib/python3.8/site-packages/airflow/example_dags/example_branch_labels.py took 0.086 seconds
[2026-05-26T18:13:19.737+0000] {processor.py:161} INFO - Started process (PID=660) to work on /home/airflow/.local/lib/python3.8/site-packages/airflow/example_dags/example_branch_labels.py
[2026-05-26T18:13:19.740+0000] {processor.py:830} INFO - Processing file /home/airflow/.local/lib/python3.8/site-packages/airflow/example_dags/example_branch_labels.py for tasks to queue
[2026-05-26T18:13:19.745+0000] {logging_mixin.py:188} INFO - [2026-05-26T18:13:19.744+0000] {dagbag.py:540} INFO - Filling up the DagBag from /home/airflow/.local/lib/python3.8/site-packages/airflow/example_dags/example_branch_labels.py
[2026-05-26T18:13:19.756+0000] {processor.py:840} INFO - DAG(s) 'example_branch_labels' retrieved from /home/airflow/.local/lib/python3.8/site-packages/airflow/example_dags/example_branch_labels.py
[2026-05-26T18:13:19.816+0000] {logging_mixin.py:188} INFO - [2026-05-26T18:13:19.814+0000] {dag.py:3047} INFO - Sync 1 DAGs
[2026-05-26T18:13:19.857+0000] {logging_mixin.py:188} INFO - [2026-05-26T18:13:19.857+0000] {dag.py:3834} INFO - Setting next_dagrun for example_branch_labels to 2026-05-25 00:00:00+00:00, run_after=2026-05-26 00:00:00+00:00
[2026-05-26T18:13:19.901+0000] {processor.py:183} INFO - Processing /home/airflow/.local/lib/python3.8/site-packages/airflow/example_dags/example_branch_labels.py took 0.172 seconds
[2026-05-26T18:13:50.668+0000] {processor.py:161} INFO - Started process (PID=715) to work on /home/airflow/.local/lib/python3.8/site-packages/airflow/example_dags/example_branch_labels.py
[2026-05-26T18:13:50.672+0000] {processor.py:830} INFO - Processing file /home/airflow/.local/lib/python3.8/site-packages/airflow/example_dags/example_branch_labels.py for tasks to queue
[2026-05-26T18:13:50.674+0000] {logging_mixin.py:188} INFO - [2026-05-26T18:13:50.674+0000] {dagbag.py:540} INFO - Filling up the DagBag from /home/airflow/.local/lib/python3.8/site-packages/airflow/example_dags/example_branch_labels.py
[2026-05-26T18:13:50.682+0000] {processor.py:840} INFO - DAG(s) 'example_branch_labels' retrieved from /home/airflow/.local/lib/python3.8/site-packages/airflow/example_dags/example_branch_labels.py
[2026-05-26T18:13:50.712+0000] {logging_mixin.py:188} INFO - [2026-05-26T18:13:50.712+0000] {dag.py:3047} INFO - Sync 1 DAGs
[2026-05-26T18:13:50.742+0000] {logging_mixin.py:188} INFO - [2026-05-26T18:13:50.742+0000] {dag.py:3834} INFO - Setting next_dagrun for example_branch_labels to 2026-05-25 00:00:00+00:00, run_after=2026-05-26 00:00:00+00:00
[2026-05-26T18:13:50.767+0000] {processor.py:183} INFO - Processing /home/airflow/.local/lib/python3.8/site-packages/airflow/example_dags/example_branch_labels.py took 0.103 seconds
[2026-05-26T18:14:21.240+0000] {processor.py:161} INFO - Started process (PID=771) to work on /home/airflow/.local/lib/python3.8/site-packages/airflow/example_dags/example_branch_labels.py
[2026-05-26T18:14:21.241+0000] {processor.py:830} INFO - Processing file /home/airflow/.local/lib/python3.8/site-packages/airflow/example_dags/example_branch_labels.py for tasks to queue
[2026-05-26T18:14:21.243+0000] {logging_mixin.py:188} INFO - [2026-05-26T18:14:21.243+0000] {dagbag.py:540} INFO - Filling up the DagBag from /home/airflow/.local/lib/python3.8/site-packages/airflow/example_dags/example_branch_labels.py
[2026-05-26T18:14:21.253+0000] {processor.py:840} INFO - DAG(s) 'example_branch_labels' retrieved from /home/airflow/.local/lib/python3.8/site-packages/airflow/example_dags/example_branch_labels.py
[2026-05-26T18:14:21.272+0000] {logging_mixin.py:188} INFO - [2026-05-26T18:14:21.272+0000] {dag.py:3047} INFO - Sync 1 DAGs
[2026-05-26T18:14:21.290+0000] {logging_mixin.py:188} INFO - [2026-05-26T18:14:21.290+0000] {dag.py:3834} INFO - Setting next_dagrun for example_branch_labels to 2026-05-25 00:00:00+00:00, run_after=2026-05-26 00:00:00+00:00
[2026-05-26T18:14:21.316+0000] {processor.py:183} INFO - Processing /home/airflow/.local/lib/python3.8/site-packages/airflow/example_dags/example_branch_labels.py took 0.080 seconds
[2026-05-26T18:14:51.591+0000] {processor.py:161} INFO - Started process (PID=826) to work on /home/airflow/.local/lib/python3.8/site-packages/airflow/example_dags/example_branch_labels.py
[2026-05-26T18:14:51.594+0000] {processor.py:830} INFO - Processing file /home/airflow/.local/lib/python3.8/site-packages/airflow/example_dags/example_branch_labels.py for tasks to queue
[2026-05-26T18:14:51.596+0000] {logging_mixin.py:188} INFO - [2026-05-26T18:14:51.595+0000] {dagbag.py:540} INFO - Filling up the DagBag from /home/airflow/.local/lib/python3.8/site-packages/airflow/example_dags/example_branch_labels.py
[2026-05-26T18:14:51.603+0000] {processor.py:840} INFO - DAG(s) 'example_branch_labels' retrieved from /home/airflow/.local/lib/python3.8/site-packages/airflow/example_dags/example_branch_labels.py
[2026-05-26T18:14:51.622+0000] {logging_mixin.py:188} INFO - [2026-05-26T18:14:51.622+0000] {dag.py:3047} INFO - Sync 1 DAGs
[2026-05-26T18:14:51.646+0000] {logging_mixin.py:188} INFO - [2026-05-26T18:14:51.646+0000] {dag.py:3834} INFO - Setting next_dagrun for example_branch_labels to 2026-05-25 00:00:00+00:00, run_after=2026-05-26 00:00:00+00:00
[2026-05-26T18:14:51.672+0000] {processor.py:183} INFO - Processing /home/airflow/.local/lib/python3.8/site-packages/airflow/example_dags/example_branch_labels.py took 0.083 seconds
[2026-05-26T18:15:22.309+0000] {processor.py:161} INFO - Started process (PID=881) to work on /home/airflow/.local/lib/python3.8/site-packages/airflow/example_dags/example_branch_labels.py
[2026-05-26T18:15:22.311+0000] {processor.py:830} INFO - Processing file /home/airflow/.local/lib/python3.8/site-packages/airflow/example_dags/example_branch_labels.py for tasks to queue
[2026-05-26T18:15:22.313+0000] {logging_mixin.py:188} INFO - [2026-05-26T18:15:22.313+0000] {dagbag.py:540} INFO - Filling up the DagBag from /home/airflow/.local/lib/python3.8/site-packages/airflow/example_dags/example_branch_labels.py
[2026-05-26T18:15:22.322+0000] {processor.py:840} INFO - DAG(s) 'example_branch_labels' retrieved from /home/airflow/.local/lib/python3.8/site-packages/airflow/example_dags/example_branch_labels.py
[2026-05-26T18:15:22.351+0000] {logging_mixin.py:188} INFO - [2026-05-26T18:15:22.350+0000] {dag.py:3047} INFO - Sync 1 DAGs
[2026-05-26T18:15:22.372+0000] {logging_mixin.py:188} INFO - [2026-05-26T18:15:22.372+0000] {dag.py:3834} INFO - Setting next_dagrun for example_branch_labels to 2026-05-25 00:00:00+00:00, run_after=2026-05-26 00:00:00+00:00
[2026-05-26T18:15:22.396+0000] {processor.py:183} INFO - Processing /home/airflow/.local/lib/python3.8/site-packages/airflow/example_dags/example_branch_labels.py took 0.091 seconds
[2026-05-26T18:15:52.831+0000] {processor.py:161} INFO - Started process (PID=936) to work on /home/airflow/.local/lib/python3.8/site-packages/airflow/example_dags/example_branch_labels.py
[2026-05-26T18:15:52.833+0000] {processor.py:830} INFO - Processing file /home/airflow/.local/lib/python3.8/site-packages/airflow/example_dags/example_branch_labels.py for tasks to queue
[2026-05-26T18:15:52.836+0000] {logging_mixin.py:188} INFO - [2026-05-26T18:15:52.835+0000] {dagbag.py:540} INFO - Filling up the DagBag from /home/airflow/.local/lib/python3.8/site-packages/airflow/example_dags/example_branch_labels.py
[2026-05-26T18:15:52.844+0000] {processor.py:840} INFO - DAG(s) 'example_branch_labels' retrieved from /home/airflow/.local/lib/python3.8/site-packages/airflow/example_dags/example_branch_labels.py
[2026-05-26T18:15:52.864+0000] {logging_mixin.py:188} INFO - [2026-05-26T18:15:52.864+0000] {dag.py:3047} INFO - Sync 1 DAGs
[2026-05-26T18:15:52.883+0000] {logging_mixin.py:188} INFO - [2026-05-26T18:15:52.882+0000] {dag.py:3834} INFO - Setting next_dagrun for example_branch_labels to 2026-05-25 00:00:00+00:00, run_after=2026-05-26 00:00:00+00:00
[2026-05-26T18:15:52.899+0000] {processor.py:183} INFO - Processing /home/airflow/.local/lib/python3.8/site-packages/airflow/example_dags/example_branch_labels.py took 0.071 seconds
[2026-05-26T18:16:23.119+0000] {processor.py:161} INFO - Started process (PID=991) to work on /home/airflow/.local/lib/python3.8/site-packages/airflow/example_dags/example_branch_labels.py
[2026-05-26T18:16:23.121+0000] {processor.py:830} INFO - Processing file /home/airflow/.local/lib/python3.8/site-packages/airflow/example_dags/example_branch_labels.py for tasks to queue
[2026-05-26T18:16:23.122+0000] {logging_mixin.py:188} INFO - [2026-05-26T18:16:23.122+0000] {dagbag.py:540} INFO - Filling up the DagBag from /home/airflow/.local/lib/python3.8/site-packages/airflow/example_dags/example_branch_labels.py
[2026-05-26T18:16:23.129+0000] {processor.py:840} INFO - DAG(s) 'example_branch_labels' retrieved from /home/airflow/.local/lib/python3.8/site-packages/airflow/example_dags/example_branch_labels.py
[2026-05-26T18:16:23.148+0000] {logging_mixin.py:188} INFO - [2026-05-26T18:16:23.148+0000] {dag.py:3047} INFO - Sync 1 DAGs
[2026-05-26T18:16:23.169+0000] {logging_mixin.py:188} INFO - [2026-05-26T18:16:23.169+0000] {dag.py:3834} INFO - Setting next_dagrun for example_branch_labels to 2026-05-25 00:00:00+00:00, run_after=2026-05-26 00:00:00+00:00
[2026-05-26T18:16:23.190+0000] {processor.py:183} INFO - Processing /home/airflow/.local/lib/python3.8/site-packages/airflow/example_dags/example_branch_labels.py took 0.074 seconds
[2026-05-26T18:16:53.518+0000] {processor.py:161} INFO - Started process (PID=1046) to work on /home/airflow/.local/lib/python3.8/site-packages/airflow/example_dags/example_branch_labels.py
[2026-05-26T18:16:53.519+0000] {processor.py:830} INFO - Processing file /home/airflow/.local/lib/python3.8/site-packages/airflow/example_dags/example_branch_labels.py for tasks to queue
[2026-05-26T18:16:53.522+0000] {logging_mixin.py:188} INFO - [2026-05-26T18:16:53.521+0000] {dagbag.py:540} INFO - Filling up the DagBag from /home/airflow/.local/lib/python3.8/site-packages/airflow/example_dags/example_branch_labels.py
[2026-05-26T18:16:53.529+0000] {processor.py:840} INFO - DAG(s) 'example_branch_labels' retrieved from /home/airflow/.local/lib/python3.8/site-packages/airflow/example_dags/example_branch_labels.py
[2026-05-26T18:16:53.555+0000] {logging_mixin.py:188} INFO - [2026-05-26T18:16:53.555+0000] {dag.py:3047} INFO - Sync 1 DAGs
[2026-05-26T18:16:53.576+0000] {logging_mixin.py:188} INFO - [2026-05-26T18:16:53.576+0000] {dag.py:3834} INFO - Setting next_dagrun for example_branch_labels to 2026-05-25 00:00:00+00:00, run_after=2026-05-26 00:00:00+00:00
[2026-05-26T18:16:53.599+0000] {processor.py:183} INFO - Processing /home/airflow/.local/lib/python3.8/site-packages/airflow/example_dags/example_branch_labels.py took 0.084 seconds
[2026-05-26T18:17:23.979+0000] {processor.py:161} INFO - Started process (PID=1101) to work on /home/airflow/.local/lib/python3.8/site-packages/airflow/example_dags/example_branch_labels.py
[2026-05-26T18:17:23.980+0000] {processor.py:830} INFO - Processing file /home/airflow/.local/lib/python3.8/site-packages/airflow/example_dags/example_branch_labels.py for tasks to queue
[2026-05-26T18:17:23.982+0000] {logging_mixin.py:188} INFO - [2026-05-26T18:17:23.982+0000] {dagbag.py:540} INFO - Filling up the DagBag from /home/airflow/.local/lib/python3.8/site-packages/airflow/example_dags/example_branch_labels.py
[2026-05-26T18:17:23.988+0000] {processor.py:840} INFO - DAG(s) 'example_branch_labels' retrieved from /home/airflow/.local/lib/python3.8/site-packages/airflow/example_dags/example_branch_labels.py
[2026-05-26T18:17:24.006+0000] {logging_mixin.py:188} INFO - [2026-05-26T18:17:24.006+0000] {dag.py:3047} INFO - Sync 1 DAGs
[2026-05-26T18:17:24.027+0000] {logging_mixin.py:188} INFO - [2026-05-26T18:17:24.026+0000] {dag.py:3834} INFO - Setting next_dagrun for example_branch_labels to 2026-05-25 00:00:00+00:00, run_after=2026-05-26 00:00:00+00:00
[2026-05-26T18:17:24.045+0000] {processor.py:183} INFO - Processing /home/airflow/.local/lib/python3.8/site-packages/airflow/example_dags/example_branch_labels.py took 0.069 seconds
[2026-05-26T18:17:54.111+0000] {processor.py:161} INFO - Started process (PID=1156) to work on /home/airflow/.local/lib/python3.8/site-packages/airflow/example_dags/example_branch_labels.py
[2026-05-26T18:17:54.113+0000] {processor.py:830} INFO - Processing file /home/airflow/.local/lib/python3.8/site-packages/airflow/example_dags/example_branch_labels.py for tasks to queue
[2026-05-26T18:17:54.115+0000] {logging_mixin.py:188} INFO - [2026-05-26T18:17:54.114+0000] {dagbag.py:540} INFO - Filling up the DagBag from /home/airflow/.local/lib/python3.8/site-packages/airflow/example_dags/example_branch_labels.py
[2026-05-26T18:17:54.122+0000] {processor.py:840} INFO - DAG(s) 'example_branch_labels' retrieved from /home/airflow/.local/lib/python3.8/site-packages/airflow/example_dags/example_branch_labels.py
[2026-05-26T18:17:54.142+0000] {logging_mixin.py:188} INFO - [2026-05-26T18:17:54.141+0000] {dag.py:3047} INFO - Sync 1 DAGs
[2026-05-26T18:17:54.159+0000] {logging_mixin.py:188} INFO - [2026-05-26T18:17:54.158+0000] {dag.py:3834} INFO - Setting next_dagrun for example_branch_labels to 2026-05-25 00:00:00+00:00, run_after=2026-05-26 00:00:00+00:00
[2026-05-26T18:17:54.173+0000] {processor.py:183} INFO - Processing /home/airflow/.local/lib/python3.8/site-packages/airflow/example_dags/example_branch_labels.py took 0.065 seconds
[2026-05-26T18:18:24.714+0000] {processor.py:161} INFO - Started process (PID=1211) to work on /home/airflow/.local/lib/python3.8/site-packages/airflow/example_dags/example_branch_labels.py
[2026-05-26T18:18:24.720+0000] {processor.py:830} INFO - Processing file /home/airflow/.local/lib/python3.8/site-packages/airflow/example_dags/example_branch_labels.py for tasks to queue
[2026-05-26T18:18:24.723+0000] {logging_mixin.py:188} INFO - [2026-05-26T18:18:24.723+0000] {dagbag.py:540} INFO - Filling up the DagBag from /home/airflow/.local/lib/python3.8/site-packages/airflow/example_dags/example_branch_labels.py
[2026-05-26T18:18:24.730+0000] {processor.py:840} INFO - DAG(s) 'example_branch_labels' retrieved from /home/airflow/.local/lib/python3.8/site-packages/airflow/example_dags/example_branch_labels.py
[2026-05-26T18:18:24.762+0000] {logging_mixin.py:188} INFO - [2026-05-26T18:18:24.762+0000] {dag.py:3047} INFO - Sync 1 DAGs
[2026-05-26T18:18:24.792+0000] {logging_mixin.py:188} INFO - [2026-05-26T18:18:24.791+0000] {dag.py:3834} INFO - Setting next_dagrun for example_branch_labels to 2026-05-25 00:00:00+00:00, run_after=2026-05-26 00:00:00+00:00
[2026-05-26T18:18:24.821+0000] {processor.py:183} INFO - Processing /home/airflow/.local/lib/python3.8/site-packages/airflow/example_dags/example_branch_labels.py took 0.113 seconds
[2026-05-26T18:18:54.859+0000] {processor.py:161} INFO - Started process (PID=1266) to work on /home/airflow/.local/lib/python3.8/site-packages/airflow/example_dags/example_branch_labels.py
[2026-05-26T18:18:54.861+0000] {processor.py:830} INFO - Processing file /home/airflow/.local/lib/python3.8/site-packages/airflow/example_dags/example_branch_labels.py for tasks to queue
[2026-05-26T18:18:54.863+0000] {logging_mixin.py:188} INFO - [2026-05-26T18:18:54.863+0000] {dagbag.py:540} INFO - Filling up the DagBag from /home/airflow/.local/lib/python3.8/site-packages/airflow/example_dags/example_branch_labels.py
[2026-05-26T18:18:54.869+0000] {processor.py:840} INFO - DAG(s) 'example_branch_labels' retrieved from /home/airflow/.local/lib/python3.8/site-packages/airflow/example_dags/example_branch_labels.py
[2026-05-26T18:18:54.889+0000] {logging_mixin.py:188} INFO - [2026-05-26T18:18:54.888+0000] {dag.py:3047} INFO - Sync 1 DAGs
[2026-05-26T18:18:54.906+0000] {logging_mixin.py:188} INFO - [2026-05-26T18:18:54.906+0000] {dag.py:3834} INFO - Setting next_dagrun for example_branch_labels to 2026-05-25 00:00:00+00:00, run_after=2026-05-26 00:00:00+00:00
[2026-05-26T18:18:54.920+0000] {processor.py:183} INFO - Processing /home/airflow/.local/lib/python3.8/site-packages/airflow/example_dags/example_branch_labels.py took 0.064 seconds
[2026-05-26T18:19:25.155+0000] {processor.py:161} INFO - Started process (PID=1321) to work on /home/airflow/.local/lib/python3.8/site-packages/airflow/example_dags/example_branch_labels.py
[2026-05-26T18:19:25.157+0000] {processor.py:830} INFO - Processing file /home/airflow/.local/lib/python3.8/site-packages/airflow/example_dags/example_branch_labels.py for tasks to queue
[2026-05-26T18:19:25.159+0000] {logging_mixin.py:188} INFO - [2026-05-26T18:19:25.158+0000] {dagbag.py:540} INFO - Filling up the DagBag from /home/airflow/.local/lib/python3.8/site-packages/airflow/example_dags/example_branch_labels.py
[2026-05-26T18:19:25.165+0000] {processor.py:840} INFO - DAG(s) 'example_branch_labels' retrieved from /home/airflow/.local/lib/python3.8/site-packages/airflow/example_dags/example_branch_labels.py
[2026-05-26T18:19:25.189+0000] {logging_mixin.py:188} INFO - [2026-05-26T18:19:25.188+0000] {dag.py:3047} INFO - Sync 1 DAGs
[2026-05-26T18:19:25.208+0000] {logging_mixin.py:188} INFO - [2026-05-26T18:19:25.208+0000] {dag.py:3834} INFO - Setting next_dagrun for example_branch_labels to 2026-05-25 00:00:00+00:00, run_after=2026-05-26 00:00:00+00:00
[2026-05-26T18:19:25.226+0000] {processor.py:183} INFO - Processing /home/airflow/.local/lib/python3.8/site-packages/airflow/example_dags/example_branch_labels.py took 0.074 seconds
[2026-05-26T18:19:55.345+0000] {processor.py:161} INFO - Started process (PID=1376) to work on /home/airflow/.local/lib/python3.8/site-packages/airflow/example_dags/example_branch_labels.py
[2026-05-26T18:19:55.346+0000] {processor.py:830} INFO - Processing file /home/airflow/.local/lib/python3.8/site-packages/airflow/example_dags/example_branch_labels.py for tasks to queue
[2026-05-26T18:19:55.348+0000] {logging_mixin.py:188} INFO - [2026-05-26T18:19:55.348+0000] {dagbag.py:540} INFO - Filling up the DagBag from /home/airflow/.local/lib/python3.8/site-packages/airflow/example_dags/example_branch_labels.py
[2026-05-26T18:19:55.355+0000] {processor.py:840} INFO - DAG(s) 'example_branch_labels' retrieved from /home/airflow/.local/lib/python3.8/site-packages/airflow/example_dags/example_branch_labels.py
[2026-05-26T18:19:55.376+0000] {logging_mixin.py:188} INFO - [2026-05-26T18:19:55.376+0000] {dag.py:3047} INFO - Sync 1 DAGs
[2026-05-26T18:19:55.399+0000] {logging_mixin.py:188} INFO - [2026-05-26T18:19:55.398+0000] {dag.py:3834} INFO - Setting next_dagrun for example_branch_labels to 2026-05-25 00:00:00+00:00, run_after=2026-05-26 00:00:00+00:00
[2026-05-26T18:19:55.423+0000] {processor.py:183} INFO - Processing /home/airflow/.local/lib/python3.8/site-packages/airflow/example_dags/example_branch_labels.py took 0.081 seconds
[2026-05-26T18:20:25.504+0000] {processor.py:161} INFO - Started process (PID=1431) to work on /home/airflow/.local/lib/python3.8/site-packages/airflow/example_dags/example_branch_labels.py
[2026-05-26T18:20:25.505+0000] {processor.py:830} INFO - Processing file /home/airflow/.local/lib/python3.8/site-packages/airflow/example_dags/example_branch_labels.py for tasks to queue
[2026-05-26T18:20:25.508+0000] {logging_mixin.py:188} INFO - [2026-05-26T18:20:25.507+0000] {dagbag.py:540} INFO - Filling up the DagBag from /home/airflow/.local/lib/python3.8/site-packages/airflow/example_dags/example_branch_labels.py
[2026-05-26T18:20:25.523+0000] {processor.py:840} INFO - DAG(s) 'example_branch_labels' retrieved from /home/airflow/.local/lib/python3.8/site-packages/airflow/example_dags/example_branch_labels.py
[2026-05-26T18:20:25.553+0000] {logging_mixin.py:188} INFO - [2026-05-26T18:20:25.552+0000] {dag.py:3047} INFO - Sync 1 DAGs
[2026-05-26T18:20:25.588+0000] {logging_mixin.py:188} INFO - [2026-05-26T18:20:25.588+0000] {dag.py:3834} INFO - Setting next_dagrun for example_branch_labels to 2026-05-25 00:00:00+00:00, run_after=2026-05-26 00:00:00+00:00
[2026-05-26T18:20:25.626+0000] {processor.py:183} INFO - Processing /home/airflow/.local/lib/python3.8/site-packages/airflow/example_dags/example_branch_labels.py took 0.125 seconds
[2026-05-26T18:20:56.885+0000] {processor.py:161} INFO - Started process (PID=1486) to work on /home/airflow/.local/lib/python3.8/site-packages/airflow/example_dags/example_branch_labels.py
[2026-05-26T18:20:56.891+0000] {processor.py:830} INFO - Processing file /home/airflow/.local/lib/python3.8/site-packages/airflow/example_dags/example_branch_labels.py for tasks to queue
[2026-05-26T18:20:56.900+0000] {logging_mixin.py:188} INFO - [2026-05-26T18:20:56.896+0000] {dagbag.py:540} INFO - Filling up the DagBag from /home/airflow/.local/lib/python3.8/site-packages/airflow/example_dags/example_branch_labels.py
[2026-05-26T18:20:56.916+0000] {processor.py:840} INFO - DAG(s) 'example_branch_labels' retrieved from /home/airflow/.local/lib/python3.8/site-packages/airflow/example_dags/example_branch_labels.py
[2026-05-26T18:20:56.957+0000] {logging_mixin.py:188} INFO - [2026-05-26T18:20:56.956+0000] {dag.py:3047} INFO - Sync 1 DAGs
[2026-05-26T18:20:56.997+0000] {logging_mixin.py:188} INFO - [2026-05-26T18:20:56.997+0000] {dag.py:3834} INFO - Setting next_dagrun for example_branch_labels to 2026-05-25 00:00:00+00:00, run_after=2026-05-26 00:00:00+00:00
[2026-05-26T18:20:57.037+0000] {processor.py:183} INFO - Processing /home/airflow/.local/lib/python3.8/site-packages/airflow/example_dags/example_branch_labels.py took 0.163 seconds
[2026-05-26T18:21:27.850+0000] {processor.py:161} INFO - Started process (PID=1541) to work on /home/airflow/.local/lib/python3.8/site-packages/airflow/example_dags/example_branch_labels.py
[2026-05-26T18:21:27.853+0000] {processor.py:830} INFO - Processing file /home/airflow/.local/lib/python3.8/site-packages/airflow/example_dags/example_branch_labels.py for tasks to queue
[2026-05-26T18:21:27.858+0000] {logging_mixin.py:188} INFO - [2026-05-26T18:21:27.857+0000] {dagbag.py:540} INFO - Filling up the DagBag from /home/airflow/.local/lib/python3.8/site-packages/airflow/example_dags/example_branch_labels.py
[2026-05-26T18:21:27.877+0000] {processor.py:840} INFO - DAG(s) 'example_branch_labels' retrieved from /home/airflow/.local/lib/python3.8/site-packages/airflow/example_dags/example_branch_labels.py
[2026-05-26T18:21:27.968+0000] {logging_mixin.py:188} INFO - [2026-05-26T18:21:27.967+0000] {dag.py:3047} INFO - Sync 1 DAGs
[2026-05-26T18:21:28.082+0000] {logging_mixin.py:188} INFO - [2026-05-26T18:21:28.081+0000] {dag.py:3834} INFO - Setting next_dagrun for example_branch_labels to 2026-05-25 00:00:00+00:00, run_after=2026-05-26 00:00:00+00:00
[2026-05-26T18:21:28.168+0000] {processor.py:183} INFO - Processing /home/airflow/.local/lib/python3.8/site-packages/airflow/example_dags/example_branch_labels.py took 0.333 seconds
[2026-05-26T18:21:58.851+0000] {processor.py:161} INFO - Started process (PID=1596) to work on /home/airflow/.local/lib/python3.8/site-packages/airflow/example_dags/example_branch_labels.py
[2026-05-26T18:21:58.853+0000] {processor.py:830} INFO - Processing file /home/airflow/.local/lib/python3.8/site-packages/airflow/example_dags/example_branch_labels.py for tasks to queue
[2026-05-26T18:21:58.857+0000] {logging_mixin.py:188} INFO - [2026-05-26T18:21:58.856+0000] {dagbag.py:540} INFO - Filling up the DagBag from /home/airflow/.local/lib/python3.8/site-packages/airflow/example_dags/example_branch_labels.py
[2026-05-26T18:21:58.863+0000] {processor.py:840} INFO - DAG(s) 'example_branch_labels' retrieved from /home/airflow/.local/lib/python3.8/site-packages/airflow/example_dags/example_branch_labels.py
[2026-05-26T18:21:58.884+0000] {logging_mixin.py:188} INFO - [2026-05-26T18:21:58.884+0000] {dag.py:3047} INFO - Sync 1 DAGs
[2026-05-26T18:21:58.907+0000] {logging_mixin.py:188} INFO - [2026-05-26T18:21:58.907+0000] {dag.py:3834} INFO - Setting next_dagrun for example_branch_labels to 2026-05-25 00:00:00+00:00, run_after=2026-05-26 00:00:00+00:00
[2026-05-26T18:21:58.933+0000] {processor.py:183} INFO - Processing /home/airflow/.local/lib/python3.8/site-packages/airflow/example_dags/example_branch_labels.py took 0.085 seconds
[2026-05-26T18:22:29.422+0000] {processor.py:161} INFO - Started process (PID=1651) to work on /home/airflow/.local/lib/python3.8/site-packages/airflow/example_dags/example_branch_labels.py
[2026-05-26T18:22:29.423+0000] {processor.py:830} INFO - Processing file /home/airflow/.local/lib/python3.8/site-packages/airflow/example_dags/example_branch_labels.py for tasks to queue
[2026-05-26T18:22:29.426+0000] {logging_mixin.py:188} INFO - [2026-05-26T18:22:29.426+0000] {dagbag.py:540} INFO - Filling up the DagBag from /home/airflow/.local/lib/python3.8/site-packages/airflow/example_dags/example_branch_labels.py
[2026-05-26T18:22:29.433+0000] {processor.py:840} INFO - DAG(s) 'example_branch_labels' retrieved from /home/airflow/.local/lib/python3.8/site-packages/airflow/example_dags/example_branch_labels.py
[2026-05-26T18:22:29.459+0000] {logging_mixin.py:188} INFO - [2026-05-26T18:22:29.459+0000] {dag.py:3047} INFO - Sync 1 DAGs
[2026-05-26T18:22:29.493+0000] {logging_mixin.py:188} INFO - [2026-05-26T18:22:29.492+0000] {dag.py:3834} INFO - Setting next_dagrun for example_branch_labels to 2026-05-25 00:00:00+00:00, run_after=2026-05-26 00:00:00+00:00
[2026-05-26T18:22:29.520+0000] {processor.py:183} INFO - Processing /home/airflow/.local/lib/python3.8/site-packages/airflow/example_dags/example_branch_labels.py took 0.100 seconds
[2026-05-26T18:22:59.898+0000] {processor.py:161} INFO - Started process (PID=1706) to work on /home/airflow/.local/lib/python3.8/site-packages/airflow/example_dags/example_branch_labels.py
[2026-05-26T18:22:59.917+0000] {processor.py:830} INFO - Processing file /home/airflow/.local/lib/python3.8/site-packages/airflow/example_dags/example_branch_labels.py for tasks to queue
[2026-05-26T18:22:59.924+0000] {logging_mixin.py:188} INFO - [2026-05-26T18:22:59.924+0000] {dagbag.py:540} INFO - Filling up the DagBag from /home/airflow/.local/lib/python3.8/site-packages/airflow/example_dags/example_branch_labels.py
[2026-05-26T18:23:00.062+0000] {processor.py:840} INFO - DAG(s) 'example_branch_labels' retrieved from /home/airflow/.local/lib/python3.8/site-packages/airflow/example_dags/example_branch_labels.py
[2026-05-26T18:23:00.404+0000] {logging_mixin.py:188} INFO - [2026-05-26T18:23:00.404+0000] {dag.py:3047} INFO - Sync 1 DAGs
[2026-05-26T18:23:00.618+0000] {logging_mixin.py:188} INFO - [2026-05-26T18:23:00.617+0000] {dag.py:3834} INFO - Setting next_dagrun for example_branch_labels to 2026-05-25 00:00:00+00:00, run_after=2026-05-26 00:00:00+00:00
[2026-05-26T18:23:00.753+0000] {processor.py:183} INFO - Processing /home/airflow/.local/lib/python3.8/site-packages/airflow/example_dags/example_branch_labels.py took 0.943 seconds
[2026-05-26T18:23:30.955+0000] {processor.py:161} INFO - Started process (PID=1761) to work on /home/airflow/.local/lib/python3.8/site-packages/airflow/example_dags/example_branch_labels.py
[2026-05-26T18:23:30.957+0000] {processor.py:830} INFO - Processing file /home/airflow/.local/lib/python3.8/site-packages/airflow/example_dags/example_branch_labels.py for tasks to queue
[2026-05-26T18:23:30.959+0000] {logging_mixin.py:188} INFO - [2026-05-26T18:23:30.959+0000] {dagbag.py:540} INFO - Filling up the DagBag from /home/airflow/.local/lib/python3.8/site-packages/airflow/example_dags/example_branch_labels.py
[2026-05-26T18:23:30.968+0000] {processor.py:840} INFO - DAG(s) 'example_branch_labels' retrieved from /home/airflow/.local/lib/python3.8/site-packages/airflow/example_dags/example_branch_labels.py
[2026-05-26T18:23:30.995+0000] {logging_mixin.py:188} INFO - [2026-05-26T18:23:30.995+0000] {dag.py:3047} INFO - Sync 1 DAGs
[2026-05-26T18:23:31.015+0000] {logging_mixin.py:188} INFO - [2026-05-26T18:23:31.014+0000] {dag.py:3834} INFO - Setting next_dagrun for example_branch_labels to 2026-05-25 00:00:00+00:00, run_after=2026-05-26 00:00:00+00:00
[2026-05-26T18:23:31.035+0000] {processor.py:183} INFO - Processing /home/airflow/.local/lib/python3.8/site-packages/airflow/example_dags/example_branch_labels.py took 0.085 seconds
[2026-05-26T18:24:01.819+0000] {processor.py:161} INFO - Started process (PID=1816) to work on /home/airflow/.local/lib/python3.8/site-packages/airflow/example_dags/example_branch_labels.py
[2026-05-26T18:24:01.820+0000] {processor.py:830} INFO - Processing file /home/airflow/.local/lib/python3.8/site-packages/airflow/example_dags/example_branch_labels.py for tasks to queue
[2026-05-26T18:24:01.822+0000] {logging_mixin.py:188} INFO - [2026-05-26T18:24:01.821+0000] {dagbag.py:540} INFO - Filling up the DagBag from /home/airflow/.local/lib/python3.8/site-packages/airflow/example_dags/example_branch_labels.py
[2026-05-26T18:24:01.829+0000] {processor.py:840} INFO - DAG(s) 'example_branch_labels' retrieved from /home/airflow/.local/lib/python3.8/site-packages/airflow/example_dags/example_branch_labels.py
[2026-05-26T18:24:01.852+0000] {logging_mixin.py:188} INFO - [2026-05-26T18:24:01.851+0000] {dag.py:3047} INFO - Sync 1 DAGs
[2026-05-26T18:24:01.881+0000] {logging_mixin.py:188} INFO - [2026-05-26T18:24:01.880+0000] {dag.py:3834} INFO - Setting next_dagrun for example_branch_labels to 2026-05-25 00:00:00+00:00, run_after=2026-05-26 00:00:00+00:00
[2026-05-26T18:24:01.904+0000] {processor.py:183} INFO - Processing /home/airflow/.local/lib/python3.8/site-packages/airflow/example_dags/example_branch_labels.py took 0.088 seconds
[2026-05-26T18:24:32.008+0000] {processor.py:161} INFO - Started process (PID=1871) to work on /home/airflow/.local/lib/python3.8/site-packages/airflow/example_dags/example_branch_labels.py
[2026-05-26T18:24:32.010+0000] {processor.py:830} INFO - Processing file /home/airflow/.local/lib/python3.8/site-packages/airflow/example_dags/example_branch_labels.py for tasks to queue
[2026-05-26T18:24:32.011+0000] {logging_mixin.py:188} INFO - [2026-05-26T18:24:32.011+0000] {dagbag.py:540} INFO - Filling up the DagBag from /home/airflow/.local/lib/python3.8/site-packages/airflow/example_dags/example_branch_labels.py
[2026-05-26T18:24:32.019+0000] {processor.py:840} INFO - DAG(s) 'example_branch_labels' retrieved from /home/airflow/.local/lib/python3.8/site-packages/airflow/example_dags/example_branch_labels.py
[2026-05-26T18:24:32.038+0000] {logging_mixin.py:188} INFO - [2026-05-26T18:24:32.038+0000] {dag.py:3047} INFO - Sync 1 DAGs
[2026-05-26T18:24:32.056+0000] {logging_mixin.py:188} INFO - [2026-05-26T18:24:32.055+0000] {dag.py:3834} INFO - Setting next_dagrun for example_branch_labels to 2026-05-25 00:00:00+00:00, run_after=2026-05-26 00:00:00+00:00
[2026-05-26T18:24:32.074+0000] {processor.py:183} INFO - Processing /home/airflow/.local/lib/python3.8/site-packages/airflow/example_dags/example_branch_labels.py took 0.069 seconds
[2026-05-26T18:25:02.440+0000] {processor.py:161} INFO - Started process (PID=1926) to work on /home/airflow/.local/lib/python3.8/site-packages/airflow/example_dags/example_branch_labels.py
[2026-05-26T18:25:02.442+0000] {processor.py:830} INFO - Processing file /home/airflow/.local/lib/python3.8/site-packages/airflow/example_dags/example_branch_labels.py for tasks to queue
[2026-05-26T18:25:02.446+0000] {logging_mixin.py:188} INFO - [2026-05-26T18:25:02.445+0000] {dagbag.py:540} INFO - Filling up the DagBag from /home/airflow/.local/lib/python3.8/site-packages/airflow/example_dags/example_branch_labels.py
[2026-05-26T18:25:02.461+0000] {processor.py:840} INFO - DAG(s) 'example_branch_labels' retrieved from /home/airflow/.local/lib/python3.8/site-packages/airflow/example_dags/example_branch_labels.py
[2026-05-26T18:25:02.527+0000] {logging_mixin.py:188} INFO - [2026-05-26T18:25:02.526+0000] {dag.py:3047} INFO - Sync 1 DAGs
[2026-05-26T18:25:02.574+0000] {logging_mixin.py:188} INFO - [2026-05-26T18:25:02.573+0000] {dag.py:3834} INFO - Setting next_dagrun for example_branch_labels to 2026-05-25 00:00:00+00:00, run_after=2026-05-26 00:00:00+00:00
[2026-05-26T18:25:02.634+0000] {processor.py:183} INFO - Processing /home/airflow/.local/lib/python3.8/site-packages/airflow/example_dags/example_branch_labels.py took 0.201 seconds
[2026-05-26T18:25:33.126+0000] {processor.py:161} INFO - Started process (PID=1981) to work on /home/airflow/.local/lib/python3.8/site-packages/airflow/example_dags/example_branch_labels.py
[2026-05-26T18:25:33.129+0000] {processor.py:830} INFO - Processing file /home/airflow/.local/lib/python3.8/site-packages/airflow/example_dags/example_branch_labels.py for tasks to queue
[2026-05-26T18:25:33.133+0000] {logging_mixin.py:188} INFO - [2026-05-26T18:25:33.132+0000] {dagbag.py:540} INFO - Filling up the DagBag from /home/airflow/.local/lib/python3.8/site-packages/airflow/example_dags/example_branch_labels.py
[2026-05-26T18:25:33.141+0000] {processor.py:840} INFO - DAG(s) 'example_branch_labels' retrieved from /home/airflow/.local/lib/python3.8/site-packages/airflow/example_dags/example_branch_labels.py
[2026-05-26T18:25:33.172+0000] {logging_mixin.py:188} INFO - [2026-05-26T18:25:33.171+0000] {dag.py:3047} INFO - Sync 1 DAGs
[2026-05-26T18:25:33.206+0000] {logging_mixin.py:188} INFO - [2026-05-26T18:25:33.205+0000] {dag.py:3834} INFO - Setting next_dagrun for example_branch_labels to 2026-05-25 00:00:00+00:00, run_after=2026-05-26 00:00:00+00:00
[2026-05-26T18:25:33.231+0000] {processor.py:183} INFO - Processing /home/airflow/.local/lib/python3.8/site-packages/airflow/example_dags/example_branch_labels.py took 0.110 seconds
[2026-05-26T18:26:03.442+0000] {processor.py:161} INFO - Started process (PID=2036) to work on /home/airflow/.local/lib/python3.8/site-packages/airflow/example_dags/example_branch_labels.py
[2026-05-26T18:26:03.444+0000] {processor.py:830} INFO - Processing file /home/airflow/.local/lib/python3.8/site-packages/airflow/example_dags/example_branch_labels.py for tasks to queue
[2026-05-26T18:26:03.447+0000] {logging_mixin.py:188} INFO - [2026-05-26T18:26:03.446+0000] {dagbag.py:540} INFO - Filling up the DagBag from /home/airflow/.local/lib/python3.8/site-packages/airflow/example_dags/example_branch_labels.py
[2026-05-26T18:26:03.459+0000] {processor.py:840} INFO - DAG(s) 'example_branch_labels' retrieved from /home/airflow/.local/lib/python3.8/site-packages/airflow/example_dags/example_branch_labels.py
[2026-05-26T18:26:03.493+0000] {logging_mixin.py:188} INFO - [2026-05-26T18:26:03.492+0000] {dag.py:3047} INFO - Sync 1 DAGs
[2026-05-26T18:26:03.522+0000] {logging_mixin.py:188} INFO - [2026-05-26T18:26:03.521+0000] {dag.py:3834} INFO - Setting next_dagrun for example_branch_labels to 2026-05-25 00:00:00+00:00, run_after=2026-05-26 00:00:00+00:00
[2026-05-26T18:26:03.551+0000] {processor.py:183} INFO - Processing /home/airflow/.local/lib/python3.8/site-packages/airflow/example_dags/example_branch_labels.py took 0.113 seconds
[2026-05-26T18:26:33.837+0000] {processor.py:161} INFO - Started process (PID=2092) to work on /home/airflow/.local/lib/python3.8/site-packages/airflow/example_dags/example_branch_labels.py
[2026-05-26T18:26:33.840+0000] {processor.py:830} INFO - Processing file /home/airflow/.local/lib/python3.8/site-packages/airflow/example_dags/example_branch_labels.py for tasks to queue
[2026-05-26T18:26:33.844+0000] {logging_mixin.py:188} INFO - [2026-05-26T18:26:33.843+0000] {dagbag.py:540} INFO - Filling up the DagBag from /home/airflow/.local/lib/python3.8/site-packages/airflow/example_dags/example_branch_labels.py
[2026-05-26T18:26:33.865+0000] {processor.py:840} INFO - DAG(s) 'example_branch_labels' retrieved from /home/airflow/.local/lib/python3.8/site-packages/airflow/example_dags/example_branch_labels.py
[2026-05-26T18:26:33.917+0000] {logging_mixin.py:188} INFO - [2026-05-26T18:26:33.916+0000] {dag.py:3047} INFO - Sync 1 DAGs
[2026-05-26T18:26:33.971+0000] {logging_mixin.py:188} INFO - [2026-05-26T18:26:33.970+0000] {dag.py:3834} INFO - Setting next_dagrun for example_branch_labels to 2026-05-25 00:00:00+00:00, run_after=2026-05-26 00:00:00+00:00
[2026-05-26T18:26:34.012+0000] {processor.py:183} INFO - Processing /home/airflow/.local/lib/python3.8/site-packages/airflow/example_dags/example_branch_labels.py took 0.186 seconds
[2026-05-26T18:27:05.722+0000] {processor.py:161} INFO - Started process (PID=2147) to work on /home/airflow/.local/lib/python3.8/site-packages/airflow/example_dags/example_branch_labels.py
[2026-05-26T18:27:05.726+0000] {processor.py:830} INFO - Processing file /home/airflow/.local/lib/python3.8/site-packages/airflow/example_dags/example_branch_labels.py for tasks to queue
[2026-05-26T18:27:05.731+0000] {logging_mixin.py:188} INFO - [2026-05-26T18:27:05.730+0000] {dagbag.py:540} INFO - Filling up the DagBag from /home/airflow/.local/lib/python3.8/site-packages/airflow/example_dags/example_branch_labels.py
[2026-05-26T18:27:05.750+0000] {processor.py:840} INFO - DAG(s) 'example_branch_labels' retrieved from /home/airflow/.local/lib/python3.8/site-packages/airflow/example_dags/example_branch_labels.py
[2026-05-26T18:27:05.793+0000] {logging_mixin.py:188} INFO - [2026-05-26T18:27:05.793+0000] {dag.py:3047} INFO - Sync 1 DAGs
[2026-05-26T18:27:05.841+0000] {logging_mixin.py:188} INFO - [2026-05-26T18:27:05.840+0000] {dag.py:3834} INFO - Setting next_dagrun for example_branch_labels to 2026-05-25 00:00:00+00:00, run_after=2026-05-26 00:00:00+00:00
[2026-05-26T18:27:05.895+0000] {processor.py:183} INFO - Processing /home/airflow/.local/lib/python3.8/site-packages/airflow/example_dags/example_branch_labels.py took 0.180 seconds
[2026-05-26T18:27:37.142+0000] {processor.py:161} INFO - Started process (PID=2202) to work on /home/airflow/.local/lib/python3.8/site-packages/airflow/example_dags/example_branch_labels.py
[2026-05-26T18:27:37.144+0000] {processor.py:830} INFO - Processing file /home/airflow/.local/lib/python3.8/site-packages/airflow/example_dags/example_branch_labels.py for tasks to queue
[2026-05-26T18:27:37.148+0000] {logging_mixin.py:188} INFO - [2026-05-26T18:27:37.147+0000] {dagbag.py:540} INFO - Filling up the DagBag from /home/airflow/.local/lib/python3.8/site-packages/airflow/example_dags/example_branch_labels.py
[2026-05-26T18:27:37.162+0000] {processor.py:840} INFO - DAG(s) 'example_branch_labels' retrieved from /home/airflow/.local/lib/python3.8/site-packages/airflow/example_dags/example_branch_labels.py
[2026-05-26T18:27:37.200+0000] {logging_mixin.py:188} INFO - [2026-05-26T18:27:37.199+0000] {dag.py:3047} INFO - Sync 1 DAGs
[2026-05-26T18:27:37.246+0000] {logging_mixin.py:188} INFO - [2026-05-26T18:27:37.245+0000] {dag.py:3834} INFO - Setting next_dagrun for example_branch_labels to 2026-05-25 00:00:00+00:00, run_after=2026-05-26 00:00:00+00:00
[2026-05-26T18:27:37.289+0000] {processor.py:183} INFO - Processing /home/airflow/.local/lib/python3.8/site-packages/airflow/example_dags/example_branch_labels.py took 0.154 seconds
[2026-05-26T18:28:08.247+0000] {processor.py:161} INFO - Started process (PID=2263) to work on /home/airflow/.local/lib/python3.8/site-packages/airflow/example_dags/example_branch_labels.py
[2026-05-26T18:28:08.248+0000] {processor.py:830} INFO - Processing file /home/airflow/.local/lib/python3.8/site-packages/airflow/example_dags/example_branch_labels.py for tasks to queue
[2026-05-26T18:28:08.251+0000] {logging_mixin.py:188} INFO - [2026-05-26T18:28:08.250+0000] {dagbag.py:540} INFO - Filling up the DagBag from /home/airflow/.local/lib/python3.8/site-packages/airflow/example_dags/example_branch_labels.py
[2026-05-26T18:28:08.259+0000] {processor.py:840} INFO - DAG(s) 'example_branch_labels' retrieved from /home/airflow/.local/lib/python3.8/site-packages/airflow/example_dags/example_branch_labels.py
[2026-05-26T18:28:08.278+0000] {logging_mixin.py:188} INFO - [2026-05-26T18:28:08.278+0000] {dag.py:3047} INFO - Sync 1 DAGs
[2026-05-26T18:28:08.296+0000] {logging_mixin.py:188} INFO - [2026-05-26T18:28:08.296+0000] {dag.py:3834} INFO - Setting next_dagrun for example_branch_labels to 2026-05-25 00:00:00+00:00, run_after=2026-05-26 00:00:00+00:00
[2026-05-26T18:28:08.313+0000] {processor.py:183} INFO - Processing /home/airflow/.local/lib/python3.8/site-packages/airflow/example_dags/example_branch_labels.py took 0.069 seconds
[2026-05-26T18:28:38.676+0000] {processor.py:161} INFO - Started process (PID=2318) to work on /home/airflow/.local/lib/python3.8/site-packages/airflow/example_dags/example_branch_labels.py
[2026-05-26T18:28:38.677+0000] {processor.py:830} INFO - Processing file /home/airflow/.local/lib/python3.8/site-packages/airflow/example_dags/example_branch_labels.py for tasks to queue
[2026-05-26T18:28:38.679+0000] {logging_mixin.py:188} INFO - [2026-05-26T18:28:38.679+0000] {dagbag.py:540} INFO - Filling up the DagBag from /home/airflow/.local/lib/python3.8/site-packages/airflow/example_dags/example_branch_labels.py
[2026-05-26T18:28:38.687+0000] {processor.py:840} INFO - DAG(s) 'example_branch_labels' retrieved from /home/airflow/.local/lib/python3.8/site-packages/airflow/example_dags/example_branch_labels.py
[2026-05-26T18:28:38.846+0000] {logging_mixin.py:188} INFO - [2026-05-26T18:28:38.846+0000] {dag.py:3047} INFO - Sync 1 DAGs
[2026-05-26T18:28:38.861+0000] {logging_mixin.py:188} INFO - [2026-05-26T18:28:38.861+0000] {dag.py:3834} INFO - Setting next_dagrun for example_branch_labels to 2026-05-25 00:00:00+00:00, run_after=2026-05-26 00:00:00+00:00
[2026-05-26T18:28:38.878+0000] {processor.py:183} INFO - Processing /home/airflow/.local/lib/python3.8/site-packages/airflow/example_dags/example_branch_labels.py took 0.205 seconds
[2026-05-26T18:29:09.367+0000] {processor.py:161} INFO - Started process (PID=2373) to work on /home/airflow/.local/lib/python3.8/site-packages/airflow/example_dags/example_branch_labels.py
[2026-05-26T18:29:09.369+0000] {processor.py:830} INFO - Processing file /home/airflow/.local/lib/python3.8/site-packages/airflow/example_dags/example_branch_labels.py for tasks to queue
[2026-05-26T18:29:09.371+0000] {logging_mixin.py:188} INFO - [2026-05-26T18:29:09.371+0000] {dagbag.py:540} INFO - Filling up the DagBag from /home/airflow/.local/lib/python3.8/site-packages/airflow/example_dags/example_branch_labels.py
[2026-05-26T18:29:09.379+0000] {processor.py:840} INFO - DAG(s) 'example_branch_labels' retrieved from /home/airflow/.local/lib/python3.8/site-packages/airflow/example_dags/example_branch_labels.py
[2026-05-26T18:29:09.549+0000] {logging_mixin.py:188} INFO - [2026-05-26T18:29:09.548+0000] {dag.py:3047} INFO - Sync 1 DAGs
[2026-05-26T18:29:09.565+0000] {logging_mixin.py:188} INFO - [2026-05-26T18:29:09.564+0000] {dag.py:3834} INFO - Setting next_dagrun for example_branch_labels to 2026-05-25 00:00:00+00:00, run_after=2026-05-26 00:00:00+00:00
[2026-05-26T18:29:09.582+0000] {processor.py:183} INFO - Processing /home/airflow/.local/lib/python3.8/site-packages/airflow/example_dags/example_branch_labels.py took 0.220 seconds
[2026-05-26T18:29:39.708+0000] {processor.py:161} INFO - Started process (PID=2428) to work on /home/airflow/.local/lib/python3.8/site-packages/airflow/example_dags/example_branch_labels.py
[2026-05-26T18:29:39.709+0000] {processor.py:830} INFO - Processing file /home/airflow/.local/lib/python3.8/site-packages/airflow/example_dags/example_branch_labels.py for tasks to queue
[2026-05-26T18:29:39.713+0000] {logging_mixin.py:188} INFO - [2026-05-26T18:29:39.713+0000] {dagbag.py:540} INFO - Filling up the DagBag from /home/airflow/.local/lib/python3.8/site-packages/airflow/example_dags/example_branch_labels.py
[2026-05-26T18:29:39.725+0000] {processor.py:840} INFO - DAG(s) 'example_branch_labels' retrieved from /home/airflow/.local/lib/python3.8/site-packages/airflow/example_dags/example_branch_labels.py
[2026-05-26T18:29:39.758+0000] {logging_mixin.py:188} INFO - [2026-05-26T18:29:39.758+0000] {dag.py:3047} INFO - Sync 1 DAGs
[2026-05-26T18:29:39.791+0000] {logging_mixin.py:188} INFO - [2026-05-26T18:29:39.791+0000] {dag.py:3834} INFO - Setting next_dagrun for example_branch_labels to 2026-05-25 00:00:00+00:00, run_after=2026-05-26 00:00:00+00:00
[2026-05-26T18:29:39.815+0000] {processor.py:183} INFO - Processing /home/airflow/.local/lib/python3.8/site-packages/airflow/example_dags/example_branch_labels.py took 0.112 seconds
[2026-05-26T18:30:10.421+0000] {processor.py:161} INFO - Started process (PID=2483) to work on /home/airflow/.local/lib/python3.8/site-packages/airflow/example_dags/example_branch_labels.py
[2026-05-26T18:30:10.423+0000] {processor.py:830} INFO - Processing file /home/airflow/.local/lib/python3.8/site-packages/airflow/example_dags/example_branch_labels.py for tasks to queue
[2026-05-26T18:30:10.425+0000] {logging_mixin.py:188} INFO - [2026-05-26T18:30:10.425+0000] {dagbag.py:540} INFO - Filling up the DagBag from /home/airflow/.local/lib/python3.8/site-packages/airflow/example_dags/example_branch_labels.py
[2026-05-26T18:30:10.434+0000] {processor.py:840} INFO - DAG(s) 'example_branch_labels' retrieved from /home/airflow/.local/lib/python3.8/site-packages/airflow/example_dags/example_branch_labels.py
[2026-05-26T18:30:10.458+0000] {logging_mixin.py:188} INFO - [2026-05-26T18:30:10.457+0000] {dag.py:3047} INFO - Sync 1 DAGs
[2026-05-26T18:30:10.478+0000] {logging_mixin.py:188} INFO - [2026-05-26T18:30:10.478+0000] {dag.py:3834} INFO - Setting next_dagrun for example_branch_labels to 2026-05-25 00:00:00+00:00, run_after=2026-05-26 00:00:00+00:00
[2026-05-26T18:30:10.504+0000] {processor.py:183} INFO - Processing /home/airflow/.local/lib/python3.8/site-packages/airflow/example_dags/example_branch_labels.py took 0.086 seconds
[2026-05-26T18:30:41.216+0000] {processor.py:161} INFO - Started process (PID=2538) to work on /home/airflow/.local/lib/python3.8/site-packages/airflow/example_dags/example_branch_labels.py
[2026-05-26T18:30:41.218+0000] {processor.py:830} INFO - Processing file /home/airflow/.local/lib/python3.8/site-packages/airflow/example_dags/example_branch_labels.py for tasks to queue
[2026-05-26T18:30:41.220+0000] {logging_mixin.py:188} INFO - [2026-05-26T18:30:41.219+0000] {dagbag.py:540} INFO - Filling up the DagBag from /home/airflow/.local/lib/python3.8/site-packages/airflow/example_dags/example_branch_labels.py
[2026-05-26T18:30:41.228+0000] {processor.py:840} INFO - DAG(s) 'example_branch_labels' retrieved from /home/airflow/.local/lib/python3.8/site-packages/airflow/example_dags/example_branch_labels.py
[2026-05-26T18:30:41.251+0000] {logging_mixin.py:188} INFO - [2026-05-26T18:30:41.251+0000] {dag.py:3047} INFO - Sync 1 DAGs
[2026-05-26T18:30:41.272+0000] {logging_mixin.py:188} INFO - [2026-05-26T18:30:41.272+0000] {dag.py:3834} INFO - Setting next_dagrun for example_branch_labels to 2026-05-25 00:00:00+00:00, run_after=2026-05-26 00:00:00+00:00
[2026-05-26T18:30:41.290+0000] {processor.py:183} INFO - Processing /home/airflow/.local/lib/python3.8/site-packages/airflow/example_dags/example_branch_labels.py took 0.077 seconds
[2026-05-26T18:31:11.750+0000] {processor.py:161} INFO - Started process (PID=2593) to work on /home/airflow/.local/lib/python3.8/site-packages/airflow/example_dags/example_branch_labels.py
[2026-05-26T18:31:11.752+0000] {processor.py:830} INFO - Processing file /home/airflow/.local/lib/python3.8/site-packages/airflow/example_dags/example_branch_labels.py for tasks to queue
[2026-05-26T18:31:11.754+0000] {logging_mixin.py:188} INFO - [2026-05-26T18:31:11.753+0000] {dagbag.py:540} INFO - Filling up the DagBag from /home/airflow/.local/lib/python3.8/site-packages/airflow/example_dags/example_branch_labels.py
[2026-05-26T18:31:11.760+0000] {processor.py:840} INFO - DAG(s) 'example_branch_labels' retrieved from /home/airflow/.local/lib/python3.8/site-packages/airflow/example_dags/example_branch_labels.py
[2026-05-26T18:31:11.781+0000] {logging_mixin.py:188} INFO - [2026-05-26T18:31:11.780+0000] {dag.py:3047} INFO - Sync 1 DAGs
[2026-05-26T18:31:11.801+0000] {logging_mixin.py:188} INFO - [2026-05-26T18:31:11.800+0000] {dag.py:3834} INFO - Setting next_dagrun for example_branch_labels to 2026-05-25 00:00:00+00:00, run_after=2026-05-26 00:00:00+00:00
[2026-05-26T18:31:11.821+0000] {processor.py:183} INFO - Processing /home/airflow/.local/lib/python3.8/site-packages/airflow/example_dags/example_branch_labels.py took 0.074 seconds
[2026-05-26T18:31:42.523+0000] {processor.py:161} INFO - Started process (PID=2648) to work on /home/airflow/.local/lib/python3.8/site-packages/airflow/example_dags/example_branch_labels.py
[2026-05-26T18:31:42.524+0000] {processor.py:830} INFO - Processing file /home/airflow/.local/lib/python3.8/site-packages/airflow/example_dags/example_branch_labels.py for tasks to queue
[2026-05-26T18:31:42.526+0000] {logging_mixin.py:188} INFO - [2026-05-26T18:31:42.526+0000] {dagbag.py:540} INFO - Filling up the DagBag from /home/airflow/.local/lib/python3.8/site-packages/airflow/example_dags/example_branch_labels.py
[2026-05-26T18:31:42.534+0000] {processor.py:840} INFO - DAG(s) 'example_branch_labels' retrieved from /home/airflow/.local/lib/python3.8/site-packages/airflow/example_dags/example_branch_labels.py
[2026-05-26T18:31:42.554+0000] {logging_mixin.py:188} INFO - [2026-05-26T18:31:42.554+0000] {dag.py:3047} INFO - Sync 1 DAGs
[2026-05-26T18:31:42.574+0000] {logging_mixin.py:188} INFO - [2026-05-26T18:31:42.574+0000] {dag.py:3834} INFO - Setting next_dagrun for example_branch_labels to 2026-05-25 00:00:00+00:00, run_after=2026-05-26 00:00:00+00:00
[2026-05-26T18:31:42.592+0000] {processor.py:183} INFO - Processing /home/airflow/.local/lib/python3.8/site-packages/airflow/example_dags/example_branch_labels.py took 0.073 seconds
[2026-05-26T18:32:12.927+0000] {processor.py:161} INFO - Started process (PID=2703) to work on /home/airflow/.local/lib/python3.8/site-packages/airflow/example_dags/example_branch_labels.py
[2026-05-26T18:32:12.930+0000] {processor.py:830} INFO - Processing file /home/airflow/.local/lib/python3.8/site-packages/airflow/example_dags/example_branch_labels.py for tasks to queue
[2026-05-26T18:32:12.934+0000] {logging_mixin.py:188} INFO - [2026-05-26T18:32:12.933+0000] {dagbag.py:540} INFO - Filling up the DagBag from /home/airflow/.local/lib/python3.8/site-packages/airflow/example_dags/example_branch_labels.py
[2026-05-26T18:32:12.956+0000] {processor.py:840} INFO - DAG(s) 'example_branch_labels' retrieved from /home/airflow/.local/lib/python3.8/site-packages/airflow/example_dags/example_branch_labels.py
[2026-05-26T18:32:13.017+0000] {logging_mixin.py:188} INFO - [2026-05-26T18:32:13.016+0000] {dag.py:3047} INFO - Sync 1 DAGs
[2026-05-26T18:32:13.082+0000] {logging_mixin.py:188} INFO - [2026-05-26T18:32:13.081+0000] {dag.py:3834} INFO - Setting next_dagrun for example_branch_labels to 2026-05-25 00:00:00+00:00, run_after=2026-05-26 00:00:00+00:00
[2026-05-26T18:32:13.150+0000] {processor.py:183} INFO - Processing /home/airflow/.local/lib/python3.8/site-packages/airflow/example_dags/example_branch_labels.py took 0.229 seconds
[2026-05-26T18:32:44.084+0000] {processor.py:161} INFO - Started process (PID=2758) to work on /home/airflow/.local/lib/python3.8/site-packages/airflow/example_dags/example_branch_labels.py
[2026-05-26T18:32:44.086+0000] {processor.py:830} INFO - Processing file /home/airflow/.local/lib/python3.8/site-packages/airflow/example_dags/example_branch_labels.py for tasks to queue
[2026-05-26T18:32:44.088+0000] {logging_mixin.py:188} INFO - [2026-05-26T18:32:44.088+0000] {dagbag.py:540} INFO - Filling up the DagBag from /home/airflow/.local/lib/python3.8/site-packages/airflow/example_dags/example_branch_labels.py
[2026-05-26T18:32:44.095+0000] {processor.py:840} INFO - DAG(s) 'example_branch_labels' retrieved from /home/airflow/.local/lib/python3.8/site-packages/airflow/example_dags/example_branch_labels.py
[2026-05-26T18:32:44.115+0000] {logging_mixin.py:188} INFO - [2026-05-26T18:32:44.115+0000] {dag.py:3047} INFO - Sync 1 DAGs
[2026-05-26T18:32:44.134+0000] {logging_mixin.py:188} INFO - [2026-05-26T18:32:44.133+0000] {dag.py:3834} INFO - Setting next_dagrun for example_branch_labels to 2026-05-25 00:00:00+00:00, run_after=2026-05-26 00:00:00+00:00
[2026-05-26T18:32:44.156+0000] {processor.py:183} INFO - Processing /home/airflow/.local/lib/python3.8/site-packages/airflow/example_dags/example_branch_labels.py took 0.074 seconds
[2026-05-26T18:33:14.466+0000] {processor.py:161} INFO - Started process (PID=2813) to work on /home/airflow/.local/lib/python3.8/site-packages/airflow/example_dags/example_branch_labels.py
[2026-05-26T18:33:14.468+0000] {processor.py:830} INFO - Processing file /home/airflow/.local/lib/python3.8/site-packages/airflow/example_dags/example_branch_labels.py for tasks to queue
[2026-05-26T18:33:14.470+0000] {logging_mixin.py:188} INFO - [2026-05-26T18:33:14.470+0000] {dagbag.py:540} INFO - Filling up the DagBag from /home/airflow/.local/lib/python3.8/site-packages/airflow/example_dags/example_branch_labels.py
[2026-05-26T18:33:14.477+0000] {processor.py:840} INFO - DAG(s) 'example_branch_labels' retrieved from /home/airflow/.local/lib/python3.8/site-packages/airflow/example_dags/example_branch_labels.py
[2026-05-26T18:33:14.497+0000] {logging_mixin.py:188} INFO - [2026-05-26T18:33:14.496+0000] {dag.py:3047} INFO - Sync 1 DAGs
[2026-05-26T18:33:14.518+0000] {logging_mixin.py:188} INFO - [2026-05-26T18:33:14.518+0000] {dag.py:3834} INFO - Setting next_dagrun for example_branch_labels to 2026-05-25 00:00:00+00:00, run_after=2026-05-26 00:00:00+00:00
[2026-05-26T18:33:14.540+0000] {processor.py:183} INFO - Processing /home/airflow/.local/lib/python3.8/site-packages/airflow/example_dags/example_branch_labels.py took 0.076 seconds
[2026-05-26T18:33:45.495+0000] {processor.py:161} INFO - Started process (PID=2868) to work on /home/airflow/.local/lib/python3.8/site-packages/airflow/example_dags/example_branch_labels.py
[2026-05-26T18:33:45.497+0000] {processor.py:830} INFO - Processing file /home/airflow/.local/lib/python3.8/site-packages/airflow/example_dags/example_branch_labels.py for tasks to queue
[2026-05-26T18:33:45.500+0000] {logging_mixin.py:188} INFO - [2026-05-26T18:33:45.499+0000] {dagbag.py:540} INFO - Filling up the DagBag from /home/airflow/.local/lib/python3.8/site-packages/airflow/example_dags/example_branch_labels.py
[2026-05-26T18:33:45.506+0000] {processor.py:840} INFO - DAG(s) 'example_branch_labels' retrieved from /home/airflow/.local/lib/python3.8/site-packages/airflow/example_dags/example_branch_labels.py
[2026-05-26T18:33:45.524+0000] {logging_mixin.py:188} INFO - [2026-05-26T18:33:45.524+0000] {dag.py:3047} INFO - Sync 1 DAGs
[2026-05-26T18:33:45.541+0000] {logging_mixin.py:188} INFO - [2026-05-26T18:33:45.541+0000] {dag.py:3834} INFO - Setting next_dagrun for example_branch_labels to 2026-05-25 00:00:00+00:00, run_after=2026-05-26 00:00:00+00:00
[2026-05-26T18:33:45.560+0000] {processor.py:183} INFO - Processing /home/airflow/.local/lib/python3.8/site-packages/airflow/example_dags/example_branch_labels.py took 0.067 seconds
[2026-05-26T18:34:15.659+0000] {processor.py:161} INFO - Started process (PID=2923) to work on /home/airflow/.local/lib/python3.8/site-packages/airflow/example_dags/example_branch_labels.py
[2026-05-26T18:34:15.661+0000] {processor.py:830} INFO - Processing file /home/airflow/.local/lib/python3.8/site-packages/airflow/example_dags/example_branch_labels.py for tasks to queue
[2026-05-26T18:34:15.663+0000] {logging_mixin.py:188} INFO - [2026-05-26T18:34:15.662+0000] {dagbag.py:540} INFO - Filling up the DagBag from /home/airflow/.local/lib/python3.8/site-packages/airflow/example_dags/example_branch_labels.py
[2026-05-26T18:34:15.669+0000] {processor.py:840} INFO - DAG(s) 'example_branch_labels' retrieved from /home/airflow/.local/lib/python3.8/site-packages/airflow/example_dags/example_branch_labels.py
[2026-05-26T18:34:15.687+0000] {logging_mixin.py:188} INFO - [2026-05-26T18:34:15.686+0000] {dag.py:3047} INFO - Sync 1 DAGs
[2026-05-26T18:34:15.707+0000] {logging_mixin.py:188} INFO - [2026-05-26T18:34:15.707+0000] {dag.py:3834} INFO - Setting next_dagrun for example_branch_labels to 2026-05-25 00:00:00+00:00, run_after=2026-05-26 00:00:00+00:00
[2026-05-26T18:34:15.729+0000] {processor.py:183} INFO - Processing /home/airflow/.local/lib/python3.8/site-packages/airflow/example_dags/example_branch_labels.py took 0.073 seconds
[2026-05-26T18:34:46.671+0000] {processor.py:161} INFO - Started process (PID=2978) to work on /home/airflow/.local/lib/python3.8/site-packages/airflow/example_dags/example_branch_labels.py
[2026-05-26T18:34:46.673+0000] {processor.py:830} INFO - Processing file /home/airflow/.local/lib/python3.8/site-packages/airflow/example_dags/example_branch_labels.py for tasks to queue
[2026-05-26T18:34:46.675+0000] {logging_mixin.py:188} INFO - [2026-05-26T18:34:46.675+0000] {dagbag.py:540} INFO - Filling up the DagBag from /home/airflow/.local/lib/python3.8/site-packages/airflow/example_dags/example_branch_labels.py
[2026-05-26T18:34:46.682+0000] {processor.py:840} INFO - DAG(s) 'example_branch_labels' retrieved from /home/airflow/.local/lib/python3.8/site-packages/airflow/example_dags/example_branch_labels.py
[2026-05-26T18:34:46.703+0000] {logging_mixin.py:188} INFO - [2026-05-26T18:34:46.703+0000] {dag.py:3047} INFO - Sync 1 DAGs
[2026-05-26T18:34:46.725+0000] {logging_mixin.py:188} INFO - [2026-05-26T18:34:46.724+0000] {dag.py:3834} INFO - Setting next_dagrun for example_branch_labels to 2026-05-25 00:00:00+00:00, run_after=2026-05-26 00:00:00+00:00
[2026-05-26T18:34:46.741+0000] {processor.py:183} INFO - Processing /home/airflow/.local/lib/python3.8/site-packages/airflow/example_dags/example_branch_labels.py took 0.073 seconds
[2026-05-26T18:35:17.550+0000] {processor.py:161} INFO - Started process (PID=3033) to work on /home/airflow/.local/lib/python3.8/site-packages/airflow/example_dags/example_branch_labels.py
[2026-05-26T18:35:17.551+0000] {processor.py:830} INFO - Processing file /home/airflow/.local/lib/python3.8/site-packages/airflow/example_dags/example_branch_labels.py for tasks to queue
[2026-05-26T18:35:17.553+0000] {logging_mixin.py:188} INFO - [2026-05-26T18:35:17.553+0000] {dagbag.py:540} INFO - Filling up the DagBag from /home/airflow/.local/lib/python3.8/site-packages/airflow/example_dags/example_branch_labels.py
[2026-05-26T18:35:17.561+0000] {processor.py:840} INFO - DAG(s) 'example_branch_labels' retrieved from /home/airflow/.local/lib/python3.8/site-packages/airflow/example_dags/example_branch_labels.py
[2026-05-26T18:35:17.580+0000] {logging_mixin.py:188} INFO - [2026-05-26T18:35:17.580+0000] {dag.py:3047} INFO - Sync 1 DAGs
[2026-05-26T18:35:17.598+0000] {logging_mixin.py:188} INFO - [2026-05-26T18:35:17.598+0000] {dag.py:3834} INFO - Setting next_dagrun for example_branch_labels to 2026-05-25 00:00:00+00:00, run_after=2026-05-26 00:00:00+00:00
[2026-05-26T18:35:17.620+0000] {processor.py:183} INFO - Processing /home/airflow/.local/lib/python3.8/site-packages/airflow/example_dags/example_branch_labels.py took 0.073 seconds
[2026-05-26T18:35:47.742+0000] {processor.py:161} INFO - Started process (PID=3088) to work on /home/airflow/.local/lib/python3.8/site-packages/airflow/example_dags/example_branch_labels.py
[2026-05-26T18:35:47.744+0000] {processor.py:830} INFO - Processing file /home/airflow/.local/lib/python3.8/site-packages/airflow/example_dags/example_branch_labels.py for tasks to queue
[2026-05-26T18:35:47.746+0000] {logging_mixin.py:188} INFO - [2026-05-26T18:35:47.745+0000] {dagbag.py:540} INFO - Filling up the DagBag from /home/airflow/.local/lib/python3.8/site-packages/airflow/example_dags/example_branch_labels.py
[2026-05-26T18:35:47.753+0000] {processor.py:840} INFO - DAG(s) 'example_branch_labels' retrieved from /home/airflow/.local/lib/python3.8/site-packages/airflow/example_dags/example_branch_labels.py
[2026-05-26T18:35:47.773+0000] {logging_mixin.py:188} INFO - [2026-05-26T18:35:47.773+0000] {dag.py:3047} INFO - Sync 1 DAGs
[2026-05-26T18:35:47.797+0000] {logging_mixin.py:188} INFO - [2026-05-26T18:35:47.797+0000] {dag.py:3834} INFO - Setting next_dagrun for example_branch_labels to 2026-05-25 00:00:00+00:00, run_after=2026-05-26 00:00:00+00:00
[2026-05-26T18:35:47.818+0000] {processor.py:183} INFO - Processing /home/airflow/.local/lib/python3.8/site-packages/airflow/example_dags/example_branch_labels.py took 0.080 seconds
[2026-05-26T18:36:18.241+0000] {processor.py:161} INFO - Started process (PID=3143) to work on /home/airflow/.local/lib/python3.8/site-packages/airflow/example_dags/example_branch_labels.py
[2026-05-26T18:36:18.242+0000] {processor.py:830} INFO - Processing file /home/airflow/.local/lib/python3.8/site-packages/airflow/example_dags/example_branch_labels.py for tasks to queue
[2026-05-26T18:36:18.244+0000] {logging_mixin.py:188} INFO - [2026-05-26T18:36:18.244+0000] {dagbag.py:540} INFO - Filling up the DagBag from /home/airflow/.local/lib/python3.8/site-packages/airflow/example_dags/example_branch_labels.py
[2026-05-26T18:36:18.252+0000] {processor.py:840} INFO - DAG(s) 'example_branch_labels' retrieved from /home/airflow/.local/lib/python3.8/site-packages/airflow/example_dags/example_branch_labels.py
[2026-05-26T18:36:18.272+0000] {logging_mixin.py:188} INFO - [2026-05-26T18:36:18.272+0000] {dag.py:3047} INFO - Sync 1 DAGs
[2026-05-26T18:36:18.295+0000] {logging_mixin.py:188} INFO - [2026-05-26T18:36:18.294+0000] {dag.py:3834} INFO - Setting next_dagrun for example_branch_labels to 2026-05-25 00:00:00+00:00, run_after=2026-05-26 00:00:00+00:00
[2026-05-26T18:36:18.337+0000] {processor.py:183} INFO - Processing /home/airflow/.local/lib/python3.8/site-packages/airflow/example_dags/example_branch_labels.py took 0.099 seconds
[2026-05-26T18:36:48.402+0000] {processor.py:161} INFO - Started process (PID=3198) to work on /home/airflow/.local/lib/python3.8/site-packages/airflow/example_dags/example_branch_labels.py
[2026-05-26T18:36:48.403+0000] {processor.py:830} INFO - Processing file /home/airflow/.local/lib/python3.8/site-packages/airflow/example_dags/example_branch_labels.py for tasks to queue
[2026-05-26T18:36:48.409+0000] {logging_mixin.py:188} INFO - [2026-05-26T18:36:48.407+0000] {dagbag.py:540} INFO - Filling up the DagBag from /home/airflow/.local/lib/python3.8/site-packages/airflow/example_dags/example_branch_labels.py
[2026-05-26T18:36:48.418+0000] {processor.py:840} INFO - DAG(s) 'example_branch_labels' retrieved from /home/airflow/.local/lib/python3.8/site-packages/airflow/example_dags/example_branch_labels.py
[2026-05-26T18:36:48.461+0000] {logging_mixin.py:188} INFO - [2026-05-26T18:36:48.461+0000] {dag.py:3047} INFO - Sync 1 DAGs
[2026-05-26T18:36:48.482+0000] {logging_mixin.py:188} INFO - [2026-05-26T18:36:48.482+0000] {dag.py:3834} INFO - Setting next_dagrun for example_branch_labels to 2026-05-25 00:00:00+00:00, run_after=2026-05-26 00:00:00+00:00
[2026-05-26T18:36:48.500+0000] {processor.py:183} INFO - Processing /home/airflow/.local/lib/python3.8/site-packages/airflow/example_dags/example_branch_labels.py took 0.101 seconds
[2026-05-26T18:37:18.749+0000] {processor.py:161} INFO - Started process (PID=3253) to work on /home/airflow/.local/lib/python3.8/site-packages/airflow/example_dags/example_branch_labels.py
[2026-05-26T18:37:18.750+0000] {processor.py:830} INFO - Processing file /home/airflow/.local/lib/python3.8/site-packages/airflow/example_dags/example_branch_labels.py for tasks to queue
[2026-05-26T18:37:18.753+0000] {logging_mixin.py:188} INFO - [2026-05-26T18:37:18.752+0000] {dagbag.py:540} INFO - Filling up the DagBag from /home/airflow/.local/lib/python3.8/site-packages/airflow/example_dags/example_branch_labels.py
[2026-05-26T18:37:18.760+0000] {processor.py:840} INFO - DAG(s) 'example_branch_labels' retrieved from /home/airflow/.local/lib/python3.8/site-packages/airflow/example_dags/example_branch_labels.py
[2026-05-26T18:37:18.779+0000] {logging_mixin.py:188} INFO - [2026-05-26T18:37:18.778+0000] {dag.py:3047} INFO - Sync 1 DAGs
[2026-05-26T18:37:18.796+0000] {logging_mixin.py:188} INFO - [2026-05-26T18:37:18.796+0000] {dag.py:3834} INFO - Setting next_dagrun for example_branch_labels to 2026-05-25 00:00:00+00:00, run_after=2026-05-26 00:00:00+00:00
[2026-05-26T18:37:18.816+0000] {processor.py:183} INFO - Processing /home/airflow/.local/lib/python3.8/site-packages/airflow/example_dags/example_branch_labels.py took 0.070 seconds
[2026-05-26T18:37:48.967+0000] {processor.py:161} INFO - Started process (PID=3308) to work on /home/airflow/.local/lib/python3.8/site-packages/airflow/example_dags/example_branch_labels.py
[2026-05-26T18:37:48.969+0000] {processor.py:830} INFO - Processing file /home/airflow/.local/lib/python3.8/site-packages/airflow/example_dags/example_branch_labels.py for tasks to queue
[2026-05-26T18:37:48.971+0000] {logging_mixin.py:188} INFO - [2026-05-26T18:37:48.970+0000] {dagbag.py:540} INFO - Filling up the DagBag from /home/airflow/.local/lib/python3.8/site-packages/airflow/example_dags/example_branch_labels.py
[2026-05-26T18:37:48.978+0000] {processor.py:840} INFO - DAG(s) 'example_branch_labels' retrieved from /home/airflow/.local/lib/python3.8/site-packages/airflow/example_dags/example_branch_labels.py
[2026-05-26T18:37:48.994+0000] {logging_mixin.py:188} INFO - [2026-05-26T18:37:48.994+0000] {dag.py:3047} INFO - Sync 1 DAGs
[2026-05-26T18:37:49.010+0000] {logging_mixin.py:188} INFO - [2026-05-26T18:37:49.010+0000] {dag.py:3834} INFO - Setting next_dagrun for example_branch_labels to 2026-05-25 00:00:00+00:00, run_after=2026-05-26 00:00:00+00:00
[2026-05-26T18:37:49.028+0000] {processor.py:183} INFO - Processing /home/airflow/.local/lib/python3.8/site-packages/airflow/example_dags/example_branch_labels.py took 0.063 seconds
[2026-05-26T18:38:19.532+0000] {processor.py:161} INFO - Started process (PID=3364) to work on /home/airflow/.local/lib/python3.8/site-packages/airflow/example_dags/example_branch_labels.py
[2026-05-26T18:38:19.533+0000] {processor.py:830} INFO - Processing file /home/airflow/.local/lib/python3.8/site-packages/airflow/example_dags/example_branch_labels.py for tasks to queue
[2026-05-26T18:38:19.535+0000] {logging_mixin.py:188} INFO - [2026-05-26T18:38:19.535+0000] {dagbag.py:540} INFO - Filling up the DagBag from /home/airflow/.local/lib/python3.8/site-packages/airflow/example_dags/example_branch_labels.py
[2026-05-26T18:38:19.542+0000] {processor.py:840} INFO - DAG(s) 'example_branch_labels' retrieved from /home/airflow/.local/lib/python3.8/site-packages/airflow/example_dags/example_branch_labels.py
[2026-05-26T18:38:19.563+0000] {logging_mixin.py:188} INFO - [2026-05-26T18:38:19.563+0000] {dag.py:3047} INFO - Sync 1 DAGs
[2026-05-26T18:38:19.581+0000] {logging_mixin.py:188} INFO - [2026-05-26T18:38:19.581+0000] {dag.py:3834} INFO - Setting next_dagrun for example_branch_labels to 2026-05-25 00:00:00+00:00, run_after=2026-05-26 00:00:00+00:00
[2026-05-26T18:38:19.601+0000] {processor.py:183} INFO - Processing /home/airflow/.local/lib/python3.8/site-packages/airflow/example_dags/example_branch_labels.py took 0.072 seconds
[2026-05-26T18:38:50.044+0000] {processor.py:161} INFO - Started process (PID=3420) to work on /home/airflow/.local/lib/python3.8/site-packages/airflow/example_dags/example_branch_labels.py
[2026-05-26T18:38:50.045+0000] {processor.py:830} INFO - Processing file /home/airflow/.local/lib/python3.8/site-packages/airflow/example_dags/example_branch_labels.py for tasks to queue
[2026-05-26T18:38:50.047+0000] {logging_mixin.py:188} INFO - [2026-05-26T18:38:50.047+0000] {dagbag.py:540} INFO - Filling up the DagBag from /home/airflow/.local/lib/python3.8/site-packages/airflow/example_dags/example_branch_labels.py
[2026-05-26T18:38:50.054+0000] {processor.py:840} INFO - DAG(s) 'example_branch_labels' retrieved from /home/airflow/.local/lib/python3.8/site-packages/airflow/example_dags/example_branch_labels.py
[2026-05-26T18:38:50.071+0000] {logging_mixin.py:188} INFO - [2026-05-26T18:38:50.071+0000] {dag.py:3047} INFO - Sync 1 DAGs
[2026-05-26T18:38:50.088+0000] {logging_mixin.py:188} INFO - [2026-05-26T18:38:50.088+0000] {dag.py:3834} INFO - Setting next_dagrun for example_branch_labels to 2026-05-25 00:00:00+00:00, run_after=2026-05-26 00:00:00+00:00
[2026-05-26T18:38:50.105+0000] {processor.py:183} INFO - Processing /home/airflow/.local/lib/python3.8/site-packages/airflow/example_dags/example_branch_labels.py took 0.064 seconds
[2026-05-26T18:39:20.592+0000] {processor.py:161} INFO - Started process (PID=3475) to work on /home/airflow/.local/lib/python3.8/site-packages/airflow/example_dags/example_branch_labels.py
[2026-05-26T18:39:20.594+0000] {processor.py:830} INFO - Processing file /home/airflow/.local/lib/python3.8/site-packages/airflow/example_dags/example_branch_labels.py for tasks to queue
[2026-05-26T18:39:20.597+0000] {logging_mixin.py:188} INFO - [2026-05-26T18:39:20.596+0000] {dagbag.py:540} INFO - Filling up the DagBag from /home/airflow/.local/lib/python3.8/site-packages/airflow/example_dags/example_branch_labels.py
[2026-05-26T18:39:20.609+0000] {processor.py:840} INFO - DAG(s) 'example_branch_labels' retrieved from /home/airflow/.local/lib/python3.8/site-packages/airflow/example_dags/example_branch_labels.py
[2026-05-26T18:39:20.630+0000] {logging_mixin.py:188} INFO - [2026-05-26T18:39:20.630+0000] {dag.py:3047} INFO - Sync 1 DAGs
[2026-05-26T18:39:20.647+0000] {logging_mixin.py:188} INFO - [2026-05-26T18:39:20.647+0000] {dag.py:3834} INFO - Setting next_dagrun for example_branch_labels to 2026-05-25 00:00:00+00:00, run_after=2026-05-26 00:00:00+00:00
[2026-05-26T18:39:20.663+0000] {processor.py:183} INFO - Processing /home/airflow/.local/lib/python3.8/site-packages/airflow/example_dags/example_branch_labels.py took 0.074 seconds
[2026-05-26T18:39:51.041+0000] {processor.py:161} INFO - Started process (PID=3530) to work on /home/airflow/.local/lib/python3.8/site-packages/airflow/example_dags/example_branch_labels.py
[2026-05-26T18:39:51.043+0000] {processor.py:830} INFO - Processing file /home/airflow/.local/lib/python3.8/site-packages/airflow/example_dags/example_branch_labels.py for tasks to queue
[2026-05-26T18:39:51.045+0000] {logging_mixin.py:188} INFO - [2026-05-26T18:39:51.045+0000] {dagbag.py:540} INFO - Filling up the DagBag from /home/airflow/.local/lib/python3.8/site-packages/airflow/example_dags/example_branch_labels.py
[2026-05-26T18:39:51.055+0000] {processor.py:840} INFO - DAG(s) 'example_branch_labels' retrieved from /home/airflow/.local/lib/python3.8/site-packages/airflow/example_dags/example_branch_labels.py
[2026-05-26T18:39:51.079+0000] {logging_mixin.py:188} INFO - [2026-05-26T18:39:51.079+0000] {dag.py:3047} INFO - Sync 1 DAGs
[2026-05-26T18:39:51.100+0000] {logging_mixin.py:188} INFO - [2026-05-26T18:39:51.100+0000] {dag.py:3834} INFO - Setting next_dagrun for example_branch_labels to 2026-05-25 00:00:00+00:00, run_after=2026-05-26 00:00:00+00:00
[2026-05-26T18:39:51.130+0000] {processor.py:183} INFO - Processing /home/airflow/.local/lib/python3.8/site-packages/airflow/example_dags/example_branch_labels.py took 0.093 seconds
[2026-05-26T18:40:21.586+0000] {processor.py:161} INFO - Started process (PID=3585) to work on /home/airflow/.local/lib/python3.8/site-packages/airflow/example_dags/example_branch_labels.py
[2026-05-26T18:40:21.587+0000] {processor.py:830} INFO - Processing file /home/airflow/.local/lib/python3.8/site-packages/airflow/example_dags/example_branch_labels.py for tasks to queue
[2026-05-26T18:40:21.590+0000] {logging_mixin.py:188} INFO - [2026-05-26T18:40:21.589+0000] {dagbag.py:540} INFO - Filling up the DagBag from /home/airflow/.local/lib/python3.8/site-packages/airflow/example_dags/example_branch_labels.py
[2026-05-26T18:40:21.598+0000] {processor.py:840} INFO - DAG(s) 'example_branch_labels' retrieved from /home/airflow/.local/lib/python3.8/site-packages/airflow/example_dags/example_branch_labels.py
[2026-05-26T18:40:21.620+0000] {logging_mixin.py:188} INFO - [2026-05-26T18:40:21.620+0000] {dag.py:3047} INFO - Sync 1 DAGs
[2026-05-26T18:40:21.644+0000] {logging_mixin.py:188} INFO - [2026-05-26T18:40:21.644+0000] {dag.py:3834} INFO - Setting next_dagrun for example_branch_labels to 2026-05-25 00:00:00+00:00, run_after=2026-05-26 00:00:00+00:00
[2026-05-26T18:40:21.669+0000] {processor.py:183} INFO - Processing /home/airflow/.local/lib/python3.8/site-packages/airflow/example_dags/example_branch_labels.py took 0.086 seconds
[2026-05-26T18:40:52.096+0000] {processor.py:161} INFO - Started process (PID=3640) to work on /home/airflow/.local/lib/python3.8/site-packages/airflow/example_dags/example_branch_labels.py
[2026-05-26T18:40:52.097+0000] {processor.py:830} INFO - Processing file /home/airflow/.local/lib/python3.8/site-packages/airflow/example_dags/example_branch_labels.py for tasks to queue
[2026-05-26T18:40:52.099+0000] {logging_mixin.py:188} INFO - [2026-05-26T18:40:52.099+0000] {dagbag.py:540} INFO - Filling up the DagBag from /home/airflow/.local/lib/python3.8/site-packages/airflow/example_dags/example_branch_labels.py
[2026-05-26T18:40:52.106+0000] {processor.py:840} INFO - DAG(s) 'example_branch_labels' retrieved from /home/airflow/.local/lib/python3.8/site-packages/airflow/example_dags/example_branch_labels.py
[2026-05-26T18:40:52.125+0000] {logging_mixin.py:188} INFO - [2026-05-26T18:40:52.125+0000] {dag.py:3047} INFO - Sync 1 DAGs
[2026-05-26T18:40:52.144+0000] {logging_mixin.py:188} INFO - [2026-05-26T18:40:52.143+0000] {dag.py:3834} INFO - Setting next_dagrun for example_branch_labels to 2026-05-25 00:00:00+00:00, run_after=2026-05-26 00:00:00+00:00
[2026-05-26T18:40:52.162+0000] {processor.py:183} INFO - Processing /home/airflow/.local/lib/python3.8/site-packages/airflow/example_dags/example_branch_labels.py took 0.069 seconds
[2026-05-26T18:41:22.729+0000] {processor.py:161} INFO - Started process (PID=3696) to work on /home/airflow/.local/lib/python3.8/site-packages/airflow/example_dags/example_branch_labels.py
[2026-05-26T18:41:22.730+0000] {processor.py:830} INFO - Processing file /home/airflow/.local/lib/python3.8/site-packages/airflow/example_dags/example_branch_labels.py for tasks to queue
[2026-05-26T18:41:22.733+0000] {logging_mixin.py:188} INFO - [2026-05-26T18:41:22.733+0000] {dagbag.py:540} INFO - Filling up the DagBag from /home/airflow/.local/lib/python3.8/site-packages/airflow/example_dags/example_branch_labels.py
[2026-05-26T18:41:22.741+0000] {processor.py:840} INFO - DAG(s) 'example_branch_labels' retrieved from /home/airflow/.local/lib/python3.8/site-packages/airflow/example_dags/example_branch_labels.py
[2026-05-26T18:41:22.762+0000] {logging_mixin.py:188} INFO - [2026-05-26T18:41:22.761+0000] {dag.py:3047} INFO - Sync 1 DAGs
[2026-05-26T18:41:22.787+0000] {logging_mixin.py:188} INFO - [2026-05-26T18:41:22.787+0000] {dag.py:3834} INFO - Setting next_dagrun for example_branch_labels to 2026-05-25 00:00:00+00:00, run_after=2026-05-26 00:00:00+00:00
[2026-05-26T18:41:22.811+0000] {processor.py:183} INFO - Processing /home/airflow/.local/lib/python3.8/site-packages/airflow/example_dags/example_branch_labels.py took 0.085 seconds
[2026-05-26T18:41:53.373+0000] {processor.py:161} INFO - Started process (PID=3751) to work on /home/airflow/.local/lib/python3.8/site-packages/airflow/example_dags/example_branch_labels.py
[2026-05-26T18:41:53.376+0000] {processor.py:830} INFO - Processing file /home/airflow/.local/lib/python3.8/site-packages/airflow/example_dags/example_branch_labels.py for tasks to queue
[2026-05-26T18:41:53.381+0000] {logging_mixin.py:188} INFO - [2026-05-26T18:41:53.380+0000] {dagbag.py:540} INFO - Filling up the DagBag from /home/airflow/.local/lib/python3.8/site-packages/airflow/example_dags/example_branch_labels.py
[2026-05-26T18:41:53.395+0000] {processor.py:840} INFO - DAG(s) 'example_branch_labels' retrieved from /home/airflow/.local/lib/python3.8/site-packages/airflow/example_dags/example_branch_labels.py
[2026-05-26T18:41:53.430+0000] {logging_mixin.py:188} INFO - [2026-05-26T18:41:53.429+0000] {dag.py:3047} INFO - Sync 1 DAGs
[2026-05-26T18:41:53.463+0000] {logging_mixin.py:188} INFO - [2026-05-26T18:41:53.463+0000] {dag.py:3834} INFO - Setting next_dagrun for example_branch_labels to 2026-05-25 00:00:00+00:00, run_after=2026-05-26 00:00:00+00:00
[2026-05-26T18:41:53.494+0000] {processor.py:183} INFO - Processing /home/airflow/.local/lib/python3.8/site-packages/airflow/example_dags/example_branch_labels.py took 0.128 seconds
[2026-05-26T18:42:23.834+0000] {processor.py:161} INFO - Started process (PID=3806) to work on /home/airflow/.local/lib/python3.8/site-packages/airflow/example_dags/example_branch_labels.py
[2026-05-26T18:42:23.835+0000] {processor.py:830} INFO - Processing file /home/airflow/.local/lib/python3.8/site-packages/airflow/example_dags/example_branch_labels.py for tasks to queue
[2026-05-26T18:42:23.837+0000] {logging_mixin.py:188} INFO - [2026-05-26T18:42:23.837+0000] {dagbag.py:540} INFO - Filling up the DagBag from /home/airflow/.local/lib/python3.8/site-packages/airflow/example_dags/example_branch_labels.py
[2026-05-26T18:42:23.843+0000] {processor.py:840} INFO - DAG(s) 'example_branch_labels' retrieved from /home/airflow/.local/lib/python3.8/site-packages/airflow/example_dags/example_branch_labels.py
[2026-05-26T18:42:23.862+0000] {logging_mixin.py:188} INFO - [2026-05-26T18:42:23.861+0000] {dag.py:3047} INFO - Sync 1 DAGs
[2026-05-26T18:42:23.880+0000] {logging_mixin.py:188} INFO - [2026-05-26T18:42:23.880+0000] {dag.py:3834} INFO - Setting next_dagrun for example_branch_labels to 2026-05-25 00:00:00+00:00, run_after=2026-05-26 00:00:00+00:00
[2026-05-26T18:42:23.895+0000] {processor.py:183} INFO - Processing /home/airflow/.local/lib/python3.8/site-packages/airflow/example_dags/example_branch_labels.py took 0.063 seconds
[2026-05-26T18:42:54.246+0000] {processor.py:161} INFO - Started process (PID=3861) to work on /home/airflow/.local/lib/python3.8/site-packages/airflow/example_dags/example_branch_labels.py
[2026-05-26T18:42:54.248+0000] {processor.py:830} INFO - Processing file /home/airflow/.local/lib/python3.8/site-packages/airflow/example_dags/example_branch_labels.py for tasks to queue
[2026-05-26T18:42:54.250+0000] {logging_mixin.py:188} INFO - [2026-05-26T18:42:54.249+0000] {dagbag.py:540} INFO - Filling up the DagBag from /home/airflow/.local/lib/python3.8/site-packages/airflow/example_dags/example_branch_labels.py
[2026-05-26T18:42:54.259+0000] {processor.py:840} INFO - DAG(s) 'example_branch_labels' retrieved from /home/airflow/.local/lib/python3.8/site-packages/airflow/example_dags/example_branch_labels.py
[2026-05-26T18:42:54.282+0000] {logging_mixin.py:188} INFO - [2026-05-26T18:42:54.282+0000] {dag.py:3047} INFO - Sync 1 DAGs
[2026-05-26T18:42:54.302+0000] {logging_mixin.py:188} INFO - [2026-05-26T18:42:54.302+0000] {dag.py:3834} INFO - Setting next_dagrun for example_branch_labels to 2026-05-25 00:00:00+00:00, run_after=2026-05-26 00:00:00+00:00
[2026-05-26T18:42:54.323+0000] {processor.py:183} INFO - Processing /home/airflow/.local/lib/python3.8/site-packages/airflow/example_dags/example_branch_labels.py took 0.080 seconds
[2026-05-26T18:43:24.934+0000] {processor.py:161} INFO - Started process (PID=3916) to work on /home/airflow/.local/lib/python3.8/site-packages/airflow/example_dags/example_branch_labels.py
[2026-05-26T18:43:24.935+0000] {processor.py:830} INFO - Processing file /home/airflow/.local/lib/python3.8/site-packages/airflow/example_dags/example_branch_labels.py for tasks to queue
[2026-05-26T18:43:24.937+0000] {logging_mixin.py:188} INFO - [2026-05-26T18:43:24.937+0000] {dagbag.py:540} INFO - Filling up the DagBag from /home/airflow/.local/lib/python3.8/site-packages/airflow/example_dags/example_branch_labels.py
[2026-05-26T18:43:24.944+0000] {processor.py:840} INFO - DAG(s) 'example_branch_labels' retrieved from /home/airflow/.local/lib/python3.8/site-packages/airflow/example_dags/example_branch_labels.py
[2026-05-26T18:43:24.960+0000] {logging_mixin.py:188} INFO - [2026-05-26T18:43:24.960+0000] {dag.py:3047} INFO - Sync 1 DAGs
[2026-05-26T18:43:24.977+0000] {logging_mixin.py:188} INFO - [2026-05-26T18:43:24.977+0000] {dag.py:3834} INFO - Setting next_dagrun for example_branch_labels to 2026-05-25 00:00:00+00:00, run_after=2026-05-26 00:00:00+00:00
[2026-05-26T18:43:24.994+0000] {processor.py:183} INFO - Processing /home/airflow/.local/lib/python3.8/site-packages/airflow/example_dags/example_branch_labels.py took 0.063 seconds
[2026-05-26T18:43:55.417+0000] {processor.py:161} INFO - Started process (PID=3971) to work on /home/airflow/.local/lib/python3.8/site-packages/airflow/example_dags/example_branch_labels.py
[2026-05-26T18:43:55.418+0000] {processor.py:830} INFO - Processing file /home/airflow/.local/lib/python3.8/site-packages/airflow/example_dags/example_branch_labels.py for tasks to queue
[2026-05-26T18:43:55.420+0000] {logging_mixin.py:188} INFO - [2026-05-26T18:43:55.420+0000] {dagbag.py:540} INFO - Filling up the DagBag from /home/airflow/.local/lib/python3.8/site-packages/airflow/example_dags/example_branch_labels.py
[2026-05-26T18:43:55.427+0000] {processor.py:840} INFO - DAG(s) 'example_branch_labels' retrieved from /home/airflow/.local/lib/python3.8/site-packages/airflow/example_dags/example_branch_labels.py
[2026-05-26T18:43:55.445+0000] {logging_mixin.py:188} INFO - [2026-05-26T18:43:55.445+0000] {dag.py:3047} INFO - Sync 1 DAGs
[2026-05-26T18:43:55.463+0000] {logging_mixin.py:188} INFO - [2026-05-26T18:43:55.462+0000] {dag.py:3834} INFO - Setting next_dagrun for example_branch_labels to 2026-05-25 00:00:00+00:00, run_after=2026-05-26 00:00:00+00:00
[2026-05-26T18:43:55.477+0000] {processor.py:183} INFO - Processing /home/airflow/.local/lib/python3.8/site-packages/airflow/example_dags/example_branch_labels.py took 0.063 seconds
[2026-05-26T18:44:25.888+0000] {processor.py:161} INFO - Started process (PID=4026) to work on /home/airflow/.local/lib/python3.8/site-packages/airflow/example_dags/example_branch_labels.py
[2026-05-26T18:44:25.889+0000] {processor.py:830} INFO - Processing file /home/airflow/.local/lib/python3.8/site-packages/airflow/example_dags/example_branch_labels.py for tasks to queue
[2026-05-26T18:44:25.891+0000] {logging_mixin.py:188} INFO - [2026-05-26T18:44:25.890+0000] {dagbag.py:540} INFO - Filling up the DagBag from /home/airflow/.local/lib/python3.8/site-packages/airflow/example_dags/example_branch_labels.py
[2026-05-26T18:44:25.898+0000] {processor.py:840} INFO - DAG(s) 'example_branch_labels' retrieved from /home/airflow/.local/lib/python3.8/site-packages/airflow/example_dags/example_branch_labels.py
[2026-05-26T18:44:25.916+0000] {logging_mixin.py:188} INFO - [2026-05-26T18:44:25.916+0000] {dag.py:3047} INFO - Sync 1 DAGs
[2026-05-26T18:44:25.932+0000] {logging_mixin.py:188} INFO - [2026-05-26T18:44:25.932+0000] {dag.py:3834} INFO - Setting next_dagrun for example_branch_labels to 2026-05-25 00:00:00+00:00, run_after=2026-05-26 00:00:00+00:00
[2026-05-26T18:44:25.947+0000] {processor.py:183} INFO - Processing /home/airflow/.local/lib/python3.8/site-packages/airflow/example_dags/example_branch_labels.py took 0.062 seconds
[2026-05-26T18:44:56.406+0000] {processor.py:161} INFO - Started process (PID=4081) to work on /home/airflow/.local/lib/python3.8/site-packages/airflow/example_dags/example_branch_labels.py
[2026-05-26T18:44:56.407+0000] {processor.py:830} INFO - Processing file /home/airflow/.local/lib/python3.8/site-packages/airflow/example_dags/example_branch_labels.py for tasks to queue
[2026-05-26T18:44:56.409+0000] {logging_mixin.py:188} INFO - [2026-05-26T18:44:56.409+0000] {dagbag.py:540} INFO - Filling up the DagBag from /home/airflow/.local/lib/python3.8/site-packages/airflow/example_dags/example_branch_labels.py
[2026-05-26T18:44:56.416+0000] {processor.py:840} INFO - DAG(s) 'example_branch_labels' retrieved from /home/airflow/.local/lib/python3.8/site-packages/airflow/example_dags/example_branch_labels.py
[2026-05-26T18:44:56.434+0000] {logging_mixin.py:188} INFO - [2026-05-26T18:44:56.434+0000] {dag.py:3047} INFO - Sync 1 DAGs
[2026-05-26T18:44:56.450+0000] {logging_mixin.py:188} INFO - [2026-05-26T18:44:56.450+0000] {dag.py:3834} INFO - Setting next_dagrun for example_branch_labels to 2026-05-25 00:00:00+00:00, run_after=2026-05-26 00:00:00+00:00
[2026-05-26T18:44:56.468+0000] {processor.py:183} INFO - Processing /home/airflow/.local/lib/python3.8/site-packages/airflow/example_dags/example_branch_labels.py took 0.065 seconds
[2026-05-26T18:45:26.938+0000] {processor.py:161} INFO - Started process (PID=4136) to work on /home/airflow/.local/lib/python3.8/site-packages/airflow/example_dags/example_branch_labels.py
[2026-05-26T18:45:26.941+0000] {processor.py:830} INFO - Processing file /home/airflow/.local/lib/python3.8/site-packages/airflow/example_dags/example_branch_labels.py for tasks to queue
[2026-05-26T18:45:26.945+0000] {logging_mixin.py:188} INFO - [2026-05-26T18:45:26.944+0000] {dagbag.py:540} INFO - Filling up the DagBag from /home/airflow/.local/lib/python3.8/site-packages/airflow/example_dags/example_branch_labels.py
[2026-05-26T18:45:26.959+0000] {processor.py:840} INFO - DAG(s) 'example_branch_labels' retrieved from /home/airflow/.local/lib/python3.8/site-packages/airflow/example_dags/example_branch_labels.py
[2026-05-26T18:45:26.983+0000] {logging_mixin.py:188} INFO - [2026-05-26T18:45:26.983+0000] {dag.py:3047} INFO - Sync 1 DAGs
[2026-05-26T18:45:27.005+0000] {logging_mixin.py:188} INFO - [2026-05-26T18:45:27.005+0000] {dag.py:3834} INFO - Setting next_dagrun for example_branch_labels to 2026-05-25 00:00:00+00:00, run_after=2026-05-26 00:00:00+00:00
[2026-05-26T18:45:27.025+0000] {processor.py:183} INFO - Processing /home/airflow/.local/lib/python3.8/site-packages/airflow/example_dags/example_branch_labels.py took 0.093 seconds
[2026-05-26T18:45:57.726+0000] {processor.py:161} INFO - Started process (PID=4191) to work on /home/airflow/.local/lib/python3.8/site-packages/airflow/example_dags/example_branch_labels.py
[2026-05-26T18:45:57.728+0000] {processor.py:830} INFO - Processing file /home/airflow/.local/lib/python3.8/site-packages/airflow/example_dags/example_branch_labels.py for tasks to queue
[2026-05-26T18:45:57.730+0000] {logging_mixin.py:188} INFO - [2026-05-26T18:45:57.729+0000] {dagbag.py:540} INFO - Filling up the DagBag from /home/airflow/.local/lib/python3.8/site-packages/airflow/example_dags/example_branch_labels.py
[2026-05-26T18:45:57.737+0000] {processor.py:840} INFO - DAG(s) 'example_branch_labels' retrieved from /home/airflow/.local/lib/python3.8/site-packages/airflow/example_dags/example_branch_labels.py
[2026-05-26T18:45:57.760+0000] {logging_mixin.py:188} INFO - [2026-05-26T18:45:57.760+0000] {dag.py:3047} INFO - Sync 1 DAGs
[2026-05-26T18:45:57.777+0000] {logging_mixin.py:188} INFO - [2026-05-26T18:45:57.777+0000] {dag.py:3834} INFO - Setting next_dagrun for example_branch_labels to 2026-05-25 00:00:00+00:00, run_after=2026-05-26 00:00:00+00:00
[2026-05-26T18:45:57.796+0000] {processor.py:183} INFO - Processing /home/airflow/.local/lib/python3.8/site-packages/airflow/example_dags/example_branch_labels.py took 0.074 seconds
[2026-05-26T18:46:27.974+0000] {processor.py:161} INFO - Started process (PID=4246) to work on /home/airflow/.local/lib/python3.8/site-packages/airflow/example_dags/example_branch_labels.py
[2026-05-26T18:46:27.975+0000] {processor.py:830} INFO - Processing file /home/airflow/.local/lib/python3.8/site-packages/airflow/example_dags/example_branch_labels.py for tasks to queue
[2026-05-26T18:46:27.977+0000] {logging_mixin.py:188} INFO - [2026-05-26T18:46:27.977+0000] {dagbag.py:540} INFO - Filling up the DagBag from /home/airflow/.local/lib/python3.8/site-packages/airflow/example_dags/example_branch_labels.py
[2026-05-26T18:46:27.984+0000] {processor.py:840} INFO - DAG(s) 'example_branch_labels' retrieved from /home/airflow/.local/lib/python3.8/site-packages/airflow/example_dags/example_branch_labels.py
[2026-05-26T18:46:28.001+0000] {logging_mixin.py:188} INFO - [2026-05-26T18:46:28.001+0000] {dag.py:3047} INFO - Sync 1 DAGs
[2026-05-26T18:46:28.018+0000] {logging_mixin.py:188} INFO - [2026-05-26T18:46:28.017+0000] {dag.py:3834} INFO - Setting next_dagrun for example_branch_labels to 2026-05-25 00:00:00+00:00, run_after=2026-05-26 00:00:00+00:00
[2026-05-26T18:46:28.037+0000] {processor.py:183} INFO - Processing /home/airflow/.local/lib/python3.8/site-packages/airflow/example_dags/example_branch_labels.py took 0.066 seconds
[2026-05-26T18:46:58.924+0000] {processor.py:161} INFO - Started process (PID=4301) to work on /home/airflow/.local/lib/python3.8/site-packages/airflow/example_dags/example_branch_labels.py
[2026-05-26T18:46:58.926+0000] {processor.py:830} INFO - Processing file /home/airflow/.local/lib/python3.8/site-packages/airflow/example_dags/example_branch_labels.py for tasks to queue
[2026-05-26T18:46:58.929+0000] {logging_mixin.py:188} INFO - [2026-05-26T18:46:58.928+0000] {dagbag.py:540} INFO - Filling up the DagBag from /home/airflow/.local/lib/python3.8/site-packages/airflow/example_dags/example_branch_labels.py
[2026-05-26T18:46:58.943+0000] {processor.py:840} INFO - DAG(s) 'example_branch_labels' retrieved from /home/airflow/.local/lib/python3.8/site-packages/airflow/example_dags/example_branch_labels.py
[2026-05-26T18:46:58.976+0000] {logging_mixin.py:188} INFO - [2026-05-26T18:46:58.975+0000] {dag.py:3047} INFO - Sync 1 DAGs
[2026-05-26T18:46:59.001+0000] {logging_mixin.py:188} INFO - [2026-05-26T18:46:59.001+0000] {dag.py:3834} INFO - Setting next_dagrun for example_branch_labels to 2026-05-25 00:00:00+00:00, run_after=2026-05-26 00:00:00+00:00
[2026-05-26T18:46:59.026+0000] {processor.py:183} INFO - Processing /home/airflow/.local/lib/python3.8/site-packages/airflow/example_dags/example_branch_labels.py took 0.105 seconds
[2026-05-26T18:47:29.814+0000] {processor.py:161} INFO - Started process (PID=4356) to work on /home/airflow/.local/lib/python3.8/site-packages/airflow/example_dags/example_branch_labels.py
[2026-05-26T18:47:29.816+0000] {processor.py:830} INFO - Processing file /home/airflow/.local/lib/python3.8/site-packages/airflow/example_dags/example_branch_labels.py for tasks to queue
[2026-05-26T18:47:29.818+0000] {logging_mixin.py:188} INFO - [2026-05-26T18:47:29.818+0000] {dagbag.py:540} INFO - Filling up the DagBag from /home/airflow/.local/lib/python3.8/site-packages/airflow/example_dags/example_branch_labels.py
[2026-05-26T18:47:29.825+0000] {processor.py:840} INFO - DAG(s) 'example_branch_labels' retrieved from /home/airflow/.local/lib/python3.8/site-packages/airflow/example_dags/example_branch_labels.py
[2026-05-26T18:47:29.845+0000] {logging_mixin.py:188} INFO - [2026-05-26T18:47:29.845+0000] {dag.py:3047} INFO - Sync 1 DAGs
[2026-05-26T18:47:29.864+0000] {logging_mixin.py:188} INFO - [2026-05-26T18:47:29.863+0000] {dag.py:3834} INFO - Setting next_dagrun for example_branch_labels to 2026-05-25 00:00:00+00:00, run_after=2026-05-26 00:00:00+00:00
[2026-05-26T18:47:29.878+0000] {processor.py:183} INFO - Processing /home/airflow/.local/lib/python3.8/site-packages/airflow/example_dags/example_branch_labels.py took 0.067 seconds
[2026-05-26T18:48:00.005+0000] {processor.py:161} INFO - Started process (PID=4411) to work on /home/airflow/.local/lib/python3.8/site-packages/airflow/example_dags/example_branch_labels.py
[2026-05-26T18:48:00.007+0000] {processor.py:830} INFO - Processing file /home/airflow/.local/lib/python3.8/site-packages/airflow/example_dags/example_branch_labels.py for tasks to queue
[2026-05-26T18:48:00.011+0000] {logging_mixin.py:188} INFO - [2026-05-26T18:48:00.010+0000] {dagbag.py:540} INFO - Filling up the DagBag from /home/airflow/.local/lib/python3.8/site-packages/airflow/example_dags/example_branch_labels.py
[2026-05-26T18:48:00.021+0000] {processor.py:840} INFO - DAG(s) 'example_branch_labels' retrieved from /home/airflow/.local/lib/python3.8/site-packages/airflow/example_dags/example_branch_labels.py
[2026-05-26T18:48:00.039+0000] {logging_mixin.py:188} INFO - [2026-05-26T18:48:00.039+0000] {dag.py:3047} INFO - Sync 1 DAGs
[2026-05-26T18:48:00.057+0000] {logging_mixin.py:188} INFO - [2026-05-26T18:48:00.057+0000] {dag.py:3834} INFO - Setting next_dagrun for example_branch_labels to 2026-05-25 00:00:00+00:00, run_after=2026-05-26 00:00:00+00:00
[2026-05-26T18:48:00.077+0000] {processor.py:183} INFO - Processing /home/airflow/.local/lib/python3.8/site-packages/airflow/example_dags/example_branch_labels.py took 0.076 seconds
[2026-05-26T18:48:30.763+0000] {processor.py:161} INFO - Started process (PID=4466) to work on /home/airflow/.local/lib/python3.8/site-packages/airflow/example_dags/example_branch_labels.py
[2026-05-26T18:48:30.764+0000] {processor.py:830} INFO - Processing file /home/airflow/.local/lib/python3.8/site-packages/airflow/example_dags/example_branch_labels.py for tasks to queue
[2026-05-26T18:48:30.766+0000] {logging_mixin.py:188} INFO - [2026-05-26T18:48:30.766+0000] {dagbag.py:540} INFO - Filling up the DagBag from /home/airflow/.local/lib/python3.8/site-packages/airflow/example_dags/example_branch_labels.py
[2026-05-26T18:48:30.776+0000] {processor.py:840} INFO - DAG(s) 'example_branch_labels' retrieved from /home/airflow/.local/lib/python3.8/site-packages/airflow/example_dags/example_branch_labels.py
[2026-05-26T18:48:30.799+0000] {logging_mixin.py:188} INFO - [2026-05-26T18:48:30.798+0000] {dag.py:3047} INFO - Sync 1 DAGs
[2026-05-26T18:48:30.824+0000] {logging_mixin.py:188} INFO - [2026-05-26T18:48:30.824+0000] {dag.py:3834} INFO - Setting next_dagrun for example_branch_labels to 2026-05-25 00:00:00+00:00, run_after=2026-05-26 00:00:00+00:00
[2026-05-26T18:48:30.842+0000] {processor.py:183} INFO - Processing /home/airflow/.local/lib/python3.8/site-packages/airflow/example_dags/example_branch_labels.py took 0.083 seconds
[2026-05-26T18:49:01.671+0000] {processor.py:161} INFO - Started process (PID=4521) to work on /home/airflow/.local/lib/python3.8/site-packages/airflow/example_dags/example_branch_labels.py
[2026-05-26T18:49:01.673+0000] {processor.py:830} INFO - Processing file /home/airflow/.local/lib/python3.8/site-packages/airflow/example_dags/example_branch_labels.py for tasks to queue
[2026-05-26T18:49:01.675+0000] {logging_mixin.py:188} INFO - [2026-05-26T18:49:01.675+0000] {dagbag.py:540} INFO - Filling up the DagBag from /home/airflow/.local/lib/python3.8/site-packages/airflow/example_dags/example_branch_labels.py
[2026-05-26T18:49:01.686+0000] {processor.py:840} INFO - DAG(s) 'example_branch_labels' retrieved from /home/airflow/.local/lib/python3.8/site-packages/airflow/example_dags/example_branch_labels.py
[2026-05-26T18:49:01.709+0000] {logging_mixin.py:188} INFO - [2026-05-26T18:49:01.709+0000] {dag.py:3047} INFO - Sync 1 DAGs
[2026-05-26T18:49:01.731+0000] {logging_mixin.py:188} INFO - [2026-05-26T18:49:01.731+0000] {dag.py:3834} INFO - Setting next_dagrun for example_branch_labels to 2026-05-25 00:00:00+00:00, run_after=2026-05-26 00:00:00+00:00
[2026-05-26T18:49:01.754+0000] {processor.py:183} INFO - Processing /home/airflow/.local/lib/python3.8/site-packages/airflow/example_dags/example_branch_labels.py took 0.088 seconds
[2026-05-26T18:49:31.884+0000] {processor.py:161} INFO - Started process (PID=4576) to work on /home/airflow/.local/lib/python3.8/site-packages/airflow/example_dags/example_branch_labels.py
[2026-05-26T18:49:31.885+0000] {processor.py:830} INFO - Processing file /home/airflow/.local/lib/python3.8/site-packages/airflow/example_dags/example_branch_labels.py for tasks to queue
[2026-05-26T18:49:31.887+0000] {logging_mixin.py:188} INFO - [2026-05-26T18:49:31.887+0000] {dagbag.py:540} INFO - Filling up the DagBag from /home/airflow/.local/lib/python3.8/site-packages/airflow/example_dags/example_branch_labels.py
[2026-05-26T18:49:31.894+0000] {processor.py:840} INFO - DAG(s) 'example_branch_labels' retrieved from /home/airflow/.local/lib/python3.8/site-packages/airflow/example_dags/example_branch_labels.py
[2026-05-26T18:49:31.915+0000] {logging_mixin.py:188} INFO - [2026-05-26T18:49:31.915+0000] {dag.py:3047} INFO - Sync 1 DAGs
[2026-05-26T18:49:31.935+0000] {logging_mixin.py:188} INFO - [2026-05-26T18:49:31.935+0000] {dag.py:3834} INFO - Setting next_dagrun for example_branch_labels to 2026-05-25 00:00:00+00:00, run_after=2026-05-26 00:00:00+00:00
[2026-05-26T18:49:31.954+0000] {processor.py:183} INFO - Processing /home/airflow/.local/lib/python3.8/site-packages/airflow/example_dags/example_branch_labels.py took 0.073 seconds
[2026-05-26T18:50:02.583+0000] {processor.py:161} INFO - Started process (PID=4631) to work on /home/airflow/.local/lib/python3.8/site-packages/airflow/example_dags/example_branch_labels.py
[2026-05-26T18:50:02.584+0000] {processor.py:830} INFO - Processing file /home/airflow/.local/lib/python3.8/site-packages/airflow/example_dags/example_branch_labels.py for tasks to queue
[2026-05-26T18:50:02.586+0000] {logging_mixin.py:188} INFO - [2026-05-26T18:50:02.586+0000] {dagbag.py:540} INFO - Filling up the DagBag from /home/airflow/.local/lib/python3.8/site-packages/airflow/example_dags/example_branch_labels.py
[2026-05-26T18:50:02.593+0000] {processor.py:840} INFO - DAG(s) 'example_branch_labels' retrieved from /home/airflow/.local/lib/python3.8/site-packages/airflow/example_dags/example_branch_labels.py
[2026-05-26T18:50:02.613+0000] {logging_mixin.py:188} INFO - [2026-05-26T18:50:02.612+0000] {dag.py:3047} INFO - Sync 1 DAGs
[2026-05-26T18:50:02.632+0000] {logging_mixin.py:188} INFO - [2026-05-26T18:50:02.632+0000] {dag.py:3834} INFO - Setting next_dagrun for example_branch_labels to 2026-05-25 00:00:00+00:00, run_after=2026-05-26 00:00:00+00:00
[2026-05-26T18:50:02.648+0000] {processor.py:183} INFO - Processing /home/airflow/.local/lib/python3.8/site-packages/airflow/example_dags/example_branch_labels.py took 0.067 seconds
[2026-05-26T18:50:33.205+0000] {processor.py:161} INFO - Started process (PID=4686) to work on /home/airflow/.local/lib/python3.8/site-packages/airflow/example_dags/example_branch_labels.py
[2026-05-26T18:50:33.207+0000] {processor.py:830} INFO - Processing file /home/airflow/.local/lib/python3.8/site-packages/airflow/example_dags/example_branch_labels.py for tasks to queue
[2026-05-26T18:50:33.209+0000] {logging_mixin.py:188} INFO - [2026-05-26T18:50:33.209+0000] {dagbag.py:540} INFO - Filling up the DagBag from /home/airflow/.local/lib/python3.8/site-packages/airflow/example_dags/example_branch_labels.py
[2026-05-26T18:50:33.218+0000] {processor.py:840} INFO - DAG(s) 'example_branch_labels' retrieved from /home/airflow/.local/lib/python3.8/site-packages/airflow/example_dags/example_branch_labels.py
[2026-05-26T18:50:33.245+0000] {logging_mixin.py:188} INFO - [2026-05-26T18:50:33.244+0000] {dag.py:3047} INFO - Sync 1 DAGs
[2026-05-26T18:50:33.266+0000] {logging_mixin.py:188} INFO - [2026-05-26T18:50:33.265+0000] {dag.py:3834} INFO - Setting next_dagrun for example_branch_labels to 2026-05-25 00:00:00+00:00, run_after=2026-05-26 00:00:00+00:00
[2026-05-26T18:50:33.282+0000] {processor.py:183} INFO - Processing /home/airflow/.local/lib/python3.8/site-packages/airflow/example_dags/example_branch_labels.py took 0.084 seconds
[2026-05-26T18:51:03.352+0000] {processor.py:161} INFO - Started process (PID=4741) to work on /home/airflow/.local/lib/python3.8/site-packages/airflow/example_dags/example_branch_labels.py
[2026-05-26T18:51:03.354+0000] {processor.py:830} INFO - Processing file /home/airflow/.local/lib/python3.8/site-packages/airflow/example_dags/example_branch_labels.py for tasks to queue
[2026-05-26T18:51:03.357+0000] {logging_mixin.py:188} INFO - [2026-05-26T18:51:03.356+0000] {dagbag.py:540} INFO - Filling up the DagBag from /home/airflow/.local/lib/python3.8/site-packages/airflow/example_dags/example_branch_labels.py
[2026-05-26T18:51:03.367+0000] {processor.py:840} INFO - DAG(s) 'example_branch_labels' retrieved from /home/airflow/.local/lib/python3.8/site-packages/airflow/example_dags/example_branch_labels.py
[2026-05-26T18:51:03.390+0000] {logging_mixin.py:188} INFO - [2026-05-26T18:51:03.390+0000] {dag.py:3047} INFO - Sync 1 DAGs
[2026-05-26T18:51:03.409+0000] {logging_mixin.py:188} INFO - [2026-05-26T18:51:03.409+0000] {dag.py:3834} INFO - Setting next_dagrun for example_branch_labels to 2026-05-25 00:00:00+00:00, run_after=2026-05-26 00:00:00+00:00
[2026-05-26T18:51:03.425+0000] {processor.py:183} INFO - Processing /home/airflow/.local/lib/python3.8/site-packages/airflow/example_dags/example_branch_labels.py took 0.080 seconds
[2026-05-26T18:51:34.172+0000] {processor.py:161} INFO - Started process (PID=4796) to work on /home/airflow/.local/lib/python3.8/site-packages/airflow/example_dags/example_branch_labels.py
[2026-05-26T18:51:34.173+0000] {processor.py:830} INFO - Processing file /home/airflow/.local/lib/python3.8/site-packages/airflow/example_dags/example_branch_labels.py for tasks to queue
[2026-05-26T18:51:34.176+0000] {logging_mixin.py:188} INFO - [2026-05-26T18:51:34.175+0000] {dagbag.py:540} INFO - Filling up the DagBag from /home/airflow/.local/lib/python3.8/site-packages/airflow/example_dags/example_branch_labels.py
[2026-05-26T18:51:34.183+0000] {processor.py:840} INFO - DAG(s) 'example_branch_labels' retrieved from /home/airflow/.local/lib/python3.8/site-packages/airflow/example_dags/example_branch_labels.py
[2026-05-26T18:51:34.206+0000] {logging_mixin.py:188} INFO - [2026-05-26T18:51:34.206+0000] {dag.py:3047} INFO - Sync 1 DAGs
[2026-05-26T18:51:34.237+0000] {logging_mixin.py:188} INFO - [2026-05-26T18:51:34.236+0000] {dag.py:3834} INFO - Setting next_dagrun for example_branch_labels to 2026-05-25 00:00:00+00:00, run_after=2026-05-26 00:00:00+00:00
[2026-05-26T18:51:34.263+0000] {processor.py:183} INFO - Processing /home/airflow/.local/lib/python3.8/site-packages/airflow/example_dags/example_branch_labels.py took 0.094 seconds
[2026-05-26T18:52:04.663+0000] {processor.py:161} INFO - Started process (PID=4851) to work on /home/airflow/.local/lib/python3.8/site-packages/airflow/example_dags/example_branch_labels.py
[2026-05-26T18:52:04.664+0000] {processor.py:830} INFO - Processing file /home/airflow/.local/lib/python3.8/site-packages/airflow/example_dags/example_branch_labels.py for tasks to queue
[2026-05-26T18:52:04.666+0000] {logging_mixin.py:188} INFO - [2026-05-26T18:52:04.666+0000] {dagbag.py:540} INFO - Filling up the DagBag from /home/airflow/.local/lib/python3.8/site-packages/airflow/example_dags/example_branch_labels.py
[2026-05-26T18:52:04.675+0000] {processor.py:840} INFO - DAG(s) 'example_branch_labels' retrieved from /home/airflow/.local/lib/python3.8/site-packages/airflow/example_dags/example_branch_labels.py
[2026-05-26T18:52:04.692+0000] {logging_mixin.py:188} INFO - [2026-05-26T18:52:04.692+0000] {dag.py:3047} INFO - Sync 1 DAGs
[2026-05-26T18:52:04.710+0000] {logging_mixin.py:188} INFO - [2026-05-26T18:52:04.710+0000] {dag.py:3834} INFO - Setting next_dagrun for example_branch_labels to 2026-05-25 00:00:00+00:00, run_after=2026-05-26 00:00:00+00:00
[2026-05-26T18:52:04.725+0000] {processor.py:183} INFO - Processing /home/airflow/.local/lib/python3.8/site-packages/airflow/example_dags/example_branch_labels.py took 0.065 seconds
[2026-05-26T18:52:34.900+0000] {processor.py:161} INFO - Started process (PID=4906) to work on /home/airflow/.local/lib/python3.8/site-packages/airflow/example_dags/example_branch_labels.py
[2026-05-26T18:52:34.901+0000] {processor.py:830} INFO - Processing file /home/airflow/.local/lib/python3.8/site-packages/airflow/example_dags/example_branch_labels.py for tasks to queue
[2026-05-26T18:52:34.903+0000] {logging_mixin.py:188} INFO - [2026-05-26T18:52:34.903+0000] {dagbag.py:540} INFO - Filling up the DagBag from /home/airflow/.local/lib/python3.8/site-packages/airflow/example_dags/example_branch_labels.py
[2026-05-26T18:52:34.910+0000] {processor.py:840} INFO - DAG(s) 'example_branch_labels' retrieved from /home/airflow/.local/lib/python3.8/site-packages/airflow/example_dags/example_branch_labels.py
[2026-05-26T18:52:34.928+0000] {logging_mixin.py:188} INFO - [2026-05-26T18:52:34.928+0000] {dag.py:3047} INFO - Sync 1 DAGs
[2026-05-26T18:52:34.947+0000] {logging_mixin.py:188} INFO - [2026-05-26T18:52:34.946+0000] {dag.py:3834} INFO - Setting next_dagrun for example_branch_labels to 2026-05-25 00:00:00+00:00, run_after=2026-05-26 00:00:00+00:00
[2026-05-26T18:52:34.970+0000] {processor.py:183} INFO - Processing /home/airflow/.local/lib/python3.8/site-packages/airflow/example_dags/example_branch_labels.py took 0.074 seconds
[2026-05-26T18:53:05.142+0000] {processor.py:161} INFO - Started process (PID=4961) to work on /home/airflow/.local/lib/python3.8/site-packages/airflow/example_dags/example_branch_labels.py
[2026-05-26T18:53:05.146+0000] {processor.py:830} INFO - Processing file /home/airflow/.local/lib/python3.8/site-packages/airflow/example_dags/example_branch_labels.py for tasks to queue
[2026-05-26T18:53:05.152+0000] {logging_mixin.py:188} INFO - [2026-05-26T18:53:05.150+0000] {dagbag.py:540} INFO - Filling up the DagBag from /home/airflow/.local/lib/python3.8/site-packages/airflow/example_dags/example_branch_labels.py
[2026-05-26T18:53:05.164+0000] {processor.py:840} INFO - DAG(s) 'example_branch_labels' retrieved from /home/airflow/.local/lib/python3.8/site-packages/airflow/example_dags/example_branch_labels.py
[2026-05-26T18:53:05.186+0000] {logging_mixin.py:188} INFO - [2026-05-26T18:53:05.186+0000] {dag.py:3047} INFO - Sync 1 DAGs
[2026-05-26T18:53:05.206+0000] {logging_mixin.py:188} INFO - [2026-05-26T18:53:05.206+0000] {dag.py:3834} INFO - Setting next_dagrun for example_branch_labels to 2026-05-25 00:00:00+00:00, run_after=2026-05-26 00:00:00+00:00
[2026-05-26T18:53:05.224+0000] {processor.py:183} INFO - Processing /home/airflow/.local/lib/python3.8/site-packages/airflow/example_dags/example_branch_labels.py took 0.085 seconds
[2026-05-26T18:53:35.462+0000] {processor.py:161} INFO - Started process (PID=5017) to work on /home/airflow/.local/lib/python3.8/site-packages/airflow/example_dags/example_branch_labels.py
[2026-05-26T18:53:35.463+0000] {processor.py:830} INFO - Processing file /home/airflow/.local/lib/python3.8/site-packages/airflow/example_dags/example_branch_labels.py for tasks to queue
[2026-05-26T18:53:35.465+0000] {logging_mixin.py:188} INFO - [2026-05-26T18:53:35.465+0000] {dagbag.py:540} INFO - Filling up the DagBag from /home/airflow/.local/lib/python3.8/site-packages/airflow/example_dags/example_branch_labels.py
[2026-05-26T18:53:35.472+0000] {processor.py:840} INFO - DAG(s) 'example_branch_labels' retrieved from /home/airflow/.local/lib/python3.8/site-packages/airflow/example_dags/example_branch_labels.py
[2026-05-26T18:53:35.490+0000] {logging_mixin.py:188} INFO - [2026-05-26T18:53:35.489+0000] {dag.py:3047} INFO - Sync 1 DAGs
[2026-05-26T18:53:35.507+0000] {logging_mixin.py:188} INFO - [2026-05-26T18:53:35.507+0000] {dag.py:3834} INFO - Setting next_dagrun for example_branch_labels to 2026-05-25 00:00:00+00:00, run_after=2026-05-26 00:00:00+00:00
[2026-05-26T18:53:35.526+0000] {processor.py:183} INFO - Processing /home/airflow/.local/lib/python3.8/site-packages/airflow/example_dags/example_branch_labels.py took 0.067 seconds
[2026-05-26T18:54:05.696+0000] {processor.py:161} INFO - Started process (PID=5072) to work on /home/airflow/.local/lib/python3.8/site-packages/airflow/example_dags/example_branch_labels.py
[2026-05-26T18:54:05.697+0000] {processor.py:830} INFO - Processing file /home/airflow/.local/lib/python3.8/site-packages/airflow/example_dags/example_branch_labels.py for tasks to queue
[2026-05-26T18:54:05.699+0000] {logging_mixin.py:188} INFO - [2026-05-26T18:54:05.699+0000] {dagbag.py:540} INFO - Filling up the DagBag from /home/airflow/.local/lib/python3.8/site-packages/airflow/example_dags/example_branch_labels.py
[2026-05-26T18:54:05.706+0000] {processor.py:840} INFO - DAG(s) 'example_branch_labels' retrieved from /home/airflow/.local/lib/python3.8/site-packages/airflow/example_dags/example_branch_labels.py
[2026-05-26T18:54:05.724+0000] {logging_mixin.py:188} INFO - [2026-05-26T18:54:05.724+0000] {dag.py:3047} INFO - Sync 1 DAGs
[2026-05-26T18:54:05.741+0000] {logging_mixin.py:188} INFO - [2026-05-26T18:54:05.741+0000] {dag.py:3834} INFO - Setting next_dagrun for example_branch_labels to 2026-05-25 00:00:00+00:00, run_after=2026-05-26 00:00:00+00:00
[2026-05-26T18:54:05.756+0000] {processor.py:183} INFO - Processing /home/airflow/.local/lib/python3.8/site-packages/airflow/example_dags/example_branch_labels.py took 0.063 seconds
[2026-05-26T18:54:36.478+0000] {processor.py:161} INFO - Started process (PID=5124) to work on /home/airflow/.local/lib/python3.8/site-packages/airflow/example_dags/example_branch_labels.py
[2026-05-26T18:54:36.479+0000] {processor.py:830} INFO - Processing file /home/airflow/.local/lib/python3.8/site-packages/airflow/example_dags/example_branch_labels.py for tasks to queue
[2026-05-26T18:54:36.481+0000] {logging_mixin.py:188} INFO - [2026-05-26T18:54:36.481+0000] {dagbag.py:540} INFO - Filling up the DagBag from /home/airflow/.local/lib/python3.8/site-packages/airflow/example_dags/example_branch_labels.py
[2026-05-26T18:54:36.489+0000] {processor.py:840} INFO - DAG(s) 'example_branch_labels' retrieved from /home/airflow/.local/lib/python3.8/site-packages/airflow/example_dags/example_branch_labels.py
[2026-05-26T18:54:36.511+0000] {logging_mixin.py:188} INFO - [2026-05-26T18:54:36.511+0000] {dag.py:3047} INFO - Sync 1 DAGs
[2026-05-26T18:54:36.529+0000] {logging_mixin.py:188} INFO - [2026-05-26T18:54:36.529+0000] {dag.py:3834} INFO - Setting next_dagrun for example_branch_labels to 2026-05-25 00:00:00+00:00, run_after=2026-05-26 00:00:00+00:00
[2026-05-26T18:54:36.547+0000] {processor.py:183} INFO - Processing /home/airflow/.local/lib/python3.8/site-packages/airflow/example_dags/example_branch_labels.py took 0.072 seconds
[2026-05-26T18:55:07.216+0000] {processor.py:161} INFO - Started process (PID=5179) to work on /home/airflow/.local/lib/python3.8/site-packages/airflow/example_dags/example_branch_labels.py
[2026-05-26T18:55:07.218+0000] {processor.py:830} INFO - Processing file /home/airflow/.local/lib/python3.8/site-packages/airflow/example_dags/example_branch_labels.py for tasks to queue
[2026-05-26T18:55:07.222+0000] {logging_mixin.py:188} INFO - [2026-05-26T18:55:07.222+0000] {dagbag.py:540} INFO - Filling up the DagBag from /home/airflow/.local/lib/python3.8/site-packages/airflow/example_dags/example_branch_labels.py
[2026-05-26T18:55:07.230+0000] {processor.py:840} INFO - DAG(s) 'example_branch_labels' retrieved from /home/airflow/.local/lib/python3.8/site-packages/airflow/example_dags/example_branch_labels.py
[2026-05-26T18:55:07.252+0000] {logging_mixin.py:188} INFO - [2026-05-26T18:55:07.252+0000] {dag.py:3047} INFO - Sync 1 DAGs
[2026-05-26T18:55:07.277+0000] {logging_mixin.py:188} INFO - [2026-05-26T18:55:07.277+0000] {dag.py:3834} INFO - Setting next_dagrun for example_branch_labels to 2026-05-25 00:00:00+00:00, run_after=2026-05-26 00:00:00+00:00
[2026-05-26T18:55:07.301+0000] {processor.py:183} INFO - Processing /home/airflow/.local/lib/python3.8/site-packages/airflow/example_dags/example_branch_labels.py took 0.090 seconds
[2026-05-26T18:55:37.962+0000] {processor.py:161} INFO - Started process (PID=5234) to work on /home/airflow/.local/lib/python3.8/site-packages/airflow/example_dags/example_branch_labels.py
[2026-05-26T18:55:37.963+0000] {processor.py:830} INFO - Processing file /home/airflow/.local/lib/python3.8/site-packages/airflow/example_dags/example_branch_labels.py for tasks to queue
[2026-05-26T18:55:37.965+0000] {logging_mixin.py:188} INFO - [2026-05-26T18:55:37.964+0000] {dagbag.py:540} INFO - Filling up the DagBag from /home/airflow/.local/lib/python3.8/site-packages/airflow/example_dags/example_branch_labels.py
[2026-05-26T18:55:37.972+0000] {processor.py:840} INFO - DAG(s) 'example_branch_labels' retrieved from /home/airflow/.local/lib/python3.8/site-packages/airflow/example_dags/example_branch_labels.py
[2026-05-26T18:55:37.989+0000] {logging_mixin.py:188} INFO - [2026-05-26T18:55:37.989+0000] {dag.py:3047} INFO - Sync 1 DAGs
[2026-05-26T18:55:38.008+0000] {logging_mixin.py:188} INFO - [2026-05-26T18:55:38.008+0000] {dag.py:3834} INFO - Setting next_dagrun for example_branch_labels to 2026-05-25 00:00:00+00:00, run_after=2026-05-26 00:00:00+00:00
[2026-05-26T18:55:38.025+0000] {processor.py:183} INFO - Processing /home/airflow/.local/lib/python3.8/site-packages/airflow/example_dags/example_branch_labels.py took 0.066 seconds
[2026-05-26T18:56:08.562+0000] {processor.py:161} INFO - Started process (PID=5289) to work on /home/airflow/.local/lib/python3.8/site-packages/airflow/example_dags/example_branch_labels.py
[2026-05-26T18:56:08.564+0000] {processor.py:830} INFO - Processing file /home/airflow/.local/lib/python3.8/site-packages/airflow/example_dags/example_branch_labels.py for tasks to queue
[2026-05-26T18:56:08.566+0000] {logging_mixin.py:188} INFO - [2026-05-26T18:56:08.566+0000] {dagbag.py:540} INFO - Filling up the DagBag from /home/airflow/.local/lib/python3.8/site-packages/airflow/example_dags/example_branch_labels.py
[2026-05-26T18:56:08.573+0000] {processor.py:840} INFO - DAG(s) 'example_branch_labels' retrieved from /home/airflow/.local/lib/python3.8/site-packages/airflow/example_dags/example_branch_labels.py
[2026-05-26T18:56:08.589+0000] {logging_mixin.py:188} INFO - [2026-05-26T18:56:08.589+0000] {dag.py:3047} INFO - Sync 1 DAGs
[2026-05-26T18:56:08.605+0000] {logging_mixin.py:188} INFO - [2026-05-26T18:56:08.605+0000] {dag.py:3834} INFO - Setting next_dagrun for example_branch_labels to 2026-05-25 00:00:00+00:00, run_after=2026-05-26 00:00:00+00:00
[2026-05-26T18:56:08.619+0000] {processor.py:183} INFO - Processing /home/airflow/.local/lib/python3.8/site-packages/airflow/example_dags/example_branch_labels.py took 0.059 seconds
[2026-05-26T18:56:39.122+0000] {processor.py:161} INFO - Started process (PID=5344) to work on /home/airflow/.local/lib/python3.8/site-packages/airflow/example_dags/example_branch_labels.py
[2026-05-26T18:56:39.124+0000] {processor.py:830} INFO - Processing file /home/airflow/.local/lib/python3.8/site-packages/airflow/example_dags/example_branch_labels.py for tasks to queue
[2026-05-26T18:56:39.125+0000] {logging_mixin.py:188} INFO - [2026-05-26T18:56:39.125+0000] {dagbag.py:540} INFO - Filling up the DagBag from /home/airflow/.local/lib/python3.8/site-packages/airflow/example_dags/example_branch_labels.py
[2026-05-26T18:56:39.132+0000] {processor.py:840} INFO - DAG(s) 'example_branch_labels' retrieved from /home/airflow/.local/lib/python3.8/site-packages/airflow/example_dags/example_branch_labels.py
[2026-05-26T18:56:39.149+0000] {logging_mixin.py:188} INFO - [2026-05-26T18:56:39.149+0000] {dag.py:3047} INFO - Sync 1 DAGs
[2026-05-26T18:56:39.165+0000] {logging_mixin.py:188} INFO - [2026-05-26T18:56:39.165+0000] {dag.py:3834} INFO - Setting next_dagrun for example_branch_labels to 2026-05-25 00:00:00+00:00, run_after=2026-05-26 00:00:00+00:00
[2026-05-26T18:56:39.181+0000] {processor.py:183} INFO - Processing /home/airflow/.local/lib/python3.8/site-packages/airflow/example_dags/example_branch_labels.py took 0.062 seconds
[2026-05-26T18:57:09.812+0000] {processor.py:161} INFO - Started process (PID=5399) to work on /home/airflow/.local/lib/python3.8/site-packages/airflow/example_dags/example_branch_labels.py
[2026-05-26T18:57:09.814+0000] {processor.py:830} INFO - Processing file /home/airflow/.local/lib/python3.8/site-packages/airflow/example_dags/example_branch_labels.py for tasks to queue
[2026-05-26T18:57:09.816+0000] {logging_mixin.py:188} INFO - [2026-05-26T18:57:09.816+0000] {dagbag.py:540} INFO - Filling up the DagBag from /home/airflow/.local/lib/python3.8/site-packages/airflow/example_dags/example_branch_labels.py
[2026-05-26T18:57:09.823+0000] {processor.py:840} INFO - DAG(s) 'example_branch_labels' retrieved from /home/airflow/.local/lib/python3.8/site-packages/airflow/example_dags/example_branch_labels.py
[2026-05-26T18:57:09.844+0000] {logging_mixin.py:188} INFO - [2026-05-26T18:57:09.843+0000] {dag.py:3047} INFO - Sync 1 DAGs
[2026-05-26T18:57:09.860+0000] {logging_mixin.py:188} INFO - [2026-05-26T18:57:09.860+0000] {dag.py:3834} INFO - Setting next_dagrun for example_branch_labels to 2026-05-25 00:00:00+00:00, run_after=2026-05-26 00:00:00+00:00
[2026-05-26T18:57:09.877+0000] {processor.py:183} INFO - Processing /home/airflow/.local/lib/python3.8/site-packages/airflow/example_dags/example_branch_labels.py took 0.068 seconds
[2026-05-26T18:57:40.315+0000] {processor.py:161} INFO - Started process (PID=5454) to work on /home/airflow/.local/lib/python3.8/site-packages/airflow/example_dags/example_branch_labels.py
[2026-05-26T18:57:40.316+0000] {processor.py:830} INFO - Processing file /home/airflow/.local/lib/python3.8/site-packages/airflow/example_dags/example_branch_labels.py for tasks to queue
[2026-05-26T18:57:40.318+0000] {logging_mixin.py:188} INFO - [2026-05-26T18:57:40.318+0000] {dagbag.py:540} INFO - Filling up the DagBag from /home/airflow/.local/lib/python3.8/site-packages/airflow/example_dags/example_branch_labels.py
[2026-05-26T18:57:40.324+0000] {processor.py:840} INFO - DAG(s) 'example_branch_labels' retrieved from /home/airflow/.local/lib/python3.8/site-packages/airflow/example_dags/example_branch_labels.py
[2026-05-26T18:57:40.343+0000] {logging_mixin.py:188} INFO - [2026-05-26T18:57:40.343+0000] {dag.py:3047} INFO - Sync 1 DAGs
[2026-05-26T18:57:40.361+0000] {logging_mixin.py:188} INFO - [2026-05-26T18:57:40.361+0000] {dag.py:3834} INFO - Setting next_dagrun for example_branch_labels to 2026-05-25 00:00:00+00:00, run_after=2026-05-26 00:00:00+00:00
[2026-05-26T18:57:40.378+0000] {processor.py:183} INFO - Processing /home/airflow/.local/lib/python3.8/site-packages/airflow/example_dags/example_branch_labels.py took 0.067 seconds
[2026-05-26T18:58:10.979+0000] {processor.py:161} INFO - Started process (PID=5509) to work on /home/airflow/.local/lib/python3.8/site-packages/airflow/example_dags/example_branch_labels.py
[2026-05-26T18:58:10.981+0000] {processor.py:830} INFO - Processing file /home/airflow/.local/lib/python3.8/site-packages/airflow/example_dags/example_branch_labels.py for tasks to queue
[2026-05-26T18:58:10.983+0000] {logging_mixin.py:188} INFO - [2026-05-26T18:58:10.982+0000] {dagbag.py:540} INFO - Filling up the DagBag from /home/airflow/.local/lib/python3.8/site-packages/airflow/example_dags/example_branch_labels.py
[2026-05-26T18:58:10.990+0000] {processor.py:840} INFO - DAG(s) 'example_branch_labels' retrieved from /home/airflow/.local/lib/python3.8/site-packages/airflow/example_dags/example_branch_labels.py
[2026-05-26T18:58:11.008+0000] {logging_mixin.py:188} INFO - [2026-05-26T18:58:11.007+0000] {dag.py:3047} INFO - Sync 1 DAGs
[2026-05-26T18:58:11.026+0000] {logging_mixin.py:188} INFO - [2026-05-26T18:58:11.026+0000] {dag.py:3834} INFO - Setting next_dagrun for example_branch_labels to 2026-05-25 00:00:00+00:00, run_after=2026-05-26 00:00:00+00:00
[2026-05-26T18:58:11.043+0000] {processor.py:183} INFO - Processing /home/airflow/.local/lib/python3.8/site-packages/airflow/example_dags/example_branch_labels.py took 0.067 seconds
[2026-05-26T18:58:41.415+0000] {processor.py:161} INFO - Started process (PID=5564) to work on /home/airflow/.local/lib/python3.8/site-packages/airflow/example_dags/example_branch_labels.py
[2026-05-26T18:58:41.416+0000] {processor.py:830} INFO - Processing file /home/airflow/.local/lib/python3.8/site-packages/airflow/example_dags/example_branch_labels.py for tasks to queue
[2026-05-26T18:58:41.419+0000] {logging_mixin.py:188} INFO - [2026-05-26T18:58:41.418+0000] {dagbag.py:540} INFO - Filling up the DagBag from /home/airflow/.local/lib/python3.8/site-packages/airflow/example_dags/example_branch_labels.py
[2026-05-26T18:58:41.426+0000] {processor.py:840} INFO - DAG(s) 'example_branch_labels' retrieved from /home/airflow/.local/lib/python3.8/site-packages/airflow/example_dags/example_branch_labels.py
[2026-05-26T18:58:41.443+0000] {logging_mixin.py:188} INFO - [2026-05-26T18:58:41.443+0000] {dag.py:3047} INFO - Sync 1 DAGs
[2026-05-26T18:58:41.465+0000] {logging_mixin.py:188} INFO - [2026-05-26T18:58:41.465+0000] {dag.py:3834} INFO - Setting next_dagrun for example_branch_labels to 2026-05-25 00:00:00+00:00, run_after=2026-05-26 00:00:00+00:00
[2026-05-26T18:58:41.484+0000] {processor.py:183} INFO - Processing /home/airflow/.local/lib/python3.8/site-packages/airflow/example_dags/example_branch_labels.py took 0.071 seconds
[2026-05-26T18:59:12.200+0000] {processor.py:161} INFO - Started process (PID=5619) to work on /home/airflow/.local/lib/python3.8/site-packages/airflow/example_dags/example_branch_labels.py
[2026-05-26T18:59:12.202+0000] {processor.py:830} INFO - Processing file /home/airflow/.local/lib/python3.8/site-packages/airflow/example_dags/example_branch_labels.py for tasks to queue
[2026-05-26T18:59:12.205+0000] {logging_mixin.py:188} INFO - [2026-05-26T18:59:12.204+0000] {dagbag.py:540} INFO - Filling up the DagBag from /home/airflow/.local/lib/python3.8/site-packages/airflow/example_dags/example_branch_labels.py
[2026-05-26T18:59:12.212+0000] {processor.py:840} INFO - DAG(s) 'example_branch_labels' retrieved from /home/airflow/.local/lib/python3.8/site-packages/airflow/example_dags/example_branch_labels.py
[2026-05-26T18:59:12.232+0000] {logging_mixin.py:188} INFO - [2026-05-26T18:59:12.232+0000] {dag.py:3047} INFO - Sync 1 DAGs
[2026-05-26T18:59:12.253+0000] {logging_mixin.py:188} INFO - [2026-05-26T18:59:12.253+0000] {dag.py:3834} INFO - Setting next_dagrun for example_branch_labels to 2026-05-25 00:00:00+00:00, run_after=2026-05-26 00:00:00+00:00
[2026-05-26T18:59:12.273+0000] {processor.py:183} INFO - Processing /home/airflow/.local/lib/python3.8/site-packages/airflow/example_dags/example_branch_labels.py took 0.076 seconds
[2026-05-26T18:59:42.809+0000] {processor.py:161} INFO - Started process (PID=5674) to work on /home/airflow/.local/lib/python3.8/site-packages/airflow/example_dags/example_branch_labels.py
[2026-05-26T18:59:42.810+0000] {processor.py:830} INFO - Processing file /home/airflow/.local/lib/python3.8/site-packages/airflow/example_dags/example_branch_labels.py for tasks to queue
[2026-05-26T18:59:42.814+0000] {logging_mixin.py:188} INFO - [2026-05-26T18:59:42.813+0000] {dagbag.py:540} INFO - Filling up the DagBag from /home/airflow/.local/lib/python3.8/site-packages/airflow/example_dags/example_branch_labels.py
[2026-05-26T18:59:42.820+0000] {processor.py:840} INFO - DAG(s) 'example_branch_labels' retrieved from /home/airflow/.local/lib/python3.8/site-packages/airflow/example_dags/example_branch_labels.py
[2026-05-26T18:59:42.847+0000] {logging_mixin.py:188} INFO - [2026-05-26T18:59:42.847+0000] {dag.py:3047} INFO - Sync 1 DAGs
[2026-05-26T18:59:42.869+0000] {logging_mixin.py:188} INFO - [2026-05-26T18:59:42.869+0000] {dag.py:3834} INFO - Setting next_dagrun for example_branch_labels to 2026-05-25 00:00:00+00:00, run_after=2026-05-26 00:00:00+00:00
[2026-05-26T18:59:42.890+0000] {processor.py:183} INFO - Processing /home/airflow/.local/lib/python3.8/site-packages/airflow/example_dags/example_branch_labels.py took 0.085 seconds
[2026-05-26T19:00:13.298+0000] {processor.py:161} INFO - Started process (PID=5736) to work on /home/airflow/.local/lib/python3.8/site-packages/airflow/example_dags/example_branch_labels.py
[2026-05-26T19:00:13.299+0000] {processor.py:830} INFO - Processing file /home/airflow/.local/lib/python3.8/site-packages/airflow/example_dags/example_branch_labels.py for tasks to queue
[2026-05-26T19:00:13.302+0000] {logging_mixin.py:188} INFO - [2026-05-26T19:00:13.301+0000] {dagbag.py:540} INFO - Filling up the DagBag from /home/airflow/.local/lib/python3.8/site-packages/airflow/example_dags/example_branch_labels.py
[2026-05-26T19:00:13.308+0000] {processor.py:840} INFO - DAG(s) 'example_branch_labels' retrieved from /home/airflow/.local/lib/python3.8/site-packages/airflow/example_dags/example_branch_labels.py
[2026-05-26T19:00:13.328+0000] {logging_mixin.py:188} INFO - [2026-05-26T19:00:13.327+0000] {dag.py:3047} INFO - Sync 1 DAGs
[2026-05-26T19:00:13.345+0000] {logging_mixin.py:188} INFO - [2026-05-26T19:00:13.344+0000] {dag.py:3834} INFO - Setting next_dagrun for example_branch_labels to 2026-05-25 00:00:00+00:00, run_after=2026-05-26 00:00:00+00:00
[2026-05-26T19:00:13.363+0000] {processor.py:183} INFO - Processing /home/airflow/.local/lib/python3.8/site-packages/airflow/example_dags/example_branch_labels.py took 0.068 seconds
[2026-05-26T19:00:43.899+0000] {processor.py:161} INFO - Started process (PID=5791) to work on /home/airflow/.local/lib/python3.8/site-packages/airflow/example_dags/example_branch_labels.py
[2026-05-26T19:00:43.901+0000] {processor.py:830} INFO - Processing file /home/airflow/.local/lib/python3.8/site-packages/airflow/example_dags/example_branch_labels.py for tasks to queue
[2026-05-26T19:00:43.902+0000] {logging_mixin.py:188} INFO - [2026-05-26T19:00:43.902+0000] {dagbag.py:540} INFO - Filling up the DagBag from /home/airflow/.local/lib/python3.8/site-packages/airflow/example_dags/example_branch_labels.py
[2026-05-26T19:00:43.909+0000] {processor.py:840} INFO - DAG(s) 'example_branch_labels' retrieved from /home/airflow/.local/lib/python3.8/site-packages/airflow/example_dags/example_branch_labels.py
[2026-05-26T19:00:43.927+0000] {logging_mixin.py:188} INFO - [2026-05-26T19:00:43.927+0000] {dag.py:3047} INFO - Sync 1 DAGs
[2026-05-26T19:00:43.944+0000] {logging_mixin.py:188} INFO - [2026-05-26T19:00:43.944+0000] {dag.py:3834} INFO - Setting next_dagrun for example_branch_labels to 2026-05-25 00:00:00+00:00, run_after=2026-05-26 00:00:00+00:00
[2026-05-26T19:00:43.958+0000] {processor.py:183} INFO - Processing /home/airflow/.local/lib/python3.8/site-packages/airflow/example_dags/example_branch_labels.py took 0.062 seconds
[2026-05-26T19:01:14.579+0000] {processor.py:161} INFO - Started process (PID=5846) to work on /home/airflow/.local/lib/python3.8/site-packages/airflow/example_dags/example_branch_labels.py
[2026-05-26T19:01:14.581+0000] {processor.py:830} INFO - Processing file /home/airflow/.local/lib/python3.8/site-packages/airflow/example_dags/example_branch_labels.py for tasks to queue
[2026-05-26T19:01:14.583+0000] {logging_mixin.py:188} INFO - [2026-05-26T19:01:14.583+0000] {dagbag.py:540} INFO - Filling up the DagBag from /home/airflow/.local/lib/python3.8/site-packages/airflow/example_dags/example_branch_labels.py
[2026-05-26T19:01:14.593+0000] {processor.py:840} INFO - DAG(s) 'example_branch_labels' retrieved from /home/airflow/.local/lib/python3.8/site-packages/airflow/example_dags/example_branch_labels.py
[2026-05-26T19:01:14.609+0000] {logging_mixin.py:188} INFO - [2026-05-26T19:01:14.609+0000] {dag.py:3047} INFO - Sync 1 DAGs
[2026-05-26T19:01:14.625+0000] {logging_mixin.py:188} INFO - [2026-05-26T19:01:14.624+0000] {dag.py:3834} INFO - Setting next_dagrun for example_branch_labels to 2026-05-25 00:00:00+00:00, run_after=2026-05-26 00:00:00+00:00
[2026-05-26T19:01:14.639+0000] {processor.py:183} INFO - Processing /home/airflow/.local/lib/python3.8/site-packages/airflow/example_dags/example_branch_labels.py took 0.063 seconds
[2026-05-26T19:01:45.162+0000] {processor.py:161} INFO - Started process (PID=5901) to work on /home/airflow/.local/lib/python3.8/site-packages/airflow/example_dags/example_branch_labels.py
[2026-05-26T19:01:45.164+0000] {processor.py:830} INFO - Processing file /home/airflow/.local/lib/python3.8/site-packages/airflow/example_dags/example_branch_labels.py for tasks to queue
[2026-05-26T19:01:45.166+0000] {logging_mixin.py:188} INFO - [2026-05-26T19:01:45.166+0000] {dagbag.py:540} INFO - Filling up the DagBag from /home/airflow/.local/lib/python3.8/site-packages/airflow/example_dags/example_branch_labels.py
[2026-05-26T19:01:45.173+0000] {processor.py:840} INFO - DAG(s) 'example_branch_labels' retrieved from /home/airflow/.local/lib/python3.8/site-packages/airflow/example_dags/example_branch_labels.py
[2026-05-26T19:01:45.192+0000] {logging_mixin.py:188} INFO - [2026-05-26T19:01:45.191+0000] {dag.py:3047} INFO - Sync 1 DAGs
[2026-05-26T19:01:45.209+0000] {logging_mixin.py:188} INFO - [2026-05-26T19:01:45.209+0000] {dag.py:3834} INFO - Setting next_dagrun for example_branch_labels to 2026-05-25 00:00:00+00:00, run_after=2026-05-26 00:00:00+00:00
[2026-05-26T19:01:45.224+0000] {processor.py:183} INFO - Processing /home/airflow/.local/lib/python3.8/site-packages/airflow/example_dags/example_branch_labels.py took 0.066 seconds
[2026-05-26T19:02:15.692+0000] {processor.py:161} INFO - Started process (PID=5956) to work on /home/airflow/.local/lib/python3.8/site-packages/airflow/example_dags/example_branch_labels.py
[2026-05-26T19:02:15.693+0000] {processor.py:830} INFO - Processing file /home/airflow/.local/lib/python3.8/site-packages/airflow/example_dags/example_branch_labels.py for tasks to queue
[2026-05-26T19:02:15.695+0000] {logging_mixin.py:188} INFO - [2026-05-26T19:02:15.695+0000] {dagbag.py:540} INFO - Filling up the DagBag from /home/airflow/.local/lib/python3.8/site-packages/airflow/example_dags/example_branch_labels.py
[2026-05-26T19:02:15.704+0000] {processor.py:840} INFO - DAG(s) 'example_branch_labels' retrieved from /home/airflow/.local/lib/python3.8/site-packages/airflow/example_dags/example_branch_labels.py
[2026-05-26T19:02:15.723+0000] {logging_mixin.py:188} INFO - [2026-05-26T19:02:15.722+0000] {dag.py:3047} INFO - Sync 1 DAGs
[2026-05-26T19:02:15.741+0000] {logging_mixin.py:188} INFO - [2026-05-26T19:02:15.741+0000] {dag.py:3834} INFO - Setting next_dagrun for example_branch_labels to 2026-05-25 00:00:00+00:00, run_after=2026-05-26 00:00:00+00:00
[2026-05-26T19:02:15.759+0000] {processor.py:183} INFO - Processing /home/airflow/.local/lib/python3.8/site-packages/airflow/example_dags/example_branch_labels.py took 0.070 seconds
[2026-05-26T19:02:46.333+0000] {processor.py:161} INFO - Started process (PID=6011) to work on /home/airflow/.local/lib/python3.8/site-packages/airflow/example_dags/example_branch_labels.py
[2026-05-26T19:02:46.335+0000] {processor.py:830} INFO - Processing file /home/airflow/.local/lib/python3.8/site-packages/airflow/example_dags/example_branch_labels.py for tasks to queue
[2026-05-26T19:02:46.337+0000] {logging_mixin.py:188} INFO - [2026-05-26T19:02:46.337+0000] {dagbag.py:540} INFO - Filling up the DagBag from /home/airflow/.local/lib/python3.8/site-packages/airflow/example_dags/example_branch_labels.py
[2026-05-26T19:02:46.345+0000] {processor.py:840} INFO - DAG(s) 'example_branch_labels' retrieved from /home/airflow/.local/lib/python3.8/site-packages/airflow/example_dags/example_branch_labels.py
[2026-05-26T19:02:46.364+0000] {logging_mixin.py:188} INFO - [2026-05-26T19:02:46.364+0000] {dag.py:3047} INFO - Sync 1 DAGs
[2026-05-26T19:02:46.381+0000] {logging_mixin.py:188} INFO - [2026-05-26T19:02:46.381+0000] {dag.py:3834} INFO - Setting next_dagrun for example_branch_labels to 2026-05-25 00:00:00+00:00, run_after=2026-05-26 00:00:00+00:00
[2026-05-26T19:02:46.396+0000] {processor.py:183} INFO - Processing /home/airflow/.local/lib/python3.8/site-packages/airflow/example_dags/example_branch_labels.py took 0.067 seconds
[2026-05-26T19:03:16.925+0000] {processor.py:161} INFO - Started process (PID=6066) to work on /home/airflow/.local/lib/python3.8/site-packages/airflow/example_dags/example_branch_labels.py
[2026-05-26T19:03:16.927+0000] {processor.py:830} INFO - Processing file /home/airflow/.local/lib/python3.8/site-packages/airflow/example_dags/example_branch_labels.py for tasks to queue
[2026-05-26T19:03:16.929+0000] {logging_mixin.py:188} INFO - [2026-05-26T19:03:16.929+0000] {dagbag.py:540} INFO - Filling up the DagBag from /home/airflow/.local/lib/python3.8/site-packages/airflow/example_dags/example_branch_labels.py
[2026-05-26T19:03:16.937+0000] {processor.py:840} INFO - DAG(s) 'example_branch_labels' retrieved from /home/airflow/.local/lib/python3.8/site-packages/airflow/example_dags/example_branch_labels.py
[2026-05-26T19:03:16.956+0000] {logging_mixin.py:188} INFO - [2026-05-26T19:03:16.955+0000] {dag.py:3047} INFO - Sync 1 DAGs
[2026-05-26T19:03:16.977+0000] {logging_mixin.py:188} INFO - [2026-05-26T19:03:16.977+0000] {dag.py:3834} INFO - Setting next_dagrun for example_branch_labels to 2026-05-25 00:00:00+00:00, run_after=2026-05-26 00:00:00+00:00
[2026-05-26T19:03:16.997+0000] {processor.py:183} INFO - Processing /home/airflow/.local/lib/python3.8/site-packages/airflow/example_dags/example_branch_labels.py took 0.077 seconds
[2026-05-26T19:03:47.427+0000] {processor.py:161} INFO - Started process (PID=6121) to work on /home/airflow/.local/lib/python3.8/site-packages/airflow/example_dags/example_branch_labels.py
[2026-05-26T19:03:47.428+0000] {processor.py:830} INFO - Processing file /home/airflow/.local/lib/python3.8/site-packages/airflow/example_dags/example_branch_labels.py for tasks to queue
[2026-05-26T19:03:47.430+0000] {logging_mixin.py:188} INFO - [2026-05-26T19:03:47.430+0000] {dagbag.py:540} INFO - Filling up the DagBag from /home/airflow/.local/lib/python3.8/site-packages/airflow/example_dags/example_branch_labels.py
[2026-05-26T19:03:47.437+0000] {processor.py:840} INFO - DAG(s) 'example_branch_labels' retrieved from /home/airflow/.local/lib/python3.8/site-packages/airflow/example_dags/example_branch_labels.py
[2026-05-26T19:03:47.461+0000] {logging_mixin.py:188} INFO - [2026-05-26T19:03:47.461+0000] {dag.py:3047} INFO - Sync 1 DAGs
[2026-05-26T19:03:47.486+0000] {logging_mixin.py:188} INFO - [2026-05-26T19:03:47.486+0000] {dag.py:3834} INFO - Setting next_dagrun for example_branch_labels to 2026-05-25 00:00:00+00:00, run_after=2026-05-26 00:00:00+00:00
[2026-05-26T19:03:47.506+0000] {processor.py:183} INFO - Processing /home/airflow/.local/lib/python3.8/site-packages/airflow/example_dags/example_branch_labels.py took 0.083 seconds
[2026-05-26T19:04:17.948+0000] {processor.py:161} INFO - Started process (PID=6175) to work on /home/airflow/.local/lib/python3.8/site-packages/airflow/example_dags/example_branch_labels.py
[2026-05-26T19:04:17.950+0000] {processor.py:830} INFO - Processing file /home/airflow/.local/lib/python3.8/site-packages/airflow/example_dags/example_branch_labels.py for tasks to queue
[2026-05-26T19:04:17.951+0000] {logging_mixin.py:188} INFO - [2026-05-26T19:04:17.951+0000] {dagbag.py:540} INFO - Filling up the DagBag from /home/airflow/.local/lib/python3.8/site-packages/airflow/example_dags/example_branch_labels.py
[2026-05-26T19:04:17.958+0000] {processor.py:840} INFO - DAG(s) 'example_branch_labels' retrieved from /home/airflow/.local/lib/python3.8/site-packages/airflow/example_dags/example_branch_labels.py
[2026-05-26T19:04:17.975+0000] {logging_mixin.py:188} INFO - [2026-05-26T19:04:17.975+0000] {dag.py:3047} INFO - Sync 1 DAGs
[2026-05-26T19:04:17.991+0000] {logging_mixin.py:188} INFO - [2026-05-26T19:04:17.991+0000] {dag.py:3834} INFO - Setting next_dagrun for example_branch_labels to 2026-05-25 00:00:00+00:00, run_after=2026-05-26 00:00:00+00:00
[2026-05-26T19:04:18.006+0000] {processor.py:183} INFO - Processing /home/airflow/.local/lib/python3.8/site-packages/airflow/example_dags/example_branch_labels.py took 0.060 seconds
[2026-05-26T19:04:48.343+0000] {processor.py:161} INFO - Started process (PID=6230) to work on /home/airflow/.local/lib/python3.8/site-packages/airflow/example_dags/example_branch_labels.py
[2026-05-26T19:04:48.345+0000] {processor.py:830} INFO - Processing file /home/airflow/.local/lib/python3.8/site-packages/airflow/example_dags/example_branch_labels.py for tasks to queue
[2026-05-26T19:04:48.347+0000] {logging_mixin.py:188} INFO - [2026-05-26T19:04:48.347+0000] {dagbag.py:540} INFO - Filling up the DagBag from /home/airflow/.local/lib/python3.8/site-packages/airflow/example_dags/example_branch_labels.py
[2026-05-26T19:04:48.354+0000] {processor.py:840} INFO - DAG(s) 'example_branch_labels' retrieved from /home/airflow/.local/lib/python3.8/site-packages/airflow/example_dags/example_branch_labels.py
[2026-05-26T19:04:48.373+0000] {logging_mixin.py:188} INFO - [2026-05-26T19:04:48.372+0000] {dag.py:3047} INFO - Sync 1 DAGs
[2026-05-26T19:04:48.389+0000] {logging_mixin.py:188} INFO - [2026-05-26T19:04:48.389+0000] {dag.py:3834} INFO - Setting next_dagrun for example_branch_labels to 2026-05-25 00:00:00+00:00, run_after=2026-05-26 00:00:00+00:00
[2026-05-26T19:04:48.407+0000] {processor.py:183} INFO - Processing /home/airflow/.local/lib/python3.8/site-packages/airflow/example_dags/example_branch_labels.py took 0.067 seconds
[2026-05-26T19:05:18.720+0000] {processor.py:161} INFO - Started process (PID=6285) to work on /home/airflow/.local/lib/python3.8/site-packages/airflow/example_dags/example_branch_labels.py
[2026-05-26T19:05:18.722+0000] {processor.py:830} INFO - Processing file /home/airflow/.local/lib/python3.8/site-packages/airflow/example_dags/example_branch_labels.py for tasks to queue
[2026-05-26T19:05:18.724+0000] {logging_mixin.py:188} INFO - [2026-05-26T19:05:18.724+0000] {dagbag.py:540} INFO - Filling up the DagBag from /home/airflow/.local/lib/python3.8/site-packages/airflow/example_dags/example_branch_labels.py
[2026-05-26T19:05:18.730+0000] {processor.py:840} INFO - DAG(s) 'example_branch_labels' retrieved from /home/airflow/.local/lib/python3.8/site-packages/airflow/example_dags/example_branch_labels.py
[2026-05-26T19:05:18.747+0000] {logging_mixin.py:188} INFO - [2026-05-26T19:05:18.746+0000] {dag.py:3047} INFO - Sync 1 DAGs
[2026-05-26T19:05:18.763+0000] {logging_mixin.py:188} INFO - [2026-05-26T19:05:18.763+0000] {dag.py:3834} INFO - Setting next_dagrun for example_branch_labels to 2026-05-25 00:00:00+00:00, run_after=2026-05-26 00:00:00+00:00
[2026-05-26T19:05:18.779+0000] {processor.py:183} INFO - Processing /home/airflow/.local/lib/python3.8/site-packages/airflow/example_dags/example_branch_labels.py took 0.062 seconds
[2026-05-26T19:05:49.228+0000] {processor.py:161} INFO - Started process (PID=6340) to work on /home/airflow/.local/lib/python3.8/site-packages/airflow/example_dags/example_branch_labels.py
[2026-05-26T19:05:49.230+0000] {processor.py:830} INFO - Processing file /home/airflow/.local/lib/python3.8/site-packages/airflow/example_dags/example_branch_labels.py for tasks to queue
[2026-05-26T19:05:49.232+0000] {logging_mixin.py:188} INFO - [2026-05-26T19:05:49.231+0000] {dagbag.py:540} INFO - Filling up the DagBag from /home/airflow/.local/lib/python3.8/site-packages/airflow/example_dags/example_branch_labels.py
[2026-05-26T19:05:49.238+0000] {processor.py:840} INFO - DAG(s) 'example_branch_labels' retrieved from /home/airflow/.local/lib/python3.8/site-packages/airflow/example_dags/example_branch_labels.py
[2026-05-26T19:05:49.254+0000] {logging_mixin.py:188} INFO - [2026-05-26T19:05:49.254+0000] {dag.py:3047} INFO - Sync 1 DAGs
[2026-05-26T19:05:49.271+0000] {logging_mixin.py:188} INFO - [2026-05-26T19:05:49.270+0000] {dag.py:3834} INFO - Setting next_dagrun for example_branch_labels to 2026-05-25 00:00:00+00:00, run_after=2026-05-26 00:00:00+00:00
[2026-05-26T19:05:49.283+0000] {processor.py:183} INFO - Processing /home/airflow/.local/lib/python3.8/site-packages/airflow/example_dags/example_branch_labels.py took 0.058 seconds
[2026-05-26T19:06:19.639+0000] {processor.py:161} INFO - Started process (PID=6395) to work on /home/airflow/.local/lib/python3.8/site-packages/airflow/example_dags/example_branch_labels.py
[2026-05-26T19:06:19.640+0000] {processor.py:830} INFO - Processing file /home/airflow/.local/lib/python3.8/site-packages/airflow/example_dags/example_branch_labels.py for tasks to queue
[2026-05-26T19:06:19.642+0000] {logging_mixin.py:188} INFO - [2026-05-26T19:06:19.642+0000] {dagbag.py:540} INFO - Filling up the DagBag from /home/airflow/.local/lib/python3.8/site-packages/airflow/example_dags/example_branch_labels.py
[2026-05-26T19:06:19.648+0000] {processor.py:840} INFO - DAG(s) 'example_branch_labels' retrieved from /home/airflow/.local/lib/python3.8/site-packages/airflow/example_dags/example_branch_labels.py
[2026-05-26T19:06:19.665+0000] {logging_mixin.py:188} INFO - [2026-05-26T19:06:19.665+0000] {dag.py:3047} INFO - Sync 1 DAGs
[2026-05-26T19:06:19.682+0000] {logging_mixin.py:188} INFO - [2026-05-26T19:06:19.682+0000] {dag.py:3834} INFO - Setting next_dagrun for example_branch_labels to 2026-05-25 00:00:00+00:00, run_after=2026-05-26 00:00:00+00:00
[2026-05-26T19:06:19.698+0000] {processor.py:183} INFO - Processing /home/airflow/.local/lib/python3.8/site-packages/airflow/example_dags/example_branch_labels.py took 0.062 seconds
[2026-05-26T19:06:50.219+0000] {processor.py:161} INFO - Started process (PID=6450) to work on /home/airflow/.local/lib/python3.8/site-packages/airflow/example_dags/example_branch_labels.py
[2026-05-26T19:06:50.220+0000] {processor.py:830} INFO - Processing file /home/airflow/.local/lib/python3.8/site-packages/airflow/example_dags/example_branch_labels.py for tasks to queue
[2026-05-26T19:06:50.222+0000] {logging_mixin.py:188} INFO - [2026-05-26T19:06:50.222+0000] {dagbag.py:540} INFO - Filling up the DagBag from /home/airflow/.local/lib/python3.8/site-packages/airflow/example_dags/example_branch_labels.py
[2026-05-26T19:06:50.229+0000] {processor.py:840} INFO - DAG(s) 'example_branch_labels' retrieved from /home/airflow/.local/lib/python3.8/site-packages/airflow/example_dags/example_branch_labels.py
[2026-05-26T19:06:50.246+0000] {logging_mixin.py:188} INFO - [2026-05-26T19:06:50.246+0000] {dag.py:3047} INFO - Sync 1 DAGs
[2026-05-26T19:06:50.262+0000] {logging_mixin.py:188} INFO - [2026-05-26T19:06:50.262+0000] {dag.py:3834} INFO - Setting next_dagrun for example_branch_labels to 2026-05-25 00:00:00+00:00, run_after=2026-05-26 00:00:00+00:00
[2026-05-26T19:06:50.280+0000] {processor.py:183} INFO - Processing /home/airflow/.local/lib/python3.8/site-packages/airflow/example_dags/example_branch_labels.py took 0.064 seconds
[2026-05-26T19:07:20.656+0000] {processor.py:161} INFO - Started process (PID=6505) to work on /home/airflow/.local/lib/python3.8/site-packages/airflow/example_dags/example_branch_labels.py
[2026-05-26T19:07:20.658+0000] {processor.py:830} INFO - Processing file /home/airflow/.local/lib/python3.8/site-packages/airflow/example_dags/example_branch_labels.py for tasks to queue
[2026-05-26T19:07:20.660+0000] {logging_mixin.py:188} INFO - [2026-05-26T19:07:20.660+0000] {dagbag.py:540} INFO - Filling up the DagBag from /home/airflow/.local/lib/python3.8/site-packages/airflow/example_dags/example_branch_labels.py
[2026-05-26T19:07:20.667+0000] {processor.py:840} INFO - DAG(s) 'example_branch_labels' retrieved from /home/airflow/.local/lib/python3.8/site-packages/airflow/example_dags/example_branch_labels.py
[2026-05-26T19:07:20.684+0000] {logging_mixin.py:188} INFO - [2026-05-26T19:07:20.684+0000] {dag.py:3047} INFO - Sync 1 DAGs
[2026-05-26T19:07:20.701+0000] {logging_mixin.py:188} INFO - [2026-05-26T19:07:20.701+0000] {dag.py:3834} INFO - Setting next_dagrun for example_branch_labels to 2026-05-25 00:00:00+00:00, run_after=2026-05-26 00:00:00+00:00
[2026-05-26T19:07:20.718+0000] {processor.py:183} INFO - Processing /home/airflow/.local/lib/python3.8/site-packages/airflow/example_dags/example_branch_labels.py took 0.064 seconds
[2026-05-26T19:07:51.427+0000] {processor.py:161} INFO - Started process (PID=6560) to work on /home/airflow/.local/lib/python3.8/site-packages/airflow/example_dags/example_branch_labels.py
[2026-05-26T19:07:51.428+0000] {processor.py:830} INFO - Processing file /home/airflow/.local/lib/python3.8/site-packages/airflow/example_dags/example_branch_labels.py for tasks to queue
[2026-05-26T19:07:51.430+0000] {logging_mixin.py:188} INFO - [2026-05-26T19:07:51.430+0000] {dagbag.py:540} INFO - Filling up the DagBag from /home/airflow/.local/lib/python3.8/site-packages/airflow/example_dags/example_branch_labels.py
[2026-05-26T19:07:51.437+0000] {processor.py:840} INFO - DAG(s) 'example_branch_labels' retrieved from /home/airflow/.local/lib/python3.8/site-packages/airflow/example_dags/example_branch_labels.py
[2026-05-26T19:07:51.454+0000] {logging_mixin.py:188} INFO - [2026-05-26T19:07:51.453+0000] {dag.py:3047} INFO - Sync 1 DAGs
[2026-05-26T19:07:51.470+0000] {logging_mixin.py:188} INFO - [2026-05-26T19:07:51.469+0000] {dag.py:3834} INFO - Setting next_dagrun for example_branch_labels to 2026-05-25 00:00:00+00:00, run_after=2026-05-26 00:00:00+00:00
[2026-05-26T19:07:51.484+0000] {processor.py:183} INFO - Processing /home/airflow/.local/lib/python3.8/site-packages/airflow/example_dags/example_branch_labels.py took 0.060 seconds
[2026-05-26T19:08:21.911+0000] {processor.py:161} INFO - Started process (PID=6615) to work on /home/airflow/.local/lib/python3.8/site-packages/airflow/example_dags/example_branch_labels.py
[2026-05-26T19:08:21.913+0000] {processor.py:830} INFO - Processing file /home/airflow/.local/lib/python3.8/site-packages/airflow/example_dags/example_branch_labels.py for tasks to queue
[2026-05-26T19:08:21.915+0000] {logging_mixin.py:188} INFO - [2026-05-26T19:08:21.915+0000] {dagbag.py:540} INFO - Filling up the DagBag from /home/airflow/.local/lib/python3.8/site-packages/airflow/example_dags/example_branch_labels.py
[2026-05-26T19:08:21.922+0000] {processor.py:840} INFO - DAG(s) 'example_branch_labels' retrieved from /home/airflow/.local/lib/python3.8/site-packages/airflow/example_dags/example_branch_labels.py
[2026-05-26T19:08:21.938+0000] {logging_mixin.py:188} INFO - [2026-05-26T19:08:21.938+0000] {dag.py:3047} INFO - Sync 1 DAGs
[2026-05-26T19:08:21.955+0000] {logging_mixin.py:188} INFO - [2026-05-26T19:08:21.955+0000] {dag.py:3834} INFO - Setting next_dagrun for example_branch_labels to 2026-05-25 00:00:00+00:00, run_after=2026-05-26 00:00:00+00:00
[2026-05-26T19:08:21.972+0000] {processor.py:183} INFO - Processing /home/airflow/.local/lib/python3.8/site-packages/airflow/example_dags/example_branch_labels.py took 0.063 seconds
[2026-05-26T19:08:52.307+0000] {processor.py:161} INFO - Started process (PID=6670) to work on /home/airflow/.local/lib/python3.8/site-packages/airflow/example_dags/example_branch_labels.py
[2026-05-26T19:08:52.309+0000] {processor.py:830} INFO - Processing file /home/airflow/.local/lib/python3.8/site-packages/airflow/example_dags/example_branch_labels.py for tasks to queue
[2026-05-26T19:08:52.311+0000] {logging_mixin.py:188} INFO - [2026-05-26T19:08:52.310+0000] {dagbag.py:540} INFO - Filling up the DagBag from /home/airflow/.local/lib/python3.8/site-packages/airflow/example_dags/example_branch_labels.py
[2026-05-26T19:08:52.317+0000] {processor.py:840} INFO - DAG(s) 'example_branch_labels' retrieved from /home/airflow/.local/lib/python3.8/site-packages/airflow/example_dags/example_branch_labels.py
[2026-05-26T19:08:52.333+0000] {logging_mixin.py:188} INFO - [2026-05-26T19:08:52.333+0000] {dag.py:3047} INFO - Sync 1 DAGs
[2026-05-26T19:08:52.349+0000] {logging_mixin.py:188} INFO - [2026-05-26T19:08:52.349+0000] {dag.py:3834} INFO - Setting next_dagrun for example_branch_labels to 2026-05-25 00:00:00+00:00, run_after=2026-05-26 00:00:00+00:00
[2026-05-26T19:08:52.366+0000] {processor.py:183} INFO - Processing /home/airflow/.local/lib/python3.8/site-packages/airflow/example_dags/example_branch_labels.py took 0.061 seconds
[2026-05-26T19:09:22.729+0000] {processor.py:161} INFO - Started process (PID=6725) to work on /home/airflow/.local/lib/python3.8/site-packages/airflow/example_dags/example_branch_labels.py
[2026-05-26T19:09:22.730+0000] {processor.py:830} INFO - Processing file /home/airflow/.local/lib/python3.8/site-packages/airflow/example_dags/example_branch_labels.py for tasks to queue
[2026-05-26T19:09:22.732+0000] {logging_mixin.py:188} INFO - [2026-05-26T19:09:22.732+0000] {dagbag.py:540} INFO - Filling up the DagBag from /home/airflow/.local/lib/python3.8/site-packages/airflow/example_dags/example_branch_labels.py
[2026-05-26T19:09:22.739+0000] {processor.py:840} INFO - DAG(s) 'example_branch_labels' retrieved from /home/airflow/.local/lib/python3.8/site-packages/airflow/example_dags/example_branch_labels.py
[2026-05-26T19:09:22.760+0000] {logging_mixin.py:188} INFO - [2026-05-26T19:09:22.759+0000] {dag.py:3047} INFO - Sync 1 DAGs
[2026-05-26T19:09:22.782+0000] {logging_mixin.py:188} INFO - [2026-05-26T19:09:22.782+0000] {dag.py:3834} INFO - Setting next_dagrun for example_branch_labels to 2026-05-25 00:00:00+00:00, run_after=2026-05-26 00:00:00+00:00
[2026-05-26T19:09:22.799+0000] {processor.py:183} INFO - Processing /home/airflow/.local/lib/python3.8/site-packages/airflow/example_dags/example_branch_labels.py took 0.073 seconds
[2026-05-26T19:09:52.975+0000] {processor.py:161} INFO - Started process (PID=6780) to work on /home/airflow/.local/lib/python3.8/site-packages/airflow/example_dags/example_branch_labels.py
[2026-05-26T19:09:52.976+0000] {processor.py:830} INFO - Processing file /home/airflow/.local/lib/python3.8/site-packages/airflow/example_dags/example_branch_labels.py for tasks to queue
[2026-05-26T19:09:52.978+0000] {logging_mixin.py:188} INFO - [2026-05-26T19:09:52.978+0000] {dagbag.py:540} INFO - Filling up the DagBag from /home/airflow/.local/lib/python3.8/site-packages/airflow/example_dags/example_branch_labels.py
[2026-05-26T19:09:52.985+0000] {processor.py:840} INFO - DAG(s) 'example_branch_labels' retrieved from /home/airflow/.local/lib/python3.8/site-packages/airflow/example_dags/example_branch_labels.py
[2026-05-26T19:09:53.006+0000] {logging_mixin.py:188} INFO - [2026-05-26T19:09:53.006+0000] {dag.py:3047} INFO - Sync 1 DAGs
[2026-05-26T19:09:53.027+0000] {logging_mixin.py:188} INFO - [2026-05-26T19:09:53.026+0000] {dag.py:3834} INFO - Setting next_dagrun for example_branch_labels to 2026-05-25 00:00:00+00:00, run_after=2026-05-26 00:00:00+00:00
[2026-05-26T19:09:53.042+0000] {processor.py:183} INFO - Processing /home/airflow/.local/lib/python3.8/site-packages/airflow/example_dags/example_branch_labels.py took 0.070 seconds
[2026-05-26T19:10:23.350+0000] {processor.py:161} INFO - Started process (PID=6835) to work on /home/airflow/.local/lib/python3.8/site-packages/airflow/example_dags/example_branch_labels.py
[2026-05-26T19:10:23.352+0000] {processor.py:830} INFO - Processing file /home/airflow/.local/lib/python3.8/site-packages/airflow/example_dags/example_branch_labels.py for tasks to queue
[2026-05-26T19:10:23.354+0000] {logging_mixin.py:188} INFO - [2026-05-26T19:10:23.354+0000] {dagbag.py:540} INFO - Filling up the DagBag from /home/airflow/.local/lib/python3.8/site-packages/airflow/example_dags/example_branch_labels.py
[2026-05-26T19:10:23.361+0000] {processor.py:840} INFO - DAG(s) 'example_branch_labels' retrieved from /home/airflow/.local/lib/python3.8/site-packages/airflow/example_dags/example_branch_labels.py
[2026-05-26T19:10:23.383+0000] {logging_mixin.py:188} INFO - [2026-05-26T19:10:23.383+0000] {dag.py:3047} INFO - Sync 1 DAGs
[2026-05-26T19:10:23.405+0000] {logging_mixin.py:188} INFO - [2026-05-26T19:10:23.405+0000] {dag.py:3834} INFO - Setting next_dagrun for example_branch_labels to 2026-05-25 00:00:00+00:00, run_after=2026-05-26 00:00:00+00:00
[2026-05-26T19:10:23.427+0000] {processor.py:183} INFO - Processing /home/airflow/.local/lib/python3.8/site-packages/airflow/example_dags/example_branch_labels.py took 0.079 seconds
[2026-05-26T19:10:53.890+0000] {processor.py:161} INFO - Started process (PID=6890) to work on /home/airflow/.local/lib/python3.8/site-packages/airflow/example_dags/example_branch_labels.py
[2026-05-26T19:10:53.892+0000] {processor.py:830} INFO - Processing file /home/airflow/.local/lib/python3.8/site-packages/airflow/example_dags/example_branch_labels.py for tasks to queue
[2026-05-26T19:10:53.894+0000] {logging_mixin.py:188} INFO - [2026-05-26T19:10:53.894+0000] {dagbag.py:540} INFO - Filling up the DagBag from /home/airflow/.local/lib/python3.8/site-packages/airflow/example_dags/example_branch_labels.py
[2026-05-26T19:10:53.903+0000] {processor.py:840} INFO - DAG(s) 'example_branch_labels' retrieved from /home/airflow/.local/lib/python3.8/site-packages/airflow/example_dags/example_branch_labels.py
[2026-05-26T19:10:53.923+0000] {logging_mixin.py:188} INFO - [2026-05-26T19:10:53.923+0000] {dag.py:3047} INFO - Sync 1 DAGs
[2026-05-26T19:10:53.941+0000] {logging_mixin.py:188} INFO - [2026-05-26T19:10:53.941+0000] {dag.py:3834} INFO - Setting next_dagrun for example_branch_labels to 2026-05-25 00:00:00+00:00, run_after=2026-05-26 00:00:00+00:00
[2026-05-26T19:10:53.955+0000] {processor.py:183} INFO - Processing /home/airflow/.local/lib/python3.8/site-packages/airflow/example_dags/example_branch_labels.py took 0.068 seconds
[2026-05-26T19:11:24.401+0000] {processor.py:161} INFO - Started process (PID=6945) to work on /home/airflow/.local/lib/python3.8/site-packages/airflow/example_dags/example_branch_labels.py
[2026-05-26T19:11:24.402+0000] {processor.py:830} INFO - Processing file /home/airflow/.local/lib/python3.8/site-packages/airflow/example_dags/example_branch_labels.py for tasks to queue
[2026-05-26T19:11:24.404+0000] {logging_mixin.py:188} INFO - [2026-05-26T19:11:24.403+0000] {dagbag.py:540} INFO - Filling up the DagBag from /home/airflow/.local/lib/python3.8/site-packages/airflow/example_dags/example_branch_labels.py
[2026-05-26T19:11:24.410+0000] {processor.py:840} INFO - DAG(s) 'example_branch_labels' retrieved from /home/airflow/.local/lib/python3.8/site-packages/airflow/example_dags/example_branch_labels.py
[2026-05-26T19:11:24.427+0000] {logging_mixin.py:188} INFO - [2026-05-26T19:11:24.427+0000] {dag.py:3047} INFO - Sync 1 DAGs
[2026-05-26T19:11:24.444+0000] {logging_mixin.py:188} INFO - [2026-05-26T19:11:24.444+0000] {dag.py:3834} INFO - Setting next_dagrun for example_branch_labels to 2026-05-25 00:00:00+00:00, run_after=2026-05-26 00:00:00+00:00
[2026-05-26T19:11:24.459+0000] {processor.py:183} INFO - Processing /home/airflow/.local/lib/python3.8/site-packages/airflow/example_dags/example_branch_labels.py took 0.061 seconds
[2026-05-26T19:11:54.932+0000] {processor.py:161} INFO - Started process (PID=7000) to work on /home/airflow/.local/lib/python3.8/site-packages/airflow/example_dags/example_branch_labels.py
[2026-05-26T19:11:54.933+0000] {processor.py:830} INFO - Processing file /home/airflow/.local/lib/python3.8/site-packages/airflow/example_dags/example_branch_labels.py for tasks to queue
[2026-05-26T19:11:54.935+0000] {logging_mixin.py:188} INFO - [2026-05-26T19:11:54.935+0000] {dagbag.py:540} INFO - Filling up the DagBag from /home/airflow/.local/lib/python3.8/site-packages/airflow/example_dags/example_branch_labels.py
[2026-05-26T19:11:54.942+0000] {processor.py:840} INFO - DAG(s) 'example_branch_labels' retrieved from /home/airflow/.local/lib/python3.8/site-packages/airflow/example_dags/example_branch_labels.py
[2026-05-26T19:11:54.959+0000] {logging_mixin.py:188} INFO - [2026-05-26T19:11:54.959+0000] {dag.py:3047} INFO - Sync 1 DAGs
[2026-05-26T19:11:54.976+0000] {logging_mixin.py:188} INFO - [2026-05-26T19:11:54.976+0000] {dag.py:3834} INFO - Setting next_dagrun for example_branch_labels to 2026-05-25 00:00:00+00:00, run_after=2026-05-26 00:00:00+00:00
[2026-05-26T19:11:54.994+0000] {processor.py:183} INFO - Processing /home/airflow/.local/lib/python3.8/site-packages/airflow/example_dags/example_branch_labels.py took 0.065 seconds
[2026-05-26T19:12:25.268+0000] {processor.py:161} INFO - Started process (PID=7055) to work on /home/airflow/.local/lib/python3.8/site-packages/airflow/example_dags/example_branch_labels.py
[2026-05-26T19:12:25.270+0000] {processor.py:830} INFO - Processing file /home/airflow/.local/lib/python3.8/site-packages/airflow/example_dags/example_branch_labels.py for tasks to queue
[2026-05-26T19:12:25.272+0000] {logging_mixin.py:188} INFO - [2026-05-26T19:12:25.272+0000] {dagbag.py:540} INFO - Filling up the DagBag from /home/airflow/.local/lib/python3.8/site-packages/airflow/example_dags/example_branch_labels.py
[2026-05-26T19:12:25.279+0000] {processor.py:840} INFO - DAG(s) 'example_branch_labels' retrieved from /home/airflow/.local/lib/python3.8/site-packages/airflow/example_dags/example_branch_labels.py
[2026-05-26T19:12:25.297+0000] {logging_mixin.py:188} INFO - [2026-05-26T19:12:25.297+0000] {dag.py:3047} INFO - Sync 1 DAGs
[2026-05-26T19:12:25.313+0000] {logging_mixin.py:188} INFO - [2026-05-26T19:12:25.313+0000] {dag.py:3834} INFO - Setting next_dagrun for example_branch_labels to 2026-05-25 00:00:00+00:00, run_after=2026-05-26 00:00:00+00:00
[2026-05-26T19:12:25.328+0000] {processor.py:183} INFO - Processing /home/airflow/.local/lib/python3.8/site-packages/airflow/example_dags/example_branch_labels.py took 0.063 seconds
[2026-05-26T19:12:55.622+0000] {processor.py:161} INFO - Started process (PID=7110) to work on /home/airflow/.local/lib/python3.8/site-packages/airflow/example_dags/example_branch_labels.py
[2026-05-26T19:12:55.623+0000] {processor.py:830} INFO - Processing file /home/airflow/.local/lib/python3.8/site-packages/airflow/example_dags/example_branch_labels.py for tasks to queue
[2026-05-26T19:12:55.625+0000] {logging_mixin.py:188} INFO - [2026-05-26T19:12:55.625+0000] {dagbag.py:540} INFO - Filling up the DagBag from /home/airflow/.local/lib/python3.8/site-packages/airflow/example_dags/example_branch_labels.py
[2026-05-26T19:12:55.632+0000] {processor.py:840} INFO - DAG(s) 'example_branch_labels' retrieved from /home/airflow/.local/lib/python3.8/site-packages/airflow/example_dags/example_branch_labels.py
[2026-05-26T19:12:55.649+0000] {logging_mixin.py:188} INFO - [2026-05-26T19:12:55.649+0000] {dag.py:3047} INFO - Sync 1 DAGs
[2026-05-26T19:12:55.666+0000] {logging_mixin.py:188} INFO - [2026-05-26T19:12:55.666+0000] {dag.py:3834} INFO - Setting next_dagrun for example_branch_labels to 2026-05-25 00:00:00+00:00, run_after=2026-05-26 00:00:00+00:00
[2026-05-26T19:12:55.685+0000] {processor.py:183} INFO - Processing /home/airflow/.local/lib/python3.8/site-packages/airflow/example_dags/example_branch_labels.py took 0.066 seconds
[2026-05-26T19:13:26.139+0000] {processor.py:161} INFO - Started process (PID=7165) to work on /home/airflow/.local/lib/python3.8/site-packages/airflow/example_dags/example_branch_labels.py
[2026-05-26T19:13:26.140+0000] {processor.py:830} INFO - Processing file /home/airflow/.local/lib/python3.8/site-packages/airflow/example_dags/example_branch_labels.py for tasks to queue
[2026-05-26T19:13:26.142+0000] {logging_mixin.py:188} INFO - [2026-05-26T19:13:26.142+0000] {dagbag.py:540} INFO - Filling up the DagBag from /home/airflow/.local/lib/python3.8/site-packages/airflow/example_dags/example_branch_labels.py
[2026-05-26T19:13:26.148+0000] {processor.py:840} INFO - DAG(s) 'example_branch_labels' retrieved from /home/airflow/.local/lib/python3.8/site-packages/airflow/example_dags/example_branch_labels.py
[2026-05-26T19:13:26.166+0000] {logging_mixin.py:188} INFO - [2026-05-26T19:13:26.166+0000] {dag.py:3047} INFO - Sync 1 DAGs
[2026-05-26T19:13:26.183+0000] {logging_mixin.py:188} INFO - [2026-05-26T19:13:26.183+0000] {dag.py:3834} INFO - Setting next_dagrun for example_branch_labels to 2026-05-25 00:00:00+00:00, run_after=2026-05-26 00:00:00+00:00
[2026-05-26T19:13:26.199+0000] {processor.py:183} INFO - Processing /home/airflow/.local/lib/python3.8/site-packages/airflow/example_dags/example_branch_labels.py took 0.063 seconds
[2026-05-26T19:13:56.786+0000] {processor.py:161} INFO - Started process (PID=7220) to work on /home/airflow/.local/lib/python3.8/site-packages/airflow/example_dags/example_branch_labels.py
[2026-05-26T19:13:56.787+0000] {processor.py:830} INFO - Processing file /home/airflow/.local/lib/python3.8/site-packages/airflow/example_dags/example_branch_labels.py for tasks to queue
[2026-05-26T19:13:56.789+0000] {logging_mixin.py:188} INFO - [2026-05-26T19:13:56.789+0000] {dagbag.py:540} INFO - Filling up the DagBag from /home/airflow/.local/lib/python3.8/site-packages/airflow/example_dags/example_branch_labels.py
[2026-05-26T19:13:56.796+0000] {processor.py:840} INFO - DAG(s) 'example_branch_labels' retrieved from /home/airflow/.local/lib/python3.8/site-packages/airflow/example_dags/example_branch_labels.py
[2026-05-26T19:13:56.812+0000] {logging_mixin.py:188} INFO - [2026-05-26T19:13:56.811+0000] {dag.py:3047} INFO - Sync 1 DAGs
[2026-05-26T19:13:56.828+0000] {logging_mixin.py:188} INFO - [2026-05-26T19:13:56.827+0000] {dag.py:3834} INFO - Setting next_dagrun for example_branch_labels to 2026-05-25 00:00:00+00:00, run_after=2026-05-26 00:00:00+00:00
[2026-05-26T19:13:56.843+0000] {processor.py:183} INFO - Processing /home/airflow/.local/lib/python3.8/site-packages/airflow/example_dags/example_branch_labels.py took 0.060 seconds
[2026-05-26T19:14:27.394+0000] {processor.py:161} INFO - Started process (PID=7275) to work on /home/airflow/.local/lib/python3.8/site-packages/airflow/example_dags/example_branch_labels.py
[2026-05-26T19:14:27.396+0000] {processor.py:830} INFO - Processing file /home/airflow/.local/lib/python3.8/site-packages/airflow/example_dags/example_branch_labels.py for tasks to queue
[2026-05-26T19:14:27.399+0000] {logging_mixin.py:188} INFO - [2026-05-26T19:14:27.398+0000] {dagbag.py:540} INFO - Filling up the DagBag from /home/airflow/.local/lib/python3.8/site-packages/airflow/example_dags/example_branch_labels.py
[2026-05-26T19:14:27.417+0000] {processor.py:840} INFO - DAG(s) 'example_branch_labels' retrieved from /home/airflow/.local/lib/python3.8/site-packages/airflow/example_dags/example_branch_labels.py
[2026-05-26T19:14:27.464+0000] {logging_mixin.py:188} INFO - [2026-05-26T19:14:27.464+0000] {dag.py:3047} INFO - Sync 1 DAGs
[2026-05-26T19:14:27.504+0000] {logging_mixin.py:188} INFO - [2026-05-26T19:14:27.503+0000] {dag.py:3834} INFO - Setting next_dagrun for example_branch_labels to 2026-05-25 00:00:00+00:00, run_after=2026-05-26 00:00:00+00:00
[2026-05-26T19:14:27.555+0000] {processor.py:183} INFO - Processing /home/airflow/.local/lib/python3.8/site-packages/airflow/example_dags/example_branch_labels.py took 0.166 seconds
[2026-05-26T19:14:57.711+0000] {processor.py:161} INFO - Started process (PID=7330) to work on /home/airflow/.local/lib/python3.8/site-packages/airflow/example_dags/example_branch_labels.py
[2026-05-26T19:14:57.712+0000] {processor.py:830} INFO - Processing file /home/airflow/.local/lib/python3.8/site-packages/airflow/example_dags/example_branch_labels.py for tasks to queue
[2026-05-26T19:14:57.714+0000] {logging_mixin.py:188} INFO - [2026-05-26T19:14:57.713+0000] {dagbag.py:540} INFO - Filling up the DagBag from /home/airflow/.local/lib/python3.8/site-packages/airflow/example_dags/example_branch_labels.py
[2026-05-26T19:14:57.720+0000] {processor.py:840} INFO - DAG(s) 'example_branch_labels' retrieved from /home/airflow/.local/lib/python3.8/site-packages/airflow/example_dags/example_branch_labels.py
[2026-05-26T19:14:57.737+0000] {logging_mixin.py:188} INFO - [2026-05-26T19:14:57.737+0000] {dag.py:3047} INFO - Sync 1 DAGs
[2026-05-26T19:14:57.752+0000] {logging_mixin.py:188} INFO - [2026-05-26T19:14:57.752+0000] {dag.py:3834} INFO - Setting next_dagrun for example_branch_labels to 2026-05-25 00:00:00+00:00, run_after=2026-05-26 00:00:00+00:00
[2026-05-26T19:14:57.771+0000] {processor.py:183} INFO - Processing /home/airflow/.local/lib/python3.8/site-packages/airflow/example_dags/example_branch_labels.py took 0.063 seconds
[2026-05-26T19:15:28.165+0000] {processor.py:161} INFO - Started process (PID=7385) to work on /home/airflow/.local/lib/python3.8/site-packages/airflow/example_dags/example_branch_labels.py
[2026-05-26T19:15:28.166+0000] {processor.py:830} INFO - Processing file /home/airflow/.local/lib/python3.8/site-packages/airflow/example_dags/example_branch_labels.py for tasks to queue
[2026-05-26T19:15:28.168+0000] {logging_mixin.py:188} INFO - [2026-05-26T19:15:28.167+0000] {dagbag.py:540} INFO - Filling up the DagBag from /home/airflow/.local/lib/python3.8/site-packages/airflow/example_dags/example_branch_labels.py
[2026-05-26T19:15:28.174+0000] {processor.py:840} INFO - DAG(s) 'example_branch_labels' retrieved from /home/airflow/.local/lib/python3.8/site-packages/airflow/example_dags/example_branch_labels.py
[2026-05-26T19:15:28.191+0000] {logging_mixin.py:188} INFO - [2026-05-26T19:15:28.191+0000] {dag.py:3047} INFO - Sync 1 DAGs
[2026-05-26T19:15:28.207+0000] {logging_mixin.py:188} INFO - [2026-05-26T19:15:28.207+0000] {dag.py:3834} INFO - Setting next_dagrun for example_branch_labels to 2026-05-25 00:00:00+00:00, run_after=2026-05-26 00:00:00+00:00
[2026-05-26T19:15:28.224+0000] {processor.py:183} INFO - Processing /home/airflow/.local/lib/python3.8/site-packages/airflow/example_dags/example_branch_labels.py took 0.062 seconds
[2026-05-26T19:15:58.347+0000] {processor.py:161} INFO - Started process (PID=7440) to work on /home/airflow/.local/lib/python3.8/site-packages/airflow/example_dags/example_branch_labels.py
[2026-05-26T19:15:58.348+0000] {processor.py:830} INFO - Processing file /home/airflow/.local/lib/python3.8/site-packages/airflow/example_dags/example_branch_labels.py for tasks to queue
[2026-05-26T19:15:58.350+0000] {logging_mixin.py:188} INFO - [2026-05-26T19:15:58.350+0000] {dagbag.py:540} INFO - Filling up the DagBag from /home/airflow/.local/lib/python3.8/site-packages/airflow/example_dags/example_branch_labels.py
[2026-05-26T19:15:58.357+0000] {processor.py:840} INFO - DAG(s) 'example_branch_labels' retrieved from /home/airflow/.local/lib/python3.8/site-packages/airflow/example_dags/example_branch_labels.py
[2026-05-26T19:15:58.378+0000] {logging_mixin.py:188} INFO - [2026-05-26T19:15:58.378+0000] {dag.py:3047} INFO - Sync 1 DAGs
[2026-05-26T19:15:58.396+0000] {logging_mixin.py:188} INFO - [2026-05-26T19:15:58.395+0000] {dag.py:3834} INFO - Setting next_dagrun for example_branch_labels to 2026-05-25 00:00:00+00:00, run_after=2026-05-26 00:00:00+00:00
[2026-05-26T19:15:58.409+0000] {processor.py:183} INFO - Processing /home/airflow/.local/lib/python3.8/site-packages/airflow/example_dags/example_branch_labels.py took 0.066 seconds
[2026-05-26T19:16:28.874+0000] {processor.py:161} INFO - Started process (PID=7495) to work on /home/airflow/.local/lib/python3.8/site-packages/airflow/example_dags/example_branch_labels.py
[2026-05-26T19:16:28.875+0000] {processor.py:830} INFO - Processing file /home/airflow/.local/lib/python3.8/site-packages/airflow/example_dags/example_branch_labels.py for tasks to queue
[2026-05-26T19:16:28.878+0000] {logging_mixin.py:188} INFO - [2026-05-26T19:16:28.878+0000] {dagbag.py:540} INFO - Filling up the DagBag from /home/airflow/.local/lib/python3.8/site-packages/airflow/example_dags/example_branch_labels.py
[2026-05-26T19:16:28.886+0000] {processor.py:840} INFO - DAG(s) 'example_branch_labels' retrieved from /home/airflow/.local/lib/python3.8/site-packages/airflow/example_dags/example_branch_labels.py
[2026-05-26T19:16:28.905+0000] {logging_mixin.py:188} INFO - [2026-05-26T19:16:28.905+0000] {dag.py:3047} INFO - Sync 1 DAGs
[2026-05-26T19:16:28.922+0000] {logging_mixin.py:188} INFO - [2026-05-26T19:16:28.922+0000] {dag.py:3834} INFO - Setting next_dagrun for example_branch_labels to 2026-05-25 00:00:00+00:00, run_after=2026-05-26 00:00:00+00:00
[2026-05-26T19:16:28.939+0000] {processor.py:183} INFO - Processing /home/airflow/.local/lib/python3.8/site-packages/airflow/example_dags/example_branch_labels.py took 0.069 seconds
[2026-05-26T19:16:59.214+0000] {processor.py:161} INFO - Started process (PID=7550) to work on /home/airflow/.local/lib/python3.8/site-packages/airflow/example_dags/example_branch_labels.py
[2026-05-26T19:16:59.215+0000] {processor.py:830} INFO - Processing file /home/airflow/.local/lib/python3.8/site-packages/airflow/example_dags/example_branch_labels.py for tasks to queue
[2026-05-26T19:16:59.217+0000] {logging_mixin.py:188} INFO - [2026-05-26T19:16:59.217+0000] {dagbag.py:540} INFO - Filling up the DagBag from /home/airflow/.local/lib/python3.8/site-packages/airflow/example_dags/example_branch_labels.py
[2026-05-26T19:16:59.224+0000] {processor.py:840} INFO - DAG(s) 'example_branch_labels' retrieved from /home/airflow/.local/lib/python3.8/site-packages/airflow/example_dags/example_branch_labels.py
[2026-05-26T19:16:59.241+0000] {logging_mixin.py:188} INFO - [2026-05-26T19:16:59.241+0000] {dag.py:3047} INFO - Sync 1 DAGs
[2026-05-26T19:16:59.257+0000] {logging_mixin.py:188} INFO - [2026-05-26T19:16:59.256+0000] {dag.py:3834} INFO - Setting next_dagrun for example_branch_labels to 2026-05-25 00:00:00+00:00, run_after=2026-05-26 00:00:00+00:00
[2026-05-26T19:16:59.270+0000] {processor.py:183} INFO - Processing /home/airflow/.local/lib/python3.8/site-packages/airflow/example_dags/example_branch_labels.py took 0.059 seconds
[2026-05-26T19:17:29.596+0000] {processor.py:161} INFO - Started process (PID=7605) to work on /home/airflow/.local/lib/python3.8/site-packages/airflow/example_dags/example_branch_labels.py
[2026-05-26T19:17:29.597+0000] {processor.py:830} INFO - Processing file /home/airflow/.local/lib/python3.8/site-packages/airflow/example_dags/example_branch_labels.py for tasks to queue
[2026-05-26T19:17:29.599+0000] {logging_mixin.py:188} INFO - [2026-05-26T19:17:29.599+0000] {dagbag.py:540} INFO - Filling up the DagBag from /home/airflow/.local/lib/python3.8/site-packages/airflow/example_dags/example_branch_labels.py
[2026-05-26T19:17:29.606+0000] {processor.py:840} INFO - DAG(s) 'example_branch_labels' retrieved from /home/airflow/.local/lib/python3.8/site-packages/airflow/example_dags/example_branch_labels.py
[2026-05-26T19:17:29.623+0000] {logging_mixin.py:188} INFO - [2026-05-26T19:17:29.623+0000] {dag.py:3047} INFO - Sync 1 DAGs
[2026-05-26T19:17:29.641+0000] {logging_mixin.py:188} INFO - [2026-05-26T19:17:29.640+0000] {dag.py:3834} INFO - Setting next_dagrun for example_branch_labels to 2026-05-25 00:00:00+00:00, run_after=2026-05-26 00:00:00+00:00
[2026-05-26T19:17:29.662+0000] {processor.py:183} INFO - Processing /home/airflow/.local/lib/python3.8/site-packages/airflow/example_dags/example_branch_labels.py took 0.069 seconds
