[2026-05-26T18:08:11.165+0000] {processor.py:161} INFO - Started process (PID=98) to work on /home/airflow/.local/lib/python3.8/site-packages/airflow/example_dags/example_branch_python_dop_operator_3.py
[2026-05-26T18:08:11.169+0000] {processor.py:830} INFO - Processing file /home/airflow/.local/lib/python3.8/site-packages/airflow/example_dags/example_branch_python_dop_operator_3.py for tasks to queue
[2026-05-26T18:08:11.175+0000] {logging_mixin.py:188} INFO - [2026-05-26T18:08:11.175+0000] {dagbag.py:540} INFO - Filling up the DagBag from /home/airflow/.local/lib/python3.8/site-packages/airflow/example_dags/example_branch_python_dop_operator_3.py
[2026-05-26T18:08:11.204+0000] {processor.py:840} INFO - DAG(s) 'example_branch_dop_operator_v3' retrieved from /home/airflow/.local/lib/python3.8/site-packages/airflow/example_dags/example_branch_python_dop_operator_3.py
[2026-05-26T18:08:11.307+0000] {logging_mixin.py:188} INFO - [2026-05-26T18:08:11.306+0000] {dag.py:3047} INFO - Sync 1 DAGs
[2026-05-26T18:08:11.360+0000] {logging_mixin.py:188} INFO - [2026-05-26T18:08:11.360+0000] {dag.py:3834} INFO - Setting next_dagrun for example_branch_dop_operator_v3 to 2026-05-26 18:07:00+00:00, run_after=2026-05-26 18:08:00+00:00
[2026-05-26T18:08:11.404+0000] {processor.py:183} INFO - Processing /home/airflow/.local/lib/python3.8/site-packages/airflow/example_dags/example_branch_python_dop_operator_3.py took 0.245 seconds
[2026-05-26T18:08:42.033+0000] {processor.py:161} INFO - Started process (PID=153) to work on /home/airflow/.local/lib/python3.8/site-packages/airflow/example_dags/example_branch_python_dop_operator_3.py
[2026-05-26T18:08:42.035+0000] {processor.py:830} INFO - Processing file /home/airflow/.local/lib/python3.8/site-packages/airflow/example_dags/example_branch_python_dop_operator_3.py for tasks to queue
[2026-05-26T18:08:42.037+0000] {logging_mixin.py:188} INFO - [2026-05-26T18:08:42.037+0000] {dagbag.py:540} INFO - Filling up the DagBag from /home/airflow/.local/lib/python3.8/site-packages/airflow/example_dags/example_branch_python_dop_operator_3.py
[2026-05-26T18:08:42.046+0000] {processor.py:840} INFO - DAG(s) 'example_branch_dop_operator_v3' retrieved from /home/airflow/.local/lib/python3.8/site-packages/airflow/example_dags/example_branch_python_dop_operator_3.py
[2026-05-26T18:08:42.064+0000] {logging_mixin.py:188} INFO - [2026-05-26T18:08:42.064+0000] {dag.py:3047} INFO - Sync 1 DAGs
[2026-05-26T18:08:42.084+0000] {logging_mixin.py:188} INFO - [2026-05-26T18:08:42.084+0000] {dag.py:3834} INFO - Setting next_dagrun for example_branch_dop_operator_v3 to 2026-05-26 18:07:00+00:00, run_after=2026-05-26 18:08:00+00:00
[2026-05-26T18:08:42.100+0000] {processor.py:183} INFO - Processing /home/airflow/.local/lib/python3.8/site-packages/airflow/example_dags/example_branch_python_dop_operator_3.py took 0.070 seconds
[2026-05-26T18:09:13.080+0000] {processor.py:161} INFO - Started process (PID=208) to work on /home/airflow/.local/lib/python3.8/site-packages/airflow/example_dags/example_branch_python_dop_operator_3.py
[2026-05-26T18:09:13.082+0000] {processor.py:830} INFO - Processing file /home/airflow/.local/lib/python3.8/site-packages/airflow/example_dags/example_branch_python_dop_operator_3.py for tasks to queue
[2026-05-26T18:09:13.088+0000] {logging_mixin.py:188} INFO - [2026-05-26T18:09:13.087+0000] {dagbag.py:540} INFO - Filling up the DagBag from /home/airflow/.local/lib/python3.8/site-packages/airflow/example_dags/example_branch_python_dop_operator_3.py
[2026-05-26T18:09:13.099+0000] {processor.py:840} INFO - DAG(s) 'example_branch_dop_operator_v3' retrieved from /home/airflow/.local/lib/python3.8/site-packages/airflow/example_dags/example_branch_python_dop_operator_3.py
[2026-05-26T18:09:13.129+0000] {logging_mixin.py:188} INFO - [2026-05-26T18:09:13.129+0000] {dag.py:3047} INFO - Sync 1 DAGs
[2026-05-26T18:09:13.164+0000] {logging_mixin.py:188} INFO - [2026-05-26T18:09:13.164+0000] {dag.py:3834} INFO - Setting next_dagrun for example_branch_dop_operator_v3 to 2026-05-26 18:08:00+00:00, run_after=2026-05-26 18:09:00+00:00
[2026-05-26T18:09:13.188+0000] {processor.py:183} INFO - Processing /home/airflow/.local/lib/python3.8/site-packages/airflow/example_dags/example_branch_python_dop_operator_3.py took 0.115 seconds
[2026-05-26T18:09:44.230+0000] {processor.py:161} INFO - Started process (PID=263) to work on /home/airflow/.local/lib/python3.8/site-packages/airflow/example_dags/example_branch_python_dop_operator_3.py
[2026-05-26T18:09:44.233+0000] {processor.py:830} INFO - Processing file /home/airflow/.local/lib/python3.8/site-packages/airflow/example_dags/example_branch_python_dop_operator_3.py for tasks to queue
[2026-05-26T18:09:44.237+0000] {logging_mixin.py:188} INFO - [2026-05-26T18:09:44.237+0000] {dagbag.py:540} INFO - Filling up the DagBag from /home/airflow/.local/lib/python3.8/site-packages/airflow/example_dags/example_branch_python_dop_operator_3.py
[2026-05-26T18:09:44.254+0000] {processor.py:840} INFO - DAG(s) 'example_branch_dop_operator_v3' retrieved from /home/airflow/.local/lib/python3.8/site-packages/airflow/example_dags/example_branch_python_dop_operator_3.py
[2026-05-26T18:09:44.289+0000] {logging_mixin.py:188} INFO - [2026-05-26T18:09:44.289+0000] {dag.py:3047} INFO - Sync 1 DAGs
[2026-05-26T18:09:44.325+0000] {logging_mixin.py:188} INFO - [2026-05-26T18:09:44.324+0000] {dag.py:3834} INFO - Setting next_dagrun for example_branch_dop_operator_v3 to 2026-05-26 18:08:00+00:00, run_after=2026-05-26 18:09:00+00:00
[2026-05-26T18:09:44.360+0000] {processor.py:183} INFO - Processing /home/airflow/.local/lib/python3.8/site-packages/airflow/example_dags/example_branch_python_dop_operator_3.py took 0.135 seconds
[2026-05-26T18:10:14.835+0000] {processor.py:161} INFO - Started process (PID=318) to work on /home/airflow/.local/lib/python3.8/site-packages/airflow/example_dags/example_branch_python_dop_operator_3.py
[2026-05-26T18:10:14.836+0000] {processor.py:830} INFO - Processing file /home/airflow/.local/lib/python3.8/site-packages/airflow/example_dags/example_branch_python_dop_operator_3.py for tasks to queue
[2026-05-26T18:10:14.838+0000] {logging_mixin.py:188} INFO - [2026-05-26T18:10:14.838+0000] {dagbag.py:540} INFO - Filling up the DagBag from /home/airflow/.local/lib/python3.8/site-packages/airflow/example_dags/example_branch_python_dop_operator_3.py
[2026-05-26T18:10:14.849+0000] {processor.py:840} INFO - DAG(s) 'example_branch_dop_operator_v3' retrieved from /home/airflow/.local/lib/python3.8/site-packages/airflow/example_dags/example_branch_python_dop_operator_3.py
[2026-05-26T18:10:14.872+0000] {logging_mixin.py:188} INFO - [2026-05-26T18:10:14.872+0000] {dag.py:3047} INFO - Sync 1 DAGs
[2026-05-26T18:10:14.904+0000] {logging_mixin.py:188} INFO - [2026-05-26T18:10:14.904+0000] {dag.py:3834} INFO - Setting next_dagrun for example_branch_dop_operator_v3 to 2026-05-26 18:09:00+00:00, run_after=2026-05-26 18:10:00+00:00
[2026-05-26T18:10:14.925+0000] {processor.py:183} INFO - Processing /home/airflow/.local/lib/python3.8/site-packages/airflow/example_dags/example_branch_python_dop_operator_3.py took 0.097 seconds
[2026-05-26T18:10:45.603+0000] {processor.py:161} INFO - Started process (PID=373) to work on /home/airflow/.local/lib/python3.8/site-packages/airflow/example_dags/example_branch_python_dop_operator_3.py
[2026-05-26T18:10:45.604+0000] {processor.py:830} INFO - Processing file /home/airflow/.local/lib/python3.8/site-packages/airflow/example_dags/example_branch_python_dop_operator_3.py for tasks to queue
[2026-05-26T18:10:45.606+0000] {logging_mixin.py:188} INFO - [2026-05-26T18:10:45.606+0000] {dagbag.py:540} INFO - Filling up the DagBag from /home/airflow/.local/lib/python3.8/site-packages/airflow/example_dags/example_branch_python_dop_operator_3.py
[2026-05-26T18:10:45.614+0000] {processor.py:840} INFO - DAG(s) 'example_branch_dop_operator_v3' retrieved from /home/airflow/.local/lib/python3.8/site-packages/airflow/example_dags/example_branch_python_dop_operator_3.py
[2026-05-26T18:10:45.633+0000] {logging_mixin.py:188} INFO - [2026-05-26T18:10:45.632+0000] {dag.py:3047} INFO - Sync 1 DAGs
[2026-05-26T18:10:45.655+0000] {logging_mixin.py:188} INFO - [2026-05-26T18:10:45.655+0000] {dag.py:3834} INFO - Setting next_dagrun for example_branch_dop_operator_v3 to 2026-05-26 18:09:00+00:00, run_after=2026-05-26 18:10:00+00:00
[2026-05-26T18:10:45.676+0000] {processor.py:183} INFO - Processing /home/airflow/.local/lib/python3.8/site-packages/airflow/example_dags/example_branch_python_dop_operator_3.py took 0.076 seconds
[2026-05-26T18:11:15.836+0000] {processor.py:161} INFO - Started process (PID=428) to work on /home/airflow/.local/lib/python3.8/site-packages/airflow/example_dags/example_branch_python_dop_operator_3.py
[2026-05-26T18:11:15.838+0000] {processor.py:830} INFO - Processing file /home/airflow/.local/lib/python3.8/site-packages/airflow/example_dags/example_branch_python_dop_operator_3.py for tasks to queue
[2026-05-26T18:11:15.839+0000] {logging_mixin.py:188} INFO - [2026-05-26T18:11:15.839+0000] {dagbag.py:540} INFO - Filling up the DagBag from /home/airflow/.local/lib/python3.8/site-packages/airflow/example_dags/example_branch_python_dop_operator_3.py
[2026-05-26T18:11:15.847+0000] {processor.py:840} INFO - DAG(s) 'example_branch_dop_operator_v3' retrieved from /home/airflow/.local/lib/python3.8/site-packages/airflow/example_dags/example_branch_python_dop_operator_3.py
[2026-05-26T18:11:15.864+0000] {logging_mixin.py:188} INFO - [2026-05-26T18:11:15.864+0000] {dag.py:3047} INFO - Sync 1 DAGs
[2026-05-26T18:11:15.883+0000] {logging_mixin.py:188} INFO - [2026-05-26T18:11:15.883+0000] {dag.py:3834} INFO - Setting next_dagrun for example_branch_dop_operator_v3 to 2026-05-26 18:10:00+00:00, run_after=2026-05-26 18:11:00+00:00
[2026-05-26T18:11:15.902+0000] {processor.py:183} INFO - Processing /home/airflow/.local/lib/python3.8/site-packages/airflow/example_dags/example_branch_python_dop_operator_3.py took 0.069 seconds
[2026-05-26T18:11:46.539+0000] {processor.py:161} INFO - Started process (PID=483) to work on /home/airflow/.local/lib/python3.8/site-packages/airflow/example_dags/example_branch_python_dop_operator_3.py
[2026-05-26T18:11:46.540+0000] {processor.py:830} INFO - Processing file /home/airflow/.local/lib/python3.8/site-packages/airflow/example_dags/example_branch_python_dop_operator_3.py for tasks to queue
[2026-05-26T18:11:46.542+0000] {logging_mixin.py:188} INFO - [2026-05-26T18:11:46.542+0000] {dagbag.py:540} INFO - Filling up the DagBag from /home/airflow/.local/lib/python3.8/site-packages/airflow/example_dags/example_branch_python_dop_operator_3.py
[2026-05-26T18:11:46.549+0000] {processor.py:840} INFO - DAG(s) 'example_branch_dop_operator_v3' retrieved from /home/airflow/.local/lib/python3.8/site-packages/airflow/example_dags/example_branch_python_dop_operator_3.py
[2026-05-26T18:11:46.566+0000] {logging_mixin.py:188} INFO - [2026-05-26T18:11:46.565+0000] {dag.py:3047} INFO - Sync 1 DAGs
[2026-05-26T18:11:46.587+0000] {logging_mixin.py:188} INFO - [2026-05-26T18:11:46.586+0000] {dag.py:3834} INFO - Setting next_dagrun for example_branch_dop_operator_v3 to 2026-05-26 18:10:00+00:00, run_after=2026-05-26 18:11:00+00:00
[2026-05-26T18:11:46.611+0000] {processor.py:183} INFO - Processing /home/airflow/.local/lib/python3.8/site-packages/airflow/example_dags/example_branch_python_dop_operator_3.py took 0.075 seconds
[2026-05-26T18:12:16.919+0000] {processor.py:161} INFO - Started process (PID=538) to work on /home/airflow/.local/lib/python3.8/site-packages/airflow/example_dags/example_branch_python_dop_operator_3.py
[2026-05-26T18:12:16.921+0000] {processor.py:830} INFO - Processing file /home/airflow/.local/lib/python3.8/site-packages/airflow/example_dags/example_branch_python_dop_operator_3.py for tasks to queue
[2026-05-26T18:12:16.922+0000] {logging_mixin.py:188} INFO - [2026-05-26T18:12:16.922+0000] {dagbag.py:540} INFO - Filling up the DagBag from /home/airflow/.local/lib/python3.8/site-packages/airflow/example_dags/example_branch_python_dop_operator_3.py
[2026-05-26T18:12:16.930+0000] {processor.py:840} INFO - DAG(s) 'example_branch_dop_operator_v3' retrieved from /home/airflow/.local/lib/python3.8/site-packages/airflow/example_dags/example_branch_python_dop_operator_3.py
[2026-05-26T18:12:16.948+0000] {logging_mixin.py:188} INFO - [2026-05-26T18:12:16.948+0000] {dag.py:3047} INFO - Sync 1 DAGs
[2026-05-26T18:12:16.972+0000] {logging_mixin.py:188} INFO - [2026-05-26T18:12:16.971+0000] {dag.py:3834} INFO - Setting next_dagrun for example_branch_dop_operator_v3 to 2026-05-26 18:11:00+00:00, run_after=2026-05-26 18:12:00+00:00
[2026-05-26T18:12:16.993+0000] {processor.py:183} INFO - Processing /home/airflow/.local/lib/python3.8/site-packages/airflow/example_dags/example_branch_python_dop_operator_3.py took 0.076 seconds
[2026-05-26T18:12:47.100+0000] {processor.py:161} INFO - Started process (PID=593) to work on /home/airflow/.local/lib/python3.8/site-packages/airflow/example_dags/example_branch_python_dop_operator_3.py
[2026-05-26T18:12:47.102+0000] {processor.py:830} INFO - Processing file /home/airflow/.local/lib/python3.8/site-packages/airflow/example_dags/example_branch_python_dop_operator_3.py for tasks to queue
[2026-05-26T18:12:47.105+0000] {logging_mixin.py:188} INFO - [2026-05-26T18:12:47.104+0000] {dagbag.py:540} INFO - Filling up the DagBag from /home/airflow/.local/lib/python3.8/site-packages/airflow/example_dags/example_branch_python_dop_operator_3.py
[2026-05-26T18:12:47.116+0000] {processor.py:840} INFO - DAG(s) 'example_branch_dop_operator_v3' retrieved from /home/airflow/.local/lib/python3.8/site-packages/airflow/example_dags/example_branch_python_dop_operator_3.py
[2026-05-26T18:12:47.148+0000] {logging_mixin.py:188} INFO - [2026-05-26T18:12:47.148+0000] {dag.py:3047} INFO - Sync 1 DAGs
[2026-05-26T18:12:47.181+0000] {logging_mixin.py:188} INFO - [2026-05-26T18:12:47.181+0000] {dag.py:3834} INFO - Setting next_dagrun for example_branch_dop_operator_v3 to 2026-05-26 18:11:00+00:00, run_after=2026-05-26 18:12:00+00:00
[2026-05-26T18:12:47.217+0000] {processor.py:183} INFO - Processing /home/airflow/.local/lib/python3.8/site-packages/airflow/example_dags/example_branch_python_dop_operator_3.py took 0.121 seconds
[2026-05-26T18:13:17.684+0000] {processor.py:161} INFO - Started process (PID=649) to work on /home/airflow/.local/lib/python3.8/site-packages/airflow/example_dags/example_branch_python_dop_operator_3.py
[2026-05-26T18:13:17.687+0000] {processor.py:830} INFO - Processing file /home/airflow/.local/lib/python3.8/site-packages/airflow/example_dags/example_branch_python_dop_operator_3.py for tasks to queue
[2026-05-26T18:13:17.693+0000] {logging_mixin.py:188} INFO - [2026-05-26T18:13:17.692+0000] {dagbag.py:540} INFO - Filling up the DagBag from /home/airflow/.local/lib/python3.8/site-packages/airflow/example_dags/example_branch_python_dop_operator_3.py
[2026-05-26T18:13:17.719+0000] {processor.py:840} INFO - DAG(s) 'example_branch_dop_operator_v3' retrieved from /home/airflow/.local/lib/python3.8/site-packages/airflow/example_dags/example_branch_python_dop_operator_3.py
[2026-05-26T18:13:17.771+0000] {logging_mixin.py:188} INFO - [2026-05-26T18:13:17.770+0000] {dag.py:3047} INFO - Sync 1 DAGs
[2026-05-26T18:13:17.829+0000] {logging_mixin.py:188} INFO - [2026-05-26T18:13:17.828+0000] {dag.py:3834} INFO - Setting next_dagrun for example_branch_dop_operator_v3 to 2026-05-26 18:12:00+00:00, run_after=2026-05-26 18:13:00+00:00
[2026-05-26T18:13:17.863+0000] {processor.py:183} INFO - Processing /home/airflow/.local/lib/python3.8/site-packages/airflow/example_dags/example_branch_python_dop_operator_3.py took 0.184 seconds
[2026-05-26T18:13:48.889+0000] {processor.py:161} INFO - Started process (PID=704) to work on /home/airflow/.local/lib/python3.8/site-packages/airflow/example_dags/example_branch_python_dop_operator_3.py
[2026-05-26T18:13:48.891+0000] {processor.py:830} INFO - Processing file /home/airflow/.local/lib/python3.8/site-packages/airflow/example_dags/example_branch_python_dop_operator_3.py for tasks to queue
[2026-05-26T18:13:48.893+0000] {logging_mixin.py:188} INFO - [2026-05-26T18:13:48.892+0000] {dagbag.py:540} INFO - Filling up the DagBag from /home/airflow/.local/lib/python3.8/site-packages/airflow/example_dags/example_branch_python_dop_operator_3.py
[2026-05-26T18:13:48.900+0000] {processor.py:840} INFO - DAG(s) 'example_branch_dop_operator_v3' retrieved from /home/airflow/.local/lib/python3.8/site-packages/airflow/example_dags/example_branch_python_dop_operator_3.py
[2026-05-26T18:13:48.924+0000] {logging_mixin.py:188} INFO - [2026-05-26T18:13:48.924+0000] {dag.py:3047} INFO - Sync 1 DAGs
[2026-05-26T18:13:48.955+0000] {logging_mixin.py:188} INFO - [2026-05-26T18:13:48.954+0000] {dag.py:3834} INFO - Setting next_dagrun for example_branch_dop_operator_v3 to 2026-05-26 18:12:00+00:00, run_after=2026-05-26 18:13:00+00:00
[2026-05-26T18:13:48.981+0000] {processor.py:183} INFO - Processing /home/airflow/.local/lib/python3.8/site-packages/airflow/example_dags/example_branch_python_dop_operator_3.py took 0.097 seconds
[2026-05-26T18:14:19.586+0000] {processor.py:161} INFO - Started process (PID=760) to work on /home/airflow/.local/lib/python3.8/site-packages/airflow/example_dags/example_branch_python_dop_operator_3.py
[2026-05-26T18:14:19.588+0000] {processor.py:830} INFO - Processing file /home/airflow/.local/lib/python3.8/site-packages/airflow/example_dags/example_branch_python_dop_operator_3.py for tasks to queue
[2026-05-26T18:14:19.589+0000] {logging_mixin.py:188} INFO - [2026-05-26T18:14:19.589+0000] {dagbag.py:540} INFO - Filling up the DagBag from /home/airflow/.local/lib/python3.8/site-packages/airflow/example_dags/example_branch_python_dop_operator_3.py
[2026-05-26T18:14:19.597+0000] {processor.py:840} INFO - DAG(s) 'example_branch_dop_operator_v3' retrieved from /home/airflow/.local/lib/python3.8/site-packages/airflow/example_dags/example_branch_python_dop_operator_3.py
[2026-05-26T18:14:19.622+0000] {logging_mixin.py:188} INFO - [2026-05-26T18:14:19.622+0000] {dag.py:3047} INFO - Sync 1 DAGs
[2026-05-26T18:14:19.650+0000] {logging_mixin.py:188} INFO - [2026-05-26T18:14:19.650+0000] {dag.py:3834} INFO - Setting next_dagrun for example_branch_dop_operator_v3 to 2026-05-26 18:13:00+00:00, run_after=2026-05-26 18:14:00+00:00
[2026-05-26T18:14:19.673+0000] {processor.py:183} INFO - Processing /home/airflow/.local/lib/python3.8/site-packages/airflow/example_dags/example_branch_python_dop_operator_3.py took 0.090 seconds
[2026-05-26T18:14:49.951+0000] {processor.py:161} INFO - Started process (PID=815) to work on /home/airflow/.local/lib/python3.8/site-packages/airflow/example_dags/example_branch_python_dop_operator_3.py
[2026-05-26T18:14:49.952+0000] {processor.py:830} INFO - Processing file /home/airflow/.local/lib/python3.8/site-packages/airflow/example_dags/example_branch_python_dop_operator_3.py for tasks to queue
[2026-05-26T18:14:49.954+0000] {logging_mixin.py:188} INFO - [2026-05-26T18:14:49.953+0000] {dagbag.py:540} INFO - Filling up the DagBag from /home/airflow/.local/lib/python3.8/site-packages/airflow/example_dags/example_branch_python_dop_operator_3.py
[2026-05-26T18:14:49.960+0000] {processor.py:840} INFO - DAG(s) 'example_branch_dop_operator_v3' retrieved from /home/airflow/.local/lib/python3.8/site-packages/airflow/example_dags/example_branch_python_dop_operator_3.py
[2026-05-26T18:14:49.978+0000] {logging_mixin.py:188} INFO - [2026-05-26T18:14:49.978+0000] {dag.py:3047} INFO - Sync 1 DAGs
[2026-05-26T18:14:50.000+0000] {logging_mixin.py:188} INFO - [2026-05-26T18:14:50.000+0000] {dag.py:3834} INFO - Setting next_dagrun for example_branch_dop_operator_v3 to 2026-05-26 18:13:00+00:00, run_after=2026-05-26 18:14:00+00:00
[2026-05-26T18:14:50.016+0000] {processor.py:183} INFO - Processing /home/airflow/.local/lib/python3.8/site-packages/airflow/example_dags/example_branch_python_dop_operator_3.py took 0.068 seconds
[2026-05-26T18:15:20.601+0000] {processor.py:161} INFO - Started process (PID=870) to work on /home/airflow/.local/lib/python3.8/site-packages/airflow/example_dags/example_branch_python_dop_operator_3.py
[2026-05-26T18:15:20.603+0000] {processor.py:830} INFO - Processing file /home/airflow/.local/lib/python3.8/site-packages/airflow/example_dags/example_branch_python_dop_operator_3.py for tasks to queue
[2026-05-26T18:15:20.607+0000] {logging_mixin.py:188} INFO - [2026-05-26T18:15:20.606+0000] {dagbag.py:540} INFO - Filling up the DagBag from /home/airflow/.local/lib/python3.8/site-packages/airflow/example_dags/example_branch_python_dop_operator_3.py
[2026-05-26T18:15:20.616+0000] {processor.py:840} INFO - DAG(s) 'example_branch_dop_operator_v3' retrieved from /home/airflow/.local/lib/python3.8/site-packages/airflow/example_dags/example_branch_python_dop_operator_3.py
[2026-05-26T18:15:20.643+0000] {logging_mixin.py:188} INFO - [2026-05-26T18:15:20.642+0000] {dag.py:3047} INFO - Sync 1 DAGs
[2026-05-26T18:15:20.680+0000] {logging_mixin.py:188} INFO - [2026-05-26T18:15:20.680+0000] {dag.py:3834} INFO - Setting next_dagrun for example_branch_dop_operator_v3 to 2026-05-26 18:14:00+00:00, run_after=2026-05-26 18:15:00+00:00
[2026-05-26T18:15:20.703+0000] {processor.py:183} INFO - Processing /home/airflow/.local/lib/python3.8/site-packages/airflow/example_dags/example_branch_python_dop_operator_3.py took 0.106 seconds
[2026-05-26T18:15:51.209+0000] {processor.py:161} INFO - Started process (PID=925) to work on /home/airflow/.local/lib/python3.8/site-packages/airflow/example_dags/example_branch_python_dop_operator_3.py
[2026-05-26T18:15:51.211+0000] {processor.py:830} INFO - Processing file /home/airflow/.local/lib/python3.8/site-packages/airflow/example_dags/example_branch_python_dop_operator_3.py for tasks to queue
[2026-05-26T18:15:51.213+0000] {logging_mixin.py:188} INFO - [2026-05-26T18:15:51.212+0000] {dagbag.py:540} INFO - Filling up the DagBag from /home/airflow/.local/lib/python3.8/site-packages/airflow/example_dags/example_branch_python_dop_operator_3.py
[2026-05-26T18:15:51.221+0000] {processor.py:840} INFO - DAG(s) 'example_branch_dop_operator_v3' retrieved from /home/airflow/.local/lib/python3.8/site-packages/airflow/example_dags/example_branch_python_dop_operator_3.py
[2026-05-26T18:15:51.239+0000] {logging_mixin.py:188} INFO - [2026-05-26T18:15:51.239+0000] {dag.py:3047} INFO - Sync 1 DAGs
[2026-05-26T18:15:51.260+0000] {logging_mixin.py:188} INFO - [2026-05-26T18:15:51.260+0000] {dag.py:3834} INFO - Setting next_dagrun for example_branch_dop_operator_v3 to 2026-05-26 18:14:00+00:00, run_after=2026-05-26 18:15:00+00:00
[2026-05-26T18:15:51.276+0000] {processor.py:183} INFO - Processing /home/airflow/.local/lib/python3.8/site-packages/airflow/example_dags/example_branch_python_dop_operator_3.py took 0.069 seconds
[2026-05-26T18:16:21.446+0000] {processor.py:161} INFO - Started process (PID=980) to work on /home/airflow/.local/lib/python3.8/site-packages/airflow/example_dags/example_branch_python_dop_operator_3.py
[2026-05-26T18:16:21.447+0000] {processor.py:830} INFO - Processing file /home/airflow/.local/lib/python3.8/site-packages/airflow/example_dags/example_branch_python_dop_operator_3.py for tasks to queue
[2026-05-26T18:16:21.450+0000] {logging_mixin.py:188} INFO - [2026-05-26T18:16:21.449+0000] {dagbag.py:540} INFO - Filling up the DagBag from /home/airflow/.local/lib/python3.8/site-packages/airflow/example_dags/example_branch_python_dop_operator_3.py
[2026-05-26T18:16:21.460+0000] {processor.py:840} INFO - DAG(s) 'example_branch_dop_operator_v3' retrieved from /home/airflow/.local/lib/python3.8/site-packages/airflow/example_dags/example_branch_python_dop_operator_3.py
[2026-05-26T18:16:21.481+0000] {logging_mixin.py:188} INFO - [2026-05-26T18:16:21.481+0000] {dag.py:3047} INFO - Sync 1 DAGs
[2026-05-26T18:16:21.504+0000] {logging_mixin.py:188} INFO - [2026-05-26T18:16:21.503+0000] {dag.py:3834} INFO - Setting next_dagrun for example_branch_dop_operator_v3 to 2026-05-26 18:15:00+00:00, run_after=2026-05-26 18:16:00+00:00
[2026-05-26T18:16:21.523+0000] {processor.py:183} INFO - Processing /home/airflow/.local/lib/python3.8/site-packages/airflow/example_dags/example_branch_python_dop_operator_3.py took 0.080 seconds
[2026-05-26T18:16:51.683+0000] {processor.py:161} INFO - Started process (PID=1035) to work on /home/airflow/.local/lib/python3.8/site-packages/airflow/example_dags/example_branch_python_dop_operator_3.py
[2026-05-26T18:16:51.685+0000] {processor.py:830} INFO - Processing file /home/airflow/.local/lib/python3.8/site-packages/airflow/example_dags/example_branch_python_dop_operator_3.py for tasks to queue
[2026-05-26T18:16:51.687+0000] {logging_mixin.py:188} INFO - [2026-05-26T18:16:51.687+0000] {dagbag.py:540} INFO - Filling up the DagBag from /home/airflow/.local/lib/python3.8/site-packages/airflow/example_dags/example_branch_python_dop_operator_3.py
[2026-05-26T18:16:51.694+0000] {processor.py:840} INFO - DAG(s) 'example_branch_dop_operator_v3' retrieved from /home/airflow/.local/lib/python3.8/site-packages/airflow/example_dags/example_branch_python_dop_operator_3.py
[2026-05-26T18:16:51.715+0000] {logging_mixin.py:188} INFO - [2026-05-26T18:16:51.714+0000] {dag.py:3047} INFO - Sync 1 DAGs
[2026-05-26T18:16:51.742+0000] {logging_mixin.py:188} INFO - [2026-05-26T18:16:51.742+0000] {dag.py:3834} INFO - Setting next_dagrun for example_branch_dop_operator_v3 to 2026-05-26 18:15:00+00:00, run_after=2026-05-26 18:16:00+00:00
[2026-05-26T18:16:51.759+0000] {processor.py:183} INFO - Processing /home/airflow/.local/lib/python3.8/site-packages/airflow/example_dags/example_branch_python_dop_operator_3.py took 0.079 seconds
[2026-05-26T18:17:22.285+0000] {processor.py:161} INFO - Started process (PID=1090) to work on /home/airflow/.local/lib/python3.8/site-packages/airflow/example_dags/example_branch_python_dop_operator_3.py
[2026-05-26T18:17:22.286+0000] {processor.py:830} INFO - Processing file /home/airflow/.local/lib/python3.8/site-packages/airflow/example_dags/example_branch_python_dop_operator_3.py for tasks to queue
[2026-05-26T18:17:22.289+0000] {logging_mixin.py:188} INFO - [2026-05-26T18:17:22.289+0000] {dagbag.py:540} INFO - Filling up the DagBag from /home/airflow/.local/lib/python3.8/site-packages/airflow/example_dags/example_branch_python_dop_operator_3.py
[2026-05-26T18:17:22.297+0000] {processor.py:840} INFO - DAG(s) 'example_branch_dop_operator_v3' retrieved from /home/airflow/.local/lib/python3.8/site-packages/airflow/example_dags/example_branch_python_dop_operator_3.py
[2026-05-26T18:17:22.314+0000] {logging_mixin.py:188} INFO - [2026-05-26T18:17:22.314+0000] {dag.py:3047} INFO - Sync 1 DAGs
[2026-05-26T18:17:22.335+0000] {logging_mixin.py:188} INFO - [2026-05-26T18:17:22.335+0000] {dag.py:3834} INFO - Setting next_dagrun for example_branch_dop_operator_v3 to 2026-05-26 18:16:00+00:00, run_after=2026-05-26 18:17:00+00:00
[2026-05-26T18:17:22.352+0000] {processor.py:183} INFO - Processing /home/airflow/.local/lib/python3.8/site-packages/airflow/example_dags/example_branch_python_dop_operator_3.py took 0.071 seconds
[2026-05-26T18:17:53.379+0000] {processor.py:161} INFO - Started process (PID=1145) to work on /home/airflow/.local/lib/python3.8/site-packages/airflow/example_dags/example_branch_python_dop_operator_3.py
[2026-05-26T18:17:53.380+0000] {processor.py:830} INFO - Processing file /home/airflow/.local/lib/python3.8/site-packages/airflow/example_dags/example_branch_python_dop_operator_3.py for tasks to queue
[2026-05-26T18:17:53.382+0000] {logging_mixin.py:188} INFO - [2026-05-26T18:17:53.382+0000] {dagbag.py:540} INFO - Filling up the DagBag from /home/airflow/.local/lib/python3.8/site-packages/airflow/example_dags/example_branch_python_dop_operator_3.py
[2026-05-26T18:17:53.392+0000] {processor.py:840} INFO - DAG(s) 'example_branch_dop_operator_v3' retrieved from /home/airflow/.local/lib/python3.8/site-packages/airflow/example_dags/example_branch_python_dop_operator_3.py
[2026-05-26T18:17:53.413+0000] {logging_mixin.py:188} INFO - [2026-05-26T18:17:53.413+0000] {dag.py:3047} INFO - Sync 1 DAGs
[2026-05-26T18:17:53.440+0000] {logging_mixin.py:188} INFO - [2026-05-26T18:17:53.440+0000] {dag.py:3834} INFO - Setting next_dagrun for example_branch_dop_operator_v3 to 2026-05-26 18:16:00+00:00, run_after=2026-05-26 18:17:00+00:00
[2026-05-26T18:17:53.464+0000] {processor.py:183} INFO - Processing /home/airflow/.local/lib/python3.8/site-packages/airflow/example_dags/example_branch_python_dop_operator_3.py took 0.088 seconds
[2026-05-26T18:18:23.881+0000] {processor.py:161} INFO - Started process (PID=1200) to work on /home/airflow/.local/lib/python3.8/site-packages/airflow/example_dags/example_branch_python_dop_operator_3.py
[2026-05-26T18:18:23.883+0000] {processor.py:830} INFO - Processing file /home/airflow/.local/lib/python3.8/site-packages/airflow/example_dags/example_branch_python_dop_operator_3.py for tasks to queue
[2026-05-26T18:18:23.885+0000] {logging_mixin.py:188} INFO - [2026-05-26T18:18:23.884+0000] {dagbag.py:540} INFO - Filling up the DagBag from /home/airflow/.local/lib/python3.8/site-packages/airflow/example_dags/example_branch_python_dop_operator_3.py
[2026-05-26T18:18:23.891+0000] {processor.py:840} INFO - DAG(s) 'example_branch_dop_operator_v3' retrieved from /home/airflow/.local/lib/python3.8/site-packages/airflow/example_dags/example_branch_python_dop_operator_3.py
[2026-05-26T18:18:23.912+0000] {logging_mixin.py:188} INFO - [2026-05-26T18:18:23.911+0000] {dag.py:3047} INFO - Sync 1 DAGs
[2026-05-26T18:18:23.935+0000] {logging_mixin.py:188} INFO - [2026-05-26T18:18:23.935+0000] {dag.py:3834} INFO - Setting next_dagrun for example_branch_dop_operator_v3 to 2026-05-26 18:17:00+00:00, run_after=2026-05-26 18:18:00+00:00
[2026-05-26T18:18:23.960+0000] {processor.py:183} INFO - Processing /home/airflow/.local/lib/python3.8/site-packages/airflow/example_dags/example_branch_python_dop_operator_3.py took 0.082 seconds
[2026-05-26T18:18:54.206+0000] {processor.py:161} INFO - Started process (PID=1255) to work on /home/airflow/.local/lib/python3.8/site-packages/airflow/example_dags/example_branch_python_dop_operator_3.py
[2026-05-26T18:18:54.207+0000] {processor.py:830} INFO - Processing file /home/airflow/.local/lib/python3.8/site-packages/airflow/example_dags/example_branch_python_dop_operator_3.py for tasks to queue
[2026-05-26T18:18:54.209+0000] {logging_mixin.py:188} INFO - [2026-05-26T18:18:54.209+0000] {dagbag.py:540} INFO - Filling up the DagBag from /home/airflow/.local/lib/python3.8/site-packages/airflow/example_dags/example_branch_python_dop_operator_3.py
[2026-05-26T18:18:54.217+0000] {processor.py:840} INFO - DAG(s) 'example_branch_dop_operator_v3' retrieved from /home/airflow/.local/lib/python3.8/site-packages/airflow/example_dags/example_branch_python_dop_operator_3.py
[2026-05-26T18:18:54.236+0000] {logging_mixin.py:188} INFO - [2026-05-26T18:18:54.235+0000] {dag.py:3047} INFO - Sync 1 DAGs
[2026-05-26T18:18:54.259+0000] {logging_mixin.py:188} INFO - [2026-05-26T18:18:54.259+0000] {dag.py:3834} INFO - Setting next_dagrun for example_branch_dop_operator_v3 to 2026-05-26 18:17:00+00:00, run_after=2026-05-26 18:18:00+00:00
[2026-05-26T18:18:54.278+0000] {processor.py:183} INFO - Processing /home/airflow/.local/lib/python3.8/site-packages/airflow/example_dags/example_branch_python_dop_operator_3.py took 0.075 seconds
[2026-05-26T18:19:24.534+0000] {processor.py:161} INFO - Started process (PID=1310) to work on /home/airflow/.local/lib/python3.8/site-packages/airflow/example_dags/example_branch_python_dop_operator_3.py
[2026-05-26T18:19:24.535+0000] {processor.py:830} INFO - Processing file /home/airflow/.local/lib/python3.8/site-packages/airflow/example_dags/example_branch_python_dop_operator_3.py for tasks to queue
[2026-05-26T18:19:24.537+0000] {logging_mixin.py:188} INFO - [2026-05-26T18:19:24.537+0000] {dagbag.py:540} INFO - Filling up the DagBag from /home/airflow/.local/lib/python3.8/site-packages/airflow/example_dags/example_branch_python_dop_operator_3.py
[2026-05-26T18:19:24.547+0000] {processor.py:840} INFO - DAG(s) 'example_branch_dop_operator_v3' retrieved from /home/airflow/.local/lib/python3.8/site-packages/airflow/example_dags/example_branch_python_dop_operator_3.py
[2026-05-26T18:19:24.566+0000] {logging_mixin.py:188} INFO - [2026-05-26T18:19:24.565+0000] {dag.py:3047} INFO - Sync 1 DAGs
[2026-05-26T18:19:24.587+0000] {logging_mixin.py:188} INFO - [2026-05-26T18:19:24.587+0000] {dag.py:3834} INFO - Setting next_dagrun for example_branch_dop_operator_v3 to 2026-05-26 18:18:00+00:00, run_after=2026-05-26 18:19:00+00:00
[2026-05-26T18:19:24.603+0000] {processor.py:183} INFO - Processing /home/airflow/.local/lib/python3.8/site-packages/airflow/example_dags/example_branch_python_dop_operator_3.py took 0.073 seconds
[2026-05-26T18:19:54.668+0000] {processor.py:161} INFO - Started process (PID=1365) to work on /home/airflow/.local/lib/python3.8/site-packages/airflow/example_dags/example_branch_python_dop_operator_3.py
[2026-05-26T18:19:54.669+0000] {processor.py:830} INFO - Processing file /home/airflow/.local/lib/python3.8/site-packages/airflow/example_dags/example_branch_python_dop_operator_3.py for tasks to queue
[2026-05-26T18:19:54.672+0000] {logging_mixin.py:188} INFO - [2026-05-26T18:19:54.671+0000] {dagbag.py:540} INFO - Filling up the DagBag from /home/airflow/.local/lib/python3.8/site-packages/airflow/example_dags/example_branch_python_dop_operator_3.py
[2026-05-26T18:19:54.679+0000] {processor.py:840} INFO - DAG(s) 'example_branch_dop_operator_v3' retrieved from /home/airflow/.local/lib/python3.8/site-packages/airflow/example_dags/example_branch_python_dop_operator_3.py
[2026-05-26T18:19:54.696+0000] {logging_mixin.py:188} INFO - [2026-05-26T18:19:54.696+0000] {dag.py:3047} INFO - Sync 1 DAGs
[2026-05-26T18:19:54.717+0000] {logging_mixin.py:188} INFO - [2026-05-26T18:19:54.717+0000] {dag.py:3834} INFO - Setting next_dagrun for example_branch_dop_operator_v3 to 2026-05-26 18:18:00+00:00, run_after=2026-05-26 18:19:00+00:00
[2026-05-26T18:19:54.735+0000] {processor.py:183} INFO - Processing /home/airflow/.local/lib/python3.8/site-packages/airflow/example_dags/example_branch_python_dop_operator_3.py took 0.070 seconds
[2026-05-26T18:20:24.883+0000] {processor.py:161} INFO - Started process (PID=1420) to work on /home/airflow/.local/lib/python3.8/site-packages/airflow/example_dags/example_branch_python_dop_operator_3.py
[2026-05-26T18:20:24.884+0000] {processor.py:830} INFO - Processing file /home/airflow/.local/lib/python3.8/site-packages/airflow/example_dags/example_branch_python_dop_operator_3.py for tasks to queue
[2026-05-26T18:20:24.886+0000] {logging_mixin.py:188} INFO - [2026-05-26T18:20:24.886+0000] {dagbag.py:540} INFO - Filling up the DagBag from /home/airflow/.local/lib/python3.8/site-packages/airflow/example_dags/example_branch_python_dop_operator_3.py
[2026-05-26T18:20:24.893+0000] {processor.py:840} INFO - DAG(s) 'example_branch_dop_operator_v3' retrieved from /home/airflow/.local/lib/python3.8/site-packages/airflow/example_dags/example_branch_python_dop_operator_3.py
[2026-05-26T18:20:24.910+0000] {logging_mixin.py:188} INFO - [2026-05-26T18:20:24.910+0000] {dag.py:3047} INFO - Sync 1 DAGs
[2026-05-26T18:20:24.930+0000] {logging_mixin.py:188} INFO - [2026-05-26T18:20:24.929+0000] {dag.py:3834} INFO - Setting next_dagrun for example_branch_dop_operator_v3 to 2026-05-26 18:19:00+00:00, run_after=2026-05-26 18:20:00+00:00
[2026-05-26T18:20:24.945+0000] {processor.py:183} INFO - Processing /home/airflow/.local/lib/python3.8/site-packages/airflow/example_dags/example_branch_python_dop_operator_3.py took 0.064 seconds
[2026-05-26T18:20:55.077+0000] {processor.py:161} INFO - Started process (PID=1475) to work on /home/airflow/.local/lib/python3.8/site-packages/airflow/example_dags/example_branch_python_dop_operator_3.py
[2026-05-26T18:20:55.080+0000] {processor.py:830} INFO - Processing file /home/airflow/.local/lib/python3.8/site-packages/airflow/example_dags/example_branch_python_dop_operator_3.py for tasks to queue
[2026-05-26T18:20:55.085+0000] {logging_mixin.py:188} INFO - [2026-05-26T18:20:55.084+0000] {dagbag.py:540} INFO - Filling up the DagBag from /home/airflow/.local/lib/python3.8/site-packages/airflow/example_dags/example_branch_python_dop_operator_3.py
[2026-05-26T18:20:55.106+0000] {processor.py:840} INFO - DAG(s) 'example_branch_dop_operator_v3' retrieved from /home/airflow/.local/lib/python3.8/site-packages/airflow/example_dags/example_branch_python_dop_operator_3.py
[2026-05-26T18:20:55.174+0000] {logging_mixin.py:188} INFO - [2026-05-26T18:20:55.174+0000] {dag.py:3047} INFO - Sync 1 DAGs
[2026-05-26T18:20:55.250+0000] {logging_mixin.py:188} INFO - [2026-05-26T18:20:55.250+0000] {dag.py:3834} INFO - Setting next_dagrun for example_branch_dop_operator_v3 to 2026-05-26 18:19:00+00:00, run_after=2026-05-26 18:20:00+00:00
[2026-05-26T18:20:55.314+0000] {processor.py:183} INFO - Processing /home/airflow/.local/lib/python3.8/site-packages/airflow/example_dags/example_branch_python_dop_operator_3.py took 0.244 seconds
[2026-05-26T18:21:25.848+0000] {processor.py:161} INFO - Started process (PID=1530) to work on /home/airflow/.local/lib/python3.8/site-packages/airflow/example_dags/example_branch_python_dop_operator_3.py
[2026-05-26T18:21:25.850+0000] {processor.py:830} INFO - Processing file /home/airflow/.local/lib/python3.8/site-packages/airflow/example_dags/example_branch_python_dop_operator_3.py for tasks to queue
[2026-05-26T18:21:25.853+0000] {logging_mixin.py:188} INFO - [2026-05-26T18:21:25.853+0000] {dagbag.py:540} INFO - Filling up the DagBag from /home/airflow/.local/lib/python3.8/site-packages/airflow/example_dags/example_branch_python_dop_operator_3.py
[2026-05-26T18:21:25.863+0000] {processor.py:840} INFO - DAG(s) 'example_branch_dop_operator_v3' retrieved from /home/airflow/.local/lib/python3.8/site-packages/airflow/example_dags/example_branch_python_dop_operator_3.py
[2026-05-26T18:21:25.890+0000] {logging_mixin.py:188} INFO - [2026-05-26T18:21:25.890+0000] {dag.py:3047} INFO - Sync 1 DAGs
[2026-05-26T18:21:25.926+0000] {logging_mixin.py:188} INFO - [2026-05-26T18:21:25.926+0000] {dag.py:3834} INFO - Setting next_dagrun for example_branch_dop_operator_v3 to 2026-05-26 18:20:00+00:00, run_after=2026-05-26 18:21:00+00:00
[2026-05-26T18:21:25.951+0000] {processor.py:183} INFO - Processing /home/airflow/.local/lib/python3.8/site-packages/airflow/example_dags/example_branch_python_dop_operator_3.py took 0.110 seconds
[2026-05-26T18:21:56.164+0000] {processor.py:161} INFO - Started process (PID=1585) to work on /home/airflow/.local/lib/python3.8/site-packages/airflow/example_dags/example_branch_python_dop_operator_3.py
[2026-05-26T18:21:56.165+0000] {processor.py:830} INFO - Processing file /home/airflow/.local/lib/python3.8/site-packages/airflow/example_dags/example_branch_python_dop_operator_3.py for tasks to queue
[2026-05-26T18:21:56.167+0000] {logging_mixin.py:188} INFO - [2026-05-26T18:21:56.166+0000] {dagbag.py:540} INFO - Filling up the DagBag from /home/airflow/.local/lib/python3.8/site-packages/airflow/example_dags/example_branch_python_dop_operator_3.py
[2026-05-26T18:21:56.175+0000] {processor.py:840} INFO - DAG(s) 'example_branch_dop_operator_v3' retrieved from /home/airflow/.local/lib/python3.8/site-packages/airflow/example_dags/example_branch_python_dop_operator_3.py
[2026-05-26T18:21:56.195+0000] {logging_mixin.py:188} INFO - [2026-05-26T18:21:56.194+0000] {dag.py:3047} INFO - Sync 1 DAGs
[2026-05-26T18:21:56.215+0000] {logging_mixin.py:188} INFO - [2026-05-26T18:21:56.215+0000] {dag.py:3834} INFO - Setting next_dagrun for example_branch_dop_operator_v3 to 2026-05-26 18:20:00+00:00, run_after=2026-05-26 18:21:00+00:00
[2026-05-26T18:21:56.237+0000] {processor.py:183} INFO - Processing /home/airflow/.local/lib/python3.8/site-packages/airflow/example_dags/example_branch_python_dop_operator_3.py took 0.076 seconds
[2026-05-26T18:22:26.571+0000] {processor.py:161} INFO - Started process (PID=1640) to work on /home/airflow/.local/lib/python3.8/site-packages/airflow/example_dags/example_branch_python_dop_operator_3.py
[2026-05-26T18:22:26.572+0000] {processor.py:830} INFO - Processing file /home/airflow/.local/lib/python3.8/site-packages/airflow/example_dags/example_branch_python_dop_operator_3.py for tasks to queue
[2026-05-26T18:22:26.575+0000] {logging_mixin.py:188} INFO - [2026-05-26T18:22:26.575+0000] {dagbag.py:540} INFO - Filling up the DagBag from /home/airflow/.local/lib/python3.8/site-packages/airflow/example_dags/example_branch_python_dop_operator_3.py
[2026-05-26T18:22:26.621+0000] {processor.py:840} INFO - DAG(s) 'example_branch_dop_operator_v3' retrieved from /home/airflow/.local/lib/python3.8/site-packages/airflow/example_dags/example_branch_python_dop_operator_3.py
[2026-05-26T18:22:26.659+0000] {logging_mixin.py:188} INFO - [2026-05-26T18:22:26.658+0000] {dag.py:3047} INFO - Sync 1 DAGs
[2026-05-26T18:22:26.748+0000] {logging_mixin.py:188} INFO - [2026-05-26T18:22:26.748+0000] {dag.py:3834} INFO - Setting next_dagrun for example_branch_dop_operator_v3 to 2026-05-26 18:21:00+00:00, run_after=2026-05-26 18:22:00+00:00
[2026-05-26T18:22:26.832+0000] {processor.py:183} INFO - Processing /home/airflow/.local/lib/python3.8/site-packages/airflow/example_dags/example_branch_python_dop_operator_3.py took 0.266 seconds
[2026-05-26T18:22:56.950+0000] {processor.py:161} INFO - Started process (PID=1695) to work on /home/airflow/.local/lib/python3.8/site-packages/airflow/example_dags/example_branch_python_dop_operator_3.py
[2026-05-26T18:22:56.952+0000] {processor.py:830} INFO - Processing file /home/airflow/.local/lib/python3.8/site-packages/airflow/example_dags/example_branch_python_dop_operator_3.py for tasks to queue
[2026-05-26T18:22:56.954+0000] {logging_mixin.py:188} INFO - [2026-05-26T18:22:56.953+0000] {dagbag.py:540} INFO - Filling up the DagBag from /home/airflow/.local/lib/python3.8/site-packages/airflow/example_dags/example_branch_python_dop_operator_3.py
[2026-05-26T18:22:56.961+0000] {processor.py:840} INFO - DAG(s) 'example_branch_dop_operator_v3' retrieved from /home/airflow/.local/lib/python3.8/site-packages/airflow/example_dags/example_branch_python_dop_operator_3.py
[2026-05-26T18:22:56.984+0000] {logging_mixin.py:188} INFO - [2026-05-26T18:22:56.984+0000] {dag.py:3047} INFO - Sync 1 DAGs
[2026-05-26T18:22:57.010+0000] {logging_mixin.py:188} INFO - [2026-05-26T18:22:57.010+0000] {dag.py:3834} INFO - Setting next_dagrun for example_branch_dop_operator_v3 to 2026-05-26 18:21:00+00:00, run_after=2026-05-26 18:22:00+00:00
[2026-05-26T18:22:57.032+0000] {processor.py:183} INFO - Processing /home/airflow/.local/lib/python3.8/site-packages/airflow/example_dags/example_branch_python_dop_operator_3.py took 0.084 seconds
[2026-05-26T18:23:27.341+0000] {processor.py:161} INFO - Started process (PID=1750) to work on /home/airflow/.local/lib/python3.8/site-packages/airflow/example_dags/example_branch_python_dop_operator_3.py
[2026-05-26T18:23:27.344+0000] {processor.py:830} INFO - Processing file /home/airflow/.local/lib/python3.8/site-packages/airflow/example_dags/example_branch_python_dop_operator_3.py for tasks to queue
[2026-05-26T18:23:27.350+0000] {logging_mixin.py:188} INFO - [2026-05-26T18:23:27.349+0000] {dagbag.py:540} INFO - Filling up the DagBag from /home/airflow/.local/lib/python3.8/site-packages/airflow/example_dags/example_branch_python_dop_operator_3.py
[2026-05-26T18:23:27.364+0000] {processor.py:840} INFO - DAG(s) 'example_branch_dop_operator_v3' retrieved from /home/airflow/.local/lib/python3.8/site-packages/airflow/example_dags/example_branch_python_dop_operator_3.py
[2026-05-26T18:23:27.400+0000] {logging_mixin.py:188} INFO - [2026-05-26T18:23:27.400+0000] {dag.py:3047} INFO - Sync 1 DAGs
[2026-05-26T18:23:27.459+0000] {logging_mixin.py:188} INFO - [2026-05-26T18:23:27.458+0000] {dag.py:3834} INFO - Setting next_dagrun for example_branch_dop_operator_v3 to 2026-05-26 18:22:00+00:00, run_after=2026-05-26 18:23:00+00:00
[2026-05-26T18:23:27.501+0000] {processor.py:183} INFO - Processing /home/airflow/.local/lib/python3.8/site-packages/airflow/example_dags/example_branch_python_dop_operator_3.py took 0.164 seconds
[2026-05-26T18:23:58.158+0000] {processor.py:161} INFO - Started process (PID=1805) to work on /home/airflow/.local/lib/python3.8/site-packages/airflow/example_dags/example_branch_python_dop_operator_3.py
[2026-05-26T18:23:58.161+0000] {processor.py:830} INFO - Processing file /home/airflow/.local/lib/python3.8/site-packages/airflow/example_dags/example_branch_python_dop_operator_3.py for tasks to queue
[2026-05-26T18:23:58.163+0000] {logging_mixin.py:188} INFO - [2026-05-26T18:23:58.163+0000] {dagbag.py:540} INFO - Filling up the DagBag from /home/airflow/.local/lib/python3.8/site-packages/airflow/example_dags/example_branch_python_dop_operator_3.py
[2026-05-26T18:23:58.173+0000] {processor.py:840} INFO - DAG(s) 'example_branch_dop_operator_v3' retrieved from /home/airflow/.local/lib/python3.8/site-packages/airflow/example_dags/example_branch_python_dop_operator_3.py
[2026-05-26T18:23:58.199+0000] {logging_mixin.py:188} INFO - [2026-05-26T18:23:58.199+0000] {dag.py:3047} INFO - Sync 1 DAGs
[2026-05-26T18:23:58.226+0000] {logging_mixin.py:188} INFO - [2026-05-26T18:23:58.226+0000] {dag.py:3834} INFO - Setting next_dagrun for example_branch_dop_operator_v3 to 2026-05-26 18:22:00+00:00, run_after=2026-05-26 18:23:00+00:00
[2026-05-26T18:23:58.253+0000] {processor.py:183} INFO - Processing /home/airflow/.local/lib/python3.8/site-packages/airflow/example_dags/example_branch_python_dop_operator_3.py took 0.101 seconds
[2026-05-26T18:24:29.289+0000] {processor.py:161} INFO - Started process (PID=1860) to work on /home/airflow/.local/lib/python3.8/site-packages/airflow/example_dags/example_branch_python_dop_operator_3.py
[2026-05-26T18:24:29.290+0000] {processor.py:830} INFO - Processing file /home/airflow/.local/lib/python3.8/site-packages/airflow/example_dags/example_branch_python_dop_operator_3.py for tasks to queue
[2026-05-26T18:24:29.292+0000] {logging_mixin.py:188} INFO - [2026-05-26T18:24:29.292+0000] {dagbag.py:540} INFO - Filling up the DagBag from /home/airflow/.local/lib/python3.8/site-packages/airflow/example_dags/example_branch_python_dop_operator_3.py
[2026-05-26T18:24:29.299+0000] {processor.py:840} INFO - DAG(s) 'example_branch_dop_operator_v3' retrieved from /home/airflow/.local/lib/python3.8/site-packages/airflow/example_dags/example_branch_python_dop_operator_3.py
[2026-05-26T18:24:29.317+0000] {logging_mixin.py:188} INFO - [2026-05-26T18:24:29.316+0000] {dag.py:3047} INFO - Sync 1 DAGs
[2026-05-26T18:24:29.351+0000] {logging_mixin.py:188} INFO - [2026-05-26T18:24:29.351+0000] {dag.py:3834} INFO - Setting next_dagrun for example_branch_dop_operator_v3 to 2026-05-26 18:23:00+00:00, run_after=2026-05-26 18:24:00+00:00
[2026-05-26T18:24:29.387+0000] {processor.py:183} INFO - Processing /home/airflow/.local/lib/python3.8/site-packages/airflow/example_dags/example_branch_python_dop_operator_3.py took 0.102 seconds
[2026-05-26T18:24:59.819+0000] {processor.py:161} INFO - Started process (PID=1915) to work on /home/airflow/.local/lib/python3.8/site-packages/airflow/example_dags/example_branch_python_dop_operator_3.py
[2026-05-26T18:24:59.820+0000] {processor.py:830} INFO - Processing file /home/airflow/.local/lib/python3.8/site-packages/airflow/example_dags/example_branch_python_dop_operator_3.py for tasks to queue
[2026-05-26T18:24:59.822+0000] {logging_mixin.py:188} INFO - [2026-05-26T18:24:59.822+0000] {dagbag.py:540} INFO - Filling up the DagBag from /home/airflow/.local/lib/python3.8/site-packages/airflow/example_dags/example_branch_python_dop_operator_3.py
[2026-05-26T18:24:59.834+0000] {processor.py:840} INFO - DAG(s) 'example_branch_dop_operator_v3' retrieved from /home/airflow/.local/lib/python3.8/site-packages/airflow/example_dags/example_branch_python_dop_operator_3.py
[2026-05-26T18:24:59.857+0000] {logging_mixin.py:188} INFO - [2026-05-26T18:24:59.856+0000] {dag.py:3047} INFO - Sync 1 DAGs
[2026-05-26T18:24:59.882+0000] {logging_mixin.py:188} INFO - [2026-05-26T18:24:59.882+0000] {dag.py:3834} INFO - Setting next_dagrun for example_branch_dop_operator_v3 to 2026-05-26 18:23:00+00:00, run_after=2026-05-26 18:24:00+00:00
[2026-05-26T18:24:59.902+0000] {processor.py:183} INFO - Processing /home/airflow/.local/lib/python3.8/site-packages/airflow/example_dags/example_branch_python_dop_operator_3.py took 0.088 seconds
[2026-05-26T18:25:30.532+0000] {processor.py:161} INFO - Started process (PID=1970) to work on /home/airflow/.local/lib/python3.8/site-packages/airflow/example_dags/example_branch_python_dop_operator_3.py
[2026-05-26T18:25:30.534+0000] {processor.py:830} INFO - Processing file /home/airflow/.local/lib/python3.8/site-packages/airflow/example_dags/example_branch_python_dop_operator_3.py for tasks to queue
[2026-05-26T18:25:30.536+0000] {logging_mixin.py:188} INFO - [2026-05-26T18:25:30.536+0000] {dagbag.py:540} INFO - Filling up the DagBag from /home/airflow/.local/lib/python3.8/site-packages/airflow/example_dags/example_branch_python_dop_operator_3.py
[2026-05-26T18:25:30.543+0000] {processor.py:840} INFO - DAG(s) 'example_branch_dop_operator_v3' retrieved from /home/airflow/.local/lib/python3.8/site-packages/airflow/example_dags/example_branch_python_dop_operator_3.py
[2026-05-26T18:25:30.562+0000] {logging_mixin.py:188} INFO - [2026-05-26T18:25:30.562+0000] {dag.py:3047} INFO - Sync 1 DAGs
[2026-05-26T18:25:30.583+0000] {logging_mixin.py:188} INFO - [2026-05-26T18:25:30.583+0000] {dag.py:3834} INFO - Setting next_dagrun for example_branch_dop_operator_v3 to 2026-05-26 18:24:00+00:00, run_after=2026-05-26 18:25:00+00:00
[2026-05-26T18:25:30.601+0000] {processor.py:183} INFO - Processing /home/airflow/.local/lib/python3.8/site-packages/airflow/example_dags/example_branch_python_dop_operator_3.py took 0.072 seconds
[2026-05-26T18:26:01.331+0000] {processor.py:161} INFO - Started process (PID=2025) to work on /home/airflow/.local/lib/python3.8/site-packages/airflow/example_dags/example_branch_python_dop_operator_3.py
[2026-05-26T18:26:01.334+0000] {processor.py:830} INFO - Processing file /home/airflow/.local/lib/python3.8/site-packages/airflow/example_dags/example_branch_python_dop_operator_3.py for tasks to queue
[2026-05-26T18:26:01.339+0000] {logging_mixin.py:188} INFO - [2026-05-26T18:26:01.338+0000] {dagbag.py:540} INFO - Filling up the DagBag from /home/airflow/.local/lib/python3.8/site-packages/airflow/example_dags/example_branch_python_dop_operator_3.py
[2026-05-26T18:26:01.353+0000] {processor.py:840} INFO - DAG(s) 'example_branch_dop_operator_v3' retrieved from /home/airflow/.local/lib/python3.8/site-packages/airflow/example_dags/example_branch_python_dop_operator_3.py
[2026-05-26T18:26:01.387+0000] {logging_mixin.py:188} INFO - [2026-05-26T18:26:01.387+0000] {dag.py:3047} INFO - Sync 1 DAGs
[2026-05-26T18:26:01.441+0000] {logging_mixin.py:188} INFO - [2026-05-26T18:26:01.440+0000] {dag.py:3834} INFO - Setting next_dagrun for example_branch_dop_operator_v3 to 2026-05-26 18:25:00+00:00, run_after=2026-05-26 18:26:00+00:00
[2026-05-26T18:26:01.477+0000] {processor.py:183} INFO - Processing /home/airflow/.local/lib/python3.8/site-packages/airflow/example_dags/example_branch_python_dop_operator_3.py took 0.153 seconds
[2026-05-26T18:26:31.560+0000] {processor.py:161} INFO - Started process (PID=2081) to work on /home/airflow/.local/lib/python3.8/site-packages/airflow/example_dags/example_branch_python_dop_operator_3.py
[2026-05-26T18:26:31.564+0000] {processor.py:830} INFO - Processing file /home/airflow/.local/lib/python3.8/site-packages/airflow/example_dags/example_branch_python_dop_operator_3.py for tasks to queue
[2026-05-26T18:26:31.568+0000] {logging_mixin.py:188} INFO - [2026-05-26T18:26:31.568+0000] {dagbag.py:540} INFO - Filling up the DagBag from /home/airflow/.local/lib/python3.8/site-packages/airflow/example_dags/example_branch_python_dop_operator_3.py
[2026-05-26T18:26:31.583+0000] {processor.py:840} INFO - DAG(s) 'example_branch_dop_operator_v3' retrieved from /home/airflow/.local/lib/python3.8/site-packages/airflow/example_dags/example_branch_python_dop_operator_3.py
[2026-05-26T18:26:31.624+0000] {logging_mixin.py:188} INFO - [2026-05-26T18:26:31.623+0000] {dag.py:3047} INFO - Sync 1 DAGs
[2026-05-26T18:26:31.668+0000] {logging_mixin.py:188} INFO - [2026-05-26T18:26:31.667+0000] {dag.py:3834} INFO - Setting next_dagrun for example_branch_dop_operator_v3 to 2026-05-26 18:25:00+00:00, run_after=2026-05-26 18:26:00+00:00
[2026-05-26T18:26:31.727+0000] {processor.py:183} INFO - Processing /home/airflow/.local/lib/python3.8/site-packages/airflow/example_dags/example_branch_python_dop_operator_3.py took 0.176 seconds
[2026-05-26T18:27:04.311+0000] {processor.py:161} INFO - Started process (PID=2136) to work on /home/airflow/.local/lib/python3.8/site-packages/airflow/example_dags/example_branch_python_dop_operator_3.py
[2026-05-26T18:27:04.313+0000] {processor.py:830} INFO - Processing file /home/airflow/.local/lib/python3.8/site-packages/airflow/example_dags/example_branch_python_dop_operator_3.py for tasks to queue
[2026-05-26T18:27:04.316+0000] {logging_mixin.py:188} INFO - [2026-05-26T18:27:04.316+0000] {dagbag.py:540} INFO - Filling up the DagBag from /home/airflow/.local/lib/python3.8/site-packages/airflow/example_dags/example_branch_python_dop_operator_3.py
[2026-05-26T18:27:04.336+0000] {processor.py:840} INFO - DAG(s) 'example_branch_dop_operator_v3' retrieved from /home/airflow/.local/lib/python3.8/site-packages/airflow/example_dags/example_branch_python_dop_operator_3.py
[2026-05-26T18:27:04.384+0000] {logging_mixin.py:188} INFO - [2026-05-26T18:27:04.384+0000] {dag.py:3047} INFO - Sync 1 DAGs
[2026-05-26T18:27:04.432+0000] {logging_mixin.py:188} INFO - [2026-05-26T18:27:04.431+0000] {dag.py:3834} INFO - Setting next_dagrun for example_branch_dop_operator_v3 to 2026-05-26 18:26:00+00:00, run_after=2026-05-26 18:27:00+00:00
[2026-05-26T18:27:04.481+0000] {processor.py:183} INFO - Processing /home/airflow/.local/lib/python3.8/site-packages/airflow/example_dags/example_branch_python_dop_operator_3.py took 0.176 seconds
[2026-05-26T18:27:35.020+0000] {processor.py:161} INFO - Started process (PID=2190) to work on /home/airflow/.local/lib/python3.8/site-packages/airflow/example_dags/example_branch_python_dop_operator_3.py
[2026-05-26T18:27:35.023+0000] {processor.py:830} INFO - Processing file /home/airflow/.local/lib/python3.8/site-packages/airflow/example_dags/example_branch_python_dop_operator_3.py for tasks to queue
[2026-05-26T18:27:35.029+0000] {logging_mixin.py:188} INFO - [2026-05-26T18:27:35.028+0000] {dagbag.py:540} INFO - Filling up the DagBag from /home/airflow/.local/lib/python3.8/site-packages/airflow/example_dags/example_branch_python_dop_operator_3.py
[2026-05-26T18:27:35.044+0000] {processor.py:840} INFO - DAG(s) 'example_branch_dop_operator_v3' retrieved from /home/airflow/.local/lib/python3.8/site-packages/airflow/example_dags/example_branch_python_dop_operator_3.py
[2026-05-26T18:27:35.081+0000] {logging_mixin.py:188} INFO - [2026-05-26T18:27:35.080+0000] {dag.py:3047} INFO - Sync 1 DAGs
[2026-05-26T18:27:35.310+0000] {logging_mixin.py:188} INFO - [2026-05-26T18:27:35.310+0000] {dag.py:3834} INFO - Setting next_dagrun for example_branch_dop_operator_v3 to 2026-05-26 18:26:00+00:00, run_after=2026-05-26 18:27:00+00:00
[2026-05-26T18:27:35.341+0000] {processor.py:183} INFO - Processing /home/airflow/.local/lib/python3.8/site-packages/airflow/example_dags/example_branch_python_dop_operator_3.py took 0.328 seconds
[2026-05-26T18:28:05.440+0000] {processor.py:161} INFO - Started process (PID=2245) to work on /home/airflow/.local/lib/python3.8/site-packages/airflow/example_dags/example_branch_python_dop_operator_3.py
[2026-05-26T18:28:05.442+0000] {processor.py:830} INFO - Processing file /home/airflow/.local/lib/python3.8/site-packages/airflow/example_dags/example_branch_python_dop_operator_3.py for tasks to queue
[2026-05-26T18:28:05.443+0000] {logging_mixin.py:188} INFO - [2026-05-26T18:28:05.443+0000] {dagbag.py:540} INFO - Filling up the DagBag from /home/airflow/.local/lib/python3.8/site-packages/airflow/example_dags/example_branch_python_dop_operator_3.py
[2026-05-26T18:28:05.451+0000] {processor.py:840} INFO - DAG(s) 'example_branch_dop_operator_v3' retrieved from /home/airflow/.local/lib/python3.8/site-packages/airflow/example_dags/example_branch_python_dop_operator_3.py
[2026-05-26T18:28:05.468+0000] {logging_mixin.py:188} INFO - [2026-05-26T18:28:05.468+0000] {dag.py:3047} INFO - Sync 1 DAGs
[2026-05-26T18:28:05.608+0000] {logging_mixin.py:188} INFO - [2026-05-26T18:28:05.608+0000] {dag.py:3834} INFO - Setting next_dagrun for example_branch_dop_operator_v3 to 2026-05-26 18:27:00+00:00, run_after=2026-05-26 18:28:00+00:00
[2026-05-26T18:28:05.624+0000] {processor.py:183} INFO - Processing /home/airflow/.local/lib/python3.8/site-packages/airflow/example_dags/example_branch_python_dop_operator_3.py took 0.187 seconds
[2026-05-26T18:28:35.737+0000] {processor.py:161} INFO - Started process (PID=2300) to work on /home/airflow/.local/lib/python3.8/site-packages/airflow/example_dags/example_branch_python_dop_operator_3.py
[2026-05-26T18:28:35.739+0000] {processor.py:830} INFO - Processing file /home/airflow/.local/lib/python3.8/site-packages/airflow/example_dags/example_branch_python_dop_operator_3.py for tasks to queue
[2026-05-26T18:28:35.742+0000] {logging_mixin.py:188} INFO - [2026-05-26T18:28:35.742+0000] {dagbag.py:540} INFO - Filling up the DagBag from /home/airflow/.local/lib/python3.8/site-packages/airflow/example_dags/example_branch_python_dop_operator_3.py
[2026-05-26T18:28:35.755+0000] {processor.py:840} INFO - DAG(s) 'example_branch_dop_operator_v3' retrieved from /home/airflow/.local/lib/python3.8/site-packages/airflow/example_dags/example_branch_python_dop_operator_3.py
[2026-05-26T18:28:35.780+0000] {logging_mixin.py:188} INFO - [2026-05-26T18:28:35.780+0000] {dag.py:3047} INFO - Sync 1 DAGs
[2026-05-26T18:28:35.809+0000] {logging_mixin.py:188} INFO - [2026-05-26T18:28:35.808+0000] {dag.py:3834} INFO - Setting next_dagrun for example_branch_dop_operator_v3 to 2026-05-26 18:27:00+00:00, run_after=2026-05-26 18:28:00+00:00
[2026-05-26T18:28:36.009+0000] {processor.py:183} INFO - Processing /home/airflow/.local/lib/python3.8/site-packages/airflow/example_dags/example_branch_python_dop_operator_3.py took 0.276 seconds
[2026-05-26T18:29:06.457+0000] {processor.py:161} INFO - Started process (PID=2355) to work on /home/airflow/.local/lib/python3.8/site-packages/airflow/example_dags/example_branch_python_dop_operator_3.py
[2026-05-26T18:29:06.459+0000] {processor.py:830} INFO - Processing file /home/airflow/.local/lib/python3.8/site-packages/airflow/example_dags/example_branch_python_dop_operator_3.py for tasks to queue
[2026-05-26T18:29:06.460+0000] {logging_mixin.py:188} INFO - [2026-05-26T18:29:06.460+0000] {dagbag.py:540} INFO - Filling up the DagBag from /home/airflow/.local/lib/python3.8/site-packages/airflow/example_dags/example_branch_python_dop_operator_3.py
[2026-05-26T18:29:06.469+0000] {processor.py:840} INFO - DAG(s) 'example_branch_dop_operator_v3' retrieved from /home/airflow/.local/lib/python3.8/site-packages/airflow/example_dags/example_branch_python_dop_operator_3.py
[2026-05-26T18:29:06.488+0000] {logging_mixin.py:188} INFO - [2026-05-26T18:29:06.488+0000] {dag.py:3047} INFO - Sync 1 DAGs
[2026-05-26T18:29:06.510+0000] {logging_mixin.py:188} INFO - [2026-05-26T18:29:06.510+0000] {dag.py:3834} INFO - Setting next_dagrun for example_branch_dop_operator_v3 to 2026-05-26 18:28:00+00:00, run_after=2026-05-26 18:29:00+00:00
[2026-05-26T18:29:06.660+0000] {processor.py:183} INFO - Processing /home/airflow/.local/lib/python3.8/site-packages/airflow/example_dags/example_branch_python_dop_operator_3.py took 0.206 seconds
[2026-05-26T18:29:36.881+0000] {processor.py:161} INFO - Started process (PID=2410) to work on /home/airflow/.local/lib/python3.8/site-packages/airflow/example_dags/example_branch_python_dop_operator_3.py
[2026-05-26T18:29:36.883+0000] {processor.py:830} INFO - Processing file /home/airflow/.local/lib/python3.8/site-packages/airflow/example_dags/example_branch_python_dop_operator_3.py for tasks to queue
[2026-05-26T18:29:36.885+0000] {logging_mixin.py:188} INFO - [2026-05-26T18:29:36.884+0000] {dagbag.py:540} INFO - Filling up the DagBag from /home/airflow/.local/lib/python3.8/site-packages/airflow/example_dags/example_branch_python_dop_operator_3.py
[2026-05-26T18:29:36.892+0000] {processor.py:840} INFO - DAG(s) 'example_branch_dop_operator_v3' retrieved from /home/airflow/.local/lib/python3.8/site-packages/airflow/example_dags/example_branch_python_dop_operator_3.py
[2026-05-26T18:29:36.908+0000] {logging_mixin.py:188} INFO - [2026-05-26T18:29:36.908+0000] {dag.py:3047} INFO - Sync 1 DAGs
[2026-05-26T18:29:36.928+0000] {logging_mixin.py:188} INFO - [2026-05-26T18:29:36.928+0000] {dag.py:3834} INFO - Setting next_dagrun for example_branch_dop_operator_v3 to 2026-05-26 18:28:00+00:00, run_after=2026-05-26 18:29:00+00:00
[2026-05-26T18:29:36.942+0000] {processor.py:183} INFO - Processing /home/airflow/.local/lib/python3.8/site-packages/airflow/example_dags/example_branch_python_dop_operator_3.py took 0.063 seconds
[2026-05-26T18:30:07.711+0000] {processor.py:161} INFO - Started process (PID=2466) to work on /home/airflow/.local/lib/python3.8/site-packages/airflow/example_dags/example_branch_python_dop_operator_3.py
[2026-05-26T18:30:07.713+0000] {processor.py:830} INFO - Processing file /home/airflow/.local/lib/python3.8/site-packages/airflow/example_dags/example_branch_python_dop_operator_3.py for tasks to queue
[2026-05-26T18:30:07.715+0000] {logging_mixin.py:188} INFO - [2026-05-26T18:30:07.714+0000] {dagbag.py:540} INFO - Filling up the DagBag from /home/airflow/.local/lib/python3.8/site-packages/airflow/example_dags/example_branch_python_dop_operator_3.py
[2026-05-26T18:30:07.722+0000] {processor.py:840} INFO - DAG(s) 'example_branch_dop_operator_v3' retrieved from /home/airflow/.local/lib/python3.8/site-packages/airflow/example_dags/example_branch_python_dop_operator_3.py
[2026-05-26T18:30:07.741+0000] {logging_mixin.py:188} INFO - [2026-05-26T18:30:07.741+0000] {dag.py:3047} INFO - Sync 1 DAGs
[2026-05-26T18:30:07.762+0000] {logging_mixin.py:188} INFO - [2026-05-26T18:30:07.762+0000] {dag.py:3834} INFO - Setting next_dagrun for example_branch_dop_operator_v3 to 2026-05-26 18:29:00+00:00, run_after=2026-05-26 18:30:00+00:00
[2026-05-26T18:30:07.777+0000] {processor.py:183} INFO - Processing /home/airflow/.local/lib/python3.8/site-packages/airflow/example_dags/example_branch_python_dop_operator_3.py took 0.069 seconds
[2026-05-26T18:30:38.652+0000] {processor.py:161} INFO - Started process (PID=2527) to work on /home/airflow/.local/lib/python3.8/site-packages/airflow/example_dags/example_branch_python_dop_operator_3.py
[2026-05-26T18:30:38.654+0000] {processor.py:830} INFO - Processing file /home/airflow/.local/lib/python3.8/site-packages/airflow/example_dags/example_branch_python_dop_operator_3.py for tasks to queue
[2026-05-26T18:30:38.657+0000] {logging_mixin.py:188} INFO - [2026-05-26T18:30:38.656+0000] {dagbag.py:540} INFO - Filling up the DagBag from /home/airflow/.local/lib/python3.8/site-packages/airflow/example_dags/example_branch_python_dop_operator_3.py
[2026-05-26T18:30:38.664+0000] {processor.py:840} INFO - DAG(s) 'example_branch_dop_operator_v3' retrieved from /home/airflow/.local/lib/python3.8/site-packages/airflow/example_dags/example_branch_python_dop_operator_3.py
[2026-05-26T18:30:38.681+0000] {logging_mixin.py:188} INFO - [2026-05-26T18:30:38.681+0000] {dag.py:3047} INFO - Sync 1 DAGs
[2026-05-26T18:30:38.701+0000] {logging_mixin.py:188} INFO - [2026-05-26T18:30:38.701+0000] {dag.py:3834} INFO - Setting next_dagrun for example_branch_dop_operator_v3 to 2026-05-26 18:29:00+00:00, run_after=2026-05-26 18:30:00+00:00
[2026-05-26T18:30:38.716+0000] {processor.py:183} INFO - Processing /home/airflow/.local/lib/python3.8/site-packages/airflow/example_dags/example_branch_python_dop_operator_3.py took 0.067 seconds
[2026-05-26T18:31:09.185+0000] {processor.py:161} INFO - Started process (PID=2582) to work on /home/airflow/.local/lib/python3.8/site-packages/airflow/example_dags/example_branch_python_dop_operator_3.py
[2026-05-26T18:31:09.187+0000] {processor.py:830} INFO - Processing file /home/airflow/.local/lib/python3.8/site-packages/airflow/example_dags/example_branch_python_dop_operator_3.py for tasks to queue
[2026-05-26T18:31:09.189+0000] {logging_mixin.py:188} INFO - [2026-05-26T18:31:09.188+0000] {dagbag.py:540} INFO - Filling up the DagBag from /home/airflow/.local/lib/python3.8/site-packages/airflow/example_dags/example_branch_python_dop_operator_3.py
[2026-05-26T18:31:09.196+0000] {processor.py:840} INFO - DAG(s) 'example_branch_dop_operator_v3' retrieved from /home/airflow/.local/lib/python3.8/site-packages/airflow/example_dags/example_branch_python_dop_operator_3.py
[2026-05-26T18:31:09.213+0000] {logging_mixin.py:188} INFO - [2026-05-26T18:31:09.213+0000] {dag.py:3047} INFO - Sync 1 DAGs
[2026-05-26T18:31:09.233+0000] {logging_mixin.py:188} INFO - [2026-05-26T18:31:09.233+0000] {dag.py:3834} INFO - Setting next_dagrun for example_branch_dop_operator_v3 to 2026-05-26 18:30:00+00:00, run_after=2026-05-26 18:31:00+00:00
[2026-05-26T18:31:09.247+0000] {processor.py:183} INFO - Processing /home/airflow/.local/lib/python3.8/site-packages/airflow/example_dags/example_branch_python_dop_operator_3.py took 0.065 seconds
[2026-05-26T18:31:39.896+0000] {processor.py:161} INFO - Started process (PID=2637) to work on /home/airflow/.local/lib/python3.8/site-packages/airflow/example_dags/example_branch_python_dop_operator_3.py
[2026-05-26T18:31:39.897+0000] {processor.py:830} INFO - Processing file /home/airflow/.local/lib/python3.8/site-packages/airflow/example_dags/example_branch_python_dop_operator_3.py for tasks to queue
[2026-05-26T18:31:39.900+0000] {logging_mixin.py:188} INFO - [2026-05-26T18:31:39.899+0000] {dagbag.py:540} INFO - Filling up the DagBag from /home/airflow/.local/lib/python3.8/site-packages/airflow/example_dags/example_branch_python_dop_operator_3.py
[2026-05-26T18:31:39.906+0000] {processor.py:840} INFO - DAG(s) 'example_branch_dop_operator_v3' retrieved from /home/airflow/.local/lib/python3.8/site-packages/airflow/example_dags/example_branch_python_dop_operator_3.py
[2026-05-26T18:31:39.922+0000] {logging_mixin.py:188} INFO - [2026-05-26T18:31:39.922+0000] {dag.py:3047} INFO - Sync 1 DAGs
[2026-05-26T18:31:39.941+0000] {logging_mixin.py:188} INFO - [2026-05-26T18:31:39.941+0000] {dag.py:3834} INFO - Setting next_dagrun for example_branch_dop_operator_v3 to 2026-05-26 18:30:00+00:00, run_after=2026-05-26 18:31:00+00:00
[2026-05-26T18:31:39.959+0000] {processor.py:183} INFO - Processing /home/airflow/.local/lib/python3.8/site-packages/airflow/example_dags/example_branch_python_dop_operator_3.py took 0.067 seconds
[2026-05-26T18:32:10.901+0000] {processor.py:161} INFO - Started process (PID=2692) to work on /home/airflow/.local/lib/python3.8/site-packages/airflow/example_dags/example_branch_python_dop_operator_3.py
[2026-05-26T18:32:10.902+0000] {processor.py:830} INFO - Processing file /home/airflow/.local/lib/python3.8/site-packages/airflow/example_dags/example_branch_python_dop_operator_3.py for tasks to queue
[2026-05-26T18:32:10.905+0000] {logging_mixin.py:188} INFO - [2026-05-26T18:32:10.904+0000] {dagbag.py:540} INFO - Filling up the DagBag from /home/airflow/.local/lib/python3.8/site-packages/airflow/example_dags/example_branch_python_dop_operator_3.py
[2026-05-26T18:32:10.915+0000] {processor.py:840} INFO - DAG(s) 'example_branch_dop_operator_v3' retrieved from /home/airflow/.local/lib/python3.8/site-packages/airflow/example_dags/example_branch_python_dop_operator_3.py
[2026-05-26T18:32:10.936+0000] {logging_mixin.py:188} INFO - [2026-05-26T18:32:10.936+0000] {dag.py:3047} INFO - Sync 1 DAGs
[2026-05-26T18:32:10.958+0000] {logging_mixin.py:188} INFO - [2026-05-26T18:32:10.957+0000] {dag.py:3834} INFO - Setting next_dagrun for example_branch_dop_operator_v3 to 2026-05-26 18:31:00+00:00, run_after=2026-05-26 18:32:00+00:00
[2026-05-26T18:32:10.974+0000] {processor.py:183} INFO - Processing /home/airflow/.local/lib/python3.8/site-packages/airflow/example_dags/example_branch_python_dop_operator_3.py took 0.077 seconds
[2026-05-26T18:32:41.045+0000] {processor.py:161} INFO - Started process (PID=2747) to work on /home/airflow/.local/lib/python3.8/site-packages/airflow/example_dags/example_branch_python_dop_operator_3.py
[2026-05-26T18:32:41.046+0000] {processor.py:830} INFO - Processing file /home/airflow/.local/lib/python3.8/site-packages/airflow/example_dags/example_branch_python_dop_operator_3.py for tasks to queue
[2026-05-26T18:32:41.049+0000] {logging_mixin.py:188} INFO - [2026-05-26T18:32:41.048+0000] {dagbag.py:540} INFO - Filling up the DagBag from /home/airflow/.local/lib/python3.8/site-packages/airflow/example_dags/example_branch_python_dop_operator_3.py
[2026-05-26T18:32:41.055+0000] {processor.py:840} INFO - DAG(s) 'example_branch_dop_operator_v3' retrieved from /home/airflow/.local/lib/python3.8/site-packages/airflow/example_dags/example_branch_python_dop_operator_3.py
[2026-05-26T18:32:41.071+0000] {logging_mixin.py:188} INFO - [2026-05-26T18:32:41.071+0000] {dag.py:3047} INFO - Sync 1 DAGs
[2026-05-26T18:32:41.090+0000] {logging_mixin.py:188} INFO - [2026-05-26T18:32:41.090+0000] {dag.py:3834} INFO - Setting next_dagrun for example_branch_dop_operator_v3 to 2026-05-26 18:31:00+00:00, run_after=2026-05-26 18:32:00+00:00
[2026-05-26T18:32:41.105+0000] {processor.py:183} INFO - Processing /home/airflow/.local/lib/python3.8/site-packages/airflow/example_dags/example_branch_python_dop_operator_3.py took 0.063 seconds
[2026-05-26T18:33:11.755+0000] {processor.py:161} INFO - Started process (PID=2802) to work on /home/airflow/.local/lib/python3.8/site-packages/airflow/example_dags/example_branch_python_dop_operator_3.py
[2026-05-26T18:33:11.756+0000] {processor.py:830} INFO - Processing file /home/airflow/.local/lib/python3.8/site-packages/airflow/example_dags/example_branch_python_dop_operator_3.py for tasks to queue
[2026-05-26T18:33:11.758+0000] {logging_mixin.py:188} INFO - [2026-05-26T18:33:11.758+0000] {dagbag.py:540} INFO - Filling up the DagBag from /home/airflow/.local/lib/python3.8/site-packages/airflow/example_dags/example_branch_python_dop_operator_3.py
[2026-05-26T18:33:11.766+0000] {processor.py:840} INFO - DAG(s) 'example_branch_dop_operator_v3' retrieved from /home/airflow/.local/lib/python3.8/site-packages/airflow/example_dags/example_branch_python_dop_operator_3.py
[2026-05-26T18:33:11.782+0000] {logging_mixin.py:188} INFO - [2026-05-26T18:33:11.782+0000] {dag.py:3047} INFO - Sync 1 DAGs
[2026-05-26T18:33:11.802+0000] {logging_mixin.py:188} INFO - [2026-05-26T18:33:11.802+0000] {dag.py:3834} INFO - Setting next_dagrun for example_branch_dop_operator_v3 to 2026-05-26 18:32:00+00:00, run_after=2026-05-26 18:33:00+00:00
[2026-05-26T18:33:11.819+0000] {processor.py:183} INFO - Processing /home/airflow/.local/lib/python3.8/site-packages/airflow/example_dags/example_branch_python_dop_operator_3.py took 0.067 seconds
[2026-05-26T18:33:42.795+0000] {processor.py:161} INFO - Started process (PID=2857) to work on /home/airflow/.local/lib/python3.8/site-packages/airflow/example_dags/example_branch_python_dop_operator_3.py
[2026-05-26T18:33:42.797+0000] {processor.py:830} INFO - Processing file /home/airflow/.local/lib/python3.8/site-packages/airflow/example_dags/example_branch_python_dop_operator_3.py for tasks to queue
[2026-05-26T18:33:42.800+0000] {logging_mixin.py:188} INFO - [2026-05-26T18:33:42.800+0000] {dagbag.py:540} INFO - Filling up the DagBag from /home/airflow/.local/lib/python3.8/site-packages/airflow/example_dags/example_branch_python_dop_operator_3.py
[2026-05-26T18:33:42.807+0000] {processor.py:840} INFO - DAG(s) 'example_branch_dop_operator_v3' retrieved from /home/airflow/.local/lib/python3.8/site-packages/airflow/example_dags/example_branch_python_dop_operator_3.py
[2026-05-26T18:33:42.826+0000] {logging_mixin.py:188} INFO - [2026-05-26T18:33:42.825+0000] {dag.py:3047} INFO - Sync 1 DAGs
[2026-05-26T18:33:42.846+0000] {logging_mixin.py:188} INFO - [2026-05-26T18:33:42.846+0000] {dag.py:3834} INFO - Setting next_dagrun for example_branch_dop_operator_v3 to 2026-05-26 18:32:00+00:00, run_after=2026-05-26 18:33:00+00:00
[2026-05-26T18:33:42.862+0000] {processor.py:183} INFO - Processing /home/airflow/.local/lib/python3.8/site-packages/airflow/example_dags/example_branch_python_dop_operator_3.py took 0.070 seconds
[2026-05-26T18:34:13.030+0000] {processor.py:161} INFO - Started process (PID=2912) to work on /home/airflow/.local/lib/python3.8/site-packages/airflow/example_dags/example_branch_python_dop_operator_3.py
[2026-05-26T18:34:13.032+0000] {processor.py:830} INFO - Processing file /home/airflow/.local/lib/python3.8/site-packages/airflow/example_dags/example_branch_python_dop_operator_3.py for tasks to queue
[2026-05-26T18:34:13.034+0000] {logging_mixin.py:188} INFO - [2026-05-26T18:34:13.034+0000] {dagbag.py:540} INFO - Filling up the DagBag from /home/airflow/.local/lib/python3.8/site-packages/airflow/example_dags/example_branch_python_dop_operator_3.py
[2026-05-26T18:34:13.042+0000] {processor.py:840} INFO - DAG(s) 'example_branch_dop_operator_v3' retrieved from /home/airflow/.local/lib/python3.8/site-packages/airflow/example_dags/example_branch_python_dop_operator_3.py
[2026-05-26T18:34:13.065+0000] {logging_mixin.py:188} INFO - [2026-05-26T18:34:13.065+0000] {dag.py:3047} INFO - Sync 1 DAGs
[2026-05-26T18:34:13.090+0000] {logging_mixin.py:188} INFO - [2026-05-26T18:34:13.090+0000] {dag.py:3834} INFO - Setting next_dagrun for example_branch_dop_operator_v3 to 2026-05-26 18:33:00+00:00, run_after=2026-05-26 18:34:00+00:00
[2026-05-26T18:34:13.110+0000] {processor.py:183} INFO - Processing /home/airflow/.local/lib/python3.8/site-packages/airflow/example_dags/example_branch_python_dop_operator_3.py took 0.084 seconds
[2026-05-26T18:34:43.224+0000] {processor.py:161} INFO - Started process (PID=2967) to work on /home/airflow/.local/lib/python3.8/site-packages/airflow/example_dags/example_branch_python_dop_operator_3.py
[2026-05-26T18:34:43.225+0000] {processor.py:830} INFO - Processing file /home/airflow/.local/lib/python3.8/site-packages/airflow/example_dags/example_branch_python_dop_operator_3.py for tasks to queue
[2026-05-26T18:34:43.227+0000] {logging_mixin.py:188} INFO - [2026-05-26T18:34:43.226+0000] {dagbag.py:540} INFO - Filling up the DagBag from /home/airflow/.local/lib/python3.8/site-packages/airflow/example_dags/example_branch_python_dop_operator_3.py
[2026-05-26T18:34:43.234+0000] {processor.py:840} INFO - DAG(s) 'example_branch_dop_operator_v3' retrieved from /home/airflow/.local/lib/python3.8/site-packages/airflow/example_dags/example_branch_python_dop_operator_3.py
[2026-05-26T18:34:43.251+0000] {logging_mixin.py:188} INFO - [2026-05-26T18:34:43.251+0000] {dag.py:3047} INFO - Sync 1 DAGs
[2026-05-26T18:34:43.269+0000] {logging_mixin.py:188} INFO - [2026-05-26T18:34:43.269+0000] {dag.py:3834} INFO - Setting next_dagrun for example_branch_dop_operator_v3 to 2026-05-26 18:33:00+00:00, run_after=2026-05-26 18:34:00+00:00
[2026-05-26T18:34:43.289+0000] {processor.py:183} INFO - Processing /home/airflow/.local/lib/python3.8/site-packages/airflow/example_dags/example_branch_python_dop_operator_3.py took 0.069 seconds
[2026-05-26T18:35:13.932+0000] {processor.py:161} INFO - Started process (PID=3022) to work on /home/airflow/.local/lib/python3.8/site-packages/airflow/example_dags/example_branch_python_dop_operator_3.py
[2026-05-26T18:35:13.933+0000] {processor.py:830} INFO - Processing file /home/airflow/.local/lib/python3.8/site-packages/airflow/example_dags/example_branch_python_dop_operator_3.py for tasks to queue
[2026-05-26T18:35:13.935+0000] {logging_mixin.py:188} INFO - [2026-05-26T18:35:13.935+0000] {dagbag.py:540} INFO - Filling up the DagBag from /home/airflow/.local/lib/python3.8/site-packages/airflow/example_dags/example_branch_python_dop_operator_3.py
[2026-05-26T18:35:13.942+0000] {processor.py:840} INFO - DAG(s) 'example_branch_dop_operator_v3' retrieved from /home/airflow/.local/lib/python3.8/site-packages/airflow/example_dags/example_branch_python_dop_operator_3.py
[2026-05-26T18:35:13.959+0000] {logging_mixin.py:188} INFO - [2026-05-26T18:35:13.958+0000] {dag.py:3047} INFO - Sync 1 DAGs
[2026-05-26T18:35:13.976+0000] {logging_mixin.py:188} INFO - [2026-05-26T18:35:13.976+0000] {dag.py:3834} INFO - Setting next_dagrun for example_branch_dop_operator_v3 to 2026-05-26 18:34:00+00:00, run_after=2026-05-26 18:35:00+00:00
[2026-05-26T18:35:13.992+0000] {processor.py:183} INFO - Processing /home/airflow/.local/lib/python3.8/site-packages/airflow/example_dags/example_branch_python_dop_operator_3.py took 0.063 seconds
[2026-05-26T18:35:44.058+0000] {processor.py:161} INFO - Started process (PID=3077) to work on /home/airflow/.local/lib/python3.8/site-packages/airflow/example_dags/example_branch_python_dop_operator_3.py
[2026-05-26T18:35:44.060+0000] {processor.py:830} INFO - Processing file /home/airflow/.local/lib/python3.8/site-packages/airflow/example_dags/example_branch_python_dop_operator_3.py for tasks to queue
[2026-05-26T18:35:44.062+0000] {logging_mixin.py:188} INFO - [2026-05-26T18:35:44.062+0000] {dagbag.py:540} INFO - Filling up the DagBag from /home/airflow/.local/lib/python3.8/site-packages/airflow/example_dags/example_branch_python_dop_operator_3.py
[2026-05-26T18:35:44.070+0000] {processor.py:840} INFO - DAG(s) 'example_branch_dop_operator_v3' retrieved from /home/airflow/.local/lib/python3.8/site-packages/airflow/example_dags/example_branch_python_dop_operator_3.py
[2026-05-26T18:35:44.089+0000] {logging_mixin.py:188} INFO - [2026-05-26T18:35:44.089+0000] {dag.py:3047} INFO - Sync 1 DAGs
[2026-05-26T18:35:44.109+0000] {logging_mixin.py:188} INFO - [2026-05-26T18:35:44.109+0000] {dag.py:3834} INFO - Setting next_dagrun for example_branch_dop_operator_v3 to 2026-05-26 18:34:00+00:00, run_after=2026-05-26 18:35:00+00:00
[2026-05-26T18:35:44.126+0000] {processor.py:183} INFO - Processing /home/airflow/.local/lib/python3.8/site-packages/airflow/example_dags/example_branch_python_dop_operator_3.py took 0.070 seconds
[2026-05-26T18:36:14.700+0000] {processor.py:161} INFO - Started process (PID=3132) to work on /home/airflow/.local/lib/python3.8/site-packages/airflow/example_dags/example_branch_python_dop_operator_3.py
[2026-05-26T18:36:14.702+0000] {processor.py:830} INFO - Processing file /home/airflow/.local/lib/python3.8/site-packages/airflow/example_dags/example_branch_python_dop_operator_3.py for tasks to queue
[2026-05-26T18:36:14.708+0000] {logging_mixin.py:188} INFO - [2026-05-26T18:36:14.707+0000] {dagbag.py:540} INFO - Filling up the DagBag from /home/airflow/.local/lib/python3.8/site-packages/airflow/example_dags/example_branch_python_dop_operator_3.py
[2026-05-26T18:36:14.725+0000] {processor.py:840} INFO - DAG(s) 'example_branch_dop_operator_v3' retrieved from /home/airflow/.local/lib/python3.8/site-packages/airflow/example_dags/example_branch_python_dop_operator_3.py
[2026-05-26T18:36:14.772+0000] {logging_mixin.py:188} INFO - [2026-05-26T18:36:14.771+0000] {dag.py:3047} INFO - Sync 1 DAGs
[2026-05-26T18:36:14.821+0000] {logging_mixin.py:188} INFO - [2026-05-26T18:36:14.820+0000] {dag.py:3834} INFO - Setting next_dagrun for example_branch_dop_operator_v3 to 2026-05-26 18:35:00+00:00, run_after=2026-05-26 18:36:00+00:00
[2026-05-26T18:36:14.857+0000] {processor.py:183} INFO - Processing /home/airflow/.local/lib/python3.8/site-packages/airflow/example_dags/example_branch_python_dop_operator_3.py took 0.163 seconds
[2026-05-26T18:36:45.722+0000] {processor.py:161} INFO - Started process (PID=3187) to work on /home/airflow/.local/lib/python3.8/site-packages/airflow/example_dags/example_branch_python_dop_operator_3.py
[2026-05-26T18:36:45.724+0000] {processor.py:830} INFO - Processing file /home/airflow/.local/lib/python3.8/site-packages/airflow/example_dags/example_branch_python_dop_operator_3.py for tasks to queue
[2026-05-26T18:36:45.727+0000] {logging_mixin.py:188} INFO - [2026-05-26T18:36:45.727+0000] {dagbag.py:540} INFO - Filling up the DagBag from /home/airflow/.local/lib/python3.8/site-packages/airflow/example_dags/example_branch_python_dop_operator_3.py
[2026-05-26T18:36:45.734+0000] {processor.py:840} INFO - DAG(s) 'example_branch_dop_operator_v3' retrieved from /home/airflow/.local/lib/python3.8/site-packages/airflow/example_dags/example_branch_python_dop_operator_3.py
[2026-05-26T18:36:45.753+0000] {logging_mixin.py:188} INFO - [2026-05-26T18:36:45.752+0000] {dag.py:3047} INFO - Sync 1 DAGs
[2026-05-26T18:36:45.776+0000] {logging_mixin.py:188} INFO - [2026-05-26T18:36:45.775+0000] {dag.py:3834} INFO - Setting next_dagrun for example_branch_dop_operator_v3 to 2026-05-26 18:35:00+00:00, run_after=2026-05-26 18:36:00+00:00
[2026-05-26T18:36:45.793+0000] {processor.py:183} INFO - Processing /home/airflow/.local/lib/python3.8/site-packages/airflow/example_dags/example_branch_python_dop_operator_3.py took 0.074 seconds
[2026-05-26T18:37:16.016+0000] {processor.py:161} INFO - Started process (PID=3242) to work on /home/airflow/.local/lib/python3.8/site-packages/airflow/example_dags/example_branch_python_dop_operator_3.py
[2026-05-26T18:37:16.018+0000] {processor.py:830} INFO - Processing file /home/airflow/.local/lib/python3.8/site-packages/airflow/example_dags/example_branch_python_dop_operator_3.py for tasks to queue
[2026-05-26T18:37:16.021+0000] {logging_mixin.py:188} INFO - [2026-05-26T18:37:16.021+0000] {dagbag.py:540} INFO - Filling up the DagBag from /home/airflow/.local/lib/python3.8/site-packages/airflow/example_dags/example_branch_python_dop_operator_3.py
[2026-05-26T18:37:16.029+0000] {processor.py:840} INFO - DAG(s) 'example_branch_dop_operator_v3' retrieved from /home/airflow/.local/lib/python3.8/site-packages/airflow/example_dags/example_branch_python_dop_operator_3.py
[2026-05-26T18:37:16.047+0000] {logging_mixin.py:188} INFO - [2026-05-26T18:37:16.047+0000] {dag.py:3047} INFO - Sync 1 DAGs
[2026-05-26T18:37:16.069+0000] {logging_mixin.py:188} INFO - [2026-05-26T18:37:16.069+0000] {dag.py:3834} INFO - Setting next_dagrun for example_branch_dop_operator_v3 to 2026-05-26 18:36:00+00:00, run_after=2026-05-26 18:37:00+00:00
[2026-05-26T18:37:16.089+0000] {processor.py:183} INFO - Processing /home/airflow/.local/lib/python3.8/site-packages/airflow/example_dags/example_branch_python_dop_operator_3.py took 0.076 seconds
[2026-05-26T18:37:46.356+0000] {processor.py:161} INFO - Started process (PID=3297) to work on /home/airflow/.local/lib/python3.8/site-packages/airflow/example_dags/example_branch_python_dop_operator_3.py
[2026-05-26T18:37:46.358+0000] {processor.py:830} INFO - Processing file /home/airflow/.local/lib/python3.8/site-packages/airflow/example_dags/example_branch_python_dop_operator_3.py for tasks to queue
[2026-05-26T18:37:46.360+0000] {logging_mixin.py:188} INFO - [2026-05-26T18:37:46.360+0000] {dagbag.py:540} INFO - Filling up the DagBag from /home/airflow/.local/lib/python3.8/site-packages/airflow/example_dags/example_branch_python_dop_operator_3.py
[2026-05-26T18:37:46.374+0000] {processor.py:840} INFO - DAG(s) 'example_branch_dop_operator_v3' retrieved from /home/airflow/.local/lib/python3.8/site-packages/airflow/example_dags/example_branch_python_dop_operator_3.py
[2026-05-26T18:37:46.406+0000] {logging_mixin.py:188} INFO - [2026-05-26T18:37:46.405+0000] {dag.py:3047} INFO - Sync 1 DAGs
[2026-05-26T18:37:46.453+0000] {logging_mixin.py:188} INFO - [2026-05-26T18:37:46.452+0000] {dag.py:3834} INFO - Setting next_dagrun for example_branch_dop_operator_v3 to 2026-05-26 18:36:00+00:00, run_after=2026-05-26 18:37:00+00:00
[2026-05-26T18:37:46.483+0000] {processor.py:183} INFO - Processing /home/airflow/.local/lib/python3.8/site-packages/airflow/example_dags/example_branch_python_dop_operator_3.py took 0.130 seconds
[2026-05-26T18:38:16.966+0000] {processor.py:161} INFO - Started process (PID=3353) to work on /home/airflow/.local/lib/python3.8/site-packages/airflow/example_dags/example_branch_python_dop_operator_3.py
[2026-05-26T18:38:16.967+0000] {processor.py:830} INFO - Processing file /home/airflow/.local/lib/python3.8/site-packages/airflow/example_dags/example_branch_python_dop_operator_3.py for tasks to queue
[2026-05-26T18:38:16.969+0000] {logging_mixin.py:188} INFO - [2026-05-26T18:38:16.969+0000] {dagbag.py:540} INFO - Filling up the DagBag from /home/airflow/.local/lib/python3.8/site-packages/airflow/example_dags/example_branch_python_dop_operator_3.py
[2026-05-26T18:38:16.976+0000] {processor.py:840} INFO - DAG(s) 'example_branch_dop_operator_v3' retrieved from /home/airflow/.local/lib/python3.8/site-packages/airflow/example_dags/example_branch_python_dop_operator_3.py
[2026-05-26T18:38:16.997+0000] {logging_mixin.py:188} INFO - [2026-05-26T18:38:16.996+0000] {dag.py:3047} INFO - Sync 1 DAGs
[2026-05-26T18:38:17.018+0000] {logging_mixin.py:188} INFO - [2026-05-26T18:38:17.017+0000] {dag.py:3834} INFO - Setting next_dagrun for example_branch_dop_operator_v3 to 2026-05-26 18:37:00+00:00, run_after=2026-05-26 18:38:00+00:00
[2026-05-26T18:38:17.036+0000] {processor.py:183} INFO - Processing /home/airflow/.local/lib/python3.8/site-packages/airflow/example_dags/example_branch_python_dop_operator_3.py took 0.073 seconds
[2026-05-26T18:38:47.498+0000] {processor.py:161} INFO - Started process (PID=3409) to work on /home/airflow/.local/lib/python3.8/site-packages/airflow/example_dags/example_branch_python_dop_operator_3.py
[2026-05-26T18:38:47.500+0000] {processor.py:830} INFO - Processing file /home/airflow/.local/lib/python3.8/site-packages/airflow/example_dags/example_branch_python_dop_operator_3.py for tasks to queue
[2026-05-26T18:38:47.501+0000] {logging_mixin.py:188} INFO - [2026-05-26T18:38:47.501+0000] {dagbag.py:540} INFO - Filling up the DagBag from /home/airflow/.local/lib/python3.8/site-packages/airflow/example_dags/example_branch_python_dop_operator_3.py
[2026-05-26T18:38:47.509+0000] {processor.py:840} INFO - DAG(s) 'example_branch_dop_operator_v3' retrieved from /home/airflow/.local/lib/python3.8/site-packages/airflow/example_dags/example_branch_python_dop_operator_3.py
[2026-05-26T18:38:47.527+0000] {logging_mixin.py:188} INFO - [2026-05-26T18:38:47.526+0000] {dag.py:3047} INFO - Sync 1 DAGs
[2026-05-26T18:38:47.548+0000] {logging_mixin.py:188} INFO - [2026-05-26T18:38:47.547+0000] {dag.py:3834} INFO - Setting next_dagrun for example_branch_dop_operator_v3 to 2026-05-26 18:37:00+00:00, run_after=2026-05-26 18:38:00+00:00
[2026-05-26T18:38:47.565+0000] {processor.py:183} INFO - Processing /home/airflow/.local/lib/python3.8/site-packages/airflow/example_dags/example_branch_python_dop_operator_3.py took 0.069 seconds
[2026-05-26T18:39:18.128+0000] {processor.py:161} INFO - Started process (PID=3464) to work on /home/airflow/.local/lib/python3.8/site-packages/airflow/example_dags/example_branch_python_dop_operator_3.py
[2026-05-26T18:39:18.130+0000] {processor.py:830} INFO - Processing file /home/airflow/.local/lib/python3.8/site-packages/airflow/example_dags/example_branch_python_dop_operator_3.py for tasks to queue
[2026-05-26T18:39:18.133+0000] {logging_mixin.py:188} INFO - [2026-05-26T18:39:18.132+0000] {dagbag.py:540} INFO - Filling up the DagBag from /home/airflow/.local/lib/python3.8/site-packages/airflow/example_dags/example_branch_python_dop_operator_3.py
[2026-05-26T18:39:18.145+0000] {processor.py:840} INFO - DAG(s) 'example_branch_dop_operator_v3' retrieved from /home/airflow/.local/lib/python3.8/site-packages/airflow/example_dags/example_branch_python_dop_operator_3.py
[2026-05-26T18:39:18.173+0000] {logging_mixin.py:188} INFO - [2026-05-26T18:39:18.173+0000] {dag.py:3047} INFO - Sync 1 DAGs
[2026-05-26T18:39:18.206+0000] {logging_mixin.py:188} INFO - [2026-05-26T18:39:18.206+0000] {dag.py:3834} INFO - Setting next_dagrun for example_branch_dop_operator_v3 to 2026-05-26 18:38:00+00:00, run_after=2026-05-26 18:39:00+00:00
[2026-05-26T18:39:18.228+0000] {processor.py:183} INFO - Processing /home/airflow/.local/lib/python3.8/site-packages/airflow/example_dags/example_branch_python_dop_operator_3.py took 0.104 seconds
[2026-05-26T18:39:48.463+0000] {processor.py:161} INFO - Started process (PID=3519) to work on /home/airflow/.local/lib/python3.8/site-packages/airflow/example_dags/example_branch_python_dop_operator_3.py
[2026-05-26T18:39:48.464+0000] {processor.py:830} INFO - Processing file /home/airflow/.local/lib/python3.8/site-packages/airflow/example_dags/example_branch_python_dop_operator_3.py for tasks to queue
[2026-05-26T18:39:48.467+0000] {logging_mixin.py:188} INFO - [2026-05-26T18:39:48.467+0000] {dagbag.py:540} INFO - Filling up the DagBag from /home/airflow/.local/lib/python3.8/site-packages/airflow/example_dags/example_branch_python_dop_operator_3.py
[2026-05-26T18:39:48.474+0000] {processor.py:840} INFO - DAG(s) 'example_branch_dop_operator_v3' retrieved from /home/airflow/.local/lib/python3.8/site-packages/airflow/example_dags/example_branch_python_dop_operator_3.py
[2026-05-26T18:39:48.492+0000] {logging_mixin.py:188} INFO - [2026-05-26T18:39:48.492+0000] {dag.py:3047} INFO - Sync 1 DAGs
[2026-05-26T18:39:48.514+0000] {logging_mixin.py:188} INFO - [2026-05-26T18:39:48.514+0000] {dag.py:3834} INFO - Setting next_dagrun for example_branch_dop_operator_v3 to 2026-05-26 18:38:00+00:00, run_after=2026-05-26 18:39:00+00:00
[2026-05-26T18:39:48.534+0000] {processor.py:183} INFO - Processing /home/airflow/.local/lib/python3.8/site-packages/airflow/example_dags/example_branch_python_dop_operator_3.py took 0.074 seconds
[2026-05-26T18:40:18.961+0000] {processor.py:161} INFO - Started process (PID=3574) to work on /home/airflow/.local/lib/python3.8/site-packages/airflow/example_dags/example_branch_python_dop_operator_3.py
[2026-05-26T18:40:18.964+0000] {processor.py:830} INFO - Processing file /home/airflow/.local/lib/python3.8/site-packages/airflow/example_dags/example_branch_python_dop_operator_3.py for tasks to queue
[2026-05-26T18:40:18.968+0000] {logging_mixin.py:188} INFO - [2026-05-26T18:40:18.968+0000] {dagbag.py:540} INFO - Filling up the DagBag from /home/airflow/.local/lib/python3.8/site-packages/airflow/example_dags/example_branch_python_dop_operator_3.py
[2026-05-26T18:40:18.984+0000] {processor.py:840} INFO - DAG(s) 'example_branch_dop_operator_v3' retrieved from /home/airflow/.local/lib/python3.8/site-packages/airflow/example_dags/example_branch_python_dop_operator_3.py
[2026-05-26T18:40:19.013+0000] {logging_mixin.py:188} INFO - [2026-05-26T18:40:19.013+0000] {dag.py:3047} INFO - Sync 1 DAGs
[2026-05-26T18:40:19.044+0000] {logging_mixin.py:188} INFO - [2026-05-26T18:40:19.044+0000] {dag.py:3834} INFO - Setting next_dagrun for example_branch_dop_operator_v3 to 2026-05-26 18:39:00+00:00, run_after=2026-05-26 18:40:00+00:00
[2026-05-26T18:40:19.070+0000] {processor.py:183} INFO - Processing /home/airflow/.local/lib/python3.8/site-packages/airflow/example_dags/example_branch_python_dop_operator_3.py took 0.114 seconds
[2026-05-26T18:40:49.560+0000] {processor.py:161} INFO - Started process (PID=3629) to work on /home/airflow/.local/lib/python3.8/site-packages/airflow/example_dags/example_branch_python_dop_operator_3.py
[2026-05-26T18:40:49.562+0000] {processor.py:830} INFO - Processing file /home/airflow/.local/lib/python3.8/site-packages/airflow/example_dags/example_branch_python_dop_operator_3.py for tasks to queue
[2026-05-26T18:40:49.565+0000] {logging_mixin.py:188} INFO - [2026-05-26T18:40:49.564+0000] {dagbag.py:540} INFO - Filling up the DagBag from /home/airflow/.local/lib/python3.8/site-packages/airflow/example_dags/example_branch_python_dop_operator_3.py
[2026-05-26T18:40:49.571+0000] {processor.py:840} INFO - DAG(s) 'example_branch_dop_operator_v3' retrieved from /home/airflow/.local/lib/python3.8/site-packages/airflow/example_dags/example_branch_python_dop_operator_3.py
[2026-05-26T18:40:49.589+0000] {logging_mixin.py:188} INFO - [2026-05-26T18:40:49.589+0000] {dag.py:3047} INFO - Sync 1 DAGs
[2026-05-26T18:40:49.611+0000] {logging_mixin.py:188} INFO - [2026-05-26T18:40:49.611+0000] {dag.py:3834} INFO - Setting next_dagrun for example_branch_dop_operator_v3 to 2026-05-26 18:39:00+00:00, run_after=2026-05-26 18:40:00+00:00
[2026-05-26T18:40:49.633+0000] {processor.py:183} INFO - Processing /home/airflow/.local/lib/python3.8/site-packages/airflow/example_dags/example_branch_python_dop_operator_3.py took 0.075 seconds
[2026-05-26T18:41:20.141+0000] {processor.py:161} INFO - Started process (PID=3685) to work on /home/airflow/.local/lib/python3.8/site-packages/airflow/example_dags/example_branch_python_dop_operator_3.py
[2026-05-26T18:41:20.142+0000] {processor.py:830} INFO - Processing file /home/airflow/.local/lib/python3.8/site-packages/airflow/example_dags/example_branch_python_dop_operator_3.py for tasks to queue
[2026-05-26T18:41:20.145+0000] {logging_mixin.py:188} INFO - [2026-05-26T18:41:20.145+0000] {dagbag.py:540} INFO - Filling up the DagBag from /home/airflow/.local/lib/python3.8/site-packages/airflow/example_dags/example_branch_python_dop_operator_3.py
[2026-05-26T18:41:20.152+0000] {processor.py:840} INFO - DAG(s) 'example_branch_dop_operator_v3' retrieved from /home/airflow/.local/lib/python3.8/site-packages/airflow/example_dags/example_branch_python_dop_operator_3.py
[2026-05-26T18:41:20.172+0000] {logging_mixin.py:188} INFO - [2026-05-26T18:41:20.172+0000] {dag.py:3047} INFO - Sync 1 DAGs
[2026-05-26T18:41:20.193+0000] {logging_mixin.py:188} INFO - [2026-05-26T18:41:20.192+0000] {dag.py:3834} INFO - Setting next_dagrun for example_branch_dop_operator_v3 to 2026-05-26 18:40:00+00:00, run_after=2026-05-26 18:41:00+00:00
[2026-05-26T18:41:20.212+0000] {processor.py:183} INFO - Processing /home/airflow/.local/lib/python3.8/site-packages/airflow/example_dags/example_branch_python_dop_operator_3.py took 0.073 seconds
[2026-05-26T18:41:50.776+0000] {processor.py:161} INFO - Started process (PID=3740) to work on /home/airflow/.local/lib/python3.8/site-packages/airflow/example_dags/example_branch_python_dop_operator_3.py
[2026-05-26T18:41:50.777+0000] {processor.py:830} INFO - Processing file /home/airflow/.local/lib/python3.8/site-packages/airflow/example_dags/example_branch_python_dop_operator_3.py for tasks to queue
[2026-05-26T18:41:50.779+0000] {logging_mixin.py:188} INFO - [2026-05-26T18:41:50.779+0000] {dagbag.py:540} INFO - Filling up the DagBag from /home/airflow/.local/lib/python3.8/site-packages/airflow/example_dags/example_branch_python_dop_operator_3.py
[2026-05-26T18:41:50.788+0000] {processor.py:840} INFO - DAG(s) 'example_branch_dop_operator_v3' retrieved from /home/airflow/.local/lib/python3.8/site-packages/airflow/example_dags/example_branch_python_dop_operator_3.py
[2026-05-26T18:41:50.806+0000] {logging_mixin.py:188} INFO - [2026-05-26T18:41:50.806+0000] {dag.py:3047} INFO - Sync 1 DAGs
[2026-05-26T18:41:50.833+0000] {logging_mixin.py:188} INFO - [2026-05-26T18:41:50.832+0000] {dag.py:3834} INFO - Setting next_dagrun for example_branch_dop_operator_v3 to 2026-05-26 18:40:00+00:00, run_after=2026-05-26 18:41:00+00:00
[2026-05-26T18:41:50.851+0000] {processor.py:183} INFO - Processing /home/airflow/.local/lib/python3.8/site-packages/airflow/example_dags/example_branch_python_dop_operator_3.py took 0.078 seconds
[2026-05-26T18:42:21.331+0000] {processor.py:161} INFO - Started process (PID=3795) to work on /home/airflow/.local/lib/python3.8/site-packages/airflow/example_dags/example_branch_python_dop_operator_3.py
[2026-05-26T18:42:21.333+0000] {processor.py:830} INFO - Processing file /home/airflow/.local/lib/python3.8/site-packages/airflow/example_dags/example_branch_python_dop_operator_3.py for tasks to queue
[2026-05-26T18:42:21.335+0000] {logging_mixin.py:188} INFO - [2026-05-26T18:42:21.335+0000] {dagbag.py:540} INFO - Filling up the DagBag from /home/airflow/.local/lib/python3.8/site-packages/airflow/example_dags/example_branch_python_dop_operator_3.py
[2026-05-26T18:42:21.342+0000] {processor.py:840} INFO - DAG(s) 'example_branch_dop_operator_v3' retrieved from /home/airflow/.local/lib/python3.8/site-packages/airflow/example_dags/example_branch_python_dop_operator_3.py
[2026-05-26T18:42:21.360+0000] {logging_mixin.py:188} INFO - [2026-05-26T18:42:21.359+0000] {dag.py:3047} INFO - Sync 1 DAGs
[2026-05-26T18:42:21.378+0000] {logging_mixin.py:188} INFO - [2026-05-26T18:42:21.378+0000] {dag.py:3834} INFO - Setting next_dagrun for example_branch_dop_operator_v3 to 2026-05-26 18:41:00+00:00, run_after=2026-05-26 18:42:00+00:00
[2026-05-26T18:42:21.394+0000] {processor.py:183} INFO - Processing /home/airflow/.local/lib/python3.8/site-packages/airflow/example_dags/example_branch_python_dop_operator_3.py took 0.066 seconds
[2026-05-26T18:42:51.723+0000] {processor.py:161} INFO - Started process (PID=3850) to work on /home/airflow/.local/lib/python3.8/site-packages/airflow/example_dags/example_branch_python_dop_operator_3.py
[2026-05-26T18:42:51.724+0000] {processor.py:830} INFO - Processing file /home/airflow/.local/lib/python3.8/site-packages/airflow/example_dags/example_branch_python_dop_operator_3.py for tasks to queue
[2026-05-26T18:42:51.727+0000] {logging_mixin.py:188} INFO - [2026-05-26T18:42:51.727+0000] {dagbag.py:540} INFO - Filling up the DagBag from /home/airflow/.local/lib/python3.8/site-packages/airflow/example_dags/example_branch_python_dop_operator_3.py
[2026-05-26T18:42:51.734+0000] {processor.py:840} INFO - DAG(s) 'example_branch_dop_operator_v3' retrieved from /home/airflow/.local/lib/python3.8/site-packages/airflow/example_dags/example_branch_python_dop_operator_3.py
[2026-05-26T18:42:51.753+0000] {logging_mixin.py:188} INFO - [2026-05-26T18:42:51.753+0000] {dag.py:3047} INFO - Sync 1 DAGs
[2026-05-26T18:42:51.773+0000] {logging_mixin.py:188} INFO - [2026-05-26T18:42:51.773+0000] {dag.py:3834} INFO - Setting next_dagrun for example_branch_dop_operator_v3 to 2026-05-26 18:41:00+00:00, run_after=2026-05-26 18:42:00+00:00
[2026-05-26T18:42:51.791+0000] {processor.py:183} INFO - Processing /home/airflow/.local/lib/python3.8/site-packages/airflow/example_dags/example_branch_python_dop_operator_3.py took 0.071 seconds
[2026-05-26T18:43:22.363+0000] {processor.py:161} INFO - Started process (PID=3905) to work on /home/airflow/.local/lib/python3.8/site-packages/airflow/example_dags/example_branch_python_dop_operator_3.py
[2026-05-26T18:43:22.365+0000] {processor.py:830} INFO - Processing file /home/airflow/.local/lib/python3.8/site-packages/airflow/example_dags/example_branch_python_dop_operator_3.py for tasks to queue
[2026-05-26T18:43:22.367+0000] {logging_mixin.py:188} INFO - [2026-05-26T18:43:22.367+0000] {dagbag.py:540} INFO - Filling up the DagBag from /home/airflow/.local/lib/python3.8/site-packages/airflow/example_dags/example_branch_python_dop_operator_3.py
[2026-05-26T18:43:22.375+0000] {processor.py:840} INFO - DAG(s) 'example_branch_dop_operator_v3' retrieved from /home/airflow/.local/lib/python3.8/site-packages/airflow/example_dags/example_branch_python_dop_operator_3.py
[2026-05-26T18:43:22.394+0000] {logging_mixin.py:188} INFO - [2026-05-26T18:43:22.394+0000] {dag.py:3047} INFO - Sync 1 DAGs
[2026-05-26T18:43:22.414+0000] {logging_mixin.py:188} INFO - [2026-05-26T18:43:22.414+0000] {dag.py:3834} INFO - Setting next_dagrun for example_branch_dop_operator_v3 to 2026-05-26 18:42:00+00:00, run_after=2026-05-26 18:43:00+00:00
[2026-05-26T18:43:22.433+0000] {processor.py:183} INFO - Processing /home/airflow/.local/lib/python3.8/site-packages/airflow/example_dags/example_branch_python_dop_operator_3.py took 0.072 seconds
[2026-05-26T18:43:52.888+0000] {processor.py:161} INFO - Started process (PID=3960) to work on /home/airflow/.local/lib/python3.8/site-packages/airflow/example_dags/example_branch_python_dop_operator_3.py
[2026-05-26T18:43:52.889+0000] {processor.py:830} INFO - Processing file /home/airflow/.local/lib/python3.8/site-packages/airflow/example_dags/example_branch_python_dop_operator_3.py for tasks to queue
[2026-05-26T18:43:52.891+0000] {logging_mixin.py:188} INFO - [2026-05-26T18:43:52.891+0000] {dagbag.py:540} INFO - Filling up the DagBag from /home/airflow/.local/lib/python3.8/site-packages/airflow/example_dags/example_branch_python_dop_operator_3.py
[2026-05-26T18:43:52.898+0000] {processor.py:840} INFO - DAG(s) 'example_branch_dop_operator_v3' retrieved from /home/airflow/.local/lib/python3.8/site-packages/airflow/example_dags/example_branch_python_dop_operator_3.py
[2026-05-26T18:43:52.917+0000] {logging_mixin.py:188} INFO - [2026-05-26T18:43:52.917+0000] {dag.py:3047} INFO - Sync 1 DAGs
[2026-05-26T18:43:52.939+0000] {logging_mixin.py:188} INFO - [2026-05-26T18:43:52.939+0000] {dag.py:3834} INFO - Setting next_dagrun for example_branch_dop_operator_v3 to 2026-05-26 18:42:00+00:00, run_after=2026-05-26 18:43:00+00:00
[2026-05-26T18:43:52.956+0000] {processor.py:183} INFO - Processing /home/airflow/.local/lib/python3.8/site-packages/airflow/example_dags/example_branch_python_dop_operator_3.py took 0.072 seconds
[2026-05-26T18:44:23.285+0000] {processor.py:161} INFO - Started process (PID=4015) to work on /home/airflow/.local/lib/python3.8/site-packages/airflow/example_dags/example_branch_python_dop_operator_3.py
[2026-05-26T18:44:23.287+0000] {processor.py:830} INFO - Processing file /home/airflow/.local/lib/python3.8/site-packages/airflow/example_dags/example_branch_python_dop_operator_3.py for tasks to queue
[2026-05-26T18:44:23.289+0000] {logging_mixin.py:188} INFO - [2026-05-26T18:44:23.289+0000] {dagbag.py:540} INFO - Filling up the DagBag from /home/airflow/.local/lib/python3.8/site-packages/airflow/example_dags/example_branch_python_dop_operator_3.py
[2026-05-26T18:44:23.296+0000] {processor.py:840} INFO - DAG(s) 'example_branch_dop_operator_v3' retrieved from /home/airflow/.local/lib/python3.8/site-packages/airflow/example_dags/example_branch_python_dop_operator_3.py
[2026-05-26T18:44:23.320+0000] {logging_mixin.py:188} INFO - [2026-05-26T18:44:23.320+0000] {dag.py:3047} INFO - Sync 1 DAGs
[2026-05-26T18:44:23.343+0000] {logging_mixin.py:188} INFO - [2026-05-26T18:44:23.342+0000] {dag.py:3834} INFO - Setting next_dagrun for example_branch_dop_operator_v3 to 2026-05-26 18:43:00+00:00, run_after=2026-05-26 18:44:00+00:00
[2026-05-26T18:44:23.359+0000] {processor.py:183} INFO - Processing /home/airflow/.local/lib/python3.8/site-packages/airflow/example_dags/example_branch_python_dop_operator_3.py took 0.077 seconds
[2026-05-26T18:44:53.770+0000] {processor.py:161} INFO - Started process (PID=4070) to work on /home/airflow/.local/lib/python3.8/site-packages/airflow/example_dags/example_branch_python_dop_operator_3.py
[2026-05-26T18:44:53.772+0000] {processor.py:830} INFO - Processing file /home/airflow/.local/lib/python3.8/site-packages/airflow/example_dags/example_branch_python_dop_operator_3.py for tasks to queue
[2026-05-26T18:44:53.774+0000] {logging_mixin.py:188} INFO - [2026-05-26T18:44:53.774+0000] {dagbag.py:540} INFO - Filling up the DagBag from /home/airflow/.local/lib/python3.8/site-packages/airflow/example_dags/example_branch_python_dop_operator_3.py
[2026-05-26T18:44:53.782+0000] {processor.py:840} INFO - DAG(s) 'example_branch_dop_operator_v3' retrieved from /home/airflow/.local/lib/python3.8/site-packages/airflow/example_dags/example_branch_python_dop_operator_3.py
[2026-05-26T18:44:53.799+0000] {logging_mixin.py:188} INFO - [2026-05-26T18:44:53.799+0000] {dag.py:3047} INFO - Sync 1 DAGs
[2026-05-26T18:44:53.821+0000] {logging_mixin.py:188} INFO - [2026-05-26T18:44:53.820+0000] {dag.py:3834} INFO - Setting next_dagrun for example_branch_dop_operator_v3 to 2026-05-26 18:43:00+00:00, run_after=2026-05-26 18:44:00+00:00
[2026-05-26T18:44:53.837+0000] {processor.py:183} INFO - Processing /home/airflow/.local/lib/python3.8/site-packages/airflow/example_dags/example_branch_python_dop_operator_3.py took 0.070 seconds
[2026-05-26T18:45:24.314+0000] {processor.py:161} INFO - Started process (PID=4125) to work on /home/airflow/.local/lib/python3.8/site-packages/airflow/example_dags/example_branch_python_dop_operator_3.py
[2026-05-26T18:45:24.316+0000] {processor.py:830} INFO - Processing file /home/airflow/.local/lib/python3.8/site-packages/airflow/example_dags/example_branch_python_dop_operator_3.py for tasks to queue
[2026-05-26T18:45:24.318+0000] {logging_mixin.py:188} INFO - [2026-05-26T18:45:24.318+0000] {dagbag.py:540} INFO - Filling up the DagBag from /home/airflow/.local/lib/python3.8/site-packages/airflow/example_dags/example_branch_python_dop_operator_3.py
[2026-05-26T18:45:24.327+0000] {processor.py:840} INFO - DAG(s) 'example_branch_dop_operator_v3' retrieved from /home/airflow/.local/lib/python3.8/site-packages/airflow/example_dags/example_branch_python_dop_operator_3.py
[2026-05-26T18:45:24.350+0000] {logging_mixin.py:188} INFO - [2026-05-26T18:45:24.350+0000] {dag.py:3047} INFO - Sync 1 DAGs
[2026-05-26T18:45:24.376+0000] {logging_mixin.py:188} INFO - [2026-05-26T18:45:24.376+0000] {dag.py:3834} INFO - Setting next_dagrun for example_branch_dop_operator_v3 to 2026-05-26 18:44:00+00:00, run_after=2026-05-26 18:45:00+00:00
[2026-05-26T18:45:24.397+0000] {processor.py:183} INFO - Processing /home/airflow/.local/lib/python3.8/site-packages/airflow/example_dags/example_branch_python_dop_operator_3.py took 0.086 seconds
[2026-05-26T18:45:55.054+0000] {processor.py:161} INFO - Started process (PID=4180) to work on /home/airflow/.local/lib/python3.8/site-packages/airflow/example_dags/example_branch_python_dop_operator_3.py
[2026-05-26T18:45:55.057+0000] {processor.py:830} INFO - Processing file /home/airflow/.local/lib/python3.8/site-packages/airflow/example_dags/example_branch_python_dop_operator_3.py for tasks to queue
[2026-05-26T18:45:55.061+0000] {logging_mixin.py:188} INFO - [2026-05-26T18:45:55.061+0000] {dagbag.py:540} INFO - Filling up the DagBag from /home/airflow/.local/lib/python3.8/site-packages/airflow/example_dags/example_branch_python_dop_operator_3.py
[2026-05-26T18:45:55.069+0000] {processor.py:840} INFO - DAG(s) 'example_branch_dop_operator_v3' retrieved from /home/airflow/.local/lib/python3.8/site-packages/airflow/example_dags/example_branch_python_dop_operator_3.py
[2026-05-26T18:45:55.094+0000] {logging_mixin.py:188} INFO - [2026-05-26T18:45:55.093+0000] {dag.py:3047} INFO - Sync 1 DAGs
[2026-05-26T18:45:55.116+0000] {logging_mixin.py:188} INFO - [2026-05-26T18:45:55.116+0000] {dag.py:3834} INFO - Setting next_dagrun for example_branch_dop_operator_v3 to 2026-05-26 18:44:00+00:00, run_after=2026-05-26 18:45:00+00:00
[2026-05-26T18:45:55.135+0000] {processor.py:183} INFO - Processing /home/airflow/.local/lib/python3.8/site-packages/airflow/example_dags/example_branch_python_dop_operator_3.py took 0.084 seconds
[2026-05-26T18:46:25.315+0000] {processor.py:161} INFO - Started process (PID=4235) to work on /home/airflow/.local/lib/python3.8/site-packages/airflow/example_dags/example_branch_python_dop_operator_3.py
[2026-05-26T18:46:25.317+0000] {processor.py:830} INFO - Processing file /home/airflow/.local/lib/python3.8/site-packages/airflow/example_dags/example_branch_python_dop_operator_3.py for tasks to queue
[2026-05-26T18:46:25.320+0000] {logging_mixin.py:188} INFO - [2026-05-26T18:46:25.320+0000] {dagbag.py:540} INFO - Filling up the DagBag from /home/airflow/.local/lib/python3.8/site-packages/airflow/example_dags/example_branch_python_dop_operator_3.py
[2026-05-26T18:46:25.328+0000] {processor.py:840} INFO - DAG(s) 'example_branch_dop_operator_v3' retrieved from /home/airflow/.local/lib/python3.8/site-packages/airflow/example_dags/example_branch_python_dop_operator_3.py
[2026-05-26T18:46:25.349+0000] {logging_mixin.py:188} INFO - [2026-05-26T18:46:25.349+0000] {dag.py:3047} INFO - Sync 1 DAGs
[2026-05-26T18:46:25.375+0000] {logging_mixin.py:188} INFO - [2026-05-26T18:46:25.374+0000] {dag.py:3834} INFO - Setting next_dagrun for example_branch_dop_operator_v3 to 2026-05-26 18:45:00+00:00, run_after=2026-05-26 18:46:00+00:00
[2026-05-26T18:46:25.391+0000] {processor.py:183} INFO - Processing /home/airflow/.local/lib/python3.8/site-packages/airflow/example_dags/example_branch_python_dop_operator_3.py took 0.079 seconds
[2026-05-26T18:46:56.009+0000] {processor.py:161} INFO - Started process (PID=4290) to work on /home/airflow/.local/lib/python3.8/site-packages/airflow/example_dags/example_branch_python_dop_operator_3.py
[2026-05-26T18:46:56.010+0000] {processor.py:830} INFO - Processing file /home/airflow/.local/lib/python3.8/site-packages/airflow/example_dags/example_branch_python_dop_operator_3.py for tasks to queue
[2026-05-26T18:46:56.012+0000] {logging_mixin.py:188} INFO - [2026-05-26T18:46:56.012+0000] {dagbag.py:540} INFO - Filling up the DagBag from /home/airflow/.local/lib/python3.8/site-packages/airflow/example_dags/example_branch_python_dop_operator_3.py
[2026-05-26T18:46:56.019+0000] {processor.py:840} INFO - DAG(s) 'example_branch_dop_operator_v3' retrieved from /home/airflow/.local/lib/python3.8/site-packages/airflow/example_dags/example_branch_python_dop_operator_3.py
[2026-05-26T18:46:56.037+0000] {logging_mixin.py:188} INFO - [2026-05-26T18:46:56.036+0000] {dag.py:3047} INFO - Sync 1 DAGs
[2026-05-26T18:46:56.056+0000] {logging_mixin.py:188} INFO - [2026-05-26T18:46:56.056+0000] {dag.py:3834} INFO - Setting next_dagrun for example_branch_dop_operator_v3 to 2026-05-26 18:45:00+00:00, run_after=2026-05-26 18:46:00+00:00
[2026-05-26T18:46:56.073+0000] {processor.py:183} INFO - Processing /home/airflow/.local/lib/python3.8/site-packages/airflow/example_dags/example_branch_python_dop_operator_3.py took 0.067 seconds
[2026-05-26T18:47:26.272+0000] {processor.py:161} INFO - Started process (PID=4345) to work on /home/airflow/.local/lib/python3.8/site-packages/airflow/example_dags/example_branch_python_dop_operator_3.py
[2026-05-26T18:47:26.273+0000] {processor.py:830} INFO - Processing file /home/airflow/.local/lib/python3.8/site-packages/airflow/example_dags/example_branch_python_dop_operator_3.py for tasks to queue
[2026-05-26T18:47:26.275+0000] {logging_mixin.py:188} INFO - [2026-05-26T18:47:26.275+0000] {dagbag.py:540} INFO - Filling up the DagBag from /home/airflow/.local/lib/python3.8/site-packages/airflow/example_dags/example_branch_python_dop_operator_3.py
[2026-05-26T18:47:26.284+0000] {processor.py:840} INFO - DAG(s) 'example_branch_dop_operator_v3' retrieved from /home/airflow/.local/lib/python3.8/site-packages/airflow/example_dags/example_branch_python_dop_operator_3.py
[2026-05-26T18:47:26.304+0000] {logging_mixin.py:188} INFO - [2026-05-26T18:47:26.303+0000] {dag.py:3047} INFO - Sync 1 DAGs
[2026-05-26T18:47:26.327+0000] {logging_mixin.py:188} INFO - [2026-05-26T18:47:26.327+0000] {dag.py:3834} INFO - Setting next_dagrun for example_branch_dop_operator_v3 to 2026-05-26 18:46:00+00:00, run_after=2026-05-26 18:47:00+00:00
[2026-05-26T18:47:26.349+0000] {processor.py:183} INFO - Processing /home/airflow/.local/lib/python3.8/site-packages/airflow/example_dags/example_branch_python_dop_operator_3.py took 0.080 seconds
[2026-05-26T18:47:56.493+0000] {processor.py:161} INFO - Started process (PID=4401) to work on /home/airflow/.local/lib/python3.8/site-packages/airflow/example_dags/example_branch_python_dop_operator_3.py
[2026-05-26T18:47:56.495+0000] {processor.py:830} INFO - Processing file /home/airflow/.local/lib/python3.8/site-packages/airflow/example_dags/example_branch_python_dop_operator_3.py for tasks to queue
[2026-05-26T18:47:56.497+0000] {logging_mixin.py:188} INFO - [2026-05-26T18:47:56.496+0000] {dagbag.py:540} INFO - Filling up the DagBag from /home/airflow/.local/lib/python3.8/site-packages/airflow/example_dags/example_branch_python_dop_operator_3.py
[2026-05-26T18:47:56.505+0000] {processor.py:840} INFO - DAG(s) 'example_branch_dop_operator_v3' retrieved from /home/airflow/.local/lib/python3.8/site-packages/airflow/example_dags/example_branch_python_dop_operator_3.py
[2026-05-26T18:47:56.523+0000] {logging_mixin.py:188} INFO - [2026-05-26T18:47:56.523+0000] {dag.py:3047} INFO - Sync 1 DAGs
[2026-05-26T18:47:56.544+0000] {logging_mixin.py:188} INFO - [2026-05-26T18:47:56.544+0000] {dag.py:3834} INFO - Setting next_dagrun for example_branch_dop_operator_v3 to 2026-05-26 18:46:00+00:00, run_after=2026-05-26 18:47:00+00:00
[2026-05-26T18:47:56.564+0000] {processor.py:183} INFO - Processing /home/airflow/.local/lib/python3.8/site-packages/airflow/example_dags/example_branch_python_dop_operator_3.py took 0.073 seconds
[2026-05-26T18:48:27.092+0000] {processor.py:161} INFO - Started process (PID=4455) to work on /home/airflow/.local/lib/python3.8/site-packages/airflow/example_dags/example_branch_python_dop_operator_3.py
[2026-05-26T18:48:27.094+0000] {processor.py:830} INFO - Processing file /home/airflow/.local/lib/python3.8/site-packages/airflow/example_dags/example_branch_python_dop_operator_3.py for tasks to queue
[2026-05-26T18:48:27.096+0000] {logging_mixin.py:188} INFO - [2026-05-26T18:48:27.096+0000] {dagbag.py:540} INFO - Filling up the DagBag from /home/airflow/.local/lib/python3.8/site-packages/airflow/example_dags/example_branch_python_dop_operator_3.py
[2026-05-26T18:48:27.109+0000] {processor.py:840} INFO - DAG(s) 'example_branch_dop_operator_v3' retrieved from /home/airflow/.local/lib/python3.8/site-packages/airflow/example_dags/example_branch_python_dop_operator_3.py
[2026-05-26T18:48:27.140+0000] {logging_mixin.py:188} INFO - [2026-05-26T18:48:27.140+0000] {dag.py:3047} INFO - Sync 1 DAGs
[2026-05-26T18:48:27.174+0000] {logging_mixin.py:188} INFO - [2026-05-26T18:48:27.174+0000] {dag.py:3834} INFO - Setting next_dagrun for example_branch_dop_operator_v3 to 2026-05-26 18:47:00+00:00, run_after=2026-05-26 18:48:00+00:00
[2026-05-26T18:48:27.199+0000] {processor.py:183} INFO - Processing /home/airflow/.local/lib/python3.8/site-packages/airflow/example_dags/example_branch_python_dop_operator_3.py took 0.115 seconds
[2026-05-26T18:48:57.697+0000] {processor.py:161} INFO - Started process (PID=4510) to work on /home/airflow/.local/lib/python3.8/site-packages/airflow/example_dags/example_branch_python_dop_operator_3.py
[2026-05-26T18:48:57.700+0000] {processor.py:830} INFO - Processing file /home/airflow/.local/lib/python3.8/site-packages/airflow/example_dags/example_branch_python_dop_operator_3.py for tasks to queue
[2026-05-26T18:48:57.702+0000] {logging_mixin.py:188} INFO - [2026-05-26T18:48:57.702+0000] {dagbag.py:540} INFO - Filling up the DagBag from /home/airflow/.local/lib/python3.8/site-packages/airflow/example_dags/example_branch_python_dop_operator_3.py
[2026-05-26T18:48:57.710+0000] {processor.py:840} INFO - DAG(s) 'example_branch_dop_operator_v3' retrieved from /home/airflow/.local/lib/python3.8/site-packages/airflow/example_dags/example_branch_python_dop_operator_3.py
[2026-05-26T18:48:57.728+0000] {logging_mixin.py:188} INFO - [2026-05-26T18:48:57.728+0000] {dag.py:3047} INFO - Sync 1 DAGs
[2026-05-26T18:48:57.753+0000] {logging_mixin.py:188} INFO - [2026-05-26T18:48:57.753+0000] {dag.py:3834} INFO - Setting next_dagrun for example_branch_dop_operator_v3 to 2026-05-26 18:47:00+00:00, run_after=2026-05-26 18:48:00+00:00
[2026-05-26T18:48:57.770+0000] {processor.py:183} INFO - Processing /home/airflow/.local/lib/python3.8/site-packages/airflow/example_dags/example_branch_python_dop_operator_3.py took 0.077 seconds
[2026-05-26T18:49:28.199+0000] {processor.py:161} INFO - Started process (PID=4565) to work on /home/airflow/.local/lib/python3.8/site-packages/airflow/example_dags/example_branch_python_dop_operator_3.py
[2026-05-26T18:49:28.201+0000] {processor.py:830} INFO - Processing file /home/airflow/.local/lib/python3.8/site-packages/airflow/example_dags/example_branch_python_dop_operator_3.py for tasks to queue
[2026-05-26T18:49:28.203+0000] {logging_mixin.py:188} INFO - [2026-05-26T18:49:28.203+0000] {dagbag.py:540} INFO - Filling up the DagBag from /home/airflow/.local/lib/python3.8/site-packages/airflow/example_dags/example_branch_python_dop_operator_3.py
[2026-05-26T18:49:28.214+0000] {processor.py:840} INFO - DAG(s) 'example_branch_dop_operator_v3' retrieved from /home/airflow/.local/lib/python3.8/site-packages/airflow/example_dags/example_branch_python_dop_operator_3.py
[2026-05-26T18:49:28.232+0000] {logging_mixin.py:188} INFO - [2026-05-26T18:49:28.232+0000] {dag.py:3047} INFO - Sync 1 DAGs
[2026-05-26T18:49:28.254+0000] {logging_mixin.py:188} INFO - [2026-05-26T18:49:28.254+0000] {dag.py:3834} INFO - Setting next_dagrun for example_branch_dop_operator_v3 to 2026-05-26 18:48:00+00:00, run_after=2026-05-26 18:49:00+00:00
[2026-05-26T18:49:28.278+0000] {processor.py:183} INFO - Processing /home/airflow/.local/lib/python3.8/site-packages/airflow/example_dags/example_branch_python_dop_operator_3.py took 0.085 seconds
[2026-05-26T18:49:59.011+0000] {processor.py:161} INFO - Started process (PID=4620) to work on /home/airflow/.local/lib/python3.8/site-packages/airflow/example_dags/example_branch_python_dop_operator_3.py
[2026-05-26T18:49:59.012+0000] {processor.py:830} INFO - Processing file /home/airflow/.local/lib/python3.8/site-packages/airflow/example_dags/example_branch_python_dop_operator_3.py for tasks to queue
[2026-05-26T18:49:59.014+0000] {logging_mixin.py:188} INFO - [2026-05-26T18:49:59.014+0000] {dagbag.py:540} INFO - Filling up the DagBag from /home/airflow/.local/lib/python3.8/site-packages/airflow/example_dags/example_branch_python_dop_operator_3.py
[2026-05-26T18:49:59.022+0000] {processor.py:840} INFO - DAG(s) 'example_branch_dop_operator_v3' retrieved from /home/airflow/.local/lib/python3.8/site-packages/airflow/example_dags/example_branch_python_dop_operator_3.py
[2026-05-26T18:49:59.040+0000] {logging_mixin.py:188} INFO - [2026-05-26T18:49:59.040+0000] {dag.py:3047} INFO - Sync 1 DAGs
[2026-05-26T18:49:59.063+0000] {logging_mixin.py:188} INFO - [2026-05-26T18:49:59.062+0000] {dag.py:3834} INFO - Setting next_dagrun for example_branch_dop_operator_v3 to 2026-05-26 18:48:00+00:00, run_after=2026-05-26 18:49:00+00:00
[2026-05-26T18:49:59.082+0000] {processor.py:183} INFO - Processing /home/airflow/.local/lib/python3.8/site-packages/airflow/example_dags/example_branch_python_dop_operator_3.py took 0.074 seconds
[2026-05-26T18:50:29.387+0000] {processor.py:161} INFO - Started process (PID=4675) to work on /home/airflow/.local/lib/python3.8/site-packages/airflow/example_dags/example_branch_python_dop_operator_3.py
[2026-05-26T18:50:29.389+0000] {processor.py:830} INFO - Processing file /home/airflow/.local/lib/python3.8/site-packages/airflow/example_dags/example_branch_python_dop_operator_3.py for tasks to queue
[2026-05-26T18:50:29.391+0000] {logging_mixin.py:188} INFO - [2026-05-26T18:50:29.391+0000] {dagbag.py:540} INFO - Filling up the DagBag from /home/airflow/.local/lib/python3.8/site-packages/airflow/example_dags/example_branch_python_dop_operator_3.py
[2026-05-26T18:50:29.401+0000] {processor.py:840} INFO - DAG(s) 'example_branch_dop_operator_v3' retrieved from /home/airflow/.local/lib/python3.8/site-packages/airflow/example_dags/example_branch_python_dop_operator_3.py
[2026-05-26T18:50:29.430+0000] {logging_mixin.py:188} INFO - [2026-05-26T18:50:29.430+0000] {dag.py:3047} INFO - Sync 1 DAGs
[2026-05-26T18:50:29.462+0000] {logging_mixin.py:188} INFO - [2026-05-26T18:50:29.462+0000] {dag.py:3834} INFO - Setting next_dagrun for example_branch_dop_operator_v3 to 2026-05-26 18:49:00+00:00, run_after=2026-05-26 18:50:00+00:00
[2026-05-26T18:50:29.496+0000] {processor.py:183} INFO - Processing /home/airflow/.local/lib/python3.8/site-packages/airflow/example_dags/example_branch_python_dop_operator_3.py took 0.113 seconds
[2026-05-26T18:50:59.556+0000] {processor.py:161} INFO - Started process (PID=4730) to work on /home/airflow/.local/lib/python3.8/site-packages/airflow/example_dags/example_branch_python_dop_operator_3.py
[2026-05-26T18:50:59.558+0000] {processor.py:830} INFO - Processing file /home/airflow/.local/lib/python3.8/site-packages/airflow/example_dags/example_branch_python_dop_operator_3.py for tasks to queue
[2026-05-26T18:50:59.560+0000] {logging_mixin.py:188} INFO - [2026-05-26T18:50:59.559+0000] {dagbag.py:540} INFO - Filling up the DagBag from /home/airflow/.local/lib/python3.8/site-packages/airflow/example_dags/example_branch_python_dop_operator_3.py
[2026-05-26T18:50:59.568+0000] {processor.py:840} INFO - DAG(s) 'example_branch_dop_operator_v3' retrieved from /home/airflow/.local/lib/python3.8/site-packages/airflow/example_dags/example_branch_python_dop_operator_3.py
[2026-05-26T18:50:59.587+0000] {logging_mixin.py:188} INFO - [2026-05-26T18:50:59.587+0000] {dag.py:3047} INFO - Sync 1 DAGs
[2026-05-26T18:50:59.610+0000] {logging_mixin.py:188} INFO - [2026-05-26T18:50:59.610+0000] {dag.py:3834} INFO - Setting next_dagrun for example_branch_dop_operator_v3 to 2026-05-26 18:49:00+00:00, run_after=2026-05-26 18:50:00+00:00
[2026-05-26T18:50:59.634+0000] {processor.py:183} INFO - Processing /home/airflow/.local/lib/python3.8/site-packages/airflow/example_dags/example_branch_python_dop_operator_3.py took 0.081 seconds
[2026-05-26T18:51:30.329+0000] {processor.py:161} INFO - Started process (PID=4785) to work on /home/airflow/.local/lib/python3.8/site-packages/airflow/example_dags/example_branch_python_dop_operator_3.py
[2026-05-26T18:51:30.332+0000] {processor.py:830} INFO - Processing file /home/airflow/.local/lib/python3.8/site-packages/airflow/example_dags/example_branch_python_dop_operator_3.py for tasks to queue
[2026-05-26T18:51:30.334+0000] {logging_mixin.py:188} INFO - [2026-05-26T18:51:30.334+0000] {dagbag.py:540} INFO - Filling up the DagBag from /home/airflow/.local/lib/python3.8/site-packages/airflow/example_dags/example_branch_python_dop_operator_3.py
[2026-05-26T18:51:30.350+0000] {processor.py:840} INFO - DAG(s) 'example_branch_dop_operator_v3' retrieved from /home/airflow/.local/lib/python3.8/site-packages/airflow/example_dags/example_branch_python_dop_operator_3.py
[2026-05-26T18:51:30.385+0000] {logging_mixin.py:188} INFO - [2026-05-26T18:51:30.385+0000] {dag.py:3047} INFO - Sync 1 DAGs
[2026-05-26T18:51:30.424+0000] {logging_mixin.py:188} INFO - [2026-05-26T18:51:30.423+0000] {dag.py:3834} INFO - Setting next_dagrun for example_branch_dop_operator_v3 to 2026-05-26 18:50:00+00:00, run_after=2026-05-26 18:51:00+00:00
[2026-05-26T18:51:30.458+0000] {processor.py:183} INFO - Processing /home/airflow/.local/lib/python3.8/site-packages/airflow/example_dags/example_branch_python_dop_operator_3.py took 0.138 seconds
[2026-05-26T18:52:00.855+0000] {processor.py:161} INFO - Started process (PID=4840) to work on /home/airflow/.local/lib/python3.8/site-packages/airflow/example_dags/example_branch_python_dop_operator_3.py
[2026-05-26T18:52:00.858+0000] {processor.py:830} INFO - Processing file /home/airflow/.local/lib/python3.8/site-packages/airflow/example_dags/example_branch_python_dop_operator_3.py for tasks to queue
[2026-05-26T18:52:00.861+0000] {logging_mixin.py:188} INFO - [2026-05-26T18:52:00.860+0000] {dagbag.py:540} INFO - Filling up the DagBag from /home/airflow/.local/lib/python3.8/site-packages/airflow/example_dags/example_branch_python_dop_operator_3.py
[2026-05-26T18:52:00.875+0000] {processor.py:840} INFO - DAG(s) 'example_branch_dop_operator_v3' retrieved from /home/airflow/.local/lib/python3.8/site-packages/airflow/example_dags/example_branch_python_dop_operator_3.py
[2026-05-26T18:52:00.911+0000] {logging_mixin.py:188} INFO - [2026-05-26T18:52:00.911+0000] {dag.py:3047} INFO - Sync 1 DAGs
[2026-05-26T18:52:00.954+0000] {logging_mixin.py:188} INFO - [2026-05-26T18:52:00.954+0000] {dag.py:3834} INFO - Setting next_dagrun for example_branch_dop_operator_v3 to 2026-05-26 18:51:00+00:00, run_after=2026-05-26 18:52:00+00:00
[2026-05-26T18:52:00.979+0000] {processor.py:183} INFO - Processing /home/airflow/.local/lib/python3.8/site-packages/airflow/example_dags/example_branch_python_dop_operator_3.py took 0.128 seconds
[2026-05-26T18:52:31.826+0000] {processor.py:161} INFO - Started process (PID=4893) to work on /home/airflow/.local/lib/python3.8/site-packages/airflow/example_dags/example_branch_python_dop_operator_3.py
[2026-05-26T18:52:31.827+0000] {processor.py:830} INFO - Processing file /home/airflow/.local/lib/python3.8/site-packages/airflow/example_dags/example_branch_python_dop_operator_3.py for tasks to queue
[2026-05-26T18:52:31.830+0000] {logging_mixin.py:188} INFO - [2026-05-26T18:52:31.829+0000] {dagbag.py:540} INFO - Filling up the DagBag from /home/airflow/.local/lib/python3.8/site-packages/airflow/example_dags/example_branch_python_dop_operator_3.py
[2026-05-26T18:52:31.838+0000] {processor.py:840} INFO - DAG(s) 'example_branch_dop_operator_v3' retrieved from /home/airflow/.local/lib/python3.8/site-packages/airflow/example_dags/example_branch_python_dop_operator_3.py
[2026-05-26T18:52:31.856+0000] {logging_mixin.py:188} INFO - [2026-05-26T18:52:31.856+0000] {dag.py:3047} INFO - Sync 1 DAGs
[2026-05-26T18:52:31.875+0000] {logging_mixin.py:188} INFO - [2026-05-26T18:52:31.875+0000] {dag.py:3834} INFO - Setting next_dagrun for example_branch_dop_operator_v3 to 2026-05-26 18:51:00+00:00, run_after=2026-05-26 18:52:00+00:00
[2026-05-26T18:52:31.892+0000] {processor.py:183} INFO - Processing /home/airflow/.local/lib/python3.8/site-packages/airflow/example_dags/example_branch_python_dop_operator_3.py took 0.069 seconds
[2026-05-26T18:53:02.036+0000] {processor.py:161} INFO - Started process (PID=4948) to work on /home/airflow/.local/lib/python3.8/site-packages/airflow/example_dags/example_branch_python_dop_operator_3.py
[2026-05-26T18:53:02.037+0000] {processor.py:830} INFO - Processing file /home/airflow/.local/lib/python3.8/site-packages/airflow/example_dags/example_branch_python_dop_operator_3.py for tasks to queue
[2026-05-26T18:53:02.040+0000] {logging_mixin.py:188} INFO - [2026-05-26T18:53:02.039+0000] {dagbag.py:540} INFO - Filling up the DagBag from /home/airflow/.local/lib/python3.8/site-packages/airflow/example_dags/example_branch_python_dop_operator_3.py
[2026-05-26T18:53:02.048+0000] {processor.py:840} INFO - DAG(s) 'example_branch_dop_operator_v3' retrieved from /home/airflow/.local/lib/python3.8/site-packages/airflow/example_dags/example_branch_python_dop_operator_3.py
[2026-05-26T18:53:02.067+0000] {logging_mixin.py:188} INFO - [2026-05-26T18:53:02.067+0000] {dag.py:3047} INFO - Sync 1 DAGs
[2026-05-26T18:53:02.088+0000] {logging_mixin.py:188} INFO - [2026-05-26T18:53:02.088+0000] {dag.py:3834} INFO - Setting next_dagrun for example_branch_dop_operator_v3 to 2026-05-26 18:52:00+00:00, run_after=2026-05-26 18:53:00+00:00
[2026-05-26T18:53:02.107+0000] {processor.py:183} INFO - Processing /home/airflow/.local/lib/python3.8/site-packages/airflow/example_dags/example_branch_python_dop_operator_3.py took 0.073 seconds
[2026-05-26T18:53:32.366+0000] {processor.py:161} INFO - Started process (PID=5004) to work on /home/airflow/.local/lib/python3.8/site-packages/airflow/example_dags/example_branch_python_dop_operator_3.py
[2026-05-26T18:53:32.368+0000] {processor.py:830} INFO - Processing file /home/airflow/.local/lib/python3.8/site-packages/airflow/example_dags/example_branch_python_dop_operator_3.py for tasks to queue
[2026-05-26T18:53:32.375+0000] {logging_mixin.py:188} INFO - [2026-05-26T18:53:32.373+0000] {dagbag.py:540} INFO - Filling up the DagBag from /home/airflow/.local/lib/python3.8/site-packages/airflow/example_dags/example_branch_python_dop_operator_3.py
[2026-05-26T18:53:32.397+0000] {processor.py:840} INFO - DAG(s) 'example_branch_dop_operator_v3' retrieved from /home/airflow/.local/lib/python3.8/site-packages/airflow/example_dags/example_branch_python_dop_operator_3.py
[2026-05-26T18:53:32.433+0000] {logging_mixin.py:188} INFO - [2026-05-26T18:53:32.432+0000] {dag.py:3047} INFO - Sync 1 DAGs
[2026-05-26T18:53:32.466+0000] {logging_mixin.py:188} INFO - [2026-05-26T18:53:32.466+0000] {dag.py:3834} INFO - Setting next_dagrun for example_branch_dop_operator_v3 to 2026-05-26 18:52:00+00:00, run_after=2026-05-26 18:53:00+00:00
[2026-05-26T18:53:32.500+0000] {processor.py:183} INFO - Processing /home/airflow/.local/lib/python3.8/site-packages/airflow/example_dags/example_branch_python_dop_operator_3.py took 0.140 seconds
[2026-05-26T18:54:02.647+0000] {processor.py:161} INFO - Started process (PID=5059) to work on /home/airflow/.local/lib/python3.8/site-packages/airflow/example_dags/example_branch_python_dop_operator_3.py
[2026-05-26T18:54:02.648+0000] {processor.py:830} INFO - Processing file /home/airflow/.local/lib/python3.8/site-packages/airflow/example_dags/example_branch_python_dop_operator_3.py for tasks to queue
[2026-05-26T18:54:02.650+0000] {logging_mixin.py:188} INFO - [2026-05-26T18:54:02.650+0000] {dagbag.py:540} INFO - Filling up the DagBag from /home/airflow/.local/lib/python3.8/site-packages/airflow/example_dags/example_branch_python_dop_operator_3.py
[2026-05-26T18:54:02.658+0000] {processor.py:840} INFO - DAG(s) 'example_branch_dop_operator_v3' retrieved from /home/airflow/.local/lib/python3.8/site-packages/airflow/example_dags/example_branch_python_dop_operator_3.py
[2026-05-26T18:54:02.674+0000] {logging_mixin.py:188} INFO - [2026-05-26T18:54:02.674+0000] {dag.py:3047} INFO - Sync 1 DAGs
[2026-05-26T18:54:02.692+0000] {logging_mixin.py:188} INFO - [2026-05-26T18:54:02.692+0000] {dag.py:3834} INFO - Setting next_dagrun for example_branch_dop_operator_v3 to 2026-05-26 18:53:00+00:00, run_after=2026-05-26 18:54:00+00:00
[2026-05-26T18:54:02.709+0000] {processor.py:183} INFO - Processing /home/airflow/.local/lib/python3.8/site-packages/airflow/example_dags/example_branch_python_dop_operator_3.py took 0.065 seconds
[2026-05-26T18:54:32.881+0000] {processor.py:161} INFO - Started process (PID=5113) to work on /home/airflow/.local/lib/python3.8/site-packages/airflow/example_dags/example_branch_python_dop_operator_3.py
[2026-05-26T18:54:32.883+0000] {processor.py:830} INFO - Processing file /home/airflow/.local/lib/python3.8/site-packages/airflow/example_dags/example_branch_python_dop_operator_3.py for tasks to queue
[2026-05-26T18:54:32.885+0000] {logging_mixin.py:188} INFO - [2026-05-26T18:54:32.884+0000] {dagbag.py:540} INFO - Filling up the DagBag from /home/airflow/.local/lib/python3.8/site-packages/airflow/example_dags/example_branch_python_dop_operator_3.py
[2026-05-26T18:54:32.892+0000] {processor.py:840} INFO - DAG(s) 'example_branch_dop_operator_v3' retrieved from /home/airflow/.local/lib/python3.8/site-packages/airflow/example_dags/example_branch_python_dop_operator_3.py
[2026-05-26T18:54:32.910+0000] {logging_mixin.py:188} INFO - [2026-05-26T18:54:32.909+0000] {dag.py:3047} INFO - Sync 1 DAGs
[2026-05-26T18:54:32.928+0000] {logging_mixin.py:188} INFO - [2026-05-26T18:54:32.928+0000] {dag.py:3834} INFO - Setting next_dagrun for example_branch_dop_operator_v3 to 2026-05-26 18:53:00+00:00, run_after=2026-05-26 18:54:00+00:00
[2026-05-26T18:54:32.947+0000] {processor.py:183} INFO - Processing /home/airflow/.local/lib/python3.8/site-packages/airflow/example_dags/example_branch_python_dop_operator_3.py took 0.069 seconds
[2026-05-26T18:55:03.555+0000] {processor.py:161} INFO - Started process (PID=5168) to work on /home/airflow/.local/lib/python3.8/site-packages/airflow/example_dags/example_branch_python_dop_operator_3.py
[2026-05-26T18:55:03.557+0000] {processor.py:830} INFO - Processing file /home/airflow/.local/lib/python3.8/site-packages/airflow/example_dags/example_branch_python_dop_operator_3.py for tasks to queue
[2026-05-26T18:55:03.559+0000] {logging_mixin.py:188} INFO - [2026-05-26T18:55:03.559+0000] {dagbag.py:540} INFO - Filling up the DagBag from /home/airflow/.local/lib/python3.8/site-packages/airflow/example_dags/example_branch_python_dop_operator_3.py
[2026-05-26T18:55:03.568+0000] {processor.py:840} INFO - DAG(s) 'example_branch_dop_operator_v3' retrieved from /home/airflow/.local/lib/python3.8/site-packages/airflow/example_dags/example_branch_python_dop_operator_3.py
[2026-05-26T18:55:03.587+0000] {logging_mixin.py:188} INFO - [2026-05-26T18:55:03.587+0000] {dag.py:3047} INFO - Sync 1 DAGs
[2026-05-26T18:55:03.605+0000] {logging_mixin.py:188} INFO - [2026-05-26T18:55:03.605+0000] {dag.py:3834} INFO - Setting next_dagrun for example_branch_dop_operator_v3 to 2026-05-26 18:54:00+00:00, run_after=2026-05-26 18:55:00+00:00
[2026-05-26T18:55:03.623+0000] {processor.py:183} INFO - Processing /home/airflow/.local/lib/python3.8/site-packages/airflow/example_dags/example_branch_python_dop_operator_3.py took 0.071 seconds
[2026-05-26T18:55:34.296+0000] {processor.py:161} INFO - Started process (PID=5223) to work on /home/airflow/.local/lib/python3.8/site-packages/airflow/example_dags/example_branch_python_dop_operator_3.py
[2026-05-26T18:55:34.297+0000] {processor.py:830} INFO - Processing file /home/airflow/.local/lib/python3.8/site-packages/airflow/example_dags/example_branch_python_dop_operator_3.py for tasks to queue
[2026-05-26T18:55:34.299+0000] {logging_mixin.py:188} INFO - [2026-05-26T18:55:34.299+0000] {dagbag.py:540} INFO - Filling up the DagBag from /home/airflow/.local/lib/python3.8/site-packages/airflow/example_dags/example_branch_python_dop_operator_3.py
[2026-05-26T18:55:34.306+0000] {processor.py:840} INFO - DAG(s) 'example_branch_dop_operator_v3' retrieved from /home/airflow/.local/lib/python3.8/site-packages/airflow/example_dags/example_branch_python_dop_operator_3.py
[2026-05-26T18:55:34.323+0000] {logging_mixin.py:188} INFO - [2026-05-26T18:55:34.322+0000] {dag.py:3047} INFO - Sync 1 DAGs
[2026-05-26T18:55:34.343+0000] {logging_mixin.py:188} INFO - [2026-05-26T18:55:34.343+0000] {dag.py:3834} INFO - Setting next_dagrun for example_branch_dop_operator_v3 to 2026-05-26 18:54:00+00:00, run_after=2026-05-26 18:55:00+00:00
[2026-05-26T18:55:34.363+0000] {processor.py:183} INFO - Processing /home/airflow/.local/lib/python3.8/site-packages/airflow/example_dags/example_branch_python_dop_operator_3.py took 0.071 seconds
[2026-05-26T18:56:05.008+0000] {processor.py:161} INFO - Started process (PID=5278) to work on /home/airflow/.local/lib/python3.8/site-packages/airflow/example_dags/example_branch_python_dop_operator_3.py
[2026-05-26T18:56:05.009+0000] {processor.py:830} INFO - Processing file /home/airflow/.local/lib/python3.8/site-packages/airflow/example_dags/example_branch_python_dop_operator_3.py for tasks to queue
[2026-05-26T18:56:05.011+0000] {logging_mixin.py:188} INFO - [2026-05-26T18:56:05.010+0000] {dagbag.py:540} INFO - Filling up the DagBag from /home/airflow/.local/lib/python3.8/site-packages/airflow/example_dags/example_branch_python_dop_operator_3.py
[2026-05-26T18:56:05.018+0000] {processor.py:840} INFO - DAG(s) 'example_branch_dop_operator_v3' retrieved from /home/airflow/.local/lib/python3.8/site-packages/airflow/example_dags/example_branch_python_dop_operator_3.py
[2026-05-26T18:56:05.034+0000] {logging_mixin.py:188} INFO - [2026-05-26T18:56:05.034+0000] {dag.py:3047} INFO - Sync 1 DAGs
[2026-05-26T18:56:05.051+0000] {logging_mixin.py:188} INFO - [2026-05-26T18:56:05.051+0000] {dag.py:3834} INFO - Setting next_dagrun for example_branch_dop_operator_v3 to 2026-05-26 18:55:00+00:00, run_after=2026-05-26 18:56:00+00:00
[2026-05-26T18:56:05.067+0000] {processor.py:183} INFO - Processing /home/airflow/.local/lib/python3.8/site-packages/airflow/example_dags/example_branch_python_dop_operator_3.py took 0.063 seconds
[2026-05-26T18:56:35.578+0000] {processor.py:161} INFO - Started process (PID=5333) to work on /home/airflow/.local/lib/python3.8/site-packages/airflow/example_dags/example_branch_python_dop_operator_3.py
[2026-05-26T18:56:35.579+0000] {processor.py:830} INFO - Processing file /home/airflow/.local/lib/python3.8/site-packages/airflow/example_dags/example_branch_python_dop_operator_3.py for tasks to queue
[2026-05-26T18:56:35.581+0000] {logging_mixin.py:188} INFO - [2026-05-26T18:56:35.581+0000] {dagbag.py:540} INFO - Filling up the DagBag from /home/airflow/.local/lib/python3.8/site-packages/airflow/example_dags/example_branch_python_dop_operator_3.py
[2026-05-26T18:56:35.589+0000] {processor.py:840} INFO - DAG(s) 'example_branch_dop_operator_v3' retrieved from /home/airflow/.local/lib/python3.8/site-packages/airflow/example_dags/example_branch_python_dop_operator_3.py
[2026-05-26T18:56:35.607+0000] {logging_mixin.py:188} INFO - [2026-05-26T18:56:35.607+0000] {dag.py:3047} INFO - Sync 1 DAGs
[2026-05-26T18:56:35.628+0000] {logging_mixin.py:188} INFO - [2026-05-26T18:56:35.628+0000] {dag.py:3834} INFO - Setting next_dagrun for example_branch_dop_operator_v3 to 2026-05-26 18:55:00+00:00, run_after=2026-05-26 18:56:00+00:00
[2026-05-26T18:56:35.644+0000] {processor.py:183} INFO - Processing /home/airflow/.local/lib/python3.8/site-packages/airflow/example_dags/example_branch_python_dop_operator_3.py took 0.070 seconds
[2026-05-26T18:57:06.303+0000] {processor.py:161} INFO - Started process (PID=5388) to work on /home/airflow/.local/lib/python3.8/site-packages/airflow/example_dags/example_branch_python_dop_operator_3.py
[2026-05-26T18:57:06.304+0000] {processor.py:830} INFO - Processing file /home/airflow/.local/lib/python3.8/site-packages/airflow/example_dags/example_branch_python_dop_operator_3.py for tasks to queue
[2026-05-26T18:57:06.306+0000] {logging_mixin.py:188} INFO - [2026-05-26T18:57:06.306+0000] {dagbag.py:540} INFO - Filling up the DagBag from /home/airflow/.local/lib/python3.8/site-packages/airflow/example_dags/example_branch_python_dop_operator_3.py
[2026-05-26T18:57:06.314+0000] {processor.py:840} INFO - DAG(s) 'example_branch_dop_operator_v3' retrieved from /home/airflow/.local/lib/python3.8/site-packages/airflow/example_dags/example_branch_python_dop_operator_3.py
[2026-05-26T18:57:06.331+0000] {logging_mixin.py:188} INFO - [2026-05-26T18:57:06.331+0000] {dag.py:3047} INFO - Sync 1 DAGs
[2026-05-26T18:57:06.351+0000] {logging_mixin.py:188} INFO - [2026-05-26T18:57:06.351+0000] {dag.py:3834} INFO - Setting next_dagrun for example_branch_dop_operator_v3 to 2026-05-26 18:56:00+00:00, run_after=2026-05-26 18:57:00+00:00
[2026-05-26T18:57:06.368+0000] {processor.py:183} INFO - Processing /home/airflow/.local/lib/python3.8/site-packages/airflow/example_dags/example_branch_python_dop_operator_3.py took 0.068 seconds
[2026-05-26T18:57:36.782+0000] {processor.py:161} INFO - Started process (PID=5443) to work on /home/airflow/.local/lib/python3.8/site-packages/airflow/example_dags/example_branch_python_dop_operator_3.py
[2026-05-26T18:57:36.783+0000] {processor.py:830} INFO - Processing file /home/airflow/.local/lib/python3.8/site-packages/airflow/example_dags/example_branch_python_dop_operator_3.py for tasks to queue
[2026-05-26T18:57:36.784+0000] {logging_mixin.py:188} INFO - [2026-05-26T18:57:36.784+0000] {dagbag.py:540} INFO - Filling up the DagBag from /home/airflow/.local/lib/python3.8/site-packages/airflow/example_dags/example_branch_python_dop_operator_3.py
[2026-05-26T18:57:36.791+0000] {processor.py:840} INFO - DAG(s) 'example_branch_dop_operator_v3' retrieved from /home/airflow/.local/lib/python3.8/site-packages/airflow/example_dags/example_branch_python_dop_operator_3.py
[2026-05-26T18:57:36.809+0000] {logging_mixin.py:188} INFO - [2026-05-26T18:57:36.808+0000] {dag.py:3047} INFO - Sync 1 DAGs
[2026-05-26T18:57:36.827+0000] {logging_mixin.py:188} INFO - [2026-05-26T18:57:36.827+0000] {dag.py:3834} INFO - Setting next_dagrun for example_branch_dop_operator_v3 to 2026-05-26 18:56:00+00:00, run_after=2026-05-26 18:57:00+00:00
[2026-05-26T18:57:36.844+0000] {processor.py:183} INFO - Processing /home/airflow/.local/lib/python3.8/site-packages/airflow/example_dags/example_branch_python_dop_operator_3.py took 0.065 seconds
[2026-05-26T18:58:07.456+0000] {processor.py:161} INFO - Started process (PID=5498) to work on /home/airflow/.local/lib/python3.8/site-packages/airflow/example_dags/example_branch_python_dop_operator_3.py
[2026-05-26T18:58:07.458+0000] {processor.py:830} INFO - Processing file /home/airflow/.local/lib/python3.8/site-packages/airflow/example_dags/example_branch_python_dop_operator_3.py for tasks to queue
[2026-05-26T18:58:07.462+0000] {logging_mixin.py:188} INFO - [2026-05-26T18:58:07.461+0000] {dagbag.py:540} INFO - Filling up the DagBag from /home/airflow/.local/lib/python3.8/site-packages/airflow/example_dags/example_branch_python_dop_operator_3.py
[2026-05-26T18:58:07.469+0000] {processor.py:840} INFO - DAG(s) 'example_branch_dop_operator_v3' retrieved from /home/airflow/.local/lib/python3.8/site-packages/airflow/example_dags/example_branch_python_dop_operator_3.py
[2026-05-26T18:58:07.494+0000] {logging_mixin.py:188} INFO - [2026-05-26T18:58:07.493+0000] {dag.py:3047} INFO - Sync 1 DAGs
[2026-05-26T18:58:07.519+0000] {logging_mixin.py:188} INFO - [2026-05-26T18:58:07.519+0000] {dag.py:3834} INFO - Setting next_dagrun for example_branch_dop_operator_v3 to 2026-05-26 18:57:00+00:00, run_after=2026-05-26 18:58:00+00:00
[2026-05-26T18:58:07.540+0000] {processor.py:183} INFO - Processing /home/airflow/.local/lib/python3.8/site-packages/airflow/example_dags/example_branch_python_dop_operator_3.py took 0.087 seconds
[2026-05-26T18:58:37.882+0000] {processor.py:161} INFO - Started process (PID=5553) to work on /home/airflow/.local/lib/python3.8/site-packages/airflow/example_dags/example_branch_python_dop_operator_3.py
[2026-05-26T18:58:37.883+0000] {processor.py:830} INFO - Processing file /home/airflow/.local/lib/python3.8/site-packages/airflow/example_dags/example_branch_python_dop_operator_3.py for tasks to queue
[2026-05-26T18:58:37.885+0000] {logging_mixin.py:188} INFO - [2026-05-26T18:58:37.884+0000] {dagbag.py:540} INFO - Filling up the DagBag from /home/airflow/.local/lib/python3.8/site-packages/airflow/example_dags/example_branch_python_dop_operator_3.py
[2026-05-26T18:58:37.896+0000] {processor.py:840} INFO - DAG(s) 'example_branch_dop_operator_v3' retrieved from /home/airflow/.local/lib/python3.8/site-packages/airflow/example_dags/example_branch_python_dop_operator_3.py
[2026-05-26T18:58:37.915+0000] {logging_mixin.py:188} INFO - [2026-05-26T18:58:37.915+0000] {dag.py:3047} INFO - Sync 1 DAGs
[2026-05-26T18:58:37.935+0000] {logging_mixin.py:188} INFO - [2026-05-26T18:58:37.935+0000] {dag.py:3834} INFO - Setting next_dagrun for example_branch_dop_operator_v3 to 2026-05-26 18:57:00+00:00, run_after=2026-05-26 18:58:00+00:00
[2026-05-26T18:58:37.954+0000] {processor.py:183} INFO - Processing /home/airflow/.local/lib/python3.8/site-packages/airflow/example_dags/example_branch_python_dop_operator_3.py took 0.075 seconds
[2026-05-26T18:59:08.636+0000] {processor.py:161} INFO - Started process (PID=5608) to work on /home/airflow/.local/lib/python3.8/site-packages/airflow/example_dags/example_branch_python_dop_operator_3.py
[2026-05-26T18:59:08.638+0000] {processor.py:830} INFO - Processing file /home/airflow/.local/lib/python3.8/site-packages/airflow/example_dags/example_branch_python_dop_operator_3.py for tasks to queue
[2026-05-26T18:59:08.640+0000] {logging_mixin.py:188} INFO - [2026-05-26T18:59:08.639+0000] {dagbag.py:540} INFO - Filling up the DagBag from /home/airflow/.local/lib/python3.8/site-packages/airflow/example_dags/example_branch_python_dop_operator_3.py
[2026-05-26T18:59:08.648+0000] {processor.py:840} INFO - DAG(s) 'example_branch_dop_operator_v3' retrieved from /home/airflow/.local/lib/python3.8/site-packages/airflow/example_dags/example_branch_python_dop_operator_3.py
[2026-05-26T18:59:08.666+0000] {logging_mixin.py:188} INFO - [2026-05-26T18:59:08.665+0000] {dag.py:3047} INFO - Sync 1 DAGs
[2026-05-26T18:59:08.685+0000] {logging_mixin.py:188} INFO - [2026-05-26T18:59:08.684+0000] {dag.py:3834} INFO - Setting next_dagrun for example_branch_dop_operator_v3 to 2026-05-26 18:58:00+00:00, run_after=2026-05-26 18:59:00+00:00
[2026-05-26T18:59:08.705+0000] {processor.py:183} INFO - Processing /home/airflow/.local/lib/python3.8/site-packages/airflow/example_dags/example_branch_python_dop_operator_3.py took 0.072 seconds
[2026-05-26T18:59:39.215+0000] {processor.py:161} INFO - Started process (PID=5663) to work on /home/airflow/.local/lib/python3.8/site-packages/airflow/example_dags/example_branch_python_dop_operator_3.py
[2026-05-26T18:59:39.216+0000] {processor.py:830} INFO - Processing file /home/airflow/.local/lib/python3.8/site-packages/airflow/example_dags/example_branch_python_dop_operator_3.py for tasks to queue
[2026-05-26T18:59:39.218+0000] {logging_mixin.py:188} INFO - [2026-05-26T18:59:39.218+0000] {dagbag.py:540} INFO - Filling up the DagBag from /home/airflow/.local/lib/python3.8/site-packages/airflow/example_dags/example_branch_python_dop_operator_3.py
[2026-05-26T18:59:39.226+0000] {processor.py:840} INFO - DAG(s) 'example_branch_dop_operator_v3' retrieved from /home/airflow/.local/lib/python3.8/site-packages/airflow/example_dags/example_branch_python_dop_operator_3.py
[2026-05-26T18:59:39.248+0000] {logging_mixin.py:188} INFO - [2026-05-26T18:59:39.247+0000] {dag.py:3047} INFO - Sync 1 DAGs
[2026-05-26T18:59:39.271+0000] {logging_mixin.py:188} INFO - [2026-05-26T18:59:39.271+0000] {dag.py:3834} INFO - Setting next_dagrun for example_branch_dop_operator_v3 to 2026-05-26 18:58:00+00:00, run_after=2026-05-26 18:59:00+00:00
[2026-05-26T18:59:39.297+0000] {processor.py:183} INFO - Processing /home/airflow/.local/lib/python3.8/site-packages/airflow/example_dags/example_branch_python_dop_operator_3.py took 0.085 seconds
[2026-05-26T19:00:09.786+0000] {processor.py:161} INFO - Started process (PID=5719) to work on /home/airflow/.local/lib/python3.8/site-packages/airflow/example_dags/example_branch_python_dop_operator_3.py
[2026-05-26T19:00:09.787+0000] {processor.py:830} INFO - Processing file /home/airflow/.local/lib/python3.8/site-packages/airflow/example_dags/example_branch_python_dop_operator_3.py for tasks to queue
[2026-05-26T19:00:09.789+0000] {logging_mixin.py:188} INFO - [2026-05-26T19:00:09.788+0000] {dagbag.py:540} INFO - Filling up the DagBag from /home/airflow/.local/lib/python3.8/site-packages/airflow/example_dags/example_branch_python_dop_operator_3.py
[2026-05-26T19:00:09.796+0000] {processor.py:840} INFO - DAG(s) 'example_branch_dop_operator_v3' retrieved from /home/airflow/.local/lib/python3.8/site-packages/airflow/example_dags/example_branch_python_dop_operator_3.py
[2026-05-26T19:00:09.812+0000] {logging_mixin.py:188} INFO - [2026-05-26T19:00:09.811+0000] {dag.py:3047} INFO - Sync 1 DAGs
[2026-05-26T19:00:09.829+0000] {logging_mixin.py:188} INFO - [2026-05-26T19:00:09.829+0000] {dag.py:3834} INFO - Setting next_dagrun for example_branch_dop_operator_v3 to 2026-05-26 18:59:00+00:00, run_after=2026-05-26 19:00:00+00:00
[2026-05-26T19:00:09.846+0000] {processor.py:183} INFO - Processing /home/airflow/.local/lib/python3.8/site-packages/airflow/example_dags/example_branch_python_dop_operator_3.py took 0.063 seconds
[2026-05-26T19:00:40.305+0000] {processor.py:161} INFO - Started process (PID=5774) to work on /home/airflow/.local/lib/python3.8/site-packages/airflow/example_dags/example_branch_python_dop_operator_3.py
[2026-05-26T19:00:40.306+0000] {processor.py:830} INFO - Processing file /home/airflow/.local/lib/python3.8/site-packages/airflow/example_dags/example_branch_python_dop_operator_3.py for tasks to queue
[2026-05-26T19:00:40.308+0000] {logging_mixin.py:188} INFO - [2026-05-26T19:00:40.308+0000] {dagbag.py:540} INFO - Filling up the DagBag from /home/airflow/.local/lib/python3.8/site-packages/airflow/example_dags/example_branch_python_dop_operator_3.py
[2026-05-26T19:00:40.316+0000] {processor.py:840} INFO - DAG(s) 'example_branch_dop_operator_v3' retrieved from /home/airflow/.local/lib/python3.8/site-packages/airflow/example_dags/example_branch_python_dop_operator_3.py
[2026-05-26T19:00:40.335+0000] {logging_mixin.py:188} INFO - [2026-05-26T19:00:40.335+0000] {dag.py:3047} INFO - Sync 1 DAGs
[2026-05-26T19:00:40.357+0000] {logging_mixin.py:188} INFO - [2026-05-26T19:00:40.357+0000] {dag.py:3834} INFO - Setting next_dagrun for example_branch_dop_operator_v3 to 2026-05-26 18:59:00+00:00, run_after=2026-05-26 19:00:00+00:00
[2026-05-26T19:00:40.378+0000] {processor.py:183} INFO - Processing /home/airflow/.local/lib/python3.8/site-packages/airflow/example_dags/example_branch_python_dop_operator_3.py took 0.077 seconds
[2026-05-26T19:01:11.021+0000] {processor.py:161} INFO - Started process (PID=5829) to work on /home/airflow/.local/lib/python3.8/site-packages/airflow/example_dags/example_branch_python_dop_operator_3.py
[2026-05-26T19:01:11.022+0000] {processor.py:830} INFO - Processing file /home/airflow/.local/lib/python3.8/site-packages/airflow/example_dags/example_branch_python_dop_operator_3.py for tasks to queue
[2026-05-26T19:01:11.024+0000] {logging_mixin.py:188} INFO - [2026-05-26T19:01:11.023+0000] {dagbag.py:540} INFO - Filling up the DagBag from /home/airflow/.local/lib/python3.8/site-packages/airflow/example_dags/example_branch_python_dop_operator_3.py
[2026-05-26T19:01:11.030+0000] {processor.py:840} INFO - DAG(s) 'example_branch_dop_operator_v3' retrieved from /home/airflow/.local/lib/python3.8/site-packages/airflow/example_dags/example_branch_python_dop_operator_3.py
[2026-05-26T19:01:11.046+0000] {logging_mixin.py:188} INFO - [2026-05-26T19:01:11.046+0000] {dag.py:3047} INFO - Sync 1 DAGs
[2026-05-26T19:01:11.063+0000] {logging_mixin.py:188} INFO - [2026-05-26T19:01:11.063+0000] {dag.py:3834} INFO - Setting next_dagrun for example_branch_dop_operator_v3 to 2026-05-26 19:00:00+00:00, run_after=2026-05-26 19:01:00+00:00
[2026-05-26T19:01:11.077+0000] {processor.py:183} INFO - Processing /home/airflow/.local/lib/python3.8/site-packages/airflow/example_dags/example_branch_python_dop_operator_3.py took 0.059 seconds
[2026-05-26T19:01:41.620+0000] {processor.py:161} INFO - Started process (PID=5884) to work on /home/airflow/.local/lib/python3.8/site-packages/airflow/example_dags/example_branch_python_dop_operator_3.py
[2026-05-26T19:01:41.621+0000] {processor.py:830} INFO - Processing file /home/airflow/.local/lib/python3.8/site-packages/airflow/example_dags/example_branch_python_dop_operator_3.py for tasks to queue
[2026-05-26T19:01:41.622+0000] {logging_mixin.py:188} INFO - [2026-05-26T19:01:41.622+0000] {dagbag.py:540} INFO - Filling up the DagBag from /home/airflow/.local/lib/python3.8/site-packages/airflow/example_dags/example_branch_python_dop_operator_3.py
[2026-05-26T19:01:41.629+0000] {processor.py:840} INFO - DAG(s) 'example_branch_dop_operator_v3' retrieved from /home/airflow/.local/lib/python3.8/site-packages/airflow/example_dags/example_branch_python_dop_operator_3.py
[2026-05-26T19:01:41.645+0000] {logging_mixin.py:188} INFO - [2026-05-26T19:01:41.645+0000] {dag.py:3047} INFO - Sync 1 DAGs
[2026-05-26T19:01:41.662+0000] {logging_mixin.py:188} INFO - [2026-05-26T19:01:41.662+0000] {dag.py:3834} INFO - Setting next_dagrun for example_branch_dop_operator_v3 to 2026-05-26 19:00:00+00:00, run_after=2026-05-26 19:01:00+00:00
[2026-05-26T19:01:41.678+0000] {processor.py:183} INFO - Processing /home/airflow/.local/lib/python3.8/site-packages/airflow/example_dags/example_branch_python_dop_operator_3.py took 0.062 seconds
[2026-05-26T19:02:12.116+0000] {processor.py:161} INFO - Started process (PID=5939) to work on /home/airflow/.local/lib/python3.8/site-packages/airflow/example_dags/example_branch_python_dop_operator_3.py
[2026-05-26T19:02:12.118+0000] {processor.py:830} INFO - Processing file /home/airflow/.local/lib/python3.8/site-packages/airflow/example_dags/example_branch_python_dop_operator_3.py for tasks to queue
[2026-05-26T19:02:12.120+0000] {logging_mixin.py:188} INFO - [2026-05-26T19:02:12.119+0000] {dagbag.py:540} INFO - Filling up the DagBag from /home/airflow/.local/lib/python3.8/site-packages/airflow/example_dags/example_branch_python_dop_operator_3.py
[2026-05-26T19:02:12.127+0000] {processor.py:840} INFO - DAG(s) 'example_branch_dop_operator_v3' retrieved from /home/airflow/.local/lib/python3.8/site-packages/airflow/example_dags/example_branch_python_dop_operator_3.py
[2026-05-26T19:02:12.144+0000] {logging_mixin.py:188} INFO - [2026-05-26T19:02:12.144+0000] {dag.py:3047} INFO - Sync 1 DAGs
[2026-05-26T19:02:12.163+0000] {logging_mixin.py:188} INFO - [2026-05-26T19:02:12.163+0000] {dag.py:3834} INFO - Setting next_dagrun for example_branch_dop_operator_v3 to 2026-05-26 19:01:00+00:00, run_after=2026-05-26 19:02:00+00:00
[2026-05-26T19:02:12.181+0000] {processor.py:183} INFO - Processing /home/airflow/.local/lib/python3.8/site-packages/airflow/example_dags/example_branch_python_dop_operator_3.py took 0.067 seconds
[2026-05-26T19:02:42.655+0000] {processor.py:161} INFO - Started process (PID=5994) to work on /home/airflow/.local/lib/python3.8/site-packages/airflow/example_dags/example_branch_python_dop_operator_3.py
[2026-05-26T19:02:42.657+0000] {processor.py:830} INFO - Processing file /home/airflow/.local/lib/python3.8/site-packages/airflow/example_dags/example_branch_python_dop_operator_3.py for tasks to queue
[2026-05-26T19:02:42.658+0000] {logging_mixin.py:188} INFO - [2026-05-26T19:02:42.658+0000] {dagbag.py:540} INFO - Filling up the DagBag from /home/airflow/.local/lib/python3.8/site-packages/airflow/example_dags/example_branch_python_dop_operator_3.py
[2026-05-26T19:02:42.666+0000] {processor.py:840} INFO - DAG(s) 'example_branch_dop_operator_v3' retrieved from /home/airflow/.local/lib/python3.8/site-packages/airflow/example_dags/example_branch_python_dop_operator_3.py
[2026-05-26T19:02:42.682+0000] {logging_mixin.py:188} INFO - [2026-05-26T19:02:42.681+0000] {dag.py:3047} INFO - Sync 1 DAGs
[2026-05-26T19:02:42.700+0000] {logging_mixin.py:188} INFO - [2026-05-26T19:02:42.699+0000] {dag.py:3834} INFO - Setting next_dagrun for example_branch_dop_operator_v3 to 2026-05-26 19:01:00+00:00, run_after=2026-05-26 19:02:00+00:00
[2026-05-26T19:02:42.717+0000] {processor.py:183} INFO - Processing /home/airflow/.local/lib/python3.8/site-packages/airflow/example_dags/example_branch_python_dop_operator_3.py took 0.064 seconds
[2026-05-26T19:03:13.171+0000] {processor.py:161} INFO - Started process (PID=6049) to work on /home/airflow/.local/lib/python3.8/site-packages/airflow/example_dags/example_branch_python_dop_operator_3.py
[2026-05-26T19:03:13.173+0000] {processor.py:830} INFO - Processing file /home/airflow/.local/lib/python3.8/site-packages/airflow/example_dags/example_branch_python_dop_operator_3.py for tasks to queue
[2026-05-26T19:03:13.175+0000] {logging_mixin.py:188} INFO - [2026-05-26T19:03:13.175+0000] {dagbag.py:540} INFO - Filling up the DagBag from /home/airflow/.local/lib/python3.8/site-packages/airflow/example_dags/example_branch_python_dop_operator_3.py
[2026-05-26T19:03:13.183+0000] {processor.py:840} INFO - DAG(s) 'example_branch_dop_operator_v3' retrieved from /home/airflow/.local/lib/python3.8/site-packages/airflow/example_dags/example_branch_python_dop_operator_3.py
[2026-05-26T19:03:13.201+0000] {logging_mixin.py:188} INFO - [2026-05-26T19:03:13.200+0000] {dag.py:3047} INFO - Sync 1 DAGs
[2026-05-26T19:03:13.220+0000] {logging_mixin.py:188} INFO - [2026-05-26T19:03:13.220+0000] {dag.py:3834} INFO - Setting next_dagrun for example_branch_dop_operator_v3 to 2026-05-26 19:02:00+00:00, run_after=2026-05-26 19:03:00+00:00
[2026-05-26T19:03:13.238+0000] {processor.py:183} INFO - Processing /home/airflow/.local/lib/python3.8/site-packages/airflow/example_dags/example_branch_python_dop_operator_3.py took 0.072 seconds
[2026-05-26T19:03:43.858+0000] {processor.py:161} INFO - Started process (PID=6110) to work on /home/airflow/.local/lib/python3.8/site-packages/airflow/example_dags/example_branch_python_dop_operator_3.py
[2026-05-26T19:03:43.859+0000] {processor.py:830} INFO - Processing file /home/airflow/.local/lib/python3.8/site-packages/airflow/example_dags/example_branch_python_dop_operator_3.py for tasks to queue
[2026-05-26T19:03:43.862+0000] {logging_mixin.py:188} INFO - [2026-05-26T19:03:43.861+0000] {dagbag.py:540} INFO - Filling up the DagBag from /home/airflow/.local/lib/python3.8/site-packages/airflow/example_dags/example_branch_python_dop_operator_3.py
[2026-05-26T19:03:43.869+0000] {processor.py:840} INFO - DAG(s) 'example_branch_dop_operator_v3' retrieved from /home/airflow/.local/lib/python3.8/site-packages/airflow/example_dags/example_branch_python_dop_operator_3.py
[2026-05-26T19:03:43.885+0000] {logging_mixin.py:188} INFO - [2026-05-26T19:03:43.884+0000] {dag.py:3047} INFO - Sync 1 DAGs
[2026-05-26T19:03:43.903+0000] {logging_mixin.py:188} INFO - [2026-05-26T19:03:43.903+0000] {dag.py:3834} INFO - Setting next_dagrun for example_branch_dop_operator_v3 to 2026-05-26 19:02:00+00:00, run_after=2026-05-26 19:03:00+00:00
[2026-05-26T19:03:43.919+0000] {processor.py:183} INFO - Processing /home/airflow/.local/lib/python3.8/site-packages/airflow/example_dags/example_branch_python_dop_operator_3.py took 0.064 seconds
[2026-05-26T19:04:14.397+0000] {processor.py:161} INFO - Started process (PID=6164) to work on /home/airflow/.local/lib/python3.8/site-packages/airflow/example_dags/example_branch_python_dop_operator_3.py
[2026-05-26T19:04:14.399+0000] {processor.py:830} INFO - Processing file /home/airflow/.local/lib/python3.8/site-packages/airflow/example_dags/example_branch_python_dop_operator_3.py for tasks to queue
[2026-05-26T19:04:14.402+0000] {logging_mixin.py:188} INFO - [2026-05-26T19:04:14.401+0000] {dagbag.py:540} INFO - Filling up the DagBag from /home/airflow/.local/lib/python3.8/site-packages/airflow/example_dags/example_branch_python_dop_operator_3.py
[2026-05-26T19:04:14.414+0000] {processor.py:840} INFO - DAG(s) 'example_branch_dop_operator_v3' retrieved from /home/airflow/.local/lib/python3.8/site-packages/airflow/example_dags/example_branch_python_dop_operator_3.py
[2026-05-26T19:04:14.436+0000] {logging_mixin.py:188} INFO - [2026-05-26T19:04:14.435+0000] {dag.py:3047} INFO - Sync 1 DAGs
[2026-05-26T19:04:14.461+0000] {logging_mixin.py:188} INFO - [2026-05-26T19:04:14.461+0000] {dag.py:3834} INFO - Setting next_dagrun for example_branch_dop_operator_v3 to 2026-05-26 19:03:00+00:00, run_after=2026-05-26 19:04:00+00:00
[2026-05-26T19:04:14.482+0000] {processor.py:183} INFO - Processing /home/airflow/.local/lib/python3.8/site-packages/airflow/example_dags/example_branch_python_dop_operator_3.py took 0.089 seconds
[2026-05-26T19:04:44.806+0000] {processor.py:161} INFO - Started process (PID=6219) to work on /home/airflow/.local/lib/python3.8/site-packages/airflow/example_dags/example_branch_python_dop_operator_3.py
[2026-05-26T19:04:44.808+0000] {processor.py:830} INFO - Processing file /home/airflow/.local/lib/python3.8/site-packages/airflow/example_dags/example_branch_python_dop_operator_3.py for tasks to queue
[2026-05-26T19:04:44.810+0000] {logging_mixin.py:188} INFO - [2026-05-26T19:04:44.810+0000] {dagbag.py:540} INFO - Filling up the DagBag from /home/airflow/.local/lib/python3.8/site-packages/airflow/example_dags/example_branch_python_dop_operator_3.py
[2026-05-26T19:04:44.817+0000] {processor.py:840} INFO - DAG(s) 'example_branch_dop_operator_v3' retrieved from /home/airflow/.local/lib/python3.8/site-packages/airflow/example_dags/example_branch_python_dop_operator_3.py
[2026-05-26T19:04:44.834+0000] {logging_mixin.py:188} INFO - [2026-05-26T19:04:44.833+0000] {dag.py:3047} INFO - Sync 1 DAGs
[2026-05-26T19:04:44.850+0000] {logging_mixin.py:188} INFO - [2026-05-26T19:04:44.850+0000] {dag.py:3834} INFO - Setting next_dagrun for example_branch_dop_operator_v3 to 2026-05-26 19:03:00+00:00, run_after=2026-05-26 19:04:00+00:00
[2026-05-26T19:04:44.868+0000] {processor.py:183} INFO - Processing /home/airflow/.local/lib/python3.8/site-packages/airflow/example_dags/example_branch_python_dop_operator_3.py took 0.064 seconds
[2026-05-26T19:05:15.294+0000] {processor.py:161} INFO - Started process (PID=6274) to work on /home/airflow/.local/lib/python3.8/site-packages/airflow/example_dags/example_branch_python_dop_operator_3.py
[2026-05-26T19:05:15.295+0000] {processor.py:830} INFO - Processing file /home/airflow/.local/lib/python3.8/site-packages/airflow/example_dags/example_branch_python_dop_operator_3.py for tasks to queue
[2026-05-26T19:05:15.296+0000] {logging_mixin.py:188} INFO - [2026-05-26T19:05:15.296+0000] {dagbag.py:540} INFO - Filling up the DagBag from /home/airflow/.local/lib/python3.8/site-packages/airflow/example_dags/example_branch_python_dop_operator_3.py
[2026-05-26T19:05:15.303+0000] {processor.py:840} INFO - DAG(s) 'example_branch_dop_operator_v3' retrieved from /home/airflow/.local/lib/python3.8/site-packages/airflow/example_dags/example_branch_python_dop_operator_3.py
[2026-05-26T19:05:15.319+0000] {logging_mixin.py:188} INFO - [2026-05-26T19:05:15.318+0000] {dag.py:3047} INFO - Sync 1 DAGs
[2026-05-26T19:05:15.336+0000] {logging_mixin.py:188} INFO - [2026-05-26T19:05:15.336+0000] {dag.py:3834} INFO - Setting next_dagrun for example_branch_dop_operator_v3 to 2026-05-26 19:04:00+00:00, run_after=2026-05-26 19:05:00+00:00
[2026-05-26T19:05:15.354+0000] {processor.py:183} INFO - Processing /home/airflow/.local/lib/python3.8/site-packages/airflow/example_dags/example_branch_python_dop_operator_3.py took 0.063 seconds
[2026-05-26T19:05:45.704+0000] {processor.py:161} INFO - Started process (PID=6329) to work on /home/airflow/.local/lib/python3.8/site-packages/airflow/example_dags/example_branch_python_dop_operator_3.py
[2026-05-26T19:05:45.705+0000] {processor.py:830} INFO - Processing file /home/airflow/.local/lib/python3.8/site-packages/airflow/example_dags/example_branch_python_dop_operator_3.py for tasks to queue
[2026-05-26T19:05:45.708+0000] {logging_mixin.py:188} INFO - [2026-05-26T19:05:45.707+0000] {dagbag.py:540} INFO - Filling up the DagBag from /home/airflow/.local/lib/python3.8/site-packages/airflow/example_dags/example_branch_python_dop_operator_3.py
[2026-05-26T19:05:45.714+0000] {processor.py:840} INFO - DAG(s) 'example_branch_dop_operator_v3' retrieved from /home/airflow/.local/lib/python3.8/site-packages/airflow/example_dags/example_branch_python_dop_operator_3.py
[2026-05-26T19:05:45.730+0000] {logging_mixin.py:188} INFO - [2026-05-26T19:05:45.730+0000] {dag.py:3047} INFO - Sync 1 DAGs
[2026-05-26T19:05:45.746+0000] {logging_mixin.py:188} INFO - [2026-05-26T19:05:45.746+0000] {dag.py:3834} INFO - Setting next_dagrun for example_branch_dop_operator_v3 to 2026-05-26 19:04:00+00:00, run_after=2026-05-26 19:05:00+00:00
[2026-05-26T19:05:45.762+0000] {processor.py:183} INFO - Processing /home/airflow/.local/lib/python3.8/site-packages/airflow/example_dags/example_branch_python_dop_operator_3.py took 0.062 seconds
[2026-05-26T19:06:16.106+0000] {processor.py:161} INFO - Started process (PID=6384) to work on /home/airflow/.local/lib/python3.8/site-packages/airflow/example_dags/example_branch_python_dop_operator_3.py
[2026-05-26T19:06:16.107+0000] {processor.py:830} INFO - Processing file /home/airflow/.local/lib/python3.8/site-packages/airflow/example_dags/example_branch_python_dop_operator_3.py for tasks to queue
[2026-05-26T19:06:16.110+0000] {logging_mixin.py:188} INFO - [2026-05-26T19:06:16.109+0000] {dagbag.py:540} INFO - Filling up the DagBag from /home/airflow/.local/lib/python3.8/site-packages/airflow/example_dags/example_branch_python_dop_operator_3.py
[2026-05-26T19:06:16.116+0000] {processor.py:840} INFO - DAG(s) 'example_branch_dop_operator_v3' retrieved from /home/airflow/.local/lib/python3.8/site-packages/airflow/example_dags/example_branch_python_dop_operator_3.py
[2026-05-26T19:06:16.133+0000] {logging_mixin.py:188} INFO - [2026-05-26T19:06:16.132+0000] {dag.py:3047} INFO - Sync 1 DAGs
[2026-05-26T19:06:16.150+0000] {logging_mixin.py:188} INFO - [2026-05-26T19:06:16.150+0000] {dag.py:3834} INFO - Setting next_dagrun for example_branch_dop_operator_v3 to 2026-05-26 19:05:00+00:00, run_after=2026-05-26 19:06:00+00:00
[2026-05-26T19:06:16.166+0000] {processor.py:183} INFO - Processing /home/airflow/.local/lib/python3.8/site-packages/airflow/example_dags/example_branch_python_dop_operator_3.py took 0.063 seconds
[2026-05-26T19:06:46.664+0000] {processor.py:161} INFO - Started process (PID=6439) to work on /home/airflow/.local/lib/python3.8/site-packages/airflow/example_dags/example_branch_python_dop_operator_3.py
[2026-05-26T19:06:46.666+0000] {processor.py:830} INFO - Processing file /home/airflow/.local/lib/python3.8/site-packages/airflow/example_dags/example_branch_python_dop_operator_3.py for tasks to queue
[2026-05-26T19:06:46.668+0000] {logging_mixin.py:188} INFO - [2026-05-26T19:06:46.668+0000] {dagbag.py:540} INFO - Filling up the DagBag from /home/airflow/.local/lib/python3.8/site-packages/airflow/example_dags/example_branch_python_dop_operator_3.py
[2026-05-26T19:06:46.677+0000] {processor.py:840} INFO - DAG(s) 'example_branch_dop_operator_v3' retrieved from /home/airflow/.local/lib/python3.8/site-packages/airflow/example_dags/example_branch_python_dop_operator_3.py
[2026-05-26T19:06:46.695+0000] {logging_mixin.py:188} INFO - [2026-05-26T19:06:46.695+0000] {dag.py:3047} INFO - Sync 1 DAGs
[2026-05-26T19:06:46.714+0000] {logging_mixin.py:188} INFO - [2026-05-26T19:06:46.714+0000] {dag.py:3834} INFO - Setting next_dagrun for example_branch_dop_operator_v3 to 2026-05-26 19:05:00+00:00, run_after=2026-05-26 19:06:00+00:00
[2026-05-26T19:06:46.729+0000] {processor.py:183} INFO - Processing /home/airflow/.local/lib/python3.8/site-packages/airflow/example_dags/example_branch_python_dop_operator_3.py took 0.068 seconds
[2026-05-26T19:07:17.138+0000] {processor.py:161} INFO - Started process (PID=6494) to work on /home/airflow/.local/lib/python3.8/site-packages/airflow/example_dags/example_branch_python_dop_operator_3.py
[2026-05-26T19:07:17.139+0000] {processor.py:830} INFO - Processing file /home/airflow/.local/lib/python3.8/site-packages/airflow/example_dags/example_branch_python_dop_operator_3.py for tasks to queue
[2026-05-26T19:07:17.141+0000] {logging_mixin.py:188} INFO - [2026-05-26T19:07:17.141+0000] {dagbag.py:540} INFO - Filling up the DagBag from /home/airflow/.local/lib/python3.8/site-packages/airflow/example_dags/example_branch_python_dop_operator_3.py
[2026-05-26T19:07:17.148+0000] {processor.py:840} INFO - DAG(s) 'example_branch_dop_operator_v3' retrieved from /home/airflow/.local/lib/python3.8/site-packages/airflow/example_dags/example_branch_python_dop_operator_3.py
[2026-05-26T19:07:17.164+0000] {logging_mixin.py:188} INFO - [2026-05-26T19:07:17.164+0000] {dag.py:3047} INFO - Sync 1 DAGs
[2026-05-26T19:07:17.181+0000] {logging_mixin.py:188} INFO - [2026-05-26T19:07:17.181+0000] {dag.py:3834} INFO - Setting next_dagrun for example_branch_dop_operator_v3 to 2026-05-26 19:06:00+00:00, run_after=2026-05-26 19:07:00+00:00
[2026-05-26T19:07:17.195+0000] {processor.py:183} INFO - Processing /home/airflow/.local/lib/python3.8/site-packages/airflow/example_dags/example_branch_python_dop_operator_3.py took 0.060 seconds
[2026-05-26T19:07:47.800+0000] {processor.py:161} INFO - Started process (PID=6549) to work on /home/airflow/.local/lib/python3.8/site-packages/airflow/example_dags/example_branch_python_dop_operator_3.py
[2026-05-26T19:07:47.801+0000] {processor.py:830} INFO - Processing file /home/airflow/.local/lib/python3.8/site-packages/airflow/example_dags/example_branch_python_dop_operator_3.py for tasks to queue
[2026-05-26T19:07:47.804+0000] {logging_mixin.py:188} INFO - [2026-05-26T19:07:47.804+0000] {dagbag.py:540} INFO - Filling up the DagBag from /home/airflow/.local/lib/python3.8/site-packages/airflow/example_dags/example_branch_python_dop_operator_3.py
[2026-05-26T19:07:47.811+0000] {processor.py:840} INFO - DAG(s) 'example_branch_dop_operator_v3' retrieved from /home/airflow/.local/lib/python3.8/site-packages/airflow/example_dags/example_branch_python_dop_operator_3.py
[2026-05-26T19:07:47.828+0000] {logging_mixin.py:188} INFO - [2026-05-26T19:07:47.828+0000] {dag.py:3047} INFO - Sync 1 DAGs
[2026-05-26T19:07:47.845+0000] {logging_mixin.py:188} INFO - [2026-05-26T19:07:47.845+0000] {dag.py:3834} INFO - Setting next_dagrun for example_branch_dop_operator_v3 to 2026-05-26 19:06:00+00:00, run_after=2026-05-26 19:07:00+00:00
[2026-05-26T19:07:47.859+0000] {processor.py:183} INFO - Processing /home/airflow/.local/lib/python3.8/site-packages/airflow/example_dags/example_branch_python_dop_operator_3.py took 0.062 seconds
[2026-05-26T19:08:18.369+0000] {processor.py:161} INFO - Started process (PID=6604) to work on /home/airflow/.local/lib/python3.8/site-packages/airflow/example_dags/example_branch_python_dop_operator_3.py
[2026-05-26T19:08:18.370+0000] {processor.py:830} INFO - Processing file /home/airflow/.local/lib/python3.8/site-packages/airflow/example_dags/example_branch_python_dop_operator_3.py for tasks to queue
[2026-05-26T19:08:18.372+0000] {logging_mixin.py:188} INFO - [2026-05-26T19:08:18.372+0000] {dagbag.py:540} INFO - Filling up the DagBag from /home/airflow/.local/lib/python3.8/site-packages/airflow/example_dags/example_branch_python_dop_operator_3.py
[2026-05-26T19:08:18.379+0000] {processor.py:840} INFO - DAG(s) 'example_branch_dop_operator_v3' retrieved from /home/airflow/.local/lib/python3.8/site-packages/airflow/example_dags/example_branch_python_dop_operator_3.py
[2026-05-26T19:08:18.395+0000] {logging_mixin.py:188} INFO - [2026-05-26T19:08:18.395+0000] {dag.py:3047} INFO - Sync 1 DAGs
[2026-05-26T19:08:18.413+0000] {logging_mixin.py:188} INFO - [2026-05-26T19:08:18.413+0000] {dag.py:3834} INFO - Setting next_dagrun for example_branch_dop_operator_v3 to 2026-05-26 19:07:00+00:00, run_after=2026-05-26 19:08:00+00:00
[2026-05-26T19:08:18.429+0000] {processor.py:183} INFO - Processing /home/airflow/.local/lib/python3.8/site-packages/airflow/example_dags/example_branch_python_dop_operator_3.py took 0.063 seconds
[2026-05-26T19:08:48.829+0000] {processor.py:161} INFO - Started process (PID=6659) to work on /home/airflow/.local/lib/python3.8/site-packages/airflow/example_dags/example_branch_python_dop_operator_3.py
[2026-05-26T19:08:48.831+0000] {processor.py:830} INFO - Processing file /home/airflow/.local/lib/python3.8/site-packages/airflow/example_dags/example_branch_python_dop_operator_3.py for tasks to queue
[2026-05-26T19:08:48.833+0000] {logging_mixin.py:188} INFO - [2026-05-26T19:08:48.833+0000] {dagbag.py:540} INFO - Filling up the DagBag from /home/airflow/.local/lib/python3.8/site-packages/airflow/example_dags/example_branch_python_dop_operator_3.py
[2026-05-26T19:08:48.841+0000] {processor.py:840} INFO - DAG(s) 'example_branch_dop_operator_v3' retrieved from /home/airflow/.local/lib/python3.8/site-packages/airflow/example_dags/example_branch_python_dop_operator_3.py
[2026-05-26T19:08:48.870+0000] {logging_mixin.py:188} INFO - [2026-05-26T19:08:48.869+0000] {dag.py:3047} INFO - Sync 1 DAGs
[2026-05-26T19:08:48.893+0000] {logging_mixin.py:188} INFO - [2026-05-26T19:08:48.893+0000] {dag.py:3834} INFO - Setting next_dagrun for example_branch_dop_operator_v3 to 2026-05-26 19:07:00+00:00, run_after=2026-05-26 19:08:00+00:00
[2026-05-26T19:08:48.912+0000] {processor.py:183} INFO - Processing /home/airflow/.local/lib/python3.8/site-packages/airflow/example_dags/example_branch_python_dop_operator_3.py took 0.088 seconds
[2026-05-26T19:09:19.215+0000] {processor.py:161} INFO - Started process (PID=6714) to work on /home/airflow/.local/lib/python3.8/site-packages/airflow/example_dags/example_branch_python_dop_operator_3.py
[2026-05-26T19:09:19.217+0000] {processor.py:830} INFO - Processing file /home/airflow/.local/lib/python3.8/site-packages/airflow/example_dags/example_branch_python_dop_operator_3.py for tasks to queue
[2026-05-26T19:09:19.219+0000] {logging_mixin.py:188} INFO - [2026-05-26T19:09:19.219+0000] {dagbag.py:540} INFO - Filling up the DagBag from /home/airflow/.local/lib/python3.8/site-packages/airflow/example_dags/example_branch_python_dop_operator_3.py
[2026-05-26T19:09:19.226+0000] {processor.py:840} INFO - DAG(s) 'example_branch_dop_operator_v3' retrieved from /home/airflow/.local/lib/python3.8/site-packages/airflow/example_dags/example_branch_python_dop_operator_3.py
[2026-05-26T19:09:19.241+0000] {logging_mixin.py:188} INFO - [2026-05-26T19:09:19.241+0000] {dag.py:3047} INFO - Sync 1 DAGs
[2026-05-26T19:09:19.259+0000] {logging_mixin.py:188} INFO - [2026-05-26T19:09:19.259+0000] {dag.py:3834} INFO - Setting next_dagrun for example_branch_dop_operator_v3 to 2026-05-26 19:08:00+00:00, run_after=2026-05-26 19:09:00+00:00
[2026-05-26T19:09:19.276+0000] {processor.py:183} INFO - Processing /home/airflow/.local/lib/python3.8/site-packages/airflow/example_dags/example_branch_python_dop_operator_3.py took 0.064 seconds
[2026-05-26T19:09:49.425+0000] {processor.py:161} INFO - Started process (PID=6769) to work on /home/airflow/.local/lib/python3.8/site-packages/airflow/example_dags/example_branch_python_dop_operator_3.py
[2026-05-26T19:09:49.426+0000] {processor.py:830} INFO - Processing file /home/airflow/.local/lib/python3.8/site-packages/airflow/example_dags/example_branch_python_dop_operator_3.py for tasks to queue
[2026-05-26T19:09:49.428+0000] {logging_mixin.py:188} INFO - [2026-05-26T19:09:49.428+0000] {dagbag.py:540} INFO - Filling up the DagBag from /home/airflow/.local/lib/python3.8/site-packages/airflow/example_dags/example_branch_python_dop_operator_3.py
[2026-05-26T19:09:49.435+0000] {processor.py:840} INFO - DAG(s) 'example_branch_dop_operator_v3' retrieved from /home/airflow/.local/lib/python3.8/site-packages/airflow/example_dags/example_branch_python_dop_operator_3.py
[2026-05-26T19:09:49.451+0000] {logging_mixin.py:188} INFO - [2026-05-26T19:09:49.451+0000] {dag.py:3047} INFO - Sync 1 DAGs
[2026-05-26T19:09:49.468+0000] {logging_mixin.py:188} INFO - [2026-05-26T19:09:49.468+0000] {dag.py:3834} INFO - Setting next_dagrun for example_branch_dop_operator_v3 to 2026-05-26 19:08:00+00:00, run_after=2026-05-26 19:09:00+00:00
[2026-05-26T19:09:49.485+0000] {processor.py:183} INFO - Processing /home/airflow/.local/lib/python3.8/site-packages/airflow/example_dags/example_branch_python_dop_operator_3.py took 0.063 seconds
[2026-05-26T19:10:19.815+0000] {processor.py:161} INFO - Started process (PID=6824) to work on /home/airflow/.local/lib/python3.8/site-packages/airflow/example_dags/example_branch_python_dop_operator_3.py
[2026-05-26T19:10:19.816+0000] {processor.py:830} INFO - Processing file /home/airflow/.local/lib/python3.8/site-packages/airflow/example_dags/example_branch_python_dop_operator_3.py for tasks to queue
[2026-05-26T19:10:19.818+0000] {logging_mixin.py:188} INFO - [2026-05-26T19:10:19.818+0000] {dagbag.py:540} INFO - Filling up the DagBag from /home/airflow/.local/lib/python3.8/site-packages/airflow/example_dags/example_branch_python_dop_operator_3.py
[2026-05-26T19:10:19.825+0000] {processor.py:840} INFO - DAG(s) 'example_branch_dop_operator_v3' retrieved from /home/airflow/.local/lib/python3.8/site-packages/airflow/example_dags/example_branch_python_dop_operator_3.py
[2026-05-26T19:10:19.842+0000] {logging_mixin.py:188} INFO - [2026-05-26T19:10:19.842+0000] {dag.py:3047} INFO - Sync 1 DAGs
[2026-05-26T19:10:19.858+0000] {logging_mixin.py:188} INFO - [2026-05-26T19:10:19.858+0000] {dag.py:3834} INFO - Setting next_dagrun for example_branch_dop_operator_v3 to 2026-05-26 19:09:00+00:00, run_after=2026-05-26 19:10:00+00:00
[2026-05-26T19:10:19.872+0000] {processor.py:183} INFO - Processing /home/airflow/.local/lib/python3.8/site-packages/airflow/example_dags/example_branch_python_dop_operator_3.py took 0.061 seconds
[2026-05-26T19:10:50.356+0000] {processor.py:161} INFO - Started process (PID=6879) to work on /home/airflow/.local/lib/python3.8/site-packages/airflow/example_dags/example_branch_python_dop_operator_3.py
[2026-05-26T19:10:50.358+0000] {processor.py:830} INFO - Processing file /home/airflow/.local/lib/python3.8/site-packages/airflow/example_dags/example_branch_python_dop_operator_3.py for tasks to queue
[2026-05-26T19:10:50.360+0000] {logging_mixin.py:188} INFO - [2026-05-26T19:10:50.360+0000] {dagbag.py:540} INFO - Filling up the DagBag from /home/airflow/.local/lib/python3.8/site-packages/airflow/example_dags/example_branch_python_dop_operator_3.py
[2026-05-26T19:10:50.367+0000] {processor.py:840} INFO - DAG(s) 'example_branch_dop_operator_v3' retrieved from /home/airflow/.local/lib/python3.8/site-packages/airflow/example_dags/example_branch_python_dop_operator_3.py
[2026-05-26T19:10:50.386+0000] {logging_mixin.py:188} INFO - [2026-05-26T19:10:50.386+0000] {dag.py:3047} INFO - Sync 1 DAGs
[2026-05-26T19:10:50.405+0000] {logging_mixin.py:188} INFO - [2026-05-26T19:10:50.405+0000] {dag.py:3834} INFO - Setting next_dagrun for example_branch_dop_operator_v3 to 2026-05-26 19:09:00+00:00, run_after=2026-05-26 19:10:00+00:00
[2026-05-26T19:10:50.423+0000] {processor.py:183} INFO - Processing /home/airflow/.local/lib/python3.8/site-packages/airflow/example_dags/example_branch_python_dop_operator_3.py took 0.069 seconds
[2026-05-26T19:11:20.838+0000] {processor.py:161} INFO - Started process (PID=6934) to work on /home/airflow/.local/lib/python3.8/site-packages/airflow/example_dags/example_branch_python_dop_operator_3.py
[2026-05-26T19:11:20.840+0000] {processor.py:830} INFO - Processing file /home/airflow/.local/lib/python3.8/site-packages/airflow/example_dags/example_branch_python_dop_operator_3.py for tasks to queue
[2026-05-26T19:11:20.842+0000] {logging_mixin.py:188} INFO - [2026-05-26T19:11:20.841+0000] {dagbag.py:540} INFO - Filling up the DagBag from /home/airflow/.local/lib/python3.8/site-packages/airflow/example_dags/example_branch_python_dop_operator_3.py
[2026-05-26T19:11:20.849+0000] {processor.py:840} INFO - DAG(s) 'example_branch_dop_operator_v3' retrieved from /home/airflow/.local/lib/python3.8/site-packages/airflow/example_dags/example_branch_python_dop_operator_3.py
[2026-05-26T19:11:20.865+0000] {logging_mixin.py:188} INFO - [2026-05-26T19:11:20.865+0000] {dag.py:3047} INFO - Sync 1 DAGs
[2026-05-26T19:11:20.883+0000] {logging_mixin.py:188} INFO - [2026-05-26T19:11:20.883+0000] {dag.py:3834} INFO - Setting next_dagrun for example_branch_dop_operator_v3 to 2026-05-26 19:10:00+00:00, run_after=2026-05-26 19:11:00+00:00
[2026-05-26T19:11:20.898+0000] {processor.py:183} INFO - Processing /home/airflow/.local/lib/python3.8/site-packages/airflow/example_dags/example_branch_python_dop_operator_3.py took 0.063 seconds
[2026-05-26T19:11:51.348+0000] {processor.py:161} INFO - Started process (PID=6989) to work on /home/airflow/.local/lib/python3.8/site-packages/airflow/example_dags/example_branch_python_dop_operator_3.py
[2026-05-26T19:11:51.349+0000] {processor.py:830} INFO - Processing file /home/airflow/.local/lib/python3.8/site-packages/airflow/example_dags/example_branch_python_dop_operator_3.py for tasks to queue
[2026-05-26T19:11:51.351+0000] {logging_mixin.py:188} INFO - [2026-05-26T19:11:51.350+0000] {dagbag.py:540} INFO - Filling up the DagBag from /home/airflow/.local/lib/python3.8/site-packages/airflow/example_dags/example_branch_python_dop_operator_3.py
[2026-05-26T19:11:51.358+0000] {processor.py:840} INFO - DAG(s) 'example_branch_dop_operator_v3' retrieved from /home/airflow/.local/lib/python3.8/site-packages/airflow/example_dags/example_branch_python_dop_operator_3.py
[2026-05-26T19:11:51.374+0000] {logging_mixin.py:188} INFO - [2026-05-26T19:11:51.374+0000] {dag.py:3047} INFO - Sync 1 DAGs
[2026-05-26T19:11:51.391+0000] {logging_mixin.py:188} INFO - [2026-05-26T19:11:51.391+0000] {dag.py:3834} INFO - Setting next_dagrun for example_branch_dop_operator_v3 to 2026-05-26 19:10:00+00:00, run_after=2026-05-26 19:11:00+00:00
[2026-05-26T19:11:51.408+0000] {processor.py:183} INFO - Processing /home/airflow/.local/lib/python3.8/site-packages/airflow/example_dags/example_branch_python_dop_operator_3.py took 0.063 seconds
[2026-05-26T19:12:21.711+0000] {processor.py:161} INFO - Started process (PID=7044) to work on /home/airflow/.local/lib/python3.8/site-packages/airflow/example_dags/example_branch_python_dop_operator_3.py
[2026-05-26T19:12:21.712+0000] {processor.py:830} INFO - Processing file /home/airflow/.local/lib/python3.8/site-packages/airflow/example_dags/example_branch_python_dop_operator_3.py for tasks to queue
[2026-05-26T19:12:21.714+0000] {logging_mixin.py:188} INFO - [2026-05-26T19:12:21.714+0000] {dagbag.py:540} INFO - Filling up the DagBag from /home/airflow/.local/lib/python3.8/site-packages/airflow/example_dags/example_branch_python_dop_operator_3.py
[2026-05-26T19:12:21.721+0000] {processor.py:840} INFO - DAG(s) 'example_branch_dop_operator_v3' retrieved from /home/airflow/.local/lib/python3.8/site-packages/airflow/example_dags/example_branch_python_dop_operator_3.py
[2026-05-26T19:12:21.738+0000] {logging_mixin.py:188} INFO - [2026-05-26T19:12:21.737+0000] {dag.py:3047} INFO - Sync 1 DAGs
[2026-05-26T19:12:21.755+0000] {logging_mixin.py:188} INFO - [2026-05-26T19:12:21.755+0000] {dag.py:3834} INFO - Setting next_dagrun for example_branch_dop_operator_v3 to 2026-05-26 19:11:00+00:00, run_after=2026-05-26 19:12:00+00:00
[2026-05-26T19:12:21.770+0000] {processor.py:183} INFO - Processing /home/airflow/.local/lib/python3.8/site-packages/airflow/example_dags/example_branch_python_dop_operator_3.py took 0.063 seconds
[2026-05-26T19:12:52.001+0000] {processor.py:161} INFO - Started process (PID=7099) to work on /home/airflow/.local/lib/python3.8/site-packages/airflow/example_dags/example_branch_python_dop_operator_3.py
[2026-05-26T19:12:52.002+0000] {processor.py:830} INFO - Processing file /home/airflow/.local/lib/python3.8/site-packages/airflow/example_dags/example_branch_python_dop_operator_3.py for tasks to queue
[2026-05-26T19:12:52.004+0000] {logging_mixin.py:188} INFO - [2026-05-26T19:12:52.004+0000] {dagbag.py:540} INFO - Filling up the DagBag from /home/airflow/.local/lib/python3.8/site-packages/airflow/example_dags/example_branch_python_dop_operator_3.py
[2026-05-26T19:12:52.011+0000] {processor.py:840} INFO - DAG(s) 'example_branch_dop_operator_v3' retrieved from /home/airflow/.local/lib/python3.8/site-packages/airflow/example_dags/example_branch_python_dop_operator_3.py
[2026-05-26T19:12:52.028+0000] {logging_mixin.py:188} INFO - [2026-05-26T19:12:52.028+0000] {dag.py:3047} INFO - Sync 1 DAGs
[2026-05-26T19:12:52.045+0000] {logging_mixin.py:188} INFO - [2026-05-26T19:12:52.045+0000] {dag.py:3834} INFO - Setting next_dagrun for example_branch_dop_operator_v3 to 2026-05-26 19:11:00+00:00, run_after=2026-05-26 19:12:00+00:00
[2026-05-26T19:12:52.060+0000] {processor.py:183} INFO - Processing /home/airflow/.local/lib/python3.8/site-packages/airflow/example_dags/example_branch_python_dop_operator_3.py took 0.062 seconds
[2026-05-26T19:13:22.578+0000] {processor.py:161} INFO - Started process (PID=7154) to work on /home/airflow/.local/lib/python3.8/site-packages/airflow/example_dags/example_branch_python_dop_operator_3.py
[2026-05-26T19:13:22.579+0000] {processor.py:830} INFO - Processing file /home/airflow/.local/lib/python3.8/site-packages/airflow/example_dags/example_branch_python_dop_operator_3.py for tasks to queue
[2026-05-26T19:13:22.582+0000] {logging_mixin.py:188} INFO - [2026-05-26T19:13:22.581+0000] {dagbag.py:540} INFO - Filling up the DagBag from /home/airflow/.local/lib/python3.8/site-packages/airflow/example_dags/example_branch_python_dop_operator_3.py
[2026-05-26T19:13:22.588+0000] {processor.py:840} INFO - DAG(s) 'example_branch_dop_operator_v3' retrieved from /home/airflow/.local/lib/python3.8/site-packages/airflow/example_dags/example_branch_python_dop_operator_3.py
[2026-05-26T19:13:22.606+0000] {logging_mixin.py:188} INFO - [2026-05-26T19:13:22.605+0000] {dag.py:3047} INFO - Sync 1 DAGs
[2026-05-26T19:13:22.623+0000] {logging_mixin.py:188} INFO - [2026-05-26T19:13:22.623+0000] {dag.py:3834} INFO - Setting next_dagrun for example_branch_dop_operator_v3 to 2026-05-26 19:12:00+00:00, run_after=2026-05-26 19:13:00+00:00
[2026-05-26T19:13:22.639+0000] {processor.py:183} INFO - Processing /home/airflow/.local/lib/python3.8/site-packages/airflow/example_dags/example_branch_python_dop_operator_3.py took 0.065 seconds
[2026-05-26T19:13:53.255+0000] {processor.py:161} INFO - Started process (PID=7209) to work on /home/airflow/.local/lib/python3.8/site-packages/airflow/example_dags/example_branch_python_dop_operator_3.py
[2026-05-26T19:13:53.256+0000] {processor.py:830} INFO - Processing file /home/airflow/.local/lib/python3.8/site-packages/airflow/example_dags/example_branch_python_dop_operator_3.py for tasks to queue
[2026-05-26T19:13:53.260+0000] {logging_mixin.py:188} INFO - [2026-05-26T19:13:53.259+0000] {dagbag.py:540} INFO - Filling up the DagBag from /home/airflow/.local/lib/python3.8/site-packages/airflow/example_dags/example_branch_python_dop_operator_3.py
[2026-05-26T19:13:53.268+0000] {processor.py:840} INFO - DAG(s) 'example_branch_dop_operator_v3' retrieved from /home/airflow/.local/lib/python3.8/site-packages/airflow/example_dags/example_branch_python_dop_operator_3.py
[2026-05-26T19:13:53.290+0000] {logging_mixin.py:188} INFO - [2026-05-26T19:13:53.289+0000] {dag.py:3047} INFO - Sync 1 DAGs
[2026-05-26T19:13:53.319+0000] {logging_mixin.py:188} INFO - [2026-05-26T19:13:53.318+0000] {dag.py:3834} INFO - Setting next_dagrun for example_branch_dop_operator_v3 to 2026-05-26 19:12:00+00:00, run_after=2026-05-26 19:13:00+00:00
[2026-05-26T19:13:53.348+0000] {processor.py:183} INFO - Processing /home/airflow/.local/lib/python3.8/site-packages/airflow/example_dags/example_branch_python_dop_operator_3.py took 0.096 seconds
[2026-05-26T19:14:23.727+0000] {processor.py:161} INFO - Started process (PID=7264) to work on /home/airflow/.local/lib/python3.8/site-packages/airflow/example_dags/example_branch_python_dop_operator_3.py
[2026-05-26T19:14:23.729+0000] {processor.py:830} INFO - Processing file /home/airflow/.local/lib/python3.8/site-packages/airflow/example_dags/example_branch_python_dop_operator_3.py for tasks to queue
[2026-05-26T19:14:23.731+0000] {logging_mixin.py:188} INFO - [2026-05-26T19:14:23.731+0000] {dagbag.py:540} INFO - Filling up the DagBag from /home/airflow/.local/lib/python3.8/site-packages/airflow/example_dags/example_branch_python_dop_operator_3.py
[2026-05-26T19:14:23.743+0000] {processor.py:840} INFO - DAG(s) 'example_branch_dop_operator_v3' retrieved from /home/airflow/.local/lib/python3.8/site-packages/airflow/example_dags/example_branch_python_dop_operator_3.py
[2026-05-26T19:14:23.766+0000] {logging_mixin.py:188} INFO - [2026-05-26T19:14:23.765+0000] {dag.py:3047} INFO - Sync 1 DAGs
[2026-05-26T19:14:23.787+0000] {logging_mixin.py:188} INFO - [2026-05-26T19:14:23.787+0000] {dag.py:3834} INFO - Setting next_dagrun for example_branch_dop_operator_v3 to 2026-05-26 19:13:00+00:00, run_after=2026-05-26 19:14:00+00:00
[2026-05-26T19:14:23.805+0000] {processor.py:183} INFO - Processing /home/airflow/.local/lib/python3.8/site-packages/airflow/example_dags/example_branch_python_dop_operator_3.py took 0.082 seconds
[2026-05-26T19:14:53.946+0000] {processor.py:161} INFO - Started process (PID=7319) to work on /home/airflow/.local/lib/python3.8/site-packages/airflow/example_dags/example_branch_python_dop_operator_3.py
[2026-05-26T19:14:53.948+0000] {processor.py:830} INFO - Processing file /home/airflow/.local/lib/python3.8/site-packages/airflow/example_dags/example_branch_python_dop_operator_3.py for tasks to queue
[2026-05-26T19:14:53.951+0000] {logging_mixin.py:188} INFO - [2026-05-26T19:14:53.951+0000] {dagbag.py:540} INFO - Filling up the DagBag from /home/airflow/.local/lib/python3.8/site-packages/airflow/example_dags/example_branch_python_dop_operator_3.py
[2026-05-26T19:14:53.964+0000] {processor.py:840} INFO - DAG(s) 'example_branch_dop_operator_v3' retrieved from /home/airflow/.local/lib/python3.8/site-packages/airflow/example_dags/example_branch_python_dop_operator_3.py
[2026-05-26T19:14:53.996+0000] {logging_mixin.py:188} INFO - [2026-05-26T19:14:53.996+0000] {dag.py:3047} INFO - Sync 1 DAGs
[2026-05-26T19:14:54.028+0000] {logging_mixin.py:188} INFO - [2026-05-26T19:14:54.027+0000] {dag.py:3834} INFO - Setting next_dagrun for example_branch_dop_operator_v3 to 2026-05-26 19:13:00+00:00, run_after=2026-05-26 19:14:00+00:00
[2026-05-26T19:14:54.065+0000] {processor.py:183} INFO - Processing /home/airflow/.local/lib/python3.8/site-packages/airflow/example_dags/example_branch_python_dop_operator_3.py took 0.122 seconds
[2026-05-26T19:15:24.634+0000] {processor.py:161} INFO - Started process (PID=7374) to work on /home/airflow/.local/lib/python3.8/site-packages/airflow/example_dags/example_branch_python_dop_operator_3.py
[2026-05-26T19:15:24.635+0000] {processor.py:830} INFO - Processing file /home/airflow/.local/lib/python3.8/site-packages/airflow/example_dags/example_branch_python_dop_operator_3.py for tasks to queue
[2026-05-26T19:15:24.637+0000] {logging_mixin.py:188} INFO - [2026-05-26T19:15:24.637+0000] {dagbag.py:540} INFO - Filling up the DagBag from /home/airflow/.local/lib/python3.8/site-packages/airflow/example_dags/example_branch_python_dop_operator_3.py
[2026-05-26T19:15:24.644+0000] {processor.py:840} INFO - DAG(s) 'example_branch_dop_operator_v3' retrieved from /home/airflow/.local/lib/python3.8/site-packages/airflow/example_dags/example_branch_python_dop_operator_3.py
[2026-05-26T19:15:24.662+0000] {logging_mixin.py:188} INFO - [2026-05-26T19:15:24.662+0000] {dag.py:3047} INFO - Sync 1 DAGs
[2026-05-26T19:15:24.680+0000] {logging_mixin.py:188} INFO - [2026-05-26T19:15:24.679+0000] {dag.py:3834} INFO - Setting next_dagrun for example_branch_dop_operator_v3 to 2026-05-26 19:14:00+00:00, run_after=2026-05-26 19:15:00+00:00
[2026-05-26T19:15:24.694+0000] {processor.py:183} INFO - Processing /home/airflow/.local/lib/python3.8/site-packages/airflow/example_dags/example_branch_python_dop_operator_3.py took 0.063 seconds
[2026-05-26T19:15:54.824+0000] {processor.py:161} INFO - Started process (PID=7429) to work on /home/airflow/.local/lib/python3.8/site-packages/airflow/example_dags/example_branch_python_dop_operator_3.py
[2026-05-26T19:15:54.825+0000] {processor.py:830} INFO - Processing file /home/airflow/.local/lib/python3.8/site-packages/airflow/example_dags/example_branch_python_dop_operator_3.py for tasks to queue
[2026-05-26T19:15:54.827+0000] {logging_mixin.py:188} INFO - [2026-05-26T19:15:54.827+0000] {dagbag.py:540} INFO - Filling up the DagBag from /home/airflow/.local/lib/python3.8/site-packages/airflow/example_dags/example_branch_python_dop_operator_3.py
[2026-05-26T19:15:54.835+0000] {processor.py:840} INFO - DAG(s) 'example_branch_dop_operator_v3' retrieved from /home/airflow/.local/lib/python3.8/site-packages/airflow/example_dags/example_branch_python_dop_operator_3.py
[2026-05-26T19:15:54.856+0000] {logging_mixin.py:188} INFO - [2026-05-26T19:15:54.856+0000] {dag.py:3047} INFO - Sync 1 DAGs
[2026-05-26T19:15:54.878+0000] {logging_mixin.py:188} INFO - [2026-05-26T19:15:54.878+0000] {dag.py:3834} INFO - Setting next_dagrun for example_branch_dop_operator_v3 to 2026-05-26 19:14:00+00:00, run_after=2026-05-26 19:15:00+00:00
[2026-05-26T19:15:54.894+0000] {processor.py:183} INFO - Processing /home/airflow/.local/lib/python3.8/site-packages/airflow/example_dags/example_branch_python_dop_operator_3.py took 0.073 seconds
[2026-05-26T19:16:25.273+0000] {processor.py:161} INFO - Started process (PID=7484) to work on /home/airflow/.local/lib/python3.8/site-packages/airflow/example_dags/example_branch_python_dop_operator_3.py
[2026-05-26T19:16:25.274+0000] {processor.py:830} INFO - Processing file /home/airflow/.local/lib/python3.8/site-packages/airflow/example_dags/example_branch_python_dop_operator_3.py for tasks to queue
[2026-05-26T19:16:25.276+0000] {logging_mixin.py:188} INFO - [2026-05-26T19:16:25.276+0000] {dagbag.py:540} INFO - Filling up the DagBag from /home/airflow/.local/lib/python3.8/site-packages/airflow/example_dags/example_branch_python_dop_operator_3.py
[2026-05-26T19:16:25.284+0000] {processor.py:840} INFO - DAG(s) 'example_branch_dop_operator_v3' retrieved from /home/airflow/.local/lib/python3.8/site-packages/airflow/example_dags/example_branch_python_dop_operator_3.py
[2026-05-26T19:16:25.301+0000] {logging_mixin.py:188} INFO - [2026-05-26T19:16:25.301+0000] {dag.py:3047} INFO - Sync 1 DAGs
[2026-05-26T19:16:25.320+0000] {logging_mixin.py:188} INFO - [2026-05-26T19:16:25.319+0000] {dag.py:3834} INFO - Setting next_dagrun for example_branch_dop_operator_v3 to 2026-05-26 19:15:00+00:00, run_after=2026-05-26 19:16:00+00:00
[2026-05-26T19:16:25.335+0000] {processor.py:183} INFO - Processing /home/airflow/.local/lib/python3.8/site-packages/airflow/example_dags/example_branch_python_dop_operator_3.py took 0.065 seconds
[2026-05-26T19:16:55.642+0000] {processor.py:161} INFO - Started process (PID=7539) to work on /home/airflow/.local/lib/python3.8/site-packages/airflow/example_dags/example_branch_python_dop_operator_3.py
[2026-05-26T19:16:55.644+0000] {processor.py:830} INFO - Processing file /home/airflow/.local/lib/python3.8/site-packages/airflow/example_dags/example_branch_python_dop_operator_3.py for tasks to queue
[2026-05-26T19:16:55.647+0000] {logging_mixin.py:188} INFO - [2026-05-26T19:16:55.646+0000] {dagbag.py:540} INFO - Filling up the DagBag from /home/airflow/.local/lib/python3.8/site-packages/airflow/example_dags/example_branch_python_dop_operator_3.py
[2026-05-26T19:16:55.655+0000] {processor.py:840} INFO - DAG(s) 'example_branch_dop_operator_v3' retrieved from /home/airflow/.local/lib/python3.8/site-packages/airflow/example_dags/example_branch_python_dop_operator_3.py
[2026-05-26T19:16:55.672+0000] {logging_mixin.py:188} INFO - [2026-05-26T19:16:55.671+0000] {dag.py:3047} INFO - Sync 1 DAGs
[2026-05-26T19:16:55.690+0000] {logging_mixin.py:188} INFO - [2026-05-26T19:16:55.690+0000] {dag.py:3834} INFO - Setting next_dagrun for example_branch_dop_operator_v3 to 2026-05-26 19:15:00+00:00, run_after=2026-05-26 19:16:00+00:00
[2026-05-26T19:16:55.705+0000] {processor.py:183} INFO - Processing /home/airflow/.local/lib/python3.8/site-packages/airflow/example_dags/example_branch_python_dop_operator_3.py took 0.066 seconds
[2026-05-26T19:17:26.081+0000] {processor.py:161} INFO - Started process (PID=7594) to work on /home/airflow/.local/lib/python3.8/site-packages/airflow/example_dags/example_branch_python_dop_operator_3.py
[2026-05-26T19:17:26.082+0000] {processor.py:830} INFO - Processing file /home/airflow/.local/lib/python3.8/site-packages/airflow/example_dags/example_branch_python_dop_operator_3.py for tasks to queue
[2026-05-26T19:17:26.084+0000] {logging_mixin.py:188} INFO - [2026-05-26T19:17:26.083+0000] {dagbag.py:540} INFO - Filling up the DagBag from /home/airflow/.local/lib/python3.8/site-packages/airflow/example_dags/example_branch_python_dop_operator_3.py
[2026-05-26T19:17:26.091+0000] {processor.py:840} INFO - DAG(s) 'example_branch_dop_operator_v3' retrieved from /home/airflow/.local/lib/python3.8/site-packages/airflow/example_dags/example_branch_python_dop_operator_3.py
[2026-05-26T19:17:26.112+0000] {logging_mixin.py:188} INFO - [2026-05-26T19:17:26.112+0000] {dag.py:3047} INFO - Sync 1 DAGs
[2026-05-26T19:17:26.133+0000] {logging_mixin.py:188} INFO - [2026-05-26T19:17:26.132+0000] {dag.py:3834} INFO - Setting next_dagrun for example_branch_dop_operator_v3 to 2026-05-26 19:16:00+00:00, run_after=2026-05-26 19:17:00+00:00
[2026-05-26T19:17:26.148+0000] {processor.py:183} INFO - Processing /home/airflow/.local/lib/python3.8/site-packages/airflow/example_dags/example_branch_python_dop_operator_3.py took 0.070 seconds
[2026-05-26T19:17:56.677+0000] {processor.py:161} INFO - Started process (PID=7649) to work on /home/airflow/.local/lib/python3.8/site-packages/airflow/example_dags/example_branch_python_dop_operator_3.py
[2026-05-26T19:17:56.678+0000] {processor.py:830} INFO - Processing file /home/airflow/.local/lib/python3.8/site-packages/airflow/example_dags/example_branch_python_dop_operator_3.py for tasks to queue
[2026-05-26T19:17:56.680+0000] {logging_mixin.py:188} INFO - [2026-05-26T19:17:56.679+0000] {dagbag.py:540} INFO - Filling up the DagBag from /home/airflow/.local/lib/python3.8/site-packages/airflow/example_dags/example_branch_python_dop_operator_3.py
[2026-05-26T19:17:56.688+0000] {processor.py:840} INFO - DAG(s) 'example_branch_dop_operator_v3' retrieved from /home/airflow/.local/lib/python3.8/site-packages/airflow/example_dags/example_branch_python_dop_operator_3.py
[2026-05-26T19:17:56.708+0000] {logging_mixin.py:188} INFO - [2026-05-26T19:17:56.708+0000] {dag.py:3047} INFO - Sync 1 DAGs
[2026-05-26T19:17:56.729+0000] {logging_mixin.py:188} INFO - [2026-05-26T19:17:56.729+0000] {dag.py:3834} INFO - Setting next_dagrun for example_branch_dop_operator_v3 to 2026-05-26 19:16:00+00:00, run_after=2026-05-26 19:17:00+00:00
[2026-05-26T19:17:56.867+0000] {processor.py:183} INFO - Processing /home/airflow/.local/lib/python3.8/site-packages/airflow/example_dags/example_branch_python_dop_operator_3.py took 0.193 seconds
