[2026-05-26T18:08:04.477+0000] {processor.py:161} INFO - Started process (PID=70) to work on /home/airflow/.local/lib/python3.8/site-packages/airflow/example_dags/example_dag_decorator.py
[2026-05-26T18:08:04.481+0000] {processor.py:830} INFO - Processing file /home/airflow/.local/lib/python3.8/site-packages/airflow/example_dags/example_dag_decorator.py for tasks to queue
[2026-05-26T18:08:04.493+0000] {logging_mixin.py:188} INFO - [2026-05-26T18:08:04.491+0000] {dagbag.py:540} INFO - Filling up the DagBag from /home/airflow/.local/lib/python3.8/site-packages/airflow/example_dags/example_dag_decorator.py
[2026-05-26T18:08:05.072+0000] {processor.py:840} INFO - DAG(s) 'example_dag_decorator' retrieved from /home/airflow/.local/lib/python3.8/site-packages/airflow/example_dags/example_dag_decorator.py
[2026-05-26T18:08:05.484+0000] {logging_mixin.py:188} INFO - [2026-05-26T18:08:05.483+0000] {dag.py:3047} INFO - Sync 1 DAGs
[2026-05-26T18:08:05.516+0000] {logging_mixin.py:188} INFO - [2026-05-26T18:08:05.516+0000] {dag.py:3834} INFO - Setting next_dagrun for example_dag_decorator to None, run_after=None
[2026-05-26T18:08:05.596+0000] {processor.py:183} INFO - Processing /home/airflow/.local/lib/python3.8/site-packages/airflow/example_dags/example_dag_decorator.py took 1.142 seconds
[2026-05-26T18:08:35.665+0000] {processor.py:161} INFO - Started process (PID=131) to work on /home/airflow/.local/lib/python3.8/site-packages/airflow/example_dags/example_dag_decorator.py
[2026-05-26T18:08:35.669+0000] {processor.py:830} INFO - Processing file /home/airflow/.local/lib/python3.8/site-packages/airflow/example_dags/example_dag_decorator.py for tasks to queue
[2026-05-26T18:08:35.670+0000] {logging_mixin.py:188} INFO - [2026-05-26T18:08:35.670+0000] {dagbag.py:540} INFO - Filling up the DagBag from /home/airflow/.local/lib/python3.8/site-packages/airflow/example_dags/example_dag_decorator.py
[2026-05-26T18:08:35.772+0000] {processor.py:840} INFO - DAG(s) 'example_dag_decorator' retrieved from /home/airflow/.local/lib/python3.8/site-packages/airflow/example_dags/example_dag_decorator.py
[2026-05-26T18:08:35.850+0000] {logging_mixin.py:188} INFO - [2026-05-26T18:08:35.849+0000] {dag.py:3047} INFO - Sync 1 DAGs
[2026-05-26T18:08:35.858+0000] {logging_mixin.py:188} INFO - [2026-05-26T18:08:35.858+0000] {dag.py:3834} INFO - Setting next_dagrun for example_dag_decorator to None, run_after=None
[2026-05-26T18:08:35.876+0000] {processor.py:183} INFO - Processing /home/airflow/.local/lib/python3.8/site-packages/airflow/example_dags/example_dag_decorator.py took 0.214 seconds
[2026-05-26T18:09:06.314+0000] {processor.py:161} INFO - Started process (PID=186) to work on /home/airflow/.local/lib/python3.8/site-packages/airflow/example_dags/example_dag_decorator.py
[2026-05-26T18:09:06.315+0000] {processor.py:830} INFO - Processing file /home/airflow/.local/lib/python3.8/site-packages/airflow/example_dags/example_dag_decorator.py for tasks to queue
[2026-05-26T18:09:06.317+0000] {logging_mixin.py:188} INFO - [2026-05-26T18:09:06.317+0000] {dagbag.py:540} INFO - Filling up the DagBag from /home/airflow/.local/lib/python3.8/site-packages/airflow/example_dags/example_dag_decorator.py
[2026-05-26T18:09:06.401+0000] {processor.py:840} INFO - DAG(s) 'example_dag_decorator' retrieved from /home/airflow/.local/lib/python3.8/site-packages/airflow/example_dags/example_dag_decorator.py
[2026-05-26T18:09:06.484+0000] {logging_mixin.py:188} INFO - [2026-05-26T18:09:06.484+0000] {dag.py:3047} INFO - Sync 1 DAGs
[2026-05-26T18:09:06.497+0000] {logging_mixin.py:188} INFO - [2026-05-26T18:09:06.497+0000] {dag.py:3834} INFO - Setting next_dagrun for example_dag_decorator to None, run_after=None
[2026-05-26T18:09:06.518+0000] {processor.py:183} INFO - Processing /home/airflow/.local/lib/python3.8/site-packages/airflow/example_dags/example_dag_decorator.py took 0.207 seconds
[2026-05-26T18:09:36.772+0000] {processor.py:161} INFO - Started process (PID=241) to work on /home/airflow/.local/lib/python3.8/site-packages/airflow/example_dags/example_dag_decorator.py
[2026-05-26T18:09:36.774+0000] {processor.py:830} INFO - Processing file /home/airflow/.local/lib/python3.8/site-packages/airflow/example_dags/example_dag_decorator.py for tasks to queue
[2026-05-26T18:09:36.776+0000] {logging_mixin.py:188} INFO - [2026-05-26T18:09:36.775+0000] {dagbag.py:540} INFO - Filling up the DagBag from /home/airflow/.local/lib/python3.8/site-packages/airflow/example_dags/example_dag_decorator.py
[2026-05-26T18:09:36.870+0000] {processor.py:840} INFO - DAG(s) 'example_dag_decorator' retrieved from /home/airflow/.local/lib/python3.8/site-packages/airflow/example_dags/example_dag_decorator.py
[2026-05-26T18:09:36.958+0000] {logging_mixin.py:188} INFO - [2026-05-26T18:09:36.958+0000] {dag.py:3047} INFO - Sync 1 DAGs
[2026-05-26T18:09:36.969+0000] {logging_mixin.py:188} INFO - [2026-05-26T18:09:36.969+0000] {dag.py:3834} INFO - Setting next_dagrun for example_dag_decorator to None, run_after=None
[2026-05-26T18:09:36.987+0000] {processor.py:183} INFO - Processing /home/airflow/.local/lib/python3.8/site-packages/airflow/example_dags/example_dag_decorator.py took 0.218 seconds
[2026-05-26T18:10:07.027+0000] {processor.py:161} INFO - Started process (PID=296) to work on /home/airflow/.local/lib/python3.8/site-packages/airflow/example_dags/example_dag_decorator.py
[2026-05-26T18:10:07.029+0000] {processor.py:830} INFO - Processing file /home/airflow/.local/lib/python3.8/site-packages/airflow/example_dags/example_dag_decorator.py for tasks to queue
[2026-05-26T18:10:07.034+0000] {logging_mixin.py:188} INFO - [2026-05-26T18:10:07.033+0000] {dagbag.py:540} INFO - Filling up the DagBag from /home/airflow/.local/lib/python3.8/site-packages/airflow/example_dags/example_dag_decorator.py
[2026-05-26T18:10:07.145+0000] {processor.py:840} INFO - DAG(s) 'example_dag_decorator' retrieved from /home/airflow/.local/lib/python3.8/site-packages/airflow/example_dags/example_dag_decorator.py
[2026-05-26T18:10:07.297+0000] {logging_mixin.py:188} INFO - [2026-05-26T18:10:07.296+0000] {dag.py:3047} INFO - Sync 1 DAGs
[2026-05-26T18:10:07.312+0000] {logging_mixin.py:188} INFO - [2026-05-26T18:10:07.312+0000] {dag.py:3834} INFO - Setting next_dagrun for example_dag_decorator to None, run_after=None
[2026-05-26T18:10:07.347+0000] {processor.py:183} INFO - Processing /home/airflow/.local/lib/python3.8/site-packages/airflow/example_dags/example_dag_decorator.py took 0.325 seconds
[2026-05-26T18:10:37.422+0000] {processor.py:161} INFO - Started process (PID=352) to work on /home/airflow/.local/lib/python3.8/site-packages/airflow/example_dags/example_dag_decorator.py
[2026-05-26T18:10:37.424+0000] {processor.py:830} INFO - Processing file /home/airflow/.local/lib/python3.8/site-packages/airflow/example_dags/example_dag_decorator.py for tasks to queue
[2026-05-26T18:10:37.426+0000] {logging_mixin.py:188} INFO - [2026-05-26T18:10:37.426+0000] {dagbag.py:540} INFO - Filling up the DagBag from /home/airflow/.local/lib/python3.8/site-packages/airflow/example_dags/example_dag_decorator.py
[2026-05-26T18:10:37.507+0000] {processor.py:840} INFO - DAG(s) 'example_dag_decorator' retrieved from /home/airflow/.local/lib/python3.8/site-packages/airflow/example_dags/example_dag_decorator.py
[2026-05-26T18:10:37.602+0000] {logging_mixin.py:188} INFO - [2026-05-26T18:10:37.602+0000] {dag.py:3047} INFO - Sync 1 DAGs
[2026-05-26T18:10:37.612+0000] {logging_mixin.py:188} INFO - [2026-05-26T18:10:37.611+0000] {dag.py:3834} INFO - Setting next_dagrun for example_dag_decorator to None, run_after=None
[2026-05-26T18:10:37.629+0000] {processor.py:183} INFO - Processing /home/airflow/.local/lib/python3.8/site-packages/airflow/example_dags/example_dag_decorator.py took 0.210 seconds
[2026-05-26T18:11:07.695+0000] {processor.py:161} INFO - Started process (PID=407) to work on /home/airflow/.local/lib/python3.8/site-packages/airflow/example_dags/example_dag_decorator.py
[2026-05-26T18:11:07.696+0000] {processor.py:830} INFO - Processing file /home/airflow/.local/lib/python3.8/site-packages/airflow/example_dags/example_dag_decorator.py for tasks to queue
[2026-05-26T18:11:07.698+0000] {logging_mixin.py:188} INFO - [2026-05-26T18:11:07.698+0000] {dagbag.py:540} INFO - Filling up the DagBag from /home/airflow/.local/lib/python3.8/site-packages/airflow/example_dags/example_dag_decorator.py
[2026-05-26T18:11:07.765+0000] {processor.py:840} INFO - DAG(s) 'example_dag_decorator' retrieved from /home/airflow/.local/lib/python3.8/site-packages/airflow/example_dags/example_dag_decorator.py
[2026-05-26T18:11:07.833+0000] {logging_mixin.py:188} INFO - [2026-05-26T18:11:07.833+0000] {dag.py:3047} INFO - Sync 1 DAGs
[2026-05-26T18:11:07.841+0000] {logging_mixin.py:188} INFO - [2026-05-26T18:11:07.841+0000] {dag.py:3834} INFO - Setting next_dagrun for example_dag_decorator to None, run_after=None
[2026-05-26T18:11:07.859+0000] {processor.py:183} INFO - Processing /home/airflow/.local/lib/python3.8/site-packages/airflow/example_dags/example_dag_decorator.py took 0.167 seconds
[2026-05-26T18:11:38.175+0000] {processor.py:161} INFO - Started process (PID=461) to work on /home/airflow/.local/lib/python3.8/site-packages/airflow/example_dags/example_dag_decorator.py
[2026-05-26T18:11:38.176+0000] {processor.py:830} INFO - Processing file /home/airflow/.local/lib/python3.8/site-packages/airflow/example_dags/example_dag_decorator.py for tasks to queue
[2026-05-26T18:11:38.178+0000] {logging_mixin.py:188} INFO - [2026-05-26T18:11:38.177+0000] {dagbag.py:540} INFO - Filling up the DagBag from /home/airflow/.local/lib/python3.8/site-packages/airflow/example_dags/example_dag_decorator.py
[2026-05-26T18:11:38.265+0000] {processor.py:840} INFO - DAG(s) 'example_dag_decorator' retrieved from /home/airflow/.local/lib/python3.8/site-packages/airflow/example_dags/example_dag_decorator.py
[2026-05-26T18:11:38.362+0000] {logging_mixin.py:188} INFO - [2026-05-26T18:11:38.362+0000] {dag.py:3047} INFO - Sync 1 DAGs
[2026-05-26T18:11:38.375+0000] {logging_mixin.py:188} INFO - [2026-05-26T18:11:38.375+0000] {dag.py:3834} INFO - Setting next_dagrun for example_dag_decorator to None, run_after=None
[2026-05-26T18:11:38.400+0000] {processor.py:183} INFO - Processing /home/airflow/.local/lib/python3.8/site-packages/airflow/example_dags/example_dag_decorator.py took 0.228 seconds
[2026-05-26T18:12:08.501+0000] {processor.py:161} INFO - Started process (PID=517) to work on /home/airflow/.local/lib/python3.8/site-packages/airflow/example_dags/example_dag_decorator.py
[2026-05-26T18:12:08.503+0000] {processor.py:830} INFO - Processing file /home/airflow/.local/lib/python3.8/site-packages/airflow/example_dags/example_dag_decorator.py for tasks to queue
[2026-05-26T18:12:08.504+0000] {logging_mixin.py:188} INFO - [2026-05-26T18:12:08.504+0000] {dagbag.py:540} INFO - Filling up the DagBag from /home/airflow/.local/lib/python3.8/site-packages/airflow/example_dags/example_dag_decorator.py
[2026-05-26T18:12:08.571+0000] {processor.py:840} INFO - DAG(s) 'example_dag_decorator' retrieved from /home/airflow/.local/lib/python3.8/site-packages/airflow/example_dags/example_dag_decorator.py
[2026-05-26T18:12:08.592+0000] {logging_mixin.py:188} INFO - [2026-05-26T18:12:08.592+0000] {dag.py:3047} INFO - Sync 1 DAGs
[2026-05-26T18:12:08.602+0000] {logging_mixin.py:188} INFO - [2026-05-26T18:12:08.602+0000] {dag.py:3834} INFO - Setting next_dagrun for example_dag_decorator to None, run_after=None
[2026-05-26T18:12:08.616+0000] {processor.py:183} INFO - Processing /home/airflow/.local/lib/python3.8/site-packages/airflow/example_dags/example_dag_decorator.py took 0.118 seconds
[2026-05-26T18:12:38.775+0000] {processor.py:161} INFO - Started process (PID=571) to work on /home/airflow/.local/lib/python3.8/site-packages/airflow/example_dags/example_dag_decorator.py
[2026-05-26T18:12:38.777+0000] {processor.py:830} INFO - Processing file /home/airflow/.local/lib/python3.8/site-packages/airflow/example_dags/example_dag_decorator.py for tasks to queue
[2026-05-26T18:12:38.779+0000] {logging_mixin.py:188} INFO - [2026-05-26T18:12:38.779+0000] {dagbag.py:540} INFO - Filling up the DagBag from /home/airflow/.local/lib/python3.8/site-packages/airflow/example_dags/example_dag_decorator.py
[2026-05-26T18:12:38.858+0000] {processor.py:840} INFO - DAG(s) 'example_dag_decorator' retrieved from /home/airflow/.local/lib/python3.8/site-packages/airflow/example_dags/example_dag_decorator.py
[2026-05-26T18:12:38.936+0000] {logging_mixin.py:188} INFO - [2026-05-26T18:12:38.936+0000] {dag.py:3047} INFO - Sync 1 DAGs
[2026-05-26T18:12:38.946+0000] {logging_mixin.py:188} INFO - [2026-05-26T18:12:38.945+0000] {dag.py:3834} INFO - Setting next_dagrun for example_dag_decorator to None, run_after=None
[2026-05-26T18:12:38.961+0000] {processor.py:183} INFO - Processing /home/airflow/.local/lib/python3.8/site-packages/airflow/example_dags/example_dag_decorator.py took 0.189 seconds
[2026-05-26T18:13:09.153+0000] {processor.py:161} INFO - Started process (PID=627) to work on /home/airflow/.local/lib/python3.8/site-packages/airflow/example_dags/example_dag_decorator.py
[2026-05-26T18:13:09.154+0000] {processor.py:830} INFO - Processing file /home/airflow/.local/lib/python3.8/site-packages/airflow/example_dags/example_dag_decorator.py for tasks to queue
[2026-05-26T18:13:09.156+0000] {logging_mixin.py:188} INFO - [2026-05-26T18:13:09.156+0000] {dagbag.py:540} INFO - Filling up the DagBag from /home/airflow/.local/lib/python3.8/site-packages/airflow/example_dags/example_dag_decorator.py
[2026-05-26T18:13:09.234+0000] {processor.py:840} INFO - DAG(s) 'example_dag_decorator' retrieved from /home/airflow/.local/lib/python3.8/site-packages/airflow/example_dags/example_dag_decorator.py
[2026-05-26T18:13:09.362+0000] {logging_mixin.py:188} INFO - [2026-05-26T18:13:09.361+0000] {dag.py:3047} INFO - Sync 1 DAGs
[2026-05-26T18:13:09.377+0000] {logging_mixin.py:188} INFO - [2026-05-26T18:13:09.377+0000] {dag.py:3834} INFO - Setting next_dagrun for example_dag_decorator to None, run_after=None
[2026-05-26T18:13:09.400+0000] {processor.py:183} INFO - Processing /home/airflow/.local/lib/python3.8/site-packages/airflow/example_dags/example_dag_decorator.py took 0.250 seconds
[2026-05-26T18:13:39.732+0000] {processor.py:161} INFO - Started process (PID=682) to work on /home/airflow/.local/lib/python3.8/site-packages/airflow/example_dags/example_dag_decorator.py
[2026-05-26T18:13:39.734+0000] {processor.py:830} INFO - Processing file /home/airflow/.local/lib/python3.8/site-packages/airflow/example_dags/example_dag_decorator.py for tasks to queue
[2026-05-26T18:13:39.738+0000] {logging_mixin.py:188} INFO - [2026-05-26T18:13:39.737+0000] {dagbag.py:540} INFO - Filling up the DagBag from /home/airflow/.local/lib/python3.8/site-packages/airflow/example_dags/example_dag_decorator.py
[2026-05-26T18:13:39.814+0000] {processor.py:840} INFO - DAG(s) 'example_dag_decorator' retrieved from /home/airflow/.local/lib/python3.8/site-packages/airflow/example_dags/example_dag_decorator.py
[2026-05-26T18:13:39.903+0000] {logging_mixin.py:188} INFO - [2026-05-26T18:13:39.903+0000] {dag.py:3047} INFO - Sync 1 DAGs
[2026-05-26T18:13:39.911+0000] {logging_mixin.py:188} INFO - [2026-05-26T18:13:39.911+0000] {dag.py:3834} INFO - Setting next_dagrun for example_dag_decorator to None, run_after=None
[2026-05-26T18:13:39.930+0000] {processor.py:183} INFO - Processing /home/airflow/.local/lib/python3.8/site-packages/airflow/example_dags/example_dag_decorator.py took 0.201 seconds
[2026-05-26T18:14:10.448+0000] {processor.py:161} INFO - Started process (PID=738) to work on /home/airflow/.local/lib/python3.8/site-packages/airflow/example_dags/example_dag_decorator.py
[2026-05-26T18:14:10.450+0000] {processor.py:830} INFO - Processing file /home/airflow/.local/lib/python3.8/site-packages/airflow/example_dags/example_dag_decorator.py for tasks to queue
[2026-05-26T18:14:10.452+0000] {logging_mixin.py:188} INFO - [2026-05-26T18:14:10.452+0000] {dagbag.py:540} INFO - Filling up the DagBag from /home/airflow/.local/lib/python3.8/site-packages/airflow/example_dags/example_dag_decorator.py
[2026-05-26T18:14:10.527+0000] {processor.py:840} INFO - DAG(s) 'example_dag_decorator' retrieved from /home/airflow/.local/lib/python3.8/site-packages/airflow/example_dags/example_dag_decorator.py
[2026-05-26T18:14:10.609+0000] {logging_mixin.py:188} INFO - [2026-05-26T18:14:10.608+0000] {dag.py:3047} INFO - Sync 1 DAGs
[2026-05-26T18:14:10.620+0000] {logging_mixin.py:188} INFO - [2026-05-26T18:14:10.620+0000] {dag.py:3834} INFO - Setting next_dagrun for example_dag_decorator to None, run_after=None
[2026-05-26T18:14:10.638+0000] {processor.py:183} INFO - Processing /home/airflow/.local/lib/python3.8/site-packages/airflow/example_dags/example_dag_decorator.py took 0.193 seconds
[2026-05-26T18:14:40.768+0000] {processor.py:161} INFO - Started process (PID=793) to work on /home/airflow/.local/lib/python3.8/site-packages/airflow/example_dags/example_dag_decorator.py
[2026-05-26T18:14:40.769+0000] {processor.py:830} INFO - Processing file /home/airflow/.local/lib/python3.8/site-packages/airflow/example_dags/example_dag_decorator.py for tasks to queue
[2026-05-26T18:14:40.771+0000] {logging_mixin.py:188} INFO - [2026-05-26T18:14:40.771+0000] {dagbag.py:540} INFO - Filling up the DagBag from /home/airflow/.local/lib/python3.8/site-packages/airflow/example_dags/example_dag_decorator.py
[2026-05-26T18:14:40.859+0000] {processor.py:840} INFO - DAG(s) 'example_dag_decorator' retrieved from /home/airflow/.local/lib/python3.8/site-packages/airflow/example_dags/example_dag_decorator.py
[2026-05-26T18:14:40.945+0000] {logging_mixin.py:188} INFO - [2026-05-26T18:14:40.945+0000] {dag.py:3047} INFO - Sync 1 DAGs
[2026-05-26T18:14:40.955+0000] {logging_mixin.py:188} INFO - [2026-05-26T18:14:40.955+0000] {dag.py:3834} INFO - Setting next_dagrun for example_dag_decorator to None, run_after=None
[2026-05-26T18:14:40.974+0000] {processor.py:183} INFO - Processing /home/airflow/.local/lib/python3.8/site-packages/airflow/example_dags/example_dag_decorator.py took 0.210 seconds
[2026-05-26T18:15:11.383+0000] {processor.py:161} INFO - Started process (PID=848) to work on /home/airflow/.local/lib/python3.8/site-packages/airflow/example_dags/example_dag_decorator.py
[2026-05-26T18:15:11.384+0000] {processor.py:830} INFO - Processing file /home/airflow/.local/lib/python3.8/site-packages/airflow/example_dags/example_dag_decorator.py for tasks to queue
[2026-05-26T18:15:11.386+0000] {logging_mixin.py:188} INFO - [2026-05-26T18:15:11.385+0000] {dagbag.py:540} INFO - Filling up the DagBag from /home/airflow/.local/lib/python3.8/site-packages/airflow/example_dags/example_dag_decorator.py
[2026-05-26T18:15:11.462+0000] {processor.py:840} INFO - DAG(s) 'example_dag_decorator' retrieved from /home/airflow/.local/lib/python3.8/site-packages/airflow/example_dags/example_dag_decorator.py
[2026-05-26T18:15:11.586+0000] {logging_mixin.py:188} INFO - [2026-05-26T18:15:11.585+0000] {dag.py:3047} INFO - Sync 1 DAGs
[2026-05-26T18:15:11.597+0000] {logging_mixin.py:188} INFO - [2026-05-26T18:15:11.596+0000] {dag.py:3834} INFO - Setting next_dagrun for example_dag_decorator to None, run_after=None
[2026-05-26T18:15:11.617+0000] {processor.py:183} INFO - Processing /home/airflow/.local/lib/python3.8/site-packages/airflow/example_dags/example_dag_decorator.py took 0.237 seconds
[2026-05-26T18:15:42.031+0000] {processor.py:161} INFO - Started process (PID=903) to work on /home/airflow/.local/lib/python3.8/site-packages/airflow/example_dags/example_dag_decorator.py
[2026-05-26T18:15:42.032+0000] {processor.py:830} INFO - Processing file /home/airflow/.local/lib/python3.8/site-packages/airflow/example_dags/example_dag_decorator.py for tasks to queue
[2026-05-26T18:15:42.034+0000] {logging_mixin.py:188} INFO - [2026-05-26T18:15:42.034+0000] {dagbag.py:540} INFO - Filling up the DagBag from /home/airflow/.local/lib/python3.8/site-packages/airflow/example_dags/example_dag_decorator.py
[2026-05-26T18:15:42.111+0000] {processor.py:840} INFO - DAG(s) 'example_dag_decorator' retrieved from /home/airflow/.local/lib/python3.8/site-packages/airflow/example_dags/example_dag_decorator.py
[2026-05-26T18:15:42.246+0000] {logging_mixin.py:188} INFO - [2026-05-26T18:15:42.246+0000] {dag.py:3047} INFO - Sync 1 DAGs
[2026-05-26T18:15:42.261+0000] {logging_mixin.py:188} INFO - [2026-05-26T18:15:42.260+0000] {dag.py:3834} INFO - Setting next_dagrun for example_dag_decorator to None, run_after=None
[2026-05-26T18:15:42.282+0000] {processor.py:183} INFO - Processing /home/airflow/.local/lib/python3.8/site-packages/airflow/example_dags/example_dag_decorator.py took 0.254 seconds
[2026-05-26T18:16:12.398+0000] {processor.py:161} INFO - Started process (PID=959) to work on /home/airflow/.local/lib/python3.8/site-packages/airflow/example_dags/example_dag_decorator.py
[2026-05-26T18:16:12.399+0000] {processor.py:830} INFO - Processing file /home/airflow/.local/lib/python3.8/site-packages/airflow/example_dags/example_dag_decorator.py for tasks to queue
[2026-05-26T18:16:12.402+0000] {logging_mixin.py:188} INFO - [2026-05-26T18:16:12.401+0000] {dagbag.py:540} INFO - Filling up the DagBag from /home/airflow/.local/lib/python3.8/site-packages/airflow/example_dags/example_dag_decorator.py
[2026-05-26T18:16:12.473+0000] {processor.py:840} INFO - DAG(s) 'example_dag_decorator' retrieved from /home/airflow/.local/lib/python3.8/site-packages/airflow/example_dags/example_dag_decorator.py
[2026-05-26T18:16:12.555+0000] {logging_mixin.py:188} INFO - [2026-05-26T18:16:12.555+0000] {dag.py:3047} INFO - Sync 1 DAGs
[2026-05-26T18:16:12.563+0000] {logging_mixin.py:188} INFO - [2026-05-26T18:16:12.563+0000] {dag.py:3834} INFO - Setting next_dagrun for example_dag_decorator to None, run_after=None
[2026-05-26T18:16:12.583+0000] {processor.py:183} INFO - Processing /home/airflow/.local/lib/python3.8/site-packages/airflow/example_dags/example_dag_decorator.py took 0.188 seconds
[2026-05-26T18:16:42.658+0000] {processor.py:161} INFO - Started process (PID=1015) to work on /home/airflow/.local/lib/python3.8/site-packages/airflow/example_dags/example_dag_decorator.py
[2026-05-26T18:16:42.659+0000] {processor.py:830} INFO - Processing file /home/airflow/.local/lib/python3.8/site-packages/airflow/example_dags/example_dag_decorator.py for tasks to queue
[2026-05-26T18:16:42.661+0000] {logging_mixin.py:188} INFO - [2026-05-26T18:16:42.661+0000] {dagbag.py:540} INFO - Filling up the DagBag from /home/airflow/.local/lib/python3.8/site-packages/airflow/example_dags/example_dag_decorator.py
[2026-05-26T18:16:42.736+0000] {processor.py:840} INFO - DAG(s) 'example_dag_decorator' retrieved from /home/airflow/.local/lib/python3.8/site-packages/airflow/example_dags/example_dag_decorator.py
[2026-05-26T18:16:42.816+0000] {logging_mixin.py:188} INFO - [2026-05-26T18:16:42.816+0000] {dag.py:3047} INFO - Sync 1 DAGs
[2026-05-26T18:16:42.824+0000] {logging_mixin.py:188} INFO - [2026-05-26T18:16:42.824+0000] {dag.py:3834} INFO - Setting next_dagrun for example_dag_decorator to None, run_after=None
[2026-05-26T18:16:42.842+0000] {processor.py:183} INFO - Processing /home/airflow/.local/lib/python3.8/site-packages/airflow/example_dags/example_dag_decorator.py took 0.188 seconds
[2026-05-26T18:17:13.184+0000] {processor.py:161} INFO - Started process (PID=1070) to work on /home/airflow/.local/lib/python3.8/site-packages/airflow/example_dags/example_dag_decorator.py
[2026-05-26T18:17:13.186+0000] {processor.py:830} INFO - Processing file /home/airflow/.local/lib/python3.8/site-packages/airflow/example_dags/example_dag_decorator.py for tasks to queue
[2026-05-26T18:17:13.191+0000] {logging_mixin.py:188} INFO - [2026-05-26T18:17:13.190+0000] {dagbag.py:540} INFO - Filling up the DagBag from /home/airflow/.local/lib/python3.8/site-packages/airflow/example_dags/example_dag_decorator.py
[2026-05-26T18:17:13.282+0000] {processor.py:840} INFO - DAG(s) 'example_dag_decorator' retrieved from /home/airflow/.local/lib/python3.8/site-packages/airflow/example_dags/example_dag_decorator.py
[2026-05-26T18:17:13.495+0000] {logging_mixin.py:188} INFO - [2026-05-26T18:17:13.494+0000] {dag.py:3047} INFO - Sync 1 DAGs
[2026-05-26T18:17:13.503+0000] {logging_mixin.py:188} INFO - [2026-05-26T18:17:13.503+0000] {dag.py:3834} INFO - Setting next_dagrun for example_dag_decorator to None, run_after=None
[2026-05-26T18:17:13.522+0000] {processor.py:183} INFO - Processing /home/airflow/.local/lib/python3.8/site-packages/airflow/example_dags/example_dag_decorator.py took 0.343 seconds
[2026-05-26T18:17:44.259+0000] {processor.py:161} INFO - Started process (PID=1125) to work on /home/airflow/.local/lib/python3.8/site-packages/airflow/example_dags/example_dag_decorator.py
[2026-05-26T18:17:44.260+0000] {processor.py:830} INFO - Processing file /home/airflow/.local/lib/python3.8/site-packages/airflow/example_dags/example_dag_decorator.py for tasks to queue
[2026-05-26T18:17:44.262+0000] {logging_mixin.py:188} INFO - [2026-05-26T18:17:44.262+0000] {dagbag.py:540} INFO - Filling up the DagBag from /home/airflow/.local/lib/python3.8/site-packages/airflow/example_dags/example_dag_decorator.py
[2026-05-26T18:17:44.341+0000] {processor.py:840} INFO - DAG(s) 'example_dag_decorator' retrieved from /home/airflow/.local/lib/python3.8/site-packages/airflow/example_dags/example_dag_decorator.py
[2026-05-26T18:17:44.423+0000] {logging_mixin.py:188} INFO - [2026-05-26T18:17:44.423+0000] {dag.py:3047} INFO - Sync 1 DAGs
[2026-05-26T18:17:44.538+0000] {logging_mixin.py:188} INFO - [2026-05-26T18:17:44.538+0000] {dag.py:3834} INFO - Setting next_dagrun for example_dag_decorator to None, run_after=None
[2026-05-26T18:17:44.556+0000] {processor.py:183} INFO - Processing /home/airflow/.local/lib/python3.8/site-packages/airflow/example_dags/example_dag_decorator.py took 0.300 seconds
[2026-05-26T18:18:15.493+0000] {processor.py:161} INFO - Started process (PID=1181) to work on /home/airflow/.local/lib/python3.8/site-packages/airflow/example_dags/example_dag_decorator.py
[2026-05-26T18:18:15.496+0000] {processor.py:830} INFO - Processing file /home/airflow/.local/lib/python3.8/site-packages/airflow/example_dags/example_dag_decorator.py for tasks to queue
[2026-05-26T18:18:15.503+0000] {logging_mixin.py:188} INFO - [2026-05-26T18:18:15.502+0000] {dagbag.py:540} INFO - Filling up the DagBag from /home/airflow/.local/lib/python3.8/site-packages/airflow/example_dags/example_dag_decorator.py
[2026-05-26T18:18:15.607+0000] {processor.py:840} INFO - DAG(s) 'example_dag_decorator' retrieved from /home/airflow/.local/lib/python3.8/site-packages/airflow/example_dags/example_dag_decorator.py
[2026-05-26T18:18:15.792+0000] {logging_mixin.py:188} INFO - [2026-05-26T18:18:15.792+0000] {dag.py:3047} INFO - Sync 1 DAGs
[2026-05-26T18:18:15.800+0000] {logging_mixin.py:188} INFO - [2026-05-26T18:18:15.799+0000] {dag.py:3834} INFO - Setting next_dagrun for example_dag_decorator to None, run_after=None
[2026-05-26T18:18:15.816+0000] {processor.py:183} INFO - Processing /home/airflow/.local/lib/python3.8/site-packages/airflow/example_dags/example_dag_decorator.py took 0.327 seconds
[2026-05-26T18:18:46.800+0000] {processor.py:161} INFO - Started process (PID=1236) to work on /home/airflow/.local/lib/python3.8/site-packages/airflow/example_dags/example_dag_decorator.py
[2026-05-26T18:18:46.802+0000] {processor.py:830} INFO - Processing file /home/airflow/.local/lib/python3.8/site-packages/airflow/example_dags/example_dag_decorator.py for tasks to queue
[2026-05-26T18:18:46.805+0000] {logging_mixin.py:188} INFO - [2026-05-26T18:18:46.805+0000] {dagbag.py:540} INFO - Filling up the DagBag from /home/airflow/.local/lib/python3.8/site-packages/airflow/example_dags/example_dag_decorator.py
[2026-05-26T18:18:46.905+0000] {processor.py:840} INFO - DAG(s) 'example_dag_decorator' retrieved from /home/airflow/.local/lib/python3.8/site-packages/airflow/example_dags/example_dag_decorator.py
[2026-05-26T18:18:47.001+0000] {logging_mixin.py:188} INFO - [2026-05-26T18:18:47.001+0000] {dag.py:3047} INFO - Sync 1 DAGs
[2026-05-26T18:18:47.428+0000] {logging_mixin.py:188} INFO - [2026-05-26T18:18:47.428+0000] {dag.py:3834} INFO - Setting next_dagrun for example_dag_decorator to None, run_after=None
[2026-05-26T18:18:47.450+0000] {processor.py:183} INFO - Processing /home/airflow/.local/lib/python3.8/site-packages/airflow/example_dags/example_dag_decorator.py took 0.655 seconds
[2026-05-26T18:19:17.999+0000] {processor.py:161} INFO - Started process (PID=1292) to work on /home/airflow/.local/lib/python3.8/site-packages/airflow/example_dags/example_dag_decorator.py
[2026-05-26T18:19:18.002+0000] {processor.py:830} INFO - Processing file /home/airflow/.local/lib/python3.8/site-packages/airflow/example_dags/example_dag_decorator.py for tasks to queue
[2026-05-26T18:19:18.006+0000] {logging_mixin.py:188} INFO - [2026-05-26T18:19:18.006+0000] {dagbag.py:540} INFO - Filling up the DagBag from /home/airflow/.local/lib/python3.8/site-packages/airflow/example_dags/example_dag_decorator.py
[2026-05-26T18:19:18.142+0000] {processor.py:840} INFO - DAG(s) 'example_dag_decorator' retrieved from /home/airflow/.local/lib/python3.8/site-packages/airflow/example_dags/example_dag_decorator.py
[2026-05-26T18:19:18.308+0000] {logging_mixin.py:188} INFO - [2026-05-26T18:19:18.307+0000] {dag.py:3047} INFO - Sync 1 DAGs
[2026-05-26T18:19:18.518+0000] {logging_mixin.py:188} INFO - [2026-05-26T18:19:18.518+0000] {dag.py:3834} INFO - Setting next_dagrun for example_dag_decorator to None, run_after=None
[2026-05-26T18:19:18.554+0000] {processor.py:183} INFO - Processing /home/airflow/.local/lib/python3.8/site-packages/airflow/example_dags/example_dag_decorator.py took 0.567 seconds
[2026-05-26T18:19:49.291+0000] {processor.py:161} INFO - Started process (PID=1348) to work on /home/airflow/.local/lib/python3.8/site-packages/airflow/example_dags/example_dag_decorator.py
[2026-05-26T18:19:49.293+0000] {processor.py:830} INFO - Processing file /home/airflow/.local/lib/python3.8/site-packages/airflow/example_dags/example_dag_decorator.py for tasks to queue
[2026-05-26T18:19:49.295+0000] {logging_mixin.py:188} INFO - [2026-05-26T18:19:49.295+0000] {dagbag.py:540} INFO - Filling up the DagBag from /home/airflow/.local/lib/python3.8/site-packages/airflow/example_dags/example_dag_decorator.py
[2026-05-26T18:19:49.397+0000] {processor.py:840} INFO - DAG(s) 'example_dag_decorator' retrieved from /home/airflow/.local/lib/python3.8/site-packages/airflow/example_dags/example_dag_decorator.py
[2026-05-26T18:19:49.501+0000] {logging_mixin.py:188} INFO - [2026-05-26T18:19:49.501+0000] {dag.py:3047} INFO - Sync 1 DAGs
[2026-05-26T18:19:49.763+0000] {logging_mixin.py:188} INFO - [2026-05-26T18:19:49.763+0000] {dag.py:3834} INFO - Setting next_dagrun for example_dag_decorator to None, run_after=None
[2026-05-26T18:19:49.786+0000] {processor.py:183} INFO - Processing /home/airflow/.local/lib/python3.8/site-packages/airflow/example_dags/example_dag_decorator.py took 0.499 seconds
[2026-05-26T18:20:20.735+0000] {processor.py:161} INFO - Started process (PID=1405) to work on /home/airflow/.local/lib/python3.8/site-packages/airflow/example_dags/example_dag_decorator.py
[2026-05-26T18:20:20.737+0000] {processor.py:830} INFO - Processing file /home/airflow/.local/lib/python3.8/site-packages/airflow/example_dags/example_dag_decorator.py for tasks to queue
[2026-05-26T18:20:20.740+0000] {logging_mixin.py:188} INFO - [2026-05-26T18:20:20.739+0000] {dagbag.py:540} INFO - Filling up the DagBag from /home/airflow/.local/lib/python3.8/site-packages/airflow/example_dags/example_dag_decorator.py
[2026-05-26T18:20:20.814+0000] {processor.py:840} INFO - DAG(s) 'example_dag_decorator' retrieved from /home/airflow/.local/lib/python3.8/site-packages/airflow/example_dags/example_dag_decorator.py
[2026-05-26T18:20:20.902+0000] {logging_mixin.py:188} INFO - [2026-05-26T18:20:20.902+0000] {dag.py:3047} INFO - Sync 1 DAGs
[2026-05-26T18:20:21.049+0000] {logging_mixin.py:188} INFO - [2026-05-26T18:20:21.049+0000] {dag.py:3834} INFO - Setting next_dagrun for example_dag_decorator to None, run_after=None
[2026-05-26T18:20:21.069+0000] {processor.py:183} INFO - Processing /home/airflow/.local/lib/python3.8/site-packages/airflow/example_dags/example_dag_decorator.py took 0.337 seconds
[2026-05-26T18:20:51.191+0000] {processor.py:161} INFO - Started process (PID=1460) to work on /home/airflow/.local/lib/python3.8/site-packages/airflow/example_dags/example_dag_decorator.py
[2026-05-26T18:20:51.194+0000] {processor.py:830} INFO - Processing file /home/airflow/.local/lib/python3.8/site-packages/airflow/example_dags/example_dag_decorator.py for tasks to queue
[2026-05-26T18:20:51.198+0000] {logging_mixin.py:188} INFO - [2026-05-26T18:20:51.197+0000] {dagbag.py:540} INFO - Filling up the DagBag from /home/airflow/.local/lib/python3.8/site-packages/airflow/example_dags/example_dag_decorator.py
[2026-05-26T18:20:51.352+0000] {processor.py:840} INFO - DAG(s) 'example_dag_decorator' retrieved from /home/airflow/.local/lib/python3.8/site-packages/airflow/example_dags/example_dag_decorator.py
[2026-05-26T18:20:51.891+0000] {logging_mixin.py:188} INFO - [2026-05-26T18:20:51.890+0000] {dag.py:3047} INFO - Sync 1 DAGs
[2026-05-26T18:20:51.914+0000] {logging_mixin.py:188} INFO - [2026-05-26T18:20:51.914+0000] {dag.py:3834} INFO - Setting next_dagrun for example_dag_decorator to None, run_after=None
[2026-05-26T18:20:51.945+0000] {processor.py:183} INFO - Processing /home/airflow/.local/lib/python3.8/site-packages/airflow/example_dags/example_dag_decorator.py took 0.768 seconds
[2026-05-26T18:21:22.015+0000] {processor.py:161} INFO - Started process (PID=1517) to work on /home/airflow/.local/lib/python3.8/site-packages/airflow/example_dags/example_dag_decorator.py
[2026-05-26T18:21:22.017+0000] {processor.py:830} INFO - Processing file /home/airflow/.local/lib/python3.8/site-packages/airflow/example_dags/example_dag_decorator.py for tasks to queue
[2026-05-26T18:21:22.020+0000] {logging_mixin.py:188} INFO - [2026-05-26T18:21:22.019+0000] {dagbag.py:540} INFO - Filling up the DagBag from /home/airflow/.local/lib/python3.8/site-packages/airflow/example_dags/example_dag_decorator.py
[2026-05-26T18:21:22.201+0000] {processor.py:840} INFO - DAG(s) 'example_dag_decorator' retrieved from /home/airflow/.local/lib/python3.8/site-packages/airflow/example_dags/example_dag_decorator.py
[2026-05-26T18:21:23.266+0000] {logging_mixin.py:188} INFO - [2026-05-26T18:21:23.266+0000] {dag.py:3047} INFO - Sync 1 DAGs
[2026-05-26T18:21:23.290+0000] {logging_mixin.py:188} INFO - [2026-05-26T18:21:23.289+0000] {dag.py:3834} INFO - Setting next_dagrun for example_dag_decorator to None, run_after=None
[2026-05-26T18:21:23.330+0000] {processor.py:183} INFO - Processing /home/airflow/.local/lib/python3.8/site-packages/airflow/example_dags/example_dag_decorator.py took 1.319 seconds
[2026-05-26T18:21:53.400+0000] {processor.py:161} INFO - Started process (PID=1573) to work on /home/airflow/.local/lib/python3.8/site-packages/airflow/example_dags/example_dag_decorator.py
[2026-05-26T18:21:53.402+0000] {processor.py:830} INFO - Processing file /home/airflow/.local/lib/python3.8/site-packages/airflow/example_dags/example_dag_decorator.py for tasks to queue
[2026-05-26T18:21:53.408+0000] {logging_mixin.py:188} INFO - [2026-05-26T18:21:53.407+0000] {dagbag.py:540} INFO - Filling up the DagBag from /home/airflow/.local/lib/python3.8/site-packages/airflow/example_dags/example_dag_decorator.py
[2026-05-26T18:21:53.529+0000] {processor.py:840} INFO - DAG(s) 'example_dag_decorator' retrieved from /home/airflow/.local/lib/python3.8/site-packages/airflow/example_dags/example_dag_decorator.py
[2026-05-26T18:21:53.926+0000] {logging_mixin.py:188} INFO - [2026-05-26T18:21:53.926+0000] {dag.py:3047} INFO - Sync 1 DAGs
[2026-05-26T18:21:53.937+0000] {logging_mixin.py:188} INFO - [2026-05-26T18:21:53.936+0000] {dag.py:3834} INFO - Setting next_dagrun for example_dag_decorator to None, run_after=None
[2026-05-26T18:21:53.965+0000] {processor.py:183} INFO - Processing /home/airflow/.local/lib/python3.8/site-packages/airflow/example_dags/example_dag_decorator.py took 0.569 seconds
[2026-05-26T18:22:24.599+0000] {processor.py:161} INFO - Started process (PID=1628) to work on /home/airflow/.local/lib/python3.8/site-packages/airflow/example_dags/example_dag_decorator.py
[2026-05-26T18:22:24.600+0000] {processor.py:830} INFO - Processing file /home/airflow/.local/lib/python3.8/site-packages/airflow/example_dags/example_dag_decorator.py for tasks to queue
[2026-05-26T18:22:24.603+0000] {logging_mixin.py:188} INFO - [2026-05-26T18:22:24.603+0000] {dagbag.py:540} INFO - Filling up the DagBag from /home/airflow/.local/lib/python3.8/site-packages/airflow/example_dags/example_dag_decorator.py
[2026-05-26T18:22:24.684+0000] {processor.py:840} INFO - DAG(s) 'example_dag_decorator' retrieved from /home/airflow/.local/lib/python3.8/site-packages/airflow/example_dags/example_dag_decorator.py
[2026-05-26T18:22:24.942+0000] {logging_mixin.py:188} INFO - [2026-05-26T18:22:24.942+0000] {dag.py:3047} INFO - Sync 1 DAGs
[2026-05-26T18:22:24.956+0000] {logging_mixin.py:188} INFO - [2026-05-26T18:22:24.955+0000] {dag.py:3834} INFO - Setting next_dagrun for example_dag_decorator to None, run_after=None
[2026-05-26T18:22:24.980+0000] {processor.py:183} INFO - Processing /home/airflow/.local/lib/python3.8/site-packages/airflow/example_dags/example_dag_decorator.py took 0.385 seconds
[2026-05-26T18:22:55.173+0000] {processor.py:161} INFO - Started process (PID=1686) to work on /home/airflow/.local/lib/python3.8/site-packages/airflow/example_dags/example_dag_decorator.py
[2026-05-26T18:22:55.175+0000] {processor.py:830} INFO - Processing file /home/airflow/.local/lib/python3.8/site-packages/airflow/example_dags/example_dag_decorator.py for tasks to queue
[2026-05-26T18:22:55.177+0000] {logging_mixin.py:188} INFO - [2026-05-26T18:22:55.177+0000] {dagbag.py:540} INFO - Filling up the DagBag from /home/airflow/.local/lib/python3.8/site-packages/airflow/example_dags/example_dag_decorator.py
[2026-05-26T18:22:55.274+0000] {processor.py:840} INFO - DAG(s) 'example_dag_decorator' retrieved from /home/airflow/.local/lib/python3.8/site-packages/airflow/example_dags/example_dag_decorator.py
[2026-05-26T18:22:55.556+0000] {logging_mixin.py:188} INFO - [2026-05-26T18:22:55.556+0000] {dag.py:3047} INFO - Sync 1 DAGs
[2026-05-26T18:22:55.569+0000] {logging_mixin.py:188} INFO - [2026-05-26T18:22:55.568+0000] {dag.py:3834} INFO - Setting next_dagrun for example_dag_decorator to None, run_after=None
[2026-05-26T18:22:55.591+0000] {processor.py:183} INFO - Processing /home/airflow/.local/lib/python3.8/site-packages/airflow/example_dags/example_dag_decorator.py took 0.421 seconds
[2026-05-26T18:23:25.750+0000] {processor.py:161} INFO - Started process (PID=1743) to work on /home/airflow/.local/lib/python3.8/site-packages/airflow/example_dags/example_dag_decorator.py
[2026-05-26T18:23:25.753+0000] {processor.py:830} INFO - Processing file /home/airflow/.local/lib/python3.8/site-packages/airflow/example_dags/example_dag_decorator.py for tasks to queue
[2026-05-26T18:23:25.758+0000] {logging_mixin.py:188} INFO - [2026-05-26T18:23:25.757+0000] {dagbag.py:540} INFO - Filling up the DagBag from /home/airflow/.local/lib/python3.8/site-packages/airflow/example_dags/example_dag_decorator.py
[2026-05-26T18:23:25.911+0000] {processor.py:840} INFO - DAG(s) 'example_dag_decorator' retrieved from /home/airflow/.local/lib/python3.8/site-packages/airflow/example_dags/example_dag_decorator.py
[2026-05-26T18:23:26.402+0000] {logging_mixin.py:188} INFO - [2026-05-26T18:23:26.401+0000] {dag.py:3047} INFO - Sync 1 DAGs
[2026-05-26T18:23:26.424+0000] {logging_mixin.py:188} INFO - [2026-05-26T18:23:26.423+0000] {dag.py:3834} INFO - Setting next_dagrun for example_dag_decorator to None, run_after=None
[2026-05-26T18:23:26.462+0000] {processor.py:183} INFO - Processing /home/airflow/.local/lib/python3.8/site-packages/airflow/example_dags/example_dag_decorator.py took 0.720 seconds
[2026-05-26T18:23:56.518+0000] {processor.py:161} INFO - Started process (PID=1796) to work on /home/airflow/.local/lib/python3.8/site-packages/airflow/example_dags/example_dag_decorator.py
[2026-05-26T18:23:56.519+0000] {processor.py:830} INFO - Processing file /home/airflow/.local/lib/python3.8/site-packages/airflow/example_dags/example_dag_decorator.py for tasks to queue
[2026-05-26T18:23:56.521+0000] {logging_mixin.py:188} INFO - [2026-05-26T18:23:56.521+0000] {dagbag.py:540} INFO - Filling up the DagBag from /home/airflow/.local/lib/python3.8/site-packages/airflow/example_dags/example_dag_decorator.py
[2026-05-26T18:23:56.611+0000] {processor.py:840} INFO - DAG(s) 'example_dag_decorator' retrieved from /home/airflow/.local/lib/python3.8/site-packages/airflow/example_dags/example_dag_decorator.py
[2026-05-26T18:23:56.871+0000] {logging_mixin.py:188} INFO - [2026-05-26T18:23:56.870+0000] {dag.py:3047} INFO - Sync 1 DAGs
[2026-05-26T18:23:56.883+0000] {logging_mixin.py:188} INFO - [2026-05-26T18:23:56.883+0000] {dag.py:3834} INFO - Setting next_dagrun for example_dag_decorator to None, run_after=None
[2026-05-26T18:23:56.899+0000] {processor.py:183} INFO - Processing /home/airflow/.local/lib/python3.8/site-packages/airflow/example_dags/example_dag_decorator.py took 0.384 seconds
[2026-05-26T18:24:27.527+0000] {processor.py:161} INFO - Started process (PID=1851) to work on /home/airflow/.local/lib/python3.8/site-packages/airflow/example_dags/example_dag_decorator.py
[2026-05-26T18:24:27.528+0000] {processor.py:830} INFO - Processing file /home/airflow/.local/lib/python3.8/site-packages/airflow/example_dags/example_dag_decorator.py for tasks to queue
[2026-05-26T18:24:27.531+0000] {logging_mixin.py:188} INFO - [2026-05-26T18:24:27.530+0000] {dagbag.py:540} INFO - Filling up the DagBag from /home/airflow/.local/lib/python3.8/site-packages/airflow/example_dags/example_dag_decorator.py
[2026-05-26T18:24:27.757+0000] {processor.py:840} INFO - DAG(s) 'example_dag_decorator' retrieved from /home/airflow/.local/lib/python3.8/site-packages/airflow/example_dags/example_dag_decorator.py
[2026-05-26T18:24:27.851+0000] {logging_mixin.py:188} INFO - [2026-05-26T18:24:27.851+0000] {dag.py:3047} INFO - Sync 1 DAGs
[2026-05-26T18:24:27.862+0000] {logging_mixin.py:188} INFO - [2026-05-26T18:24:27.862+0000] {dag.py:3834} INFO - Setting next_dagrun for example_dag_decorator to None, run_after=None
[2026-05-26T18:24:27.881+0000] {processor.py:183} INFO - Processing /home/airflow/.local/lib/python3.8/site-packages/airflow/example_dags/example_dag_decorator.py took 0.357 seconds
[2026-05-26T18:24:58.047+0000] {processor.py:161} INFO - Started process (PID=1906) to work on /home/airflow/.local/lib/python3.8/site-packages/airflow/example_dags/example_dag_decorator.py
[2026-05-26T18:24:58.049+0000] {processor.py:830} INFO - Processing file /home/airflow/.local/lib/python3.8/site-packages/airflow/example_dags/example_dag_decorator.py for tasks to queue
[2026-05-26T18:24:58.051+0000] {logging_mixin.py:188} INFO - [2026-05-26T18:24:58.051+0000] {dagbag.py:540} INFO - Filling up the DagBag from /home/airflow/.local/lib/python3.8/site-packages/airflow/example_dags/example_dag_decorator.py
[2026-05-26T18:24:58.311+0000] {processor.py:840} INFO - DAG(s) 'example_dag_decorator' retrieved from /home/airflow/.local/lib/python3.8/site-packages/airflow/example_dags/example_dag_decorator.py
[2026-05-26T18:24:58.402+0000] {logging_mixin.py:188} INFO - [2026-05-26T18:24:58.402+0000] {dag.py:3047} INFO - Sync 1 DAGs
[2026-05-26T18:24:58.411+0000] {logging_mixin.py:188} INFO - [2026-05-26T18:24:58.411+0000] {dag.py:3834} INFO - Setting next_dagrun for example_dag_decorator to None, run_after=None
[2026-05-26T18:24:58.439+0000] {processor.py:183} INFO - Processing /home/airflow/.local/lib/python3.8/site-packages/airflow/example_dags/example_dag_decorator.py took 0.397 seconds
[2026-05-26T18:25:28.690+0000] {processor.py:161} INFO - Started process (PID=1961) to work on /home/airflow/.local/lib/python3.8/site-packages/airflow/example_dags/example_dag_decorator.py
[2026-05-26T18:25:28.691+0000] {processor.py:830} INFO - Processing file /home/airflow/.local/lib/python3.8/site-packages/airflow/example_dags/example_dag_decorator.py for tasks to queue
[2026-05-26T18:25:28.693+0000] {logging_mixin.py:188} INFO - [2026-05-26T18:25:28.693+0000] {dagbag.py:540} INFO - Filling up the DagBag from /home/airflow/.local/lib/python3.8/site-packages/airflow/example_dags/example_dag_decorator.py
[2026-05-26T18:25:28.786+0000] {processor.py:840} INFO - DAG(s) 'example_dag_decorator' retrieved from /home/airflow/.local/lib/python3.8/site-packages/airflow/example_dags/example_dag_decorator.py
[2026-05-26T18:25:29.102+0000] {logging_mixin.py:188} INFO - [2026-05-26T18:25:29.101+0000] {dag.py:3047} INFO - Sync 1 DAGs
[2026-05-26T18:25:29.123+0000] {logging_mixin.py:188} INFO - [2026-05-26T18:25:29.123+0000] {dag.py:3834} INFO - Setting next_dagrun for example_dag_decorator to None, run_after=None
[2026-05-26T18:25:29.256+0000] {processor.py:183} INFO - Processing /home/airflow/.local/lib/python3.8/site-packages/airflow/example_dags/example_dag_decorator.py took 0.569 seconds
[2026-05-26T18:25:59.420+0000] {processor.py:161} INFO - Started process (PID=2019) to work on /home/airflow/.local/lib/python3.8/site-packages/airflow/example_dags/example_dag_decorator.py
[2026-05-26T18:25:59.422+0000] {processor.py:830} INFO - Processing file /home/airflow/.local/lib/python3.8/site-packages/airflow/example_dags/example_dag_decorator.py for tasks to queue
[2026-05-26T18:25:59.429+0000] {logging_mixin.py:188} INFO - [2026-05-26T18:25:59.428+0000] {dagbag.py:540} INFO - Filling up the DagBag from /home/airflow/.local/lib/python3.8/site-packages/airflow/example_dags/example_dag_decorator.py
[2026-05-26T18:25:59.588+0000] {processor.py:840} INFO - DAG(s) 'example_dag_decorator' retrieved from /home/airflow/.local/lib/python3.8/site-packages/airflow/example_dags/example_dag_decorator.py
[2026-05-26T18:25:59.916+0000] {logging_mixin.py:188} INFO - [2026-05-26T18:25:59.916+0000] {dag.py:3047} INFO - Sync 1 DAGs
[2026-05-26T18:25:59.931+0000] {logging_mixin.py:188} INFO - [2026-05-26T18:25:59.931+0000] {dag.py:3834} INFO - Setting next_dagrun for example_dag_decorator to None, run_after=None
[2026-05-26T18:25:59.955+0000] {processor.py:183} INFO - Processing /home/airflow/.local/lib/python3.8/site-packages/airflow/example_dags/example_dag_decorator.py took 0.540 seconds
[2026-05-26T18:26:30.050+0000] {processor.py:161} INFO - Started process (PID=2072) to work on /home/airflow/.local/lib/python3.8/site-packages/airflow/example_dags/example_dag_decorator.py
[2026-05-26T18:26:30.052+0000] {processor.py:830} INFO - Processing file /home/airflow/.local/lib/python3.8/site-packages/airflow/example_dags/example_dag_decorator.py for tasks to queue
[2026-05-26T18:26:30.057+0000] {logging_mixin.py:188} INFO - [2026-05-26T18:26:30.056+0000] {dagbag.py:540} INFO - Filling up the DagBag from /home/airflow/.local/lib/python3.8/site-packages/airflow/example_dags/example_dag_decorator.py
[2026-05-26T18:26:30.262+0000] {processor.py:840} INFO - DAG(s) 'example_dag_decorator' retrieved from /home/airflow/.local/lib/python3.8/site-packages/airflow/example_dags/example_dag_decorator.py
[2026-05-26T18:26:30.749+0000] {logging_mixin.py:188} INFO - [2026-05-26T18:26:30.749+0000] {dag.py:3047} INFO - Sync 1 DAGs
[2026-05-26T18:26:30.768+0000] {logging_mixin.py:188} INFO - [2026-05-26T18:26:30.768+0000] {dag.py:3834} INFO - Setting next_dagrun for example_dag_decorator to None, run_after=None
[2026-05-26T18:26:30.815+0000] {processor.py:183} INFO - Processing /home/airflow/.local/lib/python3.8/site-packages/airflow/example_dags/example_dag_decorator.py took 0.772 seconds
[2026-05-26T18:27:01.080+0000] {processor.py:161} INFO - Started process (PID=2127) to work on /home/airflow/.local/lib/python3.8/site-packages/airflow/example_dags/example_dag_decorator.py
[2026-05-26T18:27:01.082+0000] {processor.py:830} INFO - Processing file /home/airflow/.local/lib/python3.8/site-packages/airflow/example_dags/example_dag_decorator.py for tasks to queue
[2026-05-26T18:27:01.087+0000] {logging_mixin.py:188} INFO - [2026-05-26T18:27:01.086+0000] {dagbag.py:540} INFO - Filling up the DagBag from /home/airflow/.local/lib/python3.8/site-packages/airflow/example_dags/example_dag_decorator.py
[2026-05-26T18:27:01.765+0000] {processor.py:840} INFO - DAG(s) 'example_dag_decorator' retrieved from /home/airflow/.local/lib/python3.8/site-packages/airflow/example_dags/example_dag_decorator.py
[2026-05-26T18:27:02.931+0000] {logging_mixin.py:188} INFO - [2026-05-26T18:27:02.930+0000] {dag.py:3047} INFO - Sync 1 DAGs
[2026-05-26T18:27:02.957+0000] {logging_mixin.py:188} INFO - [2026-05-26T18:27:02.956+0000] {dag.py:3834} INFO - Setting next_dagrun for example_dag_decorator to None, run_after=None
[2026-05-26T18:27:03.008+0000] {processor.py:183} INFO - Processing /home/airflow/.local/lib/python3.8/site-packages/airflow/example_dags/example_dag_decorator.py took 1.932 seconds
[2026-05-26T18:27:33.492+0000] {processor.py:161} INFO - Started process (PID=2183) to work on /home/airflow/.local/lib/python3.8/site-packages/airflow/example_dags/example_dag_decorator.py
[2026-05-26T18:27:33.494+0000] {processor.py:830} INFO - Processing file /home/airflow/.local/lib/python3.8/site-packages/airflow/example_dags/example_dag_decorator.py for tasks to queue
[2026-05-26T18:27:33.497+0000] {logging_mixin.py:188} INFO - [2026-05-26T18:27:33.497+0000] {dagbag.py:540} INFO - Filling up the DagBag from /home/airflow/.local/lib/python3.8/site-packages/airflow/example_dags/example_dag_decorator.py
[2026-05-26T18:27:33.820+0000] {processor.py:840} INFO - DAG(s) 'example_dag_decorator' retrieved from /home/airflow/.local/lib/python3.8/site-packages/airflow/example_dags/example_dag_decorator.py
[2026-05-26T18:27:33.953+0000] {logging_mixin.py:188} INFO - [2026-05-26T18:27:33.953+0000] {dag.py:3047} INFO - Sync 1 DAGs
[2026-05-26T18:27:33.967+0000] {logging_mixin.py:188} INFO - [2026-05-26T18:27:33.967+0000] {dag.py:3834} INFO - Setting next_dagrun for example_dag_decorator to None, run_after=None
[2026-05-26T18:27:34.000+0000] {processor.py:183} INFO - Processing /home/airflow/.local/lib/python3.8/site-packages/airflow/example_dags/example_dag_decorator.py took 0.513 seconds
[2026-05-26T18:28:04.156+0000] {processor.py:161} INFO - Started process (PID=2239) to work on /home/airflow/.local/lib/python3.8/site-packages/airflow/example_dags/example_dag_decorator.py
[2026-05-26T18:28:04.157+0000] {processor.py:830} INFO - Processing file /home/airflow/.local/lib/python3.8/site-packages/airflow/example_dags/example_dag_decorator.py for tasks to queue
[2026-05-26T18:28:04.159+0000] {logging_mixin.py:188} INFO - [2026-05-26T18:28:04.159+0000] {dagbag.py:540} INFO - Filling up the DagBag from /home/airflow/.local/lib/python3.8/site-packages/airflow/example_dags/example_dag_decorator.py
[2026-05-26T18:28:04.354+0000] {processor.py:840} INFO - DAG(s) 'example_dag_decorator' retrieved from /home/airflow/.local/lib/python3.8/site-packages/airflow/example_dags/example_dag_decorator.py
[2026-05-26T18:28:04.372+0000] {logging_mixin.py:188} INFO - [2026-05-26T18:28:04.372+0000] {dag.py:3047} INFO - Sync 1 DAGs
[2026-05-26T18:28:04.382+0000] {logging_mixin.py:188} INFO - [2026-05-26T18:28:04.382+0000] {dag.py:3834} INFO - Setting next_dagrun for example_dag_decorator to None, run_after=None
[2026-05-26T18:28:04.399+0000] {processor.py:183} INFO - Processing /home/airflow/.local/lib/python3.8/site-packages/airflow/example_dags/example_dag_decorator.py took 0.246 seconds
[2026-05-26T18:28:34.470+0000] {processor.py:161} INFO - Started process (PID=2294) to work on /home/airflow/.local/lib/python3.8/site-packages/airflow/example_dags/example_dag_decorator.py
[2026-05-26T18:28:34.472+0000] {processor.py:830} INFO - Processing file /home/airflow/.local/lib/python3.8/site-packages/airflow/example_dags/example_dag_decorator.py for tasks to queue
[2026-05-26T18:28:34.474+0000] {logging_mixin.py:188} INFO - [2026-05-26T18:28:34.474+0000] {dagbag.py:540} INFO - Filling up the DagBag from /home/airflow/.local/lib/python3.8/site-packages/airflow/example_dags/example_dag_decorator.py
[2026-05-26T18:28:34.677+0000] {processor.py:840} INFO - DAG(s) 'example_dag_decorator' retrieved from /home/airflow/.local/lib/python3.8/site-packages/airflow/example_dags/example_dag_decorator.py
[2026-05-26T18:28:34.752+0000] {logging_mixin.py:188} INFO - [2026-05-26T18:28:34.751+0000] {dag.py:3047} INFO - Sync 1 DAGs
[2026-05-26T18:28:34.760+0000] {logging_mixin.py:188} INFO - [2026-05-26T18:28:34.759+0000] {dag.py:3834} INFO - Setting next_dagrun for example_dag_decorator to None, run_after=None
[2026-05-26T18:28:34.793+0000] {processor.py:183} INFO - Processing /home/airflow/.local/lib/python3.8/site-packages/airflow/example_dags/example_dag_decorator.py took 0.327 seconds
[2026-05-26T18:29:05.014+0000] {processor.py:161} INFO - Started process (PID=2348) to work on /home/airflow/.local/lib/python3.8/site-packages/airflow/example_dags/example_dag_decorator.py
[2026-05-26T18:29:05.016+0000] {processor.py:830} INFO - Processing file /home/airflow/.local/lib/python3.8/site-packages/airflow/example_dags/example_dag_decorator.py for tasks to queue
[2026-05-26T18:29:05.018+0000] {logging_mixin.py:188} INFO - [2026-05-26T18:29:05.018+0000] {dagbag.py:540} INFO - Filling up the DagBag from /home/airflow/.local/lib/python3.8/site-packages/airflow/example_dags/example_dag_decorator.py
[2026-05-26T18:29:05.312+0000] {processor.py:840} INFO - DAG(s) 'example_dag_decorator' retrieved from /home/airflow/.local/lib/python3.8/site-packages/airflow/example_dags/example_dag_decorator.py
[2026-05-26T18:29:05.336+0000] {logging_mixin.py:188} INFO - [2026-05-26T18:29:05.336+0000] {dag.py:3047} INFO - Sync 1 DAGs
[2026-05-26T18:29:05.347+0000] {logging_mixin.py:188} INFO - [2026-05-26T18:29:05.347+0000] {dag.py:3834} INFO - Setting next_dagrun for example_dag_decorator to None, run_after=None
[2026-05-26T18:29:05.375+0000] {processor.py:183} INFO - Processing /home/airflow/.local/lib/python3.8/site-packages/airflow/example_dags/example_dag_decorator.py took 0.366 seconds
[2026-05-26T18:29:35.438+0000] {processor.py:161} INFO - Started process (PID=2403) to work on /home/airflow/.local/lib/python3.8/site-packages/airflow/example_dags/example_dag_decorator.py
[2026-05-26T18:29:35.439+0000] {processor.py:830} INFO - Processing file /home/airflow/.local/lib/python3.8/site-packages/airflow/example_dags/example_dag_decorator.py for tasks to queue
[2026-05-26T18:29:35.441+0000] {logging_mixin.py:188} INFO - [2026-05-26T18:29:35.441+0000] {dagbag.py:540} INFO - Filling up the DagBag from /home/airflow/.local/lib/python3.8/site-packages/airflow/example_dags/example_dag_decorator.py
[2026-05-26T18:29:35.516+0000] {processor.py:840} INFO - DAG(s) 'example_dag_decorator' retrieved from /home/airflow/.local/lib/python3.8/site-packages/airflow/example_dags/example_dag_decorator.py
[2026-05-26T18:29:35.590+0000] {logging_mixin.py:188} INFO - [2026-05-26T18:29:35.590+0000] {dag.py:3047} INFO - Sync 1 DAGs
[2026-05-26T18:29:35.599+0000] {logging_mixin.py:188} INFO - [2026-05-26T18:29:35.599+0000] {dag.py:3834} INFO - Setting next_dagrun for example_dag_decorator to None, run_after=None
[2026-05-26T18:29:35.617+0000] {processor.py:183} INFO - Processing /home/airflow/.local/lib/python3.8/site-packages/airflow/example_dags/example_dag_decorator.py took 0.182 seconds
[2026-05-26T18:30:06.165+0000] {processor.py:161} INFO - Started process (PID=2458) to work on /home/airflow/.local/lib/python3.8/site-packages/airflow/example_dags/example_dag_decorator.py
[2026-05-26T18:30:06.167+0000] {processor.py:830} INFO - Processing file /home/airflow/.local/lib/python3.8/site-packages/airflow/example_dags/example_dag_decorator.py for tasks to queue
[2026-05-26T18:30:06.171+0000] {logging_mixin.py:188} INFO - [2026-05-26T18:30:06.170+0000] {dagbag.py:540} INFO - Filling up the DagBag from /home/airflow/.local/lib/python3.8/site-packages/airflow/example_dags/example_dag_decorator.py
[2026-05-26T18:30:06.279+0000] {processor.py:840} INFO - DAG(s) 'example_dag_decorator' retrieved from /home/airflow/.local/lib/python3.8/site-packages/airflow/example_dags/example_dag_decorator.py
[2026-05-26T18:30:06.360+0000] {logging_mixin.py:188} INFO - [2026-05-26T18:30:06.360+0000] {dag.py:3047} INFO - Sync 1 DAGs
[2026-05-26T18:30:06.369+0000] {logging_mixin.py:188} INFO - [2026-05-26T18:30:06.369+0000] {dag.py:3834} INFO - Setting next_dagrun for example_dag_decorator to None, run_after=None
[2026-05-26T18:30:06.389+0000] {processor.py:183} INFO - Processing /home/airflow/.local/lib/python3.8/site-packages/airflow/example_dags/example_dag_decorator.py took 0.229 seconds
[2026-05-26T18:30:37.062+0000] {processor.py:161} INFO - Started process (PID=2513) to work on /home/airflow/.local/lib/python3.8/site-packages/airflow/example_dags/example_dag_decorator.py
[2026-05-26T18:30:37.063+0000] {processor.py:830} INFO - Processing file /home/airflow/.local/lib/python3.8/site-packages/airflow/example_dags/example_dag_decorator.py for tasks to queue
[2026-05-26T18:30:37.065+0000] {logging_mixin.py:188} INFO - [2026-05-26T18:30:37.065+0000] {dagbag.py:540} INFO - Filling up the DagBag from /home/airflow/.local/lib/python3.8/site-packages/airflow/example_dags/example_dag_decorator.py
[2026-05-26T18:30:37.140+0000] {processor.py:840} INFO - DAG(s) 'example_dag_decorator' retrieved from /home/airflow/.local/lib/python3.8/site-packages/airflow/example_dags/example_dag_decorator.py
[2026-05-26T18:30:37.227+0000] {logging_mixin.py:188} INFO - [2026-05-26T18:30:37.226+0000] {dag.py:3047} INFO - Sync 1 DAGs
[2026-05-26T18:30:37.234+0000] {logging_mixin.py:188} INFO - [2026-05-26T18:30:37.234+0000] {dag.py:3834} INFO - Setting next_dagrun for example_dag_decorator to None, run_after=None
[2026-05-26T18:30:37.251+0000] {processor.py:183} INFO - Processing /home/airflow/.local/lib/python3.8/site-packages/airflow/example_dags/example_dag_decorator.py took 0.192 seconds
[2026-05-26T18:31:07.683+0000] {processor.py:161} INFO - Started process (PID=2568) to work on /home/airflow/.local/lib/python3.8/site-packages/airflow/example_dags/example_dag_decorator.py
[2026-05-26T18:31:07.685+0000] {processor.py:830} INFO - Processing file /home/airflow/.local/lib/python3.8/site-packages/airflow/example_dags/example_dag_decorator.py for tasks to queue
[2026-05-26T18:31:07.687+0000] {logging_mixin.py:188} INFO - [2026-05-26T18:31:07.687+0000] {dagbag.py:540} INFO - Filling up the DagBag from /home/airflow/.local/lib/python3.8/site-packages/airflow/example_dags/example_dag_decorator.py
[2026-05-26T18:31:07.762+0000] {processor.py:840} INFO - DAG(s) 'example_dag_decorator' retrieved from /home/airflow/.local/lib/python3.8/site-packages/airflow/example_dags/example_dag_decorator.py
[2026-05-26T18:31:07.790+0000] {logging_mixin.py:188} INFO - [2026-05-26T18:31:07.789+0000] {dag.py:3047} INFO - Sync 1 DAGs
[2026-05-26T18:31:07.802+0000] {logging_mixin.py:188} INFO - [2026-05-26T18:31:07.802+0000] {dag.py:3834} INFO - Setting next_dagrun for example_dag_decorator to None, run_after=None
[2026-05-26T18:31:07.821+0000] {processor.py:183} INFO - Processing /home/airflow/.local/lib/python3.8/site-packages/airflow/example_dags/example_dag_decorator.py took 0.141 seconds
[2026-05-26T18:31:38.407+0000] {processor.py:161} INFO - Started process (PID=2623) to work on /home/airflow/.local/lib/python3.8/site-packages/airflow/example_dags/example_dag_decorator.py
[2026-05-26T18:31:38.408+0000] {processor.py:830} INFO - Processing file /home/airflow/.local/lib/python3.8/site-packages/airflow/example_dags/example_dag_decorator.py for tasks to queue
[2026-05-26T18:31:38.411+0000] {logging_mixin.py:188} INFO - [2026-05-26T18:31:38.411+0000] {dagbag.py:540} INFO - Filling up the DagBag from /home/airflow/.local/lib/python3.8/site-packages/airflow/example_dags/example_dag_decorator.py
[2026-05-26T18:31:38.496+0000] {processor.py:840} INFO - DAG(s) 'example_dag_decorator' retrieved from /home/airflow/.local/lib/python3.8/site-packages/airflow/example_dags/example_dag_decorator.py
[2026-05-26T18:31:38.523+0000] {logging_mixin.py:188} INFO - [2026-05-26T18:31:38.523+0000] {dag.py:3047} INFO - Sync 1 DAGs
[2026-05-26T18:31:38.536+0000] {logging_mixin.py:188} INFO - [2026-05-26T18:31:38.536+0000] {dag.py:3834} INFO - Setting next_dagrun for example_dag_decorator to None, run_after=None
[2026-05-26T18:31:38.557+0000] {processor.py:183} INFO - Processing /home/airflow/.local/lib/python3.8/site-packages/airflow/example_dags/example_dag_decorator.py took 0.154 seconds
[2026-05-26T18:32:09.343+0000] {processor.py:161} INFO - Started process (PID=2684) to work on /home/airflow/.local/lib/python3.8/site-packages/airflow/example_dags/example_dag_decorator.py
[2026-05-26T18:32:09.345+0000] {processor.py:830} INFO - Processing file /home/airflow/.local/lib/python3.8/site-packages/airflow/example_dags/example_dag_decorator.py for tasks to queue
[2026-05-26T18:32:09.348+0000] {logging_mixin.py:188} INFO - [2026-05-26T18:32:09.347+0000] {dagbag.py:540} INFO - Filling up the DagBag from /home/airflow/.local/lib/python3.8/site-packages/airflow/example_dags/example_dag_decorator.py
[2026-05-26T18:32:09.432+0000] {processor.py:840} INFO - DAG(s) 'example_dag_decorator' retrieved from /home/airflow/.local/lib/python3.8/site-packages/airflow/example_dags/example_dag_decorator.py
[2026-05-26T18:32:09.456+0000] {logging_mixin.py:188} INFO - [2026-05-26T18:32:09.456+0000] {dag.py:3047} INFO - Sync 1 DAGs
[2026-05-26T18:32:09.467+0000] {logging_mixin.py:188} INFO - [2026-05-26T18:32:09.467+0000] {dag.py:3834} INFO - Setting next_dagrun for example_dag_decorator to None, run_after=None
[2026-05-26T18:32:09.488+0000] {processor.py:183} INFO - Processing /home/airflow/.local/lib/python3.8/site-packages/airflow/example_dags/example_dag_decorator.py took 0.148 seconds
[2026-05-26T18:32:39.538+0000] {processor.py:161} INFO - Started process (PID=2739) to work on /home/airflow/.local/lib/python3.8/site-packages/airflow/example_dags/example_dag_decorator.py
[2026-05-26T18:32:39.540+0000] {processor.py:830} INFO - Processing file /home/airflow/.local/lib/python3.8/site-packages/airflow/example_dags/example_dag_decorator.py for tasks to queue
[2026-05-26T18:32:39.542+0000] {logging_mixin.py:188} INFO - [2026-05-26T18:32:39.542+0000] {dagbag.py:540} INFO - Filling up the DagBag from /home/airflow/.local/lib/python3.8/site-packages/airflow/example_dags/example_dag_decorator.py
[2026-05-26T18:32:39.623+0000] {processor.py:840} INFO - DAG(s) 'example_dag_decorator' retrieved from /home/airflow/.local/lib/python3.8/site-packages/airflow/example_dags/example_dag_decorator.py
[2026-05-26T18:32:39.649+0000] {logging_mixin.py:188} INFO - [2026-05-26T18:32:39.648+0000] {dag.py:3047} INFO - Sync 1 DAGs
[2026-05-26T18:32:39.663+0000] {logging_mixin.py:188} INFO - [2026-05-26T18:32:39.662+0000] {dag.py:3834} INFO - Setting next_dagrun for example_dag_decorator to None, run_after=None
[2026-05-26T18:32:39.682+0000] {processor.py:183} INFO - Processing /home/airflow/.local/lib/python3.8/site-packages/airflow/example_dags/example_dag_decorator.py took 0.147 seconds
[2026-05-26T18:33:10.260+0000] {processor.py:161} INFO - Started process (PID=2794) to work on /home/airflow/.local/lib/python3.8/site-packages/airflow/example_dags/example_dag_decorator.py
[2026-05-26T18:33:10.261+0000] {processor.py:830} INFO - Processing file /home/airflow/.local/lib/python3.8/site-packages/airflow/example_dags/example_dag_decorator.py for tasks to queue
[2026-05-26T18:33:10.263+0000] {logging_mixin.py:188} INFO - [2026-05-26T18:33:10.263+0000] {dagbag.py:540} INFO - Filling up the DagBag from /home/airflow/.local/lib/python3.8/site-packages/airflow/example_dags/example_dag_decorator.py
[2026-05-26T18:33:10.356+0000] {processor.py:840} INFO - DAG(s) 'example_dag_decorator' retrieved from /home/airflow/.local/lib/python3.8/site-packages/airflow/example_dags/example_dag_decorator.py
[2026-05-26T18:33:10.380+0000] {logging_mixin.py:188} INFO - [2026-05-26T18:33:10.379+0000] {dag.py:3047} INFO - Sync 1 DAGs
[2026-05-26T18:33:10.391+0000] {logging_mixin.py:188} INFO - [2026-05-26T18:33:10.390+0000] {dag.py:3834} INFO - Setting next_dagrun for example_dag_decorator to None, run_after=None
[2026-05-26T18:33:10.409+0000] {processor.py:183} INFO - Processing /home/airflow/.local/lib/python3.8/site-packages/airflow/example_dags/example_dag_decorator.py took 0.152 seconds
[2026-05-26T18:33:41.261+0000] {processor.py:161} INFO - Started process (PID=2849) to work on /home/airflow/.local/lib/python3.8/site-packages/airflow/example_dags/example_dag_decorator.py
[2026-05-26T18:33:41.263+0000] {processor.py:830} INFO - Processing file /home/airflow/.local/lib/python3.8/site-packages/airflow/example_dags/example_dag_decorator.py for tasks to queue
[2026-05-26T18:33:41.265+0000] {logging_mixin.py:188} INFO - [2026-05-26T18:33:41.265+0000] {dagbag.py:540} INFO - Filling up the DagBag from /home/airflow/.local/lib/python3.8/site-packages/airflow/example_dags/example_dag_decorator.py
[2026-05-26T18:33:41.347+0000] {processor.py:840} INFO - DAG(s) 'example_dag_decorator' retrieved from /home/airflow/.local/lib/python3.8/site-packages/airflow/example_dags/example_dag_decorator.py
[2026-05-26T18:33:41.373+0000] {logging_mixin.py:188} INFO - [2026-05-26T18:33:41.373+0000] {dag.py:3047} INFO - Sync 1 DAGs
[2026-05-26T18:33:41.385+0000] {logging_mixin.py:188} INFO - [2026-05-26T18:33:41.384+0000] {dag.py:3834} INFO - Setting next_dagrun for example_dag_decorator to None, run_after=None
[2026-05-26T18:33:41.403+0000] {processor.py:183} INFO - Processing /home/airflow/.local/lib/python3.8/site-packages/airflow/example_dags/example_dag_decorator.py took 0.144 seconds
[2026-05-26T18:34:11.512+0000] {processor.py:161} INFO - Started process (PID=2904) to work on /home/airflow/.local/lib/python3.8/site-packages/airflow/example_dags/example_dag_decorator.py
[2026-05-26T18:34:11.514+0000] {processor.py:830} INFO - Processing file /home/airflow/.local/lib/python3.8/site-packages/airflow/example_dags/example_dag_decorator.py for tasks to queue
[2026-05-26T18:34:11.516+0000] {logging_mixin.py:188} INFO - [2026-05-26T18:34:11.516+0000] {dagbag.py:540} INFO - Filling up the DagBag from /home/airflow/.local/lib/python3.8/site-packages/airflow/example_dags/example_dag_decorator.py
[2026-05-26T18:34:11.590+0000] {processor.py:840} INFO - DAG(s) 'example_dag_decorator' retrieved from /home/airflow/.local/lib/python3.8/site-packages/airflow/example_dags/example_dag_decorator.py
[2026-05-26T18:34:11.613+0000] {logging_mixin.py:188} INFO - [2026-05-26T18:34:11.613+0000] {dag.py:3047} INFO - Sync 1 DAGs
[2026-05-26T18:34:11.622+0000] {logging_mixin.py:188} INFO - [2026-05-26T18:34:11.622+0000] {dag.py:3834} INFO - Setting next_dagrun for example_dag_decorator to None, run_after=None
[2026-05-26T18:34:11.640+0000] {processor.py:183} INFO - Processing /home/airflow/.local/lib/python3.8/site-packages/airflow/example_dags/example_dag_decorator.py took 0.133 seconds
[2026-05-26T18:34:41.709+0000] {processor.py:161} INFO - Started process (PID=2960) to work on /home/airflow/.local/lib/python3.8/site-packages/airflow/example_dags/example_dag_decorator.py
[2026-05-26T18:34:41.711+0000] {processor.py:830} INFO - Processing file /home/airflow/.local/lib/python3.8/site-packages/airflow/example_dags/example_dag_decorator.py for tasks to queue
[2026-05-26T18:34:41.713+0000] {logging_mixin.py:188} INFO - [2026-05-26T18:34:41.713+0000] {dagbag.py:540} INFO - Filling up the DagBag from /home/airflow/.local/lib/python3.8/site-packages/airflow/example_dags/example_dag_decorator.py
[2026-05-26T18:34:41.786+0000] {processor.py:840} INFO - DAG(s) 'example_dag_decorator' retrieved from /home/airflow/.local/lib/python3.8/site-packages/airflow/example_dags/example_dag_decorator.py
[2026-05-26T18:34:41.866+0000] {logging_mixin.py:188} INFO - [2026-05-26T18:34:41.866+0000] {dag.py:3047} INFO - Sync 1 DAGs
[2026-05-26T18:34:41.874+0000] {logging_mixin.py:188} INFO - [2026-05-26T18:34:41.874+0000] {dag.py:3834} INFO - Setting next_dagrun for example_dag_decorator to None, run_after=None
[2026-05-26T18:34:41.888+0000] {processor.py:183} INFO - Processing /home/airflow/.local/lib/python3.8/site-packages/airflow/example_dags/example_dag_decorator.py took 0.182 seconds
[2026-05-26T18:35:12.410+0000] {processor.py:161} INFO - Started process (PID=3014) to work on /home/airflow/.local/lib/python3.8/site-packages/airflow/example_dags/example_dag_decorator.py
[2026-05-26T18:35:12.412+0000] {processor.py:830} INFO - Processing file /home/airflow/.local/lib/python3.8/site-packages/airflow/example_dags/example_dag_decorator.py for tasks to queue
[2026-05-26T18:35:12.414+0000] {logging_mixin.py:188} INFO - [2026-05-26T18:35:12.414+0000] {dagbag.py:540} INFO - Filling up the DagBag from /home/airflow/.local/lib/python3.8/site-packages/airflow/example_dags/example_dag_decorator.py
[2026-05-26T18:35:12.492+0000] {processor.py:840} INFO - DAG(s) 'example_dag_decorator' retrieved from /home/airflow/.local/lib/python3.8/site-packages/airflow/example_dags/example_dag_decorator.py
[2026-05-26T18:35:12.575+0000] {logging_mixin.py:188} INFO - [2026-05-26T18:35:12.575+0000] {dag.py:3047} INFO - Sync 1 DAGs
[2026-05-26T18:35:12.583+0000] {logging_mixin.py:188} INFO - [2026-05-26T18:35:12.583+0000] {dag.py:3834} INFO - Setting next_dagrun for example_dag_decorator to None, run_after=None
[2026-05-26T18:35:12.603+0000] {processor.py:183} INFO - Processing /home/airflow/.local/lib/python3.8/site-packages/airflow/example_dags/example_dag_decorator.py took 0.195 seconds
[2026-05-26T18:35:42.747+0000] {processor.py:161} INFO - Started process (PID=3071) to work on /home/airflow/.local/lib/python3.8/site-packages/airflow/example_dags/example_dag_decorator.py
[2026-05-26T18:35:42.748+0000] {processor.py:830} INFO - Processing file /home/airflow/.local/lib/python3.8/site-packages/airflow/example_dags/example_dag_decorator.py for tasks to queue
[2026-05-26T18:35:42.750+0000] {logging_mixin.py:188} INFO - [2026-05-26T18:35:42.750+0000] {dagbag.py:540} INFO - Filling up the DagBag from /home/airflow/.local/lib/python3.8/site-packages/airflow/example_dags/example_dag_decorator.py
[2026-05-26T18:35:42.820+0000] {processor.py:840} INFO - DAG(s) 'example_dag_decorator' retrieved from /home/airflow/.local/lib/python3.8/site-packages/airflow/example_dags/example_dag_decorator.py
[2026-05-26T18:35:42.892+0000] {logging_mixin.py:188} INFO - [2026-05-26T18:35:42.891+0000] {dag.py:3047} INFO - Sync 1 DAGs
[2026-05-26T18:35:42.901+0000] {logging_mixin.py:188} INFO - [2026-05-26T18:35:42.900+0000] {dag.py:3834} INFO - Setting next_dagrun for example_dag_decorator to None, run_after=None
[2026-05-26T18:35:42.919+0000] {processor.py:183} INFO - Processing /home/airflow/.local/lib/python3.8/site-packages/airflow/example_dags/example_dag_decorator.py took 0.176 seconds
[2026-05-26T18:36:13.035+0000] {processor.py:161} INFO - Started process (PID=3126) to work on /home/airflow/.local/lib/python3.8/site-packages/airflow/example_dags/example_dag_decorator.py
[2026-05-26T18:36:13.046+0000] {processor.py:830} INFO - Processing file /home/airflow/.local/lib/python3.8/site-packages/airflow/example_dags/example_dag_decorator.py for tasks to queue
[2026-05-26T18:36:13.053+0000] {logging_mixin.py:188} INFO - [2026-05-26T18:36:13.052+0000] {dagbag.py:540} INFO - Filling up the DagBag from /home/airflow/.local/lib/python3.8/site-packages/airflow/example_dags/example_dag_decorator.py
[2026-05-26T18:36:13.311+0000] {processor.py:840} INFO - DAG(s) 'example_dag_decorator' retrieved from /home/airflow/.local/lib/python3.8/site-packages/airflow/example_dags/example_dag_decorator.py
[2026-05-26T18:36:13.550+0000] {logging_mixin.py:188} INFO - [2026-05-26T18:36:13.550+0000] {dag.py:3047} INFO - Sync 1 DAGs
[2026-05-26T18:36:13.560+0000] {logging_mixin.py:188} INFO - [2026-05-26T18:36:13.559+0000] {dag.py:3834} INFO - Setting next_dagrun for example_dag_decorator to None, run_after=None
[2026-05-26T18:36:13.597+0000] {processor.py:183} INFO - Processing /home/airflow/.local/lib/python3.8/site-packages/airflow/example_dags/example_dag_decorator.py took 0.567 seconds
[2026-05-26T18:36:44.338+0000] {processor.py:161} INFO - Started process (PID=3181) to work on /home/airflow/.local/lib/python3.8/site-packages/airflow/example_dags/example_dag_decorator.py
[2026-05-26T18:36:44.342+0000] {processor.py:830} INFO - Processing file /home/airflow/.local/lib/python3.8/site-packages/airflow/example_dags/example_dag_decorator.py for tasks to queue
[2026-05-26T18:36:44.346+0000] {logging_mixin.py:188} INFO - [2026-05-26T18:36:44.346+0000] {dagbag.py:540} INFO - Filling up the DagBag from /home/airflow/.local/lib/python3.8/site-packages/airflow/example_dags/example_dag_decorator.py
[2026-05-26T18:36:44.445+0000] {processor.py:840} INFO - DAG(s) 'example_dag_decorator' retrieved from /home/airflow/.local/lib/python3.8/site-packages/airflow/example_dags/example_dag_decorator.py
[2026-05-26T18:36:44.536+0000] {logging_mixin.py:188} INFO - [2026-05-26T18:36:44.535+0000] {dag.py:3047} INFO - Sync 1 DAGs
[2026-05-26T18:36:44.547+0000] {logging_mixin.py:188} INFO - [2026-05-26T18:36:44.546+0000] {dag.py:3834} INFO - Setting next_dagrun for example_dag_decorator to None, run_after=None
[2026-05-26T18:36:44.567+0000] {processor.py:183} INFO - Processing /home/airflow/.local/lib/python3.8/site-packages/airflow/example_dags/example_dag_decorator.py took 0.232 seconds
[2026-05-26T18:37:14.695+0000] {processor.py:161} INFO - Started process (PID=3237) to work on /home/airflow/.local/lib/python3.8/site-packages/airflow/example_dags/example_dag_decorator.py
[2026-05-26T18:37:14.696+0000] {processor.py:830} INFO - Processing file /home/airflow/.local/lib/python3.8/site-packages/airflow/example_dags/example_dag_decorator.py for tasks to queue
[2026-05-26T18:37:14.699+0000] {logging_mixin.py:188} INFO - [2026-05-26T18:37:14.698+0000] {dagbag.py:540} INFO - Filling up the DagBag from /home/airflow/.local/lib/python3.8/site-packages/airflow/example_dags/example_dag_decorator.py
[2026-05-26T18:37:14.773+0000] {processor.py:840} INFO - DAG(s) 'example_dag_decorator' retrieved from /home/airflow/.local/lib/python3.8/site-packages/airflow/example_dags/example_dag_decorator.py
[2026-05-26T18:37:14.879+0000] {logging_mixin.py:188} INFO - [2026-05-26T18:37:14.879+0000] {dag.py:3047} INFO - Sync 1 DAGs
[2026-05-26T18:37:14.889+0000] {logging_mixin.py:188} INFO - [2026-05-26T18:37:14.888+0000] {dag.py:3834} INFO - Setting next_dagrun for example_dag_decorator to None, run_after=None
[2026-05-26T18:37:14.910+0000] {processor.py:183} INFO - Processing /home/airflow/.local/lib/python3.8/site-packages/airflow/example_dags/example_dag_decorator.py took 0.219 seconds
[2026-05-26T18:37:45.138+0000] {processor.py:161} INFO - Started process (PID=3294) to work on /home/airflow/.local/lib/python3.8/site-packages/airflow/example_dags/example_dag_decorator.py
[2026-05-26T18:37:45.139+0000] {processor.py:830} INFO - Processing file /home/airflow/.local/lib/python3.8/site-packages/airflow/example_dags/example_dag_decorator.py for tasks to queue
[2026-05-26T18:37:45.141+0000] {logging_mixin.py:188} INFO - [2026-05-26T18:37:45.141+0000] {dagbag.py:540} INFO - Filling up the DagBag from /home/airflow/.local/lib/python3.8/site-packages/airflow/example_dags/example_dag_decorator.py
[2026-05-26T18:37:45.212+0000] {processor.py:840} INFO - DAG(s) 'example_dag_decorator' retrieved from /home/airflow/.local/lib/python3.8/site-packages/airflow/example_dags/example_dag_decorator.py
[2026-05-26T18:37:45.315+0000] {logging_mixin.py:188} INFO - [2026-05-26T18:37:45.314+0000] {dag.py:3047} INFO - Sync 1 DAGs
[2026-05-26T18:37:45.340+0000] {logging_mixin.py:188} INFO - [2026-05-26T18:37:45.339+0000] {dag.py:3834} INFO - Setting next_dagrun for example_dag_decorator to None, run_after=None
[2026-05-26T18:37:45.369+0000] {processor.py:183} INFO - Processing /home/airflow/.local/lib/python3.8/site-packages/airflow/example_dags/example_dag_decorator.py took 0.234 seconds
[2026-05-26T18:38:15.653+0000] {processor.py:161} INFO - Started process (PID=3347) to work on /home/airflow/.local/lib/python3.8/site-packages/airflow/example_dags/example_dag_decorator.py
[2026-05-26T18:38:15.654+0000] {processor.py:830} INFO - Processing file /home/airflow/.local/lib/python3.8/site-packages/airflow/example_dags/example_dag_decorator.py for tasks to queue
[2026-05-26T18:38:15.656+0000] {logging_mixin.py:188} INFO - [2026-05-26T18:38:15.656+0000] {dagbag.py:540} INFO - Filling up the DagBag from /home/airflow/.local/lib/python3.8/site-packages/airflow/example_dags/example_dag_decorator.py
[2026-05-26T18:38:15.726+0000] {processor.py:840} INFO - DAG(s) 'example_dag_decorator' retrieved from /home/airflow/.local/lib/python3.8/site-packages/airflow/example_dags/example_dag_decorator.py
[2026-05-26T18:38:15.816+0000] {logging_mixin.py:188} INFO - [2026-05-26T18:38:15.816+0000] {dag.py:3047} INFO - Sync 1 DAGs
[2026-05-26T18:38:15.826+0000] {logging_mixin.py:188} INFO - [2026-05-26T18:38:15.826+0000] {dag.py:3834} INFO - Setting next_dagrun for example_dag_decorator to None, run_after=None
[2026-05-26T18:38:15.844+0000] {processor.py:183} INFO - Processing /home/airflow/.local/lib/python3.8/site-packages/airflow/example_dags/example_dag_decorator.py took 0.195 seconds
[2026-05-26T18:38:45.944+0000] {processor.py:161} INFO - Started process (PID=3403) to work on /home/airflow/.local/lib/python3.8/site-packages/airflow/example_dags/example_dag_decorator.py
[2026-05-26T18:38:45.945+0000] {processor.py:830} INFO - Processing file /home/airflow/.local/lib/python3.8/site-packages/airflow/example_dags/example_dag_decorator.py for tasks to queue
[2026-05-26T18:38:45.947+0000] {logging_mixin.py:188} INFO - [2026-05-26T18:38:45.947+0000] {dagbag.py:540} INFO - Filling up the DagBag from /home/airflow/.local/lib/python3.8/site-packages/airflow/example_dags/example_dag_decorator.py
[2026-05-26T18:38:46.034+0000] {processor.py:840} INFO - DAG(s) 'example_dag_decorator' retrieved from /home/airflow/.local/lib/python3.8/site-packages/airflow/example_dags/example_dag_decorator.py
[2026-05-26T18:38:46.145+0000] {logging_mixin.py:188} INFO - [2026-05-26T18:38:46.145+0000] {dag.py:3047} INFO - Sync 1 DAGs
[2026-05-26T18:38:46.155+0000] {logging_mixin.py:188} INFO - [2026-05-26T18:38:46.155+0000] {dag.py:3834} INFO - Setting next_dagrun for example_dag_decorator to None, run_after=None
[2026-05-26T18:38:46.179+0000] {processor.py:183} INFO - Processing /home/airflow/.local/lib/python3.8/site-packages/airflow/example_dags/example_dag_decorator.py took 0.240 seconds
[2026-05-26T18:39:16.713+0000] {processor.py:161} INFO - Started process (PID=3458) to work on /home/airflow/.local/lib/python3.8/site-packages/airflow/example_dags/example_dag_decorator.py
[2026-05-26T18:39:16.715+0000] {processor.py:830} INFO - Processing file /home/airflow/.local/lib/python3.8/site-packages/airflow/example_dags/example_dag_decorator.py for tasks to queue
[2026-05-26T18:39:16.716+0000] {logging_mixin.py:188} INFO - [2026-05-26T18:39:16.716+0000] {dagbag.py:540} INFO - Filling up the DagBag from /home/airflow/.local/lib/python3.8/site-packages/airflow/example_dags/example_dag_decorator.py
[2026-05-26T18:39:16.784+0000] {processor.py:840} INFO - DAG(s) 'example_dag_decorator' retrieved from /home/airflow/.local/lib/python3.8/site-packages/airflow/example_dags/example_dag_decorator.py
[2026-05-26T18:39:16.860+0000] {logging_mixin.py:188} INFO - [2026-05-26T18:39:16.860+0000] {dag.py:3047} INFO - Sync 1 DAGs
[2026-05-26T18:39:16.867+0000] {logging_mixin.py:188} INFO - [2026-05-26T18:39:16.867+0000] {dag.py:3834} INFO - Setting next_dagrun for example_dag_decorator to None, run_after=None
[2026-05-26T18:39:16.883+0000] {processor.py:183} INFO - Processing /home/airflow/.local/lib/python3.8/site-packages/airflow/example_dags/example_dag_decorator.py took 0.173 seconds
[2026-05-26T18:39:47.076+0000] {processor.py:161} INFO - Started process (PID=3513) to work on /home/airflow/.local/lib/python3.8/site-packages/airflow/example_dags/example_dag_decorator.py
[2026-05-26T18:39:47.078+0000] {processor.py:830} INFO - Processing file /home/airflow/.local/lib/python3.8/site-packages/airflow/example_dags/example_dag_decorator.py for tasks to queue
[2026-05-26T18:39:47.080+0000] {logging_mixin.py:188} INFO - [2026-05-26T18:39:47.080+0000] {dagbag.py:540} INFO - Filling up the DagBag from /home/airflow/.local/lib/python3.8/site-packages/airflow/example_dags/example_dag_decorator.py
[2026-05-26T18:39:47.177+0000] {processor.py:840} INFO - DAG(s) 'example_dag_decorator' retrieved from /home/airflow/.local/lib/python3.8/site-packages/airflow/example_dags/example_dag_decorator.py
[2026-05-26T18:39:47.269+0000] {logging_mixin.py:188} INFO - [2026-05-26T18:39:47.269+0000] {dag.py:3047} INFO - Sync 1 DAGs
[2026-05-26T18:39:47.286+0000] {logging_mixin.py:188} INFO - [2026-05-26T18:39:47.285+0000] {dag.py:3834} INFO - Setting next_dagrun for example_dag_decorator to None, run_after=None
[2026-05-26T18:39:47.307+0000] {processor.py:183} INFO - Processing /home/airflow/.local/lib/python3.8/site-packages/airflow/example_dags/example_dag_decorator.py took 0.236 seconds
[2026-05-26T18:40:17.613+0000] {processor.py:161} INFO - Started process (PID=3568) to work on /home/airflow/.local/lib/python3.8/site-packages/airflow/example_dags/example_dag_decorator.py
[2026-05-26T18:40:17.616+0000] {processor.py:830} INFO - Processing file /home/airflow/.local/lib/python3.8/site-packages/airflow/example_dags/example_dag_decorator.py for tasks to queue
[2026-05-26T18:40:17.617+0000] {logging_mixin.py:188} INFO - [2026-05-26T18:40:17.617+0000] {dagbag.py:540} INFO - Filling up the DagBag from /home/airflow/.local/lib/python3.8/site-packages/airflow/example_dags/example_dag_decorator.py
[2026-05-26T18:40:17.699+0000] {processor.py:840} INFO - DAG(s) 'example_dag_decorator' retrieved from /home/airflow/.local/lib/python3.8/site-packages/airflow/example_dags/example_dag_decorator.py
[2026-05-26T18:40:17.775+0000] {logging_mixin.py:188} INFO - [2026-05-26T18:40:17.775+0000] {dag.py:3047} INFO - Sync 1 DAGs
[2026-05-26T18:40:17.790+0000] {logging_mixin.py:188} INFO - [2026-05-26T18:40:17.789+0000] {dag.py:3834} INFO - Setting next_dagrun for example_dag_decorator to None, run_after=None
[2026-05-26T18:40:17.812+0000] {processor.py:183} INFO - Processing /home/airflow/.local/lib/python3.8/site-packages/airflow/example_dags/example_dag_decorator.py took 0.201 seconds
[2026-05-26T18:40:48.223+0000] {processor.py:161} INFO - Started process (PID=3623) to work on /home/airflow/.local/lib/python3.8/site-packages/airflow/example_dags/example_dag_decorator.py
[2026-05-26T18:40:48.224+0000] {processor.py:830} INFO - Processing file /home/airflow/.local/lib/python3.8/site-packages/airflow/example_dags/example_dag_decorator.py for tasks to queue
[2026-05-26T18:40:48.227+0000] {logging_mixin.py:188} INFO - [2026-05-26T18:40:48.226+0000] {dagbag.py:540} INFO - Filling up the DagBag from /home/airflow/.local/lib/python3.8/site-packages/airflow/example_dags/example_dag_decorator.py
[2026-05-26T18:40:48.299+0000] {processor.py:840} INFO - DAG(s) 'example_dag_decorator' retrieved from /home/airflow/.local/lib/python3.8/site-packages/airflow/example_dags/example_dag_decorator.py
[2026-05-26T18:40:48.322+0000] {logging_mixin.py:188} INFO - [2026-05-26T18:40:48.322+0000] {dag.py:3047} INFO - Sync 1 DAGs
[2026-05-26T18:40:48.333+0000] {logging_mixin.py:188} INFO - [2026-05-26T18:40:48.333+0000] {dag.py:3834} INFO - Setting next_dagrun for example_dag_decorator to None, run_after=None
[2026-05-26T18:40:48.350+0000] {processor.py:183} INFO - Processing /home/airflow/.local/lib/python3.8/site-packages/airflow/example_dags/example_dag_decorator.py took 0.131 seconds
[2026-05-26T18:41:18.802+0000] {processor.py:161} INFO - Started process (PID=3679) to work on /home/airflow/.local/lib/python3.8/site-packages/airflow/example_dags/example_dag_decorator.py
[2026-05-26T18:41:18.804+0000] {processor.py:830} INFO - Processing file /home/airflow/.local/lib/python3.8/site-packages/airflow/example_dags/example_dag_decorator.py for tasks to queue
[2026-05-26T18:41:18.806+0000] {logging_mixin.py:188} INFO - [2026-05-26T18:41:18.805+0000] {dagbag.py:540} INFO - Filling up the DagBag from /home/airflow/.local/lib/python3.8/site-packages/airflow/example_dags/example_dag_decorator.py
[2026-05-26T18:41:18.888+0000] {processor.py:840} INFO - DAG(s) 'example_dag_decorator' retrieved from /home/airflow/.local/lib/python3.8/site-packages/airflow/example_dags/example_dag_decorator.py
[2026-05-26T18:41:18.969+0000] {logging_mixin.py:188} INFO - [2026-05-26T18:41:18.969+0000] {dag.py:3047} INFO - Sync 1 DAGs
[2026-05-26T18:41:18.979+0000] {logging_mixin.py:188} INFO - [2026-05-26T18:41:18.979+0000] {dag.py:3834} INFO - Setting next_dagrun for example_dag_decorator to None, run_after=None
[2026-05-26T18:41:19.001+0000] {processor.py:183} INFO - Processing /home/airflow/.local/lib/python3.8/site-packages/airflow/example_dags/example_dag_decorator.py took 0.202 seconds
[2026-05-26T18:41:49.454+0000] {processor.py:161} INFO - Started process (PID=3734) to work on /home/airflow/.local/lib/python3.8/site-packages/airflow/example_dags/example_dag_decorator.py
[2026-05-26T18:41:49.456+0000] {processor.py:830} INFO - Processing file /home/airflow/.local/lib/python3.8/site-packages/airflow/example_dags/example_dag_decorator.py for tasks to queue
[2026-05-26T18:41:49.458+0000] {logging_mixin.py:188} INFO - [2026-05-26T18:41:49.457+0000] {dagbag.py:540} INFO - Filling up the DagBag from /home/airflow/.local/lib/python3.8/site-packages/airflow/example_dags/example_dag_decorator.py
[2026-05-26T18:41:49.532+0000] {processor.py:840} INFO - DAG(s) 'example_dag_decorator' retrieved from /home/airflow/.local/lib/python3.8/site-packages/airflow/example_dags/example_dag_decorator.py
[2026-05-26T18:41:49.617+0000] {logging_mixin.py:188} INFO - [2026-05-26T18:41:49.617+0000] {dag.py:3047} INFO - Sync 1 DAGs
[2026-05-26T18:41:49.626+0000] {logging_mixin.py:188} INFO - [2026-05-26T18:41:49.626+0000] {dag.py:3834} INFO - Setting next_dagrun for example_dag_decorator to None, run_after=None
[2026-05-26T18:41:49.645+0000] {processor.py:183} INFO - Processing /home/airflow/.local/lib/python3.8/site-packages/airflow/example_dags/example_dag_decorator.py took 0.193 seconds
[2026-05-26T18:42:19.995+0000] {processor.py:161} INFO - Started process (PID=3789) to work on /home/airflow/.local/lib/python3.8/site-packages/airflow/example_dags/example_dag_decorator.py
[2026-05-26T18:42:19.996+0000] {processor.py:830} INFO - Processing file /home/airflow/.local/lib/python3.8/site-packages/airflow/example_dags/example_dag_decorator.py for tasks to queue
[2026-05-26T18:42:19.999+0000] {logging_mixin.py:188} INFO - [2026-05-26T18:42:19.998+0000] {dagbag.py:540} INFO - Filling up the DagBag from /home/airflow/.local/lib/python3.8/site-packages/airflow/example_dags/example_dag_decorator.py
[2026-05-26T18:42:20.068+0000] {processor.py:840} INFO - DAG(s) 'example_dag_decorator' retrieved from /home/airflow/.local/lib/python3.8/site-packages/airflow/example_dags/example_dag_decorator.py
[2026-05-26T18:42:20.161+0000] {logging_mixin.py:188} INFO - [2026-05-26T18:42:20.161+0000] {dag.py:3047} INFO - Sync 1 DAGs
[2026-05-26T18:42:20.170+0000] {logging_mixin.py:188} INFO - [2026-05-26T18:42:20.170+0000] {dag.py:3834} INFO - Setting next_dagrun for example_dag_decorator to None, run_after=None
[2026-05-26T18:42:20.188+0000] {processor.py:183} INFO - Processing /home/airflow/.local/lib/python3.8/site-packages/airflow/example_dags/example_dag_decorator.py took 0.196 seconds
[2026-05-26T18:42:50.415+0000] {processor.py:161} INFO - Started process (PID=3844) to work on /home/airflow/.local/lib/python3.8/site-packages/airflow/example_dags/example_dag_decorator.py
[2026-05-26T18:42:50.417+0000] {processor.py:830} INFO - Processing file /home/airflow/.local/lib/python3.8/site-packages/airflow/example_dags/example_dag_decorator.py for tasks to queue
[2026-05-26T18:42:50.419+0000] {logging_mixin.py:188} INFO - [2026-05-26T18:42:50.419+0000] {dagbag.py:540} INFO - Filling up the DagBag from /home/airflow/.local/lib/python3.8/site-packages/airflow/example_dags/example_dag_decorator.py
[2026-05-26T18:42:50.492+0000] {processor.py:840} INFO - DAG(s) 'example_dag_decorator' retrieved from /home/airflow/.local/lib/python3.8/site-packages/airflow/example_dags/example_dag_decorator.py
[2026-05-26T18:42:50.514+0000] {logging_mixin.py:188} INFO - [2026-05-26T18:42:50.514+0000] {dag.py:3047} INFO - Sync 1 DAGs
[2026-05-26T18:42:50.524+0000] {logging_mixin.py:188} INFO - [2026-05-26T18:42:50.524+0000] {dag.py:3834} INFO - Setting next_dagrun for example_dag_decorator to None, run_after=None
[2026-05-26T18:42:50.543+0000] {processor.py:183} INFO - Processing /home/airflow/.local/lib/python3.8/site-packages/airflow/example_dags/example_dag_decorator.py took 0.130 seconds
[2026-05-26T18:43:21.036+0000] {processor.py:161} INFO - Started process (PID=3899) to work on /home/airflow/.local/lib/python3.8/site-packages/airflow/example_dags/example_dag_decorator.py
[2026-05-26T18:43:21.037+0000] {processor.py:830} INFO - Processing file /home/airflow/.local/lib/python3.8/site-packages/airflow/example_dags/example_dag_decorator.py for tasks to queue
[2026-05-26T18:43:21.039+0000] {logging_mixin.py:188} INFO - [2026-05-26T18:43:21.038+0000] {dagbag.py:540} INFO - Filling up the DagBag from /home/airflow/.local/lib/python3.8/site-packages/airflow/example_dags/example_dag_decorator.py
[2026-05-26T18:43:21.108+0000] {processor.py:840} INFO - DAG(s) 'example_dag_decorator' retrieved from /home/airflow/.local/lib/python3.8/site-packages/airflow/example_dags/example_dag_decorator.py
[2026-05-26T18:43:21.188+0000] {logging_mixin.py:188} INFO - [2026-05-26T18:43:21.187+0000] {dag.py:3047} INFO - Sync 1 DAGs
[2026-05-26T18:43:21.197+0000] {logging_mixin.py:188} INFO - [2026-05-26T18:43:21.197+0000] {dag.py:3834} INFO - Setting next_dagrun for example_dag_decorator to None, run_after=None
[2026-05-26T18:43:21.216+0000] {processor.py:183} INFO - Processing /home/airflow/.local/lib/python3.8/site-packages/airflow/example_dags/example_dag_decorator.py took 0.183 seconds
[2026-05-26T18:43:51.560+0000] {processor.py:161} INFO - Started process (PID=3954) to work on /home/airflow/.local/lib/python3.8/site-packages/airflow/example_dags/example_dag_decorator.py
[2026-05-26T18:43:51.561+0000] {processor.py:830} INFO - Processing file /home/airflow/.local/lib/python3.8/site-packages/airflow/example_dags/example_dag_decorator.py for tasks to queue
[2026-05-26T18:43:51.563+0000] {logging_mixin.py:188} INFO - [2026-05-26T18:43:51.562+0000] {dagbag.py:540} INFO - Filling up the DagBag from /home/airflow/.local/lib/python3.8/site-packages/airflow/example_dags/example_dag_decorator.py
[2026-05-26T18:43:51.640+0000] {processor.py:840} INFO - DAG(s) 'example_dag_decorator' retrieved from /home/airflow/.local/lib/python3.8/site-packages/airflow/example_dags/example_dag_decorator.py
[2026-05-26T18:43:51.717+0000] {logging_mixin.py:188} INFO - [2026-05-26T18:43:51.717+0000] {dag.py:3047} INFO - Sync 1 DAGs
[2026-05-26T18:43:51.727+0000] {logging_mixin.py:188} INFO - [2026-05-26T18:43:51.727+0000] {dag.py:3834} INFO - Setting next_dagrun for example_dag_decorator to None, run_after=None
[2026-05-26T18:43:51.747+0000] {processor.py:183} INFO - Processing /home/airflow/.local/lib/python3.8/site-packages/airflow/example_dags/example_dag_decorator.py took 0.190 seconds
[2026-05-26T18:44:21.973+0000] {processor.py:161} INFO - Started process (PID=4009) to work on /home/airflow/.local/lib/python3.8/site-packages/airflow/example_dags/example_dag_decorator.py
[2026-05-26T18:44:21.975+0000] {processor.py:830} INFO - Processing file /home/airflow/.local/lib/python3.8/site-packages/airflow/example_dags/example_dag_decorator.py for tasks to queue
[2026-05-26T18:44:21.977+0000] {logging_mixin.py:188} INFO - [2026-05-26T18:44:21.977+0000] {dagbag.py:540} INFO - Filling up the DagBag from /home/airflow/.local/lib/python3.8/site-packages/airflow/example_dags/example_dag_decorator.py
[2026-05-26T18:44:22.060+0000] {processor.py:840} INFO - DAG(s) 'example_dag_decorator' retrieved from /home/airflow/.local/lib/python3.8/site-packages/airflow/example_dags/example_dag_decorator.py
[2026-05-26T18:44:22.081+0000] {logging_mixin.py:188} INFO - [2026-05-26T18:44:22.081+0000] {dag.py:3047} INFO - Sync 1 DAGs
[2026-05-26T18:44:22.091+0000] {logging_mixin.py:188} INFO - [2026-05-26T18:44:22.091+0000] {dag.py:3834} INFO - Setting next_dagrun for example_dag_decorator to None, run_after=None
[2026-05-26T18:44:22.107+0000] {processor.py:183} INFO - Processing /home/airflow/.local/lib/python3.8/site-packages/airflow/example_dags/example_dag_decorator.py took 0.137 seconds
[2026-05-26T18:44:52.449+0000] {processor.py:161} INFO - Started process (PID=4064) to work on /home/airflow/.local/lib/python3.8/site-packages/airflow/example_dags/example_dag_decorator.py
[2026-05-26T18:44:52.450+0000] {processor.py:830} INFO - Processing file /home/airflow/.local/lib/python3.8/site-packages/airflow/example_dags/example_dag_decorator.py for tasks to queue
[2026-05-26T18:44:52.452+0000] {logging_mixin.py:188} INFO - [2026-05-26T18:44:52.452+0000] {dagbag.py:540} INFO - Filling up the DagBag from /home/airflow/.local/lib/python3.8/site-packages/airflow/example_dags/example_dag_decorator.py
[2026-05-26T18:44:52.530+0000] {processor.py:840} INFO - DAG(s) 'example_dag_decorator' retrieved from /home/airflow/.local/lib/python3.8/site-packages/airflow/example_dags/example_dag_decorator.py
[2026-05-26T18:44:52.610+0000] {logging_mixin.py:188} INFO - [2026-05-26T18:44:52.610+0000] {dag.py:3047} INFO - Sync 1 DAGs
[2026-05-26T18:44:52.619+0000] {logging_mixin.py:188} INFO - [2026-05-26T18:44:52.619+0000] {dag.py:3834} INFO - Setting next_dagrun for example_dag_decorator to None, run_after=None
[2026-05-26T18:44:52.638+0000] {processor.py:183} INFO - Processing /home/airflow/.local/lib/python3.8/site-packages/airflow/example_dags/example_dag_decorator.py took 0.193 seconds
[2026-05-26T18:45:23.011+0000] {processor.py:161} INFO - Started process (PID=4119) to work on /home/airflow/.local/lib/python3.8/site-packages/airflow/example_dags/example_dag_decorator.py
[2026-05-26T18:45:23.012+0000] {processor.py:830} INFO - Processing file /home/airflow/.local/lib/python3.8/site-packages/airflow/example_dags/example_dag_decorator.py for tasks to queue
[2026-05-26T18:45:23.014+0000] {logging_mixin.py:188} INFO - [2026-05-26T18:45:23.014+0000] {dagbag.py:540} INFO - Filling up the DagBag from /home/airflow/.local/lib/python3.8/site-packages/airflow/example_dags/example_dag_decorator.py
[2026-05-26T18:45:23.083+0000] {processor.py:840} INFO - DAG(s) 'example_dag_decorator' retrieved from /home/airflow/.local/lib/python3.8/site-packages/airflow/example_dags/example_dag_decorator.py
[2026-05-26T18:45:23.106+0000] {logging_mixin.py:188} INFO - [2026-05-26T18:45:23.105+0000] {dag.py:3047} INFO - Sync 1 DAGs
[2026-05-26T18:45:23.118+0000] {logging_mixin.py:188} INFO - [2026-05-26T18:45:23.118+0000] {dag.py:3834} INFO - Setting next_dagrun for example_dag_decorator to None, run_after=None
[2026-05-26T18:45:23.135+0000] {processor.py:183} INFO - Processing /home/airflow/.local/lib/python3.8/site-packages/airflow/example_dags/example_dag_decorator.py took 0.128 seconds
[2026-05-26T18:45:53.715+0000] {processor.py:161} INFO - Started process (PID=4174) to work on /home/airflow/.local/lib/python3.8/site-packages/airflow/example_dags/example_dag_decorator.py
[2026-05-26T18:45:53.717+0000] {processor.py:830} INFO - Processing file /home/airflow/.local/lib/python3.8/site-packages/airflow/example_dags/example_dag_decorator.py for tasks to queue
[2026-05-26T18:45:53.719+0000] {logging_mixin.py:188} INFO - [2026-05-26T18:45:53.718+0000] {dagbag.py:540} INFO - Filling up the DagBag from /home/airflow/.local/lib/python3.8/site-packages/airflow/example_dags/example_dag_decorator.py
[2026-05-26T18:45:53.790+0000] {processor.py:840} INFO - DAG(s) 'example_dag_decorator' retrieved from /home/airflow/.local/lib/python3.8/site-packages/airflow/example_dags/example_dag_decorator.py
[2026-05-26T18:45:53.874+0000] {logging_mixin.py:188} INFO - [2026-05-26T18:45:53.873+0000] {dag.py:3047} INFO - Sync 1 DAGs
[2026-05-26T18:45:53.883+0000] {logging_mixin.py:188} INFO - [2026-05-26T18:45:53.883+0000] {dag.py:3834} INFO - Setting next_dagrun for example_dag_decorator to None, run_after=None
[2026-05-26T18:45:53.904+0000] {processor.py:183} INFO - Processing /home/airflow/.local/lib/python3.8/site-packages/airflow/example_dags/example_dag_decorator.py took 0.191 seconds
[2026-05-26T18:46:23.974+0000] {processor.py:161} INFO - Started process (PID=4230) to work on /home/airflow/.local/lib/python3.8/site-packages/airflow/example_dags/example_dag_decorator.py
[2026-05-26T18:46:23.975+0000] {processor.py:830} INFO - Processing file /home/airflow/.local/lib/python3.8/site-packages/airflow/example_dags/example_dag_decorator.py for tasks to queue
[2026-05-26T18:46:23.977+0000] {logging_mixin.py:188} INFO - [2026-05-26T18:46:23.977+0000] {dagbag.py:540} INFO - Filling up the DagBag from /home/airflow/.local/lib/python3.8/site-packages/airflow/example_dags/example_dag_decorator.py
[2026-05-26T18:46:24.052+0000] {processor.py:840} INFO - DAG(s) 'example_dag_decorator' retrieved from /home/airflow/.local/lib/python3.8/site-packages/airflow/example_dags/example_dag_decorator.py
[2026-05-26T18:46:24.141+0000] {logging_mixin.py:188} INFO - [2026-05-26T18:46:24.140+0000] {dag.py:3047} INFO - Sync 1 DAGs
[2026-05-26T18:46:24.152+0000] {logging_mixin.py:188} INFO - [2026-05-26T18:46:24.152+0000] {dag.py:3834} INFO - Setting next_dagrun for example_dag_decorator to None, run_after=None
[2026-05-26T18:46:24.171+0000] {processor.py:183} INFO - Processing /home/airflow/.local/lib/python3.8/site-packages/airflow/example_dags/example_dag_decorator.py took 0.200 seconds
[2026-05-26T18:46:54.692+0000] {processor.py:161} INFO - Started process (PID=4284) to work on /home/airflow/.local/lib/python3.8/site-packages/airflow/example_dags/example_dag_decorator.py
[2026-05-26T18:46:54.693+0000] {processor.py:830} INFO - Processing file /home/airflow/.local/lib/python3.8/site-packages/airflow/example_dags/example_dag_decorator.py for tasks to queue
[2026-05-26T18:46:54.695+0000] {logging_mixin.py:188} INFO - [2026-05-26T18:46:54.695+0000] {dagbag.py:540} INFO - Filling up the DagBag from /home/airflow/.local/lib/python3.8/site-packages/airflow/example_dags/example_dag_decorator.py
[2026-05-26T18:46:54.781+0000] {processor.py:840} INFO - DAG(s) 'example_dag_decorator' retrieved from /home/airflow/.local/lib/python3.8/site-packages/airflow/example_dags/example_dag_decorator.py
[2026-05-26T18:46:54.858+0000] {logging_mixin.py:188} INFO - [2026-05-26T18:46:54.858+0000] {dag.py:3047} INFO - Sync 1 DAGs
[2026-05-26T18:46:54.867+0000] {logging_mixin.py:188} INFO - [2026-05-26T18:46:54.867+0000] {dag.py:3834} INFO - Setting next_dagrun for example_dag_decorator to None, run_after=None
[2026-05-26T18:46:54.885+0000] {processor.py:183} INFO - Processing /home/airflow/.local/lib/python3.8/site-packages/airflow/example_dags/example_dag_decorator.py took 0.196 seconds
[2026-05-26T18:47:24.934+0000] {processor.py:161} INFO - Started process (PID=4339) to work on /home/airflow/.local/lib/python3.8/site-packages/airflow/example_dags/example_dag_decorator.py
[2026-05-26T18:47:24.935+0000] {processor.py:830} INFO - Processing file /home/airflow/.local/lib/python3.8/site-packages/airflow/example_dags/example_dag_decorator.py for tasks to queue
[2026-05-26T18:47:24.937+0000] {logging_mixin.py:188} INFO - [2026-05-26T18:47:24.937+0000] {dagbag.py:540} INFO - Filling up the DagBag from /home/airflow/.local/lib/python3.8/site-packages/airflow/example_dags/example_dag_decorator.py
[2026-05-26T18:47:25.014+0000] {processor.py:840} INFO - DAG(s) 'example_dag_decorator' retrieved from /home/airflow/.local/lib/python3.8/site-packages/airflow/example_dags/example_dag_decorator.py
[2026-05-26T18:47:25.044+0000] {logging_mixin.py:188} INFO - [2026-05-26T18:47:25.043+0000] {dag.py:3047} INFO - Sync 1 DAGs
[2026-05-26T18:47:25.054+0000] {logging_mixin.py:188} INFO - [2026-05-26T18:47:25.054+0000] {dag.py:3834} INFO - Setting next_dagrun for example_dag_decorator to None, run_after=None
[2026-05-26T18:47:25.080+0000] {processor.py:183} INFO - Processing /home/airflow/.local/lib/python3.8/site-packages/airflow/example_dags/example_dag_decorator.py took 0.148 seconds
[2026-05-26T18:47:55.879+0000] {processor.py:161} INFO - Started process (PID=4394) to work on /home/airflow/.local/lib/python3.8/site-packages/airflow/example_dags/example_dag_decorator.py
[2026-05-26T18:47:55.880+0000] {processor.py:830} INFO - Processing file /home/airflow/.local/lib/python3.8/site-packages/airflow/example_dags/example_dag_decorator.py for tasks to queue
[2026-05-26T18:47:55.882+0000] {logging_mixin.py:188} INFO - [2026-05-26T18:47:55.882+0000] {dagbag.py:540} INFO - Filling up the DagBag from /home/airflow/.local/lib/python3.8/site-packages/airflow/example_dags/example_dag_decorator.py
[2026-05-26T18:47:56.028+0000] {processor.py:840} INFO - DAG(s) 'example_dag_decorator' retrieved from /home/airflow/.local/lib/python3.8/site-packages/airflow/example_dags/example_dag_decorator.py
[2026-05-26T18:47:56.066+0000] {logging_mixin.py:188} INFO - [2026-05-26T18:47:56.066+0000] {dag.py:3047} INFO - Sync 1 DAGs
[2026-05-26T18:47:56.082+0000] {logging_mixin.py:188} INFO - [2026-05-26T18:47:56.082+0000] {dag.py:3834} INFO - Setting next_dagrun for example_dag_decorator to None, run_after=None
[2026-05-26T18:47:56.109+0000] {processor.py:183} INFO - Processing /home/airflow/.local/lib/python3.8/site-packages/airflow/example_dags/example_dag_decorator.py took 0.233 seconds
[2026-05-26T18:48:26.682+0000] {processor.py:161} INFO - Started process (PID=4449) to work on /home/airflow/.local/lib/python3.8/site-packages/airflow/example_dags/example_dag_decorator.py
[2026-05-26T18:48:26.684+0000] {processor.py:830} INFO - Processing file /home/airflow/.local/lib/python3.8/site-packages/airflow/example_dags/example_dag_decorator.py for tasks to queue
[2026-05-26T18:48:26.685+0000] {logging_mixin.py:188} INFO - [2026-05-26T18:48:26.685+0000] {dagbag.py:540} INFO - Filling up the DagBag from /home/airflow/.local/lib/python3.8/site-packages/airflow/example_dags/example_dag_decorator.py
[2026-05-26T18:48:26.757+0000] {processor.py:840} INFO - DAG(s) 'example_dag_decorator' retrieved from /home/airflow/.local/lib/python3.8/site-packages/airflow/example_dags/example_dag_decorator.py
[2026-05-26T18:48:26.842+0000] {logging_mixin.py:188} INFO - [2026-05-26T18:48:26.842+0000] {dag.py:3047} INFO - Sync 1 DAGs
[2026-05-26T18:48:26.851+0000] {logging_mixin.py:188} INFO - [2026-05-26T18:48:26.851+0000] {dag.py:3834} INFO - Setting next_dagrun for example_dag_decorator to None, run_after=None
[2026-05-26T18:48:26.884+0000] {processor.py:183} INFO - Processing /home/airflow/.local/lib/python3.8/site-packages/airflow/example_dags/example_dag_decorator.py took 0.205 seconds
[2026-05-26T18:48:57.213+0000] {processor.py:161} INFO - Started process (PID=4504) to work on /home/airflow/.local/lib/python3.8/site-packages/airflow/example_dags/example_dag_decorator.py
[2026-05-26T18:48:57.216+0000] {processor.py:830} INFO - Processing file /home/airflow/.local/lib/python3.8/site-packages/airflow/example_dags/example_dag_decorator.py for tasks to queue
[2026-05-26T18:48:57.222+0000] {logging_mixin.py:188} INFO - [2026-05-26T18:48:57.222+0000] {dagbag.py:540} INFO - Filling up the DagBag from /home/airflow/.local/lib/python3.8/site-packages/airflow/example_dags/example_dag_decorator.py
[2026-05-26T18:48:57.345+0000] {processor.py:840} INFO - DAG(s) 'example_dag_decorator' retrieved from /home/airflow/.local/lib/python3.8/site-packages/airflow/example_dags/example_dag_decorator.py
[2026-05-26T18:48:57.461+0000] {logging_mixin.py:188} INFO - [2026-05-26T18:48:57.461+0000] {dag.py:3047} INFO - Sync 1 DAGs
[2026-05-26T18:48:57.476+0000] {logging_mixin.py:188} INFO - [2026-05-26T18:48:57.476+0000] {dag.py:3834} INFO - Setting next_dagrun for example_dag_decorator to None, run_after=None
[2026-05-26T18:48:57.508+0000] {processor.py:183} INFO - Processing /home/airflow/.local/lib/python3.8/site-packages/airflow/example_dags/example_dag_decorator.py took 0.299 seconds
[2026-05-26T18:49:27.777+0000] {processor.py:161} INFO - Started process (PID=4559) to work on /home/airflow/.local/lib/python3.8/site-packages/airflow/example_dags/example_dag_decorator.py
[2026-05-26T18:49:27.779+0000] {processor.py:830} INFO - Processing file /home/airflow/.local/lib/python3.8/site-packages/airflow/example_dags/example_dag_decorator.py for tasks to queue
[2026-05-26T18:49:27.785+0000] {logging_mixin.py:188} INFO - [2026-05-26T18:49:27.784+0000] {dagbag.py:540} INFO - Filling up the DagBag from /home/airflow/.local/lib/python3.8/site-packages/airflow/example_dags/example_dag_decorator.py
[2026-05-26T18:49:27.887+0000] {processor.py:840} INFO - DAG(s) 'example_dag_decorator' retrieved from /home/airflow/.local/lib/python3.8/site-packages/airflow/example_dags/example_dag_decorator.py
[2026-05-26T18:49:28.006+0000] {logging_mixin.py:188} INFO - [2026-05-26T18:49:28.005+0000] {dag.py:3047} INFO - Sync 1 DAGs
[2026-05-26T18:49:28.017+0000] {logging_mixin.py:188} INFO - [2026-05-26T18:49:28.017+0000] {dag.py:3834} INFO - Setting next_dagrun for example_dag_decorator to None, run_after=None
[2026-05-26T18:49:28.049+0000] {processor.py:183} INFO - Processing /home/airflow/.local/lib/python3.8/site-packages/airflow/example_dags/example_dag_decorator.py took 0.276 seconds
[2026-05-26T18:49:58.667+0000] {processor.py:161} INFO - Started process (PID=4614) to work on /home/airflow/.local/lib/python3.8/site-packages/airflow/example_dags/example_dag_decorator.py
[2026-05-26T18:49:58.669+0000] {processor.py:830} INFO - Processing file /home/airflow/.local/lib/python3.8/site-packages/airflow/example_dags/example_dag_decorator.py for tasks to queue
[2026-05-26T18:49:58.672+0000] {logging_mixin.py:188} INFO - [2026-05-26T18:49:58.671+0000] {dagbag.py:540} INFO - Filling up the DagBag from /home/airflow/.local/lib/python3.8/site-packages/airflow/example_dags/example_dag_decorator.py
[2026-05-26T18:49:58.767+0000] {processor.py:840} INFO - DAG(s) 'example_dag_decorator' retrieved from /home/airflow/.local/lib/python3.8/site-packages/airflow/example_dags/example_dag_decorator.py
[2026-05-26T18:49:58.806+0000] {logging_mixin.py:188} INFO - [2026-05-26T18:49:58.805+0000] {dag.py:3047} INFO - Sync 1 DAGs
[2026-05-26T18:49:58.818+0000] {logging_mixin.py:188} INFO - [2026-05-26T18:49:58.818+0000] {dag.py:3834} INFO - Setting next_dagrun for example_dag_decorator to None, run_after=None
[2026-05-26T18:49:58.841+0000] {processor.py:183} INFO - Processing /home/airflow/.local/lib/python3.8/site-packages/airflow/example_dags/example_dag_decorator.py took 0.178 seconds
[2026-05-26T18:50:28.910+0000] {processor.py:161} INFO - Started process (PID=4669) to work on /home/airflow/.local/lib/python3.8/site-packages/airflow/example_dags/example_dag_decorator.py
[2026-05-26T18:50:28.911+0000] {processor.py:830} INFO - Processing file /home/airflow/.local/lib/python3.8/site-packages/airflow/example_dags/example_dag_decorator.py for tasks to queue
[2026-05-26T18:50:28.914+0000] {logging_mixin.py:188} INFO - [2026-05-26T18:50:28.913+0000] {dagbag.py:540} INFO - Filling up the DagBag from /home/airflow/.local/lib/python3.8/site-packages/airflow/example_dags/example_dag_decorator.py
[2026-05-26T18:50:28.992+0000] {processor.py:840} INFO - DAG(s) 'example_dag_decorator' retrieved from /home/airflow/.local/lib/python3.8/site-packages/airflow/example_dags/example_dag_decorator.py
[2026-05-26T18:50:29.090+0000] {logging_mixin.py:188} INFO - [2026-05-26T18:50:29.090+0000] {dag.py:3047} INFO - Sync 1 DAGs
[2026-05-26T18:50:29.106+0000] {logging_mixin.py:188} INFO - [2026-05-26T18:50:29.106+0000] {dag.py:3834} INFO - Setting next_dagrun for example_dag_decorator to None, run_after=None
[2026-05-26T18:50:29.133+0000] {processor.py:183} INFO - Processing /home/airflow/.local/lib/python3.8/site-packages/airflow/example_dags/example_dag_decorator.py took 0.226 seconds
[2026-05-26T18:50:59.214+0000] {processor.py:161} INFO - Started process (PID=4724) to work on /home/airflow/.local/lib/python3.8/site-packages/airflow/example_dags/example_dag_decorator.py
[2026-05-26T18:50:59.216+0000] {processor.py:830} INFO - Processing file /home/airflow/.local/lib/python3.8/site-packages/airflow/example_dags/example_dag_decorator.py for tasks to queue
[2026-05-26T18:50:59.218+0000] {logging_mixin.py:188} INFO - [2026-05-26T18:50:59.217+0000] {dagbag.py:540} INFO - Filling up the DagBag from /home/airflow/.local/lib/python3.8/site-packages/airflow/example_dags/example_dag_decorator.py
[2026-05-26T18:50:59.287+0000] {processor.py:840} INFO - DAG(s) 'example_dag_decorator' retrieved from /home/airflow/.local/lib/python3.8/site-packages/airflow/example_dags/example_dag_decorator.py
[2026-05-26T18:50:59.379+0000] {logging_mixin.py:188} INFO - [2026-05-26T18:50:59.379+0000] {dag.py:3047} INFO - Sync 1 DAGs
[2026-05-26T18:50:59.390+0000] {logging_mixin.py:188} INFO - [2026-05-26T18:50:59.390+0000] {dag.py:3834} INFO - Setting next_dagrun for example_dag_decorator to None, run_after=None
[2026-05-26T18:50:59.411+0000] {processor.py:183} INFO - Processing /home/airflow/.local/lib/python3.8/site-packages/airflow/example_dags/example_dag_decorator.py took 0.200 seconds
[2026-05-26T18:51:29.736+0000] {processor.py:161} INFO - Started process (PID=4779) to work on /home/airflow/.local/lib/python3.8/site-packages/airflow/example_dags/example_dag_decorator.py
[2026-05-26T18:51:29.738+0000] {processor.py:830} INFO - Processing file /home/airflow/.local/lib/python3.8/site-packages/airflow/example_dags/example_dag_decorator.py for tasks to queue
[2026-05-26T18:51:29.740+0000] {logging_mixin.py:188} INFO - [2026-05-26T18:51:29.740+0000] {dagbag.py:540} INFO - Filling up the DagBag from /home/airflow/.local/lib/python3.8/site-packages/airflow/example_dags/example_dag_decorator.py
[2026-05-26T18:51:29.848+0000] {processor.py:840} INFO - DAG(s) 'example_dag_decorator' retrieved from /home/airflow/.local/lib/python3.8/site-packages/airflow/example_dags/example_dag_decorator.py
[2026-05-26T18:51:29.959+0000] {logging_mixin.py:188} INFO - [2026-05-26T18:51:29.959+0000] {dag.py:3047} INFO - Sync 1 DAGs
[2026-05-26T18:51:29.972+0000] {logging_mixin.py:188} INFO - [2026-05-26T18:51:29.972+0000] {dag.py:3834} INFO - Setting next_dagrun for example_dag_decorator to None, run_after=None
[2026-05-26T18:51:30.005+0000] {processor.py:183} INFO - Processing /home/airflow/.local/lib/python3.8/site-packages/airflow/example_dags/example_dag_decorator.py took 0.273 seconds
[2026-05-26T18:52:00.134+0000] {processor.py:161} INFO - Started process (PID=4832) to work on /home/airflow/.local/lib/python3.8/site-packages/airflow/example_dags/example_dag_decorator.py
[2026-05-26T18:52:00.136+0000] {processor.py:830} INFO - Processing file /home/airflow/.local/lib/python3.8/site-packages/airflow/example_dags/example_dag_decorator.py for tasks to queue
[2026-05-26T18:52:00.138+0000] {logging_mixin.py:188} INFO - [2026-05-26T18:52:00.138+0000] {dagbag.py:540} INFO - Filling up the DagBag from /home/airflow/.local/lib/python3.8/site-packages/airflow/example_dags/example_dag_decorator.py
[2026-05-26T18:52:00.248+0000] {processor.py:840} INFO - DAG(s) 'example_dag_decorator' retrieved from /home/airflow/.local/lib/python3.8/site-packages/airflow/example_dags/example_dag_decorator.py
[2026-05-26T18:52:00.368+0000] {logging_mixin.py:188} INFO - [2026-05-26T18:52:00.368+0000] {dag.py:3047} INFO - Sync 1 DAGs
[2026-05-26T18:52:00.385+0000] {logging_mixin.py:188} INFO - [2026-05-26T18:52:00.383+0000] {dag.py:3834} INFO - Setting next_dagrun for example_dag_decorator to None, run_after=None
[2026-05-26T18:52:00.428+0000] {processor.py:183} INFO - Processing /home/airflow/.local/lib/python3.8/site-packages/airflow/example_dags/example_dag_decorator.py took 0.297 seconds
[2026-05-26T18:52:30.486+0000] {processor.py:161} INFO - Started process (PID=4887) to work on /home/airflow/.local/lib/python3.8/site-packages/airflow/example_dags/example_dag_decorator.py
[2026-05-26T18:52:30.487+0000] {processor.py:830} INFO - Processing file /home/airflow/.local/lib/python3.8/site-packages/airflow/example_dags/example_dag_decorator.py for tasks to queue
[2026-05-26T18:52:30.490+0000] {logging_mixin.py:188} INFO - [2026-05-26T18:52:30.490+0000] {dagbag.py:540} INFO - Filling up the DagBag from /home/airflow/.local/lib/python3.8/site-packages/airflow/example_dags/example_dag_decorator.py
[2026-05-26T18:52:30.570+0000] {processor.py:840} INFO - DAG(s) 'example_dag_decorator' retrieved from /home/airflow/.local/lib/python3.8/site-packages/airflow/example_dags/example_dag_decorator.py
[2026-05-26T18:52:30.593+0000] {logging_mixin.py:188} INFO - [2026-05-26T18:52:30.593+0000] {dag.py:3047} INFO - Sync 1 DAGs
[2026-05-26T18:52:30.604+0000] {logging_mixin.py:188} INFO - [2026-05-26T18:52:30.604+0000] {dag.py:3834} INFO - Setting next_dagrun for example_dag_decorator to None, run_after=None
[2026-05-26T18:52:30.621+0000] {processor.py:183} INFO - Processing /home/airflow/.local/lib/python3.8/site-packages/airflow/example_dags/example_dag_decorator.py took 0.139 seconds
[2026-05-26T18:53:00.663+0000] {processor.py:161} INFO - Started process (PID=4942) to work on /home/airflow/.local/lib/python3.8/site-packages/airflow/example_dags/example_dag_decorator.py
[2026-05-26T18:53:00.666+0000] {processor.py:830} INFO - Processing file /home/airflow/.local/lib/python3.8/site-packages/airflow/example_dags/example_dag_decorator.py for tasks to queue
[2026-05-26T18:53:00.669+0000] {logging_mixin.py:188} INFO - [2026-05-26T18:53:00.668+0000] {dagbag.py:540} INFO - Filling up the DagBag from /home/airflow/.local/lib/python3.8/site-packages/airflow/example_dags/example_dag_decorator.py
[2026-05-26T18:53:00.763+0000] {processor.py:840} INFO - DAG(s) 'example_dag_decorator' retrieved from /home/airflow/.local/lib/python3.8/site-packages/airflow/example_dags/example_dag_decorator.py
[2026-05-26T18:53:00.875+0000] {logging_mixin.py:188} INFO - [2026-05-26T18:53:00.874+0000] {dag.py:3047} INFO - Sync 1 DAGs
[2026-05-26T18:53:00.886+0000] {logging_mixin.py:188} INFO - [2026-05-26T18:53:00.886+0000] {dag.py:3834} INFO - Setting next_dagrun for example_dag_decorator to None, run_after=None
[2026-05-26T18:53:00.909+0000] {processor.py:183} INFO - Processing /home/airflow/.local/lib/python3.8/site-packages/airflow/example_dags/example_dag_decorator.py took 0.249 seconds
[2026-05-26T18:53:30.971+0000] {processor.py:161} INFO - Started process (PID=4999) to work on /home/airflow/.local/lib/python3.8/site-packages/airflow/example_dags/example_dag_decorator.py
[2026-05-26T18:53:30.973+0000] {processor.py:830} INFO - Processing file /home/airflow/.local/lib/python3.8/site-packages/airflow/example_dags/example_dag_decorator.py for tasks to queue
[2026-05-26T18:53:30.974+0000] {logging_mixin.py:188} INFO - [2026-05-26T18:53:30.974+0000] {dagbag.py:540} INFO - Filling up the DagBag from /home/airflow/.local/lib/python3.8/site-packages/airflow/example_dags/example_dag_decorator.py
[2026-05-26T18:53:31.063+0000] {processor.py:840} INFO - DAG(s) 'example_dag_decorator' retrieved from /home/airflow/.local/lib/python3.8/site-packages/airflow/example_dags/example_dag_decorator.py
[2026-05-26T18:53:31.157+0000] {logging_mixin.py:188} INFO - [2026-05-26T18:53:31.157+0000] {dag.py:3047} INFO - Sync 1 DAGs
[2026-05-26T18:53:31.166+0000] {logging_mixin.py:188} INFO - [2026-05-26T18:53:31.165+0000] {dag.py:3834} INFO - Setting next_dagrun for example_dag_decorator to None, run_after=None
[2026-05-26T18:53:31.183+0000] {processor.py:183} INFO - Processing /home/airflow/.local/lib/python3.8/site-packages/airflow/example_dags/example_dag_decorator.py took 0.215 seconds
[2026-05-26T18:54:01.315+0000] {processor.py:161} INFO - Started process (PID=5056) to work on /home/airflow/.local/lib/python3.8/site-packages/airflow/example_dags/example_dag_decorator.py
[2026-05-26T18:54:01.316+0000] {processor.py:830} INFO - Processing file /home/airflow/.local/lib/python3.8/site-packages/airflow/example_dags/example_dag_decorator.py for tasks to queue
[2026-05-26T18:54:01.318+0000] {logging_mixin.py:188} INFO - [2026-05-26T18:54:01.318+0000] {dagbag.py:540} INFO - Filling up the DagBag from /home/airflow/.local/lib/python3.8/site-packages/airflow/example_dags/example_dag_decorator.py
[2026-05-26T18:54:01.378+0000] {processor.py:840} INFO - DAG(s) 'example_dag_decorator' retrieved from /home/airflow/.local/lib/python3.8/site-packages/airflow/example_dags/example_dag_decorator.py
[2026-05-26T18:54:01.453+0000] {logging_mixin.py:188} INFO - [2026-05-26T18:54:01.453+0000] {dag.py:3047} INFO - Sync 1 DAGs
[2026-05-26T18:54:01.462+0000] {logging_mixin.py:188} INFO - [2026-05-26T18:54:01.461+0000] {dag.py:3834} INFO - Setting next_dagrun for example_dag_decorator to None, run_after=None
[2026-05-26T18:54:01.480+0000] {processor.py:183} INFO - Processing /home/airflow/.local/lib/python3.8/site-packages/airflow/example_dags/example_dag_decorator.py took 0.167 seconds
[2026-05-26T18:54:31.535+0000] {processor.py:161} INFO - Started process (PID=5110) to work on /home/airflow/.local/lib/python3.8/site-packages/airflow/example_dags/example_dag_decorator.py
[2026-05-26T18:54:31.537+0000] {processor.py:830} INFO - Processing file /home/airflow/.local/lib/python3.8/site-packages/airflow/example_dags/example_dag_decorator.py for tasks to queue
[2026-05-26T18:54:31.539+0000] {logging_mixin.py:188} INFO - [2026-05-26T18:54:31.539+0000] {dagbag.py:540} INFO - Filling up the DagBag from /home/airflow/.local/lib/python3.8/site-packages/airflow/example_dags/example_dag_decorator.py
[2026-05-26T18:54:31.610+0000] {processor.py:840} INFO - DAG(s) 'example_dag_decorator' retrieved from /home/airflow/.local/lib/python3.8/site-packages/airflow/example_dags/example_dag_decorator.py
[2026-05-26T18:54:31.681+0000] {logging_mixin.py:188} INFO - [2026-05-26T18:54:31.681+0000] {dag.py:3047} INFO - Sync 1 DAGs
[2026-05-26T18:54:31.689+0000] {logging_mixin.py:188} INFO - [2026-05-26T18:54:31.689+0000] {dag.py:3834} INFO - Setting next_dagrun for example_dag_decorator to None, run_after=None
[2026-05-26T18:54:31.706+0000] {processor.py:183} INFO - Processing /home/airflow/.local/lib/python3.8/site-packages/airflow/example_dags/example_dag_decorator.py took 0.174 seconds
[2026-05-26T18:55:02.176+0000] {processor.py:161} INFO - Started process (PID=5162) to work on /home/airflow/.local/lib/python3.8/site-packages/airflow/example_dags/example_dag_decorator.py
[2026-05-26T18:55:02.178+0000] {processor.py:830} INFO - Processing file /home/airflow/.local/lib/python3.8/site-packages/airflow/example_dags/example_dag_decorator.py for tasks to queue
[2026-05-26T18:55:02.179+0000] {logging_mixin.py:188} INFO - [2026-05-26T18:55:02.179+0000] {dagbag.py:540} INFO - Filling up the DagBag from /home/airflow/.local/lib/python3.8/site-packages/airflow/example_dags/example_dag_decorator.py
[2026-05-26T18:55:02.251+0000] {processor.py:840} INFO - DAG(s) 'example_dag_decorator' retrieved from /home/airflow/.local/lib/python3.8/site-packages/airflow/example_dags/example_dag_decorator.py
[2026-05-26T18:55:02.337+0000] {logging_mixin.py:188} INFO - [2026-05-26T18:55:02.337+0000] {dag.py:3047} INFO - Sync 1 DAGs
[2026-05-26T18:55:02.345+0000] {logging_mixin.py:188} INFO - [2026-05-26T18:55:02.345+0000] {dag.py:3834} INFO - Setting next_dagrun for example_dag_decorator to None, run_after=None
[2026-05-26T18:55:02.370+0000] {processor.py:183} INFO - Processing /home/airflow/.local/lib/python3.8/site-packages/airflow/example_dags/example_dag_decorator.py took 0.197 seconds
[2026-05-26T18:55:32.801+0000] {processor.py:161} INFO - Started process (PID=5218) to work on /home/airflow/.local/lib/python3.8/site-packages/airflow/example_dags/example_dag_decorator.py
[2026-05-26T18:55:32.812+0000] {processor.py:830} INFO - Processing file /home/airflow/.local/lib/python3.8/site-packages/airflow/example_dags/example_dag_decorator.py for tasks to queue
[2026-05-26T18:55:32.828+0000] {logging_mixin.py:188} INFO - [2026-05-26T18:55:32.824+0000] {dagbag.py:540} INFO - Filling up the DagBag from /home/airflow/.local/lib/python3.8/site-packages/airflow/example_dags/example_dag_decorator.py
[2026-05-26T18:55:33.006+0000] {processor.py:840} INFO - DAG(s) 'example_dag_decorator' retrieved from /home/airflow/.local/lib/python3.8/site-packages/airflow/example_dags/example_dag_decorator.py
[2026-05-26T18:55:33.114+0000] {logging_mixin.py:188} INFO - [2026-05-26T18:55:33.112+0000] {dag.py:3047} INFO - Sync 1 DAGs
[2026-05-26T18:55:33.125+0000] {logging_mixin.py:188} INFO - [2026-05-26T18:55:33.125+0000] {dag.py:3834} INFO - Setting next_dagrun for example_dag_decorator to None, run_after=None
[2026-05-26T18:55:33.150+0000] {processor.py:183} INFO - Processing /home/airflow/.local/lib/python3.8/site-packages/airflow/example_dags/example_dag_decorator.py took 0.367 seconds
[2026-05-26T18:56:03.702+0000] {processor.py:161} INFO - Started process (PID=5273) to work on /home/airflow/.local/lib/python3.8/site-packages/airflow/example_dags/example_dag_decorator.py
[2026-05-26T18:56:03.704+0000] {processor.py:830} INFO - Processing file /home/airflow/.local/lib/python3.8/site-packages/airflow/example_dags/example_dag_decorator.py for tasks to queue
[2026-05-26T18:56:03.706+0000] {logging_mixin.py:188} INFO - [2026-05-26T18:56:03.705+0000] {dagbag.py:540} INFO - Filling up the DagBag from /home/airflow/.local/lib/python3.8/site-packages/airflow/example_dags/example_dag_decorator.py
[2026-05-26T18:56:03.783+0000] {processor.py:840} INFO - DAG(s) 'example_dag_decorator' retrieved from /home/airflow/.local/lib/python3.8/site-packages/airflow/example_dags/example_dag_decorator.py
[2026-05-26T18:56:03.860+0000] {logging_mixin.py:188} INFO - [2026-05-26T18:56:03.860+0000] {dag.py:3047} INFO - Sync 1 DAGs
[2026-05-26T18:56:03.872+0000] {logging_mixin.py:188} INFO - [2026-05-26T18:56:03.872+0000] {dag.py:3834} INFO - Setting next_dagrun for example_dag_decorator to None, run_after=None
[2026-05-26T18:56:03.886+0000] {processor.py:183} INFO - Processing /home/airflow/.local/lib/python3.8/site-packages/airflow/example_dags/example_dag_decorator.py took 0.187 seconds
[2026-05-26T18:56:34.266+0000] {processor.py:161} INFO - Started process (PID=5328) to work on /home/airflow/.local/lib/python3.8/site-packages/airflow/example_dags/example_dag_decorator.py
[2026-05-26T18:56:34.267+0000] {processor.py:830} INFO - Processing file /home/airflow/.local/lib/python3.8/site-packages/airflow/example_dags/example_dag_decorator.py for tasks to queue
[2026-05-26T18:56:34.269+0000] {logging_mixin.py:188} INFO - [2026-05-26T18:56:34.269+0000] {dagbag.py:540} INFO - Filling up the DagBag from /home/airflow/.local/lib/python3.8/site-packages/airflow/example_dags/example_dag_decorator.py
[2026-05-26T18:56:34.342+0000] {processor.py:840} INFO - DAG(s) 'example_dag_decorator' retrieved from /home/airflow/.local/lib/python3.8/site-packages/airflow/example_dags/example_dag_decorator.py
[2026-05-26T18:56:34.419+0000] {logging_mixin.py:188} INFO - [2026-05-26T18:56:34.419+0000] {dag.py:3047} INFO - Sync 1 DAGs
[2026-05-26T18:56:34.428+0000] {logging_mixin.py:188} INFO - [2026-05-26T18:56:34.428+0000] {dag.py:3834} INFO - Setting next_dagrun for example_dag_decorator to None, run_after=None
[2026-05-26T18:56:34.444+0000] {processor.py:183} INFO - Processing /home/airflow/.local/lib/python3.8/site-packages/airflow/example_dags/example_dag_decorator.py took 0.182 seconds
[2026-05-26T18:57:04.985+0000] {processor.py:161} INFO - Started process (PID=5383) to work on /home/airflow/.local/lib/python3.8/site-packages/airflow/example_dags/example_dag_decorator.py
[2026-05-26T18:57:04.986+0000] {processor.py:830} INFO - Processing file /home/airflow/.local/lib/python3.8/site-packages/airflow/example_dags/example_dag_decorator.py for tasks to queue
[2026-05-26T18:57:04.988+0000] {logging_mixin.py:188} INFO - [2026-05-26T18:57:04.988+0000] {dagbag.py:540} INFO - Filling up the DagBag from /home/airflow/.local/lib/python3.8/site-packages/airflow/example_dags/example_dag_decorator.py
[2026-05-26T18:57:05.077+0000] {processor.py:840} INFO - DAG(s) 'example_dag_decorator' retrieved from /home/airflow/.local/lib/python3.8/site-packages/airflow/example_dags/example_dag_decorator.py
[2026-05-26T18:57:05.161+0000] {logging_mixin.py:188} INFO - [2026-05-26T18:57:05.161+0000] {dag.py:3047} INFO - Sync 1 DAGs
[2026-05-26T18:57:05.176+0000] {logging_mixin.py:188} INFO - [2026-05-26T18:57:05.175+0000] {dag.py:3834} INFO - Setting next_dagrun for example_dag_decorator to None, run_after=None
[2026-05-26T18:57:05.191+0000] {processor.py:183} INFO - Processing /home/airflow/.local/lib/python3.8/site-packages/airflow/example_dags/example_dag_decorator.py took 0.210 seconds
[2026-05-26T18:57:35.495+0000] {processor.py:161} INFO - Started process (PID=5438) to work on /home/airflow/.local/lib/python3.8/site-packages/airflow/example_dags/example_dag_decorator.py
[2026-05-26T18:57:35.497+0000] {processor.py:830} INFO - Processing file /home/airflow/.local/lib/python3.8/site-packages/airflow/example_dags/example_dag_decorator.py for tasks to queue
[2026-05-26T18:57:35.498+0000] {logging_mixin.py:188} INFO - [2026-05-26T18:57:35.498+0000] {dagbag.py:540} INFO - Filling up the DagBag from /home/airflow/.local/lib/python3.8/site-packages/airflow/example_dags/example_dag_decorator.py
[2026-05-26T18:57:35.573+0000] {processor.py:840} INFO - DAG(s) 'example_dag_decorator' retrieved from /home/airflow/.local/lib/python3.8/site-packages/airflow/example_dags/example_dag_decorator.py
[2026-05-26T18:57:35.645+0000] {logging_mixin.py:188} INFO - [2026-05-26T18:57:35.645+0000] {dag.py:3047} INFO - Sync 1 DAGs
[2026-05-26T18:57:35.655+0000] {logging_mixin.py:188} INFO - [2026-05-26T18:57:35.655+0000] {dag.py:3834} INFO - Setting next_dagrun for example_dag_decorator to None, run_after=None
[2026-05-26T18:57:35.670+0000] {processor.py:183} INFO - Processing /home/airflow/.local/lib/python3.8/site-packages/airflow/example_dags/example_dag_decorator.py took 0.177 seconds
[2026-05-26T18:58:06.119+0000] {processor.py:161} INFO - Started process (PID=5493) to work on /home/airflow/.local/lib/python3.8/site-packages/airflow/example_dags/example_dag_decorator.py
[2026-05-26T18:58:06.120+0000] {processor.py:830} INFO - Processing file /home/airflow/.local/lib/python3.8/site-packages/airflow/example_dags/example_dag_decorator.py for tasks to queue
[2026-05-26T18:58:06.122+0000] {logging_mixin.py:188} INFO - [2026-05-26T18:58:06.122+0000] {dagbag.py:540} INFO - Filling up the DagBag from /home/airflow/.local/lib/python3.8/site-packages/airflow/example_dags/example_dag_decorator.py
[2026-05-26T18:58:06.197+0000] {processor.py:840} INFO - DAG(s) 'example_dag_decorator' retrieved from /home/airflow/.local/lib/python3.8/site-packages/airflow/example_dags/example_dag_decorator.py
[2026-05-26T18:58:06.295+0000] {logging_mixin.py:188} INFO - [2026-05-26T18:58:06.295+0000] {dag.py:3047} INFO - Sync 1 DAGs
[2026-05-26T18:58:06.306+0000] {logging_mixin.py:188} INFO - [2026-05-26T18:58:06.306+0000] {dag.py:3834} INFO - Setting next_dagrun for example_dag_decorator to None, run_after=None
[2026-05-26T18:58:06.328+0000] {processor.py:183} INFO - Processing /home/airflow/.local/lib/python3.8/site-packages/airflow/example_dags/example_dag_decorator.py took 0.212 seconds
[2026-05-26T18:58:36.527+0000] {processor.py:161} INFO - Started process (PID=5548) to work on /home/airflow/.local/lib/python3.8/site-packages/airflow/example_dags/example_dag_decorator.py
[2026-05-26T18:58:36.529+0000] {processor.py:830} INFO - Processing file /home/airflow/.local/lib/python3.8/site-packages/airflow/example_dags/example_dag_decorator.py for tasks to queue
[2026-05-26T18:58:36.531+0000] {logging_mixin.py:188} INFO - [2026-05-26T18:58:36.530+0000] {dagbag.py:540} INFO - Filling up the DagBag from /home/airflow/.local/lib/python3.8/site-packages/airflow/example_dags/example_dag_decorator.py
[2026-05-26T18:58:36.632+0000] {processor.py:840} INFO - DAG(s) 'example_dag_decorator' retrieved from /home/airflow/.local/lib/python3.8/site-packages/airflow/example_dags/example_dag_decorator.py
[2026-05-26T18:58:36.723+0000] {logging_mixin.py:188} INFO - [2026-05-26T18:58:36.723+0000] {dag.py:3047} INFO - Sync 1 DAGs
[2026-05-26T18:58:36.732+0000] {logging_mixin.py:188} INFO - [2026-05-26T18:58:36.732+0000] {dag.py:3834} INFO - Setting next_dagrun for example_dag_decorator to None, run_after=None
[2026-05-26T18:58:36.749+0000] {processor.py:183} INFO - Processing /home/airflow/.local/lib/python3.8/site-packages/airflow/example_dags/example_dag_decorator.py took 0.227 seconds
[2026-05-26T18:59:07.294+0000] {processor.py:161} INFO - Started process (PID=5603) to work on /home/airflow/.local/lib/python3.8/site-packages/airflow/example_dags/example_dag_decorator.py
[2026-05-26T18:59:07.295+0000] {processor.py:830} INFO - Processing file /home/airflow/.local/lib/python3.8/site-packages/airflow/example_dags/example_dag_decorator.py for tasks to queue
[2026-05-26T18:59:07.297+0000] {logging_mixin.py:188} INFO - [2026-05-26T18:59:07.296+0000] {dagbag.py:540} INFO - Filling up the DagBag from /home/airflow/.local/lib/python3.8/site-packages/airflow/example_dags/example_dag_decorator.py
[2026-05-26T18:59:07.392+0000] {processor.py:840} INFO - DAG(s) 'example_dag_decorator' retrieved from /home/airflow/.local/lib/python3.8/site-packages/airflow/example_dags/example_dag_decorator.py
[2026-05-26T18:59:07.480+0000] {logging_mixin.py:188} INFO - [2026-05-26T18:59:07.480+0000] {dag.py:3047} INFO - Sync 1 DAGs
[2026-05-26T18:59:07.491+0000] {logging_mixin.py:188} INFO - [2026-05-26T18:59:07.491+0000] {dag.py:3834} INFO - Setting next_dagrun for example_dag_decorator to None, run_after=None
[2026-05-26T18:59:07.509+0000] {processor.py:183} INFO - Processing /home/airflow/.local/lib/python3.8/site-packages/airflow/example_dags/example_dag_decorator.py took 0.218 seconds
[2026-05-26T18:59:37.970+0000] {processor.py:161} INFO - Started process (PID=5658) to work on /home/airflow/.local/lib/python3.8/site-packages/airflow/example_dags/example_dag_decorator.py
[2026-05-26T18:59:37.971+0000] {processor.py:830} INFO - Processing file /home/airflow/.local/lib/python3.8/site-packages/airflow/example_dags/example_dag_decorator.py for tasks to queue
[2026-05-26T18:59:37.973+0000] {logging_mixin.py:188} INFO - [2026-05-26T18:59:37.973+0000] {dagbag.py:540} INFO - Filling up the DagBag from /home/airflow/.local/lib/python3.8/site-packages/airflow/example_dags/example_dag_decorator.py
[2026-05-26T18:59:38.040+0000] {processor.py:840} INFO - DAG(s) 'example_dag_decorator' retrieved from /home/airflow/.local/lib/python3.8/site-packages/airflow/example_dags/example_dag_decorator.py
[2026-05-26T18:59:38.059+0000] {logging_mixin.py:188} INFO - [2026-05-26T18:59:38.059+0000] {dag.py:3047} INFO - Sync 1 DAGs
[2026-05-26T18:59:38.072+0000] {logging_mixin.py:188} INFO - [2026-05-26T18:59:38.072+0000] {dag.py:3834} INFO - Setting next_dagrun for example_dag_decorator to None, run_after=None
[2026-05-26T18:59:38.087+0000] {processor.py:183} INFO - Processing /home/airflow/.local/lib/python3.8/site-packages/airflow/example_dags/example_dag_decorator.py took 0.120 seconds
[2026-05-26T19:00:08.475+0000] {processor.py:161} INFO - Started process (PID=5714) to work on /home/airflow/.local/lib/python3.8/site-packages/airflow/example_dags/example_dag_decorator.py
[2026-05-26T19:00:08.477+0000] {processor.py:830} INFO - Processing file /home/airflow/.local/lib/python3.8/site-packages/airflow/example_dags/example_dag_decorator.py for tasks to queue
[2026-05-26T19:00:08.479+0000] {logging_mixin.py:188} INFO - [2026-05-26T19:00:08.478+0000] {dagbag.py:540} INFO - Filling up the DagBag from /home/airflow/.local/lib/python3.8/site-packages/airflow/example_dags/example_dag_decorator.py
[2026-05-26T19:00:08.550+0000] {processor.py:840} INFO - DAG(s) 'example_dag_decorator' retrieved from /home/airflow/.local/lib/python3.8/site-packages/airflow/example_dags/example_dag_decorator.py
[2026-05-26T19:00:08.626+0000] {logging_mixin.py:188} INFO - [2026-05-26T19:00:08.626+0000] {dag.py:3047} INFO - Sync 1 DAGs
[2026-05-26T19:00:08.635+0000] {logging_mixin.py:188} INFO - [2026-05-26T19:00:08.634+0000] {dag.py:3834} INFO - Setting next_dagrun for example_dag_decorator to None, run_after=None
[2026-05-26T19:00:08.658+0000] {processor.py:183} INFO - Processing /home/airflow/.local/lib/python3.8/site-packages/airflow/example_dags/example_dag_decorator.py took 0.186 seconds
[2026-05-26T19:00:39.011+0000] {processor.py:161} INFO - Started process (PID=5769) to work on /home/airflow/.local/lib/python3.8/site-packages/airflow/example_dags/example_dag_decorator.py
[2026-05-26T19:00:39.012+0000] {processor.py:830} INFO - Processing file /home/airflow/.local/lib/python3.8/site-packages/airflow/example_dags/example_dag_decorator.py for tasks to queue
[2026-05-26T19:00:39.014+0000] {logging_mixin.py:188} INFO - [2026-05-26T19:00:39.014+0000] {dagbag.py:540} INFO - Filling up the DagBag from /home/airflow/.local/lib/python3.8/site-packages/airflow/example_dags/example_dag_decorator.py
[2026-05-26T19:00:39.086+0000] {processor.py:840} INFO - DAG(s) 'example_dag_decorator' retrieved from /home/airflow/.local/lib/python3.8/site-packages/airflow/example_dags/example_dag_decorator.py
[2026-05-26T19:00:39.169+0000] {logging_mixin.py:188} INFO - [2026-05-26T19:00:39.169+0000] {dag.py:3047} INFO - Sync 1 DAGs
[2026-05-26T19:00:39.182+0000] {logging_mixin.py:188} INFO - [2026-05-26T19:00:39.182+0000] {dag.py:3834} INFO - Setting next_dagrun for example_dag_decorator to None, run_after=None
[2026-05-26T19:00:39.198+0000] {processor.py:183} INFO - Processing /home/airflow/.local/lib/python3.8/site-packages/airflow/example_dags/example_dag_decorator.py took 0.190 seconds
[2026-05-26T19:01:09.697+0000] {processor.py:161} INFO - Started process (PID=5824) to work on /home/airflow/.local/lib/python3.8/site-packages/airflow/example_dags/example_dag_decorator.py
[2026-05-26T19:01:09.702+0000] {processor.py:830} INFO - Processing file /home/airflow/.local/lib/python3.8/site-packages/airflow/example_dags/example_dag_decorator.py for tasks to queue
[2026-05-26T19:01:09.704+0000] {logging_mixin.py:188} INFO - [2026-05-26T19:01:09.704+0000] {dagbag.py:540} INFO - Filling up the DagBag from /home/airflow/.local/lib/python3.8/site-packages/airflow/example_dags/example_dag_decorator.py
[2026-05-26T19:01:09.776+0000] {processor.py:840} INFO - DAG(s) 'example_dag_decorator' retrieved from /home/airflow/.local/lib/python3.8/site-packages/airflow/example_dags/example_dag_decorator.py
[2026-05-26T19:01:09.845+0000] {logging_mixin.py:188} INFO - [2026-05-26T19:01:09.844+0000] {dag.py:3047} INFO - Sync 1 DAGs
[2026-05-26T19:01:09.852+0000] {logging_mixin.py:188} INFO - [2026-05-26T19:01:09.852+0000] {dag.py:3834} INFO - Setting next_dagrun for example_dag_decorator to None, run_after=None
[2026-05-26T19:01:09.867+0000] {processor.py:183} INFO - Processing /home/airflow/.local/lib/python3.8/site-packages/airflow/example_dags/example_dag_decorator.py took 0.173 seconds
[2026-05-26T19:01:40.272+0000] {processor.py:161} INFO - Started process (PID=5879) to work on /home/airflow/.local/lib/python3.8/site-packages/airflow/example_dags/example_dag_decorator.py
[2026-05-26T19:01:40.273+0000] {processor.py:830} INFO - Processing file /home/airflow/.local/lib/python3.8/site-packages/airflow/example_dags/example_dag_decorator.py for tasks to queue
[2026-05-26T19:01:40.276+0000] {logging_mixin.py:188} INFO - [2026-05-26T19:01:40.276+0000] {dagbag.py:540} INFO - Filling up the DagBag from /home/airflow/.local/lib/python3.8/site-packages/airflow/example_dags/example_dag_decorator.py
[2026-05-26T19:01:40.355+0000] {processor.py:840} INFO - DAG(s) 'example_dag_decorator' retrieved from /home/airflow/.local/lib/python3.8/site-packages/airflow/example_dags/example_dag_decorator.py
[2026-05-26T19:01:40.465+0000] {logging_mixin.py:188} INFO - [2026-05-26T19:01:40.465+0000] {dag.py:3047} INFO - Sync 1 DAGs
[2026-05-26T19:01:40.475+0000] {logging_mixin.py:188} INFO - [2026-05-26T19:01:40.475+0000] {dag.py:3834} INFO - Setting next_dagrun for example_dag_decorator to None, run_after=None
[2026-05-26T19:01:40.493+0000] {processor.py:183} INFO - Processing /home/airflow/.local/lib/python3.8/site-packages/airflow/example_dags/example_dag_decorator.py took 0.227 seconds
[2026-05-26T19:02:10.801+0000] {processor.py:161} INFO - Started process (PID=5934) to work on /home/airflow/.local/lib/python3.8/site-packages/airflow/example_dags/example_dag_decorator.py
[2026-05-26T19:02:10.803+0000] {processor.py:830} INFO - Processing file /home/airflow/.local/lib/python3.8/site-packages/airflow/example_dags/example_dag_decorator.py for tasks to queue
[2026-05-26T19:02:10.805+0000] {logging_mixin.py:188} INFO - [2026-05-26T19:02:10.805+0000] {dagbag.py:540} INFO - Filling up the DagBag from /home/airflow/.local/lib/python3.8/site-packages/airflow/example_dags/example_dag_decorator.py
[2026-05-26T19:02:10.871+0000] {processor.py:840} INFO - DAG(s) 'example_dag_decorator' retrieved from /home/airflow/.local/lib/python3.8/site-packages/airflow/example_dags/example_dag_decorator.py
[2026-05-26T19:02:10.948+0000] {logging_mixin.py:188} INFO - [2026-05-26T19:02:10.948+0000] {dag.py:3047} INFO - Sync 1 DAGs
[2026-05-26T19:02:10.957+0000] {logging_mixin.py:188} INFO - [2026-05-26T19:02:10.957+0000] {dag.py:3834} INFO - Setting next_dagrun for example_dag_decorator to None, run_after=None
[2026-05-26T19:02:10.975+0000] {processor.py:183} INFO - Processing /home/airflow/.local/lib/python3.8/site-packages/airflow/example_dags/example_dag_decorator.py took 0.177 seconds
[2026-05-26T19:02:41.364+0000] {processor.py:161} INFO - Started process (PID=5989) to work on /home/airflow/.local/lib/python3.8/site-packages/airflow/example_dags/example_dag_decorator.py
[2026-05-26T19:02:41.365+0000] {processor.py:830} INFO - Processing file /home/airflow/.local/lib/python3.8/site-packages/airflow/example_dags/example_dag_decorator.py for tasks to queue
[2026-05-26T19:02:41.367+0000] {logging_mixin.py:188} INFO - [2026-05-26T19:02:41.367+0000] {dagbag.py:540} INFO - Filling up the DagBag from /home/airflow/.local/lib/python3.8/site-packages/airflow/example_dags/example_dag_decorator.py
[2026-05-26T19:02:41.436+0000] {processor.py:840} INFO - DAG(s) 'example_dag_decorator' retrieved from /home/airflow/.local/lib/python3.8/site-packages/airflow/example_dags/example_dag_decorator.py
[2026-05-26T19:02:41.514+0000] {logging_mixin.py:188} INFO - [2026-05-26T19:02:41.514+0000] {dag.py:3047} INFO - Sync 1 DAGs
[2026-05-26T19:02:41.523+0000] {logging_mixin.py:188} INFO - [2026-05-26T19:02:41.523+0000] {dag.py:3834} INFO - Setting next_dagrun for example_dag_decorator to None, run_after=None
[2026-05-26T19:02:41.540+0000] {processor.py:183} INFO - Processing /home/airflow/.local/lib/python3.8/site-packages/airflow/example_dags/example_dag_decorator.py took 0.179 seconds
[2026-05-26T19:03:11.876+0000] {processor.py:161} INFO - Started process (PID=6044) to work on /home/airflow/.local/lib/python3.8/site-packages/airflow/example_dags/example_dag_decorator.py
[2026-05-26T19:03:11.879+0000] {processor.py:830} INFO - Processing file /home/airflow/.local/lib/python3.8/site-packages/airflow/example_dags/example_dag_decorator.py for tasks to queue
[2026-05-26T19:03:11.881+0000] {logging_mixin.py:188} INFO - [2026-05-26T19:03:11.881+0000] {dagbag.py:540} INFO - Filling up the DagBag from /home/airflow/.local/lib/python3.8/site-packages/airflow/example_dags/example_dag_decorator.py
[2026-05-26T19:03:11.963+0000] {processor.py:840} INFO - DAG(s) 'example_dag_decorator' retrieved from /home/airflow/.local/lib/python3.8/site-packages/airflow/example_dags/example_dag_decorator.py
[2026-05-26T19:03:11.983+0000] {logging_mixin.py:188} INFO - [2026-05-26T19:03:11.983+0000] {dag.py:3047} INFO - Sync 1 DAGs
[2026-05-26T19:03:11.993+0000] {logging_mixin.py:188} INFO - [2026-05-26T19:03:11.993+0000] {dag.py:3834} INFO - Setting next_dagrun for example_dag_decorator to None, run_after=None
[2026-05-26T19:03:12.007+0000] {processor.py:183} INFO - Processing /home/airflow/.local/lib/python3.8/site-packages/airflow/example_dags/example_dag_decorator.py took 0.134 seconds
[2026-05-26T19:03:42.572+0000] {processor.py:161} INFO - Started process (PID=6099) to work on /home/airflow/.local/lib/python3.8/site-packages/airflow/example_dags/example_dag_decorator.py
[2026-05-26T19:03:42.573+0000] {processor.py:830} INFO - Processing file /home/airflow/.local/lib/python3.8/site-packages/airflow/example_dags/example_dag_decorator.py for tasks to queue
[2026-05-26T19:03:42.575+0000] {logging_mixin.py:188} INFO - [2026-05-26T19:03:42.575+0000] {dagbag.py:540} INFO - Filling up the DagBag from /home/airflow/.local/lib/python3.8/site-packages/airflow/example_dags/example_dag_decorator.py
[2026-05-26T19:03:42.644+0000] {processor.py:840} INFO - DAG(s) 'example_dag_decorator' retrieved from /home/airflow/.local/lib/python3.8/site-packages/airflow/example_dags/example_dag_decorator.py
[2026-05-26T19:03:42.721+0000] {logging_mixin.py:188} INFO - [2026-05-26T19:03:42.720+0000] {dag.py:3047} INFO - Sync 1 DAGs
[2026-05-26T19:03:42.730+0000] {logging_mixin.py:188} INFO - [2026-05-26T19:03:42.730+0000] {dag.py:3834} INFO - Setting next_dagrun for example_dag_decorator to None, run_after=None
[2026-05-26T19:03:42.745+0000] {processor.py:183} INFO - Processing /home/airflow/.local/lib/python3.8/site-packages/airflow/example_dags/example_dag_decorator.py took 0.176 seconds
[2026-05-26T19:04:13.079+0000] {processor.py:161} INFO - Started process (PID=6154) to work on /home/airflow/.local/lib/python3.8/site-packages/airflow/example_dags/example_dag_decorator.py
[2026-05-26T19:04:13.080+0000] {processor.py:830} INFO - Processing file /home/airflow/.local/lib/python3.8/site-packages/airflow/example_dags/example_dag_decorator.py for tasks to queue
[2026-05-26T19:04:13.082+0000] {logging_mixin.py:188} INFO - [2026-05-26T19:04:13.082+0000] {dagbag.py:540} INFO - Filling up the DagBag from /home/airflow/.local/lib/python3.8/site-packages/airflow/example_dags/example_dag_decorator.py
[2026-05-26T19:04:13.152+0000] {processor.py:840} INFO - DAG(s) 'example_dag_decorator' retrieved from /home/airflow/.local/lib/python3.8/site-packages/airflow/example_dags/example_dag_decorator.py
[2026-05-26T19:04:13.231+0000] {logging_mixin.py:188} INFO - [2026-05-26T19:04:13.231+0000] {dag.py:3047} INFO - Sync 1 DAGs
[2026-05-26T19:04:13.241+0000] {logging_mixin.py:188} INFO - [2026-05-26T19:04:13.241+0000] {dag.py:3834} INFO - Setting next_dagrun for example_dag_decorator to None, run_after=None
[2026-05-26T19:04:13.256+0000] {processor.py:183} INFO - Processing /home/airflow/.local/lib/python3.8/site-packages/airflow/example_dags/example_dag_decorator.py took 0.180 seconds
[2026-05-26T19:04:43.503+0000] {processor.py:161} INFO - Started process (PID=6208) to work on /home/airflow/.local/lib/python3.8/site-packages/airflow/example_dags/example_dag_decorator.py
[2026-05-26T19:04:43.504+0000] {processor.py:830} INFO - Processing file /home/airflow/.local/lib/python3.8/site-packages/airflow/example_dags/example_dag_decorator.py for tasks to queue
[2026-05-26T19:04:43.507+0000] {logging_mixin.py:188} INFO - [2026-05-26T19:04:43.507+0000] {dagbag.py:540} INFO - Filling up the DagBag from /home/airflow/.local/lib/python3.8/site-packages/airflow/example_dags/example_dag_decorator.py
[2026-05-26T19:04:43.590+0000] {processor.py:840} INFO - DAG(s) 'example_dag_decorator' retrieved from /home/airflow/.local/lib/python3.8/site-packages/airflow/example_dags/example_dag_decorator.py
[2026-05-26T19:04:43.669+0000] {logging_mixin.py:188} INFO - [2026-05-26T19:04:43.669+0000] {dag.py:3047} INFO - Sync 1 DAGs
[2026-05-26T19:04:43.679+0000] {logging_mixin.py:188} INFO - [2026-05-26T19:04:43.679+0000] {dag.py:3834} INFO - Setting next_dagrun for example_dag_decorator to None, run_after=None
[2026-05-26T19:04:43.694+0000] {processor.py:183} INFO - Processing /home/airflow/.local/lib/python3.8/site-packages/airflow/example_dags/example_dag_decorator.py took 0.194 seconds
[2026-05-26T19:05:13.977+0000] {processor.py:161} INFO - Started process (PID=6269) to work on /home/airflow/.local/lib/python3.8/site-packages/airflow/example_dags/example_dag_decorator.py
[2026-05-26T19:05:13.978+0000] {processor.py:830} INFO - Processing file /home/airflow/.local/lib/python3.8/site-packages/airflow/example_dags/example_dag_decorator.py for tasks to queue
[2026-05-26T19:05:13.980+0000] {logging_mixin.py:188} INFO - [2026-05-26T19:05:13.980+0000] {dagbag.py:540} INFO - Filling up the DagBag from /home/airflow/.local/lib/python3.8/site-packages/airflow/example_dags/example_dag_decorator.py
[2026-05-26T19:05:14.050+0000] {processor.py:840} INFO - DAG(s) 'example_dag_decorator' retrieved from /home/airflow/.local/lib/python3.8/site-packages/airflow/example_dags/example_dag_decorator.py
[2026-05-26T19:05:14.125+0000] {logging_mixin.py:188} INFO - [2026-05-26T19:05:14.125+0000] {dag.py:3047} INFO - Sync 1 DAGs
[2026-05-26T19:05:14.134+0000] {logging_mixin.py:188} INFO - [2026-05-26T19:05:14.134+0000] {dag.py:3834} INFO - Setting next_dagrun for example_dag_decorator to None, run_after=None
[2026-05-26T19:05:14.155+0000] {processor.py:183} INFO - Processing /home/airflow/.local/lib/python3.8/site-packages/airflow/example_dags/example_dag_decorator.py took 0.181 seconds
[2026-05-26T19:05:44.319+0000] {processor.py:161} INFO - Started process (PID=6324) to work on /home/airflow/.local/lib/python3.8/site-packages/airflow/example_dags/example_dag_decorator.py
[2026-05-26T19:05:44.321+0000] {processor.py:830} INFO - Processing file /home/airflow/.local/lib/python3.8/site-packages/airflow/example_dags/example_dag_decorator.py for tasks to queue
[2026-05-26T19:05:44.323+0000] {logging_mixin.py:188} INFO - [2026-05-26T19:05:44.323+0000] {dagbag.py:540} INFO - Filling up the DagBag from /home/airflow/.local/lib/python3.8/site-packages/airflow/example_dags/example_dag_decorator.py
[2026-05-26T19:05:44.440+0000] {processor.py:840} INFO - DAG(s) 'example_dag_decorator' retrieved from /home/airflow/.local/lib/python3.8/site-packages/airflow/example_dags/example_dag_decorator.py
[2026-05-26T19:05:44.562+0000] {logging_mixin.py:188} INFO - [2026-05-26T19:05:44.561+0000] {dag.py:3047} INFO - Sync 1 DAGs
[2026-05-26T19:05:44.575+0000] {logging_mixin.py:188} INFO - [2026-05-26T19:05:44.575+0000] {dag.py:3834} INFO - Setting next_dagrun for example_dag_decorator to None, run_after=None
[2026-05-26T19:05:44.595+0000] {processor.py:183} INFO - Processing /home/airflow/.local/lib/python3.8/site-packages/airflow/example_dags/example_dag_decorator.py took 0.279 seconds
[2026-05-26T19:06:14.826+0000] {processor.py:161} INFO - Started process (PID=6379) to work on /home/airflow/.local/lib/python3.8/site-packages/airflow/example_dags/example_dag_decorator.py
[2026-05-26T19:06:14.828+0000] {processor.py:830} INFO - Processing file /home/airflow/.local/lib/python3.8/site-packages/airflow/example_dags/example_dag_decorator.py for tasks to queue
[2026-05-26T19:06:14.830+0000] {logging_mixin.py:188} INFO - [2026-05-26T19:06:14.829+0000] {dagbag.py:540} INFO - Filling up the DagBag from /home/airflow/.local/lib/python3.8/site-packages/airflow/example_dags/example_dag_decorator.py
[2026-05-26T19:06:14.902+0000] {processor.py:840} INFO - DAG(s) 'example_dag_decorator' retrieved from /home/airflow/.local/lib/python3.8/site-packages/airflow/example_dags/example_dag_decorator.py
[2026-05-26T19:06:14.924+0000] {logging_mixin.py:188} INFO - [2026-05-26T19:06:14.924+0000] {dag.py:3047} INFO - Sync 1 DAGs
[2026-05-26T19:06:14.934+0000] {logging_mixin.py:188} INFO - [2026-05-26T19:06:14.934+0000] {dag.py:3834} INFO - Setting next_dagrun for example_dag_decorator to None, run_after=None
[2026-05-26T19:06:14.950+0000] {processor.py:183} INFO - Processing /home/airflow/.local/lib/python3.8/site-packages/airflow/example_dags/example_dag_decorator.py took 0.127 seconds
[2026-05-26T19:06:45.356+0000] {processor.py:161} INFO - Started process (PID=6434) to work on /home/airflow/.local/lib/python3.8/site-packages/airflow/example_dags/example_dag_decorator.py
[2026-05-26T19:06:45.357+0000] {processor.py:830} INFO - Processing file /home/airflow/.local/lib/python3.8/site-packages/airflow/example_dags/example_dag_decorator.py for tasks to queue
[2026-05-26T19:06:45.359+0000] {logging_mixin.py:188} INFO - [2026-05-26T19:06:45.358+0000] {dagbag.py:540} INFO - Filling up the DagBag from /home/airflow/.local/lib/python3.8/site-packages/airflow/example_dags/example_dag_decorator.py
[2026-05-26T19:06:45.427+0000] {processor.py:840} INFO - DAG(s) 'example_dag_decorator' retrieved from /home/airflow/.local/lib/python3.8/site-packages/airflow/example_dags/example_dag_decorator.py
[2026-05-26T19:06:45.500+0000] {logging_mixin.py:188} INFO - [2026-05-26T19:06:45.499+0000] {dag.py:3047} INFO - Sync 1 DAGs
[2026-05-26T19:06:45.509+0000] {logging_mixin.py:188} INFO - [2026-05-26T19:06:45.508+0000] {dag.py:3834} INFO - Setting next_dagrun for example_dag_decorator to None, run_after=None
[2026-05-26T19:06:45.530+0000] {processor.py:183} INFO - Processing /home/airflow/.local/lib/python3.8/site-packages/airflow/example_dags/example_dag_decorator.py took 0.178 seconds
[2026-05-26T19:07:15.817+0000] {processor.py:161} INFO - Started process (PID=6489) to work on /home/airflow/.local/lib/python3.8/site-packages/airflow/example_dags/example_dag_decorator.py
[2026-05-26T19:07:15.818+0000] {processor.py:830} INFO - Processing file /home/airflow/.local/lib/python3.8/site-packages/airflow/example_dags/example_dag_decorator.py for tasks to queue
[2026-05-26T19:07:15.820+0000] {logging_mixin.py:188} INFO - [2026-05-26T19:07:15.819+0000] {dagbag.py:540} INFO - Filling up the DagBag from /home/airflow/.local/lib/python3.8/site-packages/airflow/example_dags/example_dag_decorator.py
[2026-05-26T19:07:15.893+0000] {processor.py:840} INFO - DAG(s) 'example_dag_decorator' retrieved from /home/airflow/.local/lib/python3.8/site-packages/airflow/example_dags/example_dag_decorator.py
[2026-05-26T19:07:15.959+0000] {logging_mixin.py:188} INFO - [2026-05-26T19:07:15.959+0000] {dag.py:3047} INFO - Sync 1 DAGs
[2026-05-26T19:07:15.966+0000] {logging_mixin.py:188} INFO - [2026-05-26T19:07:15.966+0000] {dag.py:3834} INFO - Setting next_dagrun for example_dag_decorator to None, run_after=None
[2026-05-26T19:07:15.983+0000] {processor.py:183} INFO - Processing /home/airflow/.local/lib/python3.8/site-packages/airflow/example_dags/example_dag_decorator.py took 0.170 seconds
[2026-05-26T19:07:46.420+0000] {processor.py:161} INFO - Started process (PID=6544) to work on /home/airflow/.local/lib/python3.8/site-packages/airflow/example_dags/example_dag_decorator.py
[2026-05-26T19:07:46.422+0000] {processor.py:830} INFO - Processing file /home/airflow/.local/lib/python3.8/site-packages/airflow/example_dags/example_dag_decorator.py for tasks to queue
[2026-05-26T19:07:46.426+0000] {logging_mixin.py:188} INFO - [2026-05-26T19:07:46.425+0000] {dagbag.py:540} INFO - Filling up the DagBag from /home/airflow/.local/lib/python3.8/site-packages/airflow/example_dags/example_dag_decorator.py
[2026-05-26T19:07:46.523+0000] {processor.py:840} INFO - DAG(s) 'example_dag_decorator' retrieved from /home/airflow/.local/lib/python3.8/site-packages/airflow/example_dags/example_dag_decorator.py
[2026-05-26T19:07:46.657+0000] {logging_mixin.py:188} INFO - [2026-05-26T19:07:46.657+0000] {dag.py:3047} INFO - Sync 1 DAGs
[2026-05-26T19:07:46.670+0000] {logging_mixin.py:188} INFO - [2026-05-26T19:07:46.670+0000] {dag.py:3834} INFO - Setting next_dagrun for example_dag_decorator to None, run_after=None
[2026-05-26T19:07:46.691+0000] {processor.py:183} INFO - Processing /home/airflow/.local/lib/python3.8/site-packages/airflow/example_dags/example_dag_decorator.py took 0.276 seconds
[2026-05-26T19:08:17.026+0000] {processor.py:161} INFO - Started process (PID=6599) to work on /home/airflow/.local/lib/python3.8/site-packages/airflow/example_dags/example_dag_decorator.py
[2026-05-26T19:08:17.028+0000] {processor.py:830} INFO - Processing file /home/airflow/.local/lib/python3.8/site-packages/airflow/example_dags/example_dag_decorator.py for tasks to queue
[2026-05-26T19:08:17.032+0000] {logging_mixin.py:188} INFO - [2026-05-26T19:08:17.031+0000] {dagbag.py:540} INFO - Filling up the DagBag from /home/airflow/.local/lib/python3.8/site-packages/airflow/example_dags/example_dag_decorator.py
[2026-05-26T19:08:17.120+0000] {processor.py:840} INFO - DAG(s) 'example_dag_decorator' retrieved from /home/airflow/.local/lib/python3.8/site-packages/airflow/example_dags/example_dag_decorator.py
[2026-05-26T19:08:17.207+0000] {logging_mixin.py:188} INFO - [2026-05-26T19:08:17.207+0000] {dag.py:3047} INFO - Sync 1 DAGs
[2026-05-26T19:08:17.219+0000] {logging_mixin.py:188} INFO - [2026-05-26T19:08:17.218+0000] {dag.py:3834} INFO - Setting next_dagrun for example_dag_decorator to None, run_after=None
[2026-05-26T19:08:17.246+0000] {processor.py:183} INFO - Processing /home/airflow/.local/lib/python3.8/site-packages/airflow/example_dags/example_dag_decorator.py took 0.223 seconds
[2026-05-26T19:08:47.531+0000] {processor.py:161} INFO - Started process (PID=6654) to work on /home/airflow/.local/lib/python3.8/site-packages/airflow/example_dags/example_dag_decorator.py
[2026-05-26T19:08:47.532+0000] {processor.py:830} INFO - Processing file /home/airflow/.local/lib/python3.8/site-packages/airflow/example_dags/example_dag_decorator.py for tasks to queue
[2026-05-26T19:08:47.534+0000] {logging_mixin.py:188} INFO - [2026-05-26T19:08:47.534+0000] {dagbag.py:540} INFO - Filling up the DagBag from /home/airflow/.local/lib/python3.8/site-packages/airflow/example_dags/example_dag_decorator.py
[2026-05-26T19:08:47.612+0000] {processor.py:840} INFO - DAG(s) 'example_dag_decorator' retrieved from /home/airflow/.local/lib/python3.8/site-packages/airflow/example_dags/example_dag_decorator.py
[2026-05-26T19:08:47.635+0000] {logging_mixin.py:188} INFO - [2026-05-26T19:08:47.635+0000] {dag.py:3047} INFO - Sync 1 DAGs
[2026-05-26T19:08:47.645+0000] {logging_mixin.py:188} INFO - [2026-05-26T19:08:47.644+0000] {dag.py:3834} INFO - Setting next_dagrun for example_dag_decorator to None, run_after=None
[2026-05-26T19:08:47.660+0000] {processor.py:183} INFO - Processing /home/airflow/.local/lib/python3.8/site-packages/airflow/example_dags/example_dag_decorator.py took 0.133 seconds
[2026-05-26T19:09:17.901+0000] {processor.py:161} INFO - Started process (PID=6709) to work on /home/airflow/.local/lib/python3.8/site-packages/airflow/example_dags/example_dag_decorator.py
[2026-05-26T19:09:17.903+0000] {processor.py:830} INFO - Processing file /home/airflow/.local/lib/python3.8/site-packages/airflow/example_dags/example_dag_decorator.py for tasks to queue
[2026-05-26T19:09:17.904+0000] {logging_mixin.py:188} INFO - [2026-05-26T19:09:17.904+0000] {dagbag.py:540} INFO - Filling up the DagBag from /home/airflow/.local/lib/python3.8/site-packages/airflow/example_dags/example_dag_decorator.py
[2026-05-26T19:09:17.973+0000] {processor.py:840} INFO - DAG(s) 'example_dag_decorator' retrieved from /home/airflow/.local/lib/python3.8/site-packages/airflow/example_dags/example_dag_decorator.py
[2026-05-26T19:09:18.037+0000] {logging_mixin.py:188} INFO - [2026-05-26T19:09:18.037+0000] {dag.py:3047} INFO - Sync 1 DAGs
[2026-05-26T19:09:18.044+0000] {logging_mixin.py:188} INFO - [2026-05-26T19:09:18.044+0000] {dag.py:3834} INFO - Setting next_dagrun for example_dag_decorator to None, run_after=None
[2026-05-26T19:09:18.061+0000] {processor.py:183} INFO - Processing /home/airflow/.local/lib/python3.8/site-packages/airflow/example_dags/example_dag_decorator.py took 0.162 seconds
[2026-05-26T19:09:48.181+0000] {processor.py:161} INFO - Started process (PID=6764) to work on /home/airflow/.local/lib/python3.8/site-packages/airflow/example_dags/example_dag_decorator.py
[2026-05-26T19:09:48.182+0000] {processor.py:830} INFO - Processing file /home/airflow/.local/lib/python3.8/site-packages/airflow/example_dags/example_dag_decorator.py for tasks to queue
[2026-05-26T19:09:48.184+0000] {logging_mixin.py:188} INFO - [2026-05-26T19:09:48.184+0000] {dagbag.py:540} INFO - Filling up the DagBag from /home/airflow/.local/lib/python3.8/site-packages/airflow/example_dags/example_dag_decorator.py
[2026-05-26T19:09:48.249+0000] {processor.py:840} INFO - DAG(s) 'example_dag_decorator' retrieved from /home/airflow/.local/lib/python3.8/site-packages/airflow/example_dags/example_dag_decorator.py
[2026-05-26T19:09:48.333+0000] {logging_mixin.py:188} INFO - [2026-05-26T19:09:48.333+0000] {dag.py:3047} INFO - Sync 1 DAGs
[2026-05-26T19:09:48.342+0000] {logging_mixin.py:188} INFO - [2026-05-26T19:09:48.342+0000] {dag.py:3834} INFO - Setting next_dagrun for example_dag_decorator to None, run_after=None
[2026-05-26T19:09:48.359+0000] {processor.py:183} INFO - Processing /home/airflow/.local/lib/python3.8/site-packages/airflow/example_dags/example_dag_decorator.py took 0.181 seconds
[2026-05-26T19:10:18.545+0000] {processor.py:161} INFO - Started process (PID=6819) to work on /home/airflow/.local/lib/python3.8/site-packages/airflow/example_dags/example_dag_decorator.py
[2026-05-26T19:10:18.547+0000] {processor.py:830} INFO - Processing file /home/airflow/.local/lib/python3.8/site-packages/airflow/example_dags/example_dag_decorator.py for tasks to queue
[2026-05-26T19:10:18.549+0000] {logging_mixin.py:188} INFO - [2026-05-26T19:10:18.548+0000] {dagbag.py:540} INFO - Filling up the DagBag from /home/airflow/.local/lib/python3.8/site-packages/airflow/example_dags/example_dag_decorator.py
[2026-05-26T19:10:18.620+0000] {processor.py:840} INFO - DAG(s) 'example_dag_decorator' retrieved from /home/airflow/.local/lib/python3.8/site-packages/airflow/example_dags/example_dag_decorator.py
[2026-05-26T19:10:18.642+0000] {logging_mixin.py:188} INFO - [2026-05-26T19:10:18.642+0000] {dag.py:3047} INFO - Sync 1 DAGs
[2026-05-26T19:10:18.652+0000] {logging_mixin.py:188} INFO - [2026-05-26T19:10:18.652+0000] {dag.py:3834} INFO - Setting next_dagrun for example_dag_decorator to None, run_after=None
[2026-05-26T19:10:18.668+0000] {processor.py:183} INFO - Processing /home/airflow/.local/lib/python3.8/site-packages/airflow/example_dags/example_dag_decorator.py took 0.126 seconds
[2026-05-26T19:10:49.059+0000] {processor.py:161} INFO - Started process (PID=6874) to work on /home/airflow/.local/lib/python3.8/site-packages/airflow/example_dags/example_dag_decorator.py
[2026-05-26T19:10:49.061+0000] {processor.py:830} INFO - Processing file /home/airflow/.local/lib/python3.8/site-packages/airflow/example_dags/example_dag_decorator.py for tasks to queue
[2026-05-26T19:10:49.062+0000] {logging_mixin.py:188} INFO - [2026-05-26T19:10:49.062+0000] {dagbag.py:540} INFO - Filling up the DagBag from /home/airflow/.local/lib/python3.8/site-packages/airflow/example_dags/example_dag_decorator.py
[2026-05-26T19:10:49.131+0000] {processor.py:840} INFO - DAG(s) 'example_dag_decorator' retrieved from /home/airflow/.local/lib/python3.8/site-packages/airflow/example_dags/example_dag_decorator.py
[2026-05-26T19:10:49.210+0000] {logging_mixin.py:188} INFO - [2026-05-26T19:10:49.210+0000] {dag.py:3047} INFO - Sync 1 DAGs
[2026-05-26T19:10:49.219+0000] {logging_mixin.py:188} INFO - [2026-05-26T19:10:49.219+0000] {dag.py:3834} INFO - Setting next_dagrun for example_dag_decorator to None, run_after=None
[2026-05-26T19:10:49.234+0000] {processor.py:183} INFO - Processing /home/airflow/.local/lib/python3.8/site-packages/airflow/example_dags/example_dag_decorator.py took 0.178 seconds
[2026-05-26T19:11:19.524+0000] {processor.py:161} INFO - Started process (PID=6929) to work on /home/airflow/.local/lib/python3.8/site-packages/airflow/example_dags/example_dag_decorator.py
[2026-05-26T19:11:19.526+0000] {processor.py:830} INFO - Processing file /home/airflow/.local/lib/python3.8/site-packages/airflow/example_dags/example_dag_decorator.py for tasks to queue
[2026-05-26T19:11:19.528+0000] {logging_mixin.py:188} INFO - [2026-05-26T19:11:19.528+0000] {dagbag.py:540} INFO - Filling up the DagBag from /home/airflow/.local/lib/python3.8/site-packages/airflow/example_dags/example_dag_decorator.py
[2026-05-26T19:11:19.599+0000] {processor.py:840} INFO - DAG(s) 'example_dag_decorator' retrieved from /home/airflow/.local/lib/python3.8/site-packages/airflow/example_dags/example_dag_decorator.py
[2026-05-26T19:11:19.666+0000] {logging_mixin.py:188} INFO - [2026-05-26T19:11:19.666+0000] {dag.py:3047} INFO - Sync 1 DAGs
[2026-05-26T19:11:19.673+0000] {logging_mixin.py:188} INFO - [2026-05-26T19:11:19.673+0000] {dag.py:3834} INFO - Setting next_dagrun for example_dag_decorator to None, run_after=None
[2026-05-26T19:11:19.689+0000] {processor.py:183} INFO - Processing /home/airflow/.local/lib/python3.8/site-packages/airflow/example_dags/example_dag_decorator.py took 0.168 seconds
[2026-05-26T19:11:50.052+0000] {processor.py:161} INFO - Started process (PID=6984) to work on /home/airflow/.local/lib/python3.8/site-packages/airflow/example_dags/example_dag_decorator.py
[2026-05-26T19:11:50.054+0000] {processor.py:830} INFO - Processing file /home/airflow/.local/lib/python3.8/site-packages/airflow/example_dags/example_dag_decorator.py for tasks to queue
[2026-05-26T19:11:50.056+0000] {logging_mixin.py:188} INFO - [2026-05-26T19:11:50.056+0000] {dagbag.py:540} INFO - Filling up the DagBag from /home/airflow/.local/lib/python3.8/site-packages/airflow/example_dags/example_dag_decorator.py
[2026-05-26T19:11:50.132+0000] {processor.py:840} INFO - DAG(s) 'example_dag_decorator' retrieved from /home/airflow/.local/lib/python3.8/site-packages/airflow/example_dags/example_dag_decorator.py
[2026-05-26T19:11:50.158+0000] {logging_mixin.py:188} INFO - [2026-05-26T19:11:50.158+0000] {dag.py:3047} INFO - Sync 1 DAGs
[2026-05-26T19:11:50.168+0000] {logging_mixin.py:188} INFO - [2026-05-26T19:11:50.168+0000] {dag.py:3834} INFO - Setting next_dagrun for example_dag_decorator to None, run_after=None
[2026-05-26T19:11:50.188+0000] {processor.py:183} INFO - Processing /home/airflow/.local/lib/python3.8/site-packages/airflow/example_dags/example_dag_decorator.py took 0.139 seconds
[2026-05-26T19:12:20.457+0000] {processor.py:161} INFO - Started process (PID=7039) to work on /home/airflow/.local/lib/python3.8/site-packages/airflow/example_dags/example_dag_decorator.py
[2026-05-26T19:12:20.458+0000] {processor.py:830} INFO - Processing file /home/airflow/.local/lib/python3.8/site-packages/airflow/example_dags/example_dag_decorator.py for tasks to queue
[2026-05-26T19:12:20.460+0000] {logging_mixin.py:188} INFO - [2026-05-26T19:12:20.460+0000] {dagbag.py:540} INFO - Filling up the DagBag from /home/airflow/.local/lib/python3.8/site-packages/airflow/example_dags/example_dag_decorator.py
[2026-05-26T19:12:20.525+0000] {processor.py:840} INFO - DAG(s) 'example_dag_decorator' retrieved from /home/airflow/.local/lib/python3.8/site-packages/airflow/example_dags/example_dag_decorator.py
[2026-05-26T19:12:20.547+0000] {logging_mixin.py:188} INFO - [2026-05-26T19:12:20.547+0000] {dag.py:3047} INFO - Sync 1 DAGs
[2026-05-26T19:12:20.556+0000] {logging_mixin.py:188} INFO - [2026-05-26T19:12:20.556+0000] {dag.py:3834} INFO - Setting next_dagrun for example_dag_decorator to None, run_after=None
[2026-05-26T19:12:20.570+0000] {processor.py:183} INFO - Processing /home/airflow/.local/lib/python3.8/site-packages/airflow/example_dags/example_dag_decorator.py took 0.117 seconds
[2026-05-26T19:12:50.726+0000] {processor.py:161} INFO - Started process (PID=7094) to work on /home/airflow/.local/lib/python3.8/site-packages/airflow/example_dags/example_dag_decorator.py
[2026-05-26T19:12:50.728+0000] {processor.py:830} INFO - Processing file /home/airflow/.local/lib/python3.8/site-packages/airflow/example_dags/example_dag_decorator.py for tasks to queue
[2026-05-26T19:12:50.730+0000] {logging_mixin.py:188} INFO - [2026-05-26T19:12:50.730+0000] {dagbag.py:540} INFO - Filling up the DagBag from /home/airflow/.local/lib/python3.8/site-packages/airflow/example_dags/example_dag_decorator.py
[2026-05-26T19:12:50.808+0000] {processor.py:840} INFO - DAG(s) 'example_dag_decorator' retrieved from /home/airflow/.local/lib/python3.8/site-packages/airflow/example_dags/example_dag_decorator.py
[2026-05-26T19:12:50.834+0000] {logging_mixin.py:188} INFO - [2026-05-26T19:12:50.834+0000] {dag.py:3047} INFO - Sync 1 DAGs
[2026-05-26T19:12:50.844+0000] {logging_mixin.py:188} INFO - [2026-05-26T19:12:50.843+0000] {dag.py:3834} INFO - Setting next_dagrun for example_dag_decorator to None, run_after=None
[2026-05-26T19:12:50.864+0000] {processor.py:183} INFO - Processing /home/airflow/.local/lib/python3.8/site-packages/airflow/example_dags/example_dag_decorator.py took 0.141 seconds
[2026-05-26T19:13:21.288+0000] {processor.py:161} INFO - Started process (PID=7149) to work on /home/airflow/.local/lib/python3.8/site-packages/airflow/example_dags/example_dag_decorator.py
[2026-05-26T19:13:21.290+0000] {processor.py:830} INFO - Processing file /home/airflow/.local/lib/python3.8/site-packages/airflow/example_dags/example_dag_decorator.py for tasks to queue
[2026-05-26T19:13:21.292+0000] {logging_mixin.py:188} INFO - [2026-05-26T19:13:21.291+0000] {dagbag.py:540} INFO - Filling up the DagBag from /home/airflow/.local/lib/python3.8/site-packages/airflow/example_dags/example_dag_decorator.py
[2026-05-26T19:13:21.362+0000] {processor.py:840} INFO - DAG(s) 'example_dag_decorator' retrieved from /home/airflow/.local/lib/python3.8/site-packages/airflow/example_dags/example_dag_decorator.py
[2026-05-26T19:13:21.549+0000] {logging_mixin.py:188} INFO - [2026-05-26T19:13:21.549+0000] {dag.py:3047} INFO - Sync 1 DAGs
[2026-05-26T19:13:21.557+0000] {logging_mixin.py:188} INFO - [2026-05-26T19:13:21.556+0000] {dag.py:3834} INFO - Setting next_dagrun for example_dag_decorator to None, run_after=None
[2026-05-26T19:13:21.570+0000] {processor.py:183} INFO - Processing /home/airflow/.local/lib/python3.8/site-packages/airflow/example_dags/example_dag_decorator.py took 0.285 seconds
[2026-05-26T19:13:51.898+0000] {processor.py:161} INFO - Started process (PID=7204) to work on /home/airflow/.local/lib/python3.8/site-packages/airflow/example_dags/example_dag_decorator.py
[2026-05-26T19:13:51.899+0000] {processor.py:830} INFO - Processing file /home/airflow/.local/lib/python3.8/site-packages/airflow/example_dags/example_dag_decorator.py for tasks to queue
[2026-05-26T19:13:51.903+0000] {logging_mixin.py:188} INFO - [2026-05-26T19:13:51.902+0000] {dagbag.py:540} INFO - Filling up the DagBag from /home/airflow/.local/lib/python3.8/site-packages/airflow/example_dags/example_dag_decorator.py
[2026-05-26T19:13:52.011+0000] {processor.py:840} INFO - DAG(s) 'example_dag_decorator' retrieved from /home/airflow/.local/lib/python3.8/site-packages/airflow/example_dags/example_dag_decorator.py
[2026-05-26T19:13:52.048+0000] {logging_mixin.py:188} INFO - [2026-05-26T19:13:52.047+0000] {dag.py:3047} INFO - Sync 1 DAGs
[2026-05-26T19:13:52.064+0000] {logging_mixin.py:188} INFO - [2026-05-26T19:13:52.063+0000] {dag.py:3834} INFO - Setting next_dagrun for example_dag_decorator to None, run_after=None
[2026-05-26T19:13:52.098+0000] {processor.py:183} INFO - Processing /home/airflow/.local/lib/python3.8/site-packages/airflow/example_dags/example_dag_decorator.py took 0.203 seconds
[2026-05-26T19:14:22.768+0000] {processor.py:161} INFO - Started process (PID=7259) to work on /home/airflow/.local/lib/python3.8/site-packages/airflow/example_dags/example_dag_decorator.py
[2026-05-26T19:14:22.771+0000] {processor.py:830} INFO - Processing file /home/airflow/.local/lib/python3.8/site-packages/airflow/example_dags/example_dag_decorator.py for tasks to queue
[2026-05-26T19:14:22.773+0000] {logging_mixin.py:188} INFO - [2026-05-26T19:14:22.773+0000] {dagbag.py:540} INFO - Filling up the DagBag from /home/airflow/.local/lib/python3.8/site-packages/airflow/example_dags/example_dag_decorator.py
[2026-05-26T19:14:22.896+0000] {processor.py:840} INFO - DAG(s) 'example_dag_decorator' retrieved from /home/airflow/.local/lib/python3.8/site-packages/airflow/example_dags/example_dag_decorator.py
[2026-05-26T19:14:23.464+0000] {logging_mixin.py:188} INFO - [2026-05-26T19:14:23.464+0000] {dag.py:3047} INFO - Sync 1 DAGs
[2026-05-26T19:14:23.471+0000] {logging_mixin.py:188} INFO - [2026-05-26T19:14:23.471+0000] {dag.py:3834} INFO - Setting next_dagrun for example_dag_decorator to None, run_after=None
[2026-05-26T19:14:23.489+0000] {processor.py:183} INFO - Processing /home/airflow/.local/lib/python3.8/site-packages/airflow/example_dags/example_dag_decorator.py took 0.725 seconds
[2026-05-26T19:14:53.617+0000] {processor.py:161} INFO - Started process (PID=7314) to work on /home/airflow/.local/lib/python3.8/site-packages/airflow/example_dags/example_dag_decorator.py
[2026-05-26T19:14:53.618+0000] {processor.py:830} INFO - Processing file /home/airflow/.local/lib/python3.8/site-packages/airflow/example_dags/example_dag_decorator.py for tasks to queue
[2026-05-26T19:14:53.621+0000] {logging_mixin.py:188} INFO - [2026-05-26T19:14:53.621+0000] {dagbag.py:540} INFO - Filling up the DagBag from /home/airflow/.local/lib/python3.8/site-packages/airflow/example_dags/example_dag_decorator.py
[2026-05-26T19:14:53.716+0000] {processor.py:840} INFO - DAG(s) 'example_dag_decorator' retrieved from /home/airflow/.local/lib/python3.8/site-packages/airflow/example_dags/example_dag_decorator.py
[2026-05-26T19:14:53.745+0000] {logging_mixin.py:188} INFO - [2026-05-26T19:14:53.745+0000] {dag.py:3047} INFO - Sync 1 DAGs
[2026-05-26T19:14:53.760+0000] {logging_mixin.py:188} INFO - [2026-05-26T19:14:53.760+0000] {dag.py:3834} INFO - Setting next_dagrun for example_dag_decorator to None, run_after=None
[2026-05-26T19:14:53.784+0000] {processor.py:183} INFO - Processing /home/airflow/.local/lib/python3.8/site-packages/airflow/example_dags/example_dag_decorator.py took 0.170 seconds
[2026-05-26T19:15:24.120+0000] {processor.py:161} INFO - Started process (PID=7369) to work on /home/airflow/.local/lib/python3.8/site-packages/airflow/example_dags/example_dag_decorator.py
[2026-05-26T19:15:24.122+0000] {processor.py:830} INFO - Processing file /home/airflow/.local/lib/python3.8/site-packages/airflow/example_dags/example_dag_decorator.py for tasks to queue
[2026-05-26T19:15:24.123+0000] {logging_mixin.py:188} INFO - [2026-05-26T19:15:24.123+0000] {dagbag.py:540} INFO - Filling up the DagBag from /home/airflow/.local/lib/python3.8/site-packages/airflow/example_dags/example_dag_decorator.py
[2026-05-26T19:15:24.193+0000] {processor.py:840} INFO - DAG(s) 'example_dag_decorator' retrieved from /home/airflow/.local/lib/python3.8/site-packages/airflow/example_dags/example_dag_decorator.py
[2026-05-26T19:15:24.371+0000] {logging_mixin.py:188} INFO - [2026-05-26T19:15:24.371+0000] {dag.py:3047} INFO - Sync 1 DAGs
[2026-05-26T19:15:24.378+0000] {logging_mixin.py:188} INFO - [2026-05-26T19:15:24.378+0000] {dag.py:3834} INFO - Setting next_dagrun for example_dag_decorator to None, run_after=None
[2026-05-26T19:15:24.396+0000] {processor.py:183} INFO - Processing /home/airflow/.local/lib/python3.8/site-packages/airflow/example_dags/example_dag_decorator.py took 0.278 seconds
[2026-05-26T19:15:54.487+0000] {processor.py:161} INFO - Started process (PID=7424) to work on /home/airflow/.local/lib/python3.8/site-packages/airflow/example_dags/example_dag_decorator.py
[2026-05-26T19:15:54.489+0000] {processor.py:830} INFO - Processing file /home/airflow/.local/lib/python3.8/site-packages/airflow/example_dags/example_dag_decorator.py for tasks to queue
[2026-05-26T19:15:54.491+0000] {logging_mixin.py:188} INFO - [2026-05-26T19:15:54.491+0000] {dagbag.py:540} INFO - Filling up the DagBag from /home/airflow/.local/lib/python3.8/site-packages/airflow/example_dags/example_dag_decorator.py
[2026-05-26T19:15:54.558+0000] {processor.py:840} INFO - DAG(s) 'example_dag_decorator' retrieved from /home/airflow/.local/lib/python3.8/site-packages/airflow/example_dags/example_dag_decorator.py
[2026-05-26T19:15:54.773+0000] {logging_mixin.py:188} INFO - [2026-05-26T19:15:54.772+0000] {dag.py:3047} INFO - Sync 1 DAGs
[2026-05-26T19:15:54.780+0000] {logging_mixin.py:188} INFO - [2026-05-26T19:15:54.780+0000] {dag.py:3834} INFO - Setting next_dagrun for example_dag_decorator to None, run_after=None
[2026-05-26T19:15:54.794+0000] {processor.py:183} INFO - Processing /home/airflow/.local/lib/python3.8/site-packages/airflow/example_dags/example_dag_decorator.py took 0.310 seconds
[2026-05-26T19:16:24.859+0000] {processor.py:161} INFO - Started process (PID=7481) to work on /home/airflow/.local/lib/python3.8/site-packages/airflow/example_dags/example_dag_decorator.py
[2026-05-26T19:16:24.861+0000] {processor.py:830} INFO - Processing file /home/airflow/.local/lib/python3.8/site-packages/airflow/example_dags/example_dag_decorator.py for tasks to queue
[2026-05-26T19:16:24.863+0000] {logging_mixin.py:188} INFO - [2026-05-26T19:16:24.862+0000] {dagbag.py:540} INFO - Filling up the DagBag from /home/airflow/.local/lib/python3.8/site-packages/airflow/example_dags/example_dag_decorator.py
[2026-05-26T19:16:24.926+0000] {processor.py:840} INFO - DAG(s) 'example_dag_decorator' retrieved from /home/airflow/.local/lib/python3.8/site-packages/airflow/example_dags/example_dag_decorator.py
[2026-05-26T19:16:25.119+0000] {logging_mixin.py:188} INFO - [2026-05-26T19:16:25.118+0000] {dag.py:3047} INFO - Sync 1 DAGs
[2026-05-26T19:16:25.126+0000] {logging_mixin.py:188} INFO - [2026-05-26T19:16:25.125+0000] {dag.py:3834} INFO - Setting next_dagrun for example_dag_decorator to None, run_after=None
[2026-05-26T19:16:25.143+0000] {processor.py:183} INFO - Processing /home/airflow/.local/lib/python3.8/site-packages/airflow/example_dags/example_dag_decorator.py took 0.286 seconds
[2026-05-26T19:16:55.303+0000] {processor.py:161} INFO - Started process (PID=7534) to work on /home/airflow/.local/lib/python3.8/site-packages/airflow/example_dags/example_dag_decorator.py
[2026-05-26T19:16:55.304+0000] {processor.py:830} INFO - Processing file /home/airflow/.local/lib/python3.8/site-packages/airflow/example_dags/example_dag_decorator.py for tasks to queue
[2026-05-26T19:16:55.306+0000] {logging_mixin.py:188} INFO - [2026-05-26T19:16:55.306+0000] {dagbag.py:540} INFO - Filling up the DagBag from /home/airflow/.local/lib/python3.8/site-packages/airflow/example_dags/example_dag_decorator.py
[2026-05-26T19:16:55.376+0000] {processor.py:840} INFO - DAG(s) 'example_dag_decorator' retrieved from /home/airflow/.local/lib/python3.8/site-packages/airflow/example_dags/example_dag_decorator.py
[2026-05-26T19:16:55.584+0000] {logging_mixin.py:188} INFO - [2026-05-26T19:16:55.584+0000] {dag.py:3047} INFO - Sync 1 DAGs
[2026-05-26T19:16:55.593+0000] {logging_mixin.py:188} INFO - [2026-05-26T19:16:55.593+0000] {dag.py:3834} INFO - Setting next_dagrun for example_dag_decorator to None, run_after=None
[2026-05-26T19:16:55.610+0000] {processor.py:183} INFO - Processing /home/airflow/.local/lib/python3.8/site-packages/airflow/example_dags/example_dag_decorator.py took 0.310 seconds
[2026-05-26T19:17:25.754+0000] {processor.py:161} INFO - Started process (PID=7589) to work on /home/airflow/.local/lib/python3.8/site-packages/airflow/example_dags/example_dag_decorator.py
[2026-05-26T19:17:25.755+0000] {processor.py:830} INFO - Processing file /home/airflow/.local/lib/python3.8/site-packages/airflow/example_dags/example_dag_decorator.py for tasks to queue
[2026-05-26T19:17:25.757+0000] {logging_mixin.py:188} INFO - [2026-05-26T19:17:25.757+0000] {dagbag.py:540} INFO - Filling up the DagBag from /home/airflow/.local/lib/python3.8/site-packages/airflow/example_dags/example_dag_decorator.py
[2026-05-26T19:17:25.827+0000] {processor.py:840} INFO - DAG(s) 'example_dag_decorator' retrieved from /home/airflow/.local/lib/python3.8/site-packages/airflow/example_dags/example_dag_decorator.py
[2026-05-26T19:17:26.029+0000] {logging_mixin.py:188} INFO - [2026-05-26T19:17:26.028+0000] {dag.py:3047} INFO - Sync 1 DAGs
[2026-05-26T19:17:26.037+0000] {logging_mixin.py:188} INFO - [2026-05-26T19:17:26.037+0000] {dag.py:3834} INFO - Setting next_dagrun for example_dag_decorator to None, run_after=None
[2026-05-26T19:17:26.052+0000] {processor.py:183} INFO - Processing /home/airflow/.local/lib/python3.8/site-packages/airflow/example_dags/example_dag_decorator.py took 0.301 seconds
[2026-05-26T19:17:56.261+0000] {processor.py:161} INFO - Started process (PID=7644) to work on /home/airflow/.local/lib/python3.8/site-packages/airflow/example_dags/example_dag_decorator.py
[2026-05-26T19:17:56.262+0000] {processor.py:830} INFO - Processing file /home/airflow/.local/lib/python3.8/site-packages/airflow/example_dags/example_dag_decorator.py for tasks to queue
[2026-05-26T19:17:56.265+0000] {logging_mixin.py:188} INFO - [2026-05-26T19:17:56.264+0000] {dagbag.py:540} INFO - Filling up the DagBag from /home/airflow/.local/lib/python3.8/site-packages/airflow/example_dags/example_dag_decorator.py
[2026-05-26T19:17:56.339+0000] {processor.py:840} INFO - DAG(s) 'example_dag_decorator' retrieved from /home/airflow/.local/lib/python3.8/site-packages/airflow/example_dags/example_dag_decorator.py
[2026-05-26T19:17:56.540+0000] {logging_mixin.py:188} INFO - [2026-05-26T19:17:56.539+0000] {dag.py:3047} INFO - Sync 1 DAGs
[2026-05-26T19:17:56.548+0000] {logging_mixin.py:188} INFO - [2026-05-26T19:17:56.548+0000] {dag.py:3834} INFO - Setting next_dagrun for example_dag_decorator to None, run_after=None
[2026-05-26T19:17:56.569+0000] {processor.py:183} INFO - Processing /home/airflow/.local/lib/python3.8/site-packages/airflow/example_dags/example_dag_decorator.py took 0.311 seconds
