[2026-05-26T18:08:09.680+0000] {processor.py:161} INFO - Started process (PID=92) to work on /home/airflow/.local/lib/python3.8/site-packages/airflow/example_dags/tutorial.py
[2026-05-26T18:08:09.693+0000] {processor.py:830} INFO - Processing file /home/airflow/.local/lib/python3.8/site-packages/airflow/example_dags/tutorial.py for tasks to queue
[2026-05-26T18:08:09.706+0000] {logging_mixin.py:188} INFO - [2026-05-26T18:08:09.705+0000] {dagbag.py:540} INFO - Filling up the DagBag from /home/airflow/.local/lib/python3.8/site-packages/airflow/example_dags/tutorial.py
[2026-05-26T18:08:09.765+0000] {processor.py:840} INFO - DAG(s) 'tutorial' retrieved from /home/airflow/.local/lib/python3.8/site-packages/airflow/example_dags/tutorial.py
[2026-05-26T18:08:09.865+0000] {logging_mixin.py:188} INFO - [2026-05-26T18:08:09.864+0000] {dag.py:3047} INFO - Sync 1 DAGs
[2026-05-26T18:08:09.967+0000] {logging_mixin.py:188} INFO - [2026-05-26T18:08:09.967+0000] {dag.py:3834} INFO - Setting next_dagrun for tutorial to 2026-05-25 00:00:00+00:00, run_after=2026-05-26 00:00:00+00:00
[2026-05-26T18:08:10.035+0000] {processor.py:183} INFO - Processing /home/airflow/.local/lib/python3.8/site-packages/airflow/example_dags/tutorial.py took 0.376 seconds
[2026-05-26T18:08:40.708+0000] {processor.py:161} INFO - Started process (PID=147) to work on /home/airflow/.local/lib/python3.8/site-packages/airflow/example_dags/tutorial.py
[2026-05-26T18:08:40.710+0000] {processor.py:830} INFO - Processing file /home/airflow/.local/lib/python3.8/site-packages/airflow/example_dags/tutorial.py for tasks to queue
[2026-05-26T18:08:40.713+0000] {logging_mixin.py:188} INFO - [2026-05-26T18:08:40.712+0000] {dagbag.py:540} INFO - Filling up the DagBag from /home/airflow/.local/lib/python3.8/site-packages/airflow/example_dags/tutorial.py
[2026-05-26T18:08:40.720+0000] {processor.py:840} INFO - DAG(s) 'tutorial' retrieved from /home/airflow/.local/lib/python3.8/site-packages/airflow/example_dags/tutorial.py
[2026-05-26T18:08:40.739+0000] {logging_mixin.py:188} INFO - [2026-05-26T18:08:40.739+0000] {dag.py:3047} INFO - Sync 1 DAGs
[2026-05-26T18:08:40.763+0000] {logging_mixin.py:188} INFO - [2026-05-26T18:08:40.763+0000] {dag.py:3834} INFO - Setting next_dagrun for tutorial to 2026-05-25 00:00:00+00:00, run_after=2026-05-26 00:00:00+00:00
[2026-05-26T18:08:40.788+0000] {processor.py:183} INFO - Processing /home/airflow/.local/lib/python3.8/site-packages/airflow/example_dags/tutorial.py took 0.083 seconds
[2026-05-26T18:09:11.515+0000] {processor.py:161} INFO - Started process (PID=202) to work on /home/airflow/.local/lib/python3.8/site-packages/airflow/example_dags/tutorial.py
[2026-05-26T18:09:11.517+0000] {processor.py:830} INFO - Processing file /home/airflow/.local/lib/python3.8/site-packages/airflow/example_dags/tutorial.py for tasks to queue
[2026-05-26T18:09:11.521+0000] {logging_mixin.py:188} INFO - [2026-05-26T18:09:11.520+0000] {dagbag.py:540} INFO - Filling up the DagBag from /home/airflow/.local/lib/python3.8/site-packages/airflow/example_dags/tutorial.py
[2026-05-26T18:09:11.528+0000] {processor.py:840} INFO - DAG(s) 'tutorial' retrieved from /home/airflow/.local/lib/python3.8/site-packages/airflow/example_dags/tutorial.py
[2026-05-26T18:09:11.556+0000] {logging_mixin.py:188} INFO - [2026-05-26T18:09:11.555+0000] {dag.py:3047} INFO - Sync 1 DAGs
[2026-05-26T18:09:11.578+0000] {logging_mixin.py:188} INFO - [2026-05-26T18:09:11.577+0000] {dag.py:3834} INFO - Setting next_dagrun for tutorial to 2026-05-25 00:00:00+00:00, run_after=2026-05-26 00:00:00+00:00
[2026-05-26T18:09:11.600+0000] {processor.py:183} INFO - Processing /home/airflow/.local/lib/python3.8/site-packages/airflow/example_dags/tutorial.py took 0.090 seconds
[2026-05-26T18:09:41.722+0000] {processor.py:161} INFO - Started process (PID=257) to work on /home/airflow/.local/lib/python3.8/site-packages/airflow/example_dags/tutorial.py
[2026-05-26T18:09:41.724+0000] {processor.py:830} INFO - Processing file /home/airflow/.local/lib/python3.8/site-packages/airflow/example_dags/tutorial.py for tasks to queue
[2026-05-26T18:09:41.725+0000] {logging_mixin.py:188} INFO - [2026-05-26T18:09:41.725+0000] {dagbag.py:540} INFO - Filling up the DagBag from /home/airflow/.local/lib/python3.8/site-packages/airflow/example_dags/tutorial.py
[2026-05-26T18:09:41.730+0000] {processor.py:840} INFO - DAG(s) 'tutorial' retrieved from /home/airflow/.local/lib/python3.8/site-packages/airflow/example_dags/tutorial.py
[2026-05-26T18:09:41.749+0000] {logging_mixin.py:188} INFO - [2026-05-26T18:09:41.748+0000] {dag.py:3047} INFO - Sync 1 DAGs
[2026-05-26T18:09:41.768+0000] {logging_mixin.py:188} INFO - [2026-05-26T18:09:41.768+0000] {dag.py:3834} INFO - Setting next_dagrun for tutorial to 2026-05-25 00:00:00+00:00, run_after=2026-05-26 00:00:00+00:00
[2026-05-26T18:09:41.790+0000] {processor.py:183} INFO - Processing /home/airflow/.local/lib/python3.8/site-packages/airflow/example_dags/tutorial.py took 0.070 seconds
[2026-05-26T18:10:12.403+0000] {processor.py:161} INFO - Started process (PID=312) to work on /home/airflow/.local/lib/python3.8/site-packages/airflow/example_dags/tutorial.py
[2026-05-26T18:10:12.404+0000] {processor.py:830} INFO - Processing file /home/airflow/.local/lib/python3.8/site-packages/airflow/example_dags/tutorial.py for tasks to queue
[2026-05-26T18:10:12.406+0000] {logging_mixin.py:188} INFO - [2026-05-26T18:10:12.406+0000] {dagbag.py:540} INFO - Filling up the DagBag from /home/airflow/.local/lib/python3.8/site-packages/airflow/example_dags/tutorial.py
[2026-05-26T18:10:12.411+0000] {processor.py:840} INFO - DAG(s) 'tutorial' retrieved from /home/airflow/.local/lib/python3.8/site-packages/airflow/example_dags/tutorial.py
[2026-05-26T18:10:12.428+0000] {logging_mixin.py:188} INFO - [2026-05-26T18:10:12.428+0000] {dag.py:3047} INFO - Sync 1 DAGs
[2026-05-26T18:10:12.443+0000] {logging_mixin.py:188} INFO - [2026-05-26T18:10:12.443+0000] {dag.py:3834} INFO - Setting next_dagrun for tutorial to 2026-05-25 00:00:00+00:00, run_after=2026-05-26 00:00:00+00:00
[2026-05-26T18:10:12.457+0000] {processor.py:183} INFO - Processing /home/airflow/.local/lib/python3.8/site-packages/airflow/example_dags/tutorial.py took 0.057 seconds
[2026-05-26T18:10:43.326+0000] {processor.py:161} INFO - Started process (PID=367) to work on /home/airflow/.local/lib/python3.8/site-packages/airflow/example_dags/tutorial.py
[2026-05-26T18:10:43.327+0000] {processor.py:830} INFO - Processing file /home/airflow/.local/lib/python3.8/site-packages/airflow/example_dags/tutorial.py for tasks to queue
[2026-05-26T18:10:43.329+0000] {logging_mixin.py:188} INFO - [2026-05-26T18:10:43.329+0000] {dagbag.py:540} INFO - Filling up the DagBag from /home/airflow/.local/lib/python3.8/site-packages/airflow/example_dags/tutorial.py
[2026-05-26T18:10:43.334+0000] {processor.py:840} INFO - DAG(s) 'tutorial' retrieved from /home/airflow/.local/lib/python3.8/site-packages/airflow/example_dags/tutorial.py
[2026-05-26T18:10:43.351+0000] {logging_mixin.py:188} INFO - [2026-05-26T18:10:43.351+0000] {dag.py:3047} INFO - Sync 1 DAGs
[2026-05-26T18:10:43.368+0000] {logging_mixin.py:188} INFO - [2026-05-26T18:10:43.368+0000] {dag.py:3834} INFO - Setting next_dagrun for tutorial to 2026-05-25 00:00:00+00:00, run_after=2026-05-26 00:00:00+00:00
[2026-05-26T18:10:43.383+0000] {processor.py:183} INFO - Processing /home/airflow/.local/lib/python3.8/site-packages/airflow/example_dags/tutorial.py took 0.061 seconds
[2026-05-26T18:11:13.544+0000] {processor.py:161} INFO - Started process (PID=422) to work on /home/airflow/.local/lib/python3.8/site-packages/airflow/example_dags/tutorial.py
[2026-05-26T18:11:13.545+0000] {processor.py:830} INFO - Processing file /home/airflow/.local/lib/python3.8/site-packages/airflow/example_dags/tutorial.py for tasks to queue
[2026-05-26T18:11:13.547+0000] {logging_mixin.py:188} INFO - [2026-05-26T18:11:13.546+0000] {dagbag.py:540} INFO - Filling up the DagBag from /home/airflow/.local/lib/python3.8/site-packages/airflow/example_dags/tutorial.py
[2026-05-26T18:11:13.552+0000] {processor.py:840} INFO - DAG(s) 'tutorial' retrieved from /home/airflow/.local/lib/python3.8/site-packages/airflow/example_dags/tutorial.py
[2026-05-26T18:11:13.568+0000] {logging_mixin.py:188} INFO - [2026-05-26T18:11:13.568+0000] {dag.py:3047} INFO - Sync 1 DAGs
[2026-05-26T18:11:13.584+0000] {logging_mixin.py:188} INFO - [2026-05-26T18:11:13.584+0000] {dag.py:3834} INFO - Setting next_dagrun for tutorial to 2026-05-25 00:00:00+00:00, run_after=2026-05-26 00:00:00+00:00
[2026-05-26T18:11:13.602+0000] {processor.py:183} INFO - Processing /home/airflow/.local/lib/python3.8/site-packages/airflow/example_dags/tutorial.py took 0.061 seconds
[2026-05-26T18:11:44.224+0000] {processor.py:161} INFO - Started process (PID=477) to work on /home/airflow/.local/lib/python3.8/site-packages/airflow/example_dags/tutorial.py
[2026-05-26T18:11:44.225+0000] {processor.py:830} INFO - Processing file /home/airflow/.local/lib/python3.8/site-packages/airflow/example_dags/tutorial.py for tasks to queue
[2026-05-26T18:11:44.227+0000] {logging_mixin.py:188} INFO - [2026-05-26T18:11:44.227+0000] {dagbag.py:540} INFO - Filling up the DagBag from /home/airflow/.local/lib/python3.8/site-packages/airflow/example_dags/tutorial.py
[2026-05-26T18:11:44.232+0000] {processor.py:840} INFO - DAG(s) 'tutorial' retrieved from /home/airflow/.local/lib/python3.8/site-packages/airflow/example_dags/tutorial.py
[2026-05-26T18:11:44.248+0000] {logging_mixin.py:188} INFO - [2026-05-26T18:11:44.248+0000] {dag.py:3047} INFO - Sync 1 DAGs
[2026-05-26T18:11:44.264+0000] {logging_mixin.py:188} INFO - [2026-05-26T18:11:44.264+0000] {dag.py:3834} INFO - Setting next_dagrun for tutorial to 2026-05-25 00:00:00+00:00, run_after=2026-05-26 00:00:00+00:00
[2026-05-26T18:11:44.280+0000] {processor.py:183} INFO - Processing /home/airflow/.local/lib/python3.8/site-packages/airflow/example_dags/tutorial.py took 0.059 seconds
[2026-05-26T18:12:14.572+0000] {processor.py:161} INFO - Started process (PID=532) to work on /home/airflow/.local/lib/python3.8/site-packages/airflow/example_dags/tutorial.py
[2026-05-26T18:12:14.573+0000] {processor.py:830} INFO - Processing file /home/airflow/.local/lib/python3.8/site-packages/airflow/example_dags/tutorial.py for tasks to queue
[2026-05-26T18:12:14.575+0000] {logging_mixin.py:188} INFO - [2026-05-26T18:12:14.575+0000] {dagbag.py:540} INFO - Filling up the DagBag from /home/airflow/.local/lib/python3.8/site-packages/airflow/example_dags/tutorial.py
[2026-05-26T18:12:14.582+0000] {processor.py:840} INFO - DAG(s) 'tutorial' retrieved from /home/airflow/.local/lib/python3.8/site-packages/airflow/example_dags/tutorial.py
[2026-05-26T18:12:14.603+0000] {logging_mixin.py:188} INFO - [2026-05-26T18:12:14.603+0000] {dag.py:3047} INFO - Sync 1 DAGs
[2026-05-26T18:12:14.623+0000] {logging_mixin.py:188} INFO - [2026-05-26T18:12:14.623+0000] {dag.py:3834} INFO - Setting next_dagrun for tutorial to 2026-05-25 00:00:00+00:00, run_after=2026-05-26 00:00:00+00:00
[2026-05-26T18:12:14.648+0000] {processor.py:183} INFO - Processing /home/airflow/.local/lib/python3.8/site-packages/airflow/example_dags/tutorial.py took 0.079 seconds
[2026-05-26T18:12:44.787+0000] {processor.py:161} INFO - Started process (PID=588) to work on /home/airflow/.local/lib/python3.8/site-packages/airflow/example_dags/tutorial.py
[2026-05-26T18:12:44.788+0000] {processor.py:830} INFO - Processing file /home/airflow/.local/lib/python3.8/site-packages/airflow/example_dags/tutorial.py for tasks to queue
[2026-05-26T18:12:44.790+0000] {logging_mixin.py:188} INFO - [2026-05-26T18:12:44.790+0000] {dagbag.py:540} INFO - Filling up the DagBag from /home/airflow/.local/lib/python3.8/site-packages/airflow/example_dags/tutorial.py
[2026-05-26T18:12:44.796+0000] {processor.py:840} INFO - DAG(s) 'tutorial' retrieved from /home/airflow/.local/lib/python3.8/site-packages/airflow/example_dags/tutorial.py
[2026-05-26T18:12:44.812+0000] {logging_mixin.py:188} INFO - [2026-05-26T18:12:44.811+0000] {dag.py:3047} INFO - Sync 1 DAGs
[2026-05-26T18:12:44.827+0000] {logging_mixin.py:188} INFO - [2026-05-26T18:12:44.827+0000] {dag.py:3834} INFO - Setting next_dagrun for tutorial to 2026-05-25 00:00:00+00:00, run_after=2026-05-26 00:00:00+00:00
[2026-05-26T18:12:44.845+0000] {processor.py:183} INFO - Processing /home/airflow/.local/lib/python3.8/site-packages/airflow/example_dags/tutorial.py took 0.061 seconds
[2026-05-26T18:13:15.144+0000] {processor.py:161} INFO - Started process (PID=643) to work on /home/airflow/.local/lib/python3.8/site-packages/airflow/example_dags/tutorial.py
[2026-05-26T18:13:15.146+0000] {processor.py:830} INFO - Processing file /home/airflow/.local/lib/python3.8/site-packages/airflow/example_dags/tutorial.py for tasks to queue
[2026-05-26T18:13:15.149+0000] {logging_mixin.py:188} INFO - [2026-05-26T18:13:15.149+0000] {dagbag.py:540} INFO - Filling up the DagBag from /home/airflow/.local/lib/python3.8/site-packages/airflow/example_dags/tutorial.py
[2026-05-26T18:13:15.158+0000] {processor.py:840} INFO - DAG(s) 'tutorial' retrieved from /home/airflow/.local/lib/python3.8/site-packages/airflow/example_dags/tutorial.py
[2026-05-26T18:13:15.193+0000] {logging_mixin.py:188} INFO - [2026-05-26T18:13:15.193+0000] {dag.py:3047} INFO - Sync 1 DAGs
[2026-05-26T18:13:15.227+0000] {logging_mixin.py:188} INFO - [2026-05-26T18:13:15.227+0000] {dag.py:3834} INFO - Setting next_dagrun for tutorial to 2026-05-25 00:00:00+00:00, run_after=2026-05-26 00:00:00+00:00
[2026-05-26T18:13:15.273+0000] {processor.py:183} INFO - Processing /home/airflow/.local/lib/python3.8/site-packages/airflow/example_dags/tutorial.py took 0.138 seconds
[2026-05-26T18:13:45.554+0000] {processor.py:161} INFO - Started process (PID=698) to work on /home/airflow/.local/lib/python3.8/site-packages/airflow/example_dags/tutorial.py
[2026-05-26T18:13:45.555+0000] {processor.py:830} INFO - Processing file /home/airflow/.local/lib/python3.8/site-packages/airflow/example_dags/tutorial.py for tasks to queue
[2026-05-26T18:13:45.558+0000] {logging_mixin.py:188} INFO - [2026-05-26T18:13:45.557+0000] {dagbag.py:540} INFO - Filling up the DagBag from /home/airflow/.local/lib/python3.8/site-packages/airflow/example_dags/tutorial.py
[2026-05-26T18:13:45.563+0000] {processor.py:840} INFO - DAG(s) 'tutorial' retrieved from /home/airflow/.local/lib/python3.8/site-packages/airflow/example_dags/tutorial.py
[2026-05-26T18:13:45.580+0000] {logging_mixin.py:188} INFO - [2026-05-26T18:13:45.580+0000] {dag.py:3047} INFO - Sync 1 DAGs
[2026-05-26T18:13:45.600+0000] {logging_mixin.py:188} INFO - [2026-05-26T18:13:45.600+0000] {dag.py:3834} INFO - Setting next_dagrun for tutorial to 2026-05-25 00:00:00+00:00, run_after=2026-05-26 00:00:00+00:00
[2026-05-26T18:13:45.618+0000] {processor.py:183} INFO - Processing /home/airflow/.local/lib/python3.8/site-packages/airflow/example_dags/tutorial.py took 0.067 seconds
[2026-05-26T18:14:16.261+0000] {processor.py:161} INFO - Started process (PID=754) to work on /home/airflow/.local/lib/python3.8/site-packages/airflow/example_dags/tutorial.py
[2026-05-26T18:14:16.263+0000] {processor.py:830} INFO - Processing file /home/airflow/.local/lib/python3.8/site-packages/airflow/example_dags/tutorial.py for tasks to queue
[2026-05-26T18:14:16.265+0000] {logging_mixin.py:188} INFO - [2026-05-26T18:14:16.264+0000] {dagbag.py:540} INFO - Filling up the DagBag from /home/airflow/.local/lib/python3.8/site-packages/airflow/example_dags/tutorial.py
[2026-05-26T18:14:16.270+0000] {processor.py:840} INFO - DAG(s) 'tutorial' retrieved from /home/airflow/.local/lib/python3.8/site-packages/airflow/example_dags/tutorial.py
[2026-05-26T18:14:16.287+0000] {logging_mixin.py:188} INFO - [2026-05-26T18:14:16.287+0000] {dag.py:3047} INFO - Sync 1 DAGs
[2026-05-26T18:14:16.305+0000] {logging_mixin.py:188} INFO - [2026-05-26T18:14:16.304+0000] {dag.py:3834} INFO - Setting next_dagrun for tutorial to 2026-05-25 00:00:00+00:00, run_after=2026-05-26 00:00:00+00:00
[2026-05-26T18:14:16.322+0000] {processor.py:183} INFO - Processing /home/airflow/.local/lib/python3.8/site-packages/airflow/example_dags/tutorial.py took 0.063 seconds
[2026-05-26T18:14:46.648+0000] {processor.py:161} INFO - Started process (PID=809) to work on /home/airflow/.local/lib/python3.8/site-packages/airflow/example_dags/tutorial.py
[2026-05-26T18:14:46.650+0000] {processor.py:830} INFO - Processing file /home/airflow/.local/lib/python3.8/site-packages/airflow/example_dags/tutorial.py for tasks to queue
[2026-05-26T18:14:46.652+0000] {logging_mixin.py:188} INFO - [2026-05-26T18:14:46.652+0000] {dagbag.py:540} INFO - Filling up the DagBag from /home/airflow/.local/lib/python3.8/site-packages/airflow/example_dags/tutorial.py
[2026-05-26T18:14:46.658+0000] {processor.py:840} INFO - DAG(s) 'tutorial' retrieved from /home/airflow/.local/lib/python3.8/site-packages/airflow/example_dags/tutorial.py
[2026-05-26T18:14:46.682+0000] {logging_mixin.py:188} INFO - [2026-05-26T18:14:46.681+0000] {dag.py:3047} INFO - Sync 1 DAGs
[2026-05-26T18:14:46.703+0000] {logging_mixin.py:188} INFO - [2026-05-26T18:14:46.703+0000] {dag.py:3834} INFO - Setting next_dagrun for tutorial to 2026-05-25 00:00:00+00:00, run_after=2026-05-26 00:00:00+00:00
[2026-05-26T18:14:46.719+0000] {processor.py:183} INFO - Processing /home/airflow/.local/lib/python3.8/site-packages/airflow/example_dags/tutorial.py took 0.075 seconds
[2026-05-26T18:15:17.236+0000] {processor.py:161} INFO - Started process (PID=864) to work on /home/airflow/.local/lib/python3.8/site-packages/airflow/example_dags/tutorial.py
[2026-05-26T18:15:17.237+0000] {processor.py:830} INFO - Processing file /home/airflow/.local/lib/python3.8/site-packages/airflow/example_dags/tutorial.py for tasks to queue
[2026-05-26T18:15:17.239+0000] {logging_mixin.py:188} INFO - [2026-05-26T18:15:17.239+0000] {dagbag.py:540} INFO - Filling up the DagBag from /home/airflow/.local/lib/python3.8/site-packages/airflow/example_dags/tutorial.py
[2026-05-26T18:15:17.246+0000] {processor.py:840} INFO - DAG(s) 'tutorial' retrieved from /home/airflow/.local/lib/python3.8/site-packages/airflow/example_dags/tutorial.py
[2026-05-26T18:15:17.264+0000] {logging_mixin.py:188} INFO - [2026-05-26T18:15:17.264+0000] {dag.py:3047} INFO - Sync 1 DAGs
[2026-05-26T18:15:17.284+0000] {logging_mixin.py:188} INFO - [2026-05-26T18:15:17.283+0000] {dag.py:3834} INFO - Setting next_dagrun for tutorial to 2026-05-25 00:00:00+00:00, run_after=2026-05-26 00:00:00+00:00
[2026-05-26T18:15:17.299+0000] {processor.py:183} INFO - Processing /home/airflow/.local/lib/python3.8/site-packages/airflow/example_dags/tutorial.py took 0.067 seconds
[2026-05-26T18:15:47.901+0000] {processor.py:161} INFO - Started process (PID=919) to work on /home/airflow/.local/lib/python3.8/site-packages/airflow/example_dags/tutorial.py
[2026-05-26T18:15:47.902+0000] {processor.py:830} INFO - Processing file /home/airflow/.local/lib/python3.8/site-packages/airflow/example_dags/tutorial.py for tasks to queue
[2026-05-26T18:15:47.904+0000] {logging_mixin.py:188} INFO - [2026-05-26T18:15:47.904+0000] {dagbag.py:540} INFO - Filling up the DagBag from /home/airflow/.local/lib/python3.8/site-packages/airflow/example_dags/tutorial.py
[2026-05-26T18:15:47.910+0000] {processor.py:840} INFO - DAG(s) 'tutorial' retrieved from /home/airflow/.local/lib/python3.8/site-packages/airflow/example_dags/tutorial.py
[2026-05-26T18:15:47.926+0000] {logging_mixin.py:188} INFO - [2026-05-26T18:15:47.926+0000] {dag.py:3047} INFO - Sync 1 DAGs
[2026-05-26T18:15:47.944+0000] {logging_mixin.py:188} INFO - [2026-05-26T18:15:47.944+0000] {dag.py:3834} INFO - Setting next_dagrun for tutorial to 2026-05-25 00:00:00+00:00, run_after=2026-05-26 00:00:00+00:00
[2026-05-26T18:15:47.959+0000] {processor.py:183} INFO - Processing /home/airflow/.local/lib/python3.8/site-packages/airflow/example_dags/tutorial.py took 0.061 seconds
[2026-05-26T18:16:18.166+0000] {processor.py:161} INFO - Started process (PID=974) to work on /home/airflow/.local/lib/python3.8/site-packages/airflow/example_dags/tutorial.py
[2026-05-26T18:16:18.167+0000] {processor.py:830} INFO - Processing file /home/airflow/.local/lib/python3.8/site-packages/airflow/example_dags/tutorial.py for tasks to queue
[2026-05-26T18:16:18.169+0000] {logging_mixin.py:188} INFO - [2026-05-26T18:16:18.169+0000] {dagbag.py:540} INFO - Filling up the DagBag from /home/airflow/.local/lib/python3.8/site-packages/airflow/example_dags/tutorial.py
[2026-05-26T18:16:18.174+0000] {processor.py:840} INFO - DAG(s) 'tutorial' retrieved from /home/airflow/.local/lib/python3.8/site-packages/airflow/example_dags/tutorial.py
[2026-05-26T18:16:18.192+0000] {logging_mixin.py:188} INFO - [2026-05-26T18:16:18.192+0000] {dag.py:3047} INFO - Sync 1 DAGs
[2026-05-26T18:16:18.211+0000] {logging_mixin.py:188} INFO - [2026-05-26T18:16:18.211+0000] {dag.py:3834} INFO - Setting next_dagrun for tutorial to 2026-05-25 00:00:00+00:00, run_after=2026-05-26 00:00:00+00:00
[2026-05-26T18:16:18.229+0000] {processor.py:183} INFO - Processing /home/airflow/.local/lib/python3.8/site-packages/airflow/example_dags/tutorial.py took 0.067 seconds
[2026-05-26T18:16:48.376+0000] {processor.py:161} INFO - Started process (PID=1029) to work on /home/airflow/.local/lib/python3.8/site-packages/airflow/example_dags/tutorial.py
[2026-05-26T18:16:48.378+0000] {processor.py:830} INFO - Processing file /home/airflow/.local/lib/python3.8/site-packages/airflow/example_dags/tutorial.py for tasks to queue
[2026-05-26T18:16:48.380+0000] {logging_mixin.py:188} INFO - [2026-05-26T18:16:48.380+0000] {dagbag.py:540} INFO - Filling up the DagBag from /home/airflow/.local/lib/python3.8/site-packages/airflow/example_dags/tutorial.py
[2026-05-26T18:16:48.385+0000] {processor.py:840} INFO - DAG(s) 'tutorial' retrieved from /home/airflow/.local/lib/python3.8/site-packages/airflow/example_dags/tutorial.py
[2026-05-26T18:16:48.404+0000] {logging_mixin.py:188} INFO - [2026-05-26T18:16:48.404+0000] {dag.py:3047} INFO - Sync 1 DAGs
[2026-05-26T18:16:48.424+0000] {logging_mixin.py:188} INFO - [2026-05-26T18:16:48.424+0000] {dag.py:3834} INFO - Setting next_dagrun for tutorial to 2026-05-25 00:00:00+00:00, run_after=2026-05-26 00:00:00+00:00
[2026-05-26T18:16:48.440+0000] {processor.py:183} INFO - Processing /home/airflow/.local/lib/python3.8/site-packages/airflow/example_dags/tutorial.py took 0.067 seconds
[2026-05-26T18:17:18.776+0000] {processor.py:161} INFO - Started process (PID=1084) to work on /home/airflow/.local/lib/python3.8/site-packages/airflow/example_dags/tutorial.py
[2026-05-26T18:17:18.777+0000] {processor.py:830} INFO - Processing file /home/airflow/.local/lib/python3.8/site-packages/airflow/example_dags/tutorial.py for tasks to queue
[2026-05-26T18:17:18.780+0000] {logging_mixin.py:188} INFO - [2026-05-26T18:17:18.779+0000] {dagbag.py:540} INFO - Filling up the DagBag from /home/airflow/.local/lib/python3.8/site-packages/airflow/example_dags/tutorial.py
[2026-05-26T18:17:18.785+0000] {processor.py:840} INFO - DAG(s) 'tutorial' retrieved from /home/airflow/.local/lib/python3.8/site-packages/airflow/example_dags/tutorial.py
[2026-05-26T18:17:18.812+0000] {logging_mixin.py:188} INFO - [2026-05-26T18:17:18.811+0000] {dag.py:3047} INFO - Sync 1 DAGs
[2026-05-26T18:17:18.836+0000] {logging_mixin.py:188} INFO - [2026-05-26T18:17:18.836+0000] {dag.py:3834} INFO - Setting next_dagrun for tutorial to 2026-05-25 00:00:00+00:00, run_after=2026-05-26 00:00:00+00:00
[2026-05-26T18:17:18.864+0000] {processor.py:183} INFO - Processing /home/airflow/.local/lib/python3.8/site-packages/airflow/example_dags/tutorial.py took 0.091 seconds
[2026-05-26T18:17:49.015+0000] {processor.py:161} INFO - Started process (PID=1139) to work on /home/airflow/.local/lib/python3.8/site-packages/airflow/example_dags/tutorial.py
[2026-05-26T18:17:49.017+0000] {processor.py:830} INFO - Processing file /home/airflow/.local/lib/python3.8/site-packages/airflow/example_dags/tutorial.py for tasks to queue
[2026-05-26T18:17:49.019+0000] {logging_mixin.py:188} INFO - [2026-05-26T18:17:49.019+0000] {dagbag.py:540} INFO - Filling up the DagBag from /home/airflow/.local/lib/python3.8/site-packages/airflow/example_dags/tutorial.py
[2026-05-26T18:17:49.025+0000] {processor.py:840} INFO - DAG(s) 'tutorial' retrieved from /home/airflow/.local/lib/python3.8/site-packages/airflow/example_dags/tutorial.py
[2026-05-26T18:17:49.042+0000] {logging_mixin.py:188} INFO - [2026-05-26T18:17:49.042+0000] {dag.py:3047} INFO - Sync 1 DAGs
[2026-05-26T18:17:49.062+0000] {logging_mixin.py:188} INFO - [2026-05-26T18:17:49.062+0000] {dag.py:3834} INFO - Setting next_dagrun for tutorial to 2026-05-25 00:00:00+00:00, run_after=2026-05-26 00:00:00+00:00
[2026-05-26T18:17:49.079+0000] {processor.py:183} INFO - Processing /home/airflow/.local/lib/python3.8/site-packages/airflow/example_dags/tutorial.py took 0.067 seconds
[2026-05-26T18:18:19.389+0000] {processor.py:161} INFO - Started process (PID=1194) to work on /home/airflow/.local/lib/python3.8/site-packages/airflow/example_dags/tutorial.py
[2026-05-26T18:18:19.390+0000] {processor.py:830} INFO - Processing file /home/airflow/.local/lib/python3.8/site-packages/airflow/example_dags/tutorial.py for tasks to queue
[2026-05-26T18:18:19.393+0000] {logging_mixin.py:188} INFO - [2026-05-26T18:18:19.393+0000] {dagbag.py:540} INFO - Filling up the DagBag from /home/airflow/.local/lib/python3.8/site-packages/airflow/example_dags/tutorial.py
[2026-05-26T18:18:19.402+0000] {processor.py:840} INFO - DAG(s) 'tutorial' retrieved from /home/airflow/.local/lib/python3.8/site-packages/airflow/example_dags/tutorial.py
[2026-05-26T18:18:19.430+0000] {logging_mixin.py:188} INFO - [2026-05-26T18:18:19.429+0000] {dag.py:3047} INFO - Sync 1 DAGs
[2026-05-26T18:18:19.494+0000] {logging_mixin.py:188} INFO - [2026-05-26T18:18:19.494+0000] {dag.py:3834} INFO - Setting next_dagrun for tutorial to 2026-05-25 00:00:00+00:00, run_after=2026-05-26 00:00:00+00:00
[2026-05-26T18:18:19.547+0000] {processor.py:183} INFO - Processing /home/airflow/.local/lib/python3.8/site-packages/airflow/example_dags/tutorial.py took 0.163 seconds
[2026-05-26T18:18:49.897+0000] {processor.py:161} INFO - Started process (PID=1249) to work on /home/airflow/.local/lib/python3.8/site-packages/airflow/example_dags/tutorial.py
[2026-05-26T18:18:49.898+0000] {processor.py:830} INFO - Processing file /home/airflow/.local/lib/python3.8/site-packages/airflow/example_dags/tutorial.py for tasks to queue
[2026-05-26T18:18:49.900+0000] {logging_mixin.py:188} INFO - [2026-05-26T18:18:49.900+0000] {dagbag.py:540} INFO - Filling up the DagBag from /home/airflow/.local/lib/python3.8/site-packages/airflow/example_dags/tutorial.py
[2026-05-26T18:18:49.905+0000] {processor.py:840} INFO - DAG(s) 'tutorial' retrieved from /home/airflow/.local/lib/python3.8/site-packages/airflow/example_dags/tutorial.py
[2026-05-26T18:18:49.922+0000] {logging_mixin.py:188} INFO - [2026-05-26T18:18:49.922+0000] {dag.py:3047} INFO - Sync 1 DAGs
[2026-05-26T18:18:49.943+0000] {logging_mixin.py:188} INFO - [2026-05-26T18:18:49.943+0000] {dag.py:3834} INFO - Setting next_dagrun for tutorial to 2026-05-25 00:00:00+00:00, run_after=2026-05-26 00:00:00+00:00
[2026-05-26T18:18:49.959+0000] {processor.py:183} INFO - Processing /home/airflow/.local/lib/python3.8/site-packages/airflow/example_dags/tutorial.py took 0.065 seconds
[2026-05-26T18:19:20.146+0000] {processor.py:161} INFO - Started process (PID=1304) to work on /home/airflow/.local/lib/python3.8/site-packages/airflow/example_dags/tutorial.py
[2026-05-26T18:19:20.148+0000] {processor.py:830} INFO - Processing file /home/airflow/.local/lib/python3.8/site-packages/airflow/example_dags/tutorial.py for tasks to queue
[2026-05-26T18:19:20.153+0000] {logging_mixin.py:188} INFO - [2026-05-26T18:19:20.153+0000] {dagbag.py:540} INFO - Filling up the DagBag from /home/airflow/.local/lib/python3.8/site-packages/airflow/example_dags/tutorial.py
[2026-05-26T18:19:20.159+0000] {processor.py:840} INFO - DAG(s) 'tutorial' retrieved from /home/airflow/.local/lib/python3.8/site-packages/airflow/example_dags/tutorial.py
[2026-05-26T18:19:20.189+0000] {logging_mixin.py:188} INFO - [2026-05-26T18:19:20.188+0000] {dag.py:3047} INFO - Sync 1 DAGs
[2026-05-26T18:19:20.221+0000] {logging_mixin.py:188} INFO - [2026-05-26T18:19:20.221+0000] {dag.py:3834} INFO - Setting next_dagrun for tutorial to 2026-05-25 00:00:00+00:00, run_after=2026-05-26 00:00:00+00:00
[2026-05-26T18:19:20.257+0000] {processor.py:183} INFO - Processing /home/airflow/.local/lib/python3.8/site-packages/airflow/example_dags/tutorial.py took 0.114 seconds
[2026-05-26T18:19:51.245+0000] {processor.py:161} INFO - Started process (PID=1359) to work on /home/airflow/.local/lib/python3.8/site-packages/airflow/example_dags/tutorial.py
[2026-05-26T18:19:51.247+0000] {processor.py:830} INFO - Processing file /home/airflow/.local/lib/python3.8/site-packages/airflow/example_dags/tutorial.py for tasks to queue
[2026-05-26T18:19:51.250+0000] {logging_mixin.py:188} INFO - [2026-05-26T18:19:51.249+0000] {dagbag.py:540} INFO - Filling up the DagBag from /home/airflow/.local/lib/python3.8/site-packages/airflow/example_dags/tutorial.py
[2026-05-26T18:19:51.258+0000] {processor.py:840} INFO - DAG(s) 'tutorial' retrieved from /home/airflow/.local/lib/python3.8/site-packages/airflow/example_dags/tutorial.py
[2026-05-26T18:19:51.286+0000] {logging_mixin.py:188} INFO - [2026-05-26T18:19:51.286+0000] {dag.py:3047} INFO - Sync 1 DAGs
[2026-05-26T18:19:51.330+0000] {logging_mixin.py:188} INFO - [2026-05-26T18:19:51.330+0000] {dag.py:3834} INFO - Setting next_dagrun for tutorial to 2026-05-25 00:00:00+00:00, run_after=2026-05-26 00:00:00+00:00
[2026-05-26T18:19:51.363+0000] {processor.py:183} INFO - Processing /home/airflow/.local/lib/python3.8/site-packages/airflow/example_dags/tutorial.py took 0.121 seconds
[2026-05-26T18:20:21.438+0000] {processor.py:161} INFO - Started process (PID=1414) to work on /home/airflow/.local/lib/python3.8/site-packages/airflow/example_dags/tutorial.py
[2026-05-26T18:20:21.440+0000] {processor.py:830} INFO - Processing file /home/airflow/.local/lib/python3.8/site-packages/airflow/example_dags/tutorial.py for tasks to queue
[2026-05-26T18:20:21.441+0000] {logging_mixin.py:188} INFO - [2026-05-26T18:20:21.441+0000] {dagbag.py:540} INFO - Filling up the DagBag from /home/airflow/.local/lib/python3.8/site-packages/airflow/example_dags/tutorial.py
[2026-05-26T18:20:21.447+0000] {processor.py:840} INFO - DAG(s) 'tutorial' retrieved from /home/airflow/.local/lib/python3.8/site-packages/airflow/example_dags/tutorial.py
[2026-05-26T18:20:21.465+0000] {logging_mixin.py:188} INFO - [2026-05-26T18:20:21.465+0000] {dag.py:3047} INFO - Sync 1 DAGs
[2026-05-26T18:20:21.483+0000] {logging_mixin.py:188} INFO - [2026-05-26T18:20:21.483+0000] {dag.py:3834} INFO - Setting next_dagrun for tutorial to 2026-05-25 00:00:00+00:00, run_after=2026-05-26 00:00:00+00:00
[2026-05-26T18:20:21.498+0000] {processor.py:183} INFO - Processing /home/airflow/.local/lib/python3.8/site-packages/airflow/example_dags/tutorial.py took 0.063 seconds
[2026-05-26T18:20:52.374+0000] {processor.py:161} INFO - Started process (PID=1469) to work on /home/airflow/.local/lib/python3.8/site-packages/airflow/example_dags/tutorial.py
[2026-05-26T18:20:52.377+0000] {processor.py:830} INFO - Processing file /home/airflow/.local/lib/python3.8/site-packages/airflow/example_dags/tutorial.py for tasks to queue
[2026-05-26T18:20:52.380+0000] {logging_mixin.py:188} INFO - [2026-05-26T18:20:52.379+0000] {dagbag.py:540} INFO - Filling up the DagBag from /home/airflow/.local/lib/python3.8/site-packages/airflow/example_dags/tutorial.py
[2026-05-26T18:20:52.392+0000] {processor.py:840} INFO - DAG(s) 'tutorial' retrieved from /home/airflow/.local/lib/python3.8/site-packages/airflow/example_dags/tutorial.py
[2026-05-26T18:20:52.438+0000] {logging_mixin.py:188} INFO - [2026-05-26T18:20:52.438+0000] {dag.py:3047} INFO - Sync 1 DAGs
[2026-05-26T18:20:52.499+0000] {logging_mixin.py:188} INFO - [2026-05-26T18:20:52.498+0000] {dag.py:3834} INFO - Setting next_dagrun for tutorial to 2026-05-25 00:00:00+00:00, run_after=2026-05-26 00:00:00+00:00
[2026-05-26T18:20:52.544+0000] {processor.py:183} INFO - Processing /home/airflow/.local/lib/python3.8/site-packages/airflow/example_dags/tutorial.py took 0.176 seconds
[2026-05-26T18:21:24.117+0000] {processor.py:161} INFO - Started process (PID=1524) to work on /home/airflow/.local/lib/python3.8/site-packages/airflow/example_dags/tutorial.py
[2026-05-26T18:21:24.119+0000] {processor.py:830} INFO - Processing file /home/airflow/.local/lib/python3.8/site-packages/airflow/example_dags/tutorial.py for tasks to queue
[2026-05-26T18:21:24.124+0000] {logging_mixin.py:188} INFO - [2026-05-26T18:21:24.123+0000] {dagbag.py:540} INFO - Filling up the DagBag from /home/airflow/.local/lib/python3.8/site-packages/airflow/example_dags/tutorial.py
[2026-05-26T18:21:24.141+0000] {processor.py:840} INFO - DAG(s) 'tutorial' retrieved from /home/airflow/.local/lib/python3.8/site-packages/airflow/example_dags/tutorial.py
[2026-05-26T18:21:24.191+0000] {logging_mixin.py:188} INFO - [2026-05-26T18:21:24.190+0000] {dag.py:3047} INFO - Sync 1 DAGs
[2026-05-26T18:21:24.256+0000] {logging_mixin.py:188} INFO - [2026-05-26T18:21:24.256+0000] {dag.py:3834} INFO - Setting next_dagrun for tutorial to 2026-05-25 00:00:00+00:00, run_after=2026-05-26 00:00:00+00:00
[2026-05-26T18:21:24.313+0000] {processor.py:183} INFO - Processing /home/airflow/.local/lib/python3.8/site-packages/airflow/example_dags/tutorial.py took 0.202 seconds
[2026-05-26T18:21:54.456+0000] {processor.py:161} INFO - Started process (PID=1579) to work on /home/airflow/.local/lib/python3.8/site-packages/airflow/example_dags/tutorial.py
[2026-05-26T18:21:54.459+0000] {processor.py:830} INFO - Processing file /home/airflow/.local/lib/python3.8/site-packages/airflow/example_dags/tutorial.py for tasks to queue
[2026-05-26T18:21:54.461+0000] {logging_mixin.py:188} INFO - [2026-05-26T18:21:54.461+0000] {dagbag.py:540} INFO - Filling up the DagBag from /home/airflow/.local/lib/python3.8/site-packages/airflow/example_dags/tutorial.py
[2026-05-26T18:21:54.468+0000] {processor.py:840} INFO - DAG(s) 'tutorial' retrieved from /home/airflow/.local/lib/python3.8/site-packages/airflow/example_dags/tutorial.py
[2026-05-26T18:21:54.497+0000] {logging_mixin.py:188} INFO - [2026-05-26T18:21:54.497+0000] {dag.py:3047} INFO - Sync 1 DAGs
[2026-05-26T18:21:54.524+0000] {logging_mixin.py:188} INFO - [2026-05-26T18:21:54.524+0000] {dag.py:3834} INFO - Setting next_dagrun for tutorial to 2026-05-25 00:00:00+00:00, run_after=2026-05-26 00:00:00+00:00
[2026-05-26T18:21:54.565+0000] {processor.py:183} INFO - Processing /home/airflow/.local/lib/python3.8/site-packages/airflow/example_dags/tutorial.py took 0.114 seconds
[2026-05-26T18:22:25.117+0000] {processor.py:161} INFO - Started process (PID=1634) to work on /home/airflow/.local/lib/python3.8/site-packages/airflow/example_dags/tutorial.py
[2026-05-26T18:22:25.119+0000] {processor.py:830} INFO - Processing file /home/airflow/.local/lib/python3.8/site-packages/airflow/example_dags/tutorial.py for tasks to queue
[2026-05-26T18:22:25.121+0000] {logging_mixin.py:188} INFO - [2026-05-26T18:22:25.121+0000] {dagbag.py:540} INFO - Filling up the DagBag from /home/airflow/.local/lib/python3.8/site-packages/airflow/example_dags/tutorial.py
[2026-05-26T18:22:25.127+0000] {processor.py:840} INFO - DAG(s) 'tutorial' retrieved from /home/airflow/.local/lib/python3.8/site-packages/airflow/example_dags/tutorial.py
[2026-05-26T18:22:25.148+0000] {logging_mixin.py:188} INFO - [2026-05-26T18:22:25.148+0000] {dag.py:3047} INFO - Sync 1 DAGs
[2026-05-26T18:22:25.166+0000] {logging_mixin.py:188} INFO - [2026-05-26T18:22:25.166+0000] {dag.py:3834} INFO - Setting next_dagrun for tutorial to 2026-05-25 00:00:00+00:00, run_after=2026-05-26 00:00:00+00:00
[2026-05-26T18:22:25.187+0000] {processor.py:183} INFO - Processing /home/airflow/.local/lib/python3.8/site-packages/airflow/example_dags/tutorial.py took 0.072 seconds
[2026-05-26T18:22:55.436+0000] {processor.py:161} INFO - Started process (PID=1689) to work on /home/airflow/.local/lib/python3.8/site-packages/airflow/example_dags/tutorial.py
[2026-05-26T18:22:55.438+0000] {processor.py:830} INFO - Processing file /home/airflow/.local/lib/python3.8/site-packages/airflow/example_dags/tutorial.py for tasks to queue
[2026-05-26T18:22:55.441+0000] {logging_mixin.py:188} INFO - [2026-05-26T18:22:55.441+0000] {dagbag.py:540} INFO - Filling up the DagBag from /home/airflow/.local/lib/python3.8/site-packages/airflow/example_dags/tutorial.py
[2026-05-26T18:22:55.449+0000] {processor.py:840} INFO - DAG(s) 'tutorial' retrieved from /home/airflow/.local/lib/python3.8/site-packages/airflow/example_dags/tutorial.py
[2026-05-26T18:22:55.478+0000] {logging_mixin.py:188} INFO - [2026-05-26T18:22:55.477+0000] {dag.py:3047} INFO - Sync 1 DAGs
[2026-05-26T18:22:55.514+0000] {logging_mixin.py:188} INFO - [2026-05-26T18:22:55.514+0000] {dag.py:3834} INFO - Setting next_dagrun for tutorial to 2026-05-25 00:00:00+00:00, run_after=2026-05-26 00:00:00+00:00
[2026-05-26T18:22:55.539+0000] {processor.py:183} INFO - Processing /home/airflow/.local/lib/python3.8/site-packages/airflow/example_dags/tutorial.py took 0.109 seconds
[2026-05-26T18:23:26.517+0000] {processor.py:161} INFO - Started process (PID=1744) to work on /home/airflow/.local/lib/python3.8/site-packages/airflow/example_dags/tutorial.py
[2026-05-26T18:23:26.519+0000] {processor.py:830} INFO - Processing file /home/airflow/.local/lib/python3.8/site-packages/airflow/example_dags/tutorial.py for tasks to queue
[2026-05-26T18:23:26.522+0000] {logging_mixin.py:188} INFO - [2026-05-26T18:23:26.521+0000] {dagbag.py:540} INFO - Filling up the DagBag from /home/airflow/.local/lib/python3.8/site-packages/airflow/example_dags/tutorial.py
[2026-05-26T18:23:26.530+0000] {processor.py:840} INFO - DAG(s) 'tutorial' retrieved from /home/airflow/.local/lib/python3.8/site-packages/airflow/example_dags/tutorial.py
[2026-05-26T18:23:26.563+0000] {logging_mixin.py:188} INFO - [2026-05-26T18:23:26.562+0000] {dag.py:3047} INFO - Sync 1 DAGs
[2026-05-26T18:23:26.601+0000] {logging_mixin.py:188} INFO - [2026-05-26T18:23:26.600+0000] {dag.py:3834} INFO - Setting next_dagrun for tutorial to 2026-05-25 00:00:00+00:00, run_after=2026-05-26 00:00:00+00:00
[2026-05-26T18:23:26.651+0000] {processor.py:183} INFO - Processing /home/airflow/.local/lib/python3.8/site-packages/airflow/example_dags/tutorial.py took 0.139 seconds
[2026-05-26T18:23:56.738+0000] {processor.py:161} INFO - Started process (PID=1799) to work on /home/airflow/.local/lib/python3.8/site-packages/airflow/example_dags/tutorial.py
[2026-05-26T18:23:56.740+0000] {processor.py:830} INFO - Processing file /home/airflow/.local/lib/python3.8/site-packages/airflow/example_dags/tutorial.py for tasks to queue
[2026-05-26T18:23:56.743+0000] {logging_mixin.py:188} INFO - [2026-05-26T18:23:56.742+0000] {dagbag.py:540} INFO - Filling up the DagBag from /home/airflow/.local/lib/python3.8/site-packages/airflow/example_dags/tutorial.py
[2026-05-26T18:23:56.750+0000] {processor.py:840} INFO - DAG(s) 'tutorial' retrieved from /home/airflow/.local/lib/python3.8/site-packages/airflow/example_dags/tutorial.py
[2026-05-26T18:23:56.792+0000] {logging_mixin.py:188} INFO - [2026-05-26T18:23:56.792+0000] {dag.py:3047} INFO - Sync 1 DAGs
[2026-05-26T18:23:56.824+0000] {logging_mixin.py:188} INFO - [2026-05-26T18:23:56.823+0000] {dag.py:3834} INFO - Setting next_dagrun for tutorial to 2026-05-25 00:00:00+00:00, run_after=2026-05-26 00:00:00+00:00
[2026-05-26T18:23:56.859+0000] {processor.py:183} INFO - Processing /home/airflow/.local/lib/python3.8/site-packages/airflow/example_dags/tutorial.py took 0.123 seconds
[2026-05-26T18:24:27.757+0000] {processor.py:161} INFO - Started process (PID=1854) to work on /home/airflow/.local/lib/python3.8/site-packages/airflow/example_dags/tutorial.py
[2026-05-26T18:24:27.759+0000] {processor.py:830} INFO - Processing file /home/airflow/.local/lib/python3.8/site-packages/airflow/example_dags/tutorial.py for tasks to queue
[2026-05-26T18:24:27.761+0000] {logging_mixin.py:188} INFO - [2026-05-26T18:24:27.761+0000] {dagbag.py:540} INFO - Filling up the DagBag from /home/airflow/.local/lib/python3.8/site-packages/airflow/example_dags/tutorial.py
[2026-05-26T18:24:27.767+0000] {processor.py:840} INFO - DAG(s) 'tutorial' retrieved from /home/airflow/.local/lib/python3.8/site-packages/airflow/example_dags/tutorial.py
[2026-05-26T18:24:27.786+0000] {logging_mixin.py:188} INFO - [2026-05-26T18:24:27.786+0000] {dag.py:3047} INFO - Sync 1 DAGs
[2026-05-26T18:24:27.804+0000] {logging_mixin.py:188} INFO - [2026-05-26T18:24:27.804+0000] {dag.py:3834} INFO - Setting next_dagrun for tutorial to 2026-05-25 00:00:00+00:00, run_after=2026-05-26 00:00:00+00:00
[2026-05-26T18:24:27.823+0000] {processor.py:183} INFO - Processing /home/airflow/.local/lib/python3.8/site-packages/airflow/example_dags/tutorial.py took 0.069 seconds
[2026-05-26T18:24:58.320+0000] {processor.py:161} INFO - Started process (PID=1909) to work on /home/airflow/.local/lib/python3.8/site-packages/airflow/example_dags/tutorial.py
[2026-05-26T18:24:58.323+0000] {processor.py:830} INFO - Processing file /home/airflow/.local/lib/python3.8/site-packages/airflow/example_dags/tutorial.py for tasks to queue
[2026-05-26T18:24:58.325+0000] {logging_mixin.py:188} INFO - [2026-05-26T18:24:58.325+0000] {dagbag.py:540} INFO - Filling up the DagBag from /home/airflow/.local/lib/python3.8/site-packages/airflow/example_dags/tutorial.py
[2026-05-26T18:24:58.332+0000] {processor.py:840} INFO - DAG(s) 'tutorial' retrieved from /home/airflow/.local/lib/python3.8/site-packages/airflow/example_dags/tutorial.py
[2026-05-26T18:24:58.352+0000] {logging_mixin.py:188} INFO - [2026-05-26T18:24:58.352+0000] {dag.py:3047} INFO - Sync 1 DAGs
[2026-05-26T18:24:58.374+0000] {logging_mixin.py:188} INFO - [2026-05-26T18:24:58.374+0000] {dag.py:3834} INFO - Setting next_dagrun for tutorial to 2026-05-25 00:00:00+00:00, run_after=2026-05-26 00:00:00+00:00
[2026-05-26T18:24:58.395+0000] {processor.py:183} INFO - Processing /home/airflow/.local/lib/python3.8/site-packages/airflow/example_dags/tutorial.py took 0.080 seconds
[2026-05-26T18:25:28.954+0000] {processor.py:161} INFO - Started process (PID=1964) to work on /home/airflow/.local/lib/python3.8/site-packages/airflow/example_dags/tutorial.py
[2026-05-26T18:25:28.956+0000] {processor.py:830} INFO - Processing file /home/airflow/.local/lib/python3.8/site-packages/airflow/example_dags/tutorial.py for tasks to queue
[2026-05-26T18:25:28.959+0000] {logging_mixin.py:188} INFO - [2026-05-26T18:25:28.959+0000] {dagbag.py:540} INFO - Filling up the DagBag from /home/airflow/.local/lib/python3.8/site-packages/airflow/example_dags/tutorial.py
[2026-05-26T18:25:28.966+0000] {processor.py:840} INFO - DAG(s) 'tutorial' retrieved from /home/airflow/.local/lib/python3.8/site-packages/airflow/example_dags/tutorial.py
[2026-05-26T18:25:28.994+0000] {logging_mixin.py:188} INFO - [2026-05-26T18:25:28.993+0000] {dag.py:3047} INFO - Sync 1 DAGs
[2026-05-26T18:25:29.023+0000] {logging_mixin.py:188} INFO - [2026-05-26T18:25:29.023+0000] {dag.py:3834} INFO - Setting next_dagrun for tutorial to 2026-05-25 00:00:00+00:00, run_after=2026-05-26 00:00:00+00:00
[2026-05-26T18:25:29.063+0000] {processor.py:183} INFO - Processing /home/airflow/.local/lib/python3.8/site-packages/airflow/example_dags/tutorial.py took 0.113 seconds
[2026-05-26T18:25:59.392+0000] {processor.py:161} INFO - Started process (PID=2018) to work on /home/airflow/.local/lib/python3.8/site-packages/airflow/example_dags/tutorial.py
[2026-05-26T18:25:59.396+0000] {processor.py:830} INFO - Processing file /home/airflow/.local/lib/python3.8/site-packages/airflow/example_dags/tutorial.py for tasks to queue
[2026-05-26T18:25:59.401+0000] {logging_mixin.py:188} INFO - [2026-05-26T18:25:59.400+0000] {dagbag.py:540} INFO - Filling up the DagBag from /home/airflow/.local/lib/python3.8/site-packages/airflow/example_dags/tutorial.py
[2026-05-26T18:25:59.410+0000] {processor.py:840} INFO - DAG(s) 'tutorial' retrieved from /home/airflow/.local/lib/python3.8/site-packages/airflow/example_dags/tutorial.py
[2026-05-26T18:25:59.448+0000] {logging_mixin.py:188} INFO - [2026-05-26T18:25:59.447+0000] {dag.py:3047} INFO - Sync 1 DAGs
[2026-05-26T18:25:59.490+0000] {logging_mixin.py:188} INFO - [2026-05-26T18:25:59.489+0000] {dag.py:3834} INFO - Setting next_dagrun for tutorial to 2026-05-25 00:00:00+00:00, run_after=2026-05-26 00:00:00+00:00
[2026-05-26T18:25:59.521+0000] {processor.py:183} INFO - Processing /home/airflow/.local/lib/python3.8/site-packages/airflow/example_dags/tutorial.py took 0.135 seconds
[2026-05-26T18:26:30.552+0000] {processor.py:161} INFO - Started process (PID=2075) to work on /home/airflow/.local/lib/python3.8/site-packages/airflow/example_dags/tutorial.py
[2026-05-26T18:26:30.556+0000] {processor.py:830} INFO - Processing file /home/airflow/.local/lib/python3.8/site-packages/airflow/example_dags/tutorial.py for tasks to queue
[2026-05-26T18:26:30.562+0000] {logging_mixin.py:188} INFO - [2026-05-26T18:26:30.561+0000] {dagbag.py:540} INFO - Filling up the DagBag from /home/airflow/.local/lib/python3.8/site-packages/airflow/example_dags/tutorial.py
[2026-05-26T18:26:30.581+0000] {processor.py:840} INFO - DAG(s) 'tutorial' retrieved from /home/airflow/.local/lib/python3.8/site-packages/airflow/example_dags/tutorial.py
[2026-05-26T18:26:30.633+0000] {logging_mixin.py:188} INFO - [2026-05-26T18:26:30.633+0000] {dag.py:3047} INFO - Sync 1 DAGs
[2026-05-26T18:26:30.680+0000] {logging_mixin.py:188} INFO - [2026-05-26T18:26:30.680+0000] {dag.py:3834} INFO - Setting next_dagrun for tutorial to 2026-05-25 00:00:00+00:00, run_after=2026-05-26 00:00:00+00:00
[2026-05-26T18:26:30.721+0000] {processor.py:183} INFO - Processing /home/airflow/.local/lib/python3.8/site-packages/airflow/example_dags/tutorial.py took 0.175 seconds
[2026-05-26T18:27:02.905+0000] {processor.py:161} INFO - Started process (PID=2130) to work on /home/airflow/.local/lib/python3.8/site-packages/airflow/example_dags/tutorial.py
[2026-05-26T18:27:02.911+0000] {processor.py:830} INFO - Processing file /home/airflow/.local/lib/python3.8/site-packages/airflow/example_dags/tutorial.py for tasks to queue
[2026-05-26T18:27:02.923+0000] {logging_mixin.py:188} INFO - [2026-05-26T18:27:02.922+0000] {dagbag.py:540} INFO - Filling up the DagBag from /home/airflow/.local/lib/python3.8/site-packages/airflow/example_dags/tutorial.py
[2026-05-26T18:27:02.938+0000] {processor.py:840} INFO - DAG(s) 'tutorial' retrieved from /home/airflow/.local/lib/python3.8/site-packages/airflow/example_dags/tutorial.py
[2026-05-26T18:27:02.990+0000] {logging_mixin.py:188} INFO - [2026-05-26T18:27:02.990+0000] {dag.py:3047} INFO - Sync 1 DAGs
[2026-05-26T18:27:03.344+0000] {logging_mixin.py:188} INFO - [2026-05-26T18:27:03.343+0000] {dag.py:3834} INFO - Setting next_dagrun for tutorial to 2026-05-25 00:00:00+00:00, run_after=2026-05-26 00:00:00+00:00
[2026-05-26T18:27:03.413+0000] {processor.py:183} INFO - Processing /home/airflow/.local/lib/python3.8/site-packages/airflow/example_dags/tutorial.py took 0.518 seconds
[2026-05-26T18:27:33.869+0000] {processor.py:161} INFO - Started process (PID=2185) to work on /home/airflow/.local/lib/python3.8/site-packages/airflow/example_dags/tutorial.py
[2026-05-26T18:27:33.871+0000] {processor.py:830} INFO - Processing file /home/airflow/.local/lib/python3.8/site-packages/airflow/example_dags/tutorial.py for tasks to queue
[2026-05-26T18:27:33.873+0000] {logging_mixin.py:188} INFO - [2026-05-26T18:27:33.873+0000] {dagbag.py:540} INFO - Filling up the DagBag from /home/airflow/.local/lib/python3.8/site-packages/airflow/example_dags/tutorial.py
[2026-05-26T18:27:33.881+0000] {processor.py:840} INFO - DAG(s) 'tutorial' retrieved from /home/airflow/.local/lib/python3.8/site-packages/airflow/example_dags/tutorial.py
[2026-05-26T18:27:33.912+0000] {logging_mixin.py:188} INFO - [2026-05-26T18:27:33.911+0000] {dag.py:3047} INFO - Sync 1 DAGs
[2026-05-26T18:27:34.146+0000] {logging_mixin.py:188} INFO - [2026-05-26T18:27:34.146+0000] {dag.py:3834} INFO - Setting next_dagrun for tutorial to 2026-05-25 00:00:00+00:00, run_after=2026-05-26 00:00:00+00:00
[2026-05-26T18:27:34.182+0000] {processor.py:183} INFO - Processing /home/airflow/.local/lib/python3.8/site-packages/airflow/example_dags/tutorial.py took 0.317 seconds
[2026-05-26T18:28:04.442+0000] {processor.py:161} INFO - Started process (PID=2240) to work on /home/airflow/.local/lib/python3.8/site-packages/airflow/example_dags/tutorial.py
[2026-05-26T18:28:04.444+0000] {processor.py:830} INFO - Processing file /home/airflow/.local/lib/python3.8/site-packages/airflow/example_dags/tutorial.py for tasks to queue
[2026-05-26T18:28:04.446+0000] {logging_mixin.py:188} INFO - [2026-05-26T18:28:04.445+0000] {dagbag.py:540} INFO - Filling up the DagBag from /home/airflow/.local/lib/python3.8/site-packages/airflow/example_dags/tutorial.py
[2026-05-26T18:28:04.451+0000] {processor.py:840} INFO - DAG(s) 'tutorial' retrieved from /home/airflow/.local/lib/python3.8/site-packages/airflow/example_dags/tutorial.py
[2026-05-26T18:28:04.470+0000] {logging_mixin.py:188} INFO - [2026-05-26T18:28:04.470+0000] {dag.py:3047} INFO - Sync 1 DAGs
[2026-05-26T18:28:04.610+0000] {logging_mixin.py:188} INFO - [2026-05-26T18:28:04.610+0000] {dag.py:3834} INFO - Setting next_dagrun for tutorial to 2026-05-25 00:00:00+00:00, run_after=2026-05-26 00:00:00+00:00
[2026-05-26T18:28:04.630+0000] {processor.py:183} INFO - Processing /home/airflow/.local/lib/python3.8/site-packages/airflow/example_dags/tutorial.py took 0.191 seconds
[2026-05-26T18:28:34.843+0000] {processor.py:161} INFO - Started process (PID=2295) to work on /home/airflow/.local/lib/python3.8/site-packages/airflow/example_dags/tutorial.py
[2026-05-26T18:28:34.844+0000] {processor.py:830} INFO - Processing file /home/airflow/.local/lib/python3.8/site-packages/airflow/example_dags/tutorial.py for tasks to queue
[2026-05-26T18:28:34.846+0000] {logging_mixin.py:188} INFO - [2026-05-26T18:28:34.846+0000] {dagbag.py:540} INFO - Filling up the DagBag from /home/airflow/.local/lib/python3.8/site-packages/airflow/example_dags/tutorial.py
[2026-05-26T18:28:34.854+0000] {processor.py:840} INFO - DAG(s) 'tutorial' retrieved from /home/airflow/.local/lib/python3.8/site-packages/airflow/example_dags/tutorial.py
[2026-05-26T18:28:34.877+0000] {logging_mixin.py:188} INFO - [2026-05-26T18:28:34.877+0000] {dag.py:3047} INFO - Sync 1 DAGs
[2026-05-26T18:28:35.087+0000] {logging_mixin.py:188} INFO - [2026-05-26T18:28:35.087+0000] {dag.py:3834} INFO - Setting next_dagrun for tutorial to 2026-05-25 00:00:00+00:00, run_after=2026-05-26 00:00:00+00:00
[2026-05-26T18:28:35.115+0000] {processor.py:183} INFO - Processing /home/airflow/.local/lib/python3.8/site-packages/airflow/example_dags/tutorial.py took 0.276 seconds
[2026-05-26T18:29:05.343+0000] {processor.py:161} INFO - Started process (PID=2350) to work on /home/airflow/.local/lib/python3.8/site-packages/airflow/example_dags/tutorial.py
[2026-05-26T18:29:05.344+0000] {processor.py:830} INFO - Processing file /home/airflow/.local/lib/python3.8/site-packages/airflow/example_dags/tutorial.py for tasks to queue
[2026-05-26T18:29:05.347+0000] {logging_mixin.py:188} INFO - [2026-05-26T18:29:05.346+0000] {dagbag.py:540} INFO - Filling up the DagBag from /home/airflow/.local/lib/python3.8/site-packages/airflow/example_dags/tutorial.py
[2026-05-26T18:29:05.355+0000] {processor.py:840} INFO - DAG(s) 'tutorial' retrieved from /home/airflow/.local/lib/python3.8/site-packages/airflow/example_dags/tutorial.py
[2026-05-26T18:29:05.382+0000] {logging_mixin.py:188} INFO - [2026-05-26T18:29:05.382+0000] {dag.py:3047} INFO - Sync 1 DAGs
[2026-05-26T18:29:05.546+0000] {logging_mixin.py:188} INFO - [2026-05-26T18:29:05.546+0000] {dag.py:3834} INFO - Setting next_dagrun for tutorial to 2026-05-25 00:00:00+00:00, run_after=2026-05-26 00:00:00+00:00
[2026-05-26T18:29:05.565+0000] {processor.py:183} INFO - Processing /home/airflow/.local/lib/python3.8/site-packages/airflow/example_dags/tutorial.py took 0.225 seconds
[2026-05-26T18:29:35.656+0000] {processor.py:161} INFO - Started process (PID=2405) to work on /home/airflow/.local/lib/python3.8/site-packages/airflow/example_dags/tutorial.py
[2026-05-26T18:29:35.657+0000] {processor.py:830} INFO - Processing file /home/airflow/.local/lib/python3.8/site-packages/airflow/example_dags/tutorial.py for tasks to queue
[2026-05-26T18:29:35.659+0000] {logging_mixin.py:188} INFO - [2026-05-26T18:29:35.659+0000] {dagbag.py:540} INFO - Filling up the DagBag from /home/airflow/.local/lib/python3.8/site-packages/airflow/example_dags/tutorial.py
[2026-05-26T18:29:35.665+0000] {processor.py:840} INFO - DAG(s) 'tutorial' retrieved from /home/airflow/.local/lib/python3.8/site-packages/airflow/example_dags/tutorial.py
[2026-05-26T18:29:35.685+0000] {logging_mixin.py:188} INFO - [2026-05-26T18:29:35.685+0000] {dag.py:3047} INFO - Sync 1 DAGs
[2026-05-26T18:29:35.704+0000] {logging_mixin.py:188} INFO - [2026-05-26T18:29:35.704+0000] {dag.py:3834} INFO - Setting next_dagrun for tutorial to 2026-05-25 00:00:00+00:00, run_after=2026-05-26 00:00:00+00:00
[2026-05-26T18:29:35.720+0000] {processor.py:183} INFO - Processing /home/airflow/.local/lib/python3.8/site-packages/airflow/example_dags/tutorial.py took 0.067 seconds
[2026-05-26T18:30:06.298+0000] {processor.py:161} INFO - Started process (PID=2460) to work on /home/airflow/.local/lib/python3.8/site-packages/airflow/example_dags/tutorial.py
[2026-05-26T18:30:06.299+0000] {processor.py:830} INFO - Processing file /home/airflow/.local/lib/python3.8/site-packages/airflow/example_dags/tutorial.py for tasks to queue
[2026-05-26T18:30:06.302+0000] {logging_mixin.py:188} INFO - [2026-05-26T18:30:06.301+0000] {dagbag.py:540} INFO - Filling up the DagBag from /home/airflow/.local/lib/python3.8/site-packages/airflow/example_dags/tutorial.py
[2026-05-26T18:30:06.307+0000] {processor.py:840} INFO - DAG(s) 'tutorial' retrieved from /home/airflow/.local/lib/python3.8/site-packages/airflow/example_dags/tutorial.py
[2026-05-26T18:30:06.327+0000] {logging_mixin.py:188} INFO - [2026-05-26T18:30:06.327+0000] {dag.py:3047} INFO - Sync 1 DAGs
[2026-05-26T18:30:06.345+0000] {logging_mixin.py:188} INFO - [2026-05-26T18:30:06.345+0000] {dag.py:3834} INFO - Setting next_dagrun for tutorial to 2026-05-25 00:00:00+00:00, run_after=2026-05-26 00:00:00+00:00
[2026-05-26T18:30:06.361+0000] {processor.py:183} INFO - Processing /home/airflow/.local/lib/python3.8/site-packages/airflow/example_dags/tutorial.py took 0.066 seconds
[2026-05-26T18:30:37.173+0000] {processor.py:161} INFO - Started process (PID=2515) to work on /home/airflow/.local/lib/python3.8/site-packages/airflow/example_dags/tutorial.py
[2026-05-26T18:30:37.175+0000] {processor.py:830} INFO - Processing file /home/airflow/.local/lib/python3.8/site-packages/airflow/example_dags/tutorial.py for tasks to queue
[2026-05-26T18:30:37.177+0000] {logging_mixin.py:188} INFO - [2026-05-26T18:30:37.177+0000] {dagbag.py:540} INFO - Filling up the DagBag from /home/airflow/.local/lib/python3.8/site-packages/airflow/example_dags/tutorial.py
[2026-05-26T18:30:37.182+0000] {processor.py:840} INFO - DAG(s) 'tutorial' retrieved from /home/airflow/.local/lib/python3.8/site-packages/airflow/example_dags/tutorial.py
[2026-05-26T18:30:37.200+0000] {logging_mixin.py:188} INFO - [2026-05-26T18:30:37.200+0000] {dag.py:3047} INFO - Sync 1 DAGs
[2026-05-26T18:30:37.224+0000] {logging_mixin.py:188} INFO - [2026-05-26T18:30:37.224+0000] {dag.py:3834} INFO - Setting next_dagrun for tutorial to 2026-05-25 00:00:00+00:00, run_after=2026-05-26 00:00:00+00:00
[2026-05-26T18:30:37.244+0000] {processor.py:183} INFO - Processing /home/airflow/.local/lib/python3.8/site-packages/airflow/example_dags/tutorial.py took 0.074 seconds
[2026-05-26T18:31:07.798+0000] {processor.py:161} INFO - Started process (PID=2570) to work on /home/airflow/.local/lib/python3.8/site-packages/airflow/example_dags/tutorial.py
[2026-05-26T18:31:07.800+0000] {processor.py:830} INFO - Processing file /home/airflow/.local/lib/python3.8/site-packages/airflow/example_dags/tutorial.py for tasks to queue
[2026-05-26T18:31:07.803+0000] {logging_mixin.py:188} INFO - [2026-05-26T18:31:07.802+0000] {dagbag.py:540} INFO - Filling up the DagBag from /home/airflow/.local/lib/python3.8/site-packages/airflow/example_dags/tutorial.py
[2026-05-26T18:31:07.808+0000] {processor.py:840} INFO - DAG(s) 'tutorial' retrieved from /home/airflow/.local/lib/python3.8/site-packages/airflow/example_dags/tutorial.py
[2026-05-26T18:31:07.828+0000] {logging_mixin.py:188} INFO - [2026-05-26T18:31:07.828+0000] {dag.py:3047} INFO - Sync 1 DAGs
[2026-05-26T18:31:07.847+0000] {logging_mixin.py:188} INFO - [2026-05-26T18:31:07.847+0000] {dag.py:3834} INFO - Setting next_dagrun for tutorial to 2026-05-25 00:00:00+00:00, run_after=2026-05-26 00:00:00+00:00
[2026-05-26T18:31:07.863+0000] {processor.py:183} INFO - Processing /home/airflow/.local/lib/python3.8/site-packages/airflow/example_dags/tutorial.py took 0.068 seconds
[2026-05-26T18:31:38.533+0000] {processor.py:161} INFO - Started process (PID=2625) to work on /home/airflow/.local/lib/python3.8/site-packages/airflow/example_dags/tutorial.py
[2026-05-26T18:31:38.535+0000] {processor.py:830} INFO - Processing file /home/airflow/.local/lib/python3.8/site-packages/airflow/example_dags/tutorial.py for tasks to queue
[2026-05-26T18:31:38.537+0000] {logging_mixin.py:188} INFO - [2026-05-26T18:31:38.537+0000] {dagbag.py:540} INFO - Filling up the DagBag from /home/airflow/.local/lib/python3.8/site-packages/airflow/example_dags/tutorial.py
[2026-05-26T18:31:38.543+0000] {processor.py:840} INFO - DAG(s) 'tutorial' retrieved from /home/airflow/.local/lib/python3.8/site-packages/airflow/example_dags/tutorial.py
[2026-05-26T18:31:38.564+0000] {logging_mixin.py:188} INFO - [2026-05-26T18:31:38.563+0000] {dag.py:3047} INFO - Sync 1 DAGs
[2026-05-26T18:31:38.583+0000] {logging_mixin.py:188} INFO - [2026-05-26T18:31:38.583+0000] {dag.py:3834} INFO - Setting next_dagrun for tutorial to 2026-05-25 00:00:00+00:00, run_after=2026-05-26 00:00:00+00:00
[2026-05-26T18:31:38.600+0000] {processor.py:183} INFO - Processing /home/airflow/.local/lib/python3.8/site-packages/airflow/example_dags/tutorial.py took 0.070 seconds
[2026-05-26T18:32:09.462+0000] {processor.py:161} INFO - Started process (PID=2686) to work on /home/airflow/.local/lib/python3.8/site-packages/airflow/example_dags/tutorial.py
[2026-05-26T18:32:09.464+0000] {processor.py:830} INFO - Processing file /home/airflow/.local/lib/python3.8/site-packages/airflow/example_dags/tutorial.py for tasks to queue
[2026-05-26T18:32:09.466+0000] {logging_mixin.py:188} INFO - [2026-05-26T18:32:09.465+0000] {dagbag.py:540} INFO - Filling up the DagBag from /home/airflow/.local/lib/python3.8/site-packages/airflow/example_dags/tutorial.py
[2026-05-26T18:32:09.471+0000] {processor.py:840} INFO - DAG(s) 'tutorial' retrieved from /home/airflow/.local/lib/python3.8/site-packages/airflow/example_dags/tutorial.py
[2026-05-26T18:32:09.494+0000] {logging_mixin.py:188} INFO - [2026-05-26T18:32:09.493+0000] {dag.py:3047} INFO - Sync 1 DAGs
[2026-05-26T18:32:09.517+0000] {logging_mixin.py:188} INFO - [2026-05-26T18:32:09.517+0000] {dag.py:3834} INFO - Setting next_dagrun for tutorial to 2026-05-25 00:00:00+00:00, run_after=2026-05-26 00:00:00+00:00
[2026-05-26T18:32:09.534+0000] {processor.py:183} INFO - Processing /home/airflow/.local/lib/python3.8/site-packages/airflow/example_dags/tutorial.py took 0.077 seconds
[2026-05-26T18:32:39.645+0000] {processor.py:161} INFO - Started process (PID=2741) to work on /home/airflow/.local/lib/python3.8/site-packages/airflow/example_dags/tutorial.py
[2026-05-26T18:32:39.646+0000] {processor.py:830} INFO - Processing file /home/airflow/.local/lib/python3.8/site-packages/airflow/example_dags/tutorial.py for tasks to queue
[2026-05-26T18:32:39.648+0000] {logging_mixin.py:188} INFO - [2026-05-26T18:32:39.648+0000] {dagbag.py:540} INFO - Filling up the DagBag from /home/airflow/.local/lib/python3.8/site-packages/airflow/example_dags/tutorial.py
[2026-05-26T18:32:39.656+0000] {processor.py:840} INFO - DAG(s) 'tutorial' retrieved from /home/airflow/.local/lib/python3.8/site-packages/airflow/example_dags/tutorial.py
[2026-05-26T18:32:39.677+0000] {logging_mixin.py:188} INFO - [2026-05-26T18:32:39.677+0000] {dag.py:3047} INFO - Sync 1 DAGs
[2026-05-26T18:32:39.708+0000] {logging_mixin.py:188} INFO - [2026-05-26T18:32:39.706+0000] {dag.py:3834} INFO - Setting next_dagrun for tutorial to 2026-05-25 00:00:00+00:00, run_after=2026-05-26 00:00:00+00:00
[2026-05-26T18:32:39.727+0000] {processor.py:183} INFO - Processing /home/airflow/.local/lib/python3.8/site-packages/airflow/example_dags/tutorial.py took 0.086 seconds
[2026-05-26T18:33:10.382+0000] {processor.py:161} INFO - Started process (PID=2796) to work on /home/airflow/.local/lib/python3.8/site-packages/airflow/example_dags/tutorial.py
[2026-05-26T18:33:10.383+0000] {processor.py:830} INFO - Processing file /home/airflow/.local/lib/python3.8/site-packages/airflow/example_dags/tutorial.py for tasks to queue
[2026-05-26T18:33:10.386+0000] {logging_mixin.py:188} INFO - [2026-05-26T18:33:10.385+0000] {dagbag.py:540} INFO - Filling up the DagBag from /home/airflow/.local/lib/python3.8/site-packages/airflow/example_dags/tutorial.py
[2026-05-26T18:33:10.391+0000] {processor.py:840} INFO - DAG(s) 'tutorial' retrieved from /home/airflow/.local/lib/python3.8/site-packages/airflow/example_dags/tutorial.py
[2026-05-26T18:33:10.410+0000] {logging_mixin.py:188} INFO - [2026-05-26T18:33:10.410+0000] {dag.py:3047} INFO - Sync 1 DAGs
[2026-05-26T18:33:10.430+0000] {logging_mixin.py:188} INFO - [2026-05-26T18:33:10.429+0000] {dag.py:3834} INFO - Setting next_dagrun for tutorial to 2026-05-25 00:00:00+00:00, run_after=2026-05-26 00:00:00+00:00
[2026-05-26T18:33:10.446+0000] {processor.py:183} INFO - Processing /home/airflow/.local/lib/python3.8/site-packages/airflow/example_dags/tutorial.py took 0.068 seconds
[2026-05-26T18:33:41.371+0000] {processor.py:161} INFO - Started process (PID=2851) to work on /home/airflow/.local/lib/python3.8/site-packages/airflow/example_dags/tutorial.py
[2026-05-26T18:33:41.372+0000] {processor.py:830} INFO - Processing file /home/airflow/.local/lib/python3.8/site-packages/airflow/example_dags/tutorial.py for tasks to queue
[2026-05-26T18:33:41.374+0000] {logging_mixin.py:188} INFO - [2026-05-26T18:33:41.374+0000] {dagbag.py:540} INFO - Filling up the DagBag from /home/airflow/.local/lib/python3.8/site-packages/airflow/example_dags/tutorial.py
[2026-05-26T18:33:41.380+0000] {processor.py:840} INFO - DAG(s) 'tutorial' retrieved from /home/airflow/.local/lib/python3.8/site-packages/airflow/example_dags/tutorial.py
[2026-05-26T18:33:41.402+0000] {logging_mixin.py:188} INFO - [2026-05-26T18:33:41.402+0000] {dag.py:3047} INFO - Sync 1 DAGs
[2026-05-26T18:33:41.426+0000] {logging_mixin.py:188} INFO - [2026-05-26T18:33:41.426+0000] {dag.py:3834} INFO - Setting next_dagrun for tutorial to 2026-05-25 00:00:00+00:00, run_after=2026-05-26 00:00:00+00:00
[2026-05-26T18:33:41.442+0000] {processor.py:183} INFO - Processing /home/airflow/.local/lib/python3.8/site-packages/airflow/example_dags/tutorial.py took 0.075 seconds
[2026-05-26T18:34:11.612+0000] {processor.py:161} INFO - Started process (PID=2906) to work on /home/airflow/.local/lib/python3.8/site-packages/airflow/example_dags/tutorial.py
[2026-05-26T18:34:11.613+0000] {processor.py:830} INFO - Processing file /home/airflow/.local/lib/python3.8/site-packages/airflow/example_dags/tutorial.py for tasks to queue
[2026-05-26T18:34:11.615+0000] {logging_mixin.py:188} INFO - [2026-05-26T18:34:11.615+0000] {dagbag.py:540} INFO - Filling up the DagBag from /home/airflow/.local/lib/python3.8/site-packages/airflow/example_dags/tutorial.py
[2026-05-26T18:34:11.620+0000] {processor.py:840} INFO - DAG(s) 'tutorial' retrieved from /home/airflow/.local/lib/python3.8/site-packages/airflow/example_dags/tutorial.py
[2026-05-26T18:34:11.641+0000] {logging_mixin.py:188} INFO - [2026-05-26T18:34:11.641+0000] {dag.py:3047} INFO - Sync 1 DAGs
[2026-05-26T18:34:11.660+0000] {logging_mixin.py:188} INFO - [2026-05-26T18:34:11.660+0000] {dag.py:3834} INFO - Setting next_dagrun for tutorial to 2026-05-25 00:00:00+00:00, run_after=2026-05-26 00:00:00+00:00
[2026-05-26T18:34:11.675+0000] {processor.py:183} INFO - Processing /home/airflow/.local/lib/python3.8/site-packages/airflow/example_dags/tutorial.py took 0.068 seconds
[2026-05-26T18:34:41.759+0000] {processor.py:161} INFO - Started process (PID=2961) to work on /home/airflow/.local/lib/python3.8/site-packages/airflow/example_dags/tutorial.py
[2026-05-26T18:34:41.761+0000] {processor.py:830} INFO - Processing file /home/airflow/.local/lib/python3.8/site-packages/airflow/example_dags/tutorial.py for tasks to queue
[2026-05-26T18:34:41.762+0000] {logging_mixin.py:188} INFO - [2026-05-26T18:34:41.762+0000] {dagbag.py:540} INFO - Filling up the DagBag from /home/airflow/.local/lib/python3.8/site-packages/airflow/example_dags/tutorial.py
[2026-05-26T18:34:41.768+0000] {processor.py:840} INFO - DAG(s) 'tutorial' retrieved from /home/airflow/.local/lib/python3.8/site-packages/airflow/example_dags/tutorial.py
[2026-05-26T18:34:41.787+0000] {logging_mixin.py:188} INFO - [2026-05-26T18:34:41.786+0000] {dag.py:3047} INFO - Sync 1 DAGs
[2026-05-26T18:34:41.806+0000] {logging_mixin.py:188} INFO - [2026-05-26T18:34:41.805+0000] {dag.py:3834} INFO - Setting next_dagrun for tutorial to 2026-05-25 00:00:00+00:00, run_after=2026-05-26 00:00:00+00:00
[2026-05-26T18:34:41.826+0000] {processor.py:183} INFO - Processing /home/airflow/.local/lib/python3.8/site-packages/airflow/example_dags/tutorial.py took 0.070 seconds
[2026-05-26T18:35:12.516+0000] {processor.py:161} INFO - Started process (PID=3016) to work on /home/airflow/.local/lib/python3.8/site-packages/airflow/example_dags/tutorial.py
[2026-05-26T18:35:12.517+0000] {processor.py:830} INFO - Processing file /home/airflow/.local/lib/python3.8/site-packages/airflow/example_dags/tutorial.py for tasks to queue
[2026-05-26T18:35:12.520+0000] {logging_mixin.py:188} INFO - [2026-05-26T18:35:12.520+0000] {dagbag.py:540} INFO - Filling up the DagBag from /home/airflow/.local/lib/python3.8/site-packages/airflow/example_dags/tutorial.py
[2026-05-26T18:35:12.525+0000] {processor.py:840} INFO - DAG(s) 'tutorial' retrieved from /home/airflow/.local/lib/python3.8/site-packages/airflow/example_dags/tutorial.py
[2026-05-26T18:35:12.545+0000] {logging_mixin.py:188} INFO - [2026-05-26T18:35:12.545+0000] {dag.py:3047} INFO - Sync 1 DAGs
[2026-05-26T18:35:12.566+0000] {logging_mixin.py:188} INFO - [2026-05-26T18:35:12.566+0000] {dag.py:3834} INFO - Setting next_dagrun for tutorial to 2026-05-25 00:00:00+00:00, run_after=2026-05-26 00:00:00+00:00
[2026-05-26T18:35:12.588+0000] {processor.py:183} INFO - Processing /home/airflow/.local/lib/python3.8/site-packages/airflow/example_dags/tutorial.py took 0.075 seconds
[2026-05-26T18:35:42.634+0000] {processor.py:161} INFO - Started process (PID=3070) to work on /home/airflow/.local/lib/python3.8/site-packages/airflow/example_dags/tutorial.py
[2026-05-26T18:35:42.636+0000] {processor.py:830} INFO - Processing file /home/airflow/.local/lib/python3.8/site-packages/airflow/example_dags/tutorial.py for tasks to queue
[2026-05-26T18:35:42.638+0000] {logging_mixin.py:188} INFO - [2026-05-26T18:35:42.638+0000] {dagbag.py:540} INFO - Filling up the DagBag from /home/airflow/.local/lib/python3.8/site-packages/airflow/example_dags/tutorial.py
[2026-05-26T18:35:42.643+0000] {processor.py:840} INFO - DAG(s) 'tutorial' retrieved from /home/airflow/.local/lib/python3.8/site-packages/airflow/example_dags/tutorial.py
[2026-05-26T18:35:42.663+0000] {logging_mixin.py:188} INFO - [2026-05-26T18:35:42.662+0000] {dag.py:3047} INFO - Sync 1 DAGs
[2026-05-26T18:35:42.686+0000] {logging_mixin.py:188} INFO - [2026-05-26T18:35:42.686+0000] {dag.py:3834} INFO - Setting next_dagrun for tutorial to 2026-05-25 00:00:00+00:00, run_after=2026-05-26 00:00:00+00:00
[2026-05-26T18:35:42.706+0000] {processor.py:183} INFO - Processing /home/airflow/.local/lib/python3.8/site-packages/airflow/example_dags/tutorial.py took 0.075 seconds
[2026-05-26T18:36:12.808+0000] {processor.py:161} INFO - Started process (PID=3125) to work on /home/airflow/.local/lib/python3.8/site-packages/airflow/example_dags/tutorial.py
[2026-05-26T18:36:12.814+0000] {processor.py:830} INFO - Processing file /home/airflow/.local/lib/python3.8/site-packages/airflow/example_dags/tutorial.py for tasks to queue
[2026-05-26T18:36:12.818+0000] {logging_mixin.py:188} INFO - [2026-05-26T18:36:12.817+0000] {dagbag.py:540} INFO - Filling up the DagBag from /home/airflow/.local/lib/python3.8/site-packages/airflow/example_dags/tutorial.py
[2026-05-26T18:36:12.840+0000] {processor.py:840} INFO - DAG(s) 'tutorial' retrieved from /home/airflow/.local/lib/python3.8/site-packages/airflow/example_dags/tutorial.py
[2026-05-26T18:36:12.889+0000] {logging_mixin.py:188} INFO - [2026-05-26T18:36:12.889+0000] {dag.py:3047} INFO - Sync 1 DAGs
[2026-05-26T18:36:12.929+0000] {logging_mixin.py:188} INFO - [2026-05-26T18:36:12.928+0000] {dag.py:3834} INFO - Setting next_dagrun for tutorial to 2026-05-25 00:00:00+00:00, run_after=2026-05-26 00:00:00+00:00
[2026-05-26T18:36:12.955+0000] {processor.py:183} INFO - Processing /home/airflow/.local/lib/python3.8/site-packages/airflow/example_dags/tutorial.py took 0.151 seconds
[2026-05-26T18:36:43.221+0000] {processor.py:161} INFO - Started process (PID=3180) to work on /home/airflow/.local/lib/python3.8/site-packages/airflow/example_dags/tutorial.py
[2026-05-26T18:36:43.224+0000] {processor.py:830} INFO - Processing file /home/airflow/.local/lib/python3.8/site-packages/airflow/example_dags/tutorial.py for tasks to queue
[2026-05-26T18:36:43.227+0000] {logging_mixin.py:188} INFO - [2026-05-26T18:36:43.227+0000] {dagbag.py:540} INFO - Filling up the DagBag from /home/airflow/.local/lib/python3.8/site-packages/airflow/example_dags/tutorial.py
[2026-05-26T18:36:43.242+0000] {processor.py:840} INFO - DAG(s) 'tutorial' retrieved from /home/airflow/.local/lib/python3.8/site-packages/airflow/example_dags/tutorial.py
[2026-05-26T18:36:43.276+0000] {logging_mixin.py:188} INFO - [2026-05-26T18:36:43.275+0000] {dag.py:3047} INFO - Sync 1 DAGs
[2026-05-26T18:36:43.311+0000] {logging_mixin.py:188} INFO - [2026-05-26T18:36:43.311+0000] {dag.py:3834} INFO - Setting next_dagrun for tutorial to 2026-05-25 00:00:00+00:00, run_after=2026-05-26 00:00:00+00:00
[2026-05-26T18:36:43.348+0000] {processor.py:183} INFO - Processing /home/airflow/.local/lib/python3.8/site-packages/airflow/example_dags/tutorial.py took 0.130 seconds
[2026-05-26T18:37:13.462+0000] {processor.py:161} INFO - Started process (PID=3235) to work on /home/airflow/.local/lib/python3.8/site-packages/airflow/example_dags/tutorial.py
[2026-05-26T18:37:13.464+0000] {processor.py:830} INFO - Processing file /home/airflow/.local/lib/python3.8/site-packages/airflow/example_dags/tutorial.py for tasks to queue
[2026-05-26T18:37:13.466+0000] {logging_mixin.py:188} INFO - [2026-05-26T18:37:13.465+0000] {dagbag.py:540} INFO - Filling up the DagBag from /home/airflow/.local/lib/python3.8/site-packages/airflow/example_dags/tutorial.py
[2026-05-26T18:37:13.471+0000] {processor.py:840} INFO - DAG(s) 'tutorial' retrieved from /home/airflow/.local/lib/python3.8/site-packages/airflow/example_dags/tutorial.py
[2026-05-26T18:37:13.490+0000] {logging_mixin.py:188} INFO - [2026-05-26T18:37:13.490+0000] {dag.py:3047} INFO - Sync 1 DAGs
[2026-05-26T18:37:13.508+0000] {logging_mixin.py:188} INFO - [2026-05-26T18:37:13.508+0000] {dag.py:3834} INFO - Setting next_dagrun for tutorial to 2026-05-25 00:00:00+00:00, run_after=2026-05-26 00:00:00+00:00
[2026-05-26T18:37:13.527+0000] {processor.py:183} INFO - Processing /home/airflow/.local/lib/python3.8/site-packages/airflow/example_dags/tutorial.py took 0.068 seconds
[2026-05-26T18:37:43.811+0000] {processor.py:161} INFO - Started process (PID=3290) to work on /home/airflow/.local/lib/python3.8/site-packages/airflow/example_dags/tutorial.py
[2026-05-26T18:37:43.812+0000] {processor.py:830} INFO - Processing file /home/airflow/.local/lib/python3.8/site-packages/airflow/example_dags/tutorial.py for tasks to queue
[2026-05-26T18:37:43.815+0000] {logging_mixin.py:188} INFO - [2026-05-26T18:37:43.814+0000] {dagbag.py:540} INFO - Filling up the DagBag from /home/airflow/.local/lib/python3.8/site-packages/airflow/example_dags/tutorial.py
[2026-05-26T18:37:43.821+0000] {processor.py:840} INFO - DAG(s) 'tutorial' retrieved from /home/airflow/.local/lib/python3.8/site-packages/airflow/example_dags/tutorial.py
[2026-05-26T18:37:43.841+0000] {logging_mixin.py:188} INFO - [2026-05-26T18:37:43.841+0000] {dag.py:3047} INFO - Sync 1 DAGs
[2026-05-26T18:37:43.861+0000] {logging_mixin.py:188} INFO - [2026-05-26T18:37:43.861+0000] {dag.py:3834} INFO - Setting next_dagrun for tutorial to 2026-05-25 00:00:00+00:00, run_after=2026-05-26 00:00:00+00:00
[2026-05-26T18:37:43.887+0000] {processor.py:183} INFO - Processing /home/airflow/.local/lib/python3.8/site-packages/airflow/example_dags/tutorial.py took 0.079 seconds
[2026-05-26T18:38:14.639+0000] {processor.py:161} INFO - Started process (PID=3346) to work on /home/airflow/.local/lib/python3.8/site-packages/airflow/example_dags/tutorial.py
[2026-05-26T18:38:14.641+0000] {processor.py:830} INFO - Processing file /home/airflow/.local/lib/python3.8/site-packages/airflow/example_dags/tutorial.py for tasks to queue
[2026-05-26T18:38:14.643+0000] {logging_mixin.py:188} INFO - [2026-05-26T18:38:14.643+0000] {dagbag.py:540} INFO - Filling up the DagBag from /home/airflow/.local/lib/python3.8/site-packages/airflow/example_dags/tutorial.py
[2026-05-26T18:38:14.655+0000] {processor.py:840} INFO - DAG(s) 'tutorial' retrieved from /home/airflow/.local/lib/python3.8/site-packages/airflow/example_dags/tutorial.py
[2026-05-26T18:38:14.689+0000] {logging_mixin.py:188} INFO - [2026-05-26T18:38:14.688+0000] {dag.py:3047} INFO - Sync 1 DAGs
[2026-05-26T18:38:14.722+0000] {logging_mixin.py:188} INFO - [2026-05-26T18:38:14.722+0000] {dag.py:3834} INFO - Setting next_dagrun for tutorial to 2026-05-25 00:00:00+00:00, run_after=2026-05-26 00:00:00+00:00
[2026-05-26T18:38:14.757+0000] {processor.py:183} INFO - Processing /home/airflow/.local/lib/python3.8/site-packages/airflow/example_dags/tutorial.py took 0.124 seconds
[2026-05-26T18:38:44.923+0000] {processor.py:161} INFO - Started process (PID=3402) to work on /home/airflow/.local/lib/python3.8/site-packages/airflow/example_dags/tutorial.py
[2026-05-26T18:38:44.924+0000] {processor.py:830} INFO - Processing file /home/airflow/.local/lib/python3.8/site-packages/airflow/example_dags/tutorial.py for tasks to queue
[2026-05-26T18:38:44.926+0000] {logging_mixin.py:188} INFO - [2026-05-26T18:38:44.926+0000] {dagbag.py:540} INFO - Filling up the DagBag from /home/airflow/.local/lib/python3.8/site-packages/airflow/example_dags/tutorial.py
[2026-05-26T18:38:44.934+0000] {processor.py:840} INFO - DAG(s) 'tutorial' retrieved from /home/airflow/.local/lib/python3.8/site-packages/airflow/example_dags/tutorial.py
[2026-05-26T18:38:44.955+0000] {logging_mixin.py:188} INFO - [2026-05-26T18:38:44.955+0000] {dag.py:3047} INFO - Sync 1 DAGs
[2026-05-26T18:38:44.975+0000] {logging_mixin.py:188} INFO - [2026-05-26T18:38:44.975+0000] {dag.py:3834} INFO - Setting next_dagrun for tutorial to 2026-05-25 00:00:00+00:00, run_after=2026-05-26 00:00:00+00:00
[2026-05-26T18:38:44.994+0000] {processor.py:183} INFO - Processing /home/airflow/.local/lib/python3.8/site-packages/airflow/example_dags/tutorial.py took 0.074 seconds
[2026-05-26T18:39:15.698+0000] {processor.py:161} INFO - Started process (PID=3457) to work on /home/airflow/.local/lib/python3.8/site-packages/airflow/example_dags/tutorial.py
[2026-05-26T18:39:15.700+0000] {processor.py:830} INFO - Processing file /home/airflow/.local/lib/python3.8/site-packages/airflow/example_dags/tutorial.py for tasks to queue
[2026-05-26T18:39:15.702+0000] {logging_mixin.py:188} INFO - [2026-05-26T18:39:15.701+0000] {dagbag.py:540} INFO - Filling up the DagBag from /home/airflow/.local/lib/python3.8/site-packages/airflow/example_dags/tutorial.py
[2026-05-26T18:39:15.709+0000] {processor.py:840} INFO - DAG(s) 'tutorial' retrieved from /home/airflow/.local/lib/python3.8/site-packages/airflow/example_dags/tutorial.py
[2026-05-26T18:39:15.734+0000] {logging_mixin.py:188} INFO - [2026-05-26T18:39:15.733+0000] {dag.py:3047} INFO - Sync 1 DAGs
[2026-05-26T18:39:15.757+0000] {logging_mixin.py:188} INFO - [2026-05-26T18:39:15.757+0000] {dag.py:3834} INFO - Setting next_dagrun for tutorial to 2026-05-25 00:00:00+00:00, run_after=2026-05-26 00:00:00+00:00
[2026-05-26T18:39:15.780+0000] {processor.py:183} INFO - Processing /home/airflow/.local/lib/python3.8/site-packages/airflow/example_dags/tutorial.py took 0.086 seconds
[2026-05-26T18:39:46.046+0000] {processor.py:161} INFO - Started process (PID=3512) to work on /home/airflow/.local/lib/python3.8/site-packages/airflow/example_dags/tutorial.py
[2026-05-26T18:39:46.048+0000] {processor.py:830} INFO - Processing file /home/airflow/.local/lib/python3.8/site-packages/airflow/example_dags/tutorial.py for tasks to queue
[2026-05-26T18:39:46.050+0000] {logging_mixin.py:188} INFO - [2026-05-26T18:39:46.049+0000] {dagbag.py:540} INFO - Filling up the DagBag from /home/airflow/.local/lib/python3.8/site-packages/airflow/example_dags/tutorial.py
[2026-05-26T18:39:46.055+0000] {processor.py:840} INFO - DAG(s) 'tutorial' retrieved from /home/airflow/.local/lib/python3.8/site-packages/airflow/example_dags/tutorial.py
[2026-05-26T18:39:46.075+0000] {logging_mixin.py:188} INFO - [2026-05-26T18:39:46.075+0000] {dag.py:3047} INFO - Sync 1 DAGs
[2026-05-26T18:39:46.095+0000] {logging_mixin.py:188} INFO - [2026-05-26T18:39:46.095+0000] {dag.py:3834} INFO - Setting next_dagrun for tutorial to 2026-05-25 00:00:00+00:00, run_after=2026-05-26 00:00:00+00:00
[2026-05-26T18:39:46.114+0000] {processor.py:183} INFO - Processing /home/airflow/.local/lib/python3.8/site-packages/airflow/example_dags/tutorial.py took 0.071 seconds
[2026-05-26T18:40:16.604+0000] {processor.py:161} INFO - Started process (PID=3567) to work on /home/airflow/.local/lib/python3.8/site-packages/airflow/example_dags/tutorial.py
[2026-05-26T18:40:16.606+0000] {processor.py:830} INFO - Processing file /home/airflow/.local/lib/python3.8/site-packages/airflow/example_dags/tutorial.py for tasks to queue
[2026-05-26T18:40:16.608+0000] {logging_mixin.py:188} INFO - [2026-05-26T18:40:16.608+0000] {dagbag.py:540} INFO - Filling up the DagBag from /home/airflow/.local/lib/python3.8/site-packages/airflow/example_dags/tutorial.py
[2026-05-26T18:40:16.617+0000] {processor.py:840} INFO - DAG(s) 'tutorial' retrieved from /home/airflow/.local/lib/python3.8/site-packages/airflow/example_dags/tutorial.py
[2026-05-26T18:40:16.657+0000] {logging_mixin.py:188} INFO - [2026-05-26T18:40:16.657+0000] {dag.py:3047} INFO - Sync 1 DAGs
[2026-05-26T18:40:16.688+0000] {logging_mixin.py:188} INFO - [2026-05-26T18:40:16.688+0000] {dag.py:3834} INFO - Setting next_dagrun for tutorial to 2026-05-25 00:00:00+00:00, run_after=2026-05-26 00:00:00+00:00
[2026-05-26T18:40:16.711+0000] {processor.py:183} INFO - Processing /home/airflow/.local/lib/python3.8/site-packages/airflow/example_dags/tutorial.py took 0.112 seconds
[2026-05-26T18:40:47.210+0000] {processor.py:161} INFO - Started process (PID=3622) to work on /home/airflow/.local/lib/python3.8/site-packages/airflow/example_dags/tutorial.py
[2026-05-26T18:40:47.212+0000] {processor.py:830} INFO - Processing file /home/airflow/.local/lib/python3.8/site-packages/airflow/example_dags/tutorial.py for tasks to queue
[2026-05-26T18:40:47.214+0000] {logging_mixin.py:188} INFO - [2026-05-26T18:40:47.214+0000] {dagbag.py:540} INFO - Filling up the DagBag from /home/airflow/.local/lib/python3.8/site-packages/airflow/example_dags/tutorial.py
[2026-05-26T18:40:47.225+0000] {processor.py:840} INFO - DAG(s) 'tutorial' retrieved from /home/airflow/.local/lib/python3.8/site-packages/airflow/example_dags/tutorial.py
[2026-05-26T18:40:47.246+0000] {logging_mixin.py:188} INFO - [2026-05-26T18:40:47.246+0000] {dag.py:3047} INFO - Sync 1 DAGs
[2026-05-26T18:40:47.264+0000] {logging_mixin.py:188} INFO - [2026-05-26T18:40:47.264+0000] {dag.py:3834} INFO - Setting next_dagrun for tutorial to 2026-05-25 00:00:00+00:00, run_after=2026-05-26 00:00:00+00:00
[2026-05-26T18:40:47.287+0000] {processor.py:183} INFO - Processing /home/airflow/.local/lib/python3.8/site-packages/airflow/example_dags/tutorial.py took 0.080 seconds
[2026-05-26T18:41:17.768+0000] {processor.py:161} INFO - Started process (PID=3678) to work on /home/airflow/.local/lib/python3.8/site-packages/airflow/example_dags/tutorial.py
[2026-05-26T18:41:17.769+0000] {processor.py:830} INFO - Processing file /home/airflow/.local/lib/python3.8/site-packages/airflow/example_dags/tutorial.py for tasks to queue
[2026-05-26T18:41:17.772+0000] {logging_mixin.py:188} INFO - [2026-05-26T18:41:17.771+0000] {dagbag.py:540} INFO - Filling up the DagBag from /home/airflow/.local/lib/python3.8/site-packages/airflow/example_dags/tutorial.py
[2026-05-26T18:41:17.777+0000] {processor.py:840} INFO - DAG(s) 'tutorial' retrieved from /home/airflow/.local/lib/python3.8/site-packages/airflow/example_dags/tutorial.py
[2026-05-26T18:41:17.796+0000] {logging_mixin.py:188} INFO - [2026-05-26T18:41:17.796+0000] {dag.py:3047} INFO - Sync 1 DAGs
[2026-05-26T18:41:17.813+0000] {logging_mixin.py:188} INFO - [2026-05-26T18:41:17.813+0000] {dag.py:3834} INFO - Setting next_dagrun for tutorial to 2026-05-25 00:00:00+00:00, run_after=2026-05-26 00:00:00+00:00
[2026-05-26T18:41:17.833+0000] {processor.py:183} INFO - Processing /home/airflow/.local/lib/python3.8/site-packages/airflow/example_dags/tutorial.py took 0.067 seconds
[2026-05-26T18:41:48.347+0000] {processor.py:161} INFO - Started process (PID=3733) to work on /home/airflow/.local/lib/python3.8/site-packages/airflow/example_dags/tutorial.py
[2026-05-26T18:41:48.348+0000] {processor.py:830} INFO - Processing file /home/airflow/.local/lib/python3.8/site-packages/airflow/example_dags/tutorial.py for tasks to queue
[2026-05-26T18:41:48.350+0000] {logging_mixin.py:188} INFO - [2026-05-26T18:41:48.350+0000] {dagbag.py:540} INFO - Filling up the DagBag from /home/airflow/.local/lib/python3.8/site-packages/airflow/example_dags/tutorial.py
[2026-05-26T18:41:48.356+0000] {processor.py:840} INFO - DAG(s) 'tutorial' retrieved from /home/airflow/.local/lib/python3.8/site-packages/airflow/example_dags/tutorial.py
[2026-05-26T18:41:48.375+0000] {logging_mixin.py:188} INFO - [2026-05-26T18:41:48.375+0000] {dag.py:3047} INFO - Sync 1 DAGs
[2026-05-26T18:41:48.392+0000] {logging_mixin.py:188} INFO - [2026-05-26T18:41:48.392+0000] {dag.py:3834} INFO - Setting next_dagrun for tutorial to 2026-05-25 00:00:00+00:00, run_after=2026-05-26 00:00:00+00:00
[2026-05-26T18:41:48.412+0000] {processor.py:183} INFO - Processing /home/airflow/.local/lib/python3.8/site-packages/airflow/example_dags/tutorial.py took 0.068 seconds
[2026-05-26T18:42:18.990+0000] {processor.py:161} INFO - Started process (PID=3788) to work on /home/airflow/.local/lib/python3.8/site-packages/airflow/example_dags/tutorial.py
[2026-05-26T18:42:18.991+0000] {processor.py:830} INFO - Processing file /home/airflow/.local/lib/python3.8/site-packages/airflow/example_dags/tutorial.py for tasks to queue
[2026-05-26T18:42:18.993+0000] {logging_mixin.py:188} INFO - [2026-05-26T18:42:18.993+0000] {dagbag.py:540} INFO - Filling up the DagBag from /home/airflow/.local/lib/python3.8/site-packages/airflow/example_dags/tutorial.py
[2026-05-26T18:42:18.999+0000] {processor.py:840} INFO - DAG(s) 'tutorial' retrieved from /home/airflow/.local/lib/python3.8/site-packages/airflow/example_dags/tutorial.py
[2026-05-26T18:42:19.024+0000] {logging_mixin.py:188} INFO - [2026-05-26T18:42:19.024+0000] {dag.py:3047} INFO - Sync 1 DAGs
[2026-05-26T18:42:19.054+0000] {logging_mixin.py:188} INFO - [2026-05-26T18:42:19.053+0000] {dag.py:3834} INFO - Setting next_dagrun for tutorial to 2026-05-25 00:00:00+00:00, run_after=2026-05-26 00:00:00+00:00
[2026-05-26T18:42:19.085+0000] {processor.py:183} INFO - Processing /home/airflow/.local/lib/python3.8/site-packages/airflow/example_dags/tutorial.py took 0.098 seconds
[2026-05-26T18:42:49.400+0000] {processor.py:161} INFO - Started process (PID=3843) to work on /home/airflow/.local/lib/python3.8/site-packages/airflow/example_dags/tutorial.py
[2026-05-26T18:42:49.401+0000] {processor.py:830} INFO - Processing file /home/airflow/.local/lib/python3.8/site-packages/airflow/example_dags/tutorial.py for tasks to queue
[2026-05-26T18:42:49.403+0000] {logging_mixin.py:188} INFO - [2026-05-26T18:42:49.402+0000] {dagbag.py:540} INFO - Filling up the DagBag from /home/airflow/.local/lib/python3.8/site-packages/airflow/example_dags/tutorial.py
[2026-05-26T18:42:49.407+0000] {processor.py:840} INFO - DAG(s) 'tutorial' retrieved from /home/airflow/.local/lib/python3.8/site-packages/airflow/example_dags/tutorial.py
[2026-05-26T18:42:49.427+0000] {logging_mixin.py:188} INFO - [2026-05-26T18:42:49.426+0000] {dag.py:3047} INFO - Sync 1 DAGs
[2026-05-26T18:42:49.445+0000] {logging_mixin.py:188} INFO - [2026-05-26T18:42:49.445+0000] {dag.py:3834} INFO - Setting next_dagrun for tutorial to 2026-05-25 00:00:00+00:00, run_after=2026-05-26 00:00:00+00:00
[2026-05-26T18:42:49.465+0000] {processor.py:183} INFO - Processing /home/airflow/.local/lib/python3.8/site-packages/airflow/example_dags/tutorial.py took 0.068 seconds
[2026-05-26T18:43:20.015+0000] {processor.py:161} INFO - Started process (PID=3898) to work on /home/airflow/.local/lib/python3.8/site-packages/airflow/example_dags/tutorial.py
[2026-05-26T18:43:20.017+0000] {processor.py:830} INFO - Processing file /home/airflow/.local/lib/python3.8/site-packages/airflow/example_dags/tutorial.py for tasks to queue
[2026-05-26T18:43:20.019+0000] {logging_mixin.py:188} INFO - [2026-05-26T18:43:20.019+0000] {dagbag.py:540} INFO - Filling up the DagBag from /home/airflow/.local/lib/python3.8/site-packages/airflow/example_dags/tutorial.py
[2026-05-26T18:43:20.025+0000] {processor.py:840} INFO - DAG(s) 'tutorial' retrieved from /home/airflow/.local/lib/python3.8/site-packages/airflow/example_dags/tutorial.py
[2026-05-26T18:43:20.044+0000] {logging_mixin.py:188} INFO - [2026-05-26T18:43:20.044+0000] {dag.py:3047} INFO - Sync 1 DAGs
[2026-05-26T18:43:20.062+0000] {logging_mixin.py:188} INFO - [2026-05-26T18:43:20.062+0000] {dag.py:3834} INFO - Setting next_dagrun for tutorial to 2026-05-25 00:00:00+00:00, run_after=2026-05-26 00:00:00+00:00
[2026-05-26T18:43:20.082+0000] {processor.py:183} INFO - Processing /home/airflow/.local/lib/python3.8/site-packages/airflow/example_dags/tutorial.py took 0.070 seconds
[2026-05-26T18:43:50.539+0000] {processor.py:161} INFO - Started process (PID=3953) to work on /home/airflow/.local/lib/python3.8/site-packages/airflow/example_dags/tutorial.py
[2026-05-26T18:43:50.541+0000] {processor.py:830} INFO - Processing file /home/airflow/.local/lib/python3.8/site-packages/airflow/example_dags/tutorial.py for tasks to queue
[2026-05-26T18:43:50.543+0000] {logging_mixin.py:188} INFO - [2026-05-26T18:43:50.542+0000] {dagbag.py:540} INFO - Filling up the DagBag from /home/airflow/.local/lib/python3.8/site-packages/airflow/example_dags/tutorial.py
[2026-05-26T18:43:50.548+0000] {processor.py:840} INFO - DAG(s) 'tutorial' retrieved from /home/airflow/.local/lib/python3.8/site-packages/airflow/example_dags/tutorial.py
[2026-05-26T18:43:50.567+0000] {logging_mixin.py:188} INFO - [2026-05-26T18:43:50.567+0000] {dag.py:3047} INFO - Sync 1 DAGs
[2026-05-26T18:43:50.584+0000] {logging_mixin.py:188} INFO - [2026-05-26T18:43:50.584+0000] {dag.py:3834} INFO - Setting next_dagrun for tutorial to 2026-05-25 00:00:00+00:00, run_after=2026-05-26 00:00:00+00:00
[2026-05-26T18:43:50.600+0000] {processor.py:183} INFO - Processing /home/airflow/.local/lib/python3.8/site-packages/airflow/example_dags/tutorial.py took 0.064 seconds
[2026-05-26T18:44:20.956+0000] {processor.py:161} INFO - Started process (PID=4008) to work on /home/airflow/.local/lib/python3.8/site-packages/airflow/example_dags/tutorial.py
[2026-05-26T18:44:20.958+0000] {processor.py:830} INFO - Processing file /home/airflow/.local/lib/python3.8/site-packages/airflow/example_dags/tutorial.py for tasks to queue
[2026-05-26T18:44:20.960+0000] {logging_mixin.py:188} INFO - [2026-05-26T18:44:20.959+0000] {dagbag.py:540} INFO - Filling up the DagBag from /home/airflow/.local/lib/python3.8/site-packages/airflow/example_dags/tutorial.py
[2026-05-26T18:44:20.964+0000] {processor.py:840} INFO - DAG(s) 'tutorial' retrieved from /home/airflow/.local/lib/python3.8/site-packages/airflow/example_dags/tutorial.py
[2026-05-26T18:44:20.984+0000] {logging_mixin.py:188} INFO - [2026-05-26T18:44:20.984+0000] {dag.py:3047} INFO - Sync 1 DAGs
[2026-05-26T18:44:21.000+0000] {logging_mixin.py:188} INFO - [2026-05-26T18:44:21.000+0000] {dag.py:3834} INFO - Setting next_dagrun for tutorial to 2026-05-25 00:00:00+00:00, run_after=2026-05-26 00:00:00+00:00
[2026-05-26T18:44:21.017+0000] {processor.py:183} INFO - Processing /home/airflow/.local/lib/python3.8/site-packages/airflow/example_dags/tutorial.py took 0.064 seconds
[2026-05-26T18:44:51.427+0000] {processor.py:161} INFO - Started process (PID=4063) to work on /home/airflow/.local/lib/python3.8/site-packages/airflow/example_dags/tutorial.py
[2026-05-26T18:44:51.428+0000] {processor.py:830} INFO - Processing file /home/airflow/.local/lib/python3.8/site-packages/airflow/example_dags/tutorial.py for tasks to queue
[2026-05-26T18:44:51.431+0000] {logging_mixin.py:188} INFO - [2026-05-26T18:44:51.430+0000] {dagbag.py:540} INFO - Filling up the DagBag from /home/airflow/.local/lib/python3.8/site-packages/airflow/example_dags/tutorial.py
[2026-05-26T18:44:51.437+0000] {processor.py:840} INFO - DAG(s) 'tutorial' retrieved from /home/airflow/.local/lib/python3.8/site-packages/airflow/example_dags/tutorial.py
[2026-05-26T18:44:51.455+0000] {logging_mixin.py:188} INFO - [2026-05-26T18:44:51.455+0000] {dag.py:3047} INFO - Sync 1 DAGs
[2026-05-26T18:44:51.475+0000] {logging_mixin.py:188} INFO - [2026-05-26T18:44:51.475+0000] {dag.py:3834} INFO - Setting next_dagrun for tutorial to 2026-05-25 00:00:00+00:00, run_after=2026-05-26 00:00:00+00:00
[2026-05-26T18:44:51.497+0000] {processor.py:183} INFO - Processing /home/airflow/.local/lib/python3.8/site-packages/airflow/example_dags/tutorial.py took 0.074 seconds
[2026-05-26T18:45:21.991+0000] {processor.py:161} INFO - Started process (PID=4118) to work on /home/airflow/.local/lib/python3.8/site-packages/airflow/example_dags/tutorial.py
[2026-05-26T18:45:21.993+0000] {processor.py:830} INFO - Processing file /home/airflow/.local/lib/python3.8/site-packages/airflow/example_dags/tutorial.py for tasks to queue
[2026-05-26T18:45:21.995+0000] {logging_mixin.py:188} INFO - [2026-05-26T18:45:21.995+0000] {dagbag.py:540} INFO - Filling up the DagBag from /home/airflow/.local/lib/python3.8/site-packages/airflow/example_dags/tutorial.py
[2026-05-26T18:45:22.000+0000] {processor.py:840} INFO - DAG(s) 'tutorial' retrieved from /home/airflow/.local/lib/python3.8/site-packages/airflow/example_dags/tutorial.py
[2026-05-26T18:45:22.020+0000] {logging_mixin.py:188} INFO - [2026-05-26T18:45:22.020+0000] {dag.py:3047} INFO - Sync 1 DAGs
[2026-05-26T18:45:22.042+0000] {logging_mixin.py:188} INFO - [2026-05-26T18:45:22.041+0000] {dag.py:3834} INFO - Setting next_dagrun for tutorial to 2026-05-25 00:00:00+00:00, run_after=2026-05-26 00:00:00+00:00
[2026-05-26T18:45:22.063+0000] {processor.py:183} INFO - Processing /home/airflow/.local/lib/python3.8/site-packages/airflow/example_dags/tutorial.py took 0.075 seconds
[2026-05-26T18:45:52.698+0000] {processor.py:161} INFO - Started process (PID=4173) to work on /home/airflow/.local/lib/python3.8/site-packages/airflow/example_dags/tutorial.py
[2026-05-26T18:45:52.699+0000] {processor.py:830} INFO - Processing file /home/airflow/.local/lib/python3.8/site-packages/airflow/example_dags/tutorial.py for tasks to queue
[2026-05-26T18:45:52.701+0000] {logging_mixin.py:188} INFO - [2026-05-26T18:45:52.701+0000] {dagbag.py:540} INFO - Filling up the DagBag from /home/airflow/.local/lib/python3.8/site-packages/airflow/example_dags/tutorial.py
[2026-05-26T18:45:52.707+0000] {processor.py:840} INFO - DAG(s) 'tutorial' retrieved from /home/airflow/.local/lib/python3.8/site-packages/airflow/example_dags/tutorial.py
[2026-05-26T18:45:52.726+0000] {logging_mixin.py:188} INFO - [2026-05-26T18:45:52.726+0000] {dag.py:3047} INFO - Sync 1 DAGs
[2026-05-26T18:45:52.747+0000] {logging_mixin.py:188} INFO - [2026-05-26T18:45:52.746+0000] {dag.py:3834} INFO - Setting next_dagrun for tutorial to 2026-05-25 00:00:00+00:00, run_after=2026-05-26 00:00:00+00:00
[2026-05-26T18:45:52.764+0000] {processor.py:183} INFO - Processing /home/airflow/.local/lib/python3.8/site-packages/airflow/example_dags/tutorial.py took 0.070 seconds
[2026-05-26T18:46:22.875+0000] {processor.py:161} INFO - Started process (PID=4228) to work on /home/airflow/.local/lib/python3.8/site-packages/airflow/example_dags/tutorial.py
[2026-05-26T18:46:22.876+0000] {processor.py:830} INFO - Processing file /home/airflow/.local/lib/python3.8/site-packages/airflow/example_dags/tutorial.py for tasks to queue
[2026-05-26T18:46:22.878+0000] {logging_mixin.py:188} INFO - [2026-05-26T18:46:22.878+0000] {dagbag.py:540} INFO - Filling up the DagBag from /home/airflow/.local/lib/python3.8/site-packages/airflow/example_dags/tutorial.py
[2026-05-26T18:46:22.884+0000] {processor.py:840} INFO - DAG(s) 'tutorial' retrieved from /home/airflow/.local/lib/python3.8/site-packages/airflow/example_dags/tutorial.py
[2026-05-26T18:46:22.902+0000] {logging_mixin.py:188} INFO - [2026-05-26T18:46:22.902+0000] {dag.py:3047} INFO - Sync 1 DAGs
[2026-05-26T18:46:22.919+0000] {logging_mixin.py:188} INFO - [2026-05-26T18:46:22.919+0000] {dag.py:3834} INFO - Setting next_dagrun for tutorial to 2026-05-25 00:00:00+00:00, run_after=2026-05-26 00:00:00+00:00
[2026-05-26T18:46:22.938+0000] {processor.py:183} INFO - Processing /home/airflow/.local/lib/python3.8/site-packages/airflow/example_dags/tutorial.py took 0.066 seconds
[2026-05-26T18:46:53.671+0000] {processor.py:161} INFO - Started process (PID=4283) to work on /home/airflow/.local/lib/python3.8/site-packages/airflow/example_dags/tutorial.py
[2026-05-26T18:46:53.673+0000] {processor.py:830} INFO - Processing file /home/airflow/.local/lib/python3.8/site-packages/airflow/example_dags/tutorial.py for tasks to queue
[2026-05-26T18:46:53.674+0000] {logging_mixin.py:188} INFO - [2026-05-26T18:46:53.674+0000] {dagbag.py:540} INFO - Filling up the DagBag from /home/airflow/.local/lib/python3.8/site-packages/airflow/example_dags/tutorial.py
[2026-05-26T18:46:53.682+0000] {processor.py:840} INFO - DAG(s) 'tutorial' retrieved from /home/airflow/.local/lib/python3.8/site-packages/airflow/example_dags/tutorial.py
[2026-05-26T18:46:53.704+0000] {logging_mixin.py:188} INFO - [2026-05-26T18:46:53.704+0000] {dag.py:3047} INFO - Sync 1 DAGs
[2026-05-26T18:46:53.729+0000] {logging_mixin.py:188} INFO - [2026-05-26T18:46:53.729+0000] {dag.py:3834} INFO - Setting next_dagrun for tutorial to 2026-05-25 00:00:00+00:00, run_after=2026-05-26 00:00:00+00:00
[2026-05-26T18:46:53.750+0000] {processor.py:183} INFO - Processing /home/airflow/.local/lib/python3.8/site-packages/airflow/example_dags/tutorial.py took 0.083 seconds
[2026-05-26T18:47:23.915+0000] {processor.py:161} INFO - Started process (PID=4338) to work on /home/airflow/.local/lib/python3.8/site-packages/airflow/example_dags/tutorial.py
[2026-05-26T18:47:23.916+0000] {processor.py:830} INFO - Processing file /home/airflow/.local/lib/python3.8/site-packages/airflow/example_dags/tutorial.py for tasks to queue
[2026-05-26T18:47:23.918+0000] {logging_mixin.py:188} INFO - [2026-05-26T18:47:23.918+0000] {dagbag.py:540} INFO - Filling up the DagBag from /home/airflow/.local/lib/python3.8/site-packages/airflow/example_dags/tutorial.py
[2026-05-26T18:47:23.925+0000] {processor.py:840} INFO - DAG(s) 'tutorial' retrieved from /home/airflow/.local/lib/python3.8/site-packages/airflow/example_dags/tutorial.py
[2026-05-26T18:47:23.950+0000] {logging_mixin.py:188} INFO - [2026-05-26T18:47:23.950+0000] {dag.py:3047} INFO - Sync 1 DAGs
[2026-05-26T18:47:23.971+0000] {logging_mixin.py:188} INFO - [2026-05-26T18:47:23.971+0000] {dag.py:3834} INFO - Setting next_dagrun for tutorial to 2026-05-25 00:00:00+00:00, run_after=2026-05-26 00:00:00+00:00
[2026-05-26T18:47:23.997+0000] {processor.py:183} INFO - Processing /home/airflow/.local/lib/python3.8/site-packages/airflow/example_dags/tutorial.py took 0.086 seconds
[2026-05-26T18:47:54.859+0000] {processor.py:161} INFO - Started process (PID=4393) to work on /home/airflow/.local/lib/python3.8/site-packages/airflow/example_dags/tutorial.py
[2026-05-26T18:47:54.861+0000] {processor.py:830} INFO - Processing file /home/airflow/.local/lib/python3.8/site-packages/airflow/example_dags/tutorial.py for tasks to queue
[2026-05-26T18:47:54.862+0000] {logging_mixin.py:188} INFO - [2026-05-26T18:47:54.862+0000] {dagbag.py:540} INFO - Filling up the DagBag from /home/airflow/.local/lib/python3.8/site-packages/airflow/example_dags/tutorial.py
[2026-05-26T18:47:54.868+0000] {processor.py:840} INFO - DAG(s) 'tutorial' retrieved from /home/airflow/.local/lib/python3.8/site-packages/airflow/example_dags/tutorial.py
[2026-05-26T18:47:54.890+0000] {logging_mixin.py:188} INFO - [2026-05-26T18:47:54.890+0000] {dag.py:3047} INFO - Sync 1 DAGs
[2026-05-26T18:47:54.909+0000] {logging_mixin.py:188} INFO - [2026-05-26T18:47:54.908+0000] {dag.py:3834} INFO - Setting next_dagrun for tutorial to 2026-05-25 00:00:00+00:00, run_after=2026-05-26 00:00:00+00:00
[2026-05-26T18:47:54.926+0000] {processor.py:183} INFO - Processing /home/airflow/.local/lib/python3.8/site-packages/airflow/example_dags/tutorial.py took 0.070 seconds
[2026-05-26T18:48:25.663+0000] {processor.py:161} INFO - Started process (PID=4448) to work on /home/airflow/.local/lib/python3.8/site-packages/airflow/example_dags/tutorial.py
[2026-05-26T18:48:25.665+0000] {processor.py:830} INFO - Processing file /home/airflow/.local/lib/python3.8/site-packages/airflow/example_dags/tutorial.py for tasks to queue
[2026-05-26T18:48:25.667+0000] {logging_mixin.py:188} INFO - [2026-05-26T18:48:25.667+0000] {dagbag.py:540} INFO - Filling up the DagBag from /home/airflow/.local/lib/python3.8/site-packages/airflow/example_dags/tutorial.py
[2026-05-26T18:48:25.672+0000] {processor.py:840} INFO - DAG(s) 'tutorial' retrieved from /home/airflow/.local/lib/python3.8/site-packages/airflow/example_dags/tutorial.py
[2026-05-26T18:48:25.692+0000] {logging_mixin.py:188} INFO - [2026-05-26T18:48:25.692+0000] {dag.py:3047} INFO - Sync 1 DAGs
[2026-05-26T18:48:25.711+0000] {logging_mixin.py:188} INFO - [2026-05-26T18:48:25.711+0000] {dag.py:3834} INFO - Setting next_dagrun for tutorial to 2026-05-25 00:00:00+00:00, run_after=2026-05-26 00:00:00+00:00
[2026-05-26T18:48:25.733+0000] {processor.py:183} INFO - Processing /home/airflow/.local/lib/python3.8/site-packages/airflow/example_dags/tutorial.py took 0.072 seconds
[2026-05-26T18:48:56.018+0000] {processor.py:161} INFO - Started process (PID=4503) to work on /home/airflow/.local/lib/python3.8/site-packages/airflow/example_dags/tutorial.py
[2026-05-26T18:48:56.020+0000] {processor.py:830} INFO - Processing file /home/airflow/.local/lib/python3.8/site-packages/airflow/example_dags/tutorial.py for tasks to queue
[2026-05-26T18:48:56.025+0000] {logging_mixin.py:188} INFO - [2026-05-26T18:48:56.024+0000] {dagbag.py:540} INFO - Filling up the DagBag from /home/airflow/.local/lib/python3.8/site-packages/airflow/example_dags/tutorial.py
[2026-05-26T18:48:56.034+0000] {processor.py:840} INFO - DAG(s) 'tutorial' retrieved from /home/airflow/.local/lib/python3.8/site-packages/airflow/example_dags/tutorial.py
[2026-05-26T18:48:56.065+0000] {logging_mixin.py:188} INFO - [2026-05-26T18:48:56.065+0000] {dag.py:3047} INFO - Sync 1 DAGs
[2026-05-26T18:48:56.096+0000] {logging_mixin.py:188} INFO - [2026-05-26T18:48:56.096+0000] {dag.py:3834} INFO - Setting next_dagrun for tutorial to 2026-05-25 00:00:00+00:00, run_after=2026-05-26 00:00:00+00:00
[2026-05-26T18:48:56.139+0000] {processor.py:183} INFO - Processing /home/airflow/.local/lib/python3.8/site-packages/airflow/example_dags/tutorial.py took 0.126 seconds
[2026-05-26T18:49:26.218+0000] {processor.py:161} INFO - Started process (PID=4556) to work on /home/airflow/.local/lib/python3.8/site-packages/airflow/example_dags/tutorial.py
[2026-05-26T18:49:26.220+0000] {processor.py:830} INFO - Processing file /home/airflow/.local/lib/python3.8/site-packages/airflow/example_dags/tutorial.py for tasks to queue
[2026-05-26T18:49:26.222+0000] {logging_mixin.py:188} INFO - [2026-05-26T18:49:26.222+0000] {dagbag.py:540} INFO - Filling up the DagBag from /home/airflow/.local/lib/python3.8/site-packages/airflow/example_dags/tutorial.py
[2026-05-26T18:49:26.229+0000] {processor.py:840} INFO - DAG(s) 'tutorial' retrieved from /home/airflow/.local/lib/python3.8/site-packages/airflow/example_dags/tutorial.py
[2026-05-26T18:49:26.258+0000] {logging_mixin.py:188} INFO - [2026-05-26T18:49:26.258+0000] {dag.py:3047} INFO - Sync 1 DAGs
[2026-05-26T18:49:26.284+0000] {logging_mixin.py:188} INFO - [2026-05-26T18:49:26.284+0000] {dag.py:3834} INFO - Setting next_dagrun for tutorial to 2026-05-25 00:00:00+00:00, run_after=2026-05-26 00:00:00+00:00
[2026-05-26T18:49:26.317+0000] {processor.py:183} INFO - Processing /home/airflow/.local/lib/python3.8/site-packages/airflow/example_dags/tutorial.py took 0.105 seconds
[2026-05-26T18:49:56.552+0000] {processor.py:161} INFO - Started process (PID=4611) to work on /home/airflow/.local/lib/python3.8/site-packages/airflow/example_dags/tutorial.py
[2026-05-26T18:49:56.553+0000] {processor.py:830} INFO - Processing file /home/airflow/.local/lib/python3.8/site-packages/airflow/example_dags/tutorial.py for tasks to queue
[2026-05-26T18:49:56.556+0000] {logging_mixin.py:188} INFO - [2026-05-26T18:49:56.556+0000] {dagbag.py:540} INFO - Filling up the DagBag from /home/airflow/.local/lib/python3.8/site-packages/airflow/example_dags/tutorial.py
[2026-05-26T18:49:56.561+0000] {processor.py:840} INFO - DAG(s) 'tutorial' retrieved from /home/airflow/.local/lib/python3.8/site-packages/airflow/example_dags/tutorial.py
[2026-05-26T18:49:56.579+0000] {logging_mixin.py:188} INFO - [2026-05-26T18:49:56.579+0000] {dag.py:3047} INFO - Sync 1 DAGs
[2026-05-26T18:49:56.598+0000] {logging_mixin.py:188} INFO - [2026-05-26T18:49:56.597+0000] {dag.py:3834} INFO - Setting next_dagrun for tutorial to 2026-05-25 00:00:00+00:00, run_after=2026-05-26 00:00:00+00:00
[2026-05-26T18:49:56.619+0000] {processor.py:183} INFO - Processing /home/airflow/.local/lib/python3.8/site-packages/airflow/example_dags/tutorial.py took 0.070 seconds
[2026-05-26T18:50:27.467+0000] {processor.py:161} INFO - Started process (PID=4666) to work on /home/airflow/.local/lib/python3.8/site-packages/airflow/example_dags/tutorial.py
[2026-05-26T18:50:27.469+0000] {processor.py:830} INFO - Processing file /home/airflow/.local/lib/python3.8/site-packages/airflow/example_dags/tutorial.py for tasks to queue
[2026-05-26T18:50:27.472+0000] {logging_mixin.py:188} INFO - [2026-05-26T18:50:27.472+0000] {dagbag.py:540} INFO - Filling up the DagBag from /home/airflow/.local/lib/python3.8/site-packages/airflow/example_dags/tutorial.py
[2026-05-26T18:50:27.482+0000] {processor.py:840} INFO - DAG(s) 'tutorial' retrieved from /home/airflow/.local/lib/python3.8/site-packages/airflow/example_dags/tutorial.py
[2026-05-26T18:50:27.516+0000] {logging_mixin.py:188} INFO - [2026-05-26T18:50:27.515+0000] {dag.py:3047} INFO - Sync 1 DAGs
[2026-05-26T18:50:27.552+0000] {logging_mixin.py:188} INFO - [2026-05-26T18:50:27.551+0000] {dag.py:3834} INFO - Setting next_dagrun for tutorial to 2026-05-25 00:00:00+00:00, run_after=2026-05-26 00:00:00+00:00
[2026-05-26T18:50:27.581+0000] {processor.py:183} INFO - Processing /home/airflow/.local/lib/python3.8/site-packages/airflow/example_dags/tutorial.py took 0.118 seconds
[2026-05-26T18:50:57.831+0000] {processor.py:161} INFO - Started process (PID=4721) to work on /home/airflow/.local/lib/python3.8/site-packages/airflow/example_dags/tutorial.py
[2026-05-26T18:50:57.834+0000] {processor.py:830} INFO - Processing file /home/airflow/.local/lib/python3.8/site-packages/airflow/example_dags/tutorial.py for tasks to queue
[2026-05-26T18:50:57.836+0000] {logging_mixin.py:188} INFO - [2026-05-26T18:50:57.836+0000] {dagbag.py:540} INFO - Filling up the DagBag from /home/airflow/.local/lib/python3.8/site-packages/airflow/example_dags/tutorial.py
[2026-05-26T18:50:57.841+0000] {processor.py:840} INFO - DAG(s) 'tutorial' retrieved from /home/airflow/.local/lib/python3.8/site-packages/airflow/example_dags/tutorial.py
[2026-05-26T18:50:57.861+0000] {logging_mixin.py:188} INFO - [2026-05-26T18:50:57.861+0000] {dag.py:3047} INFO - Sync 1 DAGs
[2026-05-26T18:50:57.882+0000] {logging_mixin.py:188} INFO - [2026-05-26T18:50:57.882+0000] {dag.py:3834} INFO - Setting next_dagrun for tutorial to 2026-05-25 00:00:00+00:00, run_after=2026-05-26 00:00:00+00:00
[2026-05-26T18:50:57.898+0000] {processor.py:183} INFO - Processing /home/airflow/.local/lib/python3.8/site-packages/airflow/example_dags/tutorial.py took 0.070 seconds
[2026-05-26T18:51:28.174+0000] {processor.py:161} INFO - Started process (PID=4776) to work on /home/airflow/.local/lib/python3.8/site-packages/airflow/example_dags/tutorial.py
[2026-05-26T18:51:28.175+0000] {processor.py:830} INFO - Processing file /home/airflow/.local/lib/python3.8/site-packages/airflow/example_dags/tutorial.py for tasks to queue
[2026-05-26T18:51:28.178+0000] {logging_mixin.py:188} INFO - [2026-05-26T18:51:28.177+0000] {dagbag.py:540} INFO - Filling up the DagBag from /home/airflow/.local/lib/python3.8/site-packages/airflow/example_dags/tutorial.py
[2026-05-26T18:51:28.183+0000] {processor.py:840} INFO - DAG(s) 'tutorial' retrieved from /home/airflow/.local/lib/python3.8/site-packages/airflow/example_dags/tutorial.py
[2026-05-26T18:51:28.204+0000] {logging_mixin.py:188} INFO - [2026-05-26T18:51:28.204+0000] {dag.py:3047} INFO - Sync 1 DAGs
[2026-05-26T18:51:28.224+0000] {logging_mixin.py:188} INFO - [2026-05-26T18:51:28.224+0000] {dag.py:3834} INFO - Setting next_dagrun for tutorial to 2026-05-25 00:00:00+00:00, run_after=2026-05-26 00:00:00+00:00
[2026-05-26T18:51:28.241+0000] {processor.py:183} INFO - Processing /home/airflow/.local/lib/python3.8/site-packages/airflow/example_dags/tutorial.py took 0.070 seconds
[2026-05-26T18:51:58.992+0000] {processor.py:161} INFO - Started process (PID=4831) to work on /home/airflow/.local/lib/python3.8/site-packages/airflow/example_dags/tutorial.py
[2026-05-26T18:51:58.994+0000] {processor.py:830} INFO - Processing file /home/airflow/.local/lib/python3.8/site-packages/airflow/example_dags/tutorial.py for tasks to queue
[2026-05-26T18:51:58.997+0000] {logging_mixin.py:188} INFO - [2026-05-26T18:51:58.997+0000] {dagbag.py:540} INFO - Filling up the DagBag from /home/airflow/.local/lib/python3.8/site-packages/airflow/example_dags/tutorial.py
[2026-05-26T18:51:59.003+0000] {processor.py:840} INFO - DAG(s) 'tutorial' retrieved from /home/airflow/.local/lib/python3.8/site-packages/airflow/example_dags/tutorial.py
[2026-05-26T18:51:59.030+0000] {logging_mixin.py:188} INFO - [2026-05-26T18:51:59.029+0000] {dag.py:3047} INFO - Sync 1 DAGs
[2026-05-26T18:51:59.053+0000] {logging_mixin.py:188} INFO - [2026-05-26T18:51:59.053+0000] {dag.py:3834} INFO - Setting next_dagrun for tutorial to 2026-05-25 00:00:00+00:00, run_after=2026-05-26 00:00:00+00:00
[2026-05-26T18:51:59.082+0000] {processor.py:183} INFO - Processing /home/airflow/.local/lib/python3.8/site-packages/airflow/example_dags/tutorial.py took 0.093 seconds
[2026-05-26T18:52:29.313+0000] {processor.py:161} INFO - Started process (PID=4886) to work on /home/airflow/.local/lib/python3.8/site-packages/airflow/example_dags/tutorial.py
[2026-05-26T18:52:29.315+0000] {processor.py:830} INFO - Processing file /home/airflow/.local/lib/python3.8/site-packages/airflow/example_dags/tutorial.py for tasks to queue
[2026-05-26T18:52:29.318+0000] {logging_mixin.py:188} INFO - [2026-05-26T18:52:29.318+0000] {dagbag.py:540} INFO - Filling up the DagBag from /home/airflow/.local/lib/python3.8/site-packages/airflow/example_dags/tutorial.py
[2026-05-26T18:52:29.330+0000] {processor.py:840} INFO - DAG(s) 'tutorial' retrieved from /home/airflow/.local/lib/python3.8/site-packages/airflow/example_dags/tutorial.py
[2026-05-26T18:52:29.366+0000] {logging_mixin.py:188} INFO - [2026-05-26T18:52:29.365+0000] {dag.py:3047} INFO - Sync 1 DAGs
[2026-05-26T18:52:29.398+0000] {logging_mixin.py:188} INFO - [2026-05-26T18:52:29.397+0000] {dag.py:3834} INFO - Setting next_dagrun for tutorial to 2026-05-25 00:00:00+00:00, run_after=2026-05-26 00:00:00+00:00
[2026-05-26T18:52:29.434+0000] {processor.py:183} INFO - Processing /home/airflow/.local/lib/python3.8/site-packages/airflow/example_dags/tutorial.py took 0.126 seconds
[2026-05-26T18:52:59.554+0000] {processor.py:161} INFO - Started process (PID=4941) to work on /home/airflow/.local/lib/python3.8/site-packages/airflow/example_dags/tutorial.py
[2026-05-26T18:52:59.555+0000] {processor.py:830} INFO - Processing file /home/airflow/.local/lib/python3.8/site-packages/airflow/example_dags/tutorial.py for tasks to queue
[2026-05-26T18:52:59.558+0000] {logging_mixin.py:188} INFO - [2026-05-26T18:52:59.557+0000] {dagbag.py:540} INFO - Filling up the DagBag from /home/airflow/.local/lib/python3.8/site-packages/airflow/example_dags/tutorial.py
[2026-05-26T18:52:59.564+0000] {processor.py:840} INFO - DAG(s) 'tutorial' retrieved from /home/airflow/.local/lib/python3.8/site-packages/airflow/example_dags/tutorial.py
[2026-05-26T18:52:59.583+0000] {logging_mixin.py:188} INFO - [2026-05-26T18:52:59.583+0000] {dag.py:3047} INFO - Sync 1 DAGs
[2026-05-26T18:52:59.602+0000] {logging_mixin.py:188} INFO - [2026-05-26T18:52:59.602+0000] {dag.py:3834} INFO - Setting next_dagrun for tutorial to 2026-05-25 00:00:00+00:00, run_after=2026-05-26 00:00:00+00:00
[2026-05-26T18:52:59.623+0000] {processor.py:183} INFO - Processing /home/airflow/.local/lib/python3.8/site-packages/airflow/example_dags/tutorial.py took 0.073 seconds
[2026-05-26T18:53:29.721+0000] {processor.py:161} INFO - Started process (PID=4997) to work on /home/airflow/.local/lib/python3.8/site-packages/airflow/example_dags/tutorial.py
[2026-05-26T18:53:29.723+0000] {processor.py:830} INFO - Processing file /home/airflow/.local/lib/python3.8/site-packages/airflow/example_dags/tutorial.py for tasks to queue
[2026-05-26T18:53:29.725+0000] {logging_mixin.py:188} INFO - [2026-05-26T18:53:29.725+0000] {dagbag.py:540} INFO - Filling up the DagBag from /home/airflow/.local/lib/python3.8/site-packages/airflow/example_dags/tutorial.py
[2026-05-26T18:53:29.731+0000] {processor.py:840} INFO - DAG(s) 'tutorial' retrieved from /home/airflow/.local/lib/python3.8/site-packages/airflow/example_dags/tutorial.py
[2026-05-26T18:53:29.750+0000] {logging_mixin.py:188} INFO - [2026-05-26T18:53:29.750+0000] {dag.py:3047} INFO - Sync 1 DAGs
[2026-05-26T18:53:29.766+0000] {logging_mixin.py:188} INFO - [2026-05-26T18:53:29.766+0000] {dag.py:3834} INFO - Setting next_dagrun for tutorial to 2026-05-25 00:00:00+00:00, run_after=2026-05-26 00:00:00+00:00
[2026-05-26T18:53:29.784+0000] {processor.py:183} INFO - Processing /home/airflow/.local/lib/python3.8/site-packages/airflow/example_dags/tutorial.py took 0.066 seconds
[2026-05-26T18:53:59.898+0000] {processor.py:161} INFO - Started process (PID=5052) to work on /home/airflow/.local/lib/python3.8/site-packages/airflow/example_dags/tutorial.py
[2026-05-26T18:53:59.899+0000] {processor.py:830} INFO - Processing file /home/airflow/.local/lib/python3.8/site-packages/airflow/example_dags/tutorial.py for tasks to queue
[2026-05-26T18:53:59.900+0000] {logging_mixin.py:188} INFO - [2026-05-26T18:53:59.900+0000] {dagbag.py:540} INFO - Filling up the DagBag from /home/airflow/.local/lib/python3.8/site-packages/airflow/example_dags/tutorial.py
[2026-05-26T18:53:59.905+0000] {processor.py:840} INFO - DAG(s) 'tutorial' retrieved from /home/airflow/.local/lib/python3.8/site-packages/airflow/example_dags/tutorial.py
[2026-05-26T18:53:59.925+0000] {logging_mixin.py:188} INFO - [2026-05-26T18:53:59.925+0000] {dag.py:3047} INFO - Sync 1 DAGs
[2026-05-26T18:53:59.943+0000] {logging_mixin.py:188} INFO - [2026-05-26T18:53:59.943+0000] {dag.py:3834} INFO - Setting next_dagrun for tutorial to 2026-05-25 00:00:00+00:00, run_after=2026-05-26 00:00:00+00:00
[2026-05-26T18:53:59.963+0000] {processor.py:183} INFO - Processing /home/airflow/.local/lib/python3.8/site-packages/airflow/example_dags/tutorial.py took 0.068 seconds
[2026-05-26T18:54:30.280+0000] {processor.py:161} INFO - Started process (PID=5106) to work on /home/airflow/.local/lib/python3.8/site-packages/airflow/example_dags/tutorial.py
[2026-05-26T18:54:30.281+0000] {processor.py:830} INFO - Processing file /home/airflow/.local/lib/python3.8/site-packages/airflow/example_dags/tutorial.py for tasks to queue
[2026-05-26T18:54:30.283+0000] {logging_mixin.py:188} INFO - [2026-05-26T18:54:30.282+0000] {dagbag.py:540} INFO - Filling up the DagBag from /home/airflow/.local/lib/python3.8/site-packages/airflow/example_dags/tutorial.py
[2026-05-26T18:54:30.288+0000] {processor.py:840} INFO - DAG(s) 'tutorial' retrieved from /home/airflow/.local/lib/python3.8/site-packages/airflow/example_dags/tutorial.py
[2026-05-26T18:54:30.307+0000] {logging_mixin.py:188} INFO - [2026-05-26T18:54:30.306+0000] {dag.py:3047} INFO - Sync 1 DAGs
[2026-05-26T18:54:30.323+0000] {logging_mixin.py:188} INFO - [2026-05-26T18:54:30.323+0000] {dag.py:3834} INFO - Setting next_dagrun for tutorial to 2026-05-25 00:00:00+00:00, run_after=2026-05-26 00:00:00+00:00
[2026-05-26T18:54:30.340+0000] {processor.py:183} INFO - Processing /home/airflow/.local/lib/python3.8/site-packages/airflow/example_dags/tutorial.py took 0.063 seconds
[2026-05-26T18:55:01.110+0000] {processor.py:161} INFO - Started process (PID=5161) to work on /home/airflow/.local/lib/python3.8/site-packages/airflow/example_dags/tutorial.py
[2026-05-26T18:55:01.112+0000] {processor.py:830} INFO - Processing file /home/airflow/.local/lib/python3.8/site-packages/airflow/example_dags/tutorial.py for tasks to queue
[2026-05-26T18:55:01.113+0000] {logging_mixin.py:188} INFO - [2026-05-26T18:55:01.113+0000] {dagbag.py:540} INFO - Filling up the DagBag from /home/airflow/.local/lib/python3.8/site-packages/airflow/example_dags/tutorial.py
[2026-05-26T18:55:01.119+0000] {processor.py:840} INFO - DAG(s) 'tutorial' retrieved from /home/airflow/.local/lib/python3.8/site-packages/airflow/example_dags/tutorial.py
[2026-05-26T18:55:01.142+0000] {logging_mixin.py:188} INFO - [2026-05-26T18:55:01.142+0000] {dag.py:3047} INFO - Sync 1 DAGs
[2026-05-26T18:55:01.162+0000] {logging_mixin.py:188} INFO - [2026-05-26T18:55:01.162+0000] {dag.py:3834} INFO - Setting next_dagrun for tutorial to 2026-05-25 00:00:00+00:00, run_after=2026-05-26 00:00:00+00:00
[2026-05-26T18:55:01.185+0000] {processor.py:183} INFO - Processing /home/airflow/.local/lib/python3.8/site-packages/airflow/example_dags/tutorial.py took 0.078 seconds
[2026-05-26T18:55:32.000+0000] {processor.py:161} INFO - Started process (PID=5216) to work on /home/airflow/.local/lib/python3.8/site-packages/airflow/example_dags/tutorial.py
[2026-05-26T18:55:32.005+0000] {processor.py:830} INFO - Processing file /home/airflow/.local/lib/python3.8/site-packages/airflow/example_dags/tutorial.py for tasks to queue
[2026-05-26T18:55:32.010+0000] {logging_mixin.py:188} INFO - [2026-05-26T18:55:32.010+0000] {dagbag.py:540} INFO - Filling up the DagBag from /home/airflow/.local/lib/python3.8/site-packages/airflow/example_dags/tutorial.py
[2026-05-26T18:55:32.038+0000] {processor.py:840} INFO - DAG(s) 'tutorial' retrieved from /home/airflow/.local/lib/python3.8/site-packages/airflow/example_dags/tutorial.py
[2026-05-26T18:55:32.095+0000] {logging_mixin.py:188} INFO - [2026-05-26T18:55:32.095+0000] {dag.py:3047} INFO - Sync 1 DAGs
[2026-05-26T18:55:32.157+0000] {logging_mixin.py:188} INFO - [2026-05-26T18:55:32.154+0000] {dag.py:3834} INFO - Setting next_dagrun for tutorial to 2026-05-25 00:00:00+00:00, run_after=2026-05-26 00:00:00+00:00
[2026-05-26T18:55:32.241+0000] {processor.py:183} INFO - Processing /home/airflow/.local/lib/python3.8/site-packages/airflow/example_dags/tutorial.py took 0.251 seconds
[2026-05-26T18:56:02.589+0000] {processor.py:161} INFO - Started process (PID=5271) to work on /home/airflow/.local/lib/python3.8/site-packages/airflow/example_dags/tutorial.py
[2026-05-26T18:56:02.591+0000] {processor.py:830} INFO - Processing file /home/airflow/.local/lib/python3.8/site-packages/airflow/example_dags/tutorial.py for tasks to queue
[2026-05-26T18:56:02.594+0000] {logging_mixin.py:188} INFO - [2026-05-26T18:56:02.593+0000] {dagbag.py:540} INFO - Filling up the DagBag from /home/airflow/.local/lib/python3.8/site-packages/airflow/example_dags/tutorial.py
[2026-05-26T18:56:02.599+0000] {processor.py:840} INFO - DAG(s) 'tutorial' retrieved from /home/airflow/.local/lib/python3.8/site-packages/airflow/example_dags/tutorial.py
[2026-05-26T18:56:02.616+0000] {logging_mixin.py:188} INFO - [2026-05-26T18:56:02.616+0000] {dag.py:3047} INFO - Sync 1 DAGs
[2026-05-26T18:56:02.637+0000] {logging_mixin.py:188} INFO - [2026-05-26T18:56:02.637+0000] {dag.py:3834} INFO - Setting next_dagrun for tutorial to 2026-05-25 00:00:00+00:00, run_after=2026-05-26 00:00:00+00:00
[2026-05-26T18:56:02.657+0000] {processor.py:183} INFO - Processing /home/airflow/.local/lib/python3.8/site-packages/airflow/example_dags/tutorial.py took 0.070 seconds
[2026-05-26T18:56:33.153+0000] {processor.py:161} INFO - Started process (PID=5326) to work on /home/airflow/.local/lib/python3.8/site-packages/airflow/example_dags/tutorial.py
[2026-05-26T18:56:33.154+0000] {processor.py:830} INFO - Processing file /home/airflow/.local/lib/python3.8/site-packages/airflow/example_dags/tutorial.py for tasks to queue
[2026-05-26T18:56:33.156+0000] {logging_mixin.py:188} INFO - [2026-05-26T18:56:33.156+0000] {dagbag.py:540} INFO - Filling up the DagBag from /home/airflow/.local/lib/python3.8/site-packages/airflow/example_dags/tutorial.py
[2026-05-26T18:56:33.162+0000] {processor.py:840} INFO - DAG(s) 'tutorial' retrieved from /home/airflow/.local/lib/python3.8/site-packages/airflow/example_dags/tutorial.py
[2026-05-26T18:56:33.180+0000] {logging_mixin.py:188} INFO - [2026-05-26T18:56:33.180+0000] {dag.py:3047} INFO - Sync 1 DAGs
[2026-05-26T18:56:33.198+0000] {logging_mixin.py:188} INFO - [2026-05-26T18:56:33.198+0000] {dag.py:3834} INFO - Setting next_dagrun for tutorial to 2026-05-25 00:00:00+00:00, run_after=2026-05-26 00:00:00+00:00
[2026-05-26T18:56:33.219+0000] {processor.py:183} INFO - Processing /home/airflow/.local/lib/python3.8/site-packages/airflow/example_dags/tutorial.py took 0.069 seconds
[2026-05-26T18:57:03.880+0000] {processor.py:161} INFO - Started process (PID=5381) to work on /home/airflow/.local/lib/python3.8/site-packages/airflow/example_dags/tutorial.py
[2026-05-26T18:57:03.881+0000] {processor.py:830} INFO - Processing file /home/airflow/.local/lib/python3.8/site-packages/airflow/example_dags/tutorial.py for tasks to queue
[2026-05-26T18:57:03.883+0000] {logging_mixin.py:188} INFO - [2026-05-26T18:57:03.883+0000] {dagbag.py:540} INFO - Filling up the DagBag from /home/airflow/.local/lib/python3.8/site-packages/airflow/example_dags/tutorial.py
[2026-05-26T18:57:03.888+0000] {processor.py:840} INFO - DAG(s) 'tutorial' retrieved from /home/airflow/.local/lib/python3.8/site-packages/airflow/example_dags/tutorial.py
[2026-05-26T18:57:03.907+0000] {logging_mixin.py:188} INFO - [2026-05-26T18:57:03.907+0000] {dag.py:3047} INFO - Sync 1 DAGs
[2026-05-26T18:57:03.925+0000] {logging_mixin.py:188} INFO - [2026-05-26T18:57:03.925+0000] {dag.py:3834} INFO - Setting next_dagrun for tutorial to 2026-05-25 00:00:00+00:00, run_after=2026-05-26 00:00:00+00:00
[2026-05-26T18:57:03.944+0000] {processor.py:183} INFO - Processing /home/airflow/.local/lib/python3.8/site-packages/airflow/example_dags/tutorial.py took 0.067 seconds
[2026-05-26T18:57:34.370+0000] {processor.py:161} INFO - Started process (PID=5436) to work on /home/airflow/.local/lib/python3.8/site-packages/airflow/example_dags/tutorial.py
[2026-05-26T18:57:34.371+0000] {processor.py:830} INFO - Processing file /home/airflow/.local/lib/python3.8/site-packages/airflow/example_dags/tutorial.py for tasks to queue
[2026-05-26T18:57:34.374+0000] {logging_mixin.py:188} INFO - [2026-05-26T18:57:34.374+0000] {dagbag.py:540} INFO - Filling up the DagBag from /home/airflow/.local/lib/python3.8/site-packages/airflow/example_dags/tutorial.py
[2026-05-26T18:57:34.380+0000] {processor.py:840} INFO - DAG(s) 'tutorial' retrieved from /home/airflow/.local/lib/python3.8/site-packages/airflow/example_dags/tutorial.py
[2026-05-26T18:57:34.402+0000] {logging_mixin.py:188} INFO - [2026-05-26T18:57:34.402+0000] {dag.py:3047} INFO - Sync 1 DAGs
[2026-05-26T18:57:34.421+0000] {logging_mixin.py:188} INFO - [2026-05-26T18:57:34.420+0000] {dag.py:3834} INFO - Setting next_dagrun for tutorial to 2026-05-25 00:00:00+00:00, run_after=2026-05-26 00:00:00+00:00
[2026-05-26T18:57:34.442+0000] {processor.py:183} INFO - Processing /home/airflow/.local/lib/python3.8/site-packages/airflow/example_dags/tutorial.py took 0.075 seconds
[2026-05-26T18:58:05.007+0000] {processor.py:161} INFO - Started process (PID=5491) to work on /home/airflow/.local/lib/python3.8/site-packages/airflow/example_dags/tutorial.py
[2026-05-26T18:58:05.009+0000] {processor.py:830} INFO - Processing file /home/airflow/.local/lib/python3.8/site-packages/airflow/example_dags/tutorial.py for tasks to queue
[2026-05-26T18:58:05.011+0000] {logging_mixin.py:188} INFO - [2026-05-26T18:58:05.010+0000] {dagbag.py:540} INFO - Filling up the DagBag from /home/airflow/.local/lib/python3.8/site-packages/airflow/example_dags/tutorial.py
[2026-05-26T18:58:05.016+0000] {processor.py:840} INFO - DAG(s) 'tutorial' retrieved from /home/airflow/.local/lib/python3.8/site-packages/airflow/example_dags/tutorial.py
[2026-05-26T18:58:05.034+0000] {logging_mixin.py:188} INFO - [2026-05-26T18:58:05.033+0000] {dag.py:3047} INFO - Sync 1 DAGs
[2026-05-26T18:58:05.052+0000] {logging_mixin.py:188} INFO - [2026-05-26T18:58:05.052+0000] {dag.py:3834} INFO - Setting next_dagrun for tutorial to 2026-05-25 00:00:00+00:00, run_after=2026-05-26 00:00:00+00:00
[2026-05-26T18:58:05.071+0000] {processor.py:183} INFO - Processing /home/airflow/.local/lib/python3.8/site-packages/airflow/example_dags/tutorial.py took 0.066 seconds
[2026-05-26T18:58:35.362+0000] {processor.py:161} INFO - Started process (PID=5546) to work on /home/airflow/.local/lib/python3.8/site-packages/airflow/example_dags/tutorial.py
[2026-05-26T18:58:35.364+0000] {processor.py:830} INFO - Processing file /home/airflow/.local/lib/python3.8/site-packages/airflow/example_dags/tutorial.py for tasks to queue
[2026-05-26T18:58:35.366+0000] {logging_mixin.py:188} INFO - [2026-05-26T18:58:35.365+0000] {dagbag.py:540} INFO - Filling up the DagBag from /home/airflow/.local/lib/python3.8/site-packages/airflow/example_dags/tutorial.py
[2026-05-26T18:58:35.374+0000] {processor.py:840} INFO - DAG(s) 'tutorial' retrieved from /home/airflow/.local/lib/python3.8/site-packages/airflow/example_dags/tutorial.py
[2026-05-26T18:58:35.397+0000] {logging_mixin.py:188} INFO - [2026-05-26T18:58:35.397+0000] {dag.py:3047} INFO - Sync 1 DAGs
[2026-05-26T18:58:35.426+0000] {logging_mixin.py:188} INFO - [2026-05-26T18:58:35.426+0000] {dag.py:3834} INFO - Setting next_dagrun for tutorial to 2026-05-25 00:00:00+00:00, run_after=2026-05-26 00:00:00+00:00
[2026-05-26T18:58:35.449+0000] {processor.py:183} INFO - Processing /home/airflow/.local/lib/python3.8/site-packages/airflow/example_dags/tutorial.py took 0.090 seconds
[2026-05-26T18:59:06.155+0000] {processor.py:161} INFO - Started process (PID=5601) to work on /home/airflow/.local/lib/python3.8/site-packages/airflow/example_dags/tutorial.py
[2026-05-26T18:59:06.156+0000] {processor.py:830} INFO - Processing file /home/airflow/.local/lib/python3.8/site-packages/airflow/example_dags/tutorial.py for tasks to queue
[2026-05-26T18:59:06.158+0000] {logging_mixin.py:188} INFO - [2026-05-26T18:59:06.158+0000] {dagbag.py:540} INFO - Filling up the DagBag from /home/airflow/.local/lib/python3.8/site-packages/airflow/example_dags/tutorial.py
[2026-05-26T18:59:06.163+0000] {processor.py:840} INFO - DAG(s) 'tutorial' retrieved from /home/airflow/.local/lib/python3.8/site-packages/airflow/example_dags/tutorial.py
[2026-05-26T18:59:06.185+0000] {logging_mixin.py:188} INFO - [2026-05-26T18:59:06.185+0000] {dag.py:3047} INFO - Sync 1 DAGs
[2026-05-26T18:59:06.209+0000] {logging_mixin.py:188} INFO - [2026-05-26T18:59:06.209+0000] {dag.py:3834} INFO - Setting next_dagrun for tutorial to 2026-05-25 00:00:00+00:00, run_after=2026-05-26 00:00:00+00:00
[2026-05-26T18:59:06.241+0000] {processor.py:183} INFO - Processing /home/airflow/.local/lib/python3.8/site-packages/airflow/example_dags/tutorial.py took 0.091 seconds
[2026-05-26T18:59:36.857+0000] {processor.py:161} INFO - Started process (PID=5656) to work on /home/airflow/.local/lib/python3.8/site-packages/airflow/example_dags/tutorial.py
[2026-05-26T18:59:36.858+0000] {processor.py:830} INFO - Processing file /home/airflow/.local/lib/python3.8/site-packages/airflow/example_dags/tutorial.py for tasks to queue
[2026-05-26T18:59:36.860+0000] {logging_mixin.py:188} INFO - [2026-05-26T18:59:36.860+0000] {dagbag.py:540} INFO - Filling up the DagBag from /home/airflow/.local/lib/python3.8/site-packages/airflow/example_dags/tutorial.py
[2026-05-26T18:59:36.865+0000] {processor.py:840} INFO - DAG(s) 'tutorial' retrieved from /home/airflow/.local/lib/python3.8/site-packages/airflow/example_dags/tutorial.py
[2026-05-26T18:59:36.882+0000] {logging_mixin.py:188} INFO - [2026-05-26T18:59:36.882+0000] {dag.py:3047} INFO - Sync 1 DAGs
[2026-05-26T18:59:36.902+0000] {logging_mixin.py:188} INFO - [2026-05-26T18:59:36.902+0000] {dag.py:3834} INFO - Setting next_dagrun for tutorial to 2026-05-25 00:00:00+00:00, run_after=2026-05-26 00:00:00+00:00
[2026-05-26T18:59:36.923+0000] {processor.py:183} INFO - Processing /home/airflow/.local/lib/python3.8/site-packages/airflow/example_dags/tutorial.py took 0.069 seconds
[2026-05-26T19:00:07.357+0000] {processor.py:161} INFO - Started process (PID=5712) to work on /home/airflow/.local/lib/python3.8/site-packages/airflow/example_dags/tutorial.py
[2026-05-26T19:00:07.359+0000] {processor.py:830} INFO - Processing file /home/airflow/.local/lib/python3.8/site-packages/airflow/example_dags/tutorial.py for tasks to queue
[2026-05-26T19:00:07.361+0000] {logging_mixin.py:188} INFO - [2026-05-26T19:00:07.361+0000] {dagbag.py:540} INFO - Filling up the DagBag from /home/airflow/.local/lib/python3.8/site-packages/airflow/example_dags/tutorial.py
[2026-05-26T19:00:07.366+0000] {processor.py:840} INFO - DAG(s) 'tutorial' retrieved from /home/airflow/.local/lib/python3.8/site-packages/airflow/example_dags/tutorial.py
[2026-05-26T19:00:07.384+0000] {logging_mixin.py:188} INFO - [2026-05-26T19:00:07.384+0000] {dag.py:3047} INFO - Sync 1 DAGs
[2026-05-26T19:00:07.407+0000] {logging_mixin.py:188} INFO - [2026-05-26T19:00:07.407+0000] {dag.py:3834} INFO - Setting next_dagrun for tutorial to 2026-05-25 00:00:00+00:00, run_after=2026-05-26 00:00:00+00:00
[2026-05-26T19:00:07.427+0000] {processor.py:183} INFO - Processing /home/airflow/.local/lib/python3.8/site-packages/airflow/example_dags/tutorial.py took 0.073 seconds
[2026-05-26T19:00:37.876+0000] {processor.py:161} INFO - Started process (PID=5767) to work on /home/airflow/.local/lib/python3.8/site-packages/airflow/example_dags/tutorial.py
[2026-05-26T19:00:37.877+0000] {processor.py:830} INFO - Processing file /home/airflow/.local/lib/python3.8/site-packages/airflow/example_dags/tutorial.py for tasks to queue
[2026-05-26T19:00:37.879+0000] {logging_mixin.py:188} INFO - [2026-05-26T19:00:37.879+0000] {dagbag.py:540} INFO - Filling up the DagBag from /home/airflow/.local/lib/python3.8/site-packages/airflow/example_dags/tutorial.py
[2026-05-26T19:00:37.886+0000] {processor.py:840} INFO - DAG(s) 'tutorial' retrieved from /home/airflow/.local/lib/python3.8/site-packages/airflow/example_dags/tutorial.py
[2026-05-26T19:00:37.910+0000] {logging_mixin.py:188} INFO - [2026-05-26T19:00:37.910+0000] {dag.py:3047} INFO - Sync 1 DAGs
[2026-05-26T19:00:37.933+0000] {logging_mixin.py:188} INFO - [2026-05-26T19:00:37.933+0000] {dag.py:3834} INFO - Setting next_dagrun for tutorial to 2026-05-25 00:00:00+00:00, run_after=2026-05-26 00:00:00+00:00
[2026-05-26T19:00:37.961+0000] {processor.py:183} INFO - Processing /home/airflow/.local/lib/python3.8/site-packages/airflow/example_dags/tutorial.py took 0.090 seconds
[2026-05-26T19:01:08.565+0000] {processor.py:161} INFO - Started process (PID=5822) to work on /home/airflow/.local/lib/python3.8/site-packages/airflow/example_dags/tutorial.py
[2026-05-26T19:01:08.566+0000] {processor.py:830} INFO - Processing file /home/airflow/.local/lib/python3.8/site-packages/airflow/example_dags/tutorial.py for tasks to queue
[2026-05-26T19:01:08.570+0000] {logging_mixin.py:188} INFO - [2026-05-26T19:01:08.569+0000] {dagbag.py:540} INFO - Filling up the DagBag from /home/airflow/.local/lib/python3.8/site-packages/airflow/example_dags/tutorial.py
[2026-05-26T19:01:08.579+0000] {processor.py:840} INFO - DAG(s) 'tutorial' retrieved from /home/airflow/.local/lib/python3.8/site-packages/airflow/example_dags/tutorial.py
[2026-05-26T19:01:08.609+0000] {logging_mixin.py:188} INFO - [2026-05-26T19:01:08.609+0000] {dag.py:3047} INFO - Sync 1 DAGs
[2026-05-26T19:01:08.632+0000] {logging_mixin.py:188} INFO - [2026-05-26T19:01:08.631+0000] {dag.py:3834} INFO - Setting next_dagrun for tutorial to 2026-05-25 00:00:00+00:00, run_after=2026-05-26 00:00:00+00:00
[2026-05-26T19:01:08.651+0000] {processor.py:183} INFO - Processing /home/airflow/.local/lib/python3.8/site-packages/airflow/example_dags/tutorial.py took 0.092 seconds
[2026-05-26T19:01:39.152+0000] {processor.py:161} INFO - Started process (PID=5877) to work on /home/airflow/.local/lib/python3.8/site-packages/airflow/example_dags/tutorial.py
[2026-05-26T19:01:39.154+0000] {processor.py:830} INFO - Processing file /home/airflow/.local/lib/python3.8/site-packages/airflow/example_dags/tutorial.py for tasks to queue
[2026-05-26T19:01:39.155+0000] {logging_mixin.py:188} INFO - [2026-05-26T19:01:39.155+0000] {dagbag.py:540} INFO - Filling up the DagBag from /home/airflow/.local/lib/python3.8/site-packages/airflow/example_dags/tutorial.py
[2026-05-26T19:01:39.160+0000] {processor.py:840} INFO - DAG(s) 'tutorial' retrieved from /home/airflow/.local/lib/python3.8/site-packages/airflow/example_dags/tutorial.py
[2026-05-26T19:01:39.178+0000] {logging_mixin.py:188} INFO - [2026-05-26T19:01:39.178+0000] {dag.py:3047} INFO - Sync 1 DAGs
[2026-05-26T19:01:39.195+0000] {logging_mixin.py:188} INFO - [2026-05-26T19:01:39.195+0000] {dag.py:3834} INFO - Setting next_dagrun for tutorial to 2026-05-25 00:00:00+00:00, run_after=2026-05-26 00:00:00+00:00
[2026-05-26T19:01:39.215+0000] {processor.py:183} INFO - Processing /home/airflow/.local/lib/python3.8/site-packages/airflow/example_dags/tutorial.py took 0.065 seconds
[2026-05-26T19:02:09.692+0000] {processor.py:161} INFO - Started process (PID=5932) to work on /home/airflow/.local/lib/python3.8/site-packages/airflow/example_dags/tutorial.py
[2026-05-26T19:02:09.693+0000] {processor.py:830} INFO - Processing file /home/airflow/.local/lib/python3.8/site-packages/airflow/example_dags/tutorial.py for tasks to queue
[2026-05-26T19:02:09.695+0000] {logging_mixin.py:188} INFO - [2026-05-26T19:02:09.695+0000] {dagbag.py:540} INFO - Filling up the DagBag from /home/airflow/.local/lib/python3.8/site-packages/airflow/example_dags/tutorial.py
[2026-05-26T19:02:09.700+0000] {processor.py:840} INFO - DAG(s) 'tutorial' retrieved from /home/airflow/.local/lib/python3.8/site-packages/airflow/example_dags/tutorial.py
[2026-05-26T19:02:09.717+0000] {logging_mixin.py:188} INFO - [2026-05-26T19:02:09.717+0000] {dag.py:3047} INFO - Sync 1 DAGs
[2026-05-26T19:02:09.734+0000] {logging_mixin.py:188} INFO - [2026-05-26T19:02:09.734+0000] {dag.py:3834} INFO - Setting next_dagrun for tutorial to 2026-05-25 00:00:00+00:00, run_after=2026-05-26 00:00:00+00:00
[2026-05-26T19:02:09.752+0000] {processor.py:183} INFO - Processing /home/airflow/.local/lib/python3.8/site-packages/airflow/example_dags/tutorial.py took 0.062 seconds
[2026-05-26T19:02:40.254+0000] {processor.py:161} INFO - Started process (PID=5987) to work on /home/airflow/.local/lib/python3.8/site-packages/airflow/example_dags/tutorial.py
[2026-05-26T19:02:40.256+0000] {processor.py:830} INFO - Processing file /home/airflow/.local/lib/python3.8/site-packages/airflow/example_dags/tutorial.py for tasks to queue
[2026-05-26T19:02:40.258+0000] {logging_mixin.py:188} INFO - [2026-05-26T19:02:40.257+0000] {dagbag.py:540} INFO - Filling up the DagBag from /home/airflow/.local/lib/python3.8/site-packages/airflow/example_dags/tutorial.py
[2026-05-26T19:02:40.263+0000] {processor.py:840} INFO - DAG(s) 'tutorial' retrieved from /home/airflow/.local/lib/python3.8/site-packages/airflow/example_dags/tutorial.py
[2026-05-26T19:02:40.283+0000] {logging_mixin.py:188} INFO - [2026-05-26T19:02:40.283+0000] {dag.py:3047} INFO - Sync 1 DAGs
[2026-05-26T19:02:40.302+0000] {logging_mixin.py:188} INFO - [2026-05-26T19:02:40.302+0000] {dag.py:3834} INFO - Setting next_dagrun for tutorial to 2026-05-25 00:00:00+00:00, run_after=2026-05-26 00:00:00+00:00
[2026-05-26T19:02:40.322+0000] {processor.py:183} INFO - Processing /home/airflow/.local/lib/python3.8/site-packages/airflow/example_dags/tutorial.py took 0.070 seconds
[2026-05-26T19:03:10.767+0000] {processor.py:161} INFO - Started process (PID=6042) to work on /home/airflow/.local/lib/python3.8/site-packages/airflow/example_dags/tutorial.py
[2026-05-26T19:03:10.769+0000] {processor.py:830} INFO - Processing file /home/airflow/.local/lib/python3.8/site-packages/airflow/example_dags/tutorial.py for tasks to queue
[2026-05-26T19:03:10.771+0000] {logging_mixin.py:188} INFO - [2026-05-26T19:03:10.771+0000] {dagbag.py:540} INFO - Filling up the DagBag from /home/airflow/.local/lib/python3.8/site-packages/airflow/example_dags/tutorial.py
[2026-05-26T19:03:10.776+0000] {processor.py:840} INFO - DAG(s) 'tutorial' retrieved from /home/airflow/.local/lib/python3.8/site-packages/airflow/example_dags/tutorial.py
[2026-05-26T19:03:10.796+0000] {logging_mixin.py:188} INFO - [2026-05-26T19:03:10.795+0000] {dag.py:3047} INFO - Sync 1 DAGs
[2026-05-26T19:03:10.814+0000] {logging_mixin.py:188} INFO - [2026-05-26T19:03:10.814+0000] {dag.py:3834} INFO - Setting next_dagrun for tutorial to 2026-05-25 00:00:00+00:00, run_after=2026-05-26 00:00:00+00:00
[2026-05-26T19:03:10.833+0000] {processor.py:183} INFO - Processing /home/airflow/.local/lib/python3.8/site-packages/airflow/example_dags/tutorial.py took 0.069 seconds
[2026-05-26T19:03:41.461+0000] {processor.py:161} INFO - Started process (PID=6097) to work on /home/airflow/.local/lib/python3.8/site-packages/airflow/example_dags/tutorial.py
[2026-05-26T19:03:41.463+0000] {processor.py:830} INFO - Processing file /home/airflow/.local/lib/python3.8/site-packages/airflow/example_dags/tutorial.py for tasks to queue
[2026-05-26T19:03:41.465+0000] {logging_mixin.py:188} INFO - [2026-05-26T19:03:41.464+0000] {dagbag.py:540} INFO - Filling up the DagBag from /home/airflow/.local/lib/python3.8/site-packages/airflow/example_dags/tutorial.py
[2026-05-26T19:03:41.470+0000] {processor.py:840} INFO - DAG(s) 'tutorial' retrieved from /home/airflow/.local/lib/python3.8/site-packages/airflow/example_dags/tutorial.py
[2026-05-26T19:03:41.488+0000] {logging_mixin.py:188} INFO - [2026-05-26T19:03:41.488+0000] {dag.py:3047} INFO - Sync 1 DAGs
[2026-05-26T19:03:41.505+0000] {logging_mixin.py:188} INFO - [2026-05-26T19:03:41.505+0000] {dag.py:3834} INFO - Setting next_dagrun for tutorial to 2026-05-25 00:00:00+00:00, run_after=2026-05-26 00:00:00+00:00
[2026-05-26T19:03:41.524+0000] {processor.py:183} INFO - Processing /home/airflow/.local/lib/python3.8/site-packages/airflow/example_dags/tutorial.py took 0.067 seconds
[2026-05-26T19:04:11.967+0000] {processor.py:161} INFO - Started process (PID=6152) to work on /home/airflow/.local/lib/python3.8/site-packages/airflow/example_dags/tutorial.py
[2026-05-26T19:04:11.969+0000] {processor.py:830} INFO - Processing file /home/airflow/.local/lib/python3.8/site-packages/airflow/example_dags/tutorial.py for tasks to queue
[2026-05-26T19:04:11.971+0000] {logging_mixin.py:188} INFO - [2026-05-26T19:04:11.970+0000] {dagbag.py:540} INFO - Filling up the DagBag from /home/airflow/.local/lib/python3.8/site-packages/airflow/example_dags/tutorial.py
[2026-05-26T19:04:11.975+0000] {processor.py:840} INFO - DAG(s) 'tutorial' retrieved from /home/airflow/.local/lib/python3.8/site-packages/airflow/example_dags/tutorial.py
[2026-05-26T19:04:11.996+0000] {logging_mixin.py:188} INFO - [2026-05-26T19:04:11.996+0000] {dag.py:3047} INFO - Sync 1 DAGs
[2026-05-26T19:04:12.013+0000] {logging_mixin.py:188} INFO - [2026-05-26T19:04:12.013+0000] {dag.py:3834} INFO - Setting next_dagrun for tutorial to 2026-05-25 00:00:00+00:00, run_after=2026-05-26 00:00:00+00:00
[2026-05-26T19:04:12.030+0000] {processor.py:183} INFO - Processing /home/airflow/.local/lib/python3.8/site-packages/airflow/example_dags/tutorial.py took 0.066 seconds
[2026-05-26T19:04:42.398+0000] {processor.py:161} INFO - Started process (PID=6206) to work on /home/airflow/.local/lib/python3.8/site-packages/airflow/example_dags/tutorial.py
[2026-05-26T19:04:42.399+0000] {processor.py:830} INFO - Processing file /home/airflow/.local/lib/python3.8/site-packages/airflow/example_dags/tutorial.py for tasks to queue
[2026-05-26T19:04:42.401+0000] {logging_mixin.py:188} INFO - [2026-05-26T19:04:42.400+0000] {dagbag.py:540} INFO - Filling up the DagBag from /home/airflow/.local/lib/python3.8/site-packages/airflow/example_dags/tutorial.py
[2026-05-26T19:04:42.406+0000] {processor.py:840} INFO - DAG(s) 'tutorial' retrieved from /home/airflow/.local/lib/python3.8/site-packages/airflow/example_dags/tutorial.py
[2026-05-26T19:04:42.424+0000] {logging_mixin.py:188} INFO - [2026-05-26T19:04:42.424+0000] {dag.py:3047} INFO - Sync 1 DAGs
[2026-05-26T19:04:42.440+0000] {logging_mixin.py:188} INFO - [2026-05-26T19:04:42.440+0000] {dag.py:3834} INFO - Setting next_dagrun for tutorial to 2026-05-25 00:00:00+00:00, run_after=2026-05-26 00:00:00+00:00
[2026-05-26T19:04:42.460+0000] {processor.py:183} INFO - Processing /home/airflow/.local/lib/python3.8/site-packages/airflow/example_dags/tutorial.py took 0.064 seconds
[2026-05-26T19:05:12.867+0000] {processor.py:161} INFO - Started process (PID=6261) to work on /home/airflow/.local/lib/python3.8/site-packages/airflow/example_dags/tutorial.py
[2026-05-26T19:05:12.868+0000] {processor.py:830} INFO - Processing file /home/airflow/.local/lib/python3.8/site-packages/airflow/example_dags/tutorial.py for tasks to queue
[2026-05-26T19:05:12.870+0000] {logging_mixin.py:188} INFO - [2026-05-26T19:05:12.870+0000] {dagbag.py:540} INFO - Filling up the DagBag from /home/airflow/.local/lib/python3.8/site-packages/airflow/example_dags/tutorial.py
[2026-05-26T19:05:12.875+0000] {processor.py:840} INFO - DAG(s) 'tutorial' retrieved from /home/airflow/.local/lib/python3.8/site-packages/airflow/example_dags/tutorial.py
[2026-05-26T19:05:12.893+0000] {logging_mixin.py:188} INFO - [2026-05-26T19:05:12.892+0000] {dag.py:3047} INFO - Sync 1 DAGs
[2026-05-26T19:05:12.909+0000] {logging_mixin.py:188} INFO - [2026-05-26T19:05:12.909+0000] {dag.py:3834} INFO - Setting next_dagrun for tutorial to 2026-05-25 00:00:00+00:00, run_after=2026-05-26 00:00:00+00:00
[2026-05-26T19:05:12.929+0000] {processor.py:183} INFO - Processing /home/airflow/.local/lib/python3.8/site-packages/airflow/example_dags/tutorial.py took 0.065 seconds
[2026-05-26T19:05:43.199+0000] {processor.py:161} INFO - Started process (PID=6316) to work on /home/airflow/.local/lib/python3.8/site-packages/airflow/example_dags/tutorial.py
[2026-05-26T19:05:43.200+0000] {processor.py:830} INFO - Processing file /home/airflow/.local/lib/python3.8/site-packages/airflow/example_dags/tutorial.py for tasks to queue
[2026-05-26T19:05:43.201+0000] {logging_mixin.py:188} INFO - [2026-05-26T19:05:43.201+0000] {dagbag.py:540} INFO - Filling up the DagBag from /home/airflow/.local/lib/python3.8/site-packages/airflow/example_dags/tutorial.py
[2026-05-26T19:05:43.206+0000] {processor.py:840} INFO - DAG(s) 'tutorial' retrieved from /home/airflow/.local/lib/python3.8/site-packages/airflow/example_dags/tutorial.py
[2026-05-26T19:05:43.224+0000] {logging_mixin.py:188} INFO - [2026-05-26T19:05:43.224+0000] {dag.py:3047} INFO - Sync 1 DAGs
[2026-05-26T19:05:43.241+0000] {logging_mixin.py:188} INFO - [2026-05-26T19:05:43.241+0000] {dag.py:3834} INFO - Setting next_dagrun for tutorial to 2026-05-25 00:00:00+00:00, run_after=2026-05-26 00:00:00+00:00
[2026-05-26T19:05:43.270+0000] {processor.py:183} INFO - Processing /home/airflow/.local/lib/python3.8/site-packages/airflow/example_dags/tutorial.py took 0.076 seconds
[2026-05-26T19:06:13.685+0000] {processor.py:161} INFO - Started process (PID=6371) to work on /home/airflow/.local/lib/python3.8/site-packages/airflow/example_dags/tutorial.py
[2026-05-26T19:06:13.690+0000] {processor.py:830} INFO - Processing file /home/airflow/.local/lib/python3.8/site-packages/airflow/example_dags/tutorial.py for tasks to queue
[2026-05-26T19:06:13.695+0000] {logging_mixin.py:188} INFO - [2026-05-26T19:06:13.695+0000] {dagbag.py:540} INFO - Filling up the DagBag from /home/airflow/.local/lib/python3.8/site-packages/airflow/example_dags/tutorial.py
[2026-05-26T19:06:13.703+0000] {processor.py:840} INFO - DAG(s) 'tutorial' retrieved from /home/airflow/.local/lib/python3.8/site-packages/airflow/example_dags/tutorial.py
[2026-05-26T19:06:13.722+0000] {logging_mixin.py:188} INFO - [2026-05-26T19:06:13.722+0000] {dag.py:3047} INFO - Sync 1 DAGs
[2026-05-26T19:06:13.744+0000] {logging_mixin.py:188} INFO - [2026-05-26T19:06:13.743+0000] {dag.py:3834} INFO - Setting next_dagrun for tutorial to 2026-05-25 00:00:00+00:00, run_after=2026-05-26 00:00:00+00:00
[2026-05-26T19:06:13.764+0000] {processor.py:183} INFO - Processing /home/airflow/.local/lib/python3.8/site-packages/airflow/example_dags/tutorial.py took 0.082 seconds
[2026-05-26T19:06:44.250+0000] {processor.py:161} INFO - Started process (PID=6432) to work on /home/airflow/.local/lib/python3.8/site-packages/airflow/example_dags/tutorial.py
[2026-05-26T19:06:44.252+0000] {processor.py:830} INFO - Processing file /home/airflow/.local/lib/python3.8/site-packages/airflow/example_dags/tutorial.py for tasks to queue
[2026-05-26T19:06:44.254+0000] {logging_mixin.py:188} INFO - [2026-05-26T19:06:44.254+0000] {dagbag.py:540} INFO - Filling up the DagBag from /home/airflow/.local/lib/python3.8/site-packages/airflow/example_dags/tutorial.py
[2026-05-26T19:06:44.259+0000] {processor.py:840} INFO - DAG(s) 'tutorial' retrieved from /home/airflow/.local/lib/python3.8/site-packages/airflow/example_dags/tutorial.py
[2026-05-26T19:06:44.277+0000] {logging_mixin.py:188} INFO - [2026-05-26T19:06:44.277+0000] {dag.py:3047} INFO - Sync 1 DAGs
[2026-05-26T19:06:44.293+0000] {logging_mixin.py:188} INFO - [2026-05-26T19:06:44.293+0000] {dag.py:3834} INFO - Setting next_dagrun for tutorial to 2026-05-25 00:00:00+00:00, run_after=2026-05-26 00:00:00+00:00
[2026-05-26T19:06:44.311+0000] {processor.py:183} INFO - Processing /home/airflow/.local/lib/python3.8/site-packages/airflow/example_dags/tutorial.py took 0.064 seconds
[2026-05-26T19:07:14.674+0000] {processor.py:161} INFO - Started process (PID=6487) to work on /home/airflow/.local/lib/python3.8/site-packages/airflow/example_dags/tutorial.py
[2026-05-26T19:07:14.676+0000] {processor.py:830} INFO - Processing file /home/airflow/.local/lib/python3.8/site-packages/airflow/example_dags/tutorial.py for tasks to queue
[2026-05-26T19:07:14.679+0000] {logging_mixin.py:188} INFO - [2026-05-26T19:07:14.679+0000] {dagbag.py:540} INFO - Filling up the DagBag from /home/airflow/.local/lib/python3.8/site-packages/airflow/example_dags/tutorial.py
[2026-05-26T19:07:14.687+0000] {processor.py:840} INFO - DAG(s) 'tutorial' retrieved from /home/airflow/.local/lib/python3.8/site-packages/airflow/example_dags/tutorial.py
[2026-05-26T19:07:14.716+0000] {logging_mixin.py:188} INFO - [2026-05-26T19:07:14.716+0000] {dag.py:3047} INFO - Sync 1 DAGs
[2026-05-26T19:07:14.738+0000] {logging_mixin.py:188} INFO - [2026-05-26T19:07:14.738+0000] {dag.py:3834} INFO - Setting next_dagrun for tutorial to 2026-05-25 00:00:00+00:00, run_after=2026-05-26 00:00:00+00:00
[2026-05-26T19:07:14.761+0000] {processor.py:183} INFO - Processing /home/airflow/.local/lib/python3.8/site-packages/airflow/example_dags/tutorial.py took 0.090 seconds
[2026-05-26T19:07:45.295+0000] {processor.py:161} INFO - Started process (PID=6542) to work on /home/airflow/.local/lib/python3.8/site-packages/airflow/example_dags/tutorial.py
[2026-05-26T19:07:45.296+0000] {processor.py:830} INFO - Processing file /home/airflow/.local/lib/python3.8/site-packages/airflow/example_dags/tutorial.py for tasks to queue
[2026-05-26T19:07:45.298+0000] {logging_mixin.py:188} INFO - [2026-05-26T19:07:45.298+0000] {dagbag.py:540} INFO - Filling up the DagBag from /home/airflow/.local/lib/python3.8/site-packages/airflow/example_dags/tutorial.py
[2026-05-26T19:07:45.303+0000] {processor.py:840} INFO - DAG(s) 'tutorial' retrieved from /home/airflow/.local/lib/python3.8/site-packages/airflow/example_dags/tutorial.py
[2026-05-26T19:07:45.325+0000] {logging_mixin.py:188} INFO - [2026-05-26T19:07:45.325+0000] {dag.py:3047} INFO - Sync 1 DAGs
[2026-05-26T19:07:45.347+0000] {logging_mixin.py:188} INFO - [2026-05-26T19:07:45.347+0000] {dag.py:3834} INFO - Setting next_dagrun for tutorial to 2026-05-25 00:00:00+00:00, run_after=2026-05-26 00:00:00+00:00
[2026-05-26T19:07:45.371+0000] {processor.py:183} INFO - Processing /home/airflow/.local/lib/python3.8/site-packages/airflow/example_dags/tutorial.py took 0.080 seconds
[2026-05-26T19:08:15.914+0000] {processor.py:161} INFO - Started process (PID=6597) to work on /home/airflow/.local/lib/python3.8/site-packages/airflow/example_dags/tutorial.py
[2026-05-26T19:08:15.916+0000] {processor.py:830} INFO - Processing file /home/airflow/.local/lib/python3.8/site-packages/airflow/example_dags/tutorial.py for tasks to queue
[2026-05-26T19:08:15.918+0000] {logging_mixin.py:188} INFO - [2026-05-26T19:08:15.918+0000] {dagbag.py:540} INFO - Filling up the DagBag from /home/airflow/.local/lib/python3.8/site-packages/airflow/example_dags/tutorial.py
[2026-05-26T19:08:15.923+0000] {processor.py:840} INFO - DAG(s) 'tutorial' retrieved from /home/airflow/.local/lib/python3.8/site-packages/airflow/example_dags/tutorial.py
[2026-05-26T19:08:15.941+0000] {logging_mixin.py:188} INFO - [2026-05-26T19:08:15.941+0000] {dag.py:3047} INFO - Sync 1 DAGs
[2026-05-26T19:08:15.957+0000] {logging_mixin.py:188} INFO - [2026-05-26T19:08:15.957+0000] {dag.py:3834} INFO - Setting next_dagrun for tutorial to 2026-05-25 00:00:00+00:00, run_after=2026-05-26 00:00:00+00:00
[2026-05-26T19:08:15.979+0000] {processor.py:183} INFO - Processing /home/airflow/.local/lib/python3.8/site-packages/airflow/example_dags/tutorial.py took 0.067 seconds
[2026-05-26T19:08:46.428+0000] {processor.py:161} INFO - Started process (PID=6652) to work on /home/airflow/.local/lib/python3.8/site-packages/airflow/example_dags/tutorial.py
[2026-05-26T19:08:46.429+0000] {processor.py:830} INFO - Processing file /home/airflow/.local/lib/python3.8/site-packages/airflow/example_dags/tutorial.py for tasks to queue
[2026-05-26T19:08:46.431+0000] {logging_mixin.py:188} INFO - [2026-05-26T19:08:46.430+0000] {dagbag.py:540} INFO - Filling up the DagBag from /home/airflow/.local/lib/python3.8/site-packages/airflow/example_dags/tutorial.py
[2026-05-26T19:08:46.435+0000] {processor.py:840} INFO - DAG(s) 'tutorial' retrieved from /home/airflow/.local/lib/python3.8/site-packages/airflow/example_dags/tutorial.py
[2026-05-26T19:08:46.453+0000] {logging_mixin.py:188} INFO - [2026-05-26T19:08:46.453+0000] {dag.py:3047} INFO - Sync 1 DAGs
[2026-05-26T19:08:46.470+0000] {logging_mixin.py:188} INFO - [2026-05-26T19:08:46.470+0000] {dag.py:3834} INFO - Setting next_dagrun for tutorial to 2026-05-25 00:00:00+00:00, run_after=2026-05-26 00:00:00+00:00
[2026-05-26T19:08:46.489+0000] {processor.py:183} INFO - Processing /home/airflow/.local/lib/python3.8/site-packages/airflow/example_dags/tutorial.py took 0.064 seconds
[2026-05-26T19:09:16.785+0000] {processor.py:161} INFO - Started process (PID=6707) to work on /home/airflow/.local/lib/python3.8/site-packages/airflow/example_dags/tutorial.py
[2026-05-26T19:09:16.786+0000] {processor.py:830} INFO - Processing file /home/airflow/.local/lib/python3.8/site-packages/airflow/example_dags/tutorial.py for tasks to queue
[2026-05-26T19:09:16.787+0000] {logging_mixin.py:188} INFO - [2026-05-26T19:09:16.787+0000] {dagbag.py:540} INFO - Filling up the DagBag from /home/airflow/.local/lib/python3.8/site-packages/airflow/example_dags/tutorial.py
[2026-05-26T19:09:16.792+0000] {processor.py:840} INFO - DAG(s) 'tutorial' retrieved from /home/airflow/.local/lib/python3.8/site-packages/airflow/example_dags/tutorial.py
[2026-05-26T19:09:16.810+0000] {logging_mixin.py:188} INFO - [2026-05-26T19:09:16.810+0000] {dag.py:3047} INFO - Sync 1 DAGs
[2026-05-26T19:09:16.828+0000] {logging_mixin.py:188} INFO - [2026-05-26T19:09:16.828+0000] {dag.py:3834} INFO - Setting next_dagrun for tutorial to 2026-05-25 00:00:00+00:00, run_after=2026-05-26 00:00:00+00:00
[2026-05-26T19:09:16.845+0000] {processor.py:183} INFO - Processing /home/airflow/.local/lib/python3.8/site-packages/airflow/example_dags/tutorial.py took 0.063 seconds
[2026-05-26T19:09:47.078+0000] {processor.py:161} INFO - Started process (PID=6762) to work on /home/airflow/.local/lib/python3.8/site-packages/airflow/example_dags/tutorial.py
[2026-05-26T19:09:47.079+0000] {processor.py:830} INFO - Processing file /home/airflow/.local/lib/python3.8/site-packages/airflow/example_dags/tutorial.py for tasks to queue
[2026-05-26T19:09:47.082+0000] {logging_mixin.py:188} INFO - [2026-05-26T19:09:47.081+0000] {dagbag.py:540} INFO - Filling up the DagBag from /home/airflow/.local/lib/python3.8/site-packages/airflow/example_dags/tutorial.py
[2026-05-26T19:09:47.086+0000] {processor.py:840} INFO - DAG(s) 'tutorial' retrieved from /home/airflow/.local/lib/python3.8/site-packages/airflow/example_dags/tutorial.py
[2026-05-26T19:09:47.104+0000] {logging_mixin.py:188} INFO - [2026-05-26T19:09:47.104+0000] {dag.py:3047} INFO - Sync 1 DAGs
[2026-05-26T19:09:47.122+0000] {logging_mixin.py:188} INFO - [2026-05-26T19:09:47.122+0000] {dag.py:3834} INFO - Setting next_dagrun for tutorial to 2026-05-25 00:00:00+00:00, run_after=2026-05-26 00:00:00+00:00
[2026-05-26T19:09:47.140+0000] {processor.py:183} INFO - Processing /home/airflow/.local/lib/python3.8/site-packages/airflow/example_dags/tutorial.py took 0.064 seconds
[2026-05-26T19:10:17.434+0000] {processor.py:161} INFO - Started process (PID=6817) to work on /home/airflow/.local/lib/python3.8/site-packages/airflow/example_dags/tutorial.py
[2026-05-26T19:10:17.435+0000] {processor.py:830} INFO - Processing file /home/airflow/.local/lib/python3.8/site-packages/airflow/example_dags/tutorial.py for tasks to queue
[2026-05-26T19:10:17.437+0000] {logging_mixin.py:188} INFO - [2026-05-26T19:10:17.437+0000] {dagbag.py:540} INFO - Filling up the DagBag from /home/airflow/.local/lib/python3.8/site-packages/airflow/example_dags/tutorial.py
[2026-05-26T19:10:17.443+0000] {processor.py:840} INFO - DAG(s) 'tutorial' retrieved from /home/airflow/.local/lib/python3.8/site-packages/airflow/example_dags/tutorial.py
[2026-05-26T19:10:17.462+0000] {logging_mixin.py:188} INFO - [2026-05-26T19:10:17.462+0000] {dag.py:3047} INFO - Sync 1 DAGs
[2026-05-26T19:10:17.478+0000] {logging_mixin.py:188} INFO - [2026-05-26T19:10:17.478+0000] {dag.py:3834} INFO - Setting next_dagrun for tutorial to 2026-05-25 00:00:00+00:00, run_after=2026-05-26 00:00:00+00:00
[2026-05-26T19:10:17.498+0000] {processor.py:183} INFO - Processing /home/airflow/.local/lib/python3.8/site-packages/airflow/example_dags/tutorial.py took 0.067 seconds
[2026-05-26T19:10:47.951+0000] {processor.py:161} INFO - Started process (PID=6872) to work on /home/airflow/.local/lib/python3.8/site-packages/airflow/example_dags/tutorial.py
[2026-05-26T19:10:47.952+0000] {processor.py:830} INFO - Processing file /home/airflow/.local/lib/python3.8/site-packages/airflow/example_dags/tutorial.py for tasks to queue
[2026-05-26T19:10:47.954+0000] {logging_mixin.py:188} INFO - [2026-05-26T19:10:47.954+0000] {dagbag.py:540} INFO - Filling up the DagBag from /home/airflow/.local/lib/python3.8/site-packages/airflow/example_dags/tutorial.py
[2026-05-26T19:10:47.959+0000] {processor.py:840} INFO - DAG(s) 'tutorial' retrieved from /home/airflow/.local/lib/python3.8/site-packages/airflow/example_dags/tutorial.py
[2026-05-26T19:10:47.977+0000] {logging_mixin.py:188} INFO - [2026-05-26T19:10:47.977+0000] {dag.py:3047} INFO - Sync 1 DAGs
[2026-05-26T19:10:47.994+0000] {logging_mixin.py:188} INFO - [2026-05-26T19:10:47.994+0000] {dag.py:3834} INFO - Setting next_dagrun for tutorial to 2026-05-25 00:00:00+00:00, run_after=2026-05-26 00:00:00+00:00
[2026-05-26T19:10:48.014+0000] {processor.py:183} INFO - Processing /home/airflow/.local/lib/python3.8/site-packages/airflow/example_dags/tutorial.py took 0.066 seconds
[2026-05-26T19:11:18.408+0000] {processor.py:161} INFO - Started process (PID=6927) to work on /home/airflow/.local/lib/python3.8/site-packages/airflow/example_dags/tutorial.py
[2026-05-26T19:11:18.409+0000] {processor.py:830} INFO - Processing file /home/airflow/.local/lib/python3.8/site-packages/airflow/example_dags/tutorial.py for tasks to queue
[2026-05-26T19:11:18.412+0000] {logging_mixin.py:188} INFO - [2026-05-26T19:11:18.412+0000] {dagbag.py:540} INFO - Filling up the DagBag from /home/airflow/.local/lib/python3.8/site-packages/airflow/example_dags/tutorial.py
[2026-05-26T19:11:18.417+0000] {processor.py:840} INFO - DAG(s) 'tutorial' retrieved from /home/airflow/.local/lib/python3.8/site-packages/airflow/example_dags/tutorial.py
[2026-05-26T19:11:18.437+0000] {logging_mixin.py:188} INFO - [2026-05-26T19:11:18.437+0000] {dag.py:3047} INFO - Sync 1 DAGs
[2026-05-26T19:11:18.458+0000] {logging_mixin.py:188} INFO - [2026-05-26T19:11:18.457+0000] {dag.py:3834} INFO - Setting next_dagrun for tutorial to 2026-05-25 00:00:00+00:00, run_after=2026-05-26 00:00:00+00:00
[2026-05-26T19:11:18.478+0000] {processor.py:183} INFO - Processing /home/airflow/.local/lib/python3.8/site-packages/airflow/example_dags/tutorial.py took 0.073 seconds
[2026-05-26T19:11:48.914+0000] {processor.py:161} INFO - Started process (PID=6982) to work on /home/airflow/.local/lib/python3.8/site-packages/airflow/example_dags/tutorial.py
[2026-05-26T19:11:48.915+0000] {processor.py:830} INFO - Processing file /home/airflow/.local/lib/python3.8/site-packages/airflow/example_dags/tutorial.py for tasks to queue
[2026-05-26T19:11:48.917+0000] {logging_mixin.py:188} INFO - [2026-05-26T19:11:48.917+0000] {dagbag.py:540} INFO - Filling up the DagBag from /home/airflow/.local/lib/python3.8/site-packages/airflow/example_dags/tutorial.py
[2026-05-26T19:11:48.923+0000] {processor.py:840} INFO - DAG(s) 'tutorial' retrieved from /home/airflow/.local/lib/python3.8/site-packages/airflow/example_dags/tutorial.py
[2026-05-26T19:11:48.952+0000] {logging_mixin.py:188} INFO - [2026-05-26T19:11:48.951+0000] {dag.py:3047} INFO - Sync 1 DAGs
[2026-05-26T19:11:48.980+0000] {logging_mixin.py:188} INFO - [2026-05-26T19:11:48.979+0000] {dag.py:3834} INFO - Setting next_dagrun for tutorial to 2026-05-25 00:00:00+00:00, run_after=2026-05-26 00:00:00+00:00
[2026-05-26T19:11:49.004+0000] {processor.py:183} INFO - Processing /home/airflow/.local/lib/python3.8/site-packages/airflow/example_dags/tutorial.py took 0.092 seconds
[2026-05-26T19:12:19.352+0000] {processor.py:161} INFO - Started process (PID=7037) to work on /home/airflow/.local/lib/python3.8/site-packages/airflow/example_dags/tutorial.py
[2026-05-26T19:12:19.353+0000] {processor.py:830} INFO - Processing file /home/airflow/.local/lib/python3.8/site-packages/airflow/example_dags/tutorial.py for tasks to queue
[2026-05-26T19:12:19.356+0000] {logging_mixin.py:188} INFO - [2026-05-26T19:12:19.356+0000] {dagbag.py:540} INFO - Filling up the DagBag from /home/airflow/.local/lib/python3.8/site-packages/airflow/example_dags/tutorial.py
[2026-05-26T19:12:19.361+0000] {processor.py:840} INFO - DAG(s) 'tutorial' retrieved from /home/airflow/.local/lib/python3.8/site-packages/airflow/example_dags/tutorial.py
[2026-05-26T19:12:19.380+0000] {logging_mixin.py:188} INFO - [2026-05-26T19:12:19.380+0000] {dag.py:3047} INFO - Sync 1 DAGs
[2026-05-26T19:12:19.397+0000] {logging_mixin.py:188} INFO - [2026-05-26T19:12:19.396+0000] {dag.py:3834} INFO - Setting next_dagrun for tutorial to 2026-05-25 00:00:00+00:00, run_after=2026-05-26 00:00:00+00:00
[2026-05-26T19:12:19.415+0000] {processor.py:183} INFO - Processing /home/airflow/.local/lib/python3.8/site-packages/airflow/example_dags/tutorial.py took 0.066 seconds
[2026-05-26T19:12:49.617+0000] {processor.py:161} INFO - Started process (PID=7092) to work on /home/airflow/.local/lib/python3.8/site-packages/airflow/example_dags/tutorial.py
[2026-05-26T19:12:49.618+0000] {processor.py:830} INFO - Processing file /home/airflow/.local/lib/python3.8/site-packages/airflow/example_dags/tutorial.py for tasks to queue
[2026-05-26T19:12:49.620+0000] {logging_mixin.py:188} INFO - [2026-05-26T19:12:49.620+0000] {dagbag.py:540} INFO - Filling up the DagBag from /home/airflow/.local/lib/python3.8/site-packages/airflow/example_dags/tutorial.py
[2026-05-26T19:12:49.625+0000] {processor.py:840} INFO - DAG(s) 'tutorial' retrieved from /home/airflow/.local/lib/python3.8/site-packages/airflow/example_dags/tutorial.py
[2026-05-26T19:12:49.644+0000] {logging_mixin.py:188} INFO - [2026-05-26T19:12:49.644+0000] {dag.py:3047} INFO - Sync 1 DAGs
[2026-05-26T19:12:49.661+0000] {logging_mixin.py:188} INFO - [2026-05-26T19:12:49.661+0000] {dag.py:3834} INFO - Setting next_dagrun for tutorial to 2026-05-25 00:00:00+00:00, run_after=2026-05-26 00:00:00+00:00
[2026-05-26T19:12:49.680+0000] {processor.py:183} INFO - Processing /home/airflow/.local/lib/python3.8/site-packages/airflow/example_dags/tutorial.py took 0.066 seconds
[2026-05-26T19:13:20.176+0000] {processor.py:161} INFO - Started process (PID=7147) to work on /home/airflow/.local/lib/python3.8/site-packages/airflow/example_dags/tutorial.py
[2026-05-26T19:13:20.178+0000] {processor.py:830} INFO - Processing file /home/airflow/.local/lib/python3.8/site-packages/airflow/example_dags/tutorial.py for tasks to queue
[2026-05-26T19:13:20.179+0000] {logging_mixin.py:188} INFO - [2026-05-26T19:13:20.179+0000] {dagbag.py:540} INFO - Filling up the DagBag from /home/airflow/.local/lib/python3.8/site-packages/airflow/example_dags/tutorial.py
[2026-05-26T19:13:20.184+0000] {processor.py:840} INFO - DAG(s) 'tutorial' retrieved from /home/airflow/.local/lib/python3.8/site-packages/airflow/example_dags/tutorial.py
[2026-05-26T19:13:20.203+0000] {logging_mixin.py:188} INFO - [2026-05-26T19:13:20.203+0000] {dag.py:3047} INFO - Sync 1 DAGs
[2026-05-26T19:13:20.219+0000] {logging_mixin.py:188} INFO - [2026-05-26T19:13:20.219+0000] {dag.py:3834} INFO - Setting next_dagrun for tutorial to 2026-05-25 00:00:00+00:00, run_after=2026-05-26 00:00:00+00:00
[2026-05-26T19:13:20.238+0000] {processor.py:183} INFO - Processing /home/airflow/.local/lib/python3.8/site-packages/airflow/example_dags/tutorial.py took 0.064 seconds
[2026-05-26T19:13:50.747+0000] {processor.py:161} INFO - Started process (PID=7202) to work on /home/airflow/.local/lib/python3.8/site-packages/airflow/example_dags/tutorial.py
[2026-05-26T19:13:50.749+0000] {processor.py:830} INFO - Processing file /home/airflow/.local/lib/python3.8/site-packages/airflow/example_dags/tutorial.py for tasks to queue
[2026-05-26T19:13:50.751+0000] {logging_mixin.py:188} INFO - [2026-05-26T19:13:50.751+0000] {dagbag.py:540} INFO - Filling up the DagBag from /home/airflow/.local/lib/python3.8/site-packages/airflow/example_dags/tutorial.py
[2026-05-26T19:13:50.759+0000] {processor.py:840} INFO - DAG(s) 'tutorial' retrieved from /home/airflow/.local/lib/python3.8/site-packages/airflow/example_dags/tutorial.py
[2026-05-26T19:13:50.785+0000] {logging_mixin.py:188} INFO - [2026-05-26T19:13:50.784+0000] {dag.py:3047} INFO - Sync 1 DAGs
[2026-05-26T19:13:50.814+0000] {logging_mixin.py:188} INFO - [2026-05-26T19:13:50.814+0000] {dag.py:3834} INFO - Setting next_dagrun for tutorial to 2026-05-25 00:00:00+00:00, run_after=2026-05-26 00:00:00+00:00
[2026-05-26T19:13:50.842+0000] {processor.py:183} INFO - Processing /home/airflow/.local/lib/python3.8/site-packages/airflow/example_dags/tutorial.py took 0.099 seconds
[2026-05-26T19:14:21.623+0000] {processor.py:161} INFO - Started process (PID=7257) to work on /home/airflow/.local/lib/python3.8/site-packages/airflow/example_dags/tutorial.py
[2026-05-26T19:14:21.625+0000] {processor.py:830} INFO - Processing file /home/airflow/.local/lib/python3.8/site-packages/airflow/example_dags/tutorial.py for tasks to queue
[2026-05-26T19:14:21.628+0000] {logging_mixin.py:188} INFO - [2026-05-26T19:14:21.628+0000] {dagbag.py:540} INFO - Filling up the DagBag from /home/airflow/.local/lib/python3.8/site-packages/airflow/example_dags/tutorial.py
[2026-05-26T19:14:21.637+0000] {processor.py:840} INFO - DAG(s) 'tutorial' retrieved from /home/airflow/.local/lib/python3.8/site-packages/airflow/example_dags/tutorial.py
[2026-05-26T19:14:21.668+0000] {logging_mixin.py:188} INFO - [2026-05-26T19:14:21.667+0000] {dag.py:3047} INFO - Sync 1 DAGs
[2026-05-26T19:14:21.693+0000] {logging_mixin.py:188} INFO - [2026-05-26T19:14:21.693+0000] {dag.py:3834} INFO - Setting next_dagrun for tutorial to 2026-05-25 00:00:00+00:00, run_after=2026-05-26 00:00:00+00:00
[2026-05-26T19:14:21.719+0000] {processor.py:183} INFO - Processing /home/airflow/.local/lib/python3.8/site-packages/airflow/example_dags/tutorial.py took 0.102 seconds
[2026-05-26T19:14:52.499+0000] {processor.py:161} INFO - Started process (PID=7312) to work on /home/airflow/.local/lib/python3.8/site-packages/airflow/example_dags/tutorial.py
[2026-05-26T19:14:52.501+0000] {processor.py:830} INFO - Processing file /home/airflow/.local/lib/python3.8/site-packages/airflow/example_dags/tutorial.py for tasks to queue
[2026-05-26T19:14:52.503+0000] {logging_mixin.py:188} INFO - [2026-05-26T19:14:52.503+0000] {dagbag.py:540} INFO - Filling up the DagBag from /home/airflow/.local/lib/python3.8/site-packages/airflow/example_dags/tutorial.py
[2026-05-26T19:14:52.508+0000] {processor.py:840} INFO - DAG(s) 'tutorial' retrieved from /home/airflow/.local/lib/python3.8/site-packages/airflow/example_dags/tutorial.py
[2026-05-26T19:14:52.529+0000] {logging_mixin.py:188} INFO - [2026-05-26T19:14:52.529+0000] {dag.py:3047} INFO - Sync 1 DAGs
[2026-05-26T19:14:52.549+0000] {logging_mixin.py:188} INFO - [2026-05-26T19:14:52.549+0000] {dag.py:3834} INFO - Setting next_dagrun for tutorial to 2026-05-25 00:00:00+00:00, run_after=2026-05-26 00:00:00+00:00
[2026-05-26T19:14:52.569+0000] {processor.py:183} INFO - Processing /home/airflow/.local/lib/python3.8/site-packages/airflow/example_dags/tutorial.py took 0.072 seconds
[2026-05-26T19:15:23.013+0000] {processor.py:161} INFO - Started process (PID=7367) to work on /home/airflow/.local/lib/python3.8/site-packages/airflow/example_dags/tutorial.py
[2026-05-26T19:15:23.014+0000] {processor.py:830} INFO - Processing file /home/airflow/.local/lib/python3.8/site-packages/airflow/example_dags/tutorial.py for tasks to queue
[2026-05-26T19:15:23.016+0000] {logging_mixin.py:188} INFO - [2026-05-26T19:15:23.016+0000] {dagbag.py:540} INFO - Filling up the DagBag from /home/airflow/.local/lib/python3.8/site-packages/airflow/example_dags/tutorial.py
[2026-05-26T19:15:23.021+0000] {processor.py:840} INFO - DAG(s) 'tutorial' retrieved from /home/airflow/.local/lib/python3.8/site-packages/airflow/example_dags/tutorial.py
[2026-05-26T19:15:23.039+0000] {logging_mixin.py:188} INFO - [2026-05-26T19:15:23.039+0000] {dag.py:3047} INFO - Sync 1 DAGs
[2026-05-26T19:15:23.058+0000] {logging_mixin.py:188} INFO - [2026-05-26T19:15:23.057+0000] {dag.py:3834} INFO - Setting next_dagrun for tutorial to 2026-05-25 00:00:00+00:00, run_after=2026-05-26 00:00:00+00:00
[2026-05-26T19:15:23.076+0000] {processor.py:183} INFO - Processing /home/airflow/.local/lib/python3.8/site-packages/airflow/example_dags/tutorial.py took 0.067 seconds
[2026-05-26T19:15:53.377+0000] {processor.py:161} INFO - Started process (PID=7422) to work on /home/airflow/.local/lib/python3.8/site-packages/airflow/example_dags/tutorial.py
[2026-05-26T19:15:53.378+0000] {processor.py:830} INFO - Processing file /home/airflow/.local/lib/python3.8/site-packages/airflow/example_dags/tutorial.py for tasks to queue
[2026-05-26T19:15:53.380+0000] {logging_mixin.py:188} INFO - [2026-05-26T19:15:53.380+0000] {dagbag.py:540} INFO - Filling up the DagBag from /home/airflow/.local/lib/python3.8/site-packages/airflow/example_dags/tutorial.py
[2026-05-26T19:15:53.388+0000] {processor.py:840} INFO - DAG(s) 'tutorial' retrieved from /home/airflow/.local/lib/python3.8/site-packages/airflow/example_dags/tutorial.py
[2026-05-26T19:15:53.405+0000] {logging_mixin.py:188} INFO - [2026-05-26T19:15:53.405+0000] {dag.py:3047} INFO - Sync 1 DAGs
[2026-05-26T19:15:53.424+0000] {logging_mixin.py:188} INFO - [2026-05-26T19:15:53.424+0000] {dag.py:3834} INFO - Setting next_dagrun for tutorial to 2026-05-25 00:00:00+00:00, run_after=2026-05-26 00:00:00+00:00
[2026-05-26T19:15:53.441+0000] {processor.py:183} INFO - Processing /home/airflow/.local/lib/python3.8/site-packages/airflow/example_dags/tutorial.py took 0.067 seconds
[2026-05-26T19:16:23.648+0000] {processor.py:161} INFO - Started process (PID=7477) to work on /home/airflow/.local/lib/python3.8/site-packages/airflow/example_dags/tutorial.py
[2026-05-26T19:16:23.650+0000] {processor.py:830} INFO - Processing file /home/airflow/.local/lib/python3.8/site-packages/airflow/example_dags/tutorial.py for tasks to queue
[2026-05-26T19:16:23.653+0000] {logging_mixin.py:188} INFO - [2026-05-26T19:16:23.652+0000] {dagbag.py:540} INFO - Filling up the DagBag from /home/airflow/.local/lib/python3.8/site-packages/airflow/example_dags/tutorial.py
[2026-05-26T19:16:23.657+0000] {processor.py:840} INFO - DAG(s) 'tutorial' retrieved from /home/airflow/.local/lib/python3.8/site-packages/airflow/example_dags/tutorial.py
[2026-05-26T19:16:23.676+0000] {logging_mixin.py:188} INFO - [2026-05-26T19:16:23.676+0000] {dag.py:3047} INFO - Sync 1 DAGs
[2026-05-26T19:16:23.693+0000] {logging_mixin.py:188} INFO - [2026-05-26T19:16:23.693+0000] {dag.py:3834} INFO - Setting next_dagrun for tutorial to 2026-05-25 00:00:00+00:00, run_after=2026-05-26 00:00:00+00:00
[2026-05-26T19:16:23.709+0000] {processor.py:183} INFO - Processing /home/airflow/.local/lib/python3.8/site-packages/airflow/example_dags/tutorial.py took 0.063 seconds
[2026-05-26T19:16:54.197+0000] {processor.py:161} INFO - Started process (PID=7532) to work on /home/airflow/.local/lib/python3.8/site-packages/airflow/example_dags/tutorial.py
[2026-05-26T19:16:54.198+0000] {processor.py:830} INFO - Processing file /home/airflow/.local/lib/python3.8/site-packages/airflow/example_dags/tutorial.py for tasks to queue
[2026-05-26T19:16:54.200+0000] {logging_mixin.py:188} INFO - [2026-05-26T19:16:54.200+0000] {dagbag.py:540} INFO - Filling up the DagBag from /home/airflow/.local/lib/python3.8/site-packages/airflow/example_dags/tutorial.py
[2026-05-26T19:16:54.205+0000] {processor.py:840} INFO - DAG(s) 'tutorial' retrieved from /home/airflow/.local/lib/python3.8/site-packages/airflow/example_dags/tutorial.py
[2026-05-26T19:16:54.222+0000] {logging_mixin.py:188} INFO - [2026-05-26T19:16:54.222+0000] {dag.py:3047} INFO - Sync 1 DAGs
[2026-05-26T19:16:54.239+0000] {logging_mixin.py:188} INFO - [2026-05-26T19:16:54.239+0000] {dag.py:3834} INFO - Setting next_dagrun for tutorial to 2026-05-25 00:00:00+00:00, run_after=2026-05-26 00:00:00+00:00
[2026-05-26T19:16:54.258+0000] {processor.py:183} INFO - Processing /home/airflow/.local/lib/python3.8/site-packages/airflow/example_dags/tutorial.py took 0.063 seconds
[2026-05-26T19:17:24.638+0000] {processor.py:161} INFO - Started process (PID=7587) to work on /home/airflow/.local/lib/python3.8/site-packages/airflow/example_dags/tutorial.py
[2026-05-26T19:17:24.639+0000] {processor.py:830} INFO - Processing file /home/airflow/.local/lib/python3.8/site-packages/airflow/example_dags/tutorial.py for tasks to queue
[2026-05-26T19:17:24.641+0000] {logging_mixin.py:188} INFO - [2026-05-26T19:17:24.641+0000] {dagbag.py:540} INFO - Filling up the DagBag from /home/airflow/.local/lib/python3.8/site-packages/airflow/example_dags/tutorial.py
[2026-05-26T19:17:24.646+0000] {processor.py:840} INFO - DAG(s) 'tutorial' retrieved from /home/airflow/.local/lib/python3.8/site-packages/airflow/example_dags/tutorial.py
[2026-05-26T19:17:24.664+0000] {logging_mixin.py:188} INFO - [2026-05-26T19:17:24.664+0000] {dag.py:3047} INFO - Sync 1 DAGs
[2026-05-26T19:17:24.682+0000] {logging_mixin.py:188} INFO - [2026-05-26T19:17:24.682+0000] {dag.py:3834} INFO - Setting next_dagrun for tutorial to 2026-05-25 00:00:00+00:00, run_after=2026-05-26 00:00:00+00:00
[2026-05-26T19:17:24.700+0000] {processor.py:183} INFO - Processing /home/airflow/.local/lib/python3.8/site-packages/airflow/example_dags/tutorial.py took 0.065 seconds
[2026-05-26T19:17:54.994+0000] {processor.py:161} INFO - Started process (PID=7642) to work on /home/airflow/.local/lib/python3.8/site-packages/airflow/example_dags/tutorial.py
[2026-05-26T19:17:54.996+0000] {processor.py:830} INFO - Processing file /home/airflow/.local/lib/python3.8/site-packages/airflow/example_dags/tutorial.py for tasks to queue
[2026-05-26T19:17:54.998+0000] {logging_mixin.py:188} INFO - [2026-05-26T19:17:54.998+0000] {dagbag.py:540} INFO - Filling up the DagBag from /home/airflow/.local/lib/python3.8/site-packages/airflow/example_dags/tutorial.py
[2026-05-26T19:17:55.004+0000] {processor.py:840} INFO - DAG(s) 'tutorial' retrieved from /home/airflow/.local/lib/python3.8/site-packages/airflow/example_dags/tutorial.py
[2026-05-26T19:17:55.030+0000] {logging_mixin.py:188} INFO - [2026-05-26T19:17:55.030+0000] {dag.py:3047} INFO - Sync 1 DAGs
[2026-05-26T19:17:55.054+0000] {logging_mixin.py:188} INFO - [2026-05-26T19:17:55.053+0000] {dag.py:3834} INFO - Setting next_dagrun for tutorial to 2026-05-25 00:00:00+00:00, run_after=2026-05-26 00:00:00+00:00
[2026-05-26T19:17:55.216+0000] {processor.py:183} INFO - Processing /home/airflow/.local/lib/python3.8/site-packages/airflow/example_dags/tutorial.py took 0.226 seconds
